# SPACE DATA - HISTORICAL TLEs
# ----------------------------
# NORAD_ID    : 39132
# OBJECT_NAME : DOVE 2
# --------------------------------------------------------------------+-----------------------------------------------------------------------+----------------------------------------------------------------------------------------------------------------------------------------
#                  LINE 1                                             |                 LINE 2                                                |      DERIVED PARAMETERS
# --------------------------------------------------------------------+-----------------------------------------------------------------------+----------------------------------------------------------------------------------------------------------------------------------------
# NORAD  COSPAR     TLE_EPOCH      MEANMOT1 MEANMOT2   BSTAR  #  REV  |   NORAD    INC     RAAN     ECC    ARGPER  MEANANOM   MEANMOT     REV |  CAL_DATE              LONG     ARGLAT     PERIOD        SMA         PERIGEE        APOGEE      INC_X      INC_Y      ECC_X      ECC_Y
# ------ ------   -------------- ----------  -------  ------- -- ----     -----  ------- -------- ------- -------- -------- -----------  ----   ------------------- ---------  --------  --------  ------------  ------------   ----------- ---------- ----------  ---------  ---------   
1 41577U 98067KB  16155.13768394  .00009688  00000-0  14646-3 0  9998 | 2 41577  51.6423 128.1069 0004443 135.3387 288.8762 15.55410405    00 | 2016/06/03-03:18:15  109.2610   64.1667  288.8280   92.5801     6779.0969     6776.0849     6782.1088 -31.870046  40.635297  -0.000051  -0.000441
1 41577U 98067KB  16156.17769510  .00020905  00000-0  30673-3 0  9997 | 2 41577  51.6419 122.9135 0004791 142.1277 349.6320 15.55471478   172 | 2016/06/04-04:15:52   62.3387  131.7498  349.6221   92.5764     6778.9194     6775.6717     6782.1672 -28.060776  43.352955  -0.000041  -0.000477
1 41577U 98067KB  16157.20519299  .00022753  00000-0  33254-3 0  9990 | 2 41577  51.6420 117.7828 0004619 143.1658 346.1920 15.55522801   331 | 2016/06/05-04:55:28   80.7833  129.3452  346.1794   92.5734     6778.7703     6775.6392     6781.9015 -24.071424  45.688759  -0.000073  -0.000456
1 41577U 98067KB  16158.48625178  .00024648  00000-0  35865-3 0  9990 | 2 41577  51.6418 111.3799 0004507 145.0742 323.0121 15.55593005   539 | 2016/06/06-11:40:12  210.9016  108.0552  322.9810   92.5692     6778.5664     6775.5113     6781.6215 -18.826025  48.088006  -0.000106  -0.000438
1 41577U 98067KB  16159.88593690  .00031450  00000-0  45321-3 0  9995 | 2 41577  51.6426 104.3901 0005828 160.6950 231.5042 15.55711302   757 | 2016/06/07-21:15:44   79.0447   32.1470  231.4520   92.5622     6778.2228     6774.2724     6782.1731 -12.834349  50.022371  -0.000050  -0.000581
1 41577U 98067KB  16161.05237250  .00020760  00000-0  30138-3 0  9996 | 2 41577  51.6437  98.5590 0004615 158.6970 290.7109 15.55767896   939 | 2016/06/09-01:15:24   88.7336   89.3584  290.6614   92.5588     6778.0584     6774.9303     6781.1864  -7.686016  51.068551  -0.000102  -0.000450
1 41577U 98067KB  16162.84199115  .00026472  00000-0  38038-3 0  9994 | 2 41577  51.6444  89.6181 0007821 182.7574 216.9042 15.55870941  1218 | 2016/06/10-20:12:28   73.4475   39.6078  216.8504   92.5527     6777.7591     6772.4582     6783.0600   0.344229  51.643253   0.000032  -0.000781
1 41577U 98067KB  16165.35715431  .00019149  00000-0  27701-3 0  9996 | 2 41577  51.6442  77.0466 0003772 181.9663 274.6493 15.55926469  1605 | 2016/06/13-08:34:18  217.0028   96.5725  274.6062   92.5494     6777.5978     6775.0413     6780.1543  11.576487  50.329995  -0.000072  -0.000370
1 41577U 98067KB  16167.02755373  .00020109  00000-0  28976-3 0  9994 | 2 41577  51.6448  68.6953 0003378 187.2963 272.2314 15.55998575  1863 | 2016/06/15-00:39:40  105.4322   99.4890  272.1927   92.5451     6777.3884     6775.0990     6779.6778  18.763984  48.115468  -0.000082  -0.000328
1 41577U 98067KB  16168.24472520  .00017848  00000-0  25765-3 0  9998 | 2 41577  51.6440  62.6061 0004492 185.8060 256.4197 15.56035020  2052 | 2016/06/16-05:52:24  208.2048   82.1757  256.3697   92.5429     6777.2826     6774.2383     6780.3270  23.761676  45.852868  -0.000165  -0.000418
1 41577U 98067KB  16169.27417050  .00015406  00000-0  22323-3 0  9994 | 2 41577  51.6442  57.4631 0005292 187.5913 265.0953 15.56053981  2214 | 2016/06/17-06:34:48  214.5019   92.6262  265.0349   92.5418     6777.2276     6773.6411     6780.8141  27.776454  43.538397  -0.000223  -0.000480
1 41577U 98067KB  16170.68825568  .00013892  00000-0  20179-3 0  9992 | 2 41577  51.6428  50.3925 0003668 186.7069 272.7026 15.56088937  2433 | 2016/06/18-16:31:05    5.3140   99.3675  272.6606   92.5397     6777.1261     6774.6402     6779.6119  32.923568  39.787152  -0.000199  -0.000308
1 41577U 98067KB  16171.84038392  .00009016  00000-0  13346-3 0  9993 | 2 41577  51.6400  44.6424 0005991 203.9109 233.7733 15.56085667  2610 | 2016/06/19-20:10:09   88.6912   77.6288  233.7179   92.5399     6777.1356     6773.0754     6781.1957  36.742182  36.286384  -0.000219  -0.000558
1 41577U 98067KB  16173.19088172  .00018472  00000-0  26484-3 0  9997 | 2 41577  51.6444  37.8830 0003343 202.8595 245.9304 15.56196399  2826 | 2016/06/21-04:34:52  211.8552   88.7549  245.8954   92.5333     6776.8141     6774.5486     6779.0796  40.761185  31.712298  -0.000163  -0.000292
1 41577U 98067KB  16174.60533006  .00009964  00000-0  14617-3 0  9996 | 2 41577  51.6430  30.8146 0004263 219.7979 238.3065 15.56199347  3040 | 2016/06/22-14:31:40    0.2047   98.0628  238.2649   92.5331     6776.8055     6773.9166     6779.6945  44.352526  26.454732  -0.000142  -0.000402
1 41577U 98067KB  16175.67950241  .00018805  00000-0  26198-3 0  9999 | 2 41577  51.6476  25.4538 0004139 259.1116 100.9929 15.56266173  3212 | 2016/06/23-16:18:29  131.3262    0.1511  101.0395   92.5292     6776.6115     6773.8067     6779.4164  46.634277  22.197269   0.000104  -0.000401
1 41577U 98067KB  16179.61622328  .00009982  00000-0  14540-3 0  9993 | 2 41577  51.6449   5.7542 0003834 238.5983 232.9562 15.56389610  3820 | 2016/06/27-14:47:21   20.6755  111.5194  232.9211   92.5218     6776.2532     6773.6552     6778.8512  51.384670   5.177969  -0.000166  -0.000346
1 41577U 98067KB  16180.68788603  .00010505  00000-0  14557-3 0  9992 | 2 41577  51.6421   0.3911 0002839 231.8465 128.2795 15.56414309  3993 | 2016/06/28-16:30:33  164.3220    0.1515  128.3050   92.5204     6776.1815     6774.2578     6778.1053  51.640897   0.352505  -0.000174  -0.000224
1 41577U 98067KB  16181.73192003  .00011192  00000-0  16187-3 0  9996 | 2 41577  51.6447 355.1668 0003818 247.4092 206.4916 15.56442223  4157 | 2016/06/29-17:33:57   92.6528   93.8813  206.4721   92.5187     6776.1005     6773.5134     6778.6876  51.461062  -4.351337  -0.000176  -0.000339
1 41577U 98067KB  16182.76003166  .00011019  00000-0  15935-3 0  9999 | 2 41577  51.6432 350.0219 0003797 253.1724 205.2955 15.56464546  4319 | 2016/06/30-18:14:26  104.3641   98.4493  205.2769   92.5174     6776.0357     6773.4629     6778.6086  50.862048  -8.948307  -0.000171  -0.000339
1 41577U 98067KB  16183.86081934  .00009845  00000-0  14302-3 0  9991 | 2 41577  51.6440 344.5137 0003736 261.5535 249.0277 15.56481614  4487 | 2016/07/01-20:39:34   95.1276  150.5412  248.9877   92.5164     6775.9862     6773.4547     6778.5177  49.769030 -13.789359  -0.000152  -0.000341
1 41577U 98067KB  16185.45790514  .00008362  00000-0  12242-3 0  9993 | 2 41577  51.6422 336.5276 0004204 262.4885 203.0922 15.56504966  4732 | 2016/07/03-10:59:23    4.6392  105.5618  203.0733   92.5150     6775.9184     6773.0698     6778.7670  47.368914 -20.569463  -0.000216  -0.000360
1 41577U 98067KB  16186.67564175  .00008419  00000-0  12312-3 0  9991 | 2 41577  51.6430 330.4341 0004117 268.3989 185.2470 15.56526643  4926 | 2016/07/04-16:12:55  102.2530   93.6416  185.2427   92.5137     6775.8555     6773.0659     6778.6451  44.918500 -25.481911  -0.000213  -0.000352
1 41577U 98067KB  16187.77557291  .00008184  00000-0  11980-3 0  9993 | 2 41577  51.6435 324.9360 0003968 281.0135 220.2061 15.56544601  5097 | 2016/07/05-18:36:49   97.2367  141.1903  220.1768   92.5126     6775.8034     6773.1147     6778.4920  42.270765 -29.668730  -0.000162  -0.000362
1 41577U 98067KB  16189.17332973  .00008039  00000-0  11770-3 0  9993 | 2 41577  51.6441 317.9411 0003944 286.4788 132.4158 15.56567839  5314 | 2016/07/07-04:09:35  331.1268   58.9280  132.4492   92.5112     6775.7359     6773.0636     6778.4083  38.343501 -34.596083  -0.000170  -0.000356
1 41577U 98067KB  16190.20289877  .00007859  00000-0  11516-3 0  9990 | 2 41577  51.6446 312.7894 0003951 290.8457 141.2439 15.56584070  5470 | 2016/07/08-04:52:10  334.7431   72.1179  141.2722   92.5103     6775.6888     6773.0118     6778.3659  35.082463 -37.899676  -0.000175  -0.000354
1 41577U 98067KB  16191.42970424  .00010868  00000-0  15633-3 0  9998 | 2 41577  51.6451 306.6494 0003525 266.3675 205.1190 15.56624905  5668 | 2016/07/09-10:18:46   24.3454  111.4694  205.1019   92.5078     6775.5703     6773.1820     6777.9587  30.827830 -41.435025  -0.000296  -0.000192
1 41577U 98067KB  16193.35459260  .00022535  00000-0  31488-3 0  9992 | 2 41577  51.6419 297.0204 0004028 285.8451 180.2314 15.56751917  5969 | 2016/07/11-08:30:36   14.2415  106.0763  180.2312   92.5003     6775.2018     6772.4727     6777.9309  23.461313 -46.004919  -0.000295  -0.000274
1 41577U 98067KB  16194.38269097  .00022976  00000-0  32035-3 0  9991 | 2 41577  51.6455 291.8917 0003465 289.1159 182.6280 15.56799299  6120 | 2016/07/12-09:11:04   24.8315  111.7421  182.6262   92.4975     6775.0643     6772.7168     6777.4119  19.256199 -47.921357  -0.000261  -0.000227
1 41577U 98067KB  16196.10891861  .00017239  00000-0  24180-3 0  9991 | 2 41577  51.6410 283.2334 0005279 322.3719 110.4213 15.56840943  6393 | 2016/07/14-02:36:50  335.5839   72.8499  110.4780   92.4950     6774.9435     6771.3670     6778.5200  11.821574 -50.269705  -0.000218  -0.000481
1 41577U 98067KB  16197.13676266  .00018147  00000-0  25374-3 0  9990 | 2 41577  51.6392 278.0856 0005443 323.7113 113.6938 15.56883080  6555 | 2016/07/15-03:16:56  347.1568   77.4622  113.7509   92.4925     6774.8213     6771.1337     6778.5088   7.263178 -51.125857  -0.000257  -0.000480
1 41577U 98067KB  16198.16545507  .00019164  00000-0  26715-3 0  9997 | 2 41577  51.6408 272.9425 0004780 324.3173 122.6110 15.56926988  6719 | 2016/07/16-03:58:15  354.1199   86.9744  122.6571   92.4899     6774.6939     6771.4556     6777.9322   2.650915 -51.572714  -0.000259  -0.000402
1 41577U 98067KB  16199.77129909  .00019480  00000-0  27080-3 0  9996 | 2 41577  51.6419 264.9044 0004377 327.9005 125.8579 15.56991688  6964 | 2016/07/17-18:30:40  215.0145   93.7990  125.8985   92.4860     6774.5062     6771.5410     6777.4714  -4.586720 -51.437805  -0.000265  -0.000349
1 41577U 98067KB  16201.44059928  .00017502  00000-0  24358-3 0  9995 | 2 41577  51.6420 256.5500 0004382 337.4884 119.3169 15.57044165  7220 | 2016/07/19-10:34:27  102.9154   96.8491  119.3607   92.4829     6774.3540     6771.3855     6777.3225 -12.011760 -50.225629  -0.000257  -0.000355
1 41577U 98067KB  16203.16331862  .00016387  00000-0  22805-3 0  9991 | 2 41577  51.6419 247.9237 0004656 346.1831  53.6438 15.57098142  7494 | 2016/07/21-03:55:10   70.3971   39.8699   53.6868   92.4797     6774.1974     6771.0434     6777.3515 -19.409142 -47.855731  -0.000273  -0.000377
1 41577U 98067KB  16204.20280360  .00017239  00000-0  23918-3 0  9996 | 2 41577  51.6416 242.7191 0004523 350.4478 120.2326 15.57138448  7650 | 2016/07/22-04:52:02   19.9873  110.7252  120.2774   92.4773     6774.0805     6771.0166     6777.1445 -23.670098 -45.897509  -0.000271  -0.000362
1 41577U 98067KB  16205.35585186  .00017408  00000-0  24109-3 0  9998 | 2 41577  51.6410 236.9425 0004507 354.2601 104.4406 15.57179480  7835 | 2016/07/23-08:32:25   93.9775   98.7507  104.4906   92.4749     6773.9615     6770.9085     6777.0146 -28.169154 -43.281539  -0.000282  -0.000351
1 41577U 98067KB  16206.88936369 +.00015872 +00000-0 +22007-3 0  9998 | 2 41577 051.6406 229.2591 0004978 002.1839 058.9666 15.57224876008071 | 2016/07/24-21:20:41  332.7869   61.1994   59.0155   92.4722     6773.8299     6770.4579     6777.2019 -33.702691 -39.126464  -0.000310  -0.000389
1 41577U 98067KB  16207.91739740 +.00014221 +00000-0 +19774-3 0  9991 | 2 41577 051.6413 224.1068 0005578 003.5255 064.6217 15.57247496008233 | 2016/07/25-22:01:03  342.0479   68.2050   64.6795   92.4709     6773.7643     6769.9859     6777.5427 -37.080710 -35.942243  -0.000376  -0.000412
1 41577U 98067KB  16208.94613253 +.00013031 +00000-0 +18163-3 0  9994 | 2 41577 051.6424 218.9609 0005422 009.0658 070.1136 15.57270146008390 | 2016/07/26-22:42:25  347.5202   79.2378   70.1720   92.4695     6773.6986     6770.0259     6777.3713 -40.155852 -32.472220  -0.000363  -0.000403
1 41577U 98067KB  16210.04147606  .00011118  00000-0  15591-3 0  9998 | 2 41577  51.6419 213.4737 0004890  17.5160  86.4386 15.57287731  8560 | 2016/07/28-00:59:43    3.6355  104.0105   86.4945   92.4685     6773.6476     6770.3353     6776.9599 -43.076527 -28.483305  -0.000308  -0.000380
1 41577U 98067KB  16211.24550794  .00009224  00000-0  13045-3 0  9994 | 2 41577  51.6418 207.4432 0005237  20.8608 357.6626 15.57303681  8758 | 2016/07/29-05:53:31  169.7354   18.5210  357.6602   92.4675     6773.6014     6770.0540     6777.1487 -45.830453 -23.800107  -0.000348  -0.000391
1 41577U 98067KB  16212.41899872  .00009531  00000-0  13444-3 0  9991 | 2 41577  51.6414 201.5682 0004955  25.7958  96.1034 15.57329269  8932 | 2016/07/30-10:03:21  135.8479  121.9557   96.1599   92.4660     6773.5272     6770.1709     6776.8835 -48.025503 -18.983815  -0.000336  -0.000365
1 41577U 98067KB  16213.71077688  .00010995  00000-0  15381-3 0  9996 | 2 41577  51.6406 195.0965 0005432  25.9624 143.0589 15.57364202  9133 | 2016/07/31-17:03:31  201.5109  169.0587  143.0963   92.4639     6773.4259     6769.7466     6777.1052 -49.858408 -13.449563  -0.000410  -0.000357
1 41577U 98067KB  16214.85070259  .00010532  00000-0  14751-3 0  9996 | 2 41577  51.6398 189.3871 0005083  32.2820  52.0291 15.57386712  9315 | 2016/08/01-20:25:00  343.4273   84.3570   52.0750   92.4626     6773.3606     6769.9177     6776.8035 -50.948287  -8.422649  -0.000380  -0.000338
1 41577U 98067KB  16216.13479594  .00007155  00000-0  10239-3 0  9998 | 2 41577  51.6418 182.9514 0005673  36.7583  51.6583 15.57391901  9518 | 2016/08/03-03:14:06   89.2968   88.4676   51.7093   92.4623     6773.3456     6769.5030     6777.1881 -51.573301  -2.658978  -0.000436  -0.000362
1 41577U 98067KB  16217.16232500  .00007013  00000-0  10044-3 0  9993 | 2 41577  51.6414 177.8031 0005644  40.1733  53.0690 15.57407916  9671 | 2016/08/04-03:53:44  100.5426   93.2940   53.1207   92.4613     6773.2991     6769.4763     6777.1220 -51.603443   1.979608  -0.000445  -0.000347
1 41577U 98067KB  16218.39025646  .00009611  00000-0  13492-3 0  9996 | 2 41577  51.6428 171.6501 0006322  45.5681  96.9819 15.57443708  9864 | 2016/08/05-09:21:58  140.6536  142.6219   97.0538   92.4592     6773.1954     6768.9133     6777.4774 -51.095370   7.499461  -0.000503  -0.000382
1 41577U 98067KB  16220.11507196  .00012943  00000-0  17891-3 0  9993 | 2 41577  51.6428 163.0107 0005659  53.7750  46.1404 15.57501825 10135 | 2016/08/07-02:45:42   94.5612   99.9622   46.1872   92.4558     6773.0269     6769.1940     6776.8597 -49.389074  15.089670  -0.000453  -0.000339
1 41577U 98067KB  16221.14303620  .00012592  00000-0  17410-3 0  9990 | 2 41577  51.6431 157.8626 0005400  60.8149  46.7816 15.57527550 10294 | 2016/08/08-03:25:58  103.1086  107.6416   46.8267   92.4542     6772.9523     6769.2949     6776.6097 -47.836118  19.460617  -0.000422  -0.000337
1 41577U 98067KB  16222.24162528  .00012546  00000-0  17329-3 0  9990 | 2 41577  51.6429 152.3580 0005567  64.5207  87.1252 15.57556109 10464 | 2016/08/09-05:47:56  101.1386  151.7096   87.1889   92.4525     6772.8695     6769.0990     6776.6400 -45.748572  23.959493  -0.000445  -0.000334
1 41577U 98067KB  16223.26482098  .00012918  00000-0  17803-3 0  9990 | 2 41577  51.6429 147.2325 0005589  68.9405  63.8492 15.57585523 10623 | 2016/08/10-06:21:20  134.4793  132.8472   63.9067   92.4508     6772.7842     6768.9989     6776.5695 -43.425159  27.950755  -0.000451  -0.000330
1 41577U 98067KB  16224.34798763  .00013699  00000-0  18813-3 0  9998 | 2 41577  51.6428 141.8019 0005620  72.6439  17.9139 15.57619296 10798 | 2016/08/11-08:21:06  213.1494   90.5776   17.9337   92.4488     6772.6863     6768.8801     6776.4926 -40.584909  31.934995  -0.000463  -0.000318
1 41577U 98067KB  16225.95079001 +.00015303 +00000-0 +20889-3 0  9993 | 2 41577 051.6435 133.7700 0005784 076.8907 007.4397 15.57676020011047 | 2016/08/12-22:49:08   85.9974   84.3390    7.4483   92.4454     6772.5219     6768.6047     6776.4391 -35.725174  37.292935  -0.000498  -0.000295
1 41577U 98067KB  16227.18309390  .00015661  00000-0  21329-3 0  9994 | 2 41577  51.6441 127.5967 0005652  79.7223  79.6054 15.57717261 11232 | 2016/08/14-04:23:39  102.0174  159.3914   79.6691   92.4430     6772.4024     6768.5746     6776.2301 -31.508041  40.918900  -0.000502  -0.000259
1 41577U 98067KB  16228.20554712  .00015042  00000-0  20492-3 0  9991 | 2 41577  51.6440 122.4694 0005672  84.4641  52.4150 15.57746186 11392 | 2016/08/15-04:55:59  138.6842  136.9306   52.4665   92.4412     6772.3185     6768.4773     6776.1598 -27.725035  43.570921  -0.000506  -0.000257
1 41577U 98067KB  16229.86273150  .00013166  00000-0  17998-3 0  9990 | 2 41577  51.6436 114.1652 0005596  90.3802 346.0641 15.57785041 11658 | 2016/08/16-20:42:20   85.6430   76.4288  346.0486   92.4389     6772.2059     6768.4162     6775.9956 -21.141287  47.118016  -0.000509  -0.000232
1 41577U 98067KB  16231.08863447  .00012841  00000-0  17550-3 0  9994 | 2 41577  51.6441 108.0194 0005576  94.3150  21.6622 15.57816617 11845 | 2016/08/18-02:07:38  134.7893  116.0008   21.6858   92.4371     6772.1144     6768.3383     6775.8905 -15.975534  49.111051  -0.000516  -0.000212
1 41577U 98067KB  16232.11803674  .00012859  00000-0  17555-3 0  9999 | 2 41577  51.6440 102.8579 0005659  99.3227  33.5812 15.57844336 12006 | 2016/08/19-02:49:58  134.6235  132.9398   33.6171   92.4354     6772.0341     6768.2018     6775.8664 -11.492536  50.349025  -0.000524  -0.000214
1 41577U 98067KB  16233.20115950  .00013125  00000-0  17885-3 0  9996 | 2 41577  51.6433  97.4321 0005613 103.6125 347.8025 15.57874643 12177 | 2016/08/20-04:49:40  212.5300   91.4014  347.7889   92.4336     6771.9462     6768.1452     6775.7473  -6.680121  51.209437  -0.000524  -0.000202
1 41577U 98067KB  16234.73094781  .00012677  00000-0  17272-3 0  9994 | 2 41577  51.6435  89.7617 0005655 109.4584 287.3499 15.57913421 12418 | 2016/08/21-17:32:33  107.0387   36.7464  287.2880   92.4313     6771.8339     6768.0044     6775.6633   0.214791  51.643053  -0.000534  -0.000186
1 41577U 98067KB  16235.82699922  .00011637  00000-0  15899-3 0  9991 | 2 41577  51.6449  84.2668 0005485 111.4214 316.6807 15.57935141 12583 | 2016/08/22-19:50:52  116.8987   68.0590  316.6376   92.4300     6771.7709     6768.0566     6775.4853   5.159135  51.386565  -0.000528  -0.000148
1 41577U 98067KB  16237.05799949  .00010939  00000-0  14973-3 0  9994 | 2 41577  51.6446  78.0933 0005510 113.9038  22.9847 15.57960935 12777 | 2016/08/24-01:23:31  138.6592  136.9132   23.0094   92.4285     6771.6962     6767.9650     6775.4274  10.655242  50.533459  -0.000539  -0.000115
1 41577U 98067KB  16238.78251980  .00012861  00000-0  17451-3 0  9993 | 2 41577  51.6458  69.4486 0005219 121.9971 333.7528 15.58012472 13043 | 2016/08/25-18:46:49   90.9696   95.7234  333.7263   92.4254     6771.5469     6768.0128     6775.0809  18.130130  48.358939  -0.000512  -0.000104
1 41577U 98067KB  16239.94702390 +.00013946 +00000-0 +18838-3 0  9993 | 2 41577 051.6450 063.6058 0005024 121.6427 030.0666 15.58049764013227 | 2016/08/26-22:43:42  101.2222  151.7382   30.0955   92.4232     6771.4388     6768.0368     6774.8408  22.958501  46.261358  -0.000500  -0.000046
1 41577U 98067KB  16241.66110108  .00013577  00000-0  18326-3 0  9997 | 2 41577  51.6443  55.0125 0005081 126.3544 286.1088 15.58096592 13496 | 2016/08/28-15:51:59  107.8189   52.4073  286.0529   92.4205     6771.3031     6767.8626     6774.7436  29.612723  42.310995  -0.000508  -0.000012
1 41577U 98067KB  16242.68935147  .00012996  00000-0  17555-3 0  9995 | 2 41577  51.6439  49.8541 0005075 128.8168 295.1292 15.58121922 13657 | 2016/08/29-16:32:39  112.6781   63.8933  295.0765   92.4190     6771.2297     6767.7933     6774.6661  33.296692  39.476863  -0.000507   0.000012
1 41577U 98067KB  16244.67827010  .00013106  00000-0  17663-3 0  9999 | 2 41577  51.6441  39.8817 0004959 135.9396 291.9312 15.58175520 13961 | 2016/08/31-16:16:42  116.6968   67.8181  291.8785   92.4158     6771.0745     6767.7167     6774.4322  39.630132  33.114433  -0.000495   0.000036
1 41577U 98067KB  16245.70605836  .00014806  00000-0  19835-3 0  9995 | 2 41577  51.6454  34.7315 0004590 137.2999 299.8233 15.58215166 14126 | 2016/09/01-16:56:43  123.6114   77.0776  299.7777   92.4134     6770.9596     6767.8517     6774.0675  42.443788  29.424008  -0.000455   0.000064
1 41577U 98067KB  16246.80929402  .00018665  00000-0  24769-3 0  9994 | 2 41577  51.6463  29.1944 0004605 134.9295  15.1743 15.58273169 14292 | 2016/09/02-19:25:23   94.4202  150.1176   15.1881   92.4100     6770.7916     6767.6736     6773.9095  45.085658  25.191740  -0.000443   0.000126
1 41577U 98067KB  16247.95311436  .00022787  00000-0  30003-3 0  9991 | 2 41577  51.6440  23.4586 0004497 145.8026 305.3511 15.58340729 14472 | 2016/09/03-22:52:29  212.0088   91.1117  305.3091   92.4060     6770.5959     6767.5512     6773.6406  47.375518  20.558770  -0.000442   0.000084
1 41577U 98067KB  16248.98189907  .00025411  00000-0  33297-3 0  9996 | 2 41577  51.6442  18.2966 0004343 148.2174 318.4242 15.58401570 14635 | 2016/09/04-23:33:56  213.0594  106.6086  318.3912   92.4024     6770.4197     6767.4793     6773.3601  49.033281  16.212980  -0.000422   0.000101
1 41577U 98067KB  16250.71933172  .00024070  00000-0  31485-3 0  9998 | 2 41577  51.6445   9.5821 0004392 155.6378 345.1352 15.58481601 14905 | 2016/09/06-17:15:50   94.8307  140.7601  345.1223   92.3976     6770.1879     6767.2144     6773.1614  50.923961   8.596780  -0.000425   0.000112
1 41577U 98067KB  16251.86559176  .00021714  00000-0  28430-3 0  9991 | 2 41577  51.6433   3.8272 0004384 160.1470 296.0851 15.58523095 15086 | 2016/09/07-20:46:27  198.9100   96.1870  296.0400   92.3952     6770.0677     6767.0997     6773.0357  51.528130   3.447065  -0.000421   0.000121
1 41577U 98067KB  16253.14244998  .00019680  00000-0  25795-3 0  9997 | 2 41577  51.6434 357.4193 0003823 163.8785 261.2224 15.58566212 15281 | 2016/09/09-03:25:07  337.3766   65.0576  261.1791   92.3926     6769.9429     6767.3547     6772.5310  51.591023  -2.325321  -0.000362   0.000123
1 41577U 98067KB  16254.48862188  .00019645  00000-0  25699-3 0  9996 | 2 41577  51.6440 350.6645 0003772 169.0858 254.3211 15.58619929 15493 | 2016/09/10-11:43:36  111.7741   63.3653  254.2795   92.3894     6769.7873     6767.2337     6772.3409  50.959996  -8.377444  -0.000354   0.000131
1 41577U 98067KB  16255.77386639  .00019138  00000-0  25009-3 0  9993 | 2 41577  51.6442 344.2149 0003704 174.6496 265.2025 15.58668006 15694 | 2016/09/11-18:34:22  205.7333   79.8098  265.1602   92.3866     6769.6481     6767.1406     6772.1556  49.696634 -14.048772  -0.000345   0.000134
1 41577U 98067KB  16257.44224954  .00017531  00000-0  22922-3 0  9996 | 2 41577  51.6448 335.8436 0003680 177.4503 270.4006 15.58722069 15954 | 2016/09/13-10:36:50   88.3682   87.8087  270.3584   92.3834     6769.4916     6767.0004     6771.9827  47.122357 -21.134541  -0.000329   0.000165
1 41577U 98067KB  16258.47016130  .00017387  00000-0  22707-3 0  9995 | 2 41577  51.6451 330.6836 0003786 181.4322 278.3486 15.58758398 16118 | 2016/09/14-11:17:01   92.6597   99.7379  278.3057   92.3812     6769.3864     6766.8235     6771.9493  45.030869 -25.287096  -0.000335   0.000177
1 41577U 98067KB  16259.63438402  .00017778  00000-0  23164-3 0  9996 | 2 41577  51.6451 324.8405 0003950 185.1239 332.1735 15.58802191 16292 | 2016/09/15-15:13:30  101.2539  157.2763  332.1524   92.3786     6769.2596     6766.5857     6771.9335  42.222563 -29.740067  -0.000342   0.000198
1 41577U 98067KB  16261.09586870  .00018856  00000-0  24471-3 0  9992 | 2 41577  51.6458 317.5030 0003466 192.2900 252.0395 15.58862974 16521 | 2016/09/17-02:18:03  349.1343   84.2917  252.0017   92.3750     6769.0836     6766.7375     6771.4298  38.079105 -34.889403  -0.000300   0.000174
1 41577U 98067KB  16262.12286255  .00017708  00000-0  22997-3 0  9997 | 2 41577  51.6448 312.3474 0002739 194.1207 257.4679 15.58895349 16681 | 2016/09/18-02:56:55  357.7608   91.5580  257.4373   92.3731     6768.9899     6767.1359     6770.8439  34.789186 -38.169332  -0.000228   0.000151
1 41577U 98067KB  16263.15042634  .00017360  00000-0  22530-3 0  9999 | 2 41577  51.6455 307.1872 0002971 200.3313 261.8704 15.58930721 16849 | 2016/09/19-03:36:36    3.2437  102.1680  261.8367   92.3710     6768.8875     6766.8765     6770.8986  31.215633 -41.144161  -0.000251   0.000160
1 41577U 98067KB  16265.32683712  .00032302  00000-0  40985-3 0  9995 | 2 41577  51.6442 296.2706 0006235 201.1443 244.4735 15.59111727 17186 | 2016/09/21-07:50:38   96.3972   85.5533  244.4090   92.3603     6768.3636     6764.1435     6772.5837  22.858297 -46.310060  -0.000459   0.000422
1 41577U 98067KB  16266.35412894  .00033467  00000-0  42311-3 0  9998 | 2 41577  51.6433 291.1115 0007085 203.5453 252.0230 15.59182214 17347 | 2016/09/22-08:29:56  102.4434   95.4911  251.9458   92.3561     6768.1596     6763.3644     6772.9549  18.601093 -48.177067  -0.000498   0.000504
1 41577U 98067KB  16271.40025135  .00085857  00000-0  10582-2 0  9992 | 2 41577  51.6397 265.7580 0002583  76.2027 283.9776 15.59530806 18139 | 2016/09/27-09:36:21  244.7627    0.1516  283.9489   92.3355     6767.1510     6765.4031     6768.8990  -3.819750 -51.498234   0.000246  -0.000080
1 41577U 98067KB  16272.88897242  .00063921  00000-0  78349-3 0  9995 | 2 41577  51.6416 258.2733 0003019  68.3691  16.0801 15.59730496 18368 | 2016/09/28-21:20:07  345.3854   84.4588   16.0897   92.3236     6766.5734     6764.5306     6768.6163 -10.495824 -50.563747   0.000252  -0.000166
1 41577U 98067KB  16274.04646363  .00067425  00000-0  82067-3 0  9996 | 2 41577  51.6419 252.4409 0002710  80.3506  28.1528 15.59892755 18540 | 2016/09/30-01:06:54   25.0014  108.5181   28.1675   92.3140     6766.1042     6764.2706     6767.9378 -15.579813 -49.235711   0.000241  -0.000124
1 41577U 98067KB  16275.19680461  .00070362  00000-0  85034-3 0  9991 | 2 41577  51.6428 246.6579 0002498 101.8323 351.2404 15.60061933 18723 | 2016/10/01-04:43:23  101.4716   93.0683  351.2360   92.3040     6765.6150     6763.9250     6767.3051 -20.461923 -47.416120   0.000245  -0.000050
1 41577U 98067KB  16276.54443469  .00067160  00000-0  80709-3 0  9992 | 2 41577  51.6431 239.8828 0002705  88.2810  18.7605 15.60228877 18931 | 2016/10/02-13:03:59  220.7531  107.0515   18.7705   92.2942     6765.1324     6763.3024     6766.9624 -25.912980 -44.671324   0.000230  -0.000143
1 41577U 98067KB  16277.75449760  .00060814  00000-0  72852-3 0  9995 | 2 41577  51.6414 233.7922 0002499  95.1967 333.2649 15.60353833 19126 | 2016/10/03-18:06:28  342.2389   68.4487  333.2520   92.2868     6764.7712     6763.0807     6766.4617 -30.505376 -41.668408   0.000214  -0.000129
1 41577U 98067KB  16278.78144250  .00052427  00000-0  62779-3 0  9993 | 2 41577  51.6418 228.6303 0003298 119.3600 321.5260 15.60425027 19288 | 2016/10/04-18:45:16  345.6888   80.8625  321.5025   92.2825     6764.5655     6762.3345     6766.7964 -34.130845 -38.755141   0.000323  -0.000069
1 41577U 98067KB  16280.12916447  .00032318  00000-0  39018-3 0  9996 | 2 41577  51.6454 221.8479 0004373  96.8097 359.5548 15.60431444 19494 | 2016/10/06-03:05:59  103.5010   96.3641  359.5544   92.2822     6764.5469     6761.5888     6767.5050 -38.471614 -34.455511   0.000328  -0.000289
1 41577U 98067KB  16281.22880568  .00023397  00000-0  28431-3 0  9996 | 2 41577  51.6424 216.3182 0002889 118.1974  39.5252 15.60453964 19660 | 2016/10/07-05:29:28   84.6273  157.7437   39.5463   92.2808     6764.4818     6762.5276     6766.4361 -41.610357 -30.586200   0.000261  -0.000124
1 41577U 98067KB  16282.36920292  .00022020  00000-0  26751-3 0  9996 | 2 41577  51.6427 210.5764 0003095 115.5809 332.8218 15.60500444 19840 | 2016/10/08-08:51:39  211.3560   88.3865  332.8056   92.2781     6764.3475     6762.2539     6766.4411 -44.461867 -26.269962   0.000257  -0.000172
1 41577U 98067KB  16283.71339323  .00020980  00000-0  25467-3 0  9991 | 2 41577  51.6433 203.8096 0003102 123.3123 321.6356 15.60554554 20050 | 2016/10/09-17:07:17  346.8110   84.9258  321.6135   92.2749     6764.1911     6762.0929     6766.2894 -47.248044 -20.848328   0.000261  -0.000168
1 41577U 98067KB  16284.73927793  .00022324  00000-0  27000-3 0  9997 | 2 41577  51.6433 198.6465 0003273 131.4355 320.9043 15.60607430 20212 | 2016/10/10-17:44:33  354.9118   92.3161  320.8806   92.2718     6764.0383     6761.8245     6766.2522 -48.932504 -16.511829   0.000284  -0.000163
1 41577U 98067KB  16285.83077360  .00024472  00000-0  29460-3 0  9993 | 2 41577  51.6423 193.1526 0003008 132.9467 335.8725 15.60670779 20381 | 2016/10/11-19:56:18   17.9406  108.8051  335.8584   92.2680     6763.8553     6761.8207     6765.8899 -50.287592 -11.750966   0.000250  -0.000168
1 41577U 98067KB  16286.90916672 +.00026192 +00000-0 +31402-3 0  9990 | 2 41577 051.6425 187.7259 0003033 136.2073 275.6735 15.60735644020557 | 2016/10/12-21:49:12  109.5902   51.8462  275.6389   92.2642     6763.6679     6761.6165     6765.7193 -51.173717  -6.942515   0.000245  -0.000179
1 41577U 98067KB  16287.94064164 +.00026163 +00000-0 +31304-3 0  9994 | 2 41577 051.6421 182.5325 0003103 142.8252 308.5137 15.60789975020716 | 2016/10/13-22:34:31   87.6731   91.3111  308.4859   92.2610     6763.5109     6761.4122     6765.6097 -51.591662  -2.281862   0.000255  -0.000176
1 41577U 98067KB  16289.11096074  .00028418  00000-0  34750-3 0  9993 | 2 41577  51.6412 176.7205 0002238 283.0440 227.3071 15.60171616 20894 | 2016/10/15-02:39:47   96.9413  150.3323  227.2883   92.2975     6765.2979     6763.7838     6766.8120 -51.556630   2.954229  -0.000038   0.000221
1 41577U 98067KB  16290.32073012  .00022864  00000-0  28074-3 0  9996 | 2 41577  51.6439 170.6328 0001865 294.3031 175.2227 15.60196004 21082 | 2016/10/16-07:41:51  220.5637  109.5276  175.2245   92.2961     6765.2274     6763.9657     6766.4891 -50.955254   8.405621  -0.000048   0.000180
1 41577U 98067KB  16291.84875843  .00031290  00000-0  37906-3 0  9993 | 2 41577  51.6469 162.9401 0001848 324.9689  93.9392 15.60365773 21328 | 2016/10/17-20:22:12  110.4704   58.9292   93.9603   92.2861     6764.7367     6763.4866     6765.9868 -49.374363  15.151719  -0.000114   0.000146
1 41577U 98067KB  16293.07697398  .00023666  00000-0  28814-3 0  9993 | 2 41577  51.6419 156.7725 0002266 312.2257 170.4847 15.60396034 21510 | 2016/10/19-01:50:50  136.2039  122.7147  170.4890   92.2843     6764.6492     6763.1164     6766.1821 -47.456125  20.366688  -0.000074   0.000214
1 41577U 98067KB  16294.09793012  .00020956  00000-0  25561-3 0  9991 | 2 41577  51.6427 151.6309 0002543 319.0290 142.6745 15.60429836 21673 | 2016/10/20-02:21:01  170.9029  101.7212  142.6922   92.2823     6764.5516     6762.8313     6766.2718 -45.440667  24.538015  -0.000090   0.000238
1 41577U 98067KB  16295.43617737  .00018054  00000-0  22083-3 0  9991 | 2 41577  51.6423 144.8978 0002433 319.9989 104.4127 15.60467322 21882 | 2016/10/21-10:28:05  338.0159   64.4386  104.4397   92.2800     6764.4432     6762.7974     6766.0890 -42.249993  29.696216  -0.000063   0.000235
1 41577U 98067KB  16296.58316339  .00013950  00000-0  17202-3 0  9999 | 2 41577  51.6418 139.1228 0002371 332.3129  59.7622 15.60484624 22064 | 2016/10/22-13:59:45   70.1729   32.0986   59.7857   92.2790     6764.3932     6762.7894     6765.9971 -39.047086  33.796459  -0.000087   0.000221
1 41577U 98067KB  16297.74395366  .00012238  00000-0  15157-3 0  9990 | 2 41577  51.6421 133.2797 0002619 334.7488 102.7118 15.60507340 22243 | 2016/10/23-17:51:17   89.6591   77.4899  102.7411   92.2777     6764.3276     6762.5560     6766.0992 -35.403782  37.596260  -0.000081   0.000249
1 41577U 98067KB  16298.90901666  .00012500  00000-0  15449-3 0  9991 | 2 41577  51.6424 127.4202 0002690 339.9145 167.1005 15.60538944 22422 | 2016/10/24-21:48:59   86.5353  147.0219  167.1074   92.2758     6764.2362     6762.4167     6766.0558 -31.380808  41.014417  -0.000080   0.000257
1 41577U 98067KB  16299.99576751  .00019052  00000-0  23155-3 0  9996 | 2 41577  51.6420 121.9521 0002632 348.4653 148.0640 15.60593484 22597 | 2016/10/25-23:53:54  134.7905  136.5452  148.0799   92.2726     6764.0786     6762.2983     6765.8590 -27.329468  43.817763  -0.000092   0.000247
1 41577U 98067KB  16301.51810503  .00025467  00000-0  30615-3 0  9990 | 2 41577  51.6432 114.2917 0002645 350.7625  64.4567 15.60683788 22836 | 2016/10/27-12:26:04   53.3030   55.2466   64.4841   92.2672     6763.8177     6762.0287     6765.6068 -21.245100  47.070860  -0.000069   0.000255
1 41577U 98067KB  16302.74158941  .00021867  00000-0  26336-3 0  9992 | 2 41577  51.6434 108.1327 0002562 353.8197 100.1734 15.60732592 23025 | 2016/10/28-17:47:53  102.3484   94.0220  100.2023   92.2644     6763.6767     6761.9439     6765.4096 -16.072400  49.078699  -0.000053   0.000251
1 41577U 98067KB  16304.08872867  .00022530  00000-0  27050-3 0  9993 | 2 41577  51.6447 101.3470 0002902   1.4432 106.8286 15.60794691 23235 | 2016/10/30-02:07:46  221.1534  108.3036  106.8604   92.2607     6763.4973     6761.5345     6765.4601 -10.161120  50.635232  -0.000064   0.000283
1 41577U 98067KB  16305.41909149  .00022045  00000-0  26423-3 0  9999 | 2 41577  51.6432  94.6447 0003046   3.2777  25.2374 15.60852965 23443 | 2016/10/31-10:03:29   67.8542   28.5300   25.2523   92.2572     6763.3290     6761.2689     6765.3891  -4.181888  51.473604  -0.000042   0.000302
1 41577U 98067KB  16306.58005319  .00021654  00000-0  25917-3 0  9996 | 2 41577  51.6426  88.7979 0003285   7.0456  69.4330 15.60901998 23624 | 2016/11/01-13:55:16   84.8280   76.5138   69.4682   92.2544     6763.1873     6760.9656     6765.4090   1.083413  51.631234  -0.000033   0.000327
1 41577U 98067KB  16307.60699291  .00020601  00000-0  24654-3 0  9996 | 2 41577  51.6430  83.6276 0002855   7.9699  83.0392 15.60940751 23780 | 2016/11/02-14:34:04   86.1783   91.0416   83.0717   92.2521     6763.0754     6761.1445     6765.0063   5.731867  51.323924  -0.000008   0.000285
1 41577U 98067KB  16308.76992407  .00019414  00000-0  23234-3 0  9992 | 2 41577  51.6425  77.7680 0003255   6.6815 143.7128 15.60982550 23962 | 2016/11/03-18:28:41   92.4542  150.4164  143.7349   92.2496     6762.9547     6760.7533     6765.1560  10.941530  50.470097   0.000031   0.000324
1 41577U 98067KB  16310.55147598  .00020085  00000-0  23945-3 0  9990 | 2 41577  51.6422  68.7955 0003420  11.0013  77.8138 15.61057563 24246 | 2016/11/05-13:14:07   86.1206   88.8534   77.8521   92.2452     6762.7380     6760.4252     6765.0509  18.678870  48.145785   0.000061   0.000337
1 41577U 98067KB  16311.77457792  .00019781  00000-0  23551-3 0  9999 | 2 41577  51.6425  62.6361 0003362  14.1142 112.9737 15.61105151 24439 | 2016/11/06-18:35:23  135.5294  127.1234  113.0092   92.2423     6762.6006     6760.3270     6764.8742  23.736975  45.863971   0.000077   0.000327
1 41577U 98067KB  16312.80082017  .00016557  00000-0  19799-3 0  9995 | 2 41577  51.6447  57.4640 0004191  26.6928 111.7067 15.61129248 24599 | 2016/11/07-19:13:10  139.8486  138.4441  111.7513   92.2409     6762.5310     6759.6968     6765.3652  27.776039  43.539255   0.000043   0.000417
1 41577U 98067KB  16314.44986149  .00014207  00000-0  17055-3 0  9999 | 2 41577  51.6457  49.1618 0003768  33.4776  18.9010 15.61169502 24851 | 2016/11/09-10:47:48  109.4520   52.3926   18.9150   92.2385     6762.4147     6759.8667     6764.9628  33.772423  39.073032   0.000048   0.000374
1 41577U 98067KB  16315.74524436  .00014389  00000-0  17240-3 0  9997 | 2 41577  51.6448  42.6348 0004095  36.7056 100.9436 15.61208602 25052 | 2016/11/10-17:53:09  138.3230  137.6953  100.9897   92.2362     6762.3018     6759.5327     6765.0710  37.994348  34.980207   0.000076   0.000402
1 41577U 98067KB  16316.75916934  .00028344  00000-0  33220-3 0  9999 | 2 41577  51.6466  37.5291 0004284  38.4003  41.8138 15.61278421 25219 | 2016/11/11-18:13:12  206.8762   80.2468   41.8465   92.2321     6762.1002     6759.2033     6764.9971  40.958029  31.461264   0.000104   0.000416
1 41577U 98067KB  16318.22618146  .00022142  00000-0  26045-3 0  9994 | 2 41577  51.6449  30.1343 0003917  47.0028   4.3587 15.61338297 25447 | 2016/11/13-05:25:42   52.6939   51.3649    4.3621   92.2286     6761.9273     6759.2787     6764.5760  44.665145  25.927215   0.000087   0.000382
1 41577U 98067KB  16319.24833188  .00023971  00000-0  28078-3 0  9991 | 2 41577  51.6441  24.9823 0004455  46.0220 354.6115 15.61394130 25608 | 2016/11/14-05:57:35   77.5555   40.6287  354.6067   92.2253     6761.7661     6758.7538     6764.7785  46.812190  21.811279   0.000145   0.000421
1 41577U 98067KB  16320.40479424  .00021700  00000-0  25441-3 0  9999 | 2 41577  51.6448  19.1546 0004521  48.4198  17.0831 15.61435883 25782 | 2016/11/15-09:42:54  115.9801   65.5181   17.0983   92.2228     6761.6456     6758.5887     6764.7025  48.785571  16.945601   0.000172   0.000418
1 41577U 98067KB  16321.43089501  .00019582  00000-0  22995-3 0  9992 | 2 41577  51.6458  13.9836 0004605  52.4004  24.8548 15.61468281 25948 | 2016/11/16-10:20:29  119.8065   77.2774   24.8770   92.2209     6761.5521     6758.4384     6764.6658  50.115273  12.479906   0.000184   0.000422
1 41577U 98067KB  16322.71360135  .00018047  00000-0  21209-3 0  9991 | 2 41577  51.6450   7.5194 0004569  58.5280  34.0675 15.61509927 26148 | 2016/11/17-17:07:35  213.9690   92.6248   34.0968   92.2184     6761.4318     6758.3426     6764.5211  51.200884   6.758362   0.000185   0.000418
1 41577U 98067KB  16323.98959561  .00016691  00000-0  19636-3 0  9992 | 2 41577  51.6450   1.0869 0004710  67.3217   3.0455 15.61548293 26345 | 2016/11/18-23:45:01  343.2454   70.3701    3.0484   92.2162     6761.3211     6758.1365     6764.5057  51.635708   0.979646   0.000173   0.000438
1 41577U 98067KB  16325.13620700  .00014550  00000-0  17181-3 0  9996 | 2 41577  51.6446 355.3078 0005241  61.1937 339.2370 15.61574033 26529 | 2016/11/20-03:16:08   72.8712   40.4094  339.2157   92.2146     6761.2468     6757.7032     6764.7904  51.471515  -4.224674   0.000289   0.000437
1 41577U 98067KB  16326.49982809  .00013068  00000-0  15477-3 0  9996 | 2 41577  51.6442 348.4314 0005131  66.2241  85.2050 15.61606289 26738 | 2016/11/21-11:59:45  100.9969  151.4877   85.2636   92.2127     6761.1537     6757.6845     6764.6228  50.595064 -10.356782   0.000297   0.000419
1 41577U 98067KB  16327.52042146  .00012939  00000-0  15314-3 0  9998 | 2 41577  51.6451 343.2860 0005166  69.4883  63.3690 15.61633233 26895 | 2016/11/22-12:29:24  133.1336  132.9102   63.4219   92.2112     6761.0759     6757.5832     6764.5687  49.463211 -14.852849   0.000313   0.000411
1 41577U 98067KB  16328.54621553  .00013284  00000-0  15688-3 0  9994 | 2 41577  51.6451 338.1163 0005223  71.4295  72.2226 15.61662793 27054 | 2016/11/23-13:06:33  137.8055  143.7091   72.2796   92.2094     6760.9906     6757.4593     6764.5219  47.923674 -19.249358   0.000339   0.000397
1 41577U 98067KB  16330.06371725  .00015201  00000-0  17823-3 0  9991 | 2 41577  51.6458 330.4651 0005188  79.1586 321.7418 15.61717279 27297 | 2016/11/25-01:31:45   76.0047   40.8636  321.7050   92.2062     6760.8334     6757.3258     6764.3409  44.934717 -25.458984   0.000336   0.000395
1 41577U 98067KB  16331.22347332  .00017698  00000-0  20606-3 0  9992 | 2 41577  51.6447 324.6183 0004993  83.2250   2.5299 15.61768199 27475 | 2016/11/26-05:21:48   95.6523   85.7574    2.5324   92.2032     6760.6864     6757.3108     6764.0620  42.106584 -29.903355   0.000335   0.000370
1 41577U 98067KB  16332.38603334  .00019394  00000-0  22473-3 0  9996 | 2 41577  51.6439 318.7551 0004900  87.5323  59.0622 15.61821017 27651 | 2016/11/27-09:15:53  100.3434  146.6427   59.1104   92.2001     6760.5340     6757.2213     6763.8466  38.830971 -34.047733   0.000339   0.000354
1 41577U 98067KB  16333.52790661  .00019982  00000-0  23092-3 0  9994 | 2 41577  51.6429 312.9988 0004957  92.7415 358.4841 15.61869079 27831 | 2016/11/28-12:40:11  213.6685   91.2241  358.4826   92.1972     6760.3953     6757.0442     6763.7464  35.219582 -37.769964   0.000346   0.000355
1 41577U 98067KB  16335.19170839  .00017975  00000-0  20792-3 0  9992 | 2 41577  51.6427 304.6046 0005254  99.9749 352.7334 15.61923506 28091 | 2016/11/30-04:36:03  101.1885   92.7007  352.7258   92.1940     6760.2382     6756.6864     6763.7901  29.328397 -42.506630   0.000374   0.000369
1 41577U 98067KB  16336.34849860  .00017188  00000-0  19881-3 0  9990 | 2 41577  51.6434 298.7713 0005226 103.3754  18.2862 15.61961804 28271 | 2016/12/01-08:21:50  135.6532  121.6804   18.3050   92.1918     6760.1277     6756.5949     6763.6606  24.856726 -45.267913   0.000387   0.000351
1 41577U 98067KB  16337.42969075  .00017328  00000-0  20008-3 0  9990 | 2 41577  51.6436 293.3156 0005232 106.3231 339.0864 15.62000904 28446 | 2016/12/02-10:18:45  207.6558   85.3881  339.0650   92.1894     6760.0149     6756.4781     6763.5518  20.440307 -47.426314   0.000403   0.000334
1 41577U 98067KB  16338.89255793  .00017479  00000-0  20135-3 0  9995 | 2 41577  51.6437 285.9360 0005510 112.6025 284.4402 15.62053855 28670 | 2016/12/03-21:25:17   71.4763   36.9815  284.3790   92.1863     6759.8621     6756.1375     6763.5868  14.179472 -49.658980   0.000431   0.000343
1 41577U 98067KB  16340.11984684  .00016609  00000-0  19135-3 0  9993 | 2 41577  51.6432 279.7443 0005796 119.8640 343.3824 15.62091928 28863 | 2016/12/05-02:52:34   94.4980  103.2274  343.3634   92.1841     6759.7523     6755.8344     6763.6703   8.740687 -50.898138   0.000447   0.000370
1 41577U 98067KB  16341.33083427  .00015531  00000-0  17910-3 0  9995 | 2 41577  51.6424 273.6357 0005784 122.0468 315.8239 15.62126517 29051 | 2016/12/06-07:56:24  203.1314   77.8245  315.7777   92.1820     6759.6525     6755.7427     6763.5623   3.274766 -51.538465   0.000470   0.000337
1 41577U 98067KB  16342.73933759  .00015709  00000-0  18077-3 0  9994 | 2 41577  51.6431 266.5287 0005661 126.3882 317.8244 15.62172643 29276 | 2016/12/07-17:44:38  352.3459   84.1690  317.7808   92.1793     6759.5195     6755.6929     6763.3460  -3.126915 -51.548348   0.000475   0.000308
1 41577U 98067KB  16343.83098632  .00016543  00000-0  18975-3 0  9992 | 2 41577  51.6428 261.0197 0005187 128.3319 339.3053 15.62213083 29442 | 2016/12/08-19:56:37    8.4999  107.6162  339.2843   92.1769     6759.4028     6755.8967     6762.9089  -8.061176 -51.009766   0.000452   0.000254
1 41577U 98067KB  16344.90771757 +.00018366 +00000-0 +20958-3 0  9996 | 2 41577 051.6426 255.5892 0005080 132.5891 274.7043 15.62259977029616 | 2016/12/09-21:47:06  102.9587   47.2354  274.6463   92.1742     6759.2675     6755.8338     6762.7012 -12.852421 -50.017731   0.000448   0.000240
1 41577U 98067KB  16346.14146973  .00020208  00000-0  22944-3 0  9995 | 2 41577  51.6426 249.3657 0005193 134.0765  16.7854 15.62316902 29805 | 2016/12/11-03:23:42   90.9805  150.8791   16.8026   92.1708     6759.1034     6755.5933     6762.6134 -18.198953 -48.329662   0.000476   0.000207
1 41577U 98067KB  16347.16573413  .00020051  00000-0  22735-3 0  9995 | 2 41577  51.6422 244.1970 0005319 136.7899  18.7989 15.62357809 29968 | 2016/12/12-03:58:39  101.1671  155.6085   18.8186   92.1684     6758.9854     6755.3903     6762.5805 -22.478726 -46.493265   0.000497   0.000191
1 41577U 98067KB  16348.18574446  .00018514  00000-0  21013-3 0  9994 | 2 41577  51.6428 239.0497 0005614 143.1055 353.3844 15.62390380 30124 | 2016/12/13-04:27:28  133.6223  136.4825  353.3770   92.1665     6758.8914     6755.0970     6762.6859 -26.559600 -44.289575   0.000520   0.000212
1 41577U 98067KB  16349.83315257  .00015329  00000-0  17482-3 0  9996 | 2 41577  51.6416 230.7338 0004894 145.7660 262.9901 15.62431285 30389 | 2016/12/14-19:59:44  104.3627   48.7004  262.9344   92.1641     6758.7735     6755.4657     6762.0812 -32.685221 -39.981635   0.000469   0.000139
1 41577U 98067KB  16350.86293457  .00012964  00000-0  14870-3 0  9998 | 2 41577  51.6419 225.5347 0005246 150.9444 293.9313 15.62448390 30548 | 2016/12/15-20:42:37   85.1787   84.8207  293.8763   92.1630     6758.7241     6755.1785     6762.2698 -36.173972 -36.855523   0.000503   0.000149
1 41577U 98067KB  16352.08481631  .00010414  00000-0  12058-3 0  9991 | 2 41577  51.6418 219.3709 0005286 153.0905 329.2133 15.62464811 30730 | 2016/12/17-02:02:08  134.9962  122.2728  329.1823   92.1621     6758.6768     6755.1041     6762.2494 -39.921995 -32.758354   0.000516   0.000114
1 41577U 98067KB  16353.11134698  .00009166  00000-0  10679-3 0  9993 | 2 41577  51.6425 214.1885 0005239 158.4954 341.7814 15.62480294 30892 | 2016/12/18-02:40:20  132.7685  140.2580  341.7626   92.1612     6758.6321     6755.0913     6762.1730 -42.718334 -29.018817   0.000511   0.000115
1 41577U 98067KB  16354.50725207  .00009318  00000-0  10835-3 0  9992 | 2 41577  51.6418 207.1404 0005087 162.3542 275.1086 15.62508572 31118 | 2016/12/19-12:10:26  346.5323   77.4047  275.0505   92.1595     6758.5506     6755.1125     6761.9887 -45.955592 -23.557569   0.000502   0.000084
1 41577U 98067KB  16355.78809719  .00010222  00000-0  11813-3 0  9997 | 2 41577  51.6421 200.6723 0005041 168.4256 278.7273 15.62539363 31314 | 2016/12/20-18:54:51   85.6770   87.0958  278.6702   92.1577     6758.4618     6755.0549     6761.8687 -48.317114 -18.230826   0.000498   0.000080
1 41577U 98067KB  16356.81283609  .00010940  00000-0  12589-3 0  9994 | 2 41577  51.6412 195.4996 0004799 170.9478 284.4061 15.62564553 31475 | 2016/12/21-19:30:29   92.5647   95.3006  284.3528   92.1562     6758.3892     6755.1458     6761.6325 -49.763129 -13.800163   0.000477   0.000054
1 41577U 98067KB  16358.15684296  .00015225  00000-0  17247-3 0  9997 | 2 41577  51.6420 188.7196 0004589 177.6148 283.2689 15.62612780 31688 | 2016/12/23-03:45:51  218.9821  100.8325  283.2177   92.1533     6758.2501     6755.1487     6761.3515 -51.045126  -7.828873   0.000456   0.000051
1 41577U 98067KB  16359.43228089  .00016142  00000-0  18218-3 0  9991 | 2 41577  51.6414 182.2780 0004496 183.1780 257.4598 15.62656672 31882 | 2016/12/24-10:22:29  346.0844   80.5875  257.4095   92.1508     6758.1236     6755.0851     6761.1620 -51.600589  -2.052649   0.000448   0.000043
1 41577U 98067KB  16360.77808476  .00015259  00000-0  17230-3 0  9995 | 2 41577  51.6413 175.4830 0004506 188.3364 268.3449 15.62695967 32098 | 2016/12/25-18:40:26  102.6518   96.6297  268.2933   92.1484     6758.0103     6754.9651     6761.0554 -51.480903   4.067005   0.000450   0.000030
1 41577U 98067KB  16361.87493596 +.00015275 +00000-0 +17224-3 0  9991 | 2 41577 051.6409 169.9445 0004468 192.7417 318.6917 15.62730652032267 | 2016/12/26-20:59:54   89.3857  151.3996  318.6579   92.1464     6757.9103     6754.8908     6760.9297 -50.847649   9.016606   0.000446   0.000021
1 41577U 98067KB  16362.89834993  .00015289  00000-0  17218-3 0  9992 | 2 41577  51.6407 164.7755 0004314 196.6622 316.2291 15.62762934 32428 | 2016/12/27-21:33:37  102.5346  152.8571  316.1949   92.1445     6757.8172     6754.9019     6760.7325 -49.828333  13.560941   0.000431   0.000011
1 41577U 98067KB  16364.03933139  .00014471  00000-0  16310-3 0  9996 | 2 41577  51.6404 159.0120 0004372 203.2098 253.1179 15.62793668 32606 | 2016/12/29-00:56:38  216.7396   96.2798  253.0700   92.1427     6757.7286     6754.7741     6760.6831 -48.214342  18.496167   0.000437   0.000017
1 41577U 98067KB  16365.44759362  .00013161  00000-0  14870-3 0  9990 | 2 41577  51.6398 151.8999 0004047 209.2971 255.3437 15.62827119 32821 | 2016/12/30-10:44:32    3.9010  104.5959  255.2988   92.1407     6757.6322     6754.8974     6760.3670 -45.552812  24.323039   0.000405   0.000008
1 41577U 98067KB  16366.79789984  .00012653  00000-0  14302-3 0  9997 | 2 41577  51.6405 145.0781 0004016 215.0403 291.8111 15.62860651 33031 | 2016/12/31-19:08:58   95.9534  146.8087  291.7684   92.1387     6757.5355     6754.8217     6760.2493 -42.341757  29.562085   0.000402   0.000001
1 41577U 98067KB  17001.82251697  .00013052  00000-0  14716-3 0  9996 | 2 41577  51.6399 139.9045 0004230 219.5393 296.0911 15.62889834 33199 | 2017/01/01-19:44:25  102.2201  155.5869  296.0476   92.1370     6757.4514     6754.5930     6760.3098 -39.503077  33.259377   0.000423  -0.000004
1 41577U 98067KB  17002.96326569  .00014880  00000-0  16666-3 0  9999 | 2 41577  51.6413 134.1407 0003753 225.1521 233.2022 15.62932693 33378 | 2017/01/02-23:07:06  217.0539   98.3199  233.1678   92.1345     6757.3279     6754.7918     6759.8639 -35.964176  37.059438   0.000375  -0.000005
1 41577U 98067KB  17004.17169521  .00015828  00000-0  17658-3 0  9992 | 2 41577  51.6416 128.0407 0003967 230.3202 191.9769 15.62975175 33565 | 2017/01/04-04:07:14  335.4368   62.2877  191.9675   92.1320     6757.2054     6754.5248     6759.8860 -31.822643  40.671541   0.000397  -0.000011
1 41577U 98067KB  17005.39475281  .00015658  00000-0  17449-3 0  9999 | 2 41577  51.6417 121.8607 0003870 235.6343 233.1348 15.63014163 33751 | 2017/01/05-09:28:26   16.6510  108.7336  233.0993   92.1297     6757.0930     6754.4780     6759.7080 -27.259375  43.861049   0.000387  -0.000017
1 41577U 98067KB  17006.41889611  .00016019  00000-0  17812-3 0  9995 | 2 41577  51.6418 116.6875 0004000 238.2343 237.1629 15.63049792 33916 | 2017/01/06-10:03:12   24.8972  115.3587  237.1244   92.1276     6756.9904     6754.2876     6759.6932 -23.193576  46.140368   0.000398  -0.000035
1 41577U 98067KB  17007.50104247  .00017272  00000-0  19125-3 0  9992 | 2 41577  51.6411 111.2188 0003744 245.8312 202.9545 15.63093099 34086 | 2017/01/07-12:01:30   87.6167   88.7690  202.9378   92.1250     6756.8656     6754.3358     6759.3953 -18.690487  48.140096   0.000374  -0.000019
1 41577U 98067KB  17008.52586559  .00017569  00000-0  19415-3 0  9996 | 2 41577  51.6413 106.0401 0003723 250.9310 208.5975 15.63130968 34244 | 2017/01/08-12:37:14   91.9990   99.5081  208.5771   92.1228     6756.7564     6754.2409     6759.2720 -14.269010  49.630829   0.000372  -0.000020
1 41577U 98067KB  17009.80245667  .00016053  00000-0  17768-3 0  9996 | 2 41577  51.6420  99.5902 0003467 260.4020 187.7095 15.63168073 34444 | 2017/01/09-19:15:32  210.6970   88.1062  187.7042   92.1206     6756.6495     6754.3070     6758.9920  -8.603562  50.920280   0.000347  -0.000000
1 41577U 98067KB  17011.19757409  .00013975  00000-0  15527-3 0  9994 | 2 41577  51.6421  92.5405 0003758 264.4433 119.8534 15.63200923 34660 | 2017/01/11-04:44:30   65.1788   24.3340  119.8907   92.1187     6756.5548     6754.0157     6759.0940  -2.289065  51.591343   0.000375  -0.000020
1 41577U 98067KB  17012.22264131  .00012493  00000-0  13933-3 0  9997 | 2 41577  51.6432  87.3631 0003539 272.2211 124.5231 15.63221364 34820 | 2017/01/12-05:20:36   67.9433   36.7776  124.5565   92.1175     6756.4959     6754.1048     6758.8871   2.375915  51.588517   0.000354  -0.000003
1 41577U 98067KB  17013.44706433  .00011281  00000-0  12628-3 0  9992 | 2 41577  51.6434  81.1762 0003646 267.9064 184.0404 15.63245913 35016 | 2017/01/13-10:43:46  100.9267   91.9439  184.0375   92.1160     6756.4252     6753.9618     6758.8886   7.921908  51.032187   0.000358  -0.000069
1 41577U 98067KB  17014.54216017  .00010011  00000-0  11265-3 0  9994 | 2 41577  51.6431  75.6439 0003521 279.4854 219.4457 15.63264360 35185 | 2017/01/14-13:00:42   94.7886  138.9055  219.4201   92.1149     6756.3721     6753.9931     6758.7510  12.804787  50.030463   0.000351  -0.000030
1 41577U 98067KB  17015.62847735  .00009604  00000-0  10822-3 0  9995 | 2 41577  51.6442  70.1539 0003390 283.5597 213.0175 15.63285326 35353 | 2017/01/15-15:05:00  134.7774  136.5560  212.9963   92.1137     6756.3116     6754.0213     6758.6020  17.532939  48.576943   0.000337  -0.000037
1 41577U 98067KB  17016.64076541  .00009550  00000-0  10757-3 0  9994 | 2 41577  51.6436  65.0372 0003317 288.1489 149.2534 15.63305518 35517 | 2017/01/16-15:22:42  204.4905   77.4217  149.2728   92.1125     6756.2535     6754.0124     6758.4945  21.795135  46.819157   0.000329  -0.000039
1 41577U 98067KB  17018.11477691  .00009553  00000-0  10747-3 0  9991 | 2 41577  51.6428  57.5853 0003296 296.5349 162.0743 15.63334853 35746 | 2017/01/18-02:45:16    2.8325   98.6208  162.0859   92.1108     6756.1689     6753.9421     6758.3958  27.682782  43.596357   0.000328  -0.000034
1 41577U 98067KB  17019.12573848  .00009470  00000-0  10651-3 0  9996 | 2 41577  51.6430  52.4757 0003224 298.8577  93.2860 15.63354749 35904 | 2017/01/19-03:01:03   79.3502   32.1806   93.3229   92.1096     6756.1116     6753.9335     6758.2898  31.455640  40.957809   0.000319  -0.000049
1 41577U 98067KB  17020.35305470  .00010560  00000-0  11794-3 0  9998 | 2 41577  51.6408  46.2705 0003312 312.2852 151.9944 15.63386267 36094 | 2017/01/20-08:28:23   96.4630  104.2974  152.0122   92.1078     6756.0208     6753.7832     6758.2584  35.696938  37.316227   0.000331  -0.000008
1 41577U 98067KB  17021.56302409  .00014744  00000-0  16197-3 0  9991 | 2 41577  51.6425  40.1561 0003206 316.6593 122.3184 15.63440739 36282 | 2017/01/21-13:30:45  204.6609   79.0087  122.3494   92.1045     6755.8639     6753.6980     6758.0298  39.469865  33.302817   0.000320  -0.000018
1 41577U 98067KB  17022.58729262  .00015399  00000-0  16867-3 0  9995 | 2 41577  51.6424  34.9774 0003370 323.3432 124.5290 15.63474749 36445 | 2017/01/22-14:05:42  210.6914   87.9040  124.5608   92.1025     6755.7659     6753.4892     6758.0426  42.314658  29.604175   0.000337  -0.000010
1 41577U 98067KB  17024.56921593  .00015323  00000-0  16747-3 0  9990 | 2 41577  51.6428  24.9596 0003368 331.6002 119.2196 15.63537088 36758 | 2017/01/24-13:39:40  213.2074   90.8535  119.2533   92.0989     6755.5864     6753.3111     6757.8616  46.819649  21.792183   0.000336  -0.000020
1 41577U 98067KB  17026.16574637  .00015218  00000-0  16603-3 0  9995 | 2 41577  51.6423  16.8845 0003377 338.1353 105.2752 15.63586629 37008 | 2017/01/26-03:58:40   85.0164   83.4478  105.3125   92.0960     6755.4437     6753.1623     6757.7250  49.416114  14.999162   0.000336  -0.000029
1 41577U 98067KB  17027.18892038  .00014588  00000-0  15924-3 0  9990 | 2 41577  51.6429  11.7135 0003405 343.4665 103.1866 15.63614920 37163 | 2017/01/27-04:32:02   96.2959   86.6911  103.2246   92.0943     6755.3622     6753.0620     6757.6624  50.567437  10.484439   0.000339  -0.000029
1 41577U 98067KB  17028.35017163  .00015990  00000-0  17366-3 0  9998 | 2 41577  51.6419   5.8386 0003686 351.9779 155.8562 15.63658467 37346 | 2017/01/28-08:24:14  100.1849  147.8514  155.8735   92.0917     6755.2367     6752.7468     6757.7267  51.374003   5.253351   0.000368  -0.000014
1 41577U 98067KB  17029.74115233  .00018713  00000-0  20171-3 0  9993 | 2 41577  51.6434 358.8066 0003053 356.9387  66.4045 15.63721406 37568 | 2017/01/29-17:47:15  333.8318   63.3753   66.4366   92.0880     6755.0555     6752.9932     6757.1178  51.632198  -1.075590   0.000304  -0.000023
1 41577U 98067KB  17030.76463844  .00019179  00000-0  20625-3 0  9992 | 2 41577  51.6423 353.6286 0003287 359.7719  69.1088 15.63762673 37728 | 2017/01/30-18:21:04  342.9361   68.9159   69.1440   92.0856     6754.9366     6752.7163     6757.1570  51.323328  -5.730894   0.000327  -0.000038
1 41577U 98067KB  17031.85553444 +.00017112 +00000-0 +18446-3 0  9992 | 2 41577 051.6414 348.1124 0003570 356.2262 098.0195 15.63792154037893 | 2017/01/31-20:31:58  356.8851   94.2862   98.0600   92.0838     6754.8517     6752.4403     6757.2632  50.533877 -10.637736   0.000344  -0.000096
1 41577U 98067KB  17033.38739677  .00017701  00000-0  19015-3 0  9993 | 2 41577  51.6403 340.3645 0004116   3.5597  80.4658 15.63849694 38132 | 2017/02/02-09:17:51  207.8336   84.0720   80.5123   92.0805     6754.6861     6751.9058     6757.4663  48.637387 -17.352958   0.000396  -0.000114
1 41577U 98067KB  17035.11542277  .00021704  00000-0  23094-3 0  9994 | 2 41577  51.6419 331.6232 0003984  16.3000  83.1265 15.63939801 38401 | 2017/02/04-02:46:12  104.9664   99.4718   83.1718   92.0752     6754.4266     6751.7356     6757.1176  45.436666 -24.543742   0.000390  -0.000083
1 41577U 98067KB  17036.27144694  .00020265  00000-0  21571-3 0  9992 | 2 41577  51.6422 325.7758 0003363  18.9826 113.4963 15.63982472 38580 | 2017/02/05-06:30:53  135.0696  132.5142  113.5316   92.0726     6754.3037     6752.0323     6756.5752  42.699996 -29.045260   0.000324  -0.000088
1 41577U 98067KB  17037.78722094  .00018046  00000-0  19238-3 0  9996 | 2 41577  51.6423 318.1081 0003666  26.2599   6.3392 15.64031303 38823 | 2017/02/06-18:53:35   69.7897   32.6037    6.3438   92.0698     6754.1632     6751.6871     6756.6392  38.442835 -34.482975   0.000353  -0.000099
1 41577U 98067KB  17038.81100451  .00016792  00000-0  17922-3 0  9992 | 2 41577  51.6419 312.9284 0003701  33.1107   7.8032 15.64061645 38983 | 2017/02/07-19:27:50   76.2258   40.9197    7.8090   92.0680     6754.0758     6751.5761     6756.5755  35.172466 -37.812478   0.000359  -0.000089
1 41577U 98067KB  17039.89852434 +.00015921 +00000-0 +17002-3 0  9998 | 2 41577 051.6434 307.4257 0003793 035.7647 012.7005 15.64093828039150 | 2017/02/08-21:33:52  106.7563   48.4748   12.7101   92.0661     6753.9832     6751.4214     6756.5449  31.385353 -41.012198   0.000363  -0.000110
1 41577U 98067KB  17041.19170873  .00014334  00000-0  15348-3 0  9992 | 2 41577  51.6440 300.8823 0003485  43.2881  91.6793 15.64126406 39356 | 2017/02/10-04:36:03  133.6185  135.0073   91.7192   92.0642     6753.8894     6751.5356     6756.2431  26.507634 -44.322095   0.000335  -0.000095
1 41577U 98067KB  17042.52029709  .00013211  00000-0  14173-3 0  9999 | 2 41577  51.6422 294.1590 0003903  43.8480  17.2668 15.64158883 39560 | 2017/02/11-12:29:13  333.7957   61.1281   17.2801   92.0623     6753.7959     6751.1599     6756.4319  21.135615 -47.119026   0.000362  -0.000146
1 41577U 98067KB  17043.80816432  .00012883  00000-0  13818-3 0  9997 | 2 41577  51.6418 287.6402 0003817  49.2408  68.7410 15.64192145 39765 | 2017/02/12-19:23:45   28.3491  118.0226   68.7818   92.0603     6753.7001     6751.1223     6756.2780  15.649459 -49.213514   0.000351  -0.000150
1 41577U 98067KB  17044.88984505  .00012707  00000-0  13623-3 0  9992 | 2 41577  51.6411 282.1688 0003958  50.1317  43.0137 15.64219958 39933 | 2017/02/13-21:21:22   89.1281   93.1764   43.0447   92.0587     6753.6201     6750.9470     6756.2932  10.885558 -50.480767   0.000350  -0.000184
1 41577U 98067KB  17046.05093939  .00011267  00000-0  12135-3 0  9992 | 2 41577  51.6405 276.2919 0003659  55.7494 100.1394 15.64241934 40113 | 2017/02/15-01:13:21   91.4000  155.9301  100.1807   92.0574     6753.5568     6751.0857     6756.0280   5.659478 -51.329441   0.000323  -0.000172
1 41577U 98067KB  17047.43962549  .00012181  00000-0  13052-3 0  9992 | 2 41577  51.6400 269.2625 0003769  60.4179   0.8811 15.64280517 40333 | 2017/02/16-10:33:03  334.3149   61.2997    0.8818   92.0551     6753.4458     6750.9004     6755.9911  -0.664682 -51.635722   0.000325  -0.000190
1 41577U 98067KB  17048.58363531  .00014905  00000-0  15811-3 0  9996 | 2 41577  51.6397 263.4701 0004088  58.5518 329.5888 15.64326858 40513 | 2017/02/17-14:00:26   66.2369   28.1169  329.5651   92.0524     6753.3124     6750.5516     6756.0732  -5.872554 -51.304695   0.000322  -0.000252
1 41577U 98067KB  17049.80968212  .00016068  00000-0  16969-3 0  9996 | 2 41577  51.6402 257.2645 0003955  62.2579  35.1878 15.64370939 40708 | 2017/02/18-19:25:56   85.7227   97.4718   35.2139   92.0498     6753.1855     6750.5147     6755.8564 -11.384113 -50.369755   0.000301  -0.000257
1 41577U 98067KB  17050.83126708 +.00017201 +00000-0 +18093-3 0  9997 | 2 41577 051.6404 252.0904 0004057 063.7192 030.9765 15.64412501040869 | 2017/02/19-19:57:01  102.4243   94.7196   31.0004   92.0473     6753.0659     6750.3262     6755.8056 -15.880252 -49.138056   0.000291  -0.000283
1 41577U 98067KB  17052.17525557  .00019003  00000-0  19880-3 0  9998 | 2 41577  51.6402 245.2910 0003910  70.8301  38.2752 15.64470262 41075 | 2017/02/21-04:12:22  219.9746  109.1331   38.3030   92.0439     6752.8997     6750.2593     6755.5401 -21.586108 -46.912154   0.000282  -0.000271
1 41577U 98067KB  17053.50207470  .00018320  00000-0  19153-3 0  9991 | 2 41577  51.6404 238.5720 0003857  79.8228 307.1570 15.64517932 41283 | 2017/02/22-12:02:59   67.7818   26.9446  307.1218   92.0411     6752.7625     6750.1580     6755.3671 -26.926683 -44.064551   0.000288  -0.000256
1 41577U 98067KB  17054.52511552  .00017779  00000-0  18579-3 0  9991 | 2 41577  51.6403 233.3912 0003785  81.1798 311.7453 15.64553146 41442 | 2017/02/23-12:36:09   76.3203   32.8927  311.7129   92.0391     6752.6612     6750.1053     6755.2171 -30.795598 -41.453006   0.000266  -0.000270
1 41577U 98067KB  17055.74973648  .00018892  00000-0  19664-3 0  9997 | 2 41577  51.6392 227.1881 0003770  87.4032   7.8169 15.64604834 41638 | 2017/02/24-17:59:37  102.2990   95.2260    7.8228   92.0360     6752.5125     6749.9668     6755.0582 -35.093674 -37.881935   0.000265  -0.000268
1 41577U 98067KB  17056.84372303  .00022270  00000-0  23016-3 0  9991 | 2 41577  51.6378 221.6518 0003645  78.4736  62.9807 15.64666517 41806 | 2017/02/25-20:14:57   96.5146  141.4915   63.0179   92.0324     6752.3350     6749.8738     6754.7962 -38.583637 -34.318586   0.000183  -0.000315
1 41577U 98067KB  17058.42031574  .00023561  00000-0  24239-3 0  9991 | 2 41577  51.6383 213.6644 0003728  93.0562 295.2063 15.64744413 42050 | 2017/02/27-10:05:15   66.8211   28.2238  295.1676   92.0278     6752.1109     6749.5937     6754.6281 -42.978490 -28.624524   0.000223  -0.000299
1 41577U 98067KB  17059.45499928  .00020584  00000-0  21227-3 0  9992 | 2 41577  51.6395 208.4252 0003999  84.5464  16.0549 15.64775379 42217 | 2017/02/28-10:55:11   13.2274  100.6140   16.0676   92.0260     6752.0218     6749.3217     6754.7220 -45.413806 -24.580973   0.000156  -0.000368
1 41577U 98067KB  17060.80438682  .00020244  00000-0  20841-3 0  9997 | 2 41577  51.6407 201.5884 0004008  92.6166  54.5626 15.64830360 42425 | 2017/03/01-19:18:19  100.5959  147.2166   54.6000   92.0228     6751.8637     6749.1575     6754.5698 -48.018156 -19.000488   0.000164  -0.000366
1 41577U 98067KB  17062.19423475  .00024170  00000-0  24684-3 0  9996 | 2 41577  51.6393 194.5504 0003699 106.9243 315.3335 15.64913369 42649 | 2017/03/03-04:39:41  334.2704   62.2280  315.3037   92.0179     6751.6249     6749.1275     6754.1223 -49.983074 -12.973421   0.000193  -0.000315
1 41577U 98067KB  17063.41585571  .00031540  00000-0  31883-3 0  9996 | 2 41577  51.6397 188.3549 0003492  87.7595  21.6634 15.65016555 42832 | 2017/03/04-09:58:49   14.2884  109.4377   21.6782   92.0118     6751.3281     6748.9706     6753.6857 -51.091649  -7.503470   0.000037  -0.000347
1 41577U 98067KB  17064.49540517  .00030849  00000-0  31120-3 0  9991 | 2 41577  51.6393 182.8888 0003627  95.5331 340.3144 15.65080653 43005 | 2017/03/05-11:53:23   83.0318   75.8335  340.3004   92.0080     6751.1438     6748.6952     6753.5925 -51.573678  -2.602503   0.000053  -0.000359
1 41577U 98067KB  17065.72173843  .00026999  00000-0  27259-3 0  9991 | 2 41577  51.6383 176.6700 0003329  98.2863  51.7806 15.65135576 43190 | 2017/03/06-17:19:18   97.7199  150.0969   51.8106   92.0048     6750.9859     6748.7385     6753.2333 -51.551111   2.999501   0.000029  -0.000332
1 41577U 98067KB  17066.92753653 +.00024437 +00000-0 +24683-3 0  9990 | 2 41577 051.6388 170.5640 0003353 101.1389 007.5931 15.65186137043383 | 2017/03/07-22:15:39  220.4366  108.7371    7.5982   92.0018     6750.8405     6748.5769     6753.1040 -50.940093   8.465965   0.000010  -0.000335
1 41577U 98067KB  17068.13352321  .00022736  00000-0  22962-3 0  9990 | 2 41577  51.6394 164.4498 0003546 108.3668 320.3365 15.65235974 43578 | 2017/03/09-03:12:16  341.9234   68.6774  320.3106   91.9989     6750.6972     6748.3034     6753.0910 -49.749188  13.843623   0.000017  -0.000354
1 41577U 98067KB  17069.35463213  .00020431  00000-0  20661-3 0  9992 | 2 41577  51.6393 158.2599 0003531 101.5778  12.5387 15.65278061 43760 | 2017/03/10-08:30:40   23.5029  114.1253   12.5475   91.9964     6750.5762     6748.1925     6752.9598 -47.966381  19.127039  -0.000062  -0.000348
1 41577U 98067KB  17070.50034064  .00018824  00000-0  19053-3 0  9995 | 2 41577  51.6402 152.4521 0003619 117.9375 336.6401 15.65317306 43946 | 2017/03/11-12:00:29  102.4339   94.5611  336.6236   91.9941     6750.4633     6748.0204     6752.9063 -45.785466  23.883076   0.000002  -0.000362
1 41577U 98067KB  17071.59427404  .00017564  00000-0  17793-3 0  9998 | 2 41577  51.6411 146.9114 0003270 109.9379  33.2754 15.65352323 44119 | 2017/03/12-14:15:45   94.2332  143.2339   33.2960   91.9921     6750.3627     6748.1553     6752.5700 -43.266326  28.192698  -0.000074  -0.000318
1 41577U 98067KB  17072.79988520  .00017016  00000-0  17229-3 0  9998 | 2 41577  51.6409 140.7974 0003339 114.1374 347.6508 15.65392939 44308 | 2017/03/13-19:11:50  216.9806  101.7800  347.6426   91.9897     6750.2459     6747.9920     6752.4998 -40.017350  32.640378  -0.000087  -0.000322
1 41577U 98067KB  17074.59676088 +.00014693 +00000-0 +14928-3 0  9992 | 2 41577 051.6409 131.6865 0003196 113.5118 041.3134 15.65440835044588 | 2017/03/15-14:19:20  101.7008  154.8494   41.3376   91.9869     6750.1082     6747.9509     6752.2656 -34.344008  38.565161  -0.000134  -0.000290
1 41577U 98067KB  17075.73615833 +.00013047 +00000-0 +13306-3 0  9991 | 2 41577 051.6399 125.9077 0003150 122.9115 337.4216 15.65466251044768 | 2017/03/16-17:40:04  213.2779  100.3192  337.4077   91.9854     6750.0352     6747.9089     6752.1614 -30.285831  41.826400  -0.000114  -0.000294
1 41577U 98067KB  17076.75872779 +.00013372 +00000-0 +13607-3 0  9993 | 2 41577 051.6391 120.7244 0003411 130.5438 336.5871 15.65496256044925 | 2017/03/17-18:12:34  220.7963  107.1154  336.5716   91.9836     6749.9489     6747.6465     6752.2513 -26.382883  44.390766  -0.000110  -0.000323
1 41577U 98067KB  17078.49000694 +.00013446 +00000-0 +13653-3 0  9998 | 2 41577 051.6387 111.9424 0003146 135.2615 015.6792 15.65545153045194 | 2017/03/19-11:45:36   90.7354  150.9504   15.6889   91.9807     6749.8084     6747.6849     6751.9319 -19.296055  47.897992  -0.000122  -0.000290
1 41577U 98067KB  17079.69428336 +.00012092 +00000-0 +12323-3 0  9997 | 2 41577 051.6392 105.8352 0002805 129.6982 333.0721 15.65570684045384 | 2017/03/20-16:39:46  219.7395  102.7557  333.0575   91.9792     6749.7350     6747.8417     6751.6283 -14.090858  49.679520  -0.000159  -0.000231
1 41577U 98067KB  17081.49142994 +.00013071 +00000-0 +13248-3 0  9996 | 2 41577 051.6398 096.7234 0003176 141.0186 017.5257 15.65621671045665 | 2017/03/22-11:47:39  101.8214  158.5553   17.5367   91.9762     6749.5884     6747.4448     6751.7321  -6.045799  51.284669  -0.000170  -0.000269
1 41577U 98067KB  17082.87946137 +.00017230 +00000-0 +17238-3 0  9994 | 2 41577 051.6395 089.6832 0002516 146.0495 281.2389 15.65686060045885 | 2017/03/23-21:06:25  341.1769   67.2601  281.2106   91.9725     6749.4034     6747.7052     6751.1015   0.285524  51.638711  -0.000142  -0.000208
1 41577U 98067KB  17084.60909903 +.00022631 +00000-0 +22367-3 0  9997 | 2 41577 051.6402 080.9089 0002924 147.9631 315.3302 15.65785604046156 | 2017/03/25-14:37:06  218.3207  103.2697  315.3066   91.9666     6749.1173     6747.1439     6751.0908   8.159394  50.991515  -0.000192  -0.000220
1 41577U 98067KB  17085.88160553 +.00018981 +00000-0 +18829-3 0  9999 | 2 41577 051.6387 074.4543 0003323 161.7072 279.2971 15.65820060046356 | 2017/03/26-21:09:30  346.4209   80.9667  279.2595   91.9646     6749.0183     6746.7756     6751.2610  13.839528  49.749601  -0.000185  -0.000276
1 41577U 98067KB  17087.86049867 +.00024135 +00000-0 +23696-3 0  9999 | 2 41577 051.6400 064.4136 0002302 162.0832 281.5740 15.65910180046660 | 2017/03/28-20:39:07  348.1607   83.6314  281.5482   91.9593     6748.7594     6747.2058     6750.3129  22.301853  46.575927  -0.000158  -0.000167
1 41577U 98067KB  17089.77246293 +.00028610 +00000-0 +27832-3 0  9991 | 2 41577 051.6374 054.7127 0003896 187.9716 241.6816 15.66033746046967 | 2017/03/30-18:32:20  342.0573   69.6139  241.6423   91.9520     6748.4044     6745.7752     6751.0335  29.829723  42.149836  -0.000179  -0.000346
1 41577U 98067KB  17090.79532889 +.00030037 +00000-0 +29113-3 0  9994 | 2 41577 051.6390 049.5190 0003057 179.6750 260.6091 15.66101056047127 | 2017/03/31-19:05:16  345.8600   80.2495  260.5745   91.9481     6748.2110     6746.1481     6750.2739  33.523825  39.277723  -0.000200  -0.000231
1 41577U 98067KB  17092.89386905 +.00028118 +00000-0 +27171-3 0  9992 | 2 41577 051.6392 038.8684 0002815 181.6873 218.4048 15.66214364047454 | 2017/04/02-21:27:10   74.2455   40.0721  218.3848   91.9414     6747.8855     6745.9860     6749.7851  40.205732  32.405340  -0.000214  -0.000183
1 41577U 98067KB  17094.86468954 +.00029543 +00000-0 +28396-3 0  9999 | 2 41577 051.6384 028.8705 0002949 193.2585 166.8334 15.66319916047762 | 2017/04/04-20:45:09  115.6815    0.0996  166.8411   91.9352     6747.5824     6745.5925     6749.5722  45.220431  24.932650  -0.000219  -0.000198
1 41577U 98067KB  17095.88548793 +.00024856 +00000-0 +23935-3 0  9998 | 2 41577 051.6385 023.6877 0002967 197.8941 162.1951 15.66376135047920 | 2017/04/05-21:15:06  129.3606    0.0996  162.2055   91.9319     6747.4209     6745.4190     6749.4229  47.287898  20.745829  -0.000222  -0.000197
1 41577U 98067KB  17097.86319289 +.00017935 +00000-0 +17373-3 0  9993 | 2 41577 051.6388 013.6460 0002966 206.7832 153.3011 15.66463437048234 | 2017/04/07-20:42:59  133.3303    0.0996  153.3164   91.9268     6747.1702     6745.1690     6749.1714  50.181135  12.182748  -0.000226  -0.000192
1 41577U 98067KB  17099.90457964 +.00019289 +00000-0 +18572-3 0  9999 | 2 41577 051.6389 003.2798 0003005 215.8340 144.2455 15.66556624048551 | 2017/04/09-21:42:35  160.6126    0.0996  144.2656   91.9214     6746.9026     6744.8752     6748.9301  51.554318   2.954367  -0.000233  -0.000190
1 41577U 98067KB  17101.88206219 +.00017642 +00000-0 +16981-3 0  9998 | 2 41577 051.6385 353.2357 0003088 224.3682 135.7066 15.66635364048867 | 2017/04/11-21:10:10  164.5042    0.0995  135.7313   91.9167     6746.6766     6744.5932     6748.7599  51.279049  -6.082253  -0.000245  -0.000188
1 41577U 98067KB  17103.92323426 +.00016143 +00000-0 +15538-3 0  9997 | 2 41577 051.6380 342.8679 0003083 235.0801 124.9906 15.66711997049186 | 2017/04/13-22:09:27  191.7099    0.0996  125.0195   91.9122     6746.4566     6744.3766     6748.5365  49.346725 -15.211303  -0.000243  -0.000190
1 41577U 98067KB  17105.90051931 +.00017696 +00000-0 +16922-3 0  9998 | 2 41577 051.6378 332.8232 0003161 243.5715 116.4957 15.66796778049498 | 2017/04/15-21:36:44  195.5296    0.0996  116.5281   91.9073     6746.2132     6744.0807     6748.3457  45.937058 -23.584933  -0.000254  -0.000188
1 41577U 98067KB  17107.87770128 +.00019703 +00000-0 +18717-3 0  9997 | 2 41577 051.6379 322.7766 0003262 252.4586 107.6053 15.66875308049807 | 2017/04/17-21:03:53  199.3139    0.0995  107.6409   91.9027     6745.9878     6743.7872     6748.1883  41.118378 -31.237024  -0.000266  -0.000188
1 41577U 98067KB  17109.79101284 +.00023668 +00000-0 +22296-3 0  9993 | 2 41577 051.6378 313.0548 0003312 262.9815 097.0805 15.66954445050106 | 2017/04/19-18:59:03  179.7156    0.0997   97.1182   91.8980     6745.7606     6743.5265     6747.9948  35.252999 -37.731796  -0.000268  -0.000195
1 41577U 98067KB  17110.93893982 +.00032682 +00000-0 +30459-3 0  9990 | 2 41577 051.6375 307.2220 0003379 269.1004 090.9605 15.67031975050281 | 2017/04/20-22:32:04  239.9346    0.0996   90.9992   91.8935     6745.5381     6743.2588     6747.8175  31.235778 -41.118823  -0.000272  -0.000200
1 41577U 98067KB  17112.78826332 +.00041523 +00000-0 +38320-3 0  9999 | 2 41577 051.6371 297.8216 0003527 276.3972 083.6623 15.67157466050570 | 2017/04/22-18:55:05  196.9157    0.0997   83.7025   91.8861     6745.1780     6742.7990     6747.5571  24.100072 -45.668114  -0.000292  -0.000198
1 41577U 98067KB  17113.87227162 +.00040592 +00000-0 +37342-3 0  9994 | 2 41577 051.6369 292.3109 0003633 282.2811 077.7779 15.67246093050744 | 2017/04/23-20:56:04  233.7383    0.0997   77.8186   91.8809     6744.9237     6742.4733     6747.3742  19.603028 -47.771233  -0.000299  -0.000206
1 41577U 98067KB  17114.89246244 +.00035682 +00000-0 +32813-3 0  9991 | 2 41577 051.6364 287.1228 0003738 283.6060 076.4520 15.67316838050903 | 2017/04/24-21:25:08  247.2016    0.0996   76.4936   91.8768     6744.7208     6742.1996     6747.2420  15.202822 -49.347665  -0.000321  -0.000191
1 41577U 98067KB  17116.74144880 +.00027833 +00000-0 +25618-3 0  9994 | 2 41577 051.6367 277.7203 0003886 293.3947 066.6640 15.67428068051195 | 2017/04/26-17:47:41  204.0610    0.0996   66.7049   91.8702     6744.4017     6741.7808     6747.0226   6.936734 -51.168648  -0.000333  -0.000201
1 41577U 98067KB  17118.65406355 +.00023036 +00000-0 +21216-3 0  9995 | 2 41577 051.6374 267.9940 0004034 301.5739 058.4863 15.67530708051493 | 2017/04/28-15:41:51  184.2123    0.0996   58.5257   91.8642     6744.1073     6741.3867     6746.8278  -1.807523 -51.605755  -0.000351  -0.000199
1 41577U 98067KB  17119.80157367 +.00026994 +00000-0 +24697-3 0  9991 | 2 41577 051.6373 262.1575 0004126 306.8294 053.2323 15.67593651051679 | 2017/04/29-19:14:15  244.2819    0.0996   53.2702   91.8605     6743.9267     6741.1442     6746.7093  -7.045932 -51.154331  -0.000361  -0.000200
1 41577U 98067KB  17121.58650256 +.00021370 +00000-0 +19605-3 0  9990 | 2 41577 051.6367 253.0775 0004349 314.0817 045.9821 15.67678751051959 | 2017/05/01-14:04:33  177.6936    0.0997   46.0180   91.8556     6743.6827     6740.7499     6746.6155 -15.030303 -49.400797  -0.000387  -0.000199
1 41577U 98067KB  17123.56257109 +.00015948 +00000-0 +14726-3 0  9993 | 2 41577 051.6366 243.0240 0004551 322.9300 037.1381 15.67754241052262 | 2017/05/03-13:30:06  181.0751    0.0996   37.1696   91.8511     6743.4662     6740.3972     6746.5352 -23.423252 -46.018363  -0.000409  -0.000199
1 41577U 98067KB  17124.83740951 +.00017130 +00000-0 +15750-3 0  9999 | 2 41577 051.6364 236.5372 0004557 327.7148 032.3569 15.67796740052469 | 2017/05/04-20:05:52  287.7567    0.0997   32.3849   91.8486     6743.3443     6740.2714     6746.4173 -28.472076 -43.077357  -0.000415  -0.000187
1 41577U 98067KB  17126.49465416 +.00012897 +00000-0 +11970-3 0  9998 | 2 41577 051.6367 228.1040 0004582 333.7385 026.3378 15.67840011052720 | 2017/05/06-11:52:18  174.4268    0.0996   26.3611   91.8461     6743.2203     6740.1305     6746.3100 -34.481986 -38.436199  -0.000425  -0.000170
1 41577U 98067KB  17127.51447388 +.00011781 +00000-0 +10969-3 0  9998 | 2 41577 051.6369 222.9150 0004719 337.8156 022.2636 15.67865870052888 | 2017/05/07-12:20:50  187.7532    0.0997   22.2841   91.8446     6743.1461     6739.9640     6746.3282 -37.817041 -35.160217  -0.000441  -0.000167
1 41577U 98067KB  17129.49032078 +.00012812 +00000-0 +11854-3 0  9993 | 2 41577 051.6369 212.8609 0004950 345.7094 014.3762 15.67924040053193 | 2017/05/09-11:46:03  191.0533    0.0997   14.3903   91.8412     6742.9793     6739.6416     6746.3171 -43.374497 -28.018251  -0.000469  -0.000158
1 41577U 98067KB  17130.57381999 +.00012525 +00000-0 +11587-3 0  9997 | 2 41577 051.6369 207.3471 0005038 349.8718 010.2176 15.67953473053360 | 2017/05/10-13:46:18  227.6910    0.0996   10.2278   91.8395     6742.8950     6739.4979     6746.2920 -45.865955 -23.720953  -0.000481  -0.000149
1 41577U 98067KB  17132.42209761 +.00011719 +00000-0 +10855-3 0  9990 | 2 41577 051.6362 197.9405 0005107 356.9832 003.1133 15.68000194053657 | 2017/05/12-10:07:49  184.2921    0.0997    3.1165   91.8367     6742.7610     6739.3175     6746.2045 -49.125488 -15.905457  -0.000493  -0.000132
1 41577U 98067KB  17133.69674200 +.00010658 +00000-0 +99083-4 0  9996 | 2 41577 051.6358 191.4528 0005147 001.8647 358.2368 15.68028055053853 | 2017/05/13-16:43:18  290.9032    0.0997  358.2350   91.8351     6742.6811     6739.2107     6746.1516 -50.607659 -10.252836  -0.000501  -0.000119
1 41577U 98067KB  17135.54493583 +.00010996 +00000-0 +10189-3 0  9999 | 2 41577 051.6355 182.0451 0005208 008.5243 351.5841 15.68068829054143 | 2017/05/15-13:04:42  247.4754    0.0997  351.5754   91.8327     6742.5642     6739.0527     6746.0758 -51.602611  -1.842672  -0.000512  -0.000096
1 41577U 98067KB  17137.45679646 +.00012674 +00000-0 +11636-3 0  9990 | 2 41577 051.6357 172.3131 0005366 015.1732 344.9425 15.68127272054449 | 2017/05/17-10:57:47  227.3544    0.0997  344.9265   91.8293     6742.3967     6738.7788     6746.0147 -51.171692   6.906771  -0.000532  -0.000070
1 41577U 98067KB  17138.92250883 +.00015222 +00000-0 +13842-3 0  9994 | 2 41577 051.6358 164.8514 0005408 020.6955 339.4260 15.68174203054673 | 2017/05/18-22:08:24   43.9114    0.0997  339.4042   91.8265     6742.2622     6738.6160     6745.9084 -49.841524  13.493641  -0.000538  -0.000052
1 41577U 98067KB  17140.45189954 +.00022353 +00000-0 +20022-3 0  9996 | 2 41577 051.6359 157.0650 0005382 026.1915 333.9353 15.68232755054913 | 2017/05/20-10:50:44  243.7806    0.0997  333.9082   91.8231     6742.0944     6738.4658     6745.7230 -47.553955  20.121818  -0.000537  -0.000031
1 41577U 98067KB  17141.91745428 +.00023227 +00000-0 +20681-3 0  9994 | 2 41577 051.6355 149.6022 0005353 031.2423 328.8891 15.68353560055142 | 2017/05/21-22:01:08   60.2830    0.0997  328.8574   91.8160     6741.7482     6738.1393     6745.3570 -44.537328  26.127596  -0.000535  -0.000008
1 41577U 98067KB  17143.38295308 +.00018952 +00000-0 +16939-3 0  9994 | 2 41577 051.6350 142.1393 0005394 036.5628 323.5736 15.68407915055375 | 2017/05/23-09:11:27  236.7650    0.0997  323.5369   91.8128     6741.5924     6737.9560     6745.2288 -40.766103  31.690662  -0.000539   0.000012
1 41577U 98067KB  17144.91211886 +.00015032 +00000-0 +13521-3 0  9993 | 2 41577 051.6351 134.3501 0005399 042.2805 317.8607 15.68454628055619 | 2017/05/24-21:53:27   76.5563    0.0997  317.8192   91.8101     6741.4585     6737.8188     6745.0983 -36.095043  36.923318  -0.000539   0.000032
1 41577U 98067KB  17146.18638901 +.00013250 +00000-0 +11964-3 0  9994 | 2 41577 051.6356 127.8597 0005381 046.9241 313.2205 15.68490664055818 | 2017/05/26-04:28:24  183.0365    0.0996  313.1755   91.8080     6741.3553     6737.7278     6744.9828 -31.690318  40.767130  -0.000536   0.000049
1 41577U 98067KB  17147.33320724 +.00014275 +00000-0 +12831-3 0  9995 | 2 41577 051.6360 122.0181 0005351 051.6553 308.4924 15.68524299055990 | 2017/05/27-07:59:49  242.8599    0.0997  308.4444   91.8060     6741.2589     6737.6517     6744.8662 -27.376743  43.781165  -0.000532   0.000059
1 41577U 98067KB  17148.86224326 +.00027451 +00000-0 +24081-3 0  9995 | 2 41577 051.6365 114.2297 0005322 057.2529 302.8980 15.68612893056235 | 2017/05/28-20:41:37   82.6052    0.0997  302.8468   91.8009     6741.0051     6737.4175     6744.5926 -21.191402  47.087712  -0.000526   0.000079
1 41577U 98067KB  17149.88153961 +.00027663 +00000-0 +24189-3 0  9998 | 2 41577 051.6364 109.0364 0005269 061.0674 299.0851 15.68688085056392 | 2017/05/29-21:09:25   95.7482    0.0997  299.0323   91.7965     6740.7897     6737.2379     6744.3414 -16.842181  48.812485  -0.000519   0.000091
1 41577U 98067KB  17150.90079940 +.00017159 +00000-0 +15186-3 0  9993 | 2 41577 051.6363 103.8434 0005273 064.6184 295.5358 15.68733469056559 | 2017/05/30-21:37:09  108.8777    0.0997  295.4813   91.7938     6740.6597     6737.1053     6744.2140 -12.354966  50.136437  -0.000517   0.000105
1 41577U 98067KB  17152.87554323 +.00016485 +00000-0 +14568-3 0  9998 | 2 41577 051.6363 093.7812 0005281 071.2699 288.8870 15.68804997056863 | 2017/06/01-21:00:46  111.7914    0.0996  288.8297   91.7896     6740.4548     6736.8951     6744.0144  -3.405233  51.523896  -0.000510   0.000136
1 41577U 98067KB  17153.89473244 +.00017009 +00000-0 +14993-3 0  9998 | 2 41577 051.6364 088.5873 0005258 075.6022 284.5558 15.68839731057024 | 2017/06/02-21:28:24  124.8968    0.0997  284.4975   91.7876     6740.3553     6736.8112     6743.8994   1.273032  51.620705  -0.000506   0.000143
1 41577U 98067KB  17155.16868741 +.00020332 +00000-0 +17783-3 0  9993 | 2 41577 051.6367 082.0949 0005227 080.1644 279.9943 15.68886678057227 | 2017/06/04-04:02:54  231.2680    0.0997  279.9353   91.7848     6740.2208     6736.6977     6743.7439   7.101735  51.146008  -0.000498   0.000159
1 41577U 98067KB  17156.37890919 +.00015835 +00000-0 +13946-3 0  9998 | 2 41577 051.6369 075.9266 0005145 085.4897 274.6688 15.68926311057417 | 2017/06/05-09:05:37  314.3092    0.0997  274.6100   91.7825     6740.1073     6736.6395     6743.5751  12.556272  50.087019  -0.000488   0.000164
1 41577U 98067KB  17157.84387094 +.00016884 +00000-0 +14804-3 0  9995 | 2 41577 051.6373 068.4600 0005029 090.7988 269.3585 15.68978391057649 | 2017/06/06-20:15:10  130.6072    0.0997  269.3009   91.7795     6739.9581     6736.5686     6743.3477  18.958670  48.031027  -0.000470   0.000178
1 41577U 98067KB  17159.56354925 +.00014063 +00000-0 +12391-3 0  9999 | 2 41577 051.6375 059.6950 0004951 096.9814 263.1746 15.69033186057916 | 2017/06/08-13:31:30   40.1526    0.0997  263.1183   91.7763     6739.8012     6736.4644     6743.1381  26.056436  44.581314  -0.000455   0.000196
1 41577U 98067KB  17160.77365870 +.00014680 +00000-0 +12892-3 0  9996 | 2 41577 051.6374 053.5267 0004940 101.7403 258.4149 15.69070034058105 | 2017/06/09-18:34:04  123.1539    0.0998  258.3595   91.7741     6739.6957     6736.3663     6743.0251  30.695755  41.523387  -0.000449   0.000207
1 41577U 98067KB  17161.79267699 +.00013677 +00000-0 +12033-3 0  9991 | 2 41577 051.6373 048.3321 0004904 105.8260 254.3278 15.69098696058262 | 2017/06/10-19:01:27  136.2009    0.0997  254.2737   91.7724     6739.6136     6736.3085     6742.9187  34.329094  38.573619  -0.000441   0.000214
1 41577U 98067KB  17162.93904889 +.00017477 +00000-0 +15207-3 0  9995 | 2 41577 051.6372 042.4877 0004842 110.0186 250.1333 15.69137067058440 | 2017/06/11-22:32:13  195.8710    0.0997  250.0811   91.7702     6739.5038     6736.2405     6742.7670  38.078425  34.877413  -0.000430   0.000224
1 41577U 98067KB  17164.53118241 +.00017115 +00000-0 +14868-3 0  9993 | 2 41577 051.6369 034.3699 0004748 115.7960 244.3527 15.69194320058697 | 2017/06/13-12:44:54   58.7293    0.0997  244.3037   91.7668     6739.3398     6736.1400     6742.5397  42.621623  29.150758  -0.000412   0.000236
1 41577U 98067KB  17165.61379641 +.00017710 +00000-0 +15340-3 0  9993 | 2 41577 051.6367 028.8494 0004676 120.8018 239.3440 15.69237487058866 | 2017/06/14-14:43:52   95.0608    0.0997  239.2979   91.7643     6739.2162     6736.0650     6742.3675  45.228120  24.915175  -0.000404   0.000236
1 41577U 98067KB  17166.69638390 +.00016005 +00000-0 +13893-3 0  9998 | 2 41577 051.6369 023.3289 0004565 124.8955 235.2471 15.69274484059038 | 2017/06/15-16:42:47  131.3831    0.0996  235.2041   91.7621     6739.1103     6736.0339     6742.1867  47.415416  20.448663  -0.000388   0.000240
1 41577U 98067KB  17167.84262625 +.00018814 +00000-0 +16212-3 0  9998 | 2 41577 051.6370 017.4838 0004489 129.0306 231.1092 15.69315636059215 | 2017/06/16-20:13:22  191.0080    0.0998  231.0692   91.7597     6738.9925     6735.9674     6742.0176  49.251471  15.513620  -0.000374   0.000248
1 41577U 98067KB  17169.56191516 +.00021847 +00000-0 +18672-3 0  9991 | 2 41577 051.6372 008.7158 0004406 136.6679 223.4665 15.69402974059482 | 2017/06/18-13:29:09  100.4200    0.0997  223.4318   91.7546     6738.7425     6735.7734     6741.7116  51.040901   7.824761  -0.000363   0.000250
1 41577U 98067KB  17170.58071025 +.00020044 +00000-0 +17143-3 0  9997 | 2 41577 051.6371 003.5196 0004338 140.8024 219.3288 15.69448603059643 | 2017/06/19-13:56:13  113.3898    0.0997  219.2973   91.7520     6738.6119     6735.6887     6741.5351  51.539705   3.170001  -0.000352   0.000253
1 41577U 98067KB  17171.91783862 +.00018478 +00000-0 +15813-3 0  9994 | 2 41577 051.6366 356.6993 0004192 145.6784 214.4485 15.69498653059856 | 2017/06/20-22:01:41  242.8986    0.0997  214.4213   91.7490     6738.4686     6735.6438     6741.2934  51.550941  -2.973040  -0.000332   0.000256
1 41577U 98067KB  17173.57327605 +.00017429 +00000-0 +14911-3 0  9990 | 2 41577 051.6364 348.2530 0004088 152.8475 207.2736 15.69554795060119 | 2017/06/22-13:45:31  128.9398    0.0996  207.2521   91.7458     6738.3079     6735.5533     6741.0625  50.554934 -10.512680  -0.000318   0.000257
1 41577U 98067KB  17174.84664563 +.00017802 +00000-0 +15189-3 0  9991 | 2 41577 051.6364 341.7566 0003934 158.0494 202.0673 15.69603368060310 | 2017/06/23-20:19:10  235.1088    0.0998  202.0504   91.7429     6738.1689     6735.5181     6740.8197  49.040906 -16.165003  -0.000301   0.000254
1 41577U 98067KB  17175.86531380 +.00019208 +00000-0 +16322-3 0  9996 | 2 41577 051.6367 336.5589 0003846 162.7907 197.3222 15.69642158060476 | 2017/06/24-20:46:03  248.0349    0.0998  197.3091   91.7407     6738.0579     6735.4664     6740.6494  47.375098 -20.541395  -0.000292   0.000251
1 41577U 98067KB  17177.45692723 +.00019498 +00000-0 +16513-3 0  9995 | 2 41577 051.6370 328.4382 0003737 169.5586 190.5490 15.69711589060723 | 2017/06/26-10:57:58  110.7105    0.0998  190.5412   91.7366     6737.8592     6735.3413     6740.3771  43.998653 -27.027732  -0.000278   0.000250
1 41577U 98067KB  17178.79383026 +.00017504 +00000-0 +14847-3 0  9990 | 2 41577 051.6369 321.6171 0003579 175.0720 185.0313 15.69763256060932 | 2017/06/27-19:03:06  240.1387    0.0997  185.0277   91.7336     6737.7114     6735.2999     6740.1228  40.477071 -32.062067  -0.000260   0.000246
1 41577U 98067KB  17180.57630863 +.00014856 +00000-0 +12651-3 0  9991 | 2 41577 051.6369 312.5201 0003477 183.4016 176.6958 15.69816900061211 | 2017/06/29-13:49:53  172.6907    0.0997  176.6981   91.7304     6737.5579     6735.2152     6739.9005  34.898737 -38.058476  -0.000250   0.000242
1 41577U 98067KB  17181.84947337 +.00012428 +00000-0 +10652-3 0  9991 | 2 41577 051.6365 306.0225 0003389 188.8759 171.2178 15.69849260061418 | 2017/06/30-20:23:14  278.7862    0.0996  171.2237   91.7286     6737.4653     6735.1819     6739.7486  30.367576 -41.762884  -0.000239   0.000240
1 41577U 98067KB  17182.86798493 +.00015845 +00000-0 +13424-3 0  9997 | 2 41577 051.6365 300.8239 0003328 194.0597 166.0308 15.69880581061572 | 2017/07/01-20:49:53  291.6560    0.0997  166.0400   91.7267     6737.3757     6735.1335     6739.6179  26.458601 -44.342650  -0.000235   0.000236
1 41577U 98067KB  17183.88647167 +.00020105 +00000-0 +16864-3 0  9997 | 2 41577 051.6361 295.6253 0003232 199.5911 160.4962 15.69923666061733 | 2017/07/02-21:16:31  304.5169    0.0997  160.5086   91.7242     6737.2524     6735.0749     6739.4299  22.331783 -46.557258  -0.000229   0.000228
1 41577U 98067KB  17185.15954447 +.00014465 +00000-0 +12257-3 0  9995 | 2 41577 051.6363 289.1269 0003159 205.4775 154.6068 15.69964834061939 | 2017/07/04-03:49:44   50.5793    0.0998  154.6223   91.7218     6737.1346     6735.0064     6739.2629  16.919228 -48.785727  -0.000222   0.000225
1 41577U 98067KB  17186.24163250 +.00013342 +00000-0 +11330-3 0  9994 | 2 41577 051.6365 283.6030 0003134 210.7572 149.3242 15.69995374062101 | 2017/07/05-05:47:57   86.7244    0.0997  149.3425   91.7200     6737.0472     6734.9359     6739.1586  12.144544 -50.188028  -0.000219   0.000224
1 41577U 98067KB  17187.51465222 +.00012057 +00000-0 +10274-3 0  9997 | 2 41577 051.6367 277.1047 0003071 216.4349 143.6439 15.70027657062303 | 2017/07/06-12:21:05  192.7671    0.0997  143.6648   91.7181     6736.9549     6734.8860     6739.0238   6.386576 -51.240223  -0.000212   0.000223
1 41577U 98067KB  17189.61507140 +.00013700 +00000-0 +11576-3 0  9998 | 2 41577 051.6363 266.3819 0002982 225.8658 134.2094 15.70089129062634 | 2017/07/08-14:45:42  241.7147    0.0997  134.2339   91.7145     6736.7790     6734.7701     6738.7880  -3.258550 -51.533381  -0.000200   0.000221
1 41577U 98067KB  17191.46082405 +.00021225 +00000-0 +17605-3 0  9996 | 2 41577 051.6355 256.9580 0002913 236.9172 123.1546 15.70156188062924 | 2017/07/10-11:03:35  197.4322    0.0997  123.1825   91.7106     6736.5872     6734.6249     6738.5496 -11.652338 -50.303557  -0.000202   0.000210
1 41577U 98067KB  17192.60642104 +.00017328 +00000-0 +14443-3 0  9997 | 2 41577 051.6349 251.1081 0002911 242.6156 117.4545 15.70197418063101 | 2017/07/11-14:33:14  256.8279    0.0997  117.4841   91.7082     6736.4693     6734.5083     6738.4303 -16.718537 -48.853387  -0.000201   0.000210
1 41577U 98067KB  17193.68834922 +.00014546 +00000-0 +12190-3 0  9993 | 2 41577 051.6347 245.5831 0002878 247.6731 112.3961 15.70228796063273 | 2017/07/12-16:31:13  292.9144    0.0997  112.4266   91.7064     6736.3796     6734.4408     6738.3183 -21.344392 -47.016584  -0.000197   0.000210
1 41577U 98067KB  17195.47030353 +.00013807 +00000-0 +11573-3 0  9991 | 2 41577 051.6346 236.4826 0002892 255.7871 104.2805 15.70276779063558 | 2017/07/14-11:17:14  225.2764    0.0997  104.3126   91.7036     6736.2423     6734.2942     6738.1905 -28.512120 -43.048704  -0.000195   0.000214
1 41577U 98067KB  17196.48853929 +.00013031 +00000-0 +10939-3 0  9999 | 2 41577 051.6347 231.2824 0002874 261.0306 099.0366 15.70303221063717 | 2017/07/15-11:43:29  238.0455    0.0997   99.0691   91.7020     6736.1667     6734.2307     6738.1027 -32.296594 -40.287371  -0.000193   0.000213
1 41577U 98067KB  17198.46130575 +.00033041 +00000-0 +26827-3 0  9990 | 2 41577 051.6351 221.2063 0002847 269.5957 090.4714 15.70399978064022 | 2017/07/17-11:04:16  240.2621    0.0997   90.5040   91.6964     6735.8900     6733.9723     6737.8077 -38.847279 -34.015768  -0.000186   0.000216
1 41577U 98067KB  17200.30666931 +.00014677 +00000-0 +12168-3 0  9994 | 2 41577 051.6347 211.7804 0002854 278.9009 081.1665 15.70481950064310 | 2017/07/19-07:21:36  195.8374    0.0997   81.1988   91.6916     6735.6556     6733.7333     6737.5780 -43.893260 -27.194191  -0.000186   0.000216
1 41577U 98067KB  17201.38840231 +.00012074 +00000-0 +10086-3 0  9996 | 2 41577 051.6345 206.2532 0002884 282.7716 077.2959 15.70509309064485 | 2017/07/20-09:19:17  231.8546    0.0997   77.3281   91.6900     6735.5774     6733.6349     6737.5199 -46.308300 -22.839942  -0.000182   0.000224
1 41577U 98067KB  17203.42455693 +.00013666 +00000-0 +11326-3 0  9993 | 2 41577 051.6340 195.8500 0002931 291.7196 068.3489 15.70562527064809 | 2017/07/22-10:11:21  257.2794    0.0997   68.3801   91.6869     6735.4252     6733.4511     6737.3994 -49.670876 -14.102270  -0.000179   0.000232
1 41577U 98067KB  17204.95162342 +.00014943 +00000-0 +12315-3 0  9996 | 2 41577 051.6342 188.0475 0002932 297.8533 062.2167 15.70607743065042 | 2017/07/23-22:50:20   96.3295    0.0997   62.2464   91.6843     6735.2960     6733.3212     6737.2708 -51.125724  -7.228479  -0.000172   0.000238
1 41577U 98067KB  17205.96964333 +.00012508 +00000-0 +10377-3 0  9999 | 2 41577 051.6347 182.8456 0002947 301.6888 058.3822 15.70635309065202 | 2017/07/24-23:16:17  109.0210    0.0998   58.4110   91.6826     6735.2172     6733.2323     6737.2020 -51.571031  -2.563388  -0.000167   0.000243
1 41577U 98067KB  17207.17851517 +.00014465 +00000-0 +11904-3 0  9994 | 2 41577 051.6352 176.6685 0002944 306.8431 053.2296 15.70675263065393 | 2017/07/26-04:17:03  191.5817    0.0997   53.2566   91.6803     6735.1030     6733.1201     6737.0858 -51.547937   3.000670  -0.000163   0.000245
1 41577U 98067KB  17208.51459882 +.00014454 +00000-0 +11872-3 0  9994 | 2 41577 051.6355 169.8409 0002913 311.5541 048.5207 15.70722013065604 | 2017/07/27-12:21:01  320.7143    0.0998   48.5457   91.6776     6734.9693     6733.0074     6736.9312 -50.825947   9.107580  -0.000152   0.000249
1 41577U 98067KB  17210.48684764 +.00014696 +00000-0 +12032-3 0  9999 | 2 41577 051.6356 159.7617 0002891 319.1557 040.9224 15.70783747065910 | 2017/07/29-11:41:03  322.7437    0.0998   40.9441   91.6740     6734.7928     6732.8458     6736.7399 -48.447721  17.862069  -0.000140   0.000253
1 41577U 98067KB  17212.26816695 +.00013173 +00000-0 +10812-3 0  9990 | 2 41577 051.6353 150.6571 0002909 324.9455 035.1351 15.70837847066196 | 2017/07/31-06:26:09  254.8765    0.0998   35.1543   91.6708     6734.6382     6732.6791     6736.5973 -45.010626  25.303118  -0.000126   0.000262
1 41577U 98067KB  17213.28603707 +.00014292 +00000-0 +11674-3 0  9991 | 2 41577 051.6353 145.4540 0002918 329.0282 031.0543 15.70868618066354 | 2017/08/01-06:51:53  267.5142    0.0998   31.0716   91.6690     6734.5503     6732.5851     6736.5154 -42.530509  29.280711  -0.000121   0.000266
1 41577U 98067KB  17214.36750087 +.00013884 +00000-0 +11339-3 0  9999 | 2 41577 051.6354 139.9259 0002929 332.0251 028.0589 15.70902610066528 | 2017/08/02-08:49:12  303.4337    0.0998   28.0747   91.6670     6734.4531     6732.4806     6736.4256 -39.512053  33.241724  -0.000109   0.000272
1 41577U 98067KB  17215.95784741 +.00015992 +00000-0 +12958-3 0  9999 | 2 41577 051.6356 131.7963 0002969 337.1605 022.9261 15.70953650066772 | 2017/08/03-22:59:18  165.6530    0.0999   22.9394   91.6641     6734.3072     6732.3078     6736.3067 -34.414318  38.495323  -0.000096   0.000281
1 41577U 98067KB  17217.16646985 +.00025069 +00000-0 +19974-3 0  9992 | 2 41577 051.6360 125.6176 0002997 340.9929 019.0956 15.71012305066960 | 2017/08/05-03:59:42  248.1251    0.0997   19.1068   91.6606     6734.1396     6732.1214     6736.1578 -30.071397  41.976036  -0.000086   0.000287
1 41577U 98067KB  17218.18421909 +.00022196 +00000-0 +17707-3 0  9992 | 2 41577 051.6360 120.4153 0003015 343.3540 016.7359 15.71063553067127 | 2017/08/06-04:25:16  260.7189    0.0999   16.7459   91.6577     6733.9932     6731.9629     6736.0235 -26.141451  44.529777  -0.000072   0.000293
1 41577U 98067KB  17219.26554566 +.00018429 +00000-0 +14761-3 0  9999 | 2 41577 051.6361 114.8862 0002993 346.9959 013.0961 15.71108562067296 | 2017/08/07-06:22:23  296.5893    0.0998   13.1039   91.6550     6733.8646     6731.8491     6735.8800 -21.729366  46.841450  -0.000062   0.000293
1 41577U 98067KB  17220.91928148 +.00017612 +00000-0 +14092-3 0  9994 | 2 41577 051.6358 106.4300 0003026 352.2077 007.8874 15.71170508067557 | 2017/08/08-22:03:45  182.0173    0.0999    7.8922   91.6514     6733.6876     6731.6500     6735.7252 -14.604861  49.527304  -0.000045   0.000299
1 41577U 98067KB  17221.93693446 +.00016695 +00000-0 +13365-3 0  9999 | 2 41577 051.6359 101.2251 0003032 355.5752 004.5219 15.71205455067714 | 2017/08/09-22:29:11  194.5783    0.0998    4.5246   91.6494     6733.5877     6731.5461     6735.6293 -10.051654  50.648104  -0.000036   0.000301
1 41577U 98067KB  17223.14536780  .00016684  00000-0  13333-3 0  9994 | 2 41577  51.6357  95.0442 0003068 359.2868   0.8125 15.71247377 67907 | 2017/08/11-03:29:19  276.9841    0.0998    0.8130   91.6469     6733.4680     6731.4021     6735.5338  -4.540028  51.435724  -0.000023   0.000306
1 41577U 98067KB  17224.60816668 +.00019102 +00000-0 +15161-3 0  9991 | 2 41577 051.6355 087.5620 0003074 003.2300 356.8717 15.71299125068138 | 2017/08/12-14:35:45   92.5133    0.0998  356.8698   91.6439     6733.3201     6731.2503     6735.3899   2.196486  51.588761  -0.000004   0.000307
1 41577U 98067KB  17225.62573480 +.00018697 +00000-0 +14826-3 0  9991 | 2 41577 051.6357 082.3570 0003090 005.5939 354.5093 15.71338253068293 | 2017/08/13-15:01:03  105.0443    0.0998  354.5059   91.6416     6733.2083     6731.1278     6735.2889   6.867561  51.176969   0.000011   0.000309
1 41577U 98067KB  17226.83406530  .00017004  00000-0  13504-3 0  9999 | 2 41577  51.6356  76.1763 0003087   8.1731 351.9316 15.71381094 68483 | 2017/08/14-20:01:03  187.4134    0.0997  351.9266   91.6391     6733.0860     6731.0075     6735.1645  12.337559  50.140002   0.000030   0.000307
1 41577U 98067KB  17227.97877048  .00016158  00000-0  12837-3 0  9998 | 2 41577  51.6359  70.3203 0003097  11.3996 348.7071 15.71418676 68660 | 2017/08/15-23:29:25  246.4896    0.0997  348.7001   91.6369     6732.9786     6730.8934     6735.0638  17.388992  48.619843   0.000045   0.000306
1 41577U 98067KB  17229.12344930  .00018328  00000-0  14471-3 0  9993 | 2 41577  51.6358  64.4643 0003124  14.5354 345.5734 15.71457777 68841 | 2017/08/17-02:57:46  305.5561    0.0999  345.5645   91.6347     6732.8669     6730.7636     6734.9703  22.258820  46.591853   0.000060   0.000307
1 41577U 98067KB  17230.64963431  .00024098  00000-0  18811-3 0  9998 | 2 41577  51.6354  56.6555 0003120  18.9580 341.1534 15.71528719 69089 | 2017/08/18-15:35:28  144.2932    0.0998  341.1418   91.6305     6732.6643     6730.5637     6734.7649  28.382523  43.135217   0.000078   0.000302
1 41577U 98067KB  17231.85780695  .00028148  00000-0  21820-3 0  9995 | 2 41577  51.6354  50.4741 0003200  21.8329 338.2805 15.71598052 69277 | 2017/08/19-20:35:14  226.6056    0.0998  338.2669   91.6265     6732.4663     6730.3119     6734.6207  32.862161  39.828293   0.000097   0.000305
1 41577U 98067KB  17232.87517551  .00026008  00000-0  20154-3 0  9999 | 2 41577  51.6355  45.2679 0003278  23.9004 336.2146 15.71654594 69436 | 2017/08/20-21:00:15  239.0656    0.0998  336.1994   91.6232     6732.3048     6730.0980     6734.5117  36.340694  36.682132   0.000117   0.000306
1 41577U 98067KB  17233.89250697 +.00024677 +00000-0 +19106-3 0  9992 | 2 41577 051.6359 040.0612 0003285 026.9501 333.1667 15.71708306069595 | 2017/08/21-21:25:12  251.5126    0.0998  333.1497   91.6201     6732.1514     6729.9399     6734.3629  39.519919  33.233149   0.000128   0.000302
1 41577U 98067KB  17235.03696366  .00027708  00000-0  21330-3 0  9997 | 2 41577  51.6361  34.2034 0003336  29.6013 330.5173 15.71772692 69778 | 2017/08/23-00:53:13  310.5010    0.0998  330.4985   91.6163     6731.9676     6729.7218     6734.2134  42.705493  29.026328   0.000147   0.000299
1 41577U 98067KB  17236.05421412  .00028469  00000-0  21839-3 0  9997 | 2 41577  51.6365  28.9963 0003379  31.8343 328.2858 15.71840945 69930 | 2017/08/24-01:18:04  322.9194    0.0997  328.2654   91.6123     6731.7727     6729.4980     6734.0474  45.163917  25.030955   0.000165   0.000295
1 41577U 98067KB  17237.45286285  .00028300  00000-0  21629-3 0  9990 | 2 41577  51.6367  21.8364 0003440  35.9479 324.1751 15.71932003 70153 | 2017/08/25-10:52:07  114.9685    0.0999  324.1520   91.6070     6731.5127     6729.1971     6733.8284  47.931752  19.206664   0.000183   0.000291
1 41577U 98067KB  17238.59716569 +.00021963 +00000-0 +16869-3 0  9997 | 2 41577 051.6366 015.9785 0003519 036.2064 323.9171 15.71978097070330 | 2017/08/26-14:19:55  173.9028    0.0997  323.8933   91.6043     6731.3811     6729.0124     6733.7499  49.641623  14.214349   0.000216   0.000278
1 41577U 98067KB  17239.80499939 +.00021840 +00000-0 +16739-3 0  9991 | 2 41577 051.6359 009.7937 0003532 038.8511 321.2740 15.72032085070525 | 2017/08/27-19:19:11  256.0967    0.0998  321.2487   91.6012     6731.2270     6728.8495     6733.6045  50.883390   8.783326   0.000233   0.000265
1 41577U 98067KB  17240.88565142  .00027770  00000-0  21086-3 0  9990 | 2 41577  51.6358   4.2601 0003581  41.5592 318.5678 15.72097768 70692 | 2017/08/28-21:15:20  291.7282    0.0998  318.5406   91.5974     6731.0395     6728.6291     6733.4499  51.493136   3.835728   0.000250   0.000257
1 41577U 98067KB  17241.90269720  .00030308  00000-0  22909-3 0  9993 | 2 41577  51.6359 359.0518 0003637  43.4049 316.7235 15.72155029 70853 | 2017/08/29-21:39:53  304.0741    0.0998  316.6949   91.5940     6730.8761     6728.4281     6733.3241  51.628829  -0.854494   0.000268   0.000246
1 41577U 98067KB  17243.30107836  .00023159  00000-0  17577-3 0  9999 | 2 41577  51.6359 351.8897 0003677  47.1492 312.9815 15.72223413 71070 | 2017/08/31-07:13:33   96.0294    0.0999  312.9507   91.5900     6730.6809     6728.2060     6733.1558  51.119454  -7.284752   0.000286   0.000232
1 41577U 98067KB  17244.50871132  .00033779  00000-0  25305-3 0  9996 | 2 41577  51.6361 345.7043 0003750  49.7229 310.4096 15.72308567 71265 | 2017/09/01-12:12:32  178.1512    0.0998  310.3769   91.5851     6730.4379     6727.9140     6732.9618  50.037150 -12.750311   0.000306   0.000217
1 41577U 98067KB  17245.52561397 +.00037903 +00000-0 +28234-3 0  9995 | 2 41577 051.6361 340.4942 0003777 051.6640 308.4697 15.72384274071424 | 2017/09/02-12:36:53  190.4473    0.0998  308.4358   91.5807     6730.2219     6727.6798     6732.7639  48.672585 -17.241412   0.000320   0.000201
1 41577U 98067KB  17246.60602087 +.00032423 +00000-0 +24158-3 0  9990 | 2 41577 051.6361 334.9590 0003824 054.7614 305.3742 15.72457903071594 | 2017/09/03-14:32:40  225.9920    0.0999  305.3385   91.5764     6730.0118     6727.4382     6732.5853  46.782572 -21.855841   0.000332   0.000190
1 41577U 98067KB  17247.62282463 +.00034618 +00000-0 +25672-3 0  9995 | 2 41577 051.6360 329.7492 0003877 057.4942 302.6431 15.72535315071755 | 2017/09/04-14:56:52  238.2517    0.0999  302.6057   91.5719     6729.7909     6727.1817     6732.4000  44.604647 -26.013496   0.000345   0.000177
1 41577U 98067KB  17248.83020782 +.00039020 +00000-0 +28732-3 0  9995 | 2 41577 051.6360 323.5623 0003970 060.1895 299.9498 15.72642888071941 | 2017/09/05-19:55:29  320.2846    0.0999  299.9104   91.5656     6729.4840     6726.8124     6732.1556  41.541325 -30.669118   0.000363   0.000160
1 41577U 98067KB  17250.35521591 +.00037903 +00000-0 +27786-3 0  9995 | 2 41577 051.6355 315.7460 0004011 064.5961 295.5452 15.72760861072187 | 2017/09/07-08:31:30  158.6049    0.0998  295.5037   91.5587     6729.1475     6726.4484     6731.8465  36.984093 -36.033341   0.000376   0.000139
1 41577U 98067KB  17251.43535176  .00066414  00000-0  47934-3 0  9995 | 2 41577  51.6351 310.2087 0004066  66.9716 293.1711 15.72884186 72350 | 2017/09/08-10:26:54  194.0543    0.0999  293.1283   91.5516     6728.7957     6726.0598     6731.5317  33.334260 -39.433623   0.000388   0.000120
1 41577U 98067KB  17252.57891348  .00058429  00000-0  41986-3 0  9995 | 2 41577  51.6348 304.3450 0004004  68.9556 291.1871 15.73039550 72533 | 2017/09/09-13:53:38  252.7274    0.0999  291.1443   91.5425     6728.3527     6725.6586     6731.0467  29.131047 -42.632554   0.000390   0.000092
1 41577U 98067KB  17253.59535035  .00029763  00000-0  21625-3 0  9993 | 2 41577  51.6349 299.1320 0004037  73.0219 287.1222 15.73098002 72699 | 2017/09/10-14:17:18  264.8581    0.0999  287.0780   91.5391     6728.1860     6725.4698     6730.9022  25.137073 -45.103109   0.000395   0.000085
1 41577U 98067KB  17255.56459135  .00027993  00000-0  20277-3 0  9993 | 2 41577  51.6348 289.0324 0004179  76.4805 283.6659 15.73204338 73007 | 2017/09/12-13:33:00  265.8232    0.0999  283.6194   91.5329     6727.8828     6725.0712     6730.6944  16.838252 -48.812149   0.000416   0.000040
1 41577U 98067KB  17257.08906676  .00030288  00000-0  21810-3 0  9994 | 2 41577  51.6345 281.2115 0004180  83.1107 277.0367 15.73298259 73242 | 2017/09/14-02:08:15  103.9568    0.0999  276.9892   91.5275     6727.6150     6724.8029     6730.4272  10.039360 -50.649115   0.000417   0.000032
1 41577U 98067KB  17258.10533207  .00039817  00000-0  28415-3 0  9999 | 2 41577  51.6341 275.9979 0004178  87.6877 272.4600 15.73368611 73403 | 2017/09/15-02:31:40  116.0273    0.0999  272.4122   91.5234     6727.4145     6724.6038     6730.2252   5.395351 -51.351441   0.000417   0.000027
1 41577U 98067KB  17259.43910863  .00042291  00000-0  30015-3 0  9992 | 2 41577  51.6337 269.1541 0004120  90.8730 269.2741 15.73469385 73612 | 2017/09/16-10:32:18  244.3459    0.0999  269.2269   91.5175     6727.1273     6724.3557     6729.8988  -0.762279 -51.628073   0.000412   0.000000
1 41577U 98067KB  17260.58227890 +.00031046 +00000-0 +22110-3 0  9994 | 2 41577 051.6329 263.2873 0004108 094.9431 265.2037 15.73544129073798 | 2017/09/17-13:58:28  302.8811    0.0999  265.1568   91.5132     6726.9142     6724.1508     6729.6776  -6.035415 -51.278944   0.000411  -0.000013
1 41577U 98067KB  17261.59838691  .00031730  00000-0  22526-3 0  9994 | 2 41577  51.6327 258.0719 0004076  99.4059 260.7401 15.73606200 73959 | 2017/09/18-14:21:40  314.8977    0.0999  260.6940   91.5096     6726.7373     6723.9955     6729.4791 -10.671656 -50.517833   0.000407  -0.000018
1 41577U 98067KB  17263.18597863  .00028064  00000-0  19909-3 0  9991 | 2 41577  51.6329 249.9231 0004112 104.6251 255.5204 15.73692839 74208 | 2017/09/20-04:27:48  176.1448    0.0999  255.4748   91.5045     6726.4904     6723.7245     6729.2564 -17.724596 -48.495310   0.000409  -0.000039
1 41577U 98067KB  17264.20199214 +.00022260 +00000-0 +15858-3 0  9994 | 2 41577 051.6330 244.7075 0004046 108.2682 251.8757 15.73744487074369 | 2017/09/21-04:50:52  188.1283    0.0998  251.8316   91.5015     6726.3433     6723.6218     6729.0647 -22.059658 -46.683382   0.000402  -0.000049
1 41577U 98067KB  17265.40846333  .00025069  00000-0  17748-3 0  9998 | 2 41577  51.6331 238.5134 0004079 114.5080 245.6345 15.73810022 74559 | 2017/09/22-09:48:11  269.8426    0.0999  245.5919   91.4977     6726.1565     6723.4129     6728.9001 -26.967924 -44.030763   0.000405  -0.000050
1 41577U 98067KB  17266.48789391  .00026747  00000-0  18852-3 0  9998 | 2 41577  51.6334 232.9708 0004043 118.5561 241.5846 15.73873635 74725 | 2017/09/23-11:42:34  305.0459    0.1000  241.5439   91.4940     6725.9753     6723.2560     6728.6946 -31.094767 -41.220425   0.000400  -0.000060
1 41577U 98067KB  17267.88473562 +.00032486 +00000-0 +22698-3 0  9993 | 2 41577 051.6330 225.7985 0004145 124.6525 235.4865 15.73965870074949 | 2017/09/24-21:14:01   96.4597    0.0999  235.4474   91.4886     6725.7125     6722.9247     6728.5003 -35.997695 -37.015303   0.000409  -0.000069
1 41577U 98067KB  17269.09102740  .00034970  00000-0  24300-3 0  9997 | 2 41577  51.6333 219.6025 0004193 129.8903 230.2465 15.74054634 75138 | 2017/09/26-02:11:04  178.1119    0.0999  230.2096   91.4835     6725.4597     6722.6397     6728.2797 -39.782705 -32.914040   0.000412  -0.000076
1 41577U 98067KB  17270.10679877  .00035417  00000-0  24523-3 0  9995 | 2 41577  51.6332 214.3855 0004245 134.3344 225.8004 15.74130788 75299 | 2017/09/27-02:33:47  190.0098    0.0999  225.7655   91.4791     6725.2428     6722.3879     6728.0976 -42.610631 -29.160272   0.000416  -0.000083
1 41577U 98067KB  17271.37642983  .00073053  00000-0  49576-3 0  9996 | 2 41577  51.6331 207.8633 0004263 140.8990 219.2317 15.74282296 75496 | 2017/09/28-09:02:03  294.8547    0.0998  219.2008   91.4703     6724.8113     6721.9445     6727.6781 -45.647026 -24.131433   0.000418  -0.000083
1 41577U 98067KB  17272.39203120  .00049916  00000-0  33899-3 0  9997 | 2 41577  51.6332 202.6453 0004305 145.5817 214.5461 15.74421642 75653 | 2017/09/29-09:24:31  306.6931    0.0998  214.5181   91.4622     6724.4145     6721.5196     6727.3093 -47.652595 -19.880079   0.000421  -0.000088
1 41577U 98067KB  17273.78836312 +.00053033 +00000-0 +35756-3 0  9995 | 2 41577 051.6335 195.4696 0004312 152.2233 207.8997 15.74563332075875 | 2017/09/30-18:55:14   97.9294    0.0999  207.8766   91.4539     6724.0111     6721.1117     6726.9105 -49.762927 -13.772051   0.000421  -0.000092
1 41577U 98067KB  17275.12110805  .00049828  00000-0  33440-3 0  9992 | 2 41577  51.6340 188.6182 0004379 158.2531 201.8655 15.74696534 76085 | 2017/10/02-02:54:23  225.8870    0.0999  201.8468   91.4462     6723.6319     6720.6876     6726.5761 -51.050992  -7.737325   0.000426  -0.000099
1 41577U 98067KB  17276.13646247  .00040033  00000-0  26882-3 0  9999 | 2 41577  51.6341 183.3980 0004457 162.9263 197.1887 15.74781365 76244 | 2017/10/03-03:16:30  237.6392    0.0999  197.1736   91.4413     6723.3904     6720.3938     6726.3870 -51.543322  -3.060432   0.000433  -0.000105
1 41577U 98067KB  17277.21519709  .00046287  00000-0  30808-3 0  9991 | 2 41577  51.6346 177.8521 0004546 168.0991 192.0116 15.74918953 76415 | 2017/10/04-05:09:53  272.5971    0.0999  192.0008   91.4333     6722.9988     6719.9425     6726.0551 -51.598322   1.935221   0.000441  -0.000110
1 41577U 98067KB  17278.92828845 +.00062432 +00000-0 +40918-3 0  9997 | 2 41577 051.6340 169.0412 0004503 177.1979 182.9046 15.75148387076687 | 2017/10/05-22:16:44  179.8176    0.0999  182.9020   91.4200     6722.3460     6719.3189     6725.3730 -50.692409   9.815783   0.000437  -0.000107
1 41577U 98067KB  17279.94335101 +.00052909 +00000-0 +34635-3 0  9995 | 2 41577 051.6336 163.8183 0004865 182.7628 177.3346 15.75242305076847 | 2017/10/06-22:38:25  191.4686    0.1000  177.3372   91.4145     6722.0788     6718.8085     6725.3491 -49.588019  14.389478   0.000473  -0.000113
1 41577U 98067KB  17281.08522755  .00050593  00000-0  33008-3 0  9996 | 2 41577  51.6335 157.9437 0004660 186.7278 173.3660 15.75339392 77029 | 2017/10/08-02:02:43  249.5479    0.1000  173.3722   91.4089     6721.8026     6718.6702     6724.9349 -47.854718  19.389282   0.000449  -0.000123
1 41577U 98067KB  17282.86134666  .00032883  00000-0  21527-3 0  9998 | 2 41577  51.6338 148.8033 0004586 194.7202 165.3664 15.75465296 77305 | 2017/10/09-20:40:20  179.8490    0.0999  165.3797   91.4016     6721.4445     6718.3620     6724.5269 -44.167248  26.745159   0.000440  -0.000130
1 41577U 98067KB  17284.00307051  .00030078  00000-0  19676-3 0  9992 | 2 41577  51.6338 142.9263 0004652 198.7381 161.3449 15.75531247 77487 | 2017/10/11-00:04:25  237.8755    0.1000  161.3619   91.3977     6721.2569     6718.1302     6724.3836 -41.196581  31.127014   0.000442  -0.000146
1 41577U 98067KB  17285.14473925  .00050131  00000-0  32304-3 0  9997 | 2 41577  51.6341 137.0501 0004575 204.5578 155.5204 15.75628016 77664 | 2017/10/12-03:28:25  295.8825    0.0999  155.5421   91.3921     6720.9817     6717.9068     6724.0565 -37.793568  35.181338   0.000434  -0.000144
1 41577U 98067KB  17286.15948852  .00051577  00000-0  33069-3 0  9999 | 2 41577  51.6344 131.8261 0004561 209.4534 150.6210 15.75731365 77826 | 2017/10/13-03:49:39  307.4202    0.1000  150.6466   91.3861     6720.6878     6717.6225     6723.7531 -34.433535  38.476524   0.000432  -0.000146
1 41577U 98067KB  17287.55466738 +.00050792 +00000-0 +32385-3 0  9990 | 2 41577 051.6345 124.6423 0004566 215.7064 144.3631 15.75865003078049 | 2017/10/14-13:18:43   98.2485    0.1000  144.3936   91.3784     6720.3078     6717.2393     6723.3763 -29.351698  42.480577   0.000430  -0.000154
1 41577U 98067KB  17288.56926321  .00040067  00000-0  25561-3 0  9993 | 2 41577  51.6344 119.4170 0004567 220.2953 139.7709 15.75958839 78200 | 2017/10/15-13:39:44  109.7316    0.1000  139.8047   91.3729     6720.0411     6716.9720     6723.1101 -25.360867  44.977080   0.000428  -0.000158
1 41577U 98067KB  17289.58380156  .00034392  00000-0  21932-3 0  9998 | 2 41577  51.6343 114.1913 0004511 225.1276 134.9358 15.76043559 78366 | 2017/10/16-14:00:40  121.1939    0.1000  134.9724   91.3680     6719.8003     6716.7689     6722.8316 -21.158937  47.099897   0.000422  -0.000159
1 41577U 98067KB  17290.85190723  .00035126  00000-0  22303-3 0  9998 | 2 41577  51.6343 107.6588 0004475 232.1356 127.9239 15.76132636 78564 | 2017/10/17-20:26:44  225.4982    0.0999  127.9643   91.3629     6719.5471     6716.5401     6722.5541 -15.663159  49.201284   0.000420  -0.000155
1 41577U 98067KB  17292.05654331  .00035242  00000-0  22293-3 0  9999 | 2 41577  51.6343 101.4522 0004426 238.4593 121.5975 15.76216594 78756 | 2017/10/19-01:21:25  306.5639    0.1000  121.6407   91.3580     6719.3084     6716.3345     6722.2824 -10.252008  50.606297   0.000416  -0.000152
1 41577U 98067KB  17293.45662360  .00052245  00000-0  32598-3 0  9996 | 2 41577  51.6403  94.2424 0003882 236.1885 154.1360 15.76350971 78979 | 2017/10/20-10:57:32   68.9149   30.3439  154.1554   91.3502     6718.9266     6716.3183     6721.5349  -3.820154  51.498806   0.000338  -0.000192
1 41577U 98067KB  17294.47241150  .00042118  00000-0  26296-3 0  9995 | 2 41577  51.6351  88.9988 0004532 233.0123 165.8011 15.76427892 79138 | 2017/10/21-11:20:16   72.3544   38.8261  165.8138   91.3458     6718.7080     6715.6631     6721.7529   0.902238  51.627217   0.000357  -0.000279
1 41577U 98067KB  17295.60659531 +.00043298 +00000-0 +26886-3 0  9992 | 2 41577 051.6356 083.1567 0004459 258.0519 101.9981 15.76539460079319 | 2017/10/22-14:33:29  166.3840    0.1000  102.0481   91.3393     6718.3910     6715.3953     6721.3868   6.152606  51.267735   0.000422  -0.000144
1 41577U 98067KB  17296.81090731  .00043580  00000-0  26926-3 0  9996 | 2 41577  51.6360  76.9486 0004453 264.8326  95.2166 15.76650385 79500 | 2017/10/23-19:27:42  247.3322    0.1000   95.2674   91.3329     6718.0759     6715.0844     6721.0675  11.660703  50.302132   0.000423  -0.000139
1 41577U 98067KB  17297.95175592  .00063163  00000-0  38545-3 0  9990 | 2 41577  51.6361  71.0664 0004468 270.4326  89.6162 15.76773752 79680 | 2017/10/24-22:50:31  305.0448    0.1000   89.6674   91.3257     6717.7255     6714.7240     6720.7270  16.754478  48.842341   0.000424  -0.000142
1 41577U 98067KB  17299.59947507  .00056064  00000-0  33983-3 0  9998 | 2 41577  51.6361  62.5697 0004581 280.4742  79.5742 15.76974220 79944 | 2017/10/26-14:23:14  188.3449    0.1000   79.6258   91.3141     6717.1562     6714.0790     6720.2333  23.787162  45.830751   0.000438  -0.000134
1 41577U 98067KB  17300.80343829  .00050838  00000-0  30664-3 0  9998 | 2 41577  51.6362  56.3585 0004588 285.9235  74.1260 15.77126619 80137 | 2017/10/27-19:16:57  269.1684    0.1001   74.1766   91.3053     6716.7234     6713.6418     6719.8051  28.606181  42.988179   0.000437  -0.000140
1 41577U 98067KB  17302.51416135  .00045361  00000-0  27218-3 0  9995 | 2 41577  51.6362  47.5314 0004678 296.2594  63.7925 15.77293421 80400 | 2017/10/29-12:20:23  175.5396    0.1000   63.8406   91.2956     6716.2499     6713.1080     6719.3918  34.864042  38.089312   0.000449  -0.000131
1 41577U 98067KB  17303.52784367  .00043342  00000-0  25928-3 0  9995 | 2 41577  51.6362  42.3003 0004787 302.2994  57.7543 15.77381795 80569 | 2017/10/30-12:40:05  186.6937    0.1001   57.8007   91.2905     6715.9990     6712.7841     6719.2140  38.191557  34.752009   0.000462  -0.000127
1 41577U 98067KB  17304.54146971  .00039358  00000-0  23505-3 0  9992 | 2 41577  51.6364  37.0687 0004879 307.0802  52.9752 15.77464230 80726 | 2017/10/31-12:59:42  197.8280    0.1001   53.0199   91.2857     6715.7651     6712.4884     6719.0417  41.201372  31.124986   0.000469  -0.000133
1 41577U 98067KB  17305.74508133 +.00037301 +00000-0 +22205-3 0  9999 | 2 41577 051.6366 030.8556 0004966 313.4988 046.5599 15.77562587080910 | 2017/11/01-17:52:55  278.5243    0.1000   46.6012   91.2801     6715.4859     6712.1510     6718.8208  44.328090  26.483181   0.000478  -0.000134
1 41577U 98067KB  17307.45533625  .00053806  00000-0  31550-3 0  9994 | 2 41577  51.6363  22.0259 0005100 321.9912  38.0729 15.77735876 81186 | 2017/11/03-10:55:41  184.7261    0.1002   38.1090   91.2700     6714.9942     6711.5695     6718.4188  47.867595  19.364938   0.000490  -0.000140
1 41577U 98067KB  17308.46872659  .00039595  00000-0  23257-3 0  9993 | 2 41577  51.6361  16.7930 0005224 326.6893  33.3778 15.77833432 81344 | 2017/11/04-11:14:57  195.7754    0.1001   33.4108   91.2644     6714.7174     6711.2096     6718.2252  49.434068  14.918435   0.000501  -0.000149
1 41577U 98067KB  17309.73538041  .00049056  00000-0  28529-3 0  9998 | 2 41577  51.6355  10.2506 0005272 331.6210  28.4503 15.77958810 81548 | 2017/11/05-17:38:56  299.5574    0.1001   28.4791   91.2571     6714.3617     6710.8219     6717.9015  50.811337   9.188736   0.000501  -0.000164
1 41577U 98067KB  17311.19191635  .00020778  00000-0  12291-3 0  9994 | 2 41577  51.6355   2.7259 0005547 339.1633  20.9141 15.78060938 81772 | 2017/11/07-04:36:21  112.8646    0.1001   20.9368   91.2512     6714.0720     6710.3477     6717.7963  51.577073   2.455680   0.000527  -0.000172
1 41577U 98067KB  17312.39506169  .00068992  00000-0  39436-3 0  9999 | 2 41577  51.6351 356.5089 0005427 343.8459  16.2368 15.78203875 81963 | 2017/11/08-09:28:53  193.3945    0.1001   16.2542   91.2430     6713.6666     6710.0231     6717.3101  51.539279  -3.144242   0.000511  -0.000182
1 41577U 98067KB  17313.47145700 +.00054228 +00000-0 +30943-3 0  9990 | 2 41577 051.6350 350.9459 0005483 348.3830 011.7044 15.78339920082138 | 2017/11/09-11:18:53  227.5161    0.1002   11.7172   91.2351     6713.2808     6709.5999     6716.9617  50.991638  -8.125645   0.000513  -0.000194
1 41577U 98067KB  17314.48446313  .00044512  00000-0  25387-3 0  9997 | 2 41577  51.6348 345.7095 0005548 352.6726   7.4193 15.78435642 82299 | 2017/11/10-11:37:37  238.4286    0.1001    7.4275   91.2296     6713.0094     6709.2850     6716.7338  50.037047 -12.745448   0.000516  -0.000204
1 41577U 98067KB  17315.56071600  .00038954  00000-0  22184-3 0  9995 | 2 41577  51.6352 340.1459 0005661 357.4125   2.6846 15.78530248 82468 | 2017/11/11-13:27:25  272.4989    0.1001    2.6876   91.2241     6712.7412     6708.9411     6716.5413  48.566030 -17.536665   0.000523  -0.000216
1 41577U 98067KB  17316.57360631 +.00034814 +00000-0 +19808-3 0  9992 | 2 41577 051.6352 334.9095 0005747 002.1789 357.9236 15.78606578082627 | 2017/11/12-13:45:59  283.3687    0.1001  357.9212   91.2197     6712.5248     6708.6671     6716.3825  46.762857 -21.895869   0.000529  -0.000224
1 41577U 98067KB  17317.58645288 +.00033932 +00000-0 +19260-3 0  9990 | 2 41577 051.6351 329.6724 0005805 006.6903 353.4174 15.78672994082782 | 2017/11/13-14:04:29  294.2237    0.1001  353.4098   91.2159     6712.3365     6708.4400     6716.2330  44.568961 -26.072807   0.000532  -0.000233
1 41577U 98067KB  17318.85244539 +.00040224 +00000-0 +22646-3 0  9999 | 2 41577 051.6350 323.1254 0005748 012.5223 347.5920 15.78770172082987 | 2017/11/14-20:27:31   37.7692    0.1001  347.5778   91.2102     6712.0611     6708.2030     6715.9192  41.305457 -30.984390   0.000524  -0.000237
1 41577U 98067KB  17320.18164089  .00051064  00000-0  28441-3 0  9992 | 2 41577  51.6347 316.2502 0005755  18.2315 341.8891 15.78901821 83190 | 2017/11/16-04:21:33  164.4586    0.1001  341.8686   91.2026     6711.6880     6707.8254     6715.5505  37.299171 -35.705939   0.000519  -0.000248
1 41577U 98067KB  17321.51072125  .00046080  00000-0  25561-3 0  9991 | 2 41577  51.6346 309.3740 0005734  24.7740 335.3535 15.79037306 83403 | 2017/11/17-12:15:26  291.1069    0.1001  335.3261   91.1948     6711.3040     6707.4558     6715.1523  32.755947 -39.914657   0.000516  -0.000250
1 41577U 98067KB  17323.15610034  .00044211  00000-0  24379-3 0  9990 | 2 41577  51.6345 300.8592 0005757  31.3128 328.8215 15.79187343 83669 | 2017/11/19-03:44:47  173.5731    0.1001  328.7873   91.1861     6710.8789     6707.0155     6714.7424  26.484889 -44.324623   0.000509  -0.000269
1 41577U 98067KB  17324.16856098  .00039225  00000-0  21594-3 0  9999 | 2 41577  51.6347 295.6195 0005708  35.7019 324.4363 15.79280360 83821 | 2017/11/20-04:02:43  184.2927    0.1001  324.3982   91.1808     6710.6154     6706.7850     6714.4459  22.326465 -46.558256   0.000501  -0.000274
1 41577U 98067KB  17325.43405210  .00061960  00000-0  33598-3 0  9994 | 2 41577  51.6345 289.0691 0005590  41.6569 318.4858 15.79416366 84024 | 2017/11/21-10:25:02  287.6627    0.1002  318.4433   91.1729     6710.2302     6706.4792     6713.9812  16.869416 -48.801069   0.000488  -0.000273
1 41577U 98067KB  17326.44635723  .00064839  00000-0  34919-3 0  9996 | 2 41577  51.6343 283.8286 0005507  46.7652 313.3808 15.79550139 84184 | 2017/11/22-10:42:45  298.3275    0.1001  313.3349   91.1652     6709.8513     6706.1562     6713.5464  12.341537 -50.137685   0.000480  -0.000270
1 41577U 98067KB  17328.09117569  .00056700  00000-0  30335-3 0  9998 | 2 41577  51.6339 275.3112 0005443  52.3406 307.8088 15.79750178 84444 | 2017/11/24-02:11:17  180.5974    0.1001  307.7595   91.1537     6709.2849     6705.6330     6712.9367   4.779504 -51.412216   0.000460  -0.000291
1 41577U 98067KB  17329.35627683  .00053823  00000-0  28614-3 0  9991 | 2 41577  51.6338 268.7580 0005391  59.3401 300.8131 15.79911101 84641 | 2017/11/25-08:33:02  283.8301    0.1001  300.7600   91.1444     6708.8293     6705.2126     6712.4460  -1.119178 -51.621669   0.000458  -0.000285
1 41577U 98067KB  17330.68450452  .00049576  00000-0  26231-3 0  9990 | 2 41577  51.6340 261.8773 0005362  64.3813 295.7742 15.80050916 84856 | 2017/11/26-16:25:41   50.1797    0.1002  295.7189   91.1363     6708.4335     6704.8365     6712.0306  -7.295546 -51.115995   0.000446  -0.000298
1 41577U 98067KB  17331.82289558  .00048280  00000-0  25432-3 0  9997 | 2 41577  51.6336 255.9775 0005260  70.6565 289.5005 15.80160565 85034 | 2017/11/27-19:44:58  107.0208    0.1002  289.4437   91.1300     6708.1232     6704.5947     6711.6516 -12.510972 -50.094952   0.000439  -0.000289
1 41577U 98067KB  17332.96120062 +.00049982 +00000-0 +26161-3 0  9997 | 2 41577 051.6339 250.0766 0005217 076.1710 283.9872 15.80285839085210 | 2017/11/28-23:04:07  163.8323    0.1002  283.9292   91.1228     6707.7687     6704.2692     6711.2681 -17.594951 -48.543561   0.000434  -0.000290
1 41577U 98067KB  17334.16263333  .00052815  00000-0  27405-3 0  9991 | 2 41577  51.6341 243.8483 0005059  82.5467 277.6110 15.80453432 85405 | 2017/11/30-03:54:11  243.7610    0.1002  277.5535   91.1131     6707.2944     6703.9012     6710.6877 -22.757694 -46.348329   0.000421  -0.000280
1 41577U 98067KB  17335.17427867 +.00064834 +00000-0 +33334-3 0  9999 | 2 41577 051.6340 238.6028 0004982 087.4916 272.6656 15.80570994085568 | 2017/12/01-04:10:57  254.1965    0.1002  272.6086   91.1063     6706.9619     6703.6204     6710.3033 -26.899658 -44.073556   0.000413  -0.000278
1 41577U 98067KB  17336.56517786 +.00048800 +00000-0 +25073-3 0  9999 | 2 41577 051.6336 231.3907 0004905 093.0884 267.0679 15.80704024085781 | 2017/12/02-13:33:51   43.5041    0.1002  267.0118   91.0986     6706.5855     6703.2960     6709.8751 -32.219699 -40.347486   0.000399  -0.000285
1 41577U 98067KB  17337.82953597  .00033886  00000-0  17470-3 0  9993 | 2 41577  51.6332 224.8313 0004799  98.5059 261.6487 15.80804030 85987 | 2017/12/03-19:54:31  146.4804    0.1002  261.5943   91.0929     6706.3027     6703.0843     6709.5210 -36.617527 -36.402528   0.000385  -0.000287
1 41577U 98067KB  17338.84096866  .00033487  00000-0  17213-3 0  9995 | 2 41577  51.6327 219.5843 0004760 102.2828 257.8707 15.80875614 86142 | 2017/12/04-20:10:59  156.8412    0.1002  257.8174   91.0888     6706.1002     6702.9081     6709.2923 -39.792696 -32.901019   0.000374  -0.000294
1 41577U 98067KB  17339.85234111  .00051109  00000-0  25896-3 0  9991 | 2 41577  51.6324 214.3367 0004699 106.3045 253.8475 15.80988812 86301 | 2017/12/05-20:27:22  167.1812    0.1003  253.7958   91.0822     6705.7801     6702.6291     6708.9312 -42.634792 -29.123517   0.000363  -0.000298
1 41577U 98067KB  17341.17965452 +.00041568 +00000-0 +21010-3 0  9990 | 2 41577 051.6323 207.4488 0004647 112.3112 247.8383 15.81135125086518 | 2017/12/07-04:18:42  293.2127    0.1002  247.7890   91.0738     6705.3664     6702.2505     6708.4824 -45.819696 -23.800208   0.000355  -0.000300
1 41577U 98067KB  17342.44366953  .00038042  00000-0  19178-3 0  9997 | 2 41577  51.6324 200.8874 0004578 117.3861 242.7608 15.81234546 86717 | 2017/12/08-10:38:53   36.0680    0.1003  242.7142   91.0681     6705.0854     6702.0158     6708.1550 -48.239269 -18.408631   0.000342  -0.000305
1 41577U 98067KB  17343.58122013 +.00035392 +00000-0 +17807-3 0  9992 | 2 41577 051.6323 194.9819 0004541 121.9438 238.2006 15.81313720086892 | 2017/12/09-13:56:57   92.6154    0.1002  238.1564   91.0635     6704.8616     6701.8169     6707.9062 -49.877191 -13.347667   0.000332  -0.000310
1 41577U 98067KB  17344.78191156 +.00028998 +00000-0 +14619-3 0  9991 | 2 41577 051.6324 188.7482 0004446 126.6502 233.4909 15.81381913087088 | 2017/12/10-18:45:57  172.2848    0.1002  233.4500   91.0596     6704.6688     6701.6879     6707.6497 -51.031724  -7.852892   0.000317  -0.000312
1 41577U 98067KB  17345.79297428  .00038335  00000-0  19127-3 0  9997 | 2 41577  51.6321 183.4986 0004384 131.1639 228.9742 15.81456092 87242 | 2017/12/11-19:01:52  182.5165    0.1002  228.9363   91.0553     6704.4591     6701.5199     6707.3984 -51.535873  -3.150805   0.000308  -0.000312
1 41577U 98067KB  17346.80398452  .00043935  00000-0  21767-3 0  9994 | 2 41577  51.6319 178.2484 0004385 136.3672 223.7677 15.81544576 87402 | 2017/12/12-19:17:44  192.7301    0.1002  223.7330   91.0502     6704.2091     6701.2693     6707.1489 -51.607774   1.578203   0.000308  -0.000312
1 41577U 98067KB  17347.87812144 +.00040105 +00000-0 +19827-3 0  9991 | 2 41577 051.6317 172.6703 0004159 137.9995 222.1326 15.81634707087574 | 2017/12/13-21:04:29  226.0590    0.1001  222.1006   91.0450     6703.9544     6701.1662     6706.7426 -51.209789   6.587108   0.000271  -0.000315
1 41577U 98067KB  17348.88901751 +.00035301 +00000-0 +17438-3 0  9994 | 2 41577 051.6316 167.4192 0004025 141.2973 218.8318 15.81716085087734 | 2017/12/14-21:20:11  236.2321    0.1002  218.8029   91.0404     6703.7244     6701.0262     6706.4227 -50.391915  11.246199   0.000252  -0.000314
1 41577U 98067KB  17350.46844641 +.00033118 +00000-0 +16299-3 0  9993 | 2 41577 051.6315 159.2138 0003831 146.2761 213.8486 15.81830927087986 | 2017/12/16-11:14:33   94.5930    0.1003  213.8242   91.0337     6703.4000     6700.8319     6705.9680 -48.270867  18.323079   0.000222  -0.000312
1 41577U 98067KB  17351.54239324 +.00046276 +00000-0 +22513-3 0  9994 | 2 41577 051.6316 153.6334 0003710 149.9146 210.2070 15.81917928088153 | 2017/12/17-13:01:02  127.8559    0.1002  210.1856   91.0287     6703.1542     6700.6673     6705.6411 -46.260406  22.930263   0.000205  -0.000309
1 41577U 98067KB  17352.55310232 +.00053980 +00000-0 +26049-3 0  9992 | 2 41577 051.6314 148.3808 0003636 154.3245 205.7938 15.82026995088311 | 2017/12/18-13:16:28  137.9633    0.1002  205.7757   91.0225     6702.8461     6700.4089     6705.2833 -43.966786  27.068861   0.000196  -0.000306
1 41577U 98067KB  17353.56374037 +.00044293 +00000-0 +21359-3 0  9993 | 2 41577 051.6316 143.1280 0003509 158.2574 201.8578 15.82128805088474 | 2017/12/19-13:31:47  148.0450    0.1002  201.8428   91.0166     6702.5585     6700.2066     6704.9105 -41.304143  30.980476   0.000183  -0.000300
1 41577U 98067KB  17354.57431852 +.00043969 +00000-0 +21116-3 0  9994 | 2 41577 051.6320 137.8756 0003325 162.9279 197.1836 15.82221147088632 | 2017/12/20-13:47:01  158.1053    0.1002  197.1723   91.0113     6702.2978     6700.0692     6704.5263 -38.294952  34.631779   0.000170  -0.000286
1 41577U 98067KB  17355.58483548  .00044741  00000-0  21383-3 0  9990 | 2 41577  51.6321 132.6221 0003144 166.8507 193.2578 15.82318018 88790 | 2017/12/21-14:02:09  168.1440    0.1002  193.2495   91.0057     6702.0242     6699.9171     6704.1313 -34.963185  37.992755   0.000155  -0.000274
1 41577U 98067KB  17356.78474680  .00041840  00000-0  19927-3 0  9998 | 2 41577  51.6324 126.3832 0002982 170.7729 189.3329 15.82424179 88987 | 2017/12/22-18:50:02  247.5363    0.1003  189.3274   90.9996     6701.7245     6699.7260     6703.7229 -30.627454  41.567581   0.000136  -0.000265
1 41577U 98067KB  17357.79513710  .00048340  00000-0  22853-3 0  9992 | 2 41577  51.6323 121.1293 0002759 173.8138 186.2899 15.82518380 89145 | 2017/12/23-19:04:59  257.5287    0.1002  186.2864   90.9942     6701.4585     6699.6096     6703.3074 -26.692409  44.197395   0.000116  -0.000250
1 41577U 98067KB  17358.80546357  .00053917  00000-0  25310-3 0  9995 | 2 41577  51.6321 115.8742 0002593 177.8658 182.2356 15.82623852 89302 | 2017/12/24-19:19:52  267.4995    0.1002  182.2344   90.9881     6701.1608     6699.4232     6702.8984 -22.532077  46.456208   0.000104  -0.000237
1 41577U 98067KB  17360.51021890  .00060980  00000-0  28283-3 0  9996 | 2 41577  51.6320 107.0060 0002266 183.0043 177.0946 15.82831843 89578 | 2017/12/26-12:14:42  171.7624    0.1002  177.0959   90.9762     6700.5737     6699.0554     6702.0921 -15.100906  49.374346   0.000078  -0.000213
1 41577U 98067KB  17361.52034119  .00066801  00000-0  30758-3 0  9994 | 2 41577  51.6320 101.7493 0002140 187.1510 172.9462 15.82951376 89733 | 2017/12/27-12:29:17  181.6604    0.1002  172.9492   90.9693     6700.2364     6698.8025     6701.6702 -10.513813  50.550204   0.000069  -0.000202
1 41577U 98067KB  17362.53039235  .00049489  00000-0  22809-3 0  9991 | 2 41577  51.6324  96.4927 0001921 193.7224 166.3727 15.83053624 89898 | 2017/12/28-12:43:45  191.5331    0.1003  166.3779   90.9634     6699.9479     6698.6608     6701.2349  -5.838417  51.301244   0.000066  -0.000180
1 41577U 98067KB  17363.72974485  .00047942  00000-0  21991-3 0  9991 | 2 41577  51.6328  90.2498 0001730 198.8099 161.2840 15.83169209 90081 | 2017/12/29-17:30:49  270.7262    0.1003  161.2904   90.9568     6699.6218     6698.4627     6700.7808  -0.225110  51.632309   0.000056  -0.000164
1 41577U 98067KB  17365.49706190 +.00045081 +00000-0 +20556-3 0  9991 | 2 41577 051.6333 081.0486 0001479 203.7106 156.3829 15.83323409090364 | 2017/12/31-11:55:46  197.9039    0.1003  156.3897   90.9479     6699.1868     6698.1960     6700.1776   8.033967  51.004441   0.000038  -0.000143
1 41577U 98067KB  18001.56999110 +.00047280 +00000-0 +21439-3 0  9997 | 2 41577 051.6332 075.4618 0001373 207.1515 152.9416 15.83420605090531 | 2018/01/01-13:40:47  230.8032    0.1003  152.9488   90.9424     6698.9126     6697.9929     6699.8324  12.961246  49.979930   0.000030  -0.000134
1 41577U 98067KB  18002.57974017 +.00044982 +00000-0 +20322-3 0  9994 | 2 41577 051.6329 070.2033 0001254 214.8895 145.2026 15.83520850090697 | 2018/01/02-13:54:49  240.5676    0.1003  145.2108   90.9366     6698.6299     6697.7899     6699.4699  17.487223  48.581410   0.000033  -0.000121
1 41577U 98067KB  18003.58942871  .00045379  00000-0  20407-3 0  9994 | 2 41577  51.6327  64.9440 0001157 219.6827 140.4091 15.83615062 90854 | 2018/01/03-14:08:46  250.3103    0.1002  140.4175   90.9312     6698.3642     6697.5892     6699.1392  21.866648  46.773768   0.000029  -0.000112
1 41577U 98067KB  18004.59905939  .00043609  00000-0  19545-3 0  9995 | 2 41577  51.6324  59.6843 0001052 227.9465 132.1449 15.83704201 91011 | 2018/01/04-14:22:38  260.0325    0.1003  132.1538   90.9261     6698.1129     6697.4082     6698.8175  26.062187  44.572045   0.000032  -0.000100
1 41577U 98067KB  18005.67173299  .00051162  00000-0  22751-3 0  9997 | 2 41577  51.6325  54.0952 0000938 233.3071 126.7846 15.83800471 91182 | 2018/01/05-16:07:17  292.8411    0.1003  126.7932   90.9205     6697.8415     6697.2132     6698.4697  30.279374  41.821938   0.000028  -0.000090
1 41577U 98067KB  18007.24907206 +.00042259 +00000-0 +18748-3 0  9993 | 2 41577 051.6327 045.8753 0000776 242.0120 118.0805 15.83934396091434 | 2018/01/07-05:58:39  150.4570    0.1003  118.0883   90.9129     6697.4639     6696.9442     6697.9836  35.947838  37.063306   0.000024  -0.000074
1 41577U 98067KB  18008.57394231  .00043051  00000-0  18999-3 0  9997 | 2 41577  51.6328  38.9702 0000710 245.3288 114.7642 15.84037266 91647 | 2018/01/08-13:46:28  275.6207    0.1004  114.7716   90.9070     6697.1739     6696.6984     6697.6494  40.143117  32.472700   0.000018  -0.000069
1 41577U 98067KB  18010.40335776  .00049300  00000-0  21508-3 0  9994 | 2 41577  51.6328  29.4335 0000497 261.7847  98.3100 15.84219206 91933 | 2018/01/10-09:40:50  225.5485    0.1003   98.3156   90.8965     6696.6612     6696.3283     6696.9940  44.968381  25.373032   0.000018  -0.000046
1 41577U 98067KB  18011.47567955 +.00039427 +00000-0 +17209-3 0  9990 | 2 41577 051.6327 023.8421 0000428 260.8286 099.2669 15.84310740092102 | 2018/01/11-11:24:58  258.2318    0.1003   99.2717   90.8913     6696.4032     6696.1166     6696.6898  47.226515  20.870840   0.000011  -0.000041
1 41577U 98067KB  18012.48487052  .00040002  00000-0  17389-3 0  9991 | 2 41577  51.6325  18.5794 0000376 261.1832  98.9129 15.84389619 92262 | 2018/01/12-11:38:12  267.7974    0.1004   98.9172   90.8867     6696.1810     6695.9292     6696.4327  48.941570  16.451071   0.000006  -0.000037
1 41577U 98067KB  18014.12469295  .00044867  00000-0  19324-3 0  9997 | 2 41577  51.6323  10.0265 0000304 264.7447  95.3521 15.84531025 92528 | 2018/01/14-02:59:33  148.3019    0.1003   95.3556   90.8786     6695.7826     6695.5790     6695.9861  50.843737   8.989372   0.000003  -0.000030
1 41577U 98067KB  18015.19679418  .00056377  00000-0  24030-3 0  9994 | 2 41577  51.6324   4.4339 0000264 263.5400  96.5573 15.84651670 92696 | 2018/01/15-04:43:23  180.9072    0.1003   96.5603   90.8717     6695.4427     6695.2660     6695.6195  51.477874   3.991646  -0.000001  -0.000026
1 41577U 98067KB  18016.96244365 +.00046862 +00000-0 +19885-3 0  9999 | 2 41577 051.6325 355.2204 0000181 235.9620 124.1366 15.84823681092972 | 2018/01/16-23:05:55  107.4935    0.1003  124.1383   90.8618     6694.9583     6694.8371     6695.0794  51.452953  -4.302177  -0.000011  -0.000014
1 41577U 98067KB  18018.16045842  .00047132  00000-0  19892-3 0  9991 | 2 41577  51.6327 348.9681 0000183 221.0006 139.0984 15.84933733 93161 | 2018/01/18-03:51:03  186.2116    0.1004  139.0998   90.8555     6694.6483     6694.5258     6694.7708  50.678569  -9.880201  -0.000016  -0.000009
1 41577U 98067KB  18019.92580333 +.00050691 +00000-0 +21193-3 0  9996 | 2 41577 051.6326 339.7533 0000317 202.6889 157.4100 15.85099811093443 | 2018/01/19-22:13:09  112.6906    0.1003  157.4114   90.8460     6694.1807     6693.9685     6694.3929  48.442287 -17.868134  -0.000032  -0.000001
1 41577U 98067KB  18021.31270856  .00052809  00000-0  21883-3 0  9997 | 2 41577  51.6324 332.5123 0000524 189.9021 170.1973 15.85268127 93664 | 2018/01/21-07:30:18  260.5840    0.1004  170.1983   90.8364     6693.7069     6693.3561     6694.0576  45.803615 -23.831357  -0.000050   0.000016
1 41577U 98067KB  18023.20371221 +.00057480 +00000-0 +23526-3 0  9991 | 2 41577 051.6320 322.6363 0000751 197.4679 162.6299 15.85490194093962 | 2018/01/23-04:53:20  233.0868    0.1004  162.6325   90.8236     6693.0818     6692.5792     6693.5845  41.037076 -31.334036  -0.000071   0.000026
1 41577U 98067KB  18024.21213348  .00060371  00000-0  24536-3 0  9993 | 2 41577  51.6320 317.3689 0000753 206.2394 153.8571 15.85616454 94122 | 2018/01/24-05:05:28  242.3811    0.1003  153.8609   90.8164     6692.7265     6692.2226     6693.2305  37.987189 -34.969085  -0.000072   0.000021
1 41577U 98067KB  18025.85065102 +.00088074 +00000-0 +35079-3 0  9991 | 2 41577 051.6316 308.8072 0000824 214.1449 145.9502 15.85888528094383 | 2018/01/25-20:24:56  122.4255    0.1004  145.9555   90.8008     6691.9610     6691.4096     6692.5124  32.357614 -40.234400  -0.000079   0.000024
1 41577U 98067KB  18026.85880549 +.00088170 +00000-0 +34779-3 0  9995 | 2 41577 051.6316 303.5374 0000893 216.9479 143.1463 15.86087624094542 | 2018/01/26-20:36:40  131.6255    0.1003  143.1524   90.7894     6691.4010     6690.8035     6691.9985  28.525488 -43.036248  -0.000084   0.000030
1 41577U 98067KB  18027.92984065 +.00081766 +00000-0 +32048-3 0  9993 | 2 41577 051.6318 297.9370 0001002 222.4194 137.6733 15.86247815094712 | 2018/01/27-22:18:58  163.8557    0.1004  137.6810   90.7803     6690.9505     6690.2801     6691.6209  24.189520 -45.614799  -0.000094   0.000034
1 41577U 98067KB  18028.93779246 +.00070330 +00000-0 +27505-3 0  9995 | 2 41577 051.6318 292.6656 0001306 218.8287 141.2624 15.86350822094870 | 2018/01/28-22:30:25  172.9849    0.1005  141.2718   90.7744     6690.6608     6689.7870     6691.5347  19.896422 -47.644256  -0.000115   0.000062
1 41577U 98067KB  18029.94568015 +.00053366 +00000-0 +20884-3 0  9990 | 2 41577 051.6311 287.3935 0001452 220.9748 139.1147 15.86447711095031 | 2018/01/29-22:41:46  182.0916    0.1004  139.1256   90.7688     6690.3884     6689.4170     6691.3599  15.434216 -49.270229  -0.000124   0.000076
1 41577U 98067KB  18030.95350330 +.00048444 +00000-0 +18906-3 0  9995 | 2 41577 051.6309 282.1205 0001625 223.8381 136.2494 15.86544922095190 | 2018/01/30-22:53:02  191.1762    0.1004  136.2623   90.7633     6690.1151     6689.0280     6691.2023  10.840857 -50.479953  -0.000135   0.000091
1 41577U 98067KB  18032.52797949 +.00103512 +00000-0 +39006-3 0  9993 | 2 41577 051.6304 273.8836 0001560 245.6445 114.4397 15.86962895095444 | 2018/02/01-12:40:17   47.7797    0.1005  114.4560   90.7394     6688.9404     6687.8969     6689.9839   3.496912 -51.511841  -0.000146   0.000055
1 41577U 98067KB  18033.53540770 +.00135688 +00000-0 +50135-3 0  9998 | 2 41577 051.6295 268.6079 0001743 249.7771 110.3046 15.87253008095608 | 2018/02/02-12:50:59   56.7251    0.1004  110.3233   90.7228     6688.1253     6686.9596     6689.2911  -1.254305 -51.614262  -0.000162   0.000064
1 41577U 98067KB  18034.54266302 +.00126454 +00000-0 +46185-3 0  9997 | 2 41577 051.6293 263.3307 0002046 254.0452 106.0327 15.87517467095767 | 2018/02/03-13:01:26   65.6108    0.1004  106.0552   90.7077     6687.3825     6686.0143     6688.7508  -5.996153 -51.279926  -0.000189   0.000079
1 41577U 98067KB  18035.61269241 +.00128425 +00000-0 +46259-3 0  9993 | 2 41577 051.6294 257.7228 0002248 261.9636 098.1113 15.87791422095930 | 2018/02/04-14:42:16   97.4869    0.1004   98.1368   90.6920     6686.6133     6685.1101     6688.1164 -10.978557 -50.448650  -0.000211   0.000078
1 41577U 98067KB  18036.61961078 +.00167139 +00000-0 +59043-3 0  9991 | 2 41577 051.6293 252.4438 0002401 269.3633 090.7097 15.88067377096097 | 2018/02/05-14:52:14  106.2509    0.1005   90.7372   90.6763     6685.8387     6684.2334     6687.4439 -15.573520 -49.224487  -0.000228   0.000075
1 41577U 98067KB  18037.62634140 +.00168463 +00000-0 +58581-3 0  9997 | 2 41577 051.6293 247.1636 0002581 276.4357 083.6354 15.88379987096257 | 2018/02/06-15:01:55  114.9483    0.1005   83.6648   90.6584     6684.9614     6683.2360     6686.6868 -20.037392 -47.582429  -0.000248   0.000073
1 41577U 98067KB  18038.94737162 +.00164614 +00000-0 +56105-3 0  9995 | 2 41577 051.6291 240.2307 0002913 284.2386 075.8296 15.88792238096461 | 2018/02/07-22:44:12  238.7571    0.1006   75.8620   90.6349     6683.8050     6681.8580     6685.7520 -25.634309 -44.815691  -0.000281   0.000078
1 41577U 98067KB  18040.51956821  .00211518  00000-0  69739-3 0  9999 | 2 41577  51.6289 231.9760 0003402 297.9846  62.0815 15.89325466 96713 | 2018/02/09-12:28:10   94.5543    0.1006   62.1160   90.6045     6682.3099     6680.0366     6684.5832 -31.802964 -40.670810  -0.000335   0.000059
1 41577U 98067KB  18041.52549405 +.00186031 +00000-0 +60523-3 0  9990 | 2 41577 051.6282 226.6903 0003616 303.4736 056.5923 15.89656133096877 | 2018/02/10-12:36:42  102.9650    0.1005   56.6269   90.5856     6681.3832     6678.9672     6683.7992 -35.413928 -37.567603  -0.000356   0.000062
1 41577U 98067KB  18042.53118380  .00191024  00000-0  60865-3 0  9993 | 2 41577  51.6279 221.4016 0003809 308.0690  51.9972 15.90054000 97034 | 2018/02/11-12:44:54  111.2929    0.1006   52.0316   90.5630     6680.2686     6677.7241     6682.8131 -38.725706 -34.143224  -0.000374   0.000070
1 41577U 98067KB  18043.53662419  .00203555  26279-4  65704-3 0  9991 | 2 41577  51.6279 216.1120 0004205 313.9617  46.1042 15.90466901 97194 | 2018/02/12-12:52:44  119.5324    0.1006   46.1389   90.5395     6679.1124     6676.3038     6681.9209 -41.708449 -30.427707  -0.000414   0.000072
1 41577U 98067KB  18044.54181682 +.00184593 +23641-4 +58573-3 0  9997 | 2 41577 051.6274 210.8207 0004508 319.4509 040.6161 15.90831812097359 | 2018/02/13-13:00:12  127.6827    0.1006   40.6497   90.5187     6678.0910     6675.0805     6681.1014 -44.336313 -26.451461  -0.000444   0.000076
1 41577U 98067KB  18045.54675420 +.00204134 +26533-4 +63215-3 0  9992 | 2 41577 051.6276 205.5278 0004935 325.4680 034.6005 15.91267678097513 | 2018/02/14-13:07:19  135.7421    0.1006   34.6326   90.4939     6676.8714     6673.5764     6680.1665 -46.587522 -22.248862  -0.000487   0.000077
1 41577U 98067KB  18046.55143013 +.00214877 +28300-4 +65106-3 0  9992 | 2 41577 051.6281 200.2332 0005461 330.7655 029.3045 15.91668832097677 | 2018/02/15-13:14:03  143.7088    0.1006   29.3351   90.4711     6675.7495     6672.1039     6679.3951 -48.442274 -17.855163  -0.000539   0.000085
1 41577U 98067KB  18047.61858380 +.00231165 +31164-4 +68058-3 0  9990 | 2 41577 051.6280 194.6053 0005793 336.2472 023.8266 15.92196892097844 | 2018/02/16-14:50:45  174.5600    0.1006   23.8534   90.4411     6674.2734     6670.4070     6678.1398 -49.959685 -13.018458  -0.000572   0.000092
1 41577U 98067KB  18048.62257967 +.00345583 +56905-4 +97630-3 0  9994 | 2 41577 051.6284 189.3057 0006157 340.2090 019.8677 15.92893074098005 | 2018/02/17-14:56:30  182.2848    0.1007   19.8917   90.4015     6672.3286     6668.2204     6676.4367 -50.948951  -8.348415  -0.000605   0.000112
1 41577U 98067KB  18049.81428396  .00329049  52952-4  89281-3 0  9992 | 2 41577  51.6284 183.0100 0006805 345.9045  14.1772 15.93658028 98190 | 2018/02/18-19:32:34  258.7637    0.1008   14.1963   90.3582     6670.1933     6665.6542     6674.7323 -51.557173  -2.711020  -0.000668   0.000131
1 41577U 98067KB  18050.81736126 +.00397658 +73420-4 +10376-2 0  9999 | 2 41577 051.6276 177.7032 0007017 350.2899 009.7971 15.94360027098356 | 2018/02/19-19:37:00  266.1617    0.1007    9.8108   90.3184     6668.2352     6663.5561     6672.9143 -51.586124   2.069027  -0.000686   0.000146
1 41577U 98067KB  18052.19582071  .00339149  56639-4  83968-3 0  9992 | 2 41577  51.6273 170.4030 0007656 355.0499   5.0432 15.95349798 98577 | 2018/02/21-04:41:58   51.0598    0.1008    5.0509   90.2623     6665.4769     6660.3738     6670.5800 -50.904764   8.607155  -0.000741   0.000192
1 41577U 98067KB  18053.19786084  .00276869  41471-4  66566-3 0  9995 | 2 41577  51.6266 165.0898 0008011 359.7110   0.3892 15.95922999 98734 | 2018/02/22-04:44:55   58.0881    0.1008    0.3898   90.2299     6663.8808     6658.5423     6669.2192 -49.888347  13.283773  -0.000773   0.000210
1 41577U 98067KB  18054.57500856 +.00434308 +88585-4 +98199-3 0  9997 | 2 41577 051.6260 157.7794 0008411 004.7214 355.3872 15.96963856098950 | 2018/02/23-13:48:00  202.5206    0.1008  355.3794   90.1711     6660.9849     6655.3824     6666.5875 -47.791978  19.523593  -0.000802   0.000253
1 41577U 98067KB  18055.70104050 +.00442576 +92782-4 +94759-3 0  9997 | 2 41577 051.6260 151.7932 0008731 009.2077 350.9091 15.97937315099137 | 2018/02/24-16:49:29  254.9800    0.1010  350.8933   90.1162     6658.2794     6652.4661     6664.0927 -45.495276  24.401305  -0.000826   0.000284
1 41577U 98067KB  18056.70137984 +.00339080 +58792-4 +69577-3 0  9998 | 2 41577 051.6253 146.4669 0008876 013.3269 346.7973 15.98725260099290 | 2018/02/25-16:49:59  261.4070    0.1009  346.7740   90.0718     6656.0915     6650.1836     6661.9994 -43.033138  28.518778  -0.000833   0.000307
1 41577U 98067KB  18058.51319648  .00583659  16253-3  10828-2 0  9990 | 2 41577  51.6254 136.8065 0009263  20.5454 339.5927 16.00433568 99583 | 2018/02/27-12:19:00  205.0933    0.1010  339.5556   89.9756     6651.3542     6645.1930     6657.5153 -37.637306  35.335749  -0.000855   0.000357
1 41577U 98067KB  18059.63670775  .00498165  12136-3  86457-3 0  9990 | 2 41577  51.6246 130.8021 0009192  25.4912 334.6550 16.01587426 99766 | 2018/02/28-15:16:51  256.6611    0.1011  334.6099   89.9108     6648.1592     6642.0482     6654.2701 -33.734010  39.078331  -0.000842   0.000370
1 41577U 98067KB  18061.56950632 +.00612482 +18834-3 +92225-3 0  9999 | 2 41577 051.6223 120.4446 0008884 034.3445 325.8139 16.03971839100073 | 2018/03/02-13:40:05  244.7189    0.1011  325.7566   89.7771     6641.5689     6635.6685     6647.4693 -26.157278  44.504592  -0.000804   0.000378
1 41577U 98067KB  18062.81498972 +.00695044 +24983-3 +95318-3 0  9995 | 2 41577 051.6215 113.7522 0008545 041.0391 319.1263 16.05511075100273 | 2018/03/03-19:33:35  341.0059    0.1013  319.0622   89.6911     6637.3233     6631.6517     6642.9949 -20.792202  47.248953  -0.000773   0.000364
1 41577U 98067KB  18063.87247769 +.00947349 +50233-3 +11544-2 0  9991 | 2 41577 051.6205 108.0541 0008075 045.7491 314.4183 16.07451548100448 | 2018/03/04-20:56:22    8.4400    0.1013  314.3522   89.5828     6631.9806     6626.6253     6637.3359 -15.997960  49.078929  -0.000725   0.000356
1 41577U 98067KB  18064.92871495 +.00898695 +46214-3 +97377-3 0  9999 | 2 41577 051.6190 102.3482 0007458 053.1690 307.0006 16.09280202100610 | 2018/03/05-22:17:20   35.4302    0.1013  306.9323   89.4810     6626.9556     6622.0132     6631.8980 -11.038839  50.424847  -0.000679   0.000309
1 41577U 98067KB  18066.16978918  .01129130  81472-3  10506-2 0  9990 | 2 41577  51.6175  95.6230 0006752  63.6119 296.5588 16.11669714100817 | 2018/03/07-04:04:29  130.1643    0.1015  296.4896   89.3483     6620.4038     6615.9337     6624.8739  -5.057607  51.369124  -0.000631   0.000239
1 41577U 98067KB  18067.22289801  .01724008  25881-2  13348-2 0  9997 | 2 41577  51.6167  89.8890 0006146  79.4737 280.6962 16.14787037100983 | 2018/03/08-05:20:58  156.0563    0.1007  280.6270   89.1758     6611.8806     6607.8170     6615.9443   0.099998  51.616603  -0.000604   0.000113
1 41577U 98067KB  18068.45885653  .02061968  11840-4  10802-2 0  9994 | 2 41577  51.6172  83.1280 0004984  98.3258 261.7994 16.19436005101184 | 2018/03/09-11:00:45  249.0253    0.0687  261.7429   88.9198     6599.2206     6595.9316     6602.5097   6.176084  51.246379  -0.000498  -0.000013
1 41577U 98067KB  18069.50624400  .03922630  11986-4  12681-2 0  9993 | 2 41577  51.6136  77.3628 0003310 122.8921 237.2418 16.25378446101356 | 2018/03/10-12:08:59  272.8736    0.1020  237.2099   88.5948     6583.1261     6580.9471     6585.3052  11.291859  50.363257  -0.000311  -0.000115
