# SPACE DATA - HISTORICAL TLEs
# ----------------------------
# NORAD_ID    : 41763
# OBJECT_NAME : FLOCK 2EP 16
# --------------------------------------------------------------------+-----------------------------------------------------------------------+----------------------------------------------------------------------------------------------------------------------------------------
#                  LINE 1                                             |                 LINE 2                                                |      DERIVED PARAMETERS
# --------------------------------------------------------------------+-----------------------------------------------------------------------+----------------------------------------------------------------------------------------------------------------------------------------
# NORAD  COSPAR     TLE_EPOCH      MEANMOT1 MEANMOT2   BSTAR  #  REV  |   NORAD    INC     RAAN     ECC    ARGPER  MEANANOM   MEANMOT     REV |  CAL_DATE              LONG     ARGLAT     PERIOD        SMA         PERIGEE        APOGEE      INC_X      INC_Y      ECC_X      ECC_Y
# ------ ------   -------------- ----------  -------  ------- -- ----     -----  ------- -------- ------- -------- -------- -----------  ----   ------------------- ---------  --------  --------  ------------  ------------   ----------- ---------- ----------  ---------  ---------   
1 42029U 17008CK  17060.60341707  .00001598  00000-0  73162-4 0  9991 | 2 42029  97.5097 122.2150 0007611 221.3069 138.7592 15.21957690  1356 | 2017/03/01-14:28:55  254.5352    0.1236  138.8167   94.6150     6878.0731     6872.8382     6883.3080 -51.982206  82.498436   0.000730  -0.000216
1 42029U 17008CK  17061.65536658  .00001504  00000-0  69058-4 0  9994 | 2 42029  97.5092 123.2651 0007715 217.4718 142.5979 15.21960345  1511 | 2017/03/02-15:43:43  273.2201    0.1234  142.6516   94.6148     6878.0651     6872.7587     6883.3715 -53.485123  81.531501   0.000728  -0.000255
1 42029U 17008CK  17063.10179182  .00001723  00000-0  78654-4 0  9996 | 2 42029  97.5097 124.7088 0007679 211.9465 148.1365 15.21966880  1738 | 2017/03/04-02:26:34   73.9019    0.1294  148.1829   94.6144     6878.0454     6872.7638     6883.3271 -55.522588  80.158492   0.000705  -0.000304
1 42029U 17008CK  17064.15372972  .00001957  00000-0  88887-4 0  9992 | 2 42029  97.5091 125.7594 0007765 206.8986 153.1860 15.21973048  1899 | 2017/03/05-03:41:22   92.5842    0.1247  153.2261   94.6140     6878.0268     6872.6861     6883.3676 -56.982641  79.126501   0.000690  -0.000357
1 42029U 17008CK  17065.33715693  .00002315  00000-0  10452-3 0  9995 | 2 42029  97.5094 126.9407 0007355 204.2646 155.8243 15.21980800  2077 | 2017/03/06-08:05:30  158.5988    0.1234  155.8588   94.6135     6878.0035     6872.9447     6883.0623 -58.601992  77.935163   0.000645  -0.000354
1 42029U 17008CK  17066.38909175  .00002217  00000-0  10021-3 0  9994 | 2 42029  97.5092 127.9922 0007700 197.3603 162.7364 15.21984367  2238 | 2017/03/07-09:20:17  177.2729    0.1229  162.7626   94.6133     6877.9927     6872.6967     6883.2888 -60.022197  76.846470   0.000633  -0.000438
1 42029U 17008CK  17067.63826246  .00001629  00000-0  74468-4 0  9992 | 2 42029  97.5108 129.2393 0007800 194.8412 165.2541 15.21985153  2424 | 2017/03/08-15:19:05  266.9599    0.1180  165.2768   94.6133     6877.9904     6872.6255     6883.3552 -61.681500  75.523167   0.000632  -0.000458
1 42029U 17008CK  17068.69019423  .00001479  00000-0  67911-4 0  9998 | 2 42029  97.5106 130.2897 0007826 190.7056 169.4023 15.21987797  2584 | 2017/03/09-16:33:52  285.6291    0.1244  169.4188   94.6131     6877.9824     6872.5997     6883.3651 -63.055489  74.379583   0.000608  -0.000493
1 42029U 17008CK  17069.87361355 +.00001361 +00000-0 +62697-4 0  9999 | 2 42029 097.5088 131.4710 0008104 185.8231 174.2888 15.21990519002769 | 2017/03/10-20:58:00  351.6412    0.1211  174.2980   94.6129     6877.9742     6872.4003     6883.5481 -64.574314  73.062467   0.000596  -0.000550
1 42029U 17008CK  17070.92554006 +.00001339 +00000-0 +61745-4 0  9992 | 2 42029 097.5084 132.5212 0008239 181.6178 178.5009 15.21993414002924 | 2017/03/11-22:12:46   10.3146    0.1212  178.5034   94.6128     6877.9655     6872.2987     6883.6322 -65.902316  71.866354   0.000574  -0.000591
1 42029U 17008CK  17072.43767623  .00001911  00000-0  86777-4 0  9999 | 2 42029  97.5085 134.0315 0008205 175.8134 184.3198 15.22002526  3152 | 2017/03/13-10:30:15  194.6493    0.1261  184.3127   94.6122     6877.9380     6872.2947     6883.5814 -67.773648  70.104495   0.000526  -0.000630
1 42029U 17008CK  17073.88404723 +.00003190 +00000-0 +14268-3 0  9994 | 2 42029 097.5076 135.4738 0008462 170.6736 189.4636 15.22019370003374 | 2017/03/14-21:13:01  355.3221    0.1213  189.4477   94.6111     6877.8873     6872.0672     6883.7074 -69.516080  68.375775   0.000499  -0.000683
1 42029U 17008CK  17075.92209948 +.00003927 +00000-0 +17478-3 0  9997 | 2 42029 097.5069 137.5077 0008985 164.5798 195.5687 15.22039347003689 | 2017/03/16-22:07:49    8.9845    0.1209  195.5411   94.6099     6877.8271     6871.6474     6884.0068 -71.898480  65.865045   0.000477  -0.000761
1 42029U 17008CK  17077.89439230 +.00003713 +00000-0 +16537-3 0  9992 | 2 42029 097.5069 139.4772 0008881 157.3195 202.8399 15.22053445003988 | 2017/03/18-21:27:55  358.9735    0.1199  202.8004   94.6090     6877.7846     6871.6765     6883.8928 -74.119623  63.355166   0.000400  -0.000793
1 42029U 17008CK  17079.93240878 +.00003506 +00000-0 +15624-3 0  9993 | 2 42029 097.5061 141.5110 0008871 150.2211 209.9441 15.22067016004290 | 2017/03/20-22:22:40   12.6286    0.1145  209.8934   94.6082     6877.7438     6871.6425     6883.8450 -76.320721  60.684323   0.000328  -0.000824
1 42029U 17008CK  17081.90467011 +.00003134 +00000-0 +13994-3 0  9998 | 2 42029 097.5060 143.4800 0009283 144.4653 215.7211 15.22077792004594 | 2017/03/22-21:42:43    2.5965    0.1244  215.6591   94.6075     6877.7113     6871.3267     6884.0959 -78.360617  58.026147   0.000286  -0.000883
1 42029U 17008CK  17083.87690295 +.00003827 +00000-0 +17011-3 0  9991 | 2 42029 097.5061 145.4493 0009072 137.3399 222.8546 15.22097164004897 | 2017/03/24-21:02:44  352.5668    0.1239  222.7840   94.6063     6877.6529     6871.4135     6883.8923 -80.308429  55.299148   0.000201  -0.000885
1 42029U 17008CK  17084.92875268 +.00003853 +00000-0 +17116-3 0  9998 | 2 42029 097.5058 146.4995 0009472 134.8820 225.3127 15.22105306005056 | 2017/03/25-22:17:24   11.2191    0.1176  225.2356   94.6058     6877.6284     6871.1139     6884.1429 -81.308235  53.817767   0.000187  -0.000929
1 42029U 17008CK  17086.90096584 +.00002356 +00000-0 +10587-3 0  9996 | 2 42029 097.5068 148.4681 0009886 131.5148 228.6803 15.22109655005358 | 2017/03/27-21:37:23    1.1907    0.1101  228.5953   94.6055     6877.6153     6870.8161     6884.4145 -83.109836  50.993443   0.000171  -0.000974
1 42029U 17008CK  17088.87316432 +.00002838 +00000-0 +12681-3 0  9993 | 2 42029 097.5060 150.4400 0010523 125.4471 234.7661 15.22123797005659 | 2017/03/29-20:57:21  351.1361    0.1148  234.6677   94.6047     6877.5727     6870.3354     6884.8100 -84.814576  48.103096   0.000108  -0.001047
1 42029U 17008CK  17090.91108986 +.00002661 +00000-0 +11907-3 0  9998 | 2 42029 097.5053 152.4703 0010082 118.5203 241.7010 15.22133997005968 | 2017/03/31-21:51:58    4.7595    0.1196  241.5993   94.6040     6877.5420     6870.6081     6884.4759 -86.464908  45.067763   0.000017  -0.001008
1 42029U 17008CK  17092.88326171 +.00002475 +00000-0 +11094-3 0  9994 | 2 42029 097.5047 154.4380 0010231 113.1844 247.0432 15.22143250006266 | 2017/04/02-21:11:53  354.7113    0.1197  246.9353   94.6034     6877.5141     6870.4777     6884.5505 -87.960833  42.072063  -0.000042  -0.001022
1 42029U 17008CK  17094.92116346 +.00002174 +00000-0 +97820-4 0  9990 | 2 42029 097.5041 156.4732 0010123 107.7046 252.5296 15.22150463006562 | 2017/04/04-22:06:28    8.3228    0.1236  252.4190   94.6030     6877.4924     6870.5303     6884.4545 -89.398922  38.921490  -0.000103  -0.001007
1 42029U 17008CK  17096.89331053 +.00004134 +00000-0 +18306-3 0  9991 | 2 42029 097.5041 158.4415 0010131 102.0818 258.1553 15.22165681006865 | 2017/04/06-21:26:22  358.2683    0.1235  258.0417   94.6021     6877.4466     6870.4790     6884.4141 -90.682994  35.827980  -0.000167  -0.000999
1 42029U 17008CK  17097.94511472 +.00002576 +00000-0 +11526-3 0  9998 | 2 42029 097.5040 159.4911 0010132 099.0311 261.2072 15.22170170007029 | 2017/04/07-22:40:57   16.9038    0.1236  261.0925   94.6018     6877.4330     6870.4648     6884.4012 -91.323980  34.160807  -0.000202  -0.000993
1 42029U 17008CK  17099.91723508 +.00004588 +00000-0 +20270-3 0  9993 | 2 42029 097.5035 161.4591 0010145 093.3115 266.9282 15.22186795007321 | 2017/04/09-22:00:49    6.8415    0.1236  266.8121   94.6007     6877.3830     6870.4058     6884.3601 -92.442767  31.004312  -0.000266  -0.000979
1 42029U 17008CK  17101.88932858 +.00002603 +00000-0 +11631-3 0  9990 | 2 42029 097.5028 163.4271 0010082 087.5891 272.6499 15.22202978007625 | 2017/04/11-21:20:37  356.7717    0.1236  272.5345   94.5997     6877.3342     6870.4005     6884.2679 -93.452299  27.811217  -0.000328  -0.000953
1 42029U 17008CK  17103.92714955 +.00001368 +00000-0 +62618-4 0  9992 | 2 42029 097.5028 165.4605 0010018 081.4324 278.8047 15.22207219007935 | 2017/04/13-22:15:05   10.3643    0.1236  278.6912   94.5995     6877.3214     6870.4317     6884.2111 -94.380253  24.477823  -0.000393  -0.000921
1 42029U 17008CK  17105.89922479 +.00001258 +00000-0 +57800-4 0  9997 | 2 42029 097.5025 167.4285 0009958 075.6852 284.5489 15.22213416008234 | 2017/04/15-21:34:53    0.2901    0.1236  284.4384   94.5991     6877.3028     6870.4544     6884.1512 -95.164892  21.222177  -0.000450  -0.000888
1 42029U 17008CK  17107.87129020 +.00002159 +00000-0 +96959-4 0  9997 | 2 42029 097.5018 169.3963 0009904 069.9027 290.3274 15.22224001008533 | 2017/04/17-20:54:39  350.2136    0.1236  290.2209   94.5984     6877.2709     6870.4596     6884.0821 -95.836807  17.941777  -0.000506  -0.000852
1 42029U 17008CK  17108.92305428 +.00002037 +00000-0 +91661-4 0  9992 | 2 42029 097.5021 170.4458 0009832 066.6535 293.5734 15.22227734008696 | 2017/04/18-22:09:11    8.8391    0.1236  293.4701   94.5982     6877.2596     6870.4979     6884.0214 -96.149651  16.183450  -0.000534  -0.000826
1 42029U 17008CK  17110.89509771 +.00007320 +00000-0 +32089-3 0  9996 | 2 42029 097.5018 172.4138 0009707 061.1796 299.0414 15.22251026008999 | 2017/04/20-21:28:56  358.7564    0.1237  298.9441   94.5968     6877.1895     6870.5138     6883.8652 -96.648402  12.871958  -0.000576  -0.000781
1 42029U 17008CK  17112.93284551 +.00003635 +00000-0 +16092-3 0  9990 | 2 42029 097.5018 174.4470 0009571 054.8840 305.3292 15.22267117009307 | 2017/04/22-22:23:17   12.3287    0.1237  305.2397   94.5958     6877.1410     6870.5589     6883.7231 -97.044235   9.434906  -0.000624  -0.000726
1 42029U 17008CK  17114.90484071 +.00003526 +00000-0 +15612-3 0  9994 | 2 42029 097.5014 176.4147 0009412 049.0188 311.1860 15.22280086009600 | 2017/04/24-21:42:58    2.2313    0.1236  311.1048   94.5949     6877.1020     6870.6292     6883.5747 -97.310571   6.097197  -0.000660  -0.000671
1 42029U 17008CK  17116.87681573 +.00004946 +00000-0 +21762-3 0  9998 | 2 42029 097.5008 178.3824 0009235 042.8574 317.3381 15.22298152009901 | 2017/04/26-21:02:36  352.1276    0.1237  317.2663   94.5938     6877.0476     6870.6966     6883.3985 -97.461945   2.752320  -0.000694  -0.000609
1 42029U 17008CK  17117.92852684 +.00003494 +00000-0 +15464-3 0  9997 | 2 42029 097.5004 179.4320 0009139 039.6210 320.5693 15.22303987010068 | 2017/04/27-22:17:04   10.7358    0.1237  320.5027   94.5935     6877.0300     6870.7451     6883.3149 -97.495609   0.966551  -0.000710  -0.000576
1 42029U 17008CK  17119.90046430 +.00005287 +00000-0 +23220-3 0  9992 | 2 42029 097.4998 181.3997 0008924 033.2866 326.8929 15.22327539010362 | 2017/04/29-21:36:40    0.6200    0.1236  326.8370   94.5920     6876.9591     6870.8221     6883.0961 -97.470708  -2.381622  -0.000734  -0.000508
1 42029U 17008CK  17121.87238379 +.00001546 +00000-0 +70120-4 0  9992 | 2 42029 097.5000 183.3673 0008724 026.9525 333.2162 15.22334046010664 | 2017/05/01-20:56:13  350.4979    0.1236  333.1711   94.5916     6876.9395     6870.9400     6882.9389 -97.331668  -5.726823  -0.000753  -0.000440
1 42029U 17008CK  17122.92406772 +.00003245 +00000-0 +14369-3 0  9993 | 2 42029 097.5000 184.4167 0008637 023.4903 336.6726 15.22343634010823 | 2017/05/02-22:10:39    9.0971    0.1237  336.6334   94.5910     6876.9106     6870.9710     6882.8502 -97.210459  -7.508439  -0.000763  -0.000404
1 42029U 17008CK  17124.56731749 +.00002666 +00000-0 +11858-3 0  9996 | 2 42029 097.5002 186.0562 0008484 017.7042 342.4488 15.22350349011071 | 2017/05/04-13:36:56  240.6571    0.1237  342.4195   94.5906     6876.8904     6871.0560     6882.7247 -96.956040 -10.286653  -0.000776  -0.000342
1 42029U 17008CK  17125.88191117 +.00001980 +00000-0 +88871-4 0  9999 | 2 42029 097.5001 187.3679 0008345 013.2258 346.9195 15.22354965011273 | 2017/05/05-21:09:57  353.9025    0.1236  346.8978   94.5903     6876.8765     6871.1377     6882.6152 -96.695058 -12.503412  -0.000781  -0.000294
1 42029U 17008CK  17126.93358069 +.00003510 +00000-0 +15509-3 0  9995 | 2 42029 097.5001 188.4174 0008187 009.9148 350.2249 15.22364615011438 | 2017/05/06-22:24:21   12.4962    0.1238  350.2090   94.5897     6876.8474     6871.2173     6882.4775 -96.449821 -14.272401  -0.000777  -0.000258
1 42029U 17008CK  17128.44534700 +.00003915 +00000-0 +17256-3 0  9991 | 2 42029 097.4999 189.9258 0008003 004.6629 355.4680 15.22376054011666 | 2017/05/08-10:41:17  196.7226    0.1236  355.4607   94.5890     6876.8130     6871.3094     6882.3165 -96.040503 -16.806318  -0.000774  -0.000202
1 42029U 17008CK  17129.56273357 +.00002515 +00000-0 +11199-3 0  9998 | 2 42029 097.4996 191.0406 0007877 000.5010 359.6232 15.22380047011834 | 2017/05/09-13:30:20  238.9750    0.1236  359.6226   94.5887     6876.8009     6871.3841     6882.2178 -95.695051 -18.671615  -0.000772  -0.000158
1 42029U 17008CK  17130.87730376 +.00001542 +00000-0 +69840-4 0  9999 | 2 42029 097.4995 192.3522 0007756 355.6477 004.4691 15.22382920012032 | 2017/05/10-21:03:19  352.2117    0.1237    4.4760   94.5886     6876.7923     6871.4586     6882.1259 -95.242492 -20.857137  -0.000768  -0.000108
1 42029U 17008CK  17132.52051337 +.00001016 +00000-0 +47063-4 0  9995 | 2 42029 097.4993 193.9916 0007586 349.6462 010.4616 15.22385335012286 | 2017/05/12-12:29:32  223.7564    0.1236   10.4774   94.5884     6876.7850     6871.5683     6882.0017 -94.606611 -23.573346  -0.000757  -0.000048
1 42029U 17008CK  17133.57216597 +.00000859 +00000-0 +40265-4 0  9993 | 2 42029 097.4992 195.0409 0007481 345.6900 014.4123 15.22386929012447 | 2017/05/13-13:43:55  242.3441    0.1237   14.4337   94.5883     6876.7802     6871.6357     6881.9247 -94.158958 -25.301871  -0.000748  -0.000010
1 42029U 17008CK  17134.88672958 +.00000869 +00000-0 +40690-4 0  9998 | 2 42029 097.4990 196.3524 0007355 340.7592 019.3365 15.22389585012645 | 2017/05/14-21:16:53  355.5778    0.1236   19.3644   94.5881     6876.7722     6871.7143     6881.8301 -93.554991 -27.450296  -0.000735   0.000037
1 42029U 17008CK  17135.93837879 +.00001007 +00000-0 +46680-4 0  9990 | 2 42029 097.4989 197.4017 0007259 336.7271 023.3635 15.22392380012804 | 2017/05/15-22:31:15   14.1639    0.1236   23.3965   94.5880     6876.7638     6871.7719     6881.7556 -93.036517 -29.158909  -0.000722   0.000074
1 42029U 17008CK  17137.51584981 +.00001201 +00000-0 +55066-4 0  9993 | 2 42029 097.4988 198.9755 0007111 330.5415 029.5420 15.22396625013040 | 2017/05/17-12:22:49  222.0416    0.1237   29.5822   94.5877     6876.7510     6871.8609     6881.6411 -92.200491 -31.703082  -0.000699   0.000129
1 42029U 17008CK  17138.56749464 +.00001279 +00000-0 +58435-4 0  9996 | 2 42029 097.4987 200.0247 0007022 326.3145 033.7644 15.22399529013203 | 2017/05/18-13:37:11  240.6257    0.1237   33.8092   94.5875     6876.7423     6871.9134     6881.5711 -91.604425 -33.386013  -0.000682   0.000166
1 42029U 17008CK  17139.88204814 +.00001360 +00000-0 +61945-4 0  9998 | 2 42029 097.4986 201.3362 0006916 320.9267 039.1469 15.22403089013404 | 2017/05/19-21:10:08  353.8544    0.1237   39.1970   94.5873     6876.7315     6871.9756     6881.4875 -90.816196 -35.473872  -0.000659   0.000211
1 42029U 17008CK  17140.93368729 +.00001599 +00000-0 +72292-4 0  9993 | 2 42029 097.4985 202.3854 0006839 316.5353 043.5343 15.22407463013568 | 2017/05/20-22:24:30   12.4359    0.1236   43.5883   94.5870     6876.7184     6872.0154     6881.4214 -90.151316 -37.130819  -0.000638   0.000246
1 42029U 17008CK  17142.90549395 +.00004114 +00000-0 +18095-3 0  9998 | 2 42029 097.4985 204.3526 0006679 308.0629 052.0004 15.22427554013865 | 2017/05/22-21:43:54    2.2689    0.1236   52.0607   94.5858     6876.6579     6872.0649     6881.2508 -88.823581 -40.203594  -0.000592   0.000309
1 42029U 17008CK  17144.28574320 +.00004083 +00000-0 +17953-3 0  9994 | 2 42029 097.4983 205.7297 0006627 302.0104 058.0488 15.22440931014078 | 2017/05/24-06:51:28  139.1460    0.1237   58.1133   94.5850     6876.6176     6872.0605     6881.1747 -87.831549 -42.326558  -0.000560   0.000354
1 42029U 17008CK  17145.60025786 +.00003362 +00000-0 +14837-3 0  9995 | 2 42029 097.4981 207.0412 0006560 296.3588 063.6974 15.22450257014273 | 2017/05/25-14:24:22  252.3585    0.1236   63.7648   94.5844     6876.5895     6872.0785     6881.1005 -86.839592 -44.325667  -0.000527   0.000391
1 42029U 17008CK  17146.91477010 +.00002439 +00000-0 +10846-3 0  9991 | 2 42029 097.4981 208.3527 0006577 290.7628 069.2903 15.22453067014473 | 2017/05/26-21:57:16    5.5701    0.1236   69.3608   94.5842     6876.5810     6872.0583     6881.1038 -85.802318 -46.301639  -0.000497   0.000430
1 42029U 17008CK  17148.88652718 +.00001393 +00000-0 +63285-4 0  9993 | 2 42029 097.4980 210.3199 0006517 281.8685 078.1820 15.22459086014775 | 2017/05/28-21:16:35  355.3815    0.1236   78.2551   94.5838     6876.5629     6872.0815     6881.0444 -84.162249 -49.219669  -0.000438   0.000483
1 42029U 17008CK  17150.52965184 +.00001866 +00000-0 +83682-4 0  9999 | 2 42029 097.4972 211.9593 0006466 274.3494 085.7003 15.22467489015021 | 2017/05/30-12:42:41  226.8873    0.1236   85.7742   94.5833     6876.5376     6872.0912     6880.9840 -82.718995 -51.606898  -0.000383   0.000521
1 42029U 17008CK  17151.90987107 +.00001477 +00000-0 +66870-4 0  9999 | 2 42029 097.4976 213.3362 0006515 268.4182 091.6308 15.22470297015236 | 2017/05/31-21:50:12    3.7505    0.1236   91.7054   94.5831     6876.5292     6872.0491     6881.0092 -81.455376 -53.579882  -0.000343   0.000554
1 42029U 17008CK  17153.29008663 +.00001434 +00000-0 +65000-4 0  9991 | 2 42029 097.4975 214.7132 0006538 262.3479 097.7015 15.22475207015443 | 2017/06/02-06:57:43  140.6111    0.1236   97.7757   94.5828     6876.5144     6872.0185     6881.0102 -80.144199 -55.521796  -0.000297   0.000582
1 42029U 17008CK  17154.60457366 +.00001504 +00000-0 +68019-4 0  9996 | 2 42029 097.4975 216.0246 0006566 256.5306 103.5199 15.22480122015642 | 2017/06/03-14:30:35  253.8095    0.1236  103.5930   94.5825     6876.4996     6871.9845     6881.0147 -78.852522 -57.341453  -0.000252   0.000606
1 42029U 17008CK  17155.91905521 +.00002546 +00000-0 +11299-3 0  9996 | 2 42029 097.4974 217.3359 0006595 250.5483 109.5041 15.22488368015846 | 2017/06/04-22:03:26    7.0053    0.1236  109.5753   94.5820     6876.4747     6871.9397     6881.0098 -77.519562 -59.130877  -0.000203   0.000628
1 42029U 17008CK  17157.56215238 +.00001659 +00000-0 +74666-4 0  9990 | 2 42029 097.4973 218.9751 0006712 243.7170 116.3377 15.22492663016095 | 2017/06/06-13:29:29  238.4983    0.1236  116.4066   94.5817     6876.4618     6871.8463     6881.0773 -75.796291 -61.324105  -0.000147   0.000655
1 42029U 17008CK  17158.94234793 +.00002028 +00000-0 +90586-4 0  9990 | 2 42029 097.4973 220.3521 0006792 237.5811 122.4768 15.22499431016304 | 2017/06/07-22:36:58   15.3489    0.1235  122.5424   94.5813     6876.4414     6871.7710     6881.1119 -74.300730 -63.127846  -0.000094   0.000673
1 42029U 17008CK  17160.91404825 +.00001799 +00000-0 +80678-4 0  9990 | 2 42029 097.4970 222.3191 0006940 229.6279 130.4352 15.22506626016607 | 2017/06/09-21:56:13    5.1322    0.1236  130.4957   94.5809     6876.4198     6871.6475     6881.1920 -72.089935 -65.640736  -0.000024   0.000694
1 42029U 17008CK  17162.55712638 +.00001689 +00000-0 +75942-4 0  9992 | 2 42029 097.4969 223.9581 0007059 222.9697 137.0989 15.22511429016850 | 2017/06/11-13:22:15  236.6153    0.1236  137.1539   94.5806     6876.4053     6871.5513     6881.2594 -70.182910 -67.675732   0.000038   0.000705
1 42029U 17008CK  17163.60869197 +.00001855 +00000-0 +83083-4 0  9992 | 2 42029 097.4968 225.0072 0007146 218.7286 141.3438 15.22516689017010 | 2017/06/12-14:36:30  255.1625    0.1235  141.3949   94.5802     6876.3895     6871.4756     6881.3033 -68.931985 -68.949311   0.000078   0.000710
1 42029U 17008CK  17164.92314499 +.00002562 +00000-0 +11353-3 0  9994 | 2 42029 097.4961 226.3187 0007272 213.1929 146.8852 15.22523447017219 | 2017/06/13-22:09:19    8.3440    0.1236  146.9307   94.5798     6876.3691     6871.3686     6881.3696 -67.335332 -70.508458   0.000132   0.000715
1 42029U 17008CK  17166.36904912  .00001860  00000-0  80246-4 0  9997 | 2 42029  97.4954 227.7597 0007625 214.3132 145.8280 15.22525903265625 | 2017/06/15-08:51:25  168.7905    0.1902  145.8770   94.5797     6876.3617     6871.1185     6881.6050 -65.540452 -72.178959   0.000105   0.000755
1 42029U 17008CK  17167.61776316 +.00001300 +00000-0 +59118-4 0  9994 | 2 42029 097.4966 229.0066 0007534 203.1879 156.9019 15.22528914017620 | 2017/06/16-14:49:34  258.3629    0.1236  156.9357   94.5795     6876.3527     6871.1720     6881.5333 -63.955048 -73.588986   0.000230   0.000717
1 42029U 17008CK  17169.58942175 +.00003359 +00000-0 +14781-3 0  9992 | 2 42029 097.4963 230.9734 0007770 195.4547 164.6453 15.22542377017927 | 2017/06/18-14:08:46  248.1263    0.1236  164.6689   94.5786     6876.3121     6870.9692     6881.6550 -61.391579 -75.740362   0.000311   0.000712
1 42029U 17008CK  17170.90385431 +.00002122 +00000-0 +94485-4 0  9993 | 2 42029 097.4963 232.2847 0007872 191.1295 168.9769 15.22545237018121 | 2017/06/19-21:41:33    1.2999    0.1236  168.9941   94.5785     6876.3035     6870.8905     6881.7165 -59.642221 -77.125443   0.000352   0.000704
1 42029U 17008CK  17172.61261248 +.00001167 +00000-0 +53369-4 0  9996 | 2 42029 097.4963 233.9894 0008068 184.9734 175.1424 15.22548536018388 | 2017/06/21-14:42:09  256.4230    0.1236  175.1502   94.5783     6876.2936     6870.7458     6881.8414 -57.321479 -78.865560   0.000416   0.000691
1 42029U 17008CK  17173.92703600 +.00001972 +00000-0 +88003-4 0  9991 | 2 42029 097.4962 235.3006 0008208 180.5032 179.6197 15.22556217018580 | 2017/06/22-22:14:55    9.5927    0.1235  179.6203   94.5778     6876.2705     6870.6264     6881.9145 -55.501751 -80.156501   0.000461   0.000679
1 42029U 17008CK  17175.57006075 +.00001889 +00000-0 +84408-4 0  9998 | 2 42029 097.4960 236.9396 0008425 174.7286 185.4041 15.22561857018831 | 2017/06/24-13:40:53  241.0523    0.1236  185.3950   94.5774     6876.2535     6870.4602     6882.0467 -53.186295 -81.711003   0.000523   0.000661
1 42029U 17008CK  17176.95019700 +.00001269 +00000-0 +57703-4 0  9990 | 2 42029 097.4960 238.3164 0008537 170.2623 189.8781 15.22564520019043 | 2017/06/25-22:48:17   17.8771    0.1236  189.8613   94.5773     6876.2455     6870.3752     6882.1157 -51.207639 -82.965341   0.000565   0.000640
1 42029U 17008CK  17178.92181025 +.00002237 +00000-0 +99349-4 0  9997 | 2 42029 097.4953 240.2834 0008775 163.6516 196.5005 15.22575044019342 | 2017/06/27-22:07:24    7.6225    0.1236  196.4720   94.5766     6876.2138     6870.1799     6882.2477 -48.329426 -84.673491   0.000632   0.000609
1 42029U 17008CK  17180.56481152 +.00002311 +00000-0 +10251-3 0  9991 | 2 42029 097.4952 241.9224 0008940 158.4898 201.6716 15.22583758019596 | 2017/06/29-13:33:19  239.0741    0.1236  201.6338   94.5761     6876.1875     6870.0402     6882.3348 -45.887771 -86.021082   0.000681   0.000580
1 42029U 17008CK  17181.94492595 +.00002658 +00000-0 +11738-3 0  9992 | 2 42029 097.4953 243.2990 0009070 154.1158 206.0533 15.22591368019805 | 2017/06/30-22:40:41   15.8913    0.1235  206.0077   94.5756     6876.1646     6869.9279     6882.4013 -43.808011 -87.098747   0.000720   0.000551
1 42029U 17008CK  17183.58791332 +.00002098 +00000-0 +93306-4 0  9995 | 2 42029 097.4956 244.9379 0009168 149.0295 211.1484 15.22597401020055 | 2017/07/02-14:06:35  247.3385    0.1236  211.0941   94.5752     6876.1465     6869.8424     6882.4505 -41.299167 -88.316311   0.000760   0.000512
1 42029U 17008CK  17184.90230049 +.00001333 +00000-0 +60400-4 0  9995 | 2 42029 097.4955 246.2491 0009296 144.9845 215.2004 15.22598527020256 | 2017/07/03-21:39:18    0.4952    0.1236  215.1391   94.5752     6876.1431     6869.7510     6882.5351 -39.267392 -89.238134   0.000795   0.000482
1 42029U 17008CK  17186.28240197 +.00001664 +00000-0 +74620-4 0  9999 | 2 42029 097.4954 247.6257 0009404 140.7151 219.4769 15.22603912020467 | 2017/07/05-06:46:39  137.3083    0.1236  219.4085   94.5748     6876.1269     6869.6605     6882.5932 -37.112173 -90.155641   0.000828   0.000446
1 42029U 17008CK  17187.53106302 +.00001576 +00000-0 +70831-4 0  9999 | 2 42029 097.4954 248.8712 0009510 136.9632 223.2350 15.22606609020651 | 2017/07/06-12:44:43  226.8053    0.1236  223.1604   94.5747     6876.1187     6869.5796     6882.6579 -35.143749 -90.941024   0.000856   0.000414
1 42029U 17008CK  17188.91115878 +.00001275 +00000-0 +57874-4 0  9998 | 2 42029 097.4953 250.2479 0009604 132.8722 227.3322 15.22609649020860 | 2017/07/07-21:52:04    3.6172    0.1235  227.2513   94.5745     6876.1096     6869.5058     6882.7134 -32.948655 -91.759030   0.000883   0.000377
1 42029U 17008CK  17190.55412531 +.00001176 +00000-0 +53633-4 0  9996 | 2 42029 097.4952 251.8868 0009707 127.9354 232.2761 15.22614017021114 | 2017/07/09-13:17:56  235.0585    0.1236  232.1882   94.5742     6876.0964     6869.4218     6882.7711 -30.310810 -92.663741   0.000913   0.000329
1 42029U 17008CK  17191.60562183 +.00001268 +00000-0 +57549-4 0  9994 | 2 42029 097.4951 252.9356 0009766 124.7914 235.4242 15.22616870021274 | 2017/07/10-14:32:05  253.5808    0.1235  235.3321   94.5740     6876.0878     6869.3727     6882.8030 -28.609586 -93.202930   0.000930   0.000297
1 42029U 17008CK  17192.91998728 +.00001892 +00000-0 +84362-4 0  9993 | 2 42029 097.4949 254.2467 0009825 120.9169 239.3034 15.22623665021479 | 2017/07/11-22:04:46    6.7320    0.1235  239.2066   94.5736     6876.0674     6869.3117     6882.8231 -26.469464 -93.832953   0.000948   0.000257
1 42029U 17008CK  17194.56293932 +.00002045 +00000-0 +90923-4 0  9992 | 2 42029 097.4942 255.8856 0009932 116.2427 243.9831 15.22629566021725 | 2017/07/13-13:30:37  238.1697    0.1236  243.8809   94.5732     6876.0496     6869.2203     6882.8789 -23.774815 -94.550924   0.000971   0.000209
1 42029U 17008CK  17195.61442483 +.00001788 +00000-0 +79891-4 0  9990 | 2 42029 097.4948 256.9343 0009926 112.9779 247.2505 15.22632662021883 | 2017/07/14-14:44:46  256.6896    0.1236  247.1457   94.5730     6876.0403     6869.2151     6882.8655 -22.040474 -94.970804   0.000978   0.000171
1 42029U 17008CK  17196.92877662 +.00002329 +00000-0 +10308-3 0  9995 | 2 42029 097.4946 258.2453 0009961 109.1557 251.0758 15.22640492022085 | 2017/07/15-22:17:26    9.8376    0.1236  250.9679   94.5726     6876.0167     6869.1675     6882.8659 -19.861801 -95.450018   0.000988   0.000128
1 42029U 17008CK  17198.57170320 +.00008360 +00000-0 +36153-3 0  9992 | 2 42029 097.4943 259.8841 0010033 104.6272 255.6078 15.22662986022331 | 2017/07/17-13:43:15  241.2682    0.1237  255.4965   94.5712     6875.9490     6869.0504     6882.8477 -17.123892 -95.978700   0.001000   0.000079
1 42029U 17008CK  17199.88602197 +.00005192 +00000-0 +22567-3 0  9993 | 2 42029 097.4946 261.1950 0010038 100.9246 259.3120 15.22680405022533 | 2017/07/18-21:15:52  354.4060    0.1236  259.1990   94.5701     6875.8966     6868.9945     6882.7986 -14.923701 -96.345629   0.001003   0.000037
1 42029U 17008CK  17200.93747033 +.00004048 +00000-0 +17663-3 0  9991 | 2 42029 097.4947 262.2438 0010030 097.9114 262.3261 15.22687796022695 | 2017/07/19-22:29:57   12.9140    0.1236  262.2122   94.5696     6875.8743     6868.9778     6882.7708 -13.157704 -96.602750   0.001003   0.000003
1 42029U 17008CK  17202.25177403 +.00002847 +00000-0 +12511-3 0  9998 | 2 42029 097.4945 263.5549 0010032 094.1272 266.1111 15.22694328022893 | 2017/07/21-06:02:33  126.0469    0.1236  265.9964   94.5692     6875.8547     6868.9568     6882.7525 -10.943868 -96.878322   0.001002  -0.000041
1 42029U 17008CK  17203.56607032 +.00002902 +00000-0 +12746-3 0  9991 | 2 42029 097.4943 264.8659 0009999 090.3953 269.8429 15.22703563023098 | 2017/07/22-13:35:08  239.1781    0.1236  269.7283   94.5686     6875.8269     6868.9517     6882.7020  -8.724480 -97.103151   0.000996  -0.000083
1 42029U 17008CK  17204.94607859 +.00001598 +00000-0 +71548-4 0  9997 | 2 42029 097.4941 266.2426 0009980 086.3428 273.8950 15.22705621023301 | 2017/07/23-22:42:21   15.9650    0.1237  273.7809   94.5685     6875.8207     6868.9586     6882.6827  -6.388984 -97.284533   0.000990  -0.000129
1 42029U 17008CK  17206.12893975 +.00001051 +00000-0 +48112-4 0  9990 | 2 42029 097.4941 267.4224 0009926 082.8712 277.3652 15.22707208023487 | 2017/07/25-03:05:40   81.7825    0.1236  277.2524   94.5684     6875.8159     6868.9909     6882.6408  -4.384547 -97.395458   0.000978  -0.000167
1 42029U 17008CK  17207.18036753 +.00001731 +00000-0 +77256-4 0  9996 | 2 42029 097.4940 268.4711 0009895 079.7699 280.4652 15.22713451023642 | 2017/07/26-04:19:43  100.2854    0.1236  280.3537   94.5680     6875.7971     6868.9935     6882.6007  -2.601254 -97.459292   0.000969  -0.000202
1 42029U 17008CK  17208.82321629 +.00001834 +00000-0 +81632-4 0  9994 | 2 42029 097.4932 270.1100 0009849 075.2856 284.9472 15.22721910023895 | 2017/07/27-19:45:25  331.6936    0.1237  284.8381   94.5675     6875.7716     6868.9997     6882.5436   0.187173 -97.493020   0.000953  -0.000248
1 42029U 17008CK  17209.94035109 +.00001516 +00000-0 +68011-4 0  9996 | 2 42029 097.4936 271.2240 0009798 071.8096 288.4206 15.22724241024061 | 2017/07/28-22:34:06   13.8519    0.1236  288.3140   94.5674     6875.7646     6869.0277     6882.5015   2.082581 -97.471354   0.000937  -0.000286
1 42029U 17008CK  17211.91175819 +.00001358 +00000-0 +61250-4 0  9991 | 2 42029 097.4934 273.1904 0009707 066.1134 294.1119 15.22730734024361 | 2017/07/30-21:52:55    3.5400    0.1237  294.0103   94.5669     6875.7451     6869.0708     6882.4193   5.425919 -97.342295   0.000908  -0.000343
1 42029U 17008CK  17213.42316318 +.00002396 +00000-0 +10566-3 0  9996 | 2 42029 097.4934 274.6979 0009621 061.7464 298.4742 15.22739160024597 | 2017/08/01-10:09:21  187.6327    0.1236  298.3772   94.5664     6875.7197     6869.1046     6882.3348   7.984902 -97.165860   0.000882  -0.000384
1 42029U 17008CK  17214.93456193 +.00002025 +00000-0 +89778-4 0  9990 | 2 42029 097.4935 276.2053 0009518 057.3875 302.8279 15.22744770024825 | 2017/08/02-22:25:46   11.7238    0.1237  302.7362   94.5661     6875.7028     6869.1585     6882.2471  10.538201 -96.922283   0.000852  -0.000423
1 42029U 17008CK  17216.44595513 +.00001947 +00000-0 +86398-4 0  9995 | 2 42029 097.4933 277.7129 0009404 052.5458 307.6632 15.22750683025053 | 2017/08/04-10:42:10  195.8139    0.1236  307.5778   94.5657     6875.6850     6869.2191     6882.1509  13.084507 -96.611279   0.000817  -0.000467
1 42029U 17008CK  17217.56306900 +.00001647 +00000-0 +73568-4 0  9991 | 2 42029 097.4932 278.8271 0009328 049.1380 311.0663 15.22753370025221 | 2017/08/05-13:30:49  237.9664    0.1236  310.9856   94.5655     6875.6769     6869.2633     6882.0906  14.960647 -96.338482   0.000791  -0.000495
1 42029U 17008CK  17218.61446831 +.00001257 +00000-0 +56881-4 0  9992 | 2 42029 097.4931 279.8757 0009244 045.9933 314.2063 15.22754889025387 | 2017/08/06-14:44:50  256.4626    0.1236  314.1303   94.5654     6875.6724     6869.3165     6882.0282  16.721167 -96.048462   0.000765  -0.000519
1 42029U 17008CK  17219.92871472 +.00001198 +00000-0 +54341-4 0  9993 | 2 42029 097.4929 281.1865 0009128 041.9146 318.2787 15.22758030025584 | 2017/08/07-22:17:20    9.5822    0.1236  318.2090   94.5653     6875.6629     6869.3868     6881.9390  18.913936 -95.640622   0.000730  -0.000548
1 42029U 17008CK  17221.11153407 +.00001094 +00000-0 +49907-4 0  9995 | 2 42029 097.4927 282.3662 0009019 038.2378 321.9497 15.22760573025769 | 2017/08/09-02:40:36   75.3891    0.1237  321.8859   94.5651     6875.6552     6869.4541     6881.8564  20.878952 -95.230751   0.000697  -0.000572
1 42029U 17008CK  17222.55719935 +.00001010 +00000-0 +46301-4 0  9991 | 2 42029 097.4926 283.8081 0008887 033.7010 326.4790 15.22763810025981 | 2017/08/10-13:22:22  235.8191    0.1237  326.4227   94.5649     6875.6455     6869.5351     6881.7559  23.268632 -94.675117   0.000655  -0.000600
1 42029U 17008CK  17223.60858961 +.00001169 +00000-0 +53085-4 0  9993 | 2 42029 097.4924 284.8566 0008779 030.4465 329.7279 15.22767277026144 | 2017/08/11-14:36:22  254.3130    0.1236  329.6771   94.5647     6875.6351     6869.5989     6881.6712  24.997121 -94.233285   0.000624  -0.000617
1 42029U 17008CK  17224.85711051 +.00003244 +00000-0 +14183-3 0  9990 | 2 42029 097.4918 286.1021 0008648 026.5375 333.6302 15.22777440026334 | 2017/08/12-20:34:14  343.7723    0.1236  333.5861   94.5640     6875.6045     6869.6584     6881.5505  27.039338 -93.667098   0.000586  -0.000636
1 42029U 17008CK  17225.90849119 +.00003275 +00000-0 +14313-3 0  9993 | 2 42029 097.4917 287.1505 0008532 023.0638 337.0979 15.22783795026492 | 2017/08/13-21:48:13    2.2633    0.1236  337.0598   94.5637     6875.5853     6869.7191     6881.4516  28.748610 -93.156583   0.000551  -0.000652
1 42029U 17008CK  17227.61697990 +.00002136 +00000-0 +94434-4 0  9999 | 2 42029 097.4920 288.8543 0008376 017.1725 342.9794 15.22788643026759 | 2017/08/15-14:48:27  257.3092    0.1238  342.9513   94.5634     6875.5707     6869.8118     6881.3297  31.505778 -92.260913   0.000493  -0.000677
1 42029U 17008CK  17228.93119930 +.00001471 +00000-0 +65982-4 0  9995 | 2 42029 097.4919 290.1650 0008236 012.6692 347.4750 15.22790706026957 | 2017/08/16-22:20:55   10.4205    0.1237  347.4545   94.5632     6875.5645     6869.9018     6881.2273  33.607880 -91.516015   0.000447  -0.000692
1 42029U 17008CK  17230.44254709  .00001369  00000-0  61611-4 0  9999 | 2 42029  97.4918 291.6722 0008068   7.4943 352.6413 15.22794786 27188 | 2017/08/18-10:37:16  194.4968    0.1237  352.6294   94.5630     6875.5523     6870.0051     6881.0995  36.003322 -90.600286   0.000393  -0.000705
1 42029U 17008CK  17231.82246901  .00001418  00000-0  63705-4 0  9998 | 2 42029  97.4917 293.0483 0007925   2.6530 357.4747 15.22798918 27394 | 2017/08/19-19:44:21  331.2606    0.1237  357.4707   94.5627     6875.5398     6870.0910     6880.9887  38.168680 -89.709439   0.000344  -0.000714
1 42029U 17008CK  17232.93954592 +.00001601 +00000-0 +71529-4 0  9990 | 2 42029 097.4916 294.1623 0007803 358.6633 001.4581 15.22802995027566 | 2017/08/20-22:32:56   13.4016    0.1237    1.4604   94.5625     6875.5275     6870.1626     6880.8925  39.905533 -88.950326   0.000303  -0.000719
1 42029U 17008CK  17234.18804004 +.00001686 +00000-0 +75124-4 0  9999 | 2 42029 097.4914 295.4074 0007670 354.1005 006.0140 15.22807786027750 | 2017/08/22-04:30:46  102.8519    0.1237    6.0232   94.5622     6875.5131     6870.2396     6880.7866  41.828861 -88.062021   0.000256  -0.000723
1 42029U 17008CK  17235.30511063  .00001613  00000-0  72015-4 0  9990 | 2 42029  97.4913 296.5213 0007556 349.9946  10.1139 15.22811228 27924 | 2017/08/23-07:19:21  144.9904    0.1237   10.1291   94.5620     6875.5028     6870.3076     6880.6979  43.532837 -87.232137   0.000215  -0.000724
1 42029U 17008CK  17236.35646667  .00002580  00000-0  11332-3 0  9993 | 2 42029  97.4908 297.5701 0007403 346.1318  13.9714 15.22818992 28087 | 2017/08/24-08:33:18  163.4714    0.1237   13.9919   94.5615     6875.4794     6870.3895     6880.5693  45.122009 -86.420255   0.000175  -0.000719
1 42029U 17008CK  17237.47352429  .00004360  00000-0  18932-3 0  9998 | 2 42029  97.4903 298.6840 0007309 341.9437  18.1539 15.22831654 28259 | 2017/08/25-11:21:52  205.6048    0.1237   18.1800   94.5607     6875.4413     6870.4160     6880.4665  46.793251 -85.526313   0.000135  -0.000718
1 42029U 17008CK  17238.59057628 +.00003696 +00000-0 +16093-3 0  9992 | 2 42029 097.4902 299.7979 0007176 337.5477 022.5444 15.22839389028426 | 2017/08/26-14:10:25  247.7362    0.1237   22.5760   94.5602     6875.4180     6870.4842     6880.3518  48.446990 -84.600403   0.000092  -0.000712
1 42029U 17008CK  17239.83903865 +.00003471 +00000-0 +15128-3 0  9992 | 2 42029 097.4900 301.0427 0007075 332.4406 027.6454 15.22848223028618 | 2017/08/27-20:08:12  337.1745    0.1236   27.6830   94.5597     6875.3914     6870.5271     6880.2558  50.273325 -83.527797   0.000043  -0.000706
1 42029U 17008CK  17240.89037144 +.00002795 +00000-0 +12240-3 0  9998 | 2 42029 097.4901 302.0910 0006994 328.1943 031.8870 15.22853234028778 | 2017/08/28-21:22:08  355.6469    0.1237   31.9294   94.5593     6875.3763     6870.5677     6880.1850  51.793127 -82.594137   0.000003  -0.000699
1 42029U 17008CK  17242.27024177 +.00002290 +00000-0 +10083-3 0  9997 | 2 42029 097.4903 303.4670 0006878 322.6148 037.4609 15.22858396028984 | 2017/08/30-06:29:08  132.3899    0.1237   37.5089   94.5590     6875.3608     6870.6319     6880.0897  53.761670 -81.326757  -0.000047  -0.000686
1 42029U 17008CK  17243.71581609  .00001977  00000-0  87450-4 0  9999 | 2 42029  97.4903 304.9084 0006802 316.5951  43.4749 15.22863414 29205 | 2017/08/31-17:10:46  292.7858    0.1237   43.5286   94.5587     6875.3457     6870.6691     6880.0223  55.790395 -79.948674  -0.000100  -0.000673
1 42029U 17008CK  17244.83284673  .00001933  00000-0  85586-4 0  9994 | 2 42029  97.4902 306.0222 0006735 311.9326  48.1335 15.22867209 29378 | 2017/09/01-19:59:17  334.9079    0.1236   48.1910   94.5585     6875.3343     6870.7037     6879.9648  57.333857 -78.849020  -0.000141  -0.000659
1 42029U 17008CK  17245.88416804  .00002136  00000-0  94231-4 0  9996 | 2 42029  97.4904 307.0705 0006650 307.4558  52.6073 15.22871133 29538 | 2017/09/02-21:13:12  353.3745    0.1237   52.6679   94.5582     6875.3225     6870.7504     6879.8945  58.766945 -77.787044  -0.000177  -0.000641
1 42029U 17008CK  17246.93548072 +.00004580 +00000-0 +19843-3 0  9996 | 2 42029 097.4904 308.1189 0006570 302.8600 057.2003 15.22884052029699 | 2017/09/03-22:27:05   11.8377    0.1236   57.2636   94.5574     6875.2836     6870.7665     6879.8006  60.180378 -76.698763  -0.000214  -0.000621
1 42029U 17008CK  17248.44672588  .00008981  00000-0  38562-3 0  9992 | 2 42029  97.4901 309.6261 0006520 296.2022  63.8544 15.22910362 29925 | 2017/09/05-10:43:17  195.8720    0.1237   63.9215   94.5558     6875.2044     6870.7218     6879.6870  62.176740 -75.089097  -0.000267  -0.000595
1 42029U 17008CK  17249.56371737 +.00006227 +00000-0 +26829-3 0  9992 | 2 42029 097.4897 310.7399 0006472 291.0922 068.9622 15.22924793030098 | 2017/09/06-13:31:45  237.9783    0.1236   69.0314   94.5549     6875.1610     6870.7114     6879.6106  63.624332 -73.866000  -0.000306  -0.000571
1 42029U 17008CK  17250.61499252 +.00008791 +00000-0 +37718-3 0  9990 | 2 42029 097.4892 311.7882 0006464 286.4594 073.5931 15.22944166030254 | 2017/09/07-14:45:35  256.4271    0.1236   73.6642   94.5537     6875.1027     6870.6586     6879.5467  64.964748 -72.689240  -0.000340  -0.000550
1 42029U 17008CK  17251.86335874 +.00015719 +00000-0 +67064-3 0  9992 | 2 42029 097.4886 313.0331 0006495 280.7376 079.3129 15.22982309030445 | 2017/09/08-20:43:14  345.8265    0.1236   79.3860   94.5513     6874.9879     6870.5226     6879.4532  66.528244 -71.260227  -0.000384  -0.000524
1 42029U 17008CK  17252.91458871 +.00011025 +00000-0 +47117-3 0  9995 | 2 42029 097.4883 314.0814 0006453 275.9879 084.0622 15.23011386030605 | 2017/09/09-21:57:00    4.2576    0.1237   84.1358   94.5495     6874.9004     6870.4640     6879.3367  67.820625 -70.030932  -0.000414  -0.000495
1 42029U 17008CK  17254.09720863  .00006315  00000-0  27123-3 0  9990 | 2 42029  97.4881 315.2605 0006456 270.6615  89.3882 15.23024779 30782 | 2017/09/11-02:19:58   69.9877    0.1237   89.4622   94.5487     6874.8601     6870.4216     6879.2985  69.247199 -68.620369  -0.000449  -0.000464
1 42029U 17008CK  17255.54262136 +.00005549 +00000-0 +23864-3 0  9991 | 2 42029 097.4881 316.7016 0006498 264.2089 095.8407 15.23038461031008 | 2017/09/12-13:01:22  230.3199    0.1237   95.9148   94.5478     6874.8189     6870.3516     6879.2861  70.951050 -66.857147  -0.000491  -0.000426
1 42029U 17008CK  17256.59382329 +.00005308 +00000-0 +22837-3 0  9996 | 2 42029 097.4883 317.7497 0006512 259.4137 100.6366 15.23047974031166 | 2017/09/13-14:15:06  248.7399    0.1236  100.7099   94.5473     6874.7903     6870.3134     6879.2671  72.162264 -65.548275  -0.000519  -0.000393
1 42029U 17008CK  17257.90782056 +.00002757 +00000-0 +12009-3 0  9998 | 2 42029 097.4884 319.0600 0006578 253.7865 106.2648 15.23051110031369 | 2017/09/14-21:47:15    1.7628    0.1236  106.3371   94.5471     6874.7808     6870.2586     6879.3030  73.642366 -63.881062  -0.000553  -0.000357
1 42029U 17008CK  17259.61600060 +.00004720 +00000-0 +20327-3 0  9996 | 2 42029 097.4886 320.7633 0006656 246.3028 113.7510 15.23070025031628 | 2017/09/16-14:47:02  256.6855    0.1236  113.8208   94.5459     6874.7239     6870.1481     6879.2997  75.508771 -61.664031  -0.000593  -0.000303
1 42029U 17008CK  17260.92997738 +.00002148 +00000-0 +94195-4 0  9990 | 2 42029 097.4884 322.0736 0006738 240.7004 119.3560 15.23074004031828 | 2017/09/17-22:19:10    9.6993    0.1237  119.4233   94.5456     6874.7119     6870.0797     6879.3441  76.898943 -59.921120  -0.000621  -0.000261
1 42029U 17008CK  17262.11255240 +.00001860 +00000-0 +81959-4 0  9992 | 2 42029 097.4881 323.2529 0006809 235.7821 124.2771 15.23078419032002 | 2017/09/19-02:42:04   75.4098    0.1236  124.3415   94.5454     6874.6986     6870.0177     6879.3796  78.115664 -58.325575  -0.000644  -0.000222
1 42029U 17008CK  17263.49221580  .00002794  00000-0  12152-3 0  9999 | 2 42029  97.4878 324.6287 0006938 230.1338 129.9289 15.23087992 32214 | 2017/09/20-11:48:47  212.0692    0.1236  129.9898   94.5448     6874.6698     6869.9002     6879.4395  79.493293 -56.433035  -0.000671  -0.000177
1 42029U 17008CK  17264.60908136  .00002462  00000-0  10742-3 0  9997 | 2 42029  97.4875 325.7424 0007022 225.5396 134.5267 15.23094246 32389 | 2017/09/21-14:37:04  254.1244    0.1236  134.5840   94.5444     6874.6510     6869.8236     6879.4784  80.574890 -54.877134  -0.000689  -0.000137
1 42029U 17008CK  17265.85733807  .00002582  00000-0  11247-3 0  9990 | 2 42029  97.4869 326.9870 0007106 220.5920 139.4788 15.23100777 32571 | 2017/09/22-20:34:34  343.4780    0.1237  139.5317   94.5440     6874.6314     6869.7462     6879.5165  81.747345 -53.113720  -0.000704  -0.000094
1 42029U 17008CK  17267.17128810  .00002105  00000-0  92258-4 0  9992 | 2 42029  97.4865 328.2970 0007237 215.4546 144.6210 15.23105750 32771 | 2017/09/24-04:06:39   96.4803    0.1236  144.6690   94.5437     6874.6164     6869.6412     6879.5916  82.939915 -51.230735  -0.000722  -0.000047
1 42029U 17008CK  17268.22244166  .00004345  00000-0  18709-3 0  9998 | 2 42029  97.4862 329.3451 0007331 211.4469 148.6330 15.23117377 32932 | 2017/09/25-05:20:18  114.8793    0.1236  148.6767   94.5429     6874.5814     6869.5417     6879.6212  83.862881 -49.704892  -0.000733  -0.000010
1 42029U 17008CK  17269.47068206  .00003425  00000-0  14811-3 0  9993 | 2 42029  97.4864 330.5894 0007458 206.6038 153.4817 15.23123970 33129 | 2017/09/26-11:17:46  204.2262    0.1236  153.5198   94.5425     6874.5616     6869.4345     6879.6886  84.922643 -47.872152  -0.000745   0.000037
1 42029U 17008CK  17270.58751959 +.00007292 +00000-0 +31156-3 0  9998 | 2 42029 097.4863 331.7028 0007561 202.3213 157.7696 15.23140656033293 | 2017/09/27-14:06:01  246.2698    0.1237  157.8024   94.5415     6874.5114     6869.3135     6879.7092  85.836738 -46.212911  -0.000752   0.000079
1 42029U 17008CK  17271.90143152 +.00006278 +00000-0 +26857-3 0  9990 | 2 42029 097.4863 333.0127 0007705 197.5518 162.5454 15.23155270033497 | 2017/09/28-21:38:03  359.2569    0.1237  162.5719   94.5406     6874.4674     6869.1706     6879.7642  86.870737 -44.238600  -0.000760   0.000126
1 42029U 17008CK  17273.47811024  .00004761  00000-0  20436-3 0  9996 | 2 42029  97.4865 334.5847 0007872 191.7539 168.3515 15.23169861 33738 | 2017/09/30-11:28:28  206.8351    0.1236  168.3697   94.5397     6874.4235     6869.0119     6879.8350  88.051827 -41.838899  -0.000765   0.000186
1 42029U 17008CK  17274.59491133 +.00006309 +00000-0 +26961-3 0  9994 | 2 42029 097.4867 335.6983 0007973 188.0813 172.0297 15.23186851033905 | 2017/10/01-14:16:40  248.8651    0.1237  172.0424   94.5386     6874.3724     6868.8914     6879.8533  88.848507 -40.119813  -0.000766   0.000223
1 42029U 17008CK  17275.84309350  .00002502  00000-0  10878-3 0  9993 | 2 42029  97.4863 336.9428 0008097 183.6713 176.4465 15.23190979 34099 | 2017/10/02-20:14:03  338.1896    0.1235  176.4522   94.5384     6874.3600     6868.7938     6879.9261  89.698540 -38.180500  -0.000764   0.000269
1 42029U 17008CK  17277.61681467  .00003816  00000-0  16421-3 0  9991 | 2 42029  97.4861 338.7114 0008292 177.6012 182.5266 15.23206066 34363 | 2017/10/04-14:48:12  256.6989    0.1236  182.5224   94.5374     6874.3146     6868.6144     6880.0147  90.833988 -35.393873  -0.000759   0.000333
1 42029U 17008CK  17278.93066719 +.00006400 +00000-0 +27313-3 0  9998 | 2 42029 097.4857 340.0215 0008417 173.1869 186.9483 15.23224980034562 | 2017/10/05-22:20:09    9.6633    0.1235  186.9366   94.5363     6874.2577     6868.4716     6880.0437  91.619098 -33.307696  -0.000751   0.000379
1 42029U 17008CK  17280.77004216  .00004483  00000-0  19216-3 0  9999 | 2 42029  97.4848 341.8553 0008597 167.1686 192.9771 15.23240441 34843 | 2017/10/07-18:28:51  311.8070    0.1236  192.9550   94.5353     6874.2111     6868.3014     6880.1209  92.637180 -30.358511  -0.000737   0.000442
1 42029U 17008CK  17281.82110488  .00003664  00000-0  15761-3 0  9996 | 2 42029  97.4845 342.9031 0008704 163.8765 196.2750 15.23247532 35005 | 2017/10/08-19:42:23  330.1719    0.1236  196.2471   94.5349     6874.1898     6868.2065     6880.1731  93.176555 -28.659333  -0.000728   0.000477
1 42029U 17008CK  17282.93785359 +.00003653 +00000-0 +15709-3 0  9994 | 2 42029 097.4842 344.0164 0008805 160.1576 200.0004 15.23256052035175 | 2017/10/09-22:30:30   12.1824    0.1235  199.9659   94.5343     6874.1642     6868.1115     6880.2169  93.715515 -26.843464  -0.000714   0.000515
1 42029U 17008CK  17284.51442919  .00006404  00000-0  27287-3 0  9993 | 2 42029  97.4841 345.5879 0008934 155.1504 205.0165 15.23274006 35410 | 2017/10/11-12:20:46  219.7231    0.1237  204.9733   94.5332     6874.1102     6867.9688     6880.2515  94.416336 -24.263250  -0.000692   0.000565
1 42029U 17008CK  17285.56546899 +.00007206 +00000-0 +30652-3 0  9992 | 2 42029 097.4841 346.6355 0009015 151.8946 208.2779 15.23286241035572 | 2017/10/12-13:34:16  238.0802    0.1236  208.2290   94.5325     6874.0733     6867.8764     6880.2703  94.844160 -22.532975  -0.000675   0.000597
1 42029U 17008CK  17286.81356410  .00007090  00000-0  30145-3 0  9997 | 2 42029  97.4843 347.8798 0009135 147.9833 212.1960 15.23304176 35767 | 2017/10/13-19:31:31  327.3735    0.1236  212.1403   94.5313     6874.0194     6867.7400     6880.2988  95.311304 -20.468123  -0.000656   0.000636
1 42029U 17008CK  17288.12732927  .00009047  00000-0  38347-3 0  9990 | 2 42029  97.4845 349.1895 0009223 144.0485 216.1374 15.23329103 35963 | 2017/10/15-03:03:21   80.3076    0.1236  216.0751   94.5298     6873.9444     6867.6046     6880.2842  95.754432 -18.284322  -0.000632   0.000672
1 42029U 17008CK  17289.50676454  .00005847  00000-0  24889-3 0  9995 | 2 42029  97.4845 350.5649 0009338 139.8406 220.3523 15.23345052 36176 | 2017/10/16-12:09:44  216.8815    0.1237  220.2831   94.5288     6873.8964     6867.4776     6880.3153  96.165722 -15.980665  -0.000605   0.000711
1 42029U 17008CK  17290.55775455 +.00003802 +00000-0 +16290-3 0  9999 | 2 42029 097.4844 351.6128 0009391 136.7237 223.4739 15.23352399036339 | 2017/10/17-13:23:09  235.2212    0.1236  223.3999   94.5284     6873.8743     6867.4191     6880.3296  96.441799 -14.219271  -0.000583   0.000737
1 42029U 17008CK  17291.93717858 +.00003453 +00000-0 +14822-3 0  9996 | 2 42029 097.4836 352.9879 0009416 132.2587 227.9450 15.23356473036543 | 2017/10/18-22:29:32   11.7923    0.1236  227.8649   94.5281     6873.8621     6867.3896     6880.3345  96.754461 -11.900696  -0.000543   0.000769
1 42029U 17008CK  17293.11953270  .00001769  00000-0  77400-4 0  9998 | 2 42029  97.4834 354.1666 0009506 128.8833 231.3253 15.23360143 36723 | 2017/10/20-02:52:07   77.4216    0.1236  231.2403   94.5279     6873.8510     6867.3167     6880.3853  96.978595  -9.907846  -0.000518   0.000797
1 42029U 17008CK  17294.17051340  .00001796  00000-0  78541-4 0  9999 | 2 42029  97.4832 355.2143 0009561 125.7264 234.4863 15.23364616 36885 | 2017/10/21-04:05:32   95.7587    0.1236  234.3972   94.5276     6873.8376     6867.2655     6880.4096  97.143346  -8.132939  -0.000492   0.000820
1 42029U 17008CK  17295.22149184  .00002188  00000-0  94993-4 0  9995 | 2 42029  97.4828 356.2623 0009643 122.6367 237.5802 15.23369687 37044 | 2017/10/22-05:18:56  114.0947    0.1237  237.4870   94.5273     6873.8223     6867.1939     6880.4507  97.275448  -6.354798  -0.000466   0.000844
1 42029U 17008CK  17296.46952426  .00002335  00000-0  10116-3 0  9991 | 2 42029  97.4825 357.5063 0009707 118.9411 241.2800 15.23375386 37236 | 2017/10/23-11:16:06  203.3683    0.1236  241.1825   94.5269     6873.8052     6867.1328     6880.4776  97.390185  -4.241418  -0.000432   0.000869
1 42029U 17008CK  17297.52049565 +.00002425 +00000-0 +10491-3 0  9996 | 2 42029 097.4826 358.5537 0009703 115.7047 244.5192 15.23380925037392 | 2017/10/24-12:29:30  221.7037    0.1236  244.4189   94.5266     6873.7885     6867.1189     6880.4581  97.451544  -2.460462  -0.000399   0.000885
1 42029U 17008CK  17298.83420424  .00003046  00000-0  13094-3 0  9990 | 2 42029  97.4821 359.8633 0009779 112.0399 248.1877 15.23387804 37596 | 2017/10/25-20:01:15  334.6203    0.1236  248.0837   94.5262     6873.7678     6867.0460     6880.4897  97.481823  -0.232579  -0.000365   0.000907
1 42029U 17008CK  17300.14790539  .00003061  00000-0  13158-3 0  9993 | 2 42029  97.4821   1.1727 0009802 108.1682 252.0623 15.23395540 37796 | 2017/10/27-03:32:59   87.5353    0.1237  251.9555   94.5257     6873.7445     6867.0069     6880.4822  97.461682   1.995073  -0.000325   0.000925
1 42029U 17008CK  17301.46160103  .00002339  00000-0  10122-3 0  9992 | 2 42029  97.4822   2.4822 0009835 104.3060 255.9270 15.23400527 37995 | 2017/10/28-11:04:42  200.4485    0.1237  255.8177   94.5254     6873.7295     6866.9692     6880.4899  97.390735   4.221858  -0.000284   0.000942
1 42029U 17008CK  17302.51255348  .00001995  00000-0  86774-4 0  9999 | 2 42029  97.4822   3.5298 0009847 101.2520 258.9824 15.23404875 38151 | 2017/10/29-12:18:04  218.7783    0.1237  258.8717   94.5251     6873.7165     6866.9479     6880.4850  97.297268   6.001752  -0.000251   0.000952
1 42029U 17008CK  17303.56350312 +.00001771 +00000-0 +77366-4 0  9991 | 2 42029 097.4823 004.5773 0009850 098.2298 262.0056 15.23408821038318 | 2017/10/30-13:31:26  237.1075    0.1236  261.8938   94.5249     6873.7046     6866.9340     6880.4752  97.171387   7.779478  -0.000218   0.000960
1 42029U 17008CK  17304.61445090 +.00001682 +00000-0 +73618-4 0  9993 | 2 42029 097.4818 005.6249 0009824 094.9258 265.3101 15.23411455038473 | 2017/10/31-14:44:48  255.4365    0.1237  265.1979   94.5247     6873.6967     6866.9440     6880.4494  97.012415   9.554718  -0.000180   0.000966
1 42029U 17008CK  17305.92813086 +.00001626 +00000-0 +71248-4 0  9997 | 2 42029 097.4816 006.9342 0009819 091.0943 269.1419 15.23416453038671 | 2017/11/01-22:16:30    8.3465    0.1237  269.0294   94.5244     6873.6816     6866.9324     6880.4309  96.768566  11.768895  -0.000137   0.000972
1 42029U 17008CK  17307.50453532 +.00003760 +00000-0 +16074-3 0  9995 | 2 42029 097.4818 008.5058 0009819 086.6931 273.5429 15.23431768038915 | 2017/11/03-12:06:31  215.8345    0.1237  273.4306   94.5234     6873.6356     6866.8863     6880.3848  96.409588  14.418487  -0.000089   0.000978
1 42029U 17008CK  17308.55546662 +.00002290 +00000-0 +99087-4 0  9991 | 2 42029 097.4814 009.5534 0009787 083.7222 276.5129 15.23435641039078 | 2017/11/04-13:19:52  234.1589    0.1237  276.4015   94.5232     6873.6239     6866.8967     6880.3511  96.129464  16.178672  -0.000056   0.000977
1 42029U 17008CK  17309.93480987 +.00001449 +00000-0 +63799-4 0  9997 | 2 42029 097.4808 010.9281 0009764 079.5990 280.6347 15.23439361039280 | 2017/11/05-22:26:07   10.7087    0.1237  280.5247   94.5230     6873.6127     6866.9013     6880.3241  95.713069  18.480119  -0.000009   0.000976
1 42029U 17008CK  17311.44551210  .00003561  00000-0  15230-3 0  9997 | 2 42029  97.4804  12.4337 0009713  75.0190 285.2122 15.23451736 39510 | 2017/11/07-10:41:32  194.5474    0.1238  285.1048   94.5222     6873.5755     6866.8992     6880.2518  95.194076  20.988480   0.000043   0.000970
1 42029U 17008CK  17312.56211104 +.00003864 +00000-0 +16496-3 0  9997 | 2 42029 097.4802 013.5464 0009640 071.7368 288.4917 15.23460091039689 | 2017/11/08-13:29:26  236.5136    0.1237  288.3869   94.5217     6873.5504     6866.9243     6880.1765  94.768354  22.833055   0.000079   0.000961
1 42029U 17008CK  17313.87574703  .00005251  00000-0  22298-3 0  9998 | 2 42029  97.4800  14.8555 0009604  67.9149 292.3106 15.23472975 39886 | 2017/11/09-21:01:04  349.4113    0.1236  292.2087   94.5209     6873.5116     6866.9103     6880.1129  94.221779  24.992133   0.000121   0.000953
1 42029U 17008CK  17315.12369054  .00004513  00000-0  19201-3 0  9999 | 2 42029  97.4801  16.0991 0009557  64.2409 295.9814 15.23484281 40072 | 2017/11/11-02:58:06   78.6606    0.1238  295.8829   94.5202     6873.4776     6866.9086     6880.0466  93.657273  27.031189   0.000160   0.000942
1 42029U 17008CK  17316.17458412  .00005418  00000-0  22981-3 0  9996 | 2 42029  97.4802  17.1465 0009472  60.8696 299.3488 15.23494986 40233 | 2017/11/12-04:11:24   96.9746    0.1237  299.2541   94.5195     6873.4454     6866.9349     6879.9559  93.147601  28.738716   0.000197   0.000927
1 42029U 17008CK  17317.48819054  .00003884  00000-0  16559-3 0  9993 | 2 42029  97.4805  18.4558 0009369  57.0482 303.1655 15.23503479 40439 | 2017/11/13-11:42:59  209.8630    0.1238  303.0756   94.5190     6873.4199     6866.9802     6879.8596  92.466898  30.859693   0.000235   0.000907
1 42029U 17008CK  17318.80178922  .00005093  00000-0  21610-3 0  9990 | 2 42029  97.4805  19.7652 0009312  53.0470 307.1618 15.23516468 40636 | 2017/11/14-19:14:34  322.7488    0.1237  307.0767   94.5182     6873.3808     6866.9803     6879.7813  91.737567  32.964629   0.000275   0.000890
1 42029U 17008CK  17319.85266185  .00004766  00000-0  20237-3 0  9995 | 2 42029  97.4803  20.8127 0009221  49.8949 310.3095 15.23523743 40793 | 2017/11/15-20:27:49  341.0556    0.1238  310.2289   94.5177     6873.3589     6867.0210     6879.6969  91.119412  34.636131   0.000305   0.000870
1 42029U 17008CK  17321.16624161  .00004188  00000-0  17815-3 0  9990 | 2 42029  97.4799  22.1219 0009095  45.7170 314.4811 15.23535104 40991 | 2017/11/17-03:59:23   93.9362    0.1237  314.4067   94.5170     6873.3248     6867.0735     6879.5760  90.303894  36.708823   0.000343   0.000842
1 42029U 17008CK  17322.47980784  .00005877  00000-0  24864-3 0  9999 | 2 42029  97.4796  23.4311 0009003  41.8873 318.3051 15.23553807 41193 | 2017/11/18-11:30:55  206.8112    0.1237  318.2364   94.5159     6873.2685     6867.0805     6879.4565  89.441327  38.762372   0.000376   0.000818
1 42029U 17008CK  17323.59633190 +.00005236 +00000-0 +22179-3 0  9995 | 2 42029 097.4791 024.5439 0008914 038.2114 321.9753 15.23562700041369 | 2017/11/19-14:18:43  248.7533    0.1237  321.9123   94.5153     6873.2418     6867.1150     6879.3686  88.671207  40.491876   0.000408   0.000793
1 42029U 17008CK  17324.84420480  .00004702  00000-0  19943-3 0  9992 | 2 42029  97.4786  25.7874 0008800  34.1819 325.9983 15.23571327 41555 | 2017/11/20-20:15:39  337.9805    0.1238  325.9419   94.5148     6873.2158     6867.1674     6879.2642  87.771141  42.406417   0.000440   0.000762
1 42029U 17008CK  17326.09206437  .00006022  00000-0  25443-3 0  9994 | 2 42029  97.4781  27.0309 0008682  30.2606 329.9131 15.23587724 41745 | 2017/11/22-02:12:34   67.2029    0.1238  329.8632   94.5138     6873.1665     6867.1992     6879.1338  86.829744  44.300966   0.000469   0.000731
1 42029U 17008CK  17327.20856298  .00004742  00000-0  20096-3 0  9990 | 2 42029  97.4780  28.1436 0008584  26.5943 333.5733 15.23596578 41915 | 2017/11/23-05:00:19  109.1363    0.1238  333.5295   94.5132     6873.1399     6867.2400     6879.0398  85.952999  45.978717   0.000496   0.000701
1 42029U 17008CK  17328.58775518 +.00004611 +00000-0 +19543-3 0  9997 | 2 42029 097.4780 029.5182 0008427 022.0755 338.0843 15.23609791042124 | 2017/11/24-14:06:22  245.6380    0.1237  338.0482   94.5124     6873.1001     6867.3082     6878.8921  84.825281  48.027411   0.000524   0.000660
1 42029U 17008CK  17329.83558084  .00005372  00000-0  22708-3 0  9995 | 2 42029  97.4779  30.7615 0008313  17.7109 342.4416 15.23627764 42311 | 2017/11/25-20:03:14  334.8492    0.1237  342.4128   94.5113     6873.0461     6867.3325     6878.7596  83.763127  49.856590   0.000551   0.000622
1 42029U 17008CK  17330.88637450 +.00003321 +00000-0 +14153-3 0  9994 | 2 42029 097.4781 031.8086 0008205 014.1171 346.0294 15.23634755042477 | 2017/11/26-21:16:22  353.1295    0.1238  346.0067   94.5108     6873.0251     6867.3857     6878.6644  82.838214  51.379084   0.000571   0.000589
1 42029U 17008CK  17332.13418914  .00002099  00000-0  90573-4 0  9998 | 2 42029  97.4782  33.0524 0008070   9.8471 350.2923 15.23638202 42661 | 2017/11/28-03:13:13   82.3360    0.1238  350.2767   94.5106     6873.0147     6867.4682     6878.5612  81.703509  53.165177   0.000591   0.000549
1 42029U 17008CK  17333.84171883 +.00001887 +00000-0 +81717-4 0  9992 | 2 42029 097.4777 034.7541 0007946 003.6547 356.4746 15.23644509042926 | 2017/11/29-20:12:04  337.0381    0.1237  356.4690   94.5102     6872.9957     6867.5344     6878.4570  80.088278  55.567705   0.000623   0.000494
1 42029U 17008CK  17334.89250317 +.00001678 +00000-0 +72993-4 0  9992 | 2 42029 097.4776 035.8013 0007832 359.9908 000.1327 15.23647422043086 | 2017/11/30-21:25:12  355.3148    0.1237    0.1329   94.5101     6872.9870     6867.6040     6878.3699  79.059261  57.022064   0.000635   0.000458
1 42029U 17008CK  17335.94328531 +.00001522 +00000-0 +66496-4 0  9992 | 2 42029 097.4774 036.8484 0007731 356.2498 003.8679 15.23650138043245 | 2017/12/01-22:38:19   13.5908    0.1237    3.8739   94.5099     6872.9788     6867.6653     6878.2923  78.003859  58.457177   0.000648   0.000422
1 42029U 17008CK  17337.12541077 +.00001607 +00000-0 +70023-4 0  9991 | 2 42029 097.4773 038.0264 0007621 351.9250 008.1862 15.23654977043427 | 2017/12/03-03:00:35   79.1496    0.1236    8.1986   94.5096     6872.9642     6867.7264     6878.2021  76.785500  60.048405   0.000660   0.000380
1 42029U 17008CK  17338.17618246  .00001914  00000-0  82790-4 0  9995 | 2 42029  97.4771  39.0735 0007513 348.0266  12.0791 15.23661580 43583 | 2017/12/04-04:13:42   97.4215    0.1237   12.0971   94.5092     6872.9444     6867.7808     6878.1080  75.675179  61.441455   0.000669   0.000342
1 42029U 17008CK  17339.42396670  .00003531  00000-0  15014-3 0  9999 | 2 42029  97.4767  40.3172 0007337 343.3934  16.7061 15.23676661 43770 | 2017/12/05-10:10:30  186.6162    0.1237   16.7303   94.5082     6872.8990     6867.8564     6877.9417  74.323462  63.069248   0.000672   0.000295
1 42029U 17008CK  17340.47472352  .00004930  00000-0  20832-3 0  9996 | 2 42029  97.4764  41.3643 0007259 339.3576  20.7367 15.23690188 43933 | 2017/12/06-11:23:36  204.8824    0.1238   20.7662   94.5074     6872.8584     6867.8694     6877.8474  73.158278  64.416729   0.000679   0.000257
1 42029U 17008CK  17341.91950396 +.00004230 +00000-0 +17910-3 0  9991 | 2 42029 097.4760 042.8038 0007094 333.8072 026.2806 15.23702619044157 | 2017/12/07-22:04:05    4.9944    0.1238   26.3166   94.5066     6872.8210     6867.9454     6877.6966  71.516660  66.233964   0.000680   0.000203
1 42029U 17008CK  17343.42995287 +.00002654 +00000-0 +11350-3 0  9997 | 2 42029 097.4763 044.3090 0007058 327.6882 032.3922 15.23704065044384 | 2017/12/09-10:19:07  188.7470    0.1238   32.4356   94.5065     6872.8166     6867.9658     6877.6675  69.752385  68.089895   0.000690   0.000147
1 42029U 17008CK  17344.61203762 +.00001161 +00000-0 +51334-4 0  9998 | 2 42029 097.4763 045.4868 0006896 322.7437 037.3321 15.23706292044562 | 2017/12/10-14:41:20  254.2894    0.1238   37.3801   94.5064     6872.8099     6868.0704     6877.5494  68.338057  69.509273   0.000682   0.000099
1 42029U 17008CK  17345.72845078 +.00001492 +00000-0 +65109-4 0  9995 | 2 42029 097.4763 046.5993 0006825 318.2705 041.8011 15.23709969044732 | 2017/12/11-17:28:58  296.1902    0.1238   41.8533   94.5062     6872.7989     6868.1082     6877.4896  66.975614  70.822992   0.000680   0.000058
1 42029U 17008CK  17346.84486057  .00001427  00000-0  62404-4 0  9990 | 2 42029  97.4761  47.7119 0006789 313.6221  46.4453 15.23713644 44909 | 2017/12/12-20:16:35  338.0898    0.1238   46.5017   94.5059     6872.7878     6868.1219     6877.4538  65.587660  72.109978   0.000679   0.000016
1 42029U 17008CK  17348.15828188  .00001347  00000-0  59070-4 0  9997 | 2 42029  97.4759  49.0207 0006707 308.1138  51.9493 15.23716850 45105 | 2017/12/14-03:47:55   90.9115    0.1237   52.0099   94.5057     6872.7782     6868.1686     6877.3878  63.923362  73.589095   0.000670  -0.000034
1 42029U 17008CK  17349.47169994  .00001372  00000-0  60099-4 0  9997 | 2 42029  97.4758  50.3295 0006636 302.6307  57.4289 15.23720674 45309 | 2017/12/15-11:19:14  203.7313    0.1237   57.4930   94.5055     6872.7667     6868.2059     6877.3275  62.225781  75.029885   0.000659  -0.000081
1 42029U 17008CK  17350.58810290 +.00001394 +00000-0 +61014-4 0  9995 | 2 42029 097.4756 051.4419 0006591 297.8027 062.2542 15.23724003045475 | 2017/12/16-14:06:52  245.6270    0.1238   62.3211   94.5053     6872.7567     6868.2268     6877.2865  60.757312  76.223629   0.000648  -0.000123
1 42029U 17008CK  17351.83584311 +.00001647 +00000-0 +71517-4 0  9996 | 2 42029 097.4754 052.6852 0006561 292.4873 067.5669 15.23729503045663 | 2017/12/17-20:03:36  334.8027    0.1237   67.6364   94.5050     6872.7401     6868.2309     6877.2493  59.088989  77.523835   0.000634  -0.000168
1 42029U 17008CK  17353.47760165  .00001719  00000-0  74537-4 0  9996 | 2 42029  97.4751  54.3210 0006508 285.3187  74.7331 15.23735312 45916 | 2017/12/19-11:27:44  205.8206    0.1238   74.8051   94.5046     6872.7227     6868.2499     6877.1954  56.851721  79.178766   0.000610  -0.000226
1 42029U 17008CK  17354.59399435 +.00001581 +00000-0 +68786-4 0  9994 | 2 42029 097.4749 055.4333 0006502 280.4303 079.6201 15.23738270046086 | 2017/12/20-14:15:21  247.7114    0.1237   79.6934   94.5044     6872.7138     6868.2451     6877.1824  55.303871  80.267291   0.000593  -0.000266
1 42029U 17008CK  17355.77605362 +.00001600 +00000-0 +69536-4 0  9990 | 2 42029 097.4747 056.6111 0006500 275.3259 084.7236 15.23742594046261 | 2017/12/21-18:37:31  313.2410    0.1237   84.7978   94.5042     6872.7008     6868.2335     6877.1680  53.642179  81.386939   0.000574  -0.000306
1 42029U 17008CK  17356.82677104 +.00001454 +00000-0 +63466-4 0  9993 | 2 42029 097.4745 057.6579 0006506 270.7392 089.3099 15.23745385046428 | 2017/12/22-19:50:33  331.4885    0.1236   89.3844   94.5040     6872.6924     6868.2210     6877.1638  52.146254  82.353181   0.000554  -0.000341
1 42029U 17008CK  17358.59985181 +.00001593 +00000-0 +69263-4 0  9991 | 2 42029 097.4744 059.4245 0006520 262.9351 097.1145 15.23751884046690 | 2017/12/24-14:23:47  249.7781    0.1237   97.1886   94.5036     6872.6728     6868.1919     6877.1538  49.582626  83.921522   0.000516  -0.000398
1 42029U 17008CK  17359.84757057  .00001711  00000-0  74141-4 0  9992 | 2 42029  97.4743  60.6677 0006551 257.5186 102.5319 15.23756709 46888 | 2017/12/25-20:20:30  338.9425    0.1238  102.6052   94.5033     6872.6583     6868.1561     6877.1606  47.750125  84.977437   0.000488  -0.000437
1 42029U 17008CK  17361.16095598  .00001636  00000-0  71012-4 0  9995 | 2 42029  97.4741  61.9761 0006604 251.8147 108.2371 15.23760500 47085 | 2017/12/27-03:51:46   91.7461    0.1237  108.3090   94.5030     6872.6469     6868.1082     6877.1856  45.797214  86.045426   0.000457  -0.000477
1 42029U 17008CK  17362.47433832  .00001490  00000-0  64929-4 0  9994 | 2 42029  97.4740  63.2846 0006653 246.0777 113.9764 15.23763770 47285 | 2017/12/28-11:23:02  204.5475    0.1237  114.0460   94.5028     6872.6371     6868.0647     6877.2095  43.820324  87.068708   0.000422  -0.000514
1 42029U 17008CK  17363.59071014 +.00001308 +00000-0 +57353-4 0  9999 | 2 42029 097.4739 064.3968 0006718 241.3029 118.7533 15.23766472047458 | 2017/12/29-14:10:37  246.4274    0.1237  118.8208   94.5027     6872.6290     6868.0119     6877.2460  42.121993  87.902781   0.000392  -0.000546
1 42029U 17008CK  17364.83841739 +.00001325 +00000-0 +58077-4 0  9999 | 2 42029 097.4736 065.6398 0006790 236.1676 123.8915 15.23770461047641 | 2017/12/30-20:07:19  335.5859    0.1237  123.9561   94.5024     6872.6170     6867.9505     6877.2835  40.205105  88.795564   0.000358  -0.000577
1 42029U 17008CK  18001.21745868 +.00001388 +00000-0 +60670-4 0  9997 | 2 42029 097.4734 067.0137 0006878 230.4432 129.6198 15.23774943047859 | 2018/01/01-05:13:08  112.0222    0.1237  129.6805   94.5021     6872.6035     6867.8765     6877.3305  38.064436  89.733842   0.000317  -0.000610
1 42029U 17008CK  18002.59649700 +.00001272 +00000-0 +55855-4 0  9998 | 2 42029 097.4732 068.3875 0006975 224.9106 135.1568 15.23778179048066 | 2018/01/02-14:18:57  248.4571    0.1237  135.2131   94.5019     6872.5938     6867.8001     6877.3874  35.902049  90.620459   0.000276  -0.000641
1 42029U 17008CK  18003.84419589  .00001146  00000-0  50584-4 0  9991 | 2 42029  97.4729  69.6305 0007076 219.8936 140.1781 15.23780806 48255 | 2018/01/03-20:15:38  337.6112    0.1236  140.2300   94.5018     6872.5859     6867.7228     6877.4489  33.927690  91.377667   0.000236  -0.000667
1 42029U 17008CK  18005.15756079  .00001041  00000-0  46220-4 0  9991 | 2 42029  97.4727  70.9388 0007197 214.6437 145.4332 15.23783535 48456 | 2018/01/05-03:46:53   90.4035    0.1237  145.4800   94.5016     6872.5777     6867.6315     6877.5239  31.832431  92.128299   0.000193  -0.000693
1 42029U 17008CK  18006.40525527  .00001079  00000-0  47824-4 0  9994 | 2 42029  97.4726  72.1817 0007298 209.7899 150.2924 15.23786645 48642 | 2018/01/06-09:43:34  179.5550    0.1237  150.3338   94.5014     6872.5683     6867.5527     6877.5839  29.826557  92.797006   0.000151  -0.000714
1 42029U 17008CK  18007.65294777  .00000990  00000-0  44125-4 0  9994 | 2 42029  97.4724  73.4246 0007418 205.0177 155.0702 15.23788981 48835 | 2018/01/07-15:40:14  268.7056    0.1237  155.1060   94.5013     6872.5613     6867.4632     6877.6594  27.806623  93.421949   0.000109  -0.000734
1 42029U 17008CK  18008.76930206  .00001107  00000-0  48951-4 0  9993 | 2 42029  97.4723  74.5366 0007522 200.8998 159.1933 15.23792124 49004 | 2018/01/08-18:27:47  310.5763    0.1237  159.2239   94.5011     6872.5518     6867.3823     6877.7214  25.988334  93.943897   0.000071  -0.000749
1 42029U 17008CK  18009.88565397 +.00001177 +00000-0 +51844-4 0  9994 | 2 42029 097.4722 075.6487 0007628 196.7531 163.3455 15.23795142049179 | 2018/01/09-21:15:20  352.4457    0.1236  163.3705   94.5009     6872.5428     6867.3004     6877.7851  24.160096  94.430501   0.000032  -0.000762
1 42029U 17008CK  18011.39601087 +.00001108 +00000-0 +49011-4 0  9997 | 2 42029 097.4721 077.1531 0007785 191.1456 168.9610 15.23797965049409 | 2018/01/11-09:30:15  176.1505    0.1237  168.9781   94.5007     6872.5343     6867.1840     6877.8846  21.672594  95.032147  -0.000023  -0.000778
1 42029U 17008CK  18012.44669170 +.00001154 +00000-0 +50891-4 0  9990 | 2 42029 097.4720 078.1998 0007890 187.5194 172.5926 15.23800581049568 | 2018/01/12-10:43:14  194.3791    0.1236  172.6042   94.5006     6872.5264     6867.1040     6877.9488  19.932972  95.412093  -0.000059  -0.000787
1 42029U 17008CK  18013.76004028 +.00001217 +00000-0 +53510-4 0  9992 | 2 42029 097.4718 079.5079 0007998 182.9373 177.1818 15.23803984049760 | 2018/01/13-18:14:27  307.1639    0.1236  177.1863   94.5003     6872.5162     6867.0196     6878.0128  17.749610  95.842074  -0.000105  -0.000793
1 42029U 17008CK  18014.87638370 +.00001293 +00000-0 +56649-4 0  9998 | 2 42029 097.4716 080.6198 0008117 179.0786 181.0468 15.23807204049935 | 2018/01/14-21:01:59  349.0296    0.1237  181.0451   94.5001     6872.5065     6866.9281     6878.0849  15.886410  96.168263  -0.000145  -0.000799
1 42029U 17008CK  18016.84639828  .00001113  00000-0  49192-4 0  9992 | 2 42029  97.4711  82.5820 0008309 172.4148 187.7216 15.23810831 50234 | 2018/01/16-20:18:48  338.2034    0.1236  187.7088   94.4999     6872.4956     6866.7852     6878.2060  12.584214  96.655330  -0.000215  -0.000803
1 42029U 17008CK  18018.15973760  .00001103  00000-0  48774-4 0  9998 | 2 42029  97.4708  83.8901 0008436 168.0133 192.1307 15.23813994 50436 | 2018/01/18-03:50:01   90.9843    0.1237  192.1104   94.4997     6872.4861     6866.6885     6878.2837  10.374390  96.917124  -0.000262  -0.000802
1 42029U 17008CK  18019.47307464  .00001204  00000-0  52923-4 0  9999 | 2 42029  97.4707  85.1982 0008554 163.7387 196.4126 15.23817528 50638 | 2018/01/19-11:21:13  203.7648    0.1236  196.3849   94.4995     6872.4755     6866.5968     6878.3542   8.159189  97.128600  -0.000307  -0.000798
1 42029U 17008CK  18020.85207482 +.00001271 +00000-0 +55724-4 0  9998 | 2 42029 097.4704 086.5716 0008684 159.2497 200.9094 15.23821370050849 | 2018/01/20-20:26:59  340.1828    0.1236  200.8739   94.4993     6872.4639     6866.4959     6878.4320   5.828844  97.295958  -0.000356  -0.000792
1 42029U 17008CK  18022.09973923  .00001271  00000-0  55708-4 0  9998 | 2 42029  97.4703  87.8142 0008797 155.2582 204.9078 15.23824458 51039 | 2018/01/22-02:23:37   69.3223    0.1236  204.8654   94.4991     6872.4546     6866.4089     6878.5003   3.717532  97.399381  -0.000398  -0.000784
1 42029U 17008CK  18023.15040213  .00001210  00000-0  53183-4 0  9991 | 2 42029  97.4702  88.8605 0008897 151.8884 208.2835 15.23826671 51195 | 2018/01/23-03:36:34   87.5443    0.1236  208.2352   94.4989     6872.4480     6866.3336     6878.5624   1.938362  97.450924  -0.000435  -0.000776
1 42029U 17008CK  18024.39806257  .00001026  00000-0  45542-4 0  9991 | 2 42029  97.4700  90.1031 0009015 147.9427 212.2360 15.23828535 51384 | 2018/01/24-09:33:12  176.6824    0.1236  212.1809   94.4988     6872.4424     6866.2469     6878.6379  -0.175391  97.469842  -0.000477  -0.000765
1 42029U 17008CK  18025.84271728  .00001121  00000-0  49458-4 0  9997 | 2 42029  97.4698  91.5418 0009112 143.4751 216.7109 15.23832961 51606 | 2018/01/25-20:13:30  336.7360    0.1236  216.6485   94.4985     6872.4291     6866.1669     6878.6912  -2.622546  97.434512  -0.000522  -0.000747
1 42029U 17008CK  18027.15603709  .00001079  00000-0  47736-4 0  9990 | 2 42029  97.4696  92.8497 0009199 139.4805 220.7118 15.23836144 51809 | 2018/01/27-03:44:41   89.5114    0.1236  220.6431   94.4983     6872.4195     6866.0976     6878.7414  -4.845813  97.349068  -0.000562  -0.000728
1 42029U 17008CK  18028.46935436  .00001045  00000-0  46315-4 0  9995 | 2 42029  97.4694  94.1575 0009288 135.5190 224.6795 15.23839129 52005 | 2018/01/28-11:15:52  202.2861    0.1237  224.6047   94.4982     6872.4105     6866.0274     6878.7936  -7.066376  97.212912  -0.000601  -0.000708
1 42029U 17008CK  18029.71700317  .00001049  00000-0  46450-4 0  9996 | 2 42029  97.4692  95.4000 0009367 131.8388 228.3650 15.23842183 52191 | 2018/01/29-17:12:29  291.4216    0.1236  228.2848   94.4980     6872.4013     6865.9640     6878.8387  -9.172662  97.036628  -0.000636  -0.000688
1 42029U 17008CK  18030.83331833  .00001066  00000-0  47157-4 0  9998 | 2 42029  97.4690  96.5116 0009430 128.4532 231.7553 15.23844997 52367 | 2018/01/30-19:59:58  333.2791    0.1237  231.6705   94.4978     6872.3929     6865.9122     6878.8735 -11.053410  96.840219  -0.000667  -0.000666
1 42029U 17008CK  18032.14662845  .00000980  00000-0  43592-4 0  9997 | 2 42029  97.4687  97.8194 0009508 124.4994 235.7142 15.23847436 52568 | 2018/02/01-03:31:08   86.0523    0.1236  235.6242   94.4976     6872.3855     6865.8513     6878.9198 -13.260717  96.562420  -0.000703  -0.000640
1 42029U 17008CK  18033.45993637  .00000999  00000-0  44365-4 0  9997 | 2 42029  97.4686  99.1272 0009569 120.5815 239.6367 15.23850216 52769 | 2018/02/02-11:02:18  198.8252    0.1236  239.5421   94.4975     6872.3772     6865.8010     6878.9534 -15.461133  96.234512  -0.000736  -0.000611
1 42029U 17008CK  18034.83890650  .00000988  00000-0  43928-4 0  9993 | 2 42029  97.4683 100.5003 0009610 116.4982 243.7242 15.23853190 52976 | 2018/02/03-20:08:01  335.2363    0.1237  243.6255   94.4973     6872.3682     6865.7639     6878.9726 -17.762689  95.836091  -0.000768  -0.000578
1 42029U 17008CK  18036.41486941 +.00000993 +00000-0 +44129-4 0  9993 | 2 42029 097.4681 102.0694 0009651 111.7818 248.4447 15.23856488053218 | 2018/02/05-09:57:24  182.5631    0.1237  248.3419   94.4971     6872.3583     6865.7258     6878.9908 -20.380222  95.313572  -0.000802  -0.000538
1 42029U 17008CK  18037.59683897 +.00001085 +00000-0 +47935-4 0  9993 | 2 42029 097.4679 103.2463 0009691 108.3262 251.9030 15.23859521053398 | 2018/02/06-14:19:26  248.0576    0.1237  251.7975   94.4969     6872.3492     6865.6892     6879.0092 -22.333554  94.874675  -0.000826  -0.000507
1 42029U 17008CK  18038.91013589 +.00001166 +00000-0 +51281-4 0  9994 | 2 42029 097.4677 104.5539 0009719 104.4558 255.7758 15.23862870053592 | 2018/02/07-21:50:35    0.8289    0.1237  255.6679   94.4967     6872.3391     6865.6599     6879.0184 -24.492723  94.340124  -0.000850  -0.000471
1 42029U 17008CK  18040.15775897  .00001839  00000-0  79144-4 0  9995 | 2 42029  97.4675 105.7962 0009739 100.7325 259.5008 15.23871306 53781 | 2018/02/09-03:47:10   89.9589    0.1236  259.3911   94.4962     6872.3138     6865.6208     6879.0067 -26.532255  93.786742  -0.000871  -0.000435
1 42029U 17008CK  18041.40538341  .00001588  00000-0  68748-4 0  9994 | 2 42029  97.4674 107.0383 0009771  97.2477 262.9871 15.23873459 53974 | 2018/02/10-09:43:45  179.0899    0.1237  262.8760   94.4960     6872.3073     6865.5924     6879.0222 -28.559010  93.189468  -0.000891  -0.000402
1 42029U 17008CK  18042.58734028 +.00001512 +00000-0 +65585-4 0  9997 | 2 42029 097.4671 108.2149 0009711 093.5668 266.6680 15.23876614054155 | 2018/02/11-14:05:46  244.5827    0.1237  266.5569   94.4958     6872.2978     6865.6241     6878.9715 -30.466456  92.583101  -0.000902  -0.000360
1 42029U 17008CK  18043.76929476 +.00001268 +00000-0 +55494-4 0  9997 | 2 42029 097.4670 109.3919 0009703 090.4060 269.8289 15.23878673054331 | 2018/02/12-18:27:47  310.0742    0.1237  269.7177   94.4957     6872.2916     6865.6234     6878.9598 -32.361752  91.937659  -0.000913  -0.000329
1 42029U 17008CK  18045.41089282  .00001802  00000-0  77567-4 0  9992 | 2 42029  97.4666 111.0261 0009704  85.3463 274.8882 15.23886139 54585 | 2018/02/14-09:51:41  181.0338    0.1237  274.7774   94.4952     6872.2692     6865.6003     6878.9380 -34.970352  90.976989  -0.000931  -0.000274
1 42029U 17008CK  18046.72416443  .00002445  00000-0  10417-3 0  9994 | 2 42029  97.4664 112.3337 0009672  81.5853 278.6480 15.23894208 54780 | 2018/02/15-17:22:47  293.7996    0.1237  278.5384   94.4947     6872.2449     6865.5981     6878.8918 -37.037259  90.155092  -0.000939  -0.000233
1 42029U 17008CK  18048.16875553 +.00003841 +00000-0 +16186-3 0  9995 | 2 42029 097.4658 113.7719 0009625 077.6312 282.6002 15.23905025055007 | 2018/02/17-04:03:00   93.8399    0.1237  282.4925   94.4941     6872.2124     6865.5979     6878.8269 -39.288125  89.196555  -0.000944  -0.000190
1 42029U 17008CK  18049.41634760  .00004033  00000-0  16973-3 0  9995 | 2 42029  97.4654 115.0138 0009579  73.9550 286.2741 15.23914323 55195 | 2018/02/18-09:59:32  182.9631    0.1237  286.1687   94.4935     6872.1844     6865.6016     6878.7673 -41.211932  88.323727  -0.000946  -0.000149
1 42029U 17008CK  18050.72959339 +.00004142 +00000-0 +17420-3 0  9992 | 2 42029 097.4650 116.3211 0009524 070.2808 289.9456 15.23924929055391 | 2018/02/19-17:30:36  295.7214    0.1238  289.8430   94.4928     6872.1526     6865.6075     6878.6976 -43.216108  87.360141  -0.000946  -0.000109
1 42029U 17008CK  18051.84584519  .00003499  00000-0  14762-3 0  9990 | 2 42029  97.4648 117.4324 0009443  66.8922 293.3309 15.23932263 55568 | 2018/02/20-20:18:01  337.5643    0.1237  293.2315   94.4924     6872.1305     6865.6412     6878.6199 -44.902205  86.505371  -0.000942  -0.000071
1 42029U 17008CK  18053.15907819  .00002390  00000-0  10175-3 0  9991 | 2 42029  97.4649 118.7397 0009356  63.0221 297.1970 15.23936806 55762 | 2018/02/22-03:49:04   90.3193    0.1237  297.1016   94.4921     6872.1169     6865.6873     6878.5464 -46.864160  85.458512  -0.000935  -0.000029
1 42029U 17008CK  18054.40664676  .00001791  00000-0  77008-4 0  9994 | 2 42029  97.4650 119.9816 0009291  59.3626 300.8526 15.23940028 55959 | 2018/02/23-09:45:34  179.4356    0.1237  300.7611   94.4919     6872.1072     6865.7223     6878.4920 -48.705391  84.422812  -0.000929   0.000011
1 42029U 17008CK  18055.45722894  .00001557  00000-0  67316-4 0  9998 | 2 42029  97.4649 121.0275 0009234  56.2457 303.9659 15.23942117 56116 | 2018/02/24-10:58:24  197.6384    0.1238  303.8781   94.4918     6872.1009     6865.7552     6878.4466 -50.238227  83.519622  -0.000922   0.000044
1 42029U 17008CK  18056.83611505  .00001211  00000-0  53034-4 0  9996 | 2 42029  97.4646 122.4000 0009121  51.8553 308.3505 15.23944744 56327 | 2018/02/25-20:04:00  334.0298    0.1238  308.2685   94.4916     6872.0930     6865.8250     6878.3610 -52.224144  82.292084  -0.000908   0.000091
1 42029U 17008CK  18058.21499720  .00001325  00000-0  57733-4 0  9999 | 2 42029  97.4643 123.7725 0009041  47.6974 312.5028 15.23949100 56534 | 2018/02/27-05:09:35  110.4196    0.1238  312.4264   94.4913     6872.0799     6865.8669     6878.2929 -54.180083  81.017334  -0.000894   0.000134
1 42029U 17008CK  18059.39688673  .00002265  00000-0  96528-4 0  9995 | 2 42029  97.4642 124.9491 0008946  43.8240 316.3706 15.23959392 56712 | 2018/02/28-09:31:31  175.8937    0.1238  316.2998   94.4907     6872.0490     6865.9012     6878.1967 -55.832221  79.887630  -0.000877   0.000174
1 42029U 17008CK  18060.57877374 +.00002721 +00000-0 +11535-3 0  9996 | 2 42029 097.4639 126.1257 0008820 040.5217 319.6675 15.23966803056896 | 2018/03/01-13:53:26  241.3668    0.1237  319.6020   94.4902     6872.0267     6865.9656     6878.0878 -57.460692  78.724079  -0.000858   0.000204
1 42029U 17008CK  18061.82631327 +.00002820 +00000-0 +11942-3 0  9993 | 2 42029 097.4635 127.3673 0008715 036.4441 323.7388 15.23975210057084 | 2018/03/02-19:49:53  330.4753    0.1238  323.6797   94.4897     6872.0014     6866.0125     6877.9904 -59.152776  77.460202  -0.000837   0.000243
1 42029U 17008CK  18062.94252802 +.00002678 +00000-0 +11353-3 0  9991 | 2 42029 097.4630 128.4784 0008596 032.9102 327.2669 15.23981470057251 | 2018/03/03-22:37:14   12.3075    0.1238  327.2136   94.4893     6871.9826     6866.0754     6877.8897 -60.643385  76.298206  -0.000815   0.000274
1 42029U 17008CK  18064.12439881 +.00002238 +00000-0 +95370-4 0  9991 | 2 42029 097.4629 129.6546 0008452 029.0881 331.0826 15.23986004057436 | 2018/03/05-02:59:08   77.7761    0.1238  331.0357   94.4891     6871.9690     6866.1608     6877.7771 -62.196726  75.037219  -0.000788   0.000306
1 42029U 17008CK  18065.24060925 +.00001937 +00000-0 +82942-4 0  9990 | 2 42029 097.4630 130.7656 0008373 025.1968 334.9676 15.23988316057600 | 2018/03/06-05:46:28  119.6074    0.1238  334.9270   94.4889     6871.9620     6866.2081     6877.7159 -63.640024  73.817231  -0.000765   0.000341
1 42029U 17008CK  18066.81643160 +.00001415 +00000-0 +61392-4 0  9999 | 2 42029 097.4628 132.3340 0008225 020.0454 340.1105 15.23991204057847 | 2018/03/07-19:35:39  326.8967    0.1238  340.0784   94.4887     6871.9533     6866.3011     6877.6055 -65.636449  72.047581  -0.000729   0.000381
1 42029U 17008CK  18068.12961429 +.00001157 +00000-0 +50724-4 0  9996 | 2 42029 097.4627 133.6409 0008082 015.6410 344.5076 15.23993399058044 | 2018/03/09-03:06:38   79.6372    0.1238  344.4828   94.4886     6871.9467     6866.3928     6877.5006 -67.262548  70.531748  -0.000695   0.000413
1 42029U 17008CK  18069.44279436 +.00001142 +00000-0 +50114-4 0  9999 | 2 42029 097.4624 134.9478 0007929 011.2472 348.8941 15.23996421058249 | 2018/03/10-10:37:37  192.3768    0.1238  348.8766   94.4884     6871.9376     6866.4889     6877.3864 -68.853508  68.979082  -0.000659   0.000441
1 42029U 17008CK  18070.49333633 +.00001209 +00000-0 +52857-4 0  9996 | 2 42029 097.4621 135.9932 0007840 007.5704 352.5650 15.23999262058403 | 2018/03/11-11:50:24  210.5679    0.1238  352.5534   94.4882     6871.9291     6866.5415     6877.3167 -70.100332  67.711184  -0.000631   0.000466
1 42029U 17008CK  18071.60953542 +.00001223 +00000-0 +53434-4 0  9995 | 2 42029 097.4620 137.1041 0007716 003.6852 356.4441 15.24001931058577 | 2018/03/12-14:37:43  252.3949    0.1238  356.4386   94.4881     6871.9211     6866.6187     6877.2235 -71.399843  66.339308  -0.000598   0.000488
1 42029U 17008CK  18072.85704564 +.00002018 +00000-0 +86252-4 0  9998 | 2 42029 097.4618 138.3457 0007598 359.1238 000.9985 15.24010394058761 | 2018/03/13-20:34:08  341.4936    0.1238    1.0000   94.4875     6871.8956     6866.6744     6877.1169 -72.820391  64.776486  -0.000560   0.000514
1 42029U 17008CK  18074.10455051  .00003734  00000-0  15696-3 0  9991 | 2 42029  97.4616 139.5874 0007438 354.7373   5.3784 15.24021188 58959 | 2018/03/15-02:30:33   70.5899    0.1237    5.3864   94.4869     6871.8632     6866.7519     6876.9745 -74.206849  63.183123  -0.000520   0.000532
1 42029U 17008CK  18075.15507418  .00004418  00000-0  18513-3 0  9993 | 2 42029  97.4614 140.6328 0007332 350.8718   9.2385 15.24030506 59110 | 2018/03/16-03:43:18   88.7738    0.1238    9.2520   94.4863     6871.8352     6866.7968     6876.8736 -75.347097  61.818601  -0.000486   0.000549
1 42029U 17008CK  18076.46821813  .00005999  00000-0  25014-3 0  9995 | 2 42029  97.4610 141.9396 0007192 345.9932  14.1105 15.24045734 59318 | 2018/03/17-11:14:14  201.4997    0.1238   14.1306   94.4854     6871.7894     6866.8472     6876.7316 -76.737020  60.083911  -0.000442   0.000567
1 42029U 17008CK  18077.84700981  .00003883  00000-0  16297-3 0  9993 | 2 42029  97.4605 143.3115 0007027 340.3441  19.7525 15.24052902 59523 | 2018/03/18-20:19:41  337.8589    0.1238   19.7797   94.4849     6871.7679     6866.9391     6876.5967 -78.153144  58.229160  -0.000389   0.000585
1 42029U 17008CK  18079.16013924  .00002238  00000-0  95182-4 0  9998 | 2 42029  97.4601 144.6182 0006898 335.0268  25.0634 15.24056425 59727 | 2018/03/20-03:50:36   90.5795    0.1237   25.0969   94.4847     6871.7573     6867.0171     6876.4974 -79.460366  56.431563  -0.000341   0.000600
1 42029U 17008CK  18080.21064036  .00001847  00000-0  79070-4 0  9999 | 2 42029  97.4599 145.6636 0006805 330.8882  29.1975 15.24059640 59883 | 2018/03/21-05:03:19  108.7545    0.1238   29.2356   94.4845     6871.7476     6867.0714     6876.4238 -80.476550  54.972330  -0.000304   0.000609
1 42029U 17008CK  18081.85204436  .00001537  00000-0  66296-4 0  9992 | 2 42029  97.4602 147.2969 0006713 324.2787  35.8001 15.24063601 60130 | 2018/03/22-20:26:56  339.6513    0.1238   35.8451   94.4842     6871.7357     6867.1227     6876.3487 -82.010960  52.656367  -0.000247   0.000624
1 42029U 17008CK  18083.16516316  .00001553  00000-0  66952-4 0  9998 | 2 42029  97.4600 148.6035 0006625 318.8433  41.2304 15.24068240 60339 | 2018/03/24-03:57:50   92.3669    0.1238   41.2805   94.4840     6871.7218     6867.1692     6876.2743 -83.190162  50.772517  -0.000199   0.000632
1 42029U 17008CK  18084.41261933  .00002237  00000-0  95112-4 0  9999 | 2 42029  97.4598 149.8448 0006536 313.7388  46.3307 15.24076992 60523 | 2018/03/25-09:54:10  181.4436    0.1237   46.3849   94.4834     6871.6954     6867.2041     6876.1868 -84.270356  48.958347  -0.000154   0.000635
1 42029U 17008CK  18085.72572878 +.00002423 +00000-0 +10273-3 0  9998 | 2 42029 097.4597 151.1517 0006419 308.0328 052.0329 15.24082370060723 | 2018/03/26-17:25:02  294.1541    0.1237   52.0909   94.4831     6871.6793     6867.2684     6876.0902 -85.364976  47.023547  -0.000102   0.000634
1 42029U 17008CK  18086.90752255 +.00001911 +00000-0 +81651-4 0  9998 | 2 42029 097.4595 152.3276 0006355 302.7203 057.3421 15.24085925060908 | 2018/03/27-21:46:49  359.5921    0.1237   57.4034   94.4829     6871.6686     6867.3017     6876.0355 -86.311833  45.261701  -0.000056   0.000633
1 42029U 17008CK  18088.22062234  .00001780  00000-0  76253-4 0  9992 | 2 42029  97.4592 153.6340 0006288 296.8739  63.1855 15.24091027 61102 | 2018/03/29-05:17:41  112.2989    0.1237   63.2498   94.4825     6871.6533     6867.3324     6875.9742 -87.321051  43.281979  -0.000006   0.000629
1 42029U 17008CK  18089.46806391  .00001642  00000-0  70541-4 0  9990 | 2 42029  97.4589 154.8750 0006274 291.4684  68.5884 15.24094588 61297 | 2018/03/30-11:14:00  201.3690    0.1238   68.6554   94.4823     6871.6426     6867.3313     6875.9538 -88.237692  41.380514   0.000040   0.000626
1 42029U 17008CK  18090.71550152  .00001754  00000-0  75175-4 0  9993 | 2 42029  97.4587 156.1162 0006244 285.7656  74.2892 15.24099668 61487 | 2018/03/31-17:10:19  290.4369    0.1237   74.3581   94.4820     6871.6273     6867.3366     6875.9179 -89.113162  39.459378   0.000088   0.000618
1 42029U 17008CK  18091.76597233  .00001720  00000-0  73764-4 0  9995 | 2 42029  97.4585 157.1613 0006223 281.1311  78.9226 15.24103708 61643 | 2018/04/01-18:23:00  308.5977    0.1237   78.9926   94.4818     6871.6151     6867.3389     6875.8914 -89.817870  37.827363   0.000126   0.000609
1 42029U 17008CK  18092.81644056  .00001817  00000-0  77722-4 0  9993 | 2 42029  97.4583 158.2064 0006212 276.5050  83.5480 15.24107929 61800 | 2018/04/02-19:35:40  326.7573    0.1237   83.6187   94.4815     6871.6025     6867.3338     6875.8711 -90.492692  36.182770   0.000164   0.000599
1 42029U 17008CK  18093.93256006 +.00001882 +00000-0 +80396-4 0  9994 | 2 42029 097.4581 159.3168 0006219 271.5416 088.5109 15.24112567061978 | 2018/04/03-22:22:53    8.5505    0.1237   88.5821   94.4812     6871.5885     6867.3151     6875.8620 -91.176695  34.422254   0.000204   0.000588
1 42029U 17008CK  18095.24563716  .00002126  00000-0  90407-4 0  9995 | 2 42029  97.4580 160.6232 0006242 265.5070  94.5454 15.24119204 62177 | 2018/04/05-05:53:43  121.2462    0.1237   94.6167   94.4808     6871.5686     6867.2793     6875.8578 -91.937694  32.334535   0.000253   0.000571
1 42029U 17008CK  18096.42740374  .00001983  00000-0  84536-4 0  9999 | 2 42029  97.4578 161.7989 0006256 260.2566  99.7964 15.24122998 62359 | 2018/04/06-10:15:27  186.6707    0.1236   99.8670   94.4806     6871.5572     6867.2583     6875.8560 -92.581602  30.441251   0.000293   0.000553
1 42029U 17008CK  18097.60916748  .00001813  00000-0  77525-4 0  9992 | 2 42029  97.4577 162.9746 0006279 254.9705 105.0838 15.24126353 62532 | 2018/04/07-14:37:12  252.0934    0.1238  105.1533   94.4804     6871.5471     6867.2324     6875.8617 -93.186621  28.535188   0.000333   0.000532
1 42029U 17008CK  18098.72527432  .00001814  00000-0  77549-4 0  9991 | 2 42029  97.4575 164.0850 0006319 250.0326 110.0231 15.24130488 62706 | 2018/04/08-17:24:23  293.8802    0.1237  110.0911   94.4801     6871.5347     6867.1925     6875.8768 -93.721911  26.723918   0.000370   0.000512
1 42029U 17008CK  18099.84137732  .00002072  00000-0  88133-4 0  9993 | 2 42029  97.4573 165.1954 0006380 245.2211 114.8362 15.24136276 62874 | 2018/04/09-20:11:35  335.6653    0.1236  114.9025   94.4797     6871.5173     6867.1332     6875.9013 -94.221998  24.902619   0.000407   0.000492
1 42029U 17008CK  18100.89182357 +.00002907 +00000-0 +12247-3 0  9993 | 2 42029 097.4572 166.2404 0006455 239.9123 120.1475 15.24142998063032 | 2018/04/10-21:24:13  353.8139    0.1237  120.2114   94.4793     6871.4971     6867.0615     6875.9326 -94.660396  23.180062   0.000447   0.000466
1 42029U 17008CK  18101.94226543 +.00003089 +00000-0 +12989-3 0  9991 | 2 42029 097.4572 167.2853 0006534 235.2619 124.8003 15.24149207063193 | 2018/04/11-22:36:51   11.9610    0.1237  124.8618   94.4789     6871.4784     6866.9886     6875.9682 -95.067365  21.449987   0.000481   0.000442
1 42029U 17008CK  18103.45226731  .00002953  00000-0  12427-3 0  9994 | 2 42029  97.4569 168.7875 0006642 228.8780 131.1885 15.24158089 63429 | 2018/04/13-10:51:15  195.5435    0.1237  131.2457   94.4784     6871.4517     6866.8877     6876.0157 -95.596716  18.950334   0.000526   0.000406
1 42029U 17008CK  18104.83095813  .00002379  00000-0  10067-3 0  9992 | 2 42029  97.4566 170.1589 0006769 223.1980 136.8727 15.24164168 63630 | 2018/04/14-19:56:34  331.8555    0.1237  136.9257   94.4780     6871.4334     6866.7822     6876.0847 -96.022580  16.656923   0.000565   0.000372
1 42029U 17008CK  18105.94703685 +.00002186 +00000-0 +92748-4 0  9991 | 2 42029 097.4563 171.2692 0006871 218.5692 141.5055 15.24169345063804 | 2018/04/15-22:43:43   13.6296    0.1237  141.5545   94.4777     6871.4179     6866.6965     6876.1392 -96.327018  14.793104   0.000596   0.000342
1 42029U 17008CK  18107.19441460  .00002104  00000-0  89354-4 0  9999 | 2 42029  97.4559 172.5099 0006985 213.5447 146.5348 15.24175005 63993 | 2018/04/17-04:39:57  102.6696    0.1236  146.5789   94.4773     6871.4009     6866.6012     6876.2005 -96.624348  12.703852   0.000628   0.000307
1 42029U 17008CK  18108.24483480  .00002127  00000-0  90281-4 0  9990 | 2 42029  97.4557 173.5549 0007086 209.4787 150.6052 15.24179611 64150 | 2018/04/18-05:52:33  120.8068    0.1237  150.6450   94.4771     6871.3870     6866.5179     6876.2561 -96.839767  10.939513   0.000652   0.000277
1 42029U 17008CK  18109.42655432  .00001990  00000-0  84640-4 0  9998 | 2 42029  97.4554 174.7305 0007222 204.9124 155.1766 15.24184040 64331 | 2018/04/19-10:14:14  186.2099    0.1237  155.2113   94.4768     6871.3737     6866.4112     6876.3362 -97.043527   8.950355   0.000680   0.000243
1 42029U 17008CK  18110.54261877  .00002131  00000-0  90432-4 0  9993 | 2 42029  97.4559 175.8406 0007311 201.0320 159.0617 15.24189668 64503 | 2018/04/20-13:01:22  227.9783    0.1236  159.0916   94.4764     6871.3568     6866.3331     6876.3804 -97.199213   7.068620   0.000700   0.000212
1 42029U 17008CK  18111.59303065 +.00001891 +00000-0 +80573-4 0  9992 | 2 42029 097.4558 176.8854 0007435 197.0644 163.0344 15.24192739064662 | 2018/04/21-14:13:57  246.1120    0.1236  163.0592   94.4762     6871.3476     6866.2387     6876.4564 -97.311844   5.295091   0.000722   0.000179
1 42029U 17008CK  18112.84039178 +.00001564 +00000-0 +67138-4 0  9991 | 2 42029 097.4556 178.1262 0007565 192.5342 167.5708 15.24195509064859 | 2018/04/22-20:10:09  335.1445    0.1236  167.5894   94.4761     6871.3392     6866.1411     6876.5374 -97.403488   3.186618   0.000743   0.000140
1 42029U 17008CK  18113.89079835 +.00001370 +00000-0 +59149-4 0  9999 | 2 42029 097.4554 179.1710 0007669 188.7281 171.3824 15.24198026065018 | 2018/04/23-21:22:44  353.2759    0.1237  171.3956   94.4759     6871.3317     6866.0620     6876.6013 -97.445199   1.410011   0.000760   0.000105
1 42029U 17008CK  18115.72900445  .00001431  00000-0  61652-4 0  9993 | 2 42029  97.4552 180.9994 0007867 182.1593 177.9612 15.24204380 65292 | 2018/04/25-17:29:45  295.0035    0.1237  177.9644   94.4755     6871.3126     6865.9069     6876.7182 -97.440375  -1.699807   0.000786   0.000043
1 42029U 17008CK  18117.17330441  .00001235  00000-0  53620-4 0  9995 | 2 42029  97.4550 182.4361 0008021 177.3520 182.7761 15.24208120 65514 | 2018/04/27-04:09:33   94.9308    0.1237  182.7717   94.4753     6871.3013     6865.7899     6876.8128 -97.366925  -4.142340   0.000802  -0.000003
1 42029U 17008CK  18118.48630000  .00001450  00000-0  62400-4 0  9999 | 2 42029  97.4549 183.7420 0008187 172.9075 187.2279 15.24213420 65716 | 2018/04/28-11:40:16  207.5901    0.1236  187.2161   94.4750     6871.2854     6865.6599     6876.9109 -97.247131  -6.360277   0.000817  -0.000048
1 42029U 17008CK  18119.73364331 +.00001474 +00000-0 +63391-4 0  9995 | 2 42029 097.4547 184.9826 0008314 168.6306 191.5121 15.24217277065907 | 2018/04/29-17:36:26  296.6153    0.1237  191.4931   94.4747     6871.2738     6865.5610     6876.9866 -97.086430  -8.464253   0.000826  -0.000092
1 42029U 17008CK  18121.11228072  .00001691  00000-0  72276-4 0  9994 | 2 42029  97.4545 186.3538 0008446 164.1549 195.9954 15.24223123 66110 | 2018/05/01-02:41:41   72.9048    0.1237  195.9688   94.4744     6871.2562     6865.4528     6877.0597 -96.855884 -10.785054   0.000833  -0.000139
1 42029U 17008CK  18122.16266842  .00001853  00000-0  78917-4 0  9995 | 2 42029  97.4544 187.3985 0008547 160.7180 199.4382 15.24227703 66270 | 2018/05/02-03:54:14   91.0291    0.1236  199.4056   94.4741     6871.2425     6865.3696     6877.1153 -96.643047 -12.549167   0.000836  -0.000176
1 42029U 17008CK  18123.21305411  .00001731  00000-0  73875-4 0  9991 | 2 42029  97.4543 188.4432 0008653 157.3220 202.8402 15.24230571 66430 | 2018/05/03-05:06:47  109.1525    0.1237  202.8017   94.4739     6871.2339     6865.2882     6877.1795 -96.398081 -14.309106   0.000839  -0.000213
1 42029U 17008CK  18124.39473476  .00001779  00000-0  75831-4 0  9994 | 2 42029  97.4542 189.6185 0008774 153.5423 206.6264 15.24234842 66617 | 2018/05/04-09:28:25  174.5405    0.1237  206.5814   94.4736     6871.2210     6865.1922     6877.2498 -96.084202 -16.283340   0.000840  -0.000254
1 42029U 17008CK  18125.77335897  .00001787  00000-0  76162-4 0  9998 | 2 42029  97.4540 190.9896 0008898 149.2614 210.9146 15.24239350 66829 | 2018/05/05-18:33:38  310.8256    0.1237  210.8623   94.4734     6871.2075     6865.0935     6877.3215 -95.666869 -18.577735   0.000837  -0.000301
1 42029U 17008CK  18127.15197561  .00003073  00000-0  12880-3 0  9992 | 2 42029  97.4534 192.3607 0009041 144.9923 215.1910 15.24248916 67032 | 2018/05/07-03:38:50   87.1080    0.1236  215.1313   94.4728     6871.1787     6864.9665     6877.3910 -95.194366 -20.861397   0.000834  -0.000348
1 42029U 17008CK  18128.46493702  .00003038  00000-0  12734-3 0  9992 | 2 42029  97.4535 193.6665 0009176 140.9983 219.1917 15.24256081 67237 | 2018/05/08-11:09:30  199.7558    0.1236  219.1253   94.4723     6871.1572     6864.8522     6877.4622 -94.694341 -23.025344   0.000829  -0.000393
1 42029U 17008CK  18129.84354033  .00002085  00000-0  88301-4 0  9993 | 2 42029  97.4535 195.0376 0009283 136.8525 223.3441 15.24260874 67444 | 2018/05/09-20:14:41  336.0341    0.1236  223.2711   94.4720     6871.1428     6864.7643     6877.5213 -94.116280 -25.284590   0.000819  -0.000437
1 42029U 17008CK  18130.89390129 +.00001826 +00000-0 +77697-4 0  9994 | 2 42029 097.4536 196.0822 0009359 133.7345 226.4669 15.24265053067600 | 2018/05/10-21:27:13  354.1499    0.1237  226.3892   94.4718     6871.1302     6864.6995     6877.5609 -93.639779 -26.996222   0.000809  -0.000471
1 42029U 17008CK  18131.94425959 +.00001630 +00000-0 +69655-4 0  9999 | 2 42029 097.4535 197.1267 0009385 130.5615 229.6441 15.24267898067767 | 2018/05/11-22:39:44   12.2655    0.1237  229.5622   94.4716     6871.1217     6864.6731     6877.5702 -93.132011 -28.698662   0.000793  -0.000502
1 42029U 17008CK  18133.32284842 +.00002266 +00000-0 +95677-4 0  9996 | 2 42029 097.4535 198.4978 0009515 126.5535 233.6580 15.24276774067976 | 2018/05/13-07:44:54  148.5393    0.1237  233.5702   94.4710     6871.0950     6864.5572     6877.6328 -92.418647 -30.918901   0.000780  -0.000545
1 42029U 17008CK  18134.89837007 +.00002258 +00000-0 +95322-4 0  9994 | 2 42029 097.4531 200.0646 0009601 121.9868 238.2304 15.24285390068215 | 2018/05/14-21:33:39  355.7075    0.1237  238.1369   94.4705     6871.0691     6864.4722     6877.6660 -91.538321 -33.434152   0.000757  -0.000590
1 42029U 17008CK  18136.21129893  .00002197  00000-0  92810-4 0  9990 | 2 42029  97.4528 201.3704 0009667 118.1430 242.0785 15.24291950 68412 | 2018/05/16-05:04:16  108.3458    0.1237  241.9807   94.4701     6871.0494     6864.4072     6877.6916 -90.752354 -35.511385   0.000735  -0.000628
1 42029U 17008CK  18137.26163832  .00002421  00000-0  10195-3 0  9992 | 2 42029  97.4526 202.4150 0009715 115.0579 245.1668 15.24297387 68572 | 2018/05/17-06:16:45  126.4555    0.1237  245.0658   94.4698     6871.0331     6864.3578     6877.7083 -90.089689 -37.159886   0.000716  -0.000657
1 42029U 17008CK  18138.64020378  .00002326  00000-0  98019-4 0  9998 | 2 42029  97.4523 203.7860 0009767 111.1120 249.1162 15.24303239 68787 | 2018/05/18-15:21:53  262.7233    0.1237  249.0117   94.4694     6871.0155     6864.3045     6877.7264 -89.174531 -39.304629   0.000689  -0.000692
1 42029U 17008CK  18139.82182692  .00001945  00000-0  82464-4 0  9990 | 2 42029  97.4522 204.9613 0009803 107.6895 252.5413 15.24307413 68960 | 2018/05/19-19:43:25  328.0944    0.1237  252.4342   94.4691     6871.0029     6864.2673     6877.7386 -88.349486 -41.125414   0.000664  -0.000721
1 42029U 17008CK  18140.87215541 +.00001760 +00000-0 +74885-4 0  9990 | 2 42029 097.4522 206.0058 0009838 104.7305 255.5024 15.24311388069124 | 2018/05/20-20:55:54  346.2013    0.1238  255.3933   94.4689     6870.9910     6864.2313     6877.7507 -87.585132 -42.729099   0.000642  -0.000745
1 42029U 17008CK  18142.18506307  .00001682  00000-0  71701-4 0  9996 | 2 42029  97.4526 207.3113 0009822 100.8234 259.4109 15.24315182 69320 | 2018/05/22-04:26:29   98.8353    0.1237  259.3003   94.4687     6870.9796     6864.2309     6877.7283 -86.589243 -44.713670   0.000607  -0.000773
1 42029U 17008CK  18143.62925525  .00001892  00000-0  80261-4 0  9997 | 2 42029  97.4525 208.7475 0009836  96.5946 263.6412 15.24322265 69549 | 2018/05/23-15:06:07  258.7302    0.1238  263.5292   94.4682     6870.9583     6864.2000     6877.7166 -85.441259 -46.869830   0.000569  -0.000802
1 42029U 17008CK  18144.74521895  .00001749  00000-0  74418-4 0  9991 | 2 42029  97.4524 209.8573 0009854  93.4165 266.8199 15.24325702 69713 | 2018/05/24-17:53:06  300.4667    0.1237  266.7072   94.4680     6870.9480     6864.1773     6877.7186 -84.517349 -48.515853   0.000541  -0.000824
1 42029U 17008CK  18145.79553493  .00001741  00000-0  74049-4 0  9998 | 2 42029  97.4523 210.9018 0009849  90.4677 269.7689 15.24329435 69878 | 2018/05/25-19:05:34  318.5710    0.1237  269.6560   94.4678     6870.9367     6864.1696     6877.7039 -83.618826 -50.048403   0.000513  -0.000841
1 42029U 17008CK  18146.84584872  .00001599  00000-0  68275-4 0  9995 | 2 42029  97.4522 211.9465 0009821  87.4801 272.7561 15.24332444 70036 | 2018/05/26-20:18:01  336.6749    0.1238  272.6437   94.4676     6870.9277     6864.1798     6877.6756 -82.692337 -51.564607   0.000483  -0.000855
1 42029U 17008CK  18148.15873741  .00001511  00000-0  64645-4 0  9998 | 2 42029  97.4521 213.2521 0009804  83.6654 276.5699 15.24336534 70238 | 2018/05/28-03:48:34   89.3042    0.1237  276.4583   94.4673     6870.9154     6864.1792     6877.6517 -81.495884 -53.435314   0.000444  -0.000874
1 42029U 17008CK  18149.60290989 +.00001576 +00000-0 +67320-4 0  9990 | 2 42029 097.4521 214.6882 0009784 079.5076 280.7264 15.24341948070456 | 2018/05/29-14:28:11  249.1949    0.1238  280.6162   94.4670     6870.8991     6864.1767     6877.6216 -80.131087 -55.460983   0.000401  -0.000892
1 42029U 17008CK  18150.85014575  .00001654  00000-0  70465-4 0  9995 | 2 42029  97.4519 215.9285 0009744  75.8216 284.4103 15.24346658 70642 | 2018/05/30-20:24:12  338.1909    0.1237  284.3021   94.4667     6870.8850     6864.1900     6877.5800 -78.911663 -57.182359   0.000361  -0.000905
1 42029U 17008CK  18152.16302092  .00001965  00000-0  83143-4 0  9997 | 2 42029  97.4518 217.2340 0009694  72.0429 288.1865 15.24353122 70849 | 2018/06/01-03:54:45   90.8170    0.1238  288.0809   94.4663     6870.8656     6864.2050     6877.5262 -77.588297 -58.965324   0.000320  -0.000915
1 42029U 17008CK  18153.41024759  .00002630  00000-0  11029-3 0  9990 | 2 42029  97.4513 218.4743 0009654  68.7770 291.4497 15.24360193 71037 | 2018/06/02-09:50:45  179.8104    0.1237  291.3467   94.4659     6870.8443     6864.2112     6877.4774 -76.293386 -60.630645   0.000286  -0.000922
1 42029U 17008CK  18154.46054029  .00002262  00000-0  95261-4 0  9991 | 2 42029  97.4512 219.5188 0009607  65.6681 294.5558 15.24363576 71193 | 2018/06/03-11:03:10  197.9092    0.1237  294.4556   94.4657     6870.8342     6864.2333     6877.4350 -75.175398 -62.011256   0.000252  -0.000927
1 42029U 17008CK  18155.90468918 +.00001526 +00000-0 +65219-4 0  9999 | 2 42029 097.4516 220.9548 0009502 061.1846 299.0344 15.24365925071419 | 2018/06/04-21:42:45  357.7952    0.1237  298.9391   94.4655     6870.8271     6864.2984     6877.3558 -73.598070 -63.875961   0.000200  -0.000929
1 42029U 17008CK  18157.15190530  .00001325  00000-0  56995-4 0  9998 | 2 42029  97.4514 222.1950 0009437  57.4309 302.7838 15.24369286 71602 | 2018/06/06-03:38:44   86.7864    0.1237  302.6928   94.4653     6870.8170     6864.3330     6877.3010 -72.198157 -65.453812   0.000158  -0.000930
1 42029U 17008CK  18158.59604465 +.00001473 +00000-0 +63036-4 0  9992 | 2 42029 097.4515 223.6310 0009338 053.1528 307.0564 15.24375257071828 | 2018/06/07-14:18:18  246.6695    0.1237  306.9709   94.4649     6870.7991     6864.3831     6877.2150 -70.535263 -67.242632   0.000110  -0.000927
1 42029U 17008CK  18159.84325052  .00001706  00000-0  72526-4 0  9996 | 2 42029  97.4514 224.8712 0009242  49.3198 310.8841 15.24381235 72015 | 2018/06/08-20:14:16  335.6580    0.1238  310.8040   94.4646     6870.7811     6864.4311     6877.1311 -69.063277 -68.753466   0.000068  -0.000922
1 42029U 17008CK  18160.89352757 +.00001585 +00000-0 +67608-4 0  9995 | 2 42029 097.4513 225.9156 0009150 046.1952 314.0040 15.24384351072175 | 2018/06/09-21:26:40  353.7532    0.1237  313.9285   94.4644     6870.7717     6864.4850     6877.0585 -67.798550 -70.000803   0.000034  -0.000914
1 42029U 17008CK  18162.79714925 +.00001355 +00000-0 +58197-4 0  9993 | 2 42029 097.4512 227.8086 0008995 040.4112 319.7792 15.24389593072469 | 2018/06/11-19:07:53  319.0491    0.1238  319.7126   94.4640     6870.7560     6864.5757     6876.9362 -65.449141 -72.202121  -0.000028  -0.000899
1 42029U 17008CK  18163.91306120 +.00001364 +00000-0 +58550-4 0  9995 | 2 42029 097.4512 228.9183 0008884 036.9364 323.2483 15.24393512072637 | 2018/06/12-21:54:48    0.7733    0.1237  323.1873   94.4638     6870.7442     6864.6402     6876.8482 -64.038548 -73.456114  -0.000064  -0.000886
1 42029U 17008CK  18165.42282067 +.00001459 +00000-0 +62442-4 0  9996 | 2 42029 097.4512 230.4196 0008755 032.2017 327.9753 15.24398700072860 | 2018/06/14-10:08:51  184.2812    0.1237  327.9220   94.4635     6870.7286     6864.7133     6876.7439 -62.092043 -75.108685  -0.000112  -0.000868
1 42029U 17008CK  18166.73565086 +.00001647 +00000-0 +70085-4 0  9997 | 2 42029 097.4510 231.7252 0008644 028.0414 332.1287 15.24403790073065 | 2018/06/15-17:39:20  296.8954    0.1237  332.0823   94.4632     6870.7133     6864.7743     6876.6524 -60.364444 -76.503799  -0.000154  -0.000851
1 42029U 17008CK  18167.78591046 +.00001959 +00000-0 +82810-4 0  9993 | 2 42029 097.4510 232.7695 0008514 024.6138 335.5504 15.24409481073228 | 2018/06/16-18:51:42  314.9856    0.1238  335.5100   94.4628     6870.6962     6864.8465     6876.5459 -58.960100 -77.591262  -0.000186  -0.000831
1 42029U 17008CK  18169.23001328 +.00002158 +00000-0 +90915-4 0  9991 | 2 42029 097.4509 234.2055 0008368 019.8647 340.2915 15.24416272073440 | 2018/06/18-05:31:13  114.8580    0.1238  340.2591   94.4624     6870.6758     6864.9264     6876.4252 -56.997064 -79.044371  -0.000230  -0.000805
1 42029U 17008CK  18170.60847180 +.00001982 +00000-0 +83739-4 0  9998 | 2 42029 097.4509 235.5762 0008219 015.3463 344.8022 15.24420385073653 | 2018/06/19-14:36:11  251.0988    0.1238  344.7775   94.4621     6870.6635     6865.0165     6876.3105 -55.089939 -80.385176  -0.000269  -0.000777
1 42029U 17008CK  18171.92128699 +.00001489 +00000-0 +63630-4 0  9991 | 2 42029 097.4508 236.8817 0008051 010.8790 349.2620 15.24421965073854 | 2018/06/20-22:06:39    3.7082    0.1238  349.2448   94.4620     6870.6587     6865.1271     6876.1903 -53.244145 -81.619357  -0.000305  -0.000745
1 42029U 17008CK  18173.23409888  .00001249  00000-0  53856-4 0  9992 | 2 42029  97.4507 238.1871 0007914   6.3824 353.7513 15.24424568 74059 | 2018/06/22-05:37:06  116.3164    0.1238  353.7414   94.4619     6870.6509     6865.2135     6876.0883 -51.370857 -82.811074  -0.000340  -0.000715
1 42029U 17008CK  18174.34998596  .00001295  00000-0  55730-4 0  9998 | 2 42029  97.4507 239.2967 0007806   2.5364 357.5912 15.24427969 74226 | 2018/06/23-08:23:58  158.0321    0.1238  357.5874   94.4617     6870.6407     6865.2774     6876.0039 -49.757591 -83.790340  -0.000368  -0.000688
1 42029U 17008CK  18175.59714671 +.00001903 +00000-0 +80473-4 0  9994 | 2 42029 097.4505 240.5369 0007673 358.0072 002.1133 15.24436120074410 | 2018/06/24-14:19:53  247.0061    0.1237    2.1165   94.4612     6870.6162     6865.3444     6875.8880 -47.932288 -84.847485  -0.000400  -0.000655
1 42029U 17008CK  18176.77866699 +.00001800 +00000-0 +76275-4 0  9994 | 2 42029 097.4505 241.7118 0007558 353.6894 006.4247 15.24439520074599 | 2018/06/25-18:41:16  312.3495    0.1238    6.4344   94.4609     6870.6060     6865.4132     6875.7988 -46.182461 -85.812471  -0.000429  -0.000622
1 42029U 17008CK  18178.15710101  .00002114  00000-0  89028-4 0  9993 | 2 42029  97.4505 243.0823 0007349 348.5940  11.5130 15.24446484 74809 | 2018/06/27-03:46:13   88.5810    0.1238   11.5298   94.4605     6870.5850     6865.5358     6875.6342 -44.116834 -86.892491  -0.000456  -0.000577
1 42029U 17008CK  18179.40425224  .00001513  00000-0  64558-4 0  9994 | 2 42029  97.4504 244.3226 0007259 343.9034  16.1972 15.24448561 74995 | 2018/06/28-09:42:07  177.5508    0.1238   16.2204   94.4604     6870.5788     6865.5914     6875.5662 -42.225612 -87.826979  -0.000484  -0.000541
1 42029U 17008CK  18180.71704078 +.00001267 +00000-0 +54550-4 0  9994 | 2 42029 097.4503 245.6279 0007129 338.8047 021.2894 15.24451424075194 | 2018/06/29-17:12:32  290.1498    0.1238   21.3191   94.4602     6870.5702     6865.6722     6875.4682 -40.213931 -88.765989  -0.000509  -0.000499
1 42029U 17008CK  18181.76726951 +.00001091 +00000-0 +47374-4 0  9995 | 2 42029 097.4502 246.6722 0007023 334.6964 025.3929 15.24453610075353 | 2018/06/30-18:24:52  308.2278    0.1238   25.4274   94.4601     6870.5636     6865.7384     6875.3888 -38.589411 -89.484070  -0.000527  -0.000464
1 42029U 17008CK  18182.81749676 +.00001008 +00000-0 +43995-4 0  9994 | 2 42029 097.4501 247.7165 0006925 330.4526 029.6319 15.24455918075514 | 2018/07/01-19:37:11  326.3052    0.1238   29.6712   94.4599     6870.5567     6865.7988     6875.3146 -36.952074 -90.172425  -0.000544  -0.000428
1 42029U 17008CK  18184.13027959  .00000774  00000-0  34469-4 0  9999 | 2 42029  97.4500 249.0219 0006801 325.1555  34.9236 15.24457512 75715 | 2018/07/03-03:07:36   78.9010    0.1237   34.9682   94.4598     6870.5519     6865.8792     6875.2246 -34.888180 -90.990754  -0.000563  -0.000382
1 42029U 17008CK  18185.18050431  .00000746  00000-0  33299-4 0  9995 | 2 42029  97.4499 250.0662 0006721 320.7534  39.3215 15.24459438 75877 | 2018/07/04-04:19:55   96.9769    0.1237   39.3703   94.4597     6870.5461     6865.9284     6875.1638 -33.224002 -91.611400  -0.000577  -0.000344
1 42029U 17008CK  18186.75583749  .00000942  00000-0  41272-4 0  9990 | 2 42029  97.4498 251.6325 0006585 314.3267  45.7430 15.24463886 76119 | 2018/07/05-18:08:24  304.0885    0.1238   45.7971   94.4594     6870.5328     6866.0085     6875.0570 -30.707480 -92.485211  -0.000592  -0.000288
1 42029U 17008CK  18187.80605770  .00001028  00000-0  44797-4 0  9997 | 2 42029  97.4498 252.6767 0006517 309.8603  50.2060 15.24466633 76278 | 2018/07/06-19:20:43  322.1621    0.1237   50.2634   94.4593     6870.5245     6866.0470     6875.0020 -29.016956 -93.029457  -0.000602  -0.000250
1 42029U 17008CK  18188.92191562 +.00001092 +00000-0 +47398-4 0  9991 | 2 42029 097.4498 253.7862 0006450 305.0088 055.0543 15.24469298076445 | 2018/07/07-22:07:33    3.8645    0.1237   55.1149   94.4591     6870.5165     6866.0850     6874.9480 -27.210166 -93.573877  -0.000611  -0.000208
1 42029U 17008CK  18190.23468726  .00001141  00000-0  49368-4 0  9991 | 2 42029  97.4498 255.0915 0006388 299.2702  60.7897 15.24472485 76645 | 2018/07/09-05:37:56  116.4542    0.1238   60.8536   94.4589     6870.5069     6866.1180     6874.8958 -25.071510 -94.169437  -0.000619  -0.000158
1 42029U 17008CK  18191.35054190  .00001004  00000-0  43817-4 0  9992 | 2 42029  97.4497 256.2011 0006352 294.3066  65.7508 15.24473985 76813 | 2018/07/10-08:24:46  158.1546    0.1238   65.8172   94.4588     6870.5024     6866.1383     6874.8666 -23.243197 -94.637190  -0.000625  -0.000116
1 42029U 17008CK  18192.59767094  .00000951  00000-0  41660-4 0  9997 | 2 42029  97.4498 257.4412 0006318 288.7412  71.3140 15.24476358 77000 | 2018/07/11-14:20:38  247.1123    0.1238   71.3826   94.4587     6870.4953     6866.1545     6874.8361 -21.189624 -95.118155  -0.000628  -0.000068
1 42029U 17008CK  18193.64788019  .00001308  00000-0  56160-4 0  9992 | 2 42029  97.4497 258.4853 0006304 284.1162  75.9375 15.24481514 77163 | 2018/07/12-15:32:56  265.1802    0.1238   76.0076   94.4583     6870.4798     6866.1486     6874.8109 -19.452845 -95.488381  -0.000630  -0.000029
1 42029U 17008CK  18194.82936554  .00001274  00000-0  54791-4 0  9992 | 2 42029  97.4496 259.6601 0006282 278.8306  81.2220 15.24484401 77348 | 2018/07/13-19:54:17  330.5058    0.1238   81.2932   94.4582     6870.4711     6866.1551     6874.7871 -17.490969 -95.867046  -0.000628   0.000017
1 42029U 17008CK  18196.14212454  .00001199  00000-0  51726-4 0  9996 | 2 42029  97.4495 260.9654 0006266 272.8442  87.2079 15.24487392 77549 | 2018/07/15-03:24:39   83.0881    0.1238   87.2796   94.4580     6870.4621     6866.1571     6874.7672 -15.302581 -96.240512  -0.000623   0.000068
1 42029U 17008CK  18197.38924335  .00001141  00000-0  49343-4 0  9990 | 2 42029  97.4494 262.2053 0006274 267.2004  92.8515 15.24490221 77730 | 2018/07/16-09:20:30  172.0404    0.1237   92.9233   94.4578     6870.4536     6866.1431     6874.7642 -13.216470 -96.549006  -0.000617   0.000115
1 42029U 17008CK  18198.83327204  .00001038  00000-0  45142-4 0  9991 | 2 42029  97.4492 263.6410 0006316 260.5948  99.4575 15.24493378 77959 | 2018/07/17-19:59:54  331.8779    0.1237   99.5289   94.4576     6870.4441     6866.1048     6874.7835 -10.793257 -96.849637  -0.000608   0.000172
1 42029U 17008CK  18199.88347115 +.00001300 +00000-0 +55820-4 0  9996 | 2 42029 097.4491 264.6853 0006331 255.9763 104.0770 15.24497832078118 | 2018/07/18-21:12:11  349.9395    0.1237  104.1474   94.4573     6870.4308     6866.0811     6874.7804  -9.026325 -97.030163  -0.000597   0.000210
1 42029U 17008CK  18201.39312997 +.00001467 +00000-0 +62606-4 0  9990 | 2 42029 097.4490 266.1862 0006389 249.1619 110.8934 15.24502896078341 | 2018/07/20-09:26:06  173.4017    0.1237  110.9618   94.4570     6870.4155     6866.0260     6874.8051  -6.481745 -97.233197  -0.000581   0.000266
1 42029U 17008CK  18202.83714527  .00001862  00000-0  78630-4 0  9998 | 2 42029  97.4488 267.6220 0006463 242.9726 117.0852 15.24509786 78562 | 2018/07/21-20:05:29  333.2322    0.1237  117.1511   94.4566     6870.3948     6865.9545     6874.8352  -4.043347 -97.364881  -0.000563   0.000317
1 42029U 17008CK  18203.88733624 +.00001655 +00000-0 +70227-4 0  9997 | 2 42029 097.4488 268.6662 0006522 238.3444 121.7158 15.24512453078729 | 2018/07/22-21:17:45  351.2895    0.1237  121.7793   94.4564     6870.3868     6865.9060     6874.8677  -2.268325 -97.422396  -0.000547   0.000355
1 42029U 17008CK  18205.39698269 +.00001559 +00000-0 +66316-4 0  9997 | 2 42029 097.4489 270.1672 0006629 231.8069 128.2572 15.24516462078959 | 2018/07/24-09:31:39  174.7453    0.1237  128.3168   94.4562     6870.3748     6865.8204     6874.9292   0.284374 -97.448485  -0.000522   0.000408
1 42029U 17008CK  18206.90662326 +.00001587 +00000-0 +67430-4 0  9999 | 2 42029 097.4488 271.6682 0006749 225.6115 134.4570 15.24521580079181 | 2018/07/25-21:45:32  358.1985    0.1237  134.5122   94.4559     6870.3594     6865.7226     6874.9962   2.836878 -97.407498  -0.000496   0.000458
1 42029U 17008CK  18208.87571477 +.00001171 +00000-0 +50522-4 0  9996 | 2 42029 097.4487 273.6259 0006912 217.4880 142.5876 15.24525111079488 | 2018/07/27-21:01:01  347.0474    0.1237  142.6357   94.4556     6870.3488     6865.6000     6875.0976   6.162818 -97.253631  -0.000455   0.000521
1 42029U 17008CK  18210.45098446  .00001017  00000-0  44250-4 0  9993 | 2 42029  97.4485 275.1920 0007068 211.3016 148.7801 15.24528228 79720 | 2018/07/29-10:49:25  194.1250    0.1236  148.8220   94.4555     6870.3394     6865.4835     6875.1954   8.818459 -97.048673  -0.000420   0.000568
1 42029U 17008CK  18211.50116237  .00001001  00000-0  43597-4 0  9995 | 2 42029  97.4483 276.2361 0007159 207.3641 152.7220 15.24530645 79882 | 2018/07/30-12:01:40  212.1756    0.1237  152.7596   94.4553     6870.3322     6865.4137     6875.2506  10.585391 -96.871671  -0.000396   0.000596
1 42029U 17008CK  18212.81388303  .00000934  00000-0  40895-4 0  9997 | 2 42029  97.4482 277.5412 0007303 202.2707 157.8214 15.24532977 80083 | 2018/07/31-19:31:59  324.7379    0.1237  157.8530   94.4552     6870.3252     6865.3078     6875.3426  12.789012 -96.605346  -0.000363   0.000634
1 42029U 17008CK  18214.12660232  .00000832  00000-0  36727-4 0  9993 | 2 42029  97.4480 278.8461 0007435 197.3026 162.7959 15.24534689 80288 | 2018/08/02-03:02:18   77.2994    0.1237  162.8211   94.4550     6870.3200     6865.2119     6875.4281  14.985642 -96.288853  -0.000328   0.000667
1 42029U 17008CK  18215.37368355  .00000900  00000-0  39474-4 0  9990 | 2 42029  97.4478 280.0859 0007567 192.7295 167.3752 15.24537319 80470 | 2018/08/03-08:58:06  166.2318    0.1236  167.3941   94.4549     6870.3121     6865.1134     6875.5109  17.065492 -95.941872  -0.000293   0.000697
1 42029U 17008CK  18216.48949016  .00001047  00000-0  45446-4 0  9991 | 2 42029  97.4478 281.1952 0007678 188.6161 171.4945 15.24540585 80643 | 2018/08/04-11:44:51  207.9068    0.1236  171.5075   94.4547     6870.3023     6865.0273     6875.5773  18.919702 -95.593507  -0.000260   0.000722
1 42029U 17008CK  18217.60529464 +.00001162 +00000-0 +50099-4 0  9995 | 2 42029 097.4477 282.3044 0007795 184.6001 175.5166 15.24543851080814 | 2018/08/05-14:31:37  249.5809    0.1237  175.5236   94.4545     6870.2925     6864.9371     6875.6479  20.766633 -95.209250  -0.000227   0.000746
1 42029U 17008CK  18218.85236837  .00001175  00000-0  50658-4 0  9997 | 2 42029  97.4476 283.5442 0007933 180.2808 179.8426 15.24546876 81007 | 2018/08/06-20:27:24  338.5101    0.1236  179.8428   94.4543     6870.2834     6864.8332     6875.7336  22.821781 -94.737538  -0.000190   0.000770
1 42029U 17008CK  18219.96816941  .00001040  00000-0  45163-4 0  9996 | 2 42029  97.4475 284.6534 0008054 176.4554 183.6742 15.24548811 81173 | 2018/08/07-23:14:09   20.1829    0.1237  183.6683   94.4542     6870.2776     6864.7443     6875.8109  24.651407 -94.277905  -0.000155   0.000790
1 42029U 17008CK  18221.14960399  .00001023  00000-0  44463-4 0  9999 | 2 42029  97.4475 285.8279 0008186 172.4268 187.7094 15.24551383 81359 | 2018/08/09-03:35:25   85.4827    0.1236  187.6968   94.4540     6870.2699     6864.6459     6875.8939  26.578685 -93.752807  -0.000118   0.000810
1 42029U 17008CK  18222.39667219  .00001039  00000-0  45113-4 0  9992 | 2 42029  97.4475 287.0675 0008339 168.2861 191.8572 15.24553981 81549 | 2018/08/10-09:31:12  174.4097    0.1237  191.8376   94.4539     6870.2621     6864.5330     6875.9912  28.600658 -93.155878  -0.000078   0.000830
1 42029U 17008CK  18223.84064307 +.00001019 +00000-0 +44299-4 0  9994 | 2 42029 097.4473 288.5030 0008473 163.5771 196.5743 15.24556828081764 | 2018/08/11-20:10:31  334.2189    0.1237  196.5466   94.4537     6870.2535     6864.4324     6876.0747  30.925321 -92.409961  -0.000031   0.000847
1 42029U 17008CK  18225.80968965 +.00000985 +00000-0 +42899-4 0  9990 | 2 42029 097.4472 290.4604 0008658 157.2418 202.9205 15.24560669082062 | 2018/08/13-19:25:57  323.0481    0.1237  202.8819   94.4534     6870.2420     6864.2937     6876.1902  34.063635 -91.299647   0.000035   0.000865
1 42029U 17008CK  18227.45055789  .00001092  00000-0  47216-4 0  9992 | 2 42029  97.4469 292.0914 0008810 152.0259 208.1453 15.24564621 82319 | 2018/08/15-10:48:48  193.7381    0.1236  208.0977   94.4532     6870.2301     6864.1774     6876.2828  36.648336 -90.292845   0.000090   0.000876
1 42029U 17008CK  18228.82888076  .00001410  00000-0  60109-4 0  9997 | 2 42029  97.4468 293.4615 0008915 147.8096 212.3687 15.24570330 82521 | 2018/08/16-19:53:35  329.9157    0.1237  212.3141   94.4528     6870.2130     6864.0882     6876.3377  38.796763 -89.390659   0.000135   0.000881
1 42029U 17008CK  18229.94466496 +.00001295 +00000-0 +55465-4 0  9999 | 2 42029 097.4467 294.5706 0009023 144.3682 215.8159 15.24572540082692 | 2018/08/17-22:40:19   11.5829    0.1236  215.7554   94.4527     6870.2063     6864.0073     6876.4053  40.519720 -88.622862   0.000173   0.000886
1 42029U 17008CK  18231.45425137  .00001386  00000-0  59152-4 0  9993 | 2 42029  97.4465 296.0711 0009153 139.7789 220.4127 15.24577159 82927 | 2018/08/19-10:54:07  195.0139    0.1237  220.3448   94.4524     6870.1924     6863.9042     6876.4807  42.826387 -87.531257   0.000224   0.000888
1 42029U 17008CK  18232.76693130  .00001249  00000-0  53570-4 0  9994 | 2 42029  97.4464 297.3758 0009253 135.7763 224.4216 15.24580390 83127 | 2018/08/20-18:24:22  307.5615    0.1237  224.3474   94.4522     6870.1827     6863.8258     6876.5397  44.808267 -86.533347   0.000268   0.000886
1 42029U 17008CK  18234.80157966  .00001142  00000-0  49236-4 0  9999 | 2 42029  97.4463 299.3980 0009404 129.5662 230.6407 15.24585197 83437 | 2018/08/22-19:14:16  320.0092    0.1236  230.5574   94.4519     6870.1683     6863.7076     6876.6290  47.833791 -84.898232   0.000338   0.000878
1 42029U 17008CK  18235.91734943 +.00001323 +00000-0 +56574-4 0  9992 | 2 42029 097.4462 300.5070 0009469 126.2636 233.9477 15.24589733083609 | 2018/08/23-22:00:58    1.6726    0.1236  233.8600   94.4516     6870.1547     6863.6493     6876.6600  49.467942 -83.956444   0.000373   0.000870
1 42029U 17008CK  18237.42691877  .00001235  00000-0  52997-4 0  9995 | 2 42029  97.4461 302.0074 0009528 121.7649 238.4518 15.24593433 83832 | 2018/08/25-10:14:45  185.0997    0.1237  238.3588   94.4514     6870.1435     6863.5977     6876.6894  51.649238 -82.632310   0.000421   0.000855
1 42029U 17008CK  18238.73958060  .00001976  00000-0  83006-4 0  9997 | 2 42029  97.4459 303.3121 0009591 117.9501 242.2709 15.24602128 84030 | 2018/08/26-17:44:59  297.6428    0.1238  242.1737   94.4509     6870.1174     6863.5283     6876.7066  53.517222 -81.434700   0.000461   0.000841
1 42029U 17008CK  18239.78970847  .00001839  00000-0  77456-4 0  9990 | 2 42029  97.4457 304.3558 0009632 114.9284 245.2956 15.24605037 84190 | 2018/08/27-18:57:10  315.6772    0.1238  245.1954   94.4507     6870.1087     6863.4914     6876.7260  54.991562 -80.446209   0.000492   0.000828
1 42029U 17008CK  18240.90546625 +.00001807 +00000-0 +76124-4 0  9995 | 2 42029 097.4455 305.4647 0009657 111.6287 248.5980 15.24608710084366 | 2018/08/28-21:43:52  357.3381    0.1237  248.4950   94.4505     6870.0977     6863.4632     6876.7321  56.538003 -79.366742   0.000525   0.000811
1 42029U 17008CK  18242.41501246  .00001802  00000-0  75921-4 0  9992 | 2 42029  97.4449 306.9652 0009726 107.3302 252.9000 15.24616623 84597 | 2018/08/30-09:57:37  180.7586    0.1237  252.7935   94.4500     6870.0739     6863.3920     6876.7557  58.596526 -77.858562   0.000568   0.000790
1 42029U 17008CK  18243.85892270  .00001259  00000-0  53919-4 0  9990 | 2 42029  97.4446 308.4002 0009748 103.2005 257.0320 15.24619746 84814 | 2018/08/31-20:36:50  340.5522    0.1237  256.9232   94.4498     6870.0645     6863.3676     6876.7614  60.527764 -76.366484   0.000605   0.000764
1 42029U 17008CK  18245.17156445  .00001582  00000-0  66992-4 0  9998 | 2 42029  97.4449 309.7046 0009717  99.2792 260.9545 15.24624608 85010 | 2018/09/02-04:07:03   93.0914    0.1238  260.8446   94.4495     6870.0499     6863.3743     6876.7255  62.250685 -74.969065   0.000638   0.000733
1 42029U 17008CK  18246.22167561  .00001430  00000-0  60843-4 0  9997 | 2 42029  97.4448 310.7482 0009732  96.2845 263.9501 15.24627330 85175 | 2018/09/03-05:19:12  111.1220    0.1237  263.8392   94.4493     6870.0417     6863.3558     6876.7276  63.605724 -73.822767   0.000663   0.000712
1 42029U 17008CK  18247.40304972  .00001153  00000-0  49606-4 0  9993 | 2 42029  97.4448 311.9222 0009745  93.0064 267.2289 15.24628833 85351 | 2018/09/04-09:40:23  176.4064    0.1238  267.1174   94.4492     6870.0372     6863.3424     6876.7321  65.104907 -72.504069   0.000690   0.000688
1 42029U 17008CK  18248.71568426  .00001234  00000-0  52862-4 0  9992 | 2 42029  97.4446 313.2266 0009731  89.1953 271.0400 15.24632527 85555 | 2018/09/05-17:10:35  288.9442    0.1238  270.9285   94.4490     6870.0261     6863.3409     6876.7113  66.738390 -71.003080   0.000718   0.000656
1 42029U 17008CK  18249.83142191  .00001089  00000-0  47021-4 0  9992 | 2 42029  97.4445 314.3354 0009711  86.0556 274.1791 15.24634353 85722 | 2018/09/06-19:57:14  330.6013    0.1237  274.0681   94.4489     6870.0206     6863.3491     6876.6921  68.099804 -69.698259   0.000740   0.000629
1 42029U 17008CK  18251.14405237  .00000917  00000-0  40037-4 0  9991 | 2 42029  97.4444 315.6398 0009693  82.2252 278.0085 15.24636217 85925 | 2018/09/08-03:27:26   83.1387    0.1237  277.8985   94.4488     6870.0150     6863.3559     6876.6741  69.668704 -68.129896   0.000765   0.000595
1 42029U 17008CK  18252.19415536  .00000836  00000-0  36753-4 0  9990 | 2 42029  97.4442 316.6833 0009662  79.1833 281.0491 15.24637834 86083 | 2018/09/09-04:39:35  101.1686    0.1237  280.9404   94.4487     6870.0102     6863.3724     6876.6480  70.897752 -66.849688   0.000783   0.000566
1 42029U 17008CK  18253.30988769  .00000806  00000-0  35544-4 0  9991 | 2 42029  97.4441 317.7920 0009623  75.9442 284.2865 15.24640029 86257 | 2018/09/10-07:26:14  142.8249    0.1238  284.1796   94.4485     6870.0036     6863.3926     6876.6146  72.177897 -65.465287   0.000800   0.000534
1 42029U 17008CK  18254.42561775  .00000881  00000-0  38565-4 0  9998 | 2 42029  97.4440 318.9006 0009589  72.5287 287.6998 15.24642915 86424 | 2018/09/11-10:12:53  184.4811    0.1238  287.5951   94.4483     6869.9949     6863.4073     6876.5825  73.430902 -64.056504   0.000818   0.000500
1 42029U 17008CK  18255.73823429  .00001501  00000-0  63644-4 0  9996 | 2 42029  97.4436 320.2048 0009543  68.9377 291.2880 15.24650584 86624 | 2018/09/12-17:43:03  297.0154    0.1238  291.1861   94.4479     6869.9719     6863.4158     6876.5279  74.869538 -62.368321   0.000833   0.000465
1 42029U 17008CK  18257.18210674  .00002703  00000-0  11226-3 0  9992 | 2 42029  97.4429 321.6399 0009455  64.6918 295.5298 15.24661538 86841 | 2018/09/14-04:22:14   96.8016    0.1238  295.4320   94.4472     6869.9390     6863.4434     6876.4345  76.407494 -60.473247   0.000847   0.000419
1 42029U 17008CK  18258.75723292  .00002287  00000-0  95411-4 0  9997 | 2 42029  97.4428 323.2048 0009368  60.0475 300.1692 15.24668039 87081 | 2018/09/15-18:10:24  303.8396    0.1238  300.0763   94.4468     6869.9194     6863.4837     6876.3552  78.030397 -58.364000   0.000861   0.000370
1 42029U 17008CK  18259.80731335  .00002069  00000-0  86600-4 0  9999 | 2 42029  97.4431 324.2481 0009325  56.5409 303.6718 15.24671343 87244 | 2018/09/16-19:22:31  321.8642    0.1237  303.5828   94.4466     6869.9095     6863.5033     6876.3157  79.080397 -56.933721   0.000872   0.000331
1 42029U 17008CK  18260.92302176 +.00001650 +00000-0 +69649-4 0  9990 | 2 42029 097.4429 325.3567 0009224 053.2456 306.9627 15.24673709087414 | 2018/09/17-22:09:09    3.5147    0.1238  306.8782   94.4464     6869.9024     6863.5656     6876.2392  80.166956 -55.392941   0.000874   0.000294
1 42029U 17008CK  18262.30124692 +.00001402 +00000-0 +59598-4 0  9996 | 2 42029 097.4429 326.7261 0009098 049.0646 311.1378 15.24676889087629 | 2018/09/19-07:13:47  139.6707    0.1238  311.0592   94.4462     6869.8928     6863.6426     6876.1431  81.467855 -53.461270   0.000875   0.000248
1 42029U 17008CK  18263.41695145  .00001144  00000-0  49177-4 0  9990 | 2 42029  97.4429 327.8346 0009002  45.7013 314.4961 15.24678605 87791 | 2018/09/20-10:00:24  181.3206    0.1238  314.4225   94.4461     6869.8877     6863.7034     6876.0720  82.486858 -51.875207   0.000875   0.000211
1 42029U 17008CK  18264.72954305 +.00001016 +00000-0 +44016-4 0  9996 | 2 42029 097.4428 329.1388 0008905 041.6106 318.5808 15.24680925087995 | 2018/09/21-17:30:32  293.8491    0.1238  318.5132   94.4460     6869.8807     6863.7631     6875.9984  83.646115 -49.984265   0.000875   0.000166
1 42029U 17008CK  18266.23901484 +.00001984 +00000-0 +83137-4 0  9995 | 2 42029 097.4426 330.6386 0008774 036.7912 323.3926 15.24690975088220 | 2018/09/23-05:44:10  117.2545    0.1238  323.3326   94.4454     6869.8505     6863.8229     6875.8781  84.925546 -47.777735   0.000870   0.000113
1 42029U 17008CK  18267.42033910 +.00001790 +00000-0 +75271-4 0  9992 | 2 42029 097.4423 331.8121 0008658 033.0421 327.1356 15.24693403088401 | 2018/09/24-10:05:17  182.5283    0.1238  327.0817   94.4452     6869.8432     6863.8953     6875.7912  85.885958 -46.028297   0.000863   0.000073
1 42029U 17008CK  18268.73291897 +.00001665 +00000-0 +70198-4 0  9991 | 2 42029 097.4421 333.1162 0008538 028.7536 331.4171 15.24696524088606 | 2018/09/25-17:35:24  295.0536    0.1238  331.3702   94.4450     6869.8339     6863.9684     6875.6993  86.911086 -44.061616   0.000853   0.000028
1 42029U 17008CK  18270.17674898  .00001783  00000-0  74966-4 0  9996 | 2 42029  97.4418 334.5507 0008382  23.9686 336.1940 15.24702836 88824 | 2018/09/27-04:14:31   94.8292    0.1238  336.1552   94.4446     6869.8149     6864.0566     6875.5732  87.986621 -41.871935   0.000838  -0.000022
1 42029U 17008CK  18271.22680539  .00001502  00000-0  63609-4 0  9993 | 2 42029  97.4416 335.5938 0008262  20.6155 339.5414 15.24705093 88981 | 2018/09/28-05:26:35  112.8471    0.1238  339.5083   94.4445     6869.8081     6864.1323     6875.4840  88.734117 -40.263159   0.000824  -0.000055
1 42029U 17008CK  18272.73625674  .00001519  00000-0  64278-4 0  9990 | 2 42029  97.4414 337.0934 0008116  15.7054 344.4434 15.24710334 89211 | 2018/09/29-17:40:12  296.2458    0.1238  344.4184   94.4442     6869.7924     6864.2169     6875.3679  89.757227 -37.927122   0.000805  -0.000102
1 42029U 17008CK  18274.18007420  .00001619  00000-0  68325-4 0  9992 | 2 42029  97.4411 338.5277 0007962  10.5752 349.5651 15.24716043 89434 | 2018/10/01-04:19:18   96.0174    0.1238  349.5486   94.4438     6869.7752     6864.3055     6875.2449  90.678166 -35.668448   0.000782  -0.000151
1 42029U 17008CK  18275.62388825  .00001583  00000-0  66863-4 0  9998 | 2 42029  97.4410 339.9619 0007813   5.6843 354.4482 15.24720571 89651 | 2018/10/02-14:58:23  255.7872    0.1238  354.4395   94.4435     6869.7616     6864.3943     6875.1290  91.542407 -33.387665   0.000757  -0.000194
1 42029U 17008CK  18276.87081684  .00001359  00000-0  57816-4 0  9998 | 2 42029  97.4409 341.2007 0007676   1.3501 358.7756 15.24722737 89845 | 2018/10/03-20:53:58  344.6785    0.1238  358.7737   94.4434     6869.7551     6864.4819     6875.0284  92.242740 -31.400732   0.000732  -0.000230
1 42029U 17008CK  18278.18337049  .00001176  00000-0  50424-4 0  9998 | 2 42029  97.4407 342.5045 0007534 356.4867   3.6317 15.24725158 90044 | 2018/10/05-04:24:03   97.1950    0.1239    3.6372   94.4433     6869.7479     6864.5722     6874.9235  92.933148 -29.293685   0.000703  -0.000270
1 42029U 17008CK  18279.43029463  .00001186  00000-0  50828-4 0  9994 | 2 42029  97.4407 343.7430 0007394 351.9810   8.1308 15.24727997 90231 | 2018/10/06-10:19:37  186.0848    0.1238    8.1428   94.4431     6869.7393     6864.6598     6874.8188  93.544598 -27.278164   0.000674  -0.000304
1 42029U 17008CK  18280.74284414  .00001236  00000-0  52841-4 0  9992 | 2 42029  97.4405 345.0469 0007270 347.1471  12.9580 15.24730969 90439 | 2018/10/07-17:49:41  298.5992    0.1238   12.9767   94.4429     6869.7304     6864.7361     6874.7247  94.140908 -25.142406   0.000643  -0.000339
1 42029U 17008CK  18282.18664231  .00001522  00000-0  64388-4 0  9998 | 2 42029  97.4402 346.4809 0007136 341.5267  18.5710 15.24736648 90652 | 2018/10/09-04:28:45   98.3630    0.1238   18.5971   94.4425     6869.7133     6864.8111     6874.6156  94.740331 -22.778547   0.000605  -0.000378
1 42029U 17008CK  18283.23667598  .00001506  00000-0  63745-4 0  9992 | 2 42029  97.4400 347.5237 0007034 337.4414  22.6513 15.24739412 90819 | 2018/10/10-05:40:48  116.3723    0.1238   22.6824   94.4424     6869.7050     6864.8729     6874.5372  95.138998 -21.050524   0.000576  -0.000404
1 42029U 17008CK  18284.41796047  .00001536  00000-0  64948-4 0  9994 | 2 42029  97.4399 348.6971 0006916 332.7822  27.3052 15.24743190 90999 | 2018/10/11-10:01:51  181.6309    0.1238   27.3416   94.4421     6869.6937     6864.9426     6874.4448  95.550028 -19.097809   0.000541  -0.000431
1 42029U 17008CK  18285.73049632  .00001306  00000-0  55659-4 0  9995 | 2 42029  97.4397 350.0008 0006805 327.5190  32.5628 15.24745928 91193 | 2018/10/12-17:31:54  294.1394    0.1238   32.6048   94.4420     6869.6855     6865.0106     6874.3603  95.959608 -16.918886   0.000502  -0.000460
1 42029U 17008CK  18286.78052190  .00001278  00000-0  54499-4 0  9993 | 2 42029  97.4395 351.0438 0006731 323.2117  36.8658 15.24749194 91356 | 2018/10/13-18:43:57  312.1449    0.1238   36.9121   94.4418     6869.6757     6865.0517     6874.2996  96.251482 -15.169321   0.000470  -0.000482
1 42029U 17008CK  18288.15867563  .00001490  00000-0  63050-4 0  9993 | 2 42029  97.4393 352.4127 0006641 317.5194  42.5528 15.24755253 91561 | 2018/10/15-03:48:29   88.2750    0.1237   42.6043   94.4414     6869.6575     6865.0953     6874.2196  96.586203 -12.865561   0.000426  -0.000509
1 42029U 17008CK  18289.73370624  .00001274  00000-0  54324-4 0  9999 | 2 42029  97.4392 353.9770 0006519 310.9108  49.1564 15.24758676 91808 | 2018/10/16-17:36:32  295.2791    0.1237   49.2129   94.4412     6869.6472     6865.1689     6874.1255  96.901321 -10.224069   0.000373  -0.000535
1 42029U 17008CK  18291.17748014  .00001201  00000-0  51399-4 0  9991 | 2 42029  97.4389 355.4107 0006444 304.6746  55.3883 15.24762437 92028 | 2018/10/18-04:15:34   95.0314    0.1237   55.4491   94.4409     6869.6359     6865.2091     6874.0627  97.126495  -7.796357   0.000323  -0.000558
1 42029U 17008CK  18292.48999902  .00001264  00000-0  53925-4 0  9996 | 2 42029  97.4390 356.7142 0006395 299.0730  60.9867 15.24766313 92221 | 2018/10/19-11:45:35  207.5316    0.1238   61.0508   94.4407     6869.6242     6865.2311     6874.0174  97.278815  -5.584872   0.000278  -0.000576
1 42029U 17008CK  18293.73688942  .00001247  00000-0  53209-4 0  9990 | 2 42029  97.4388 357.9526 0006338 293.6317  66.4254 15.24769458 92410 | 2018/10/20-17:41:07  296.4053    0.1237   66.4920   94.4405     6869.6148     6865.2608     6873.9688  97.376596  -3.481125   0.000233  -0.000589
1 42029U 17008CK  18294.91815239 +.00001126 +00000-0 +48328-4 0  9994 | 2 42029 097.4386 359.1257 0006307 288.2901 071.7650 15.24771591092597 | 2018/10/21-22:02:08    1.6532    0.1238   71.8337   94.4404     6869.6084     6865.2757     6873.9410  97.427256  -1.486798   0.000189  -0.000602
1 42029U 17008CK  18296.16503839 +.00001195 +00000-0 +51101-4 0  9992 | 2 42029 097.4384 000.3640 0006285 282.8384 077.2151 15.24775019092783 | 2018/10/23-03:57:39   90.5244    0.1237   77.2853   94.4402     6869.5981     6865.2805     6873.9156  97.436434   0.619022   0.000144  -0.000612
1 42029U 17008CK  18297.54317336 +.00001212 +00000-0 +51806-4 0  9992 | 2 42029 097.4382 001.7326 0006250 276.6328 083.4198 15.24778223092991 | 2018/10/24-13:02:10  226.6437    0.1238   83.4910   94.4400     6869.5885     6865.2950     6873.8820  97.393653   2.946041   0.000091  -0.000618
1 42029U 17008CK  18298.72442956 +.00001131 +00000-0 +48548-4 0  9999 | 2 42029 097.4379 002.9056 0006246 271.2836 088.7685 15.24780554093170 | 2018/10/25-17:23:10  291.8877    0.1237   88.8401   94.4398     6869.5815     6865.2907     6873.8722  97.312635   4.939181   0.000046  -0.000623
1 42029U 17008CK  18299.77443380 +.00000995 +00000-0 +43041-4 0  9997 | 2 42029 097.4377 003.9483 0006264 266.5636 093.4885 15.24782171093338 | 2018/10/26-18:35:11  309.8815    0.1237   93.5601   94.4397     6869.5766     6865.2735     6873.8797  97.206440   6.709200   0.000006  -0.000626
1 42029U 17008CK  18301.41506155 +.00000978 +00000-0 +42336-4 0  9999 | 2 42029 097.4376 005.5775 0006304 259.4588 100.5939 15.24785918093580 | 2018/10/28-09:57:41  180.4947    0.1237  100.6649   94.4395     6869.5654     6865.2348     6873.8959  96.976296   9.470162  -0.000055  -0.000628
1 42029U 17008CK  18302.92443627 +.00000921 +00000-0 +40029-4 0  9995 | 2 42029 097.4373 007.0762 0006355 252.7234 107.3308 15.24788909093814 | 2018/10/29-22:11:11    3.8572    0.1237  107.4003   94.4393     6869.5564     6865.1908     6873.9220  96.695139  12.003229  -0.000113  -0.000625
1 42029U 17008CK  18304.23693354  .00000878  00000-0  38322-4 0  9999 | 2 42029  97.4371   8.3793 0006417 247.0498 113.0063 15.24791557 94016 | 2018/10/31-05:41:11  116.3448    0.1238  113.0740   94.4391     6869.5484     6865.1402     6873.9566  96.396963  14.199081  -0.000161  -0.000621
1 42029U 17008CK  18305.41817954  .00000853  00000-0  37305-4 0  9997 | 2 42029  97.4371   9.5524 0006475 241.9022 118.1562 15.24793749 94195 | 2018/11/01-10:02:10  181.5823    0.1238  118.2216   94.4390     6869.5418     6865.0938     6873.9899  96.086061  16.169643  -0.000206  -0.000614
1 42029U 17008CK  18306.46817462  .00000865  00000-0  37798-4 0  9996 | 2 42029  97.4370  10.5950 0006536 237.4427 122.6180 15.24795815 94356 | 2018/11/02-11:14:10  199.5705    0.1238  122.6811   94.4389     6869.5356     6865.0457     6874.0256  95.775835  17.915310  -0.000244  -0.000606
1 42029U 17008CK  18307.84629110  .00000860  00000-0  37589-4 0  9993 | 2 42029  97.4368  11.9633 0006639 231.6808 128.3833 15.24798444 94561 | 2018/11/03-20:18:39  335.6791    0.1237  128.4429   94.4387     6869.5277     6864.9671     6874.0884  95.320529  20.197198  -0.000295  -0.000595
1 42029U 17008CK  18309.15878075  .00000885  00000-0  38578-4 0  9991 | 2 42029  97.4367  13.2665 0006740 226.2957 133.7723 15.24801133 94768 | 2018/11/05-03:48:38   88.1619    0.1237  133.8280   94.4385     6869.5197     6864.8896     6874.1497  94.836428  22.359842  -0.000341  -0.000581
1 42029U 17008CK  18310.47126577  .00001175  00000-0  50271-4 0  9998 | 2 42029  97.4366  14.5696 0006835 220.8744 139.1981 15.24806016 94967 | 2018/11/06-11:18:37  200.6426    0.1236  139.2492   94.4382     6869.5050     6864.8097     6874.2003  94.303310  24.510749  -0.000388  -0.000563
1 42029U 17008CK  18311.84937247  .00001259  00000-0  53645-4 0  9995 | 2 42029  97.4362  15.9378 0006954 215.4217 144.6560 15.24810083 95179 | 2018/11/07-20:23:05  336.7459    0.1238  144.7021   94.4380     6869.4928     6864.7157     6874.2698  93.690788  26.755362  -0.000434  -0.000543
1 42029U 17008CK  18312.89935633 +.00001191 +00000-0 +50889-4 0  9990 | 2 42029 097.4361 016.9803 0007055 211.2824 148.7994 15.24812599095331 | 2018/11/08-21:35:04  354.7284    0.1236  148.8412   94.4378     6869.4852     6864.6388     6874.3316  93.188395  28.455519  -0.000470  -0.000526
1 42029U 17008CK  18314.86807008 +.00001290 +00000-0 +54875-4 0  9992 | 2 42029 097.4357 018.9348 0007236 203.5973 156.4934 15.24818855095636 | 2018/11/10-20:50:01  343.4424    0.1237  156.5264   94.4374     6869.4664     6864.4957     6874.4372  92.163303  31.617104  -0.000533  -0.000489
1 42029U 17008CK  18315.91804772 +.00001315 +00000-0 +55873-4 0  9991 | 2 42029 097.4355 019.9772 0007337 199.6959 160.3996 15.24822097095799 | 2018/11/11-22:01:59    1.4221    0.1237  160.4278   94.4372     6869.4567     6864.4166     6874.4968  91.572674  33.288466  -0.000565  -0.000468
1 42029U 17008CK  18317.16489383  .00001270  00000-0  54054-4 0  9997 | 2 42029  97.4353  21.2150 0007459 195.0673 165.0343 15.24825399 95988 | 2018/11/13-03:57:26   90.2717    0.1237  165.0564   94.4370     6869.4468     6864.3229     6874.5707  90.832022  35.258779  -0.000601  -0.000441
1 42029U 17008CK  18318.47736134  .00001145  00000-0  49019-4 0  9997 | 2 42029  97.4352  22.5179 0007589 190.1924 169.9161 15.24828037 96187 | 2018/11/14-11:27:24  202.7439    0.1237  169.9313   94.4369     6869.4389     6864.2256     6874.6521  90.006734  37.314958  -0.000639  -0.000410
1 42029U 17008CK  18319.92107227 +.00001199 +00000-0 +51173-4 0  9996 | 2 42029 097.4351 023.9512 0007729 185.1937 174.9222 15.24831950096403 | 2018/11/15-22:06:20    2.4621    0.1237  174.9300   94.4366     6869.4271     6864.1177     6874.7365  89.045115  39.554598  -0.000675  -0.000376
1 42029U 17008CK  18321.10228820  .00001158  00000-0  49523-4 0  9993 | 2 42029  97.4351  25.1239 0007848 181.1828 178.9393 15.24834552 96583 | 2018/11/17-02:27:17   67.6852    0.1238  178.9410   94.4365     6869.4193     6864.0282     6874.8104  88.216938  41.368715  -0.000704  -0.000348
1 42029U 17008CK  18322.15225650  .00001200  00000-0  51220-4 0  9992 | 2 42029  97.4350  26.1662 0007949 177.4906 182.6373 15.24837029 96740 | 2018/11/18-03:39:14   85.6606    0.1237  182.6331   94.4363     6869.4118     6863.9514     6874.8723  87.449731  42.966542  -0.000728  -0.000319
1 42029U 17008CK  18323.46471505  .00001252  00000-0  53292-4 0  9997 | 2 42029  97.4349  27.4691 0008098 173.0402 187.0950 15.24839906 96941 | 2018/11/19-11:09:11  198.1291    0.1237  187.0835   94.4361     6869.4032     6863.8404     6874.9661  86.450063  44.943813  -0.000758  -0.000284
1 42029U 17008CK  18324.71154793  .00001298  00000-0  55136-4 0  9992 | 2 42029  97.4348  28.7068 0008217 168.8782 191.2639 15.24842888 97134 | 2018/11/20-17:04:37  286.9733    0.1237  191.2455   94.4360     6869.3943     6863.7497     6875.0388  85.459007  46.800623  -0.000783  -0.000248
1 42029U 17008CK  18325.82713296  .00001297  00000-0  55105-4 0  9999 | 2 42029  97.4346  29.8141 0008313 165.1811 194.9672 15.24845476 97308 | 2018/11/21-19:51:04  328.5699    0.1237  194.9426   94.4358     6869.3865     6863.6760     6875.0970  84.538461  48.443265  -0.000803  -0.000215
1 42029U 17008CK  18326.87709429 +.00001163 +00000-0 +49719-4 0  9994 | 2 42029 097.4344 030.8564 0008425 161.7031 198.4511 15.24847014097465 | 2018/11/22-21:03:00  346.5427    0.1237  198.4206   94.4357     6869.3819     6863.5944     6875.1693  83.643091  49.972949  -0.000822  -0.000183
1 42029U 17008CK  18328.18954343  .00001077  00000-0  46255-4 0  9993 | 2 42029  97.4342  32.1591 0008543 157.5453 202.6160 15.24849550 97667 | 2018/11/24-04:32:56   99.0082    0.1237  202.5784   94.4355     6869.3742     6863.5057     6875.2427  82.485196  51.861506  -0.000842  -0.000144
1 42029U 17008CK  18329.23950104  .00001013  00000-0  43654-4 0  9991 | 2 42029  97.4340  33.2013 0008627 154.2752 205.8916 15.24851566 97827 | 2018/11/25-05:44:52  116.9801    0.1237  205.8485   94.4354     6869.3682     6863.4420     6875.2944  81.528084  53.353125  -0.000855  -0.000112
1 42029U 17008CK  18330.42070150  .00000971  00000-0  41974-4 0  9993 | 2 42029  97.4339  34.3737 0008736 150.5461 209.6271 15.24853887 98002 | 2018/11/26-10:05:48  182.1978    0.1238  209.5777   94.4353     6869.3612     6863.3601     6875.3623  80.419285  55.010030  -0.000870  -0.000075
1 42029U 17008CK  18331.47065606  .00000982  00000-0  42411-4 0  9998 | 2 42029  97.4337  35.4159 0008831 147.2332 212.9455 15.24856053 98162 | 2018/11/27-11:17:44  200.1686    0.1237  212.8905   94.4351     6869.3547     6863.2884     6875.4210  79.405251  56.463546  -0.000882  -0.000041
1 42029U 17008CK  18332.65185288  .00000947  00000-0  41008-4 0  9990 | 2 42029  97.4336  36.5883 0008929 143.6191 216.5655 15.24858339 98349 | 2018/11/28-15:38:40  265.3854    0.1237  216.5046   94.4350     6869.3478     6863.2142     6875.4815  78.233258  58.076362  -0.000893  -0.000003
1 42029U 17008CK  18333.70180091  .00001333  00000-0  56526-4 0  9995 | 2 42029  97.4335  37.6304 0009006 140.2876 219.9023 15.24863550 98503 | 2018/11/29-16:50:35  283.3542    0.1238  219.8362   94.4347     6869.3322     6863.1457     6875.5187  77.164000  59.489529  -0.000900   0.000033
1 42029U 17008CK  18334.88299215  .00001537  00000-0  64686-4 0  9996 | 2 42029  97.4334  38.8027 0009093 136.6469 223.5485 15.24867570 98688 | 2018/11/30-21:11:30  348.5694    0.1237  223.4768   94.4344     6869.3201     6863.0739     6875.5664  75.930671  61.055718  -0.000906   0.000072
1 42029U 17008CK  18336.19542377  .00001675  00000-0  70236-4 0  9993 | 2 42029  97.4333  40.1054 0009159 132.6938 227.5072 15.24871832 98887 | 2018/12/02-04:41:24  101.0301    0.1237  227.4299   94.4342     6869.3073     6863.0157     6875.5989  74.522901  62.766115  -0.000909   0.000115
1 42029U 17008CK  18337.37661112  .00001212  00000-0  51620-4 0  9996 | 2 42029  97.4332  41.2778 0009227 129.3163 230.8894 15.24872144 99067 | 2018/12/03-09:02:19  166.2447    0.1237  230.8074   94.4341     6869.3064     6862.9681     6875.6447  73.222979  64.277708  -0.000910   0.000151
1 42029U 17008CK  18338.82028148  .00000946  00000-0  40923-4 0  9990 | 2 42029  97.4330  42.7108 0009302 124.9786 235.2326 15.24873951 99284 | 2018/12/04-19:41:12  325.9505    0.1237  235.1451   94.4340     6869.3010     6862.9111     6875.6908  71.592478  66.088627  -0.000909   0.000198
1 42029U 17008CK  18339.87022121  .00000987  00000-0  42577-4 0  9993 | 2 42029  97.4328  43.7528 0009366 121.8476 238.3675 15.24876503 99445 | 2018/12/05-20:53:07  343.9178    0.1238  238.2762   94.4339     6869.2933     6862.8595     6875.7271  70.378651  67.379493  -0.000907   0.000233
1 42029U 17008CK  18341.18264345  .00001055  00000-0  45282-4 0  9999 | 2 42029  97.4326  45.0553 0009411 117.9599 242.2592 15.24879913 99641 | 2018/12/07-04:23:00   96.3768    0.1237  242.1638   94.4337     6869.2831     6862.8184     6875.7477  68.828725  68.961715  -0.000900   0.000275
1 42029U 17008CK  18342.42944189  .00001066  00000-0  45736-4 0  9994 | 2 42029  97.4324  46.2927 0009445 114.2001 246.0224 15.24882961 99834 | 2018/12/08-10:18:23  185.2124    0.1237  245.9236   94.4335     6869.2739     6862.7859     6875.7619  67.323306  70.431847  -0.000890   0.000315
1 42029U 17008CK  18343.74185817  .00001150  00000-0  49116-4 0  9995 | 2 42029  97.4321  47.5951 0009497 110.3387 249.8872 15.24886655100032 | 2018/12/09-17:48:16  297.6700    0.1238  249.7851   94.4332     6869.2628     6862.7391     6875.7865  65.704851  71.943636  -0.000880   0.000357
1 42029U 17008CK  18345.18551244  .00001107  00000-0  47377-4 0  9995 | 2 42029  97.4319  49.0279 0009527 106.1788 254.0499 15.24890149100251 | 2018/12/11-04:27:08   97.3729    0.1238  253.9450   94.4330     6869.2523     6862.7080     6875.7967  63.885264  73.563906  -0.000865   0.000400
1 42029U 17008CK  18346.43230191  .00001087  00000-0  46547-4 0  9994 | 2 42029  97.4318  50.2651 0009554 102.5243 257.7063 15.24893292100444 | 2018/12/12-10:22:30  186.2069    0.1237  257.5994   94.4328     6869.2429     6862.6800     6875.8058  62.281949  74.926060  -0.000850   0.000437
1 42029U 17008CK  18347.74470954  .00000995  00000-0  42884-4 0  9999 | 2 42029  97.4317  51.5676 0009580  98.6928 261.5395 15.24896030100644 | 2018/12/13-17:52:22  298.6630    0.1237  261.4309   94.4327     6869.2347     6862.6539     6875.8154  60.562653  76.322351  -0.000832   0.000475
1 42029U 17008CK  18348.79463388  .00000926  00000-0  40095-4 0  9994 | 2 42029  97.4316  52.6096 0009575  95.6540 264.5789 15.24898106100806 | 2018/12/14-19:04:16  316.6280    0.1237  264.4697   94.4325     6869.2284     6862.6511     6875.8057  59.164630  77.411002  -0.000814   0.000504
1 42029U 17008CK  18350.17265685  .00000882  00000-0  38301-4 0  9997 | 2 42029  97.4315  53.9770 0009552  91.6438 268.5894 15.24901050101013 | 2018/12/16-04:08:37   92.7068    0.1238  268.4800   94.4324     6869.2196     6862.6581     6875.7811  57.300436  78.800744  -0.000788   0.000539
1 42029U 17008CK  18351.41943813  .00000853  00000-0  37169-4 0  9990 | 2 42029  97.4315  55.2143 0009536  87.9978 272.2352 15.24903268101206 | 2018/12/17-10:03:59  181.5399    0.1238  272.1260   94.4322     6869.2129     6862.6624     6875.7634  55.585509  80.019675  -0.000764   0.000571
1 42029U 17008CK  18352.79745706  .00000871  00000-0  37893-4 0  9997 | 2 42029  97.4313  56.5818 0009517  83.9058 276.3264 15.24905931101410 | 2018/12/18-19:08:20  317.6183    0.1238  276.2180   94.4321     6869.2049     6862.6675     6875.7423  53.659889  81.323272  -0.000734   0.000606
1 42029U 17008CK  18354.24109223 +.00000991 +00000-0 +42680-4 0  9990 | 2 42029 097.4311 058.0143 0009473 079.6790 280.5515 15.24909626101637 | 2018/12/20-05:47:10  117.3190    0.1238  280.4448   94.4318     6869.1938     6862.6866     6875.7010  51.609993  82.639142  -0.000701   0.000638
1 42029U 17008CK  18355.42224627  .00001041  00000-0  44676-4 0  9991 | 2 42029  97.4310  59.1863 0009444  76.1481 284.0807 15.24912340101814 | 2018/12/21-10:08:02  182.5284    0.1238  283.9757   94.4317     6869.1857     6862.6984     6875.6729  49.908858  83.677390  -0.000672   0.000664
1 42029U 17008CK  18356.60339885 +.00000942 +00000-0 +40698-4 0  9994 | 2 42029 097.4308 060.3583 0009407 072.7299 287.4968 15.24914148101994 | 2018/12/22-14:28:53  247.7376    0.1239  287.3940   94.4315     6869.1802     6862.7184     6875.6421  48.186795  84.680539  -0.000643   0.000687
1 42029U 17008CK  18357.71892992 +.00000868 +00000-0 +37729-4 0  9998 | 2 42029 097.4305 061.4652 0009356 069.4727 290.7514 15.24916044102163 | 2018/12/23-17:15:15  289.3240    0.1238  290.6511   94.4314     6869.1745     6862.7477     6875.6013  46.541814  85.595338  -0.000613   0.000707
1 42029U 17008CK  18358.76883968 +.00000830 +00000-0 +36234-4 0  9996 | 2 42029 097.4304 062.5070 0009308 066.3869 293.8345 15.24918073102326 | 2018/12/24-18:27:07  307.2873    0.1238  293.7369   94.4313     6869.1685     6862.7746     6875.5623  44.977793  86.427316  -0.000584   0.000724
1 42029U 17008CK  18359.81874839 +.00000797 +00000-0 +34885-4 0  9992 | 2 42029 097.4302 063.5488 0009253 063.2382 296.9801 15.24919880102488 | 2018/12/25-19:38:59  325.2505    0.1238  296.8856   94.4312     6869.1630     6862.8070     6875.5191  43.398862  87.230629  -0.000554   0.000741
1 42029U 17008CK  18360.86865427 +.00000985 +00000-0 +42449-4 0  9996 | 2 42029 097.4301 064.5904 0009210 060.2145 300.0008 15.24923279102649 | 2018/12/26-20:50:51  343.2129    0.1238  299.9093   94.4310     6869.1528     6862.8263     6875.4793  41.805939  88.005045  -0.000526   0.000756
1 42029U 17008CK  18362.18103307 +.00001239 +00000-0 +52619-4 0  9998 | 2 42029 097.4299 065.8927 0009105 056.1769 304.0334 15.24928090102847 | 2018/12/28-04:20:41   95.6655    0.1238  303.9469   94.4307     6869.1384     6862.8840     6875.3927  39.794927  88.932273  -0.000483   0.000772
1 42029U 17008CK  18363.75588075 +.00002074 +00000-0 +86098-4 0  9997 | 2 42029 097.4298 067.4552 0009012 051.2663 308.9378 15.24937630103082 | 2018/12/29-18:08:28  302.6066    0.1237  308.8574   94.4301     6869.1097     6862.9193     6875.3002  37.355141  89.984217  -0.000433   0.000790
1 42029U 17008CK  18364.80577580 +.00001973 +00000-0 +82069-4 0  9994 | 2 42029 097.4297 068.4968 0008937 048.0859 312.1140 15.24941266103241 | 2018/12/30-19:20:19  320.5663    0.1239  312.0380   94.4299     6869.0988     6862.9599     6875.2377  35.713167  90.648310  -0.000400   0.000799
1 42029U 17008CK  19001.38061592 +.00001550 +00000-0 +65079-4 0  9990 | 2 42029 097.4296 070.0593 0008788 043.2284 316.9642 15.24944081103489 | 2019/01/01-09:08:05  167.5057    0.1238  316.8954   94.4297     6869.0904     6863.0538     6875.1269  33.228111  91.588316  -0.000347   0.000807
1 42029U 17008CK  19002.75859482 +.00001429 +00000-0 +60238-4 0  9992 | 2 42029 097.4295 071.4265 0008713 038.8584 321.3278 15.24948950103697 | 2019/01/02-18:12:22  303.5756    0.1238  321.2654   94.4294     6869.0757     6863.0907     6875.0608  31.033334  92.354965  -0.000302   0.000817
1 42029U 17008CK  19003.87409905 +.00001196 +00000-0 +50884-4 0  9994 | 2 42029 097.4293 072.5333 0008599 035.3336 324.8470 15.24951346103866 | 2019/01/03-20:58:42  345.1554    0.1238  324.7902   94.4292     6869.0685     6863.1618     6874.9752  29.243546  92.936987  -0.000264   0.000818
1 42029U 17008CK  19004.92398420 +.00001090 +00000-0 +46611-4 0  9996 | 2 42029 097.4291 073.5750 0008500 031.9957 328.1795 15.24953624104028 | 2019/01/04-22:10:32    3.1125    0.1238  328.1281   94.4291     6869.0617     6863.2230     6874.9004  27.549053  93.453086  -0.000228   0.000819
1 42029U 17008CK  19006.89251333 +.00001152 +00000-0 +49106-4 0  9996 | 2 42029 097.4287 075.5280 0008330 025.5598 334.6049 15.24959182104326 | 2019/01/06-21:25:13  351.7808    0.1237  334.5639   94.4288     6869.0450     6863.3231     6874.7669  24.348099  94.337276  -0.000160   0.000817
1 42029U 17008CK  19008.46733325 +.00000894 +00000-0 +38735-4 0  9995 | 2 42029 097.4284 077.0903 0008160 020.4906 339.6657 15.24961488104568 | 2019/01/08-11:12:57  198.7143    0.1238  339.6332   94.4286     6869.0381     6863.4329     6874.6432  21.766979  94.965740  -0.000108   0.000809
1 42029U 17008CK  19009.91091543 +.00000862 +00000-0 +37464-4 0  9998 | 2 42029 097.4281 078.5224 0008019 015.5889 344.5594 15.24964302104782 | 2019/01/09-21:51:43  358.4026    0.1238  344.5349   94.4284     6869.0296     6863.5214     6874.5379  19.386712  95.479789  -0.000057   0.000800
1 42029U 17008CK  19011.35449528  .00000805  00000-0  35178-4 0  9996 | 2 42029  97.4280  79.9545 0007875  10.6157 349.5245 15.24966812105007 | 2019/01/11-08:30:28  158.0902    0.1238  349.5081   94.4283     6869.0221     6863.6127     6874.4314  16.994384  95.934384  -0.000008   0.000787
1 42029U 17008CK  19012.40436988  .00000825  00000-0  35966-4 0  9996 | 2 42029  97.4279  80.9960 0007772   6.9912 353.1432 15.24968861105163 | 2019/01/12-09:42:17  176.0442    0.1238  353.1326   94.4282     6869.0159     6863.6773     6874.3545  15.247799  96.227337   0.000027   0.000777
1 42029U 17008CK  19013.71671065  .00000876  00000-0  38010-4 0  9997 | 2 42029  97.4277  82.2978 0007634   2.3065 357.8206 15.24971757105361 | 2019/01/13-17:12:03  288.4859    0.1238  357.8173   94.4280     6869.0072     6863.7634     6874.2510  13.057673  96.548713   0.000072   0.000760
1 42029U 17008CK  19014.76658079  .00001038  00000-0  44490-4 0  9993 | 2 42029  97.4277  83.3393 0007528 358.5645   1.5570 15.24975003105529 | 2019/01/14-18:23:52  306.4380    0.1238    1.5593   94.4278     6868.9975     6863.8265     6874.1685  11.300588  96.770106   0.000106   0.000745
1 42029U 17008CK  19016.14453358  .00001136  00000-0  48424-4 0  9990 | 2 42029  97.4275  84.7062 0007400 353.5442   6.5699 15.24978519105739 | 2019/01/16-03:28:07   82.4997    0.1238    6.5796   94.4276     6868.9869     6863.9039     6874.0700   8.988938  97.011941   0.000151   0.000724
1 42029U 17008CK  19017.19439933  .00001291  00000-0  54643-4 0  9991 | 2 42029  97.4273  85.7477 0007287 349.5492  10.5594 15.24982093105899 | 2019/01/17-04:39:56  100.4502    0.1239   10.5747   94.4273     6868.9762     6863.9708     6873.9816   7.224090  97.159103   0.000185   0.000705
1 42029U 17008CK  19018.24426364  .00001339  00000-0  56549-4 0  9992 | 2 42029  97.4271  86.7891 0007192 345.5344  14.5687 15.24985097106058 | 2019/01/18-05:51:44  118.4002    0.1238   14.5894   94.4272     6868.9672     6864.0270     6873.9073   5.457033  97.274152   0.000218   0.000685
1 42029U 17008CK  19019.42535902  .00001269  00000-0  53767-4 0  9993 | 2 42029  97.4270  87.9607 0007104 340.9847  19.1124 15.24987768106239 | 2019/01/19-10:12:31  183.5931    0.1238   19.1391   94.4270     6868.9592     6864.0795     6873.8389   3.466938  97.365295   0.000255   0.000663
1 42029U 17008CK  19020.80329964 +.00001363 +00000-0 +57533-4 0  9996 | 2 42029 097.4267 089.3275 0006963 335.7326 024.3583 15.24992061106440 | 2019/01/20-19:16:45  319.6493    0.1238   24.3912   94.4267     6868.9463     6864.1634     6873.7291   1.143504  97.419989   0.000294   0.000631
1 42029U 17008CK  19022.18123817  .00001208  00000-0  51291-4 0  9991 | 2 42029  97.4264  90.6943 0006850 330.2993  29.7855 15.24994852106653 | 2019/01/22-04:20:58   95.7046    0.1238   29.8245   94.4265     6868.9379     6864.2327     6873.6431  -1.180567  97.419247   0.000332   0.000599
1 42029U 17008CK  19023.42794183  .00001421  00000-0  59845-4 0  9999 | 2 42029  97.4263  91.9308 0006724 325.2389  34.8408 15.24999033106842 | 2019/01/23-10:16:14  184.5154    0.1237   34.8848   94.4263     6868.9253     6864.3067     6873.5440  -3.282530  97.370986   0.000365   0.000565
1 42029U 17008CK  19024.47779429  .00001600  00000-0  67013-4 0  9996 | 2 42029  97.4261  92.9722 0006651 320.9610  39.1147 15.25003011107009 | 2019/01/24-11:28:01  202.4596    0.1238   39.1628   94.4260     6868.9134     6864.3449     6873.4819  -5.051681  97.295043   0.000392   0.000538
1 42029U 17008CK  19025.92133980  .00001375  00000-0  57994-4 0  9999 | 2 42029  97.4258  94.4039 0006551 314.8888  45.1817 15.25005524107227 | 2019/01/25-22:06:43    2.1323    0.1238   45.2350   94.4259     6868.9058     6864.4060     6873.4057  -7.481025  97.138153   0.000427   0.000497
1 42029U 17008CK  19027.03680219  .00001574  00000-0  65926-4 0  9990 | 2 42029  97.4258  95.5102 0006478 310.0937  49.9732 15.25010145107392 | 2019/01/27-00:52:59   43.6956    0.1238   50.0301   94.4256     6868.8920     6864.4423     6873.3416  -9.355113  96.975607   0.000453   0.000463
1 42029U 17008CK  19028.61157072 +.00001214 +00000-0 +51513-4 0  9999 | 2 42029 097.4256 097.0721 0006391 303.2943 056.7682 15.25012877107630 | 2019/01/28-14:40:39  250.6069    0.1238   56.8295   94.4254     6868.8838     6864.4939     6873.2737 -11.994869  96.684387   0.000487   0.000414
1 42029U 17008CK  19029.66141435  .00001192  00000-0  50642-4 0  9998 | 2 42029  97.4255  98.1133 0006341 298.7301  61.3299 15.25015607107796 | 2019/01/29-15:52:26  268.5467    0.1238   61.3937   94.4253     6868.8756     6864.5200     6873.2311 -13.749762  96.450361   0.000507   0.000380
1 42029U 17008CK  19030.90810132 +.00001192 +00000-0 +50640-4 0  9992 | 2 42029 097.4253 099.3497 0006297 293.3133 066.7442 15.25018868107986 | 2019/01/30-21:47:39  357.3489    0.1238   66.8105   94.4251     6868.8658     6864.5405     6873.1911 -15.827693  96.131021   0.000530   0.000340
1 42029U 17008CK  19032.48286044  .00001258  00000-0  53267-4 0  9997 | 2 42029  97.4251 100.9116 0006259 286.3213  73.7336 15.25023059108226 | 2019/02/01-11:35:19  204.2550    0.1238   73.8025   94.4248     6868.8532     6864.5540     6873.1524 -18.442011  95.663694   0.000557   0.000286
1 42029U 17008CK  19033.72954313  .00001049  00000-0  44895-4 0  9991 | 2 42029  97.4248 102.1480 0006237 280.8044  79.2492 15.25024485108416 | 2019/02/02-17:30:32  293.0545    0.1238   79.3194   94.4247     6868.8489     6864.5648     6873.1330 -20.501845  95.243194   0.000574   0.000243
1 42029U 17008CK  19034.84499279  .00001208  00000-0  51257-4 0  9997 | 2 42029  97.4246 103.2542 0006248 275.9111  84.1415 15.25028123108588 | 2019/02/03-20:16:47  334.6106    0.1238   84.2127   94.4245     6868.8380     6864.5463     6873.1296 -22.336708  94.829448   0.000590   0.000205
1 42029U 17008CK  19036.15728496  .00001110  00000-0  47309-4 0  9994 | 2 42029  97.4243 104.5556 0006251 269.9914  90.0608 15.25030721108781 | 2019/02/05-03:46:29   87.0282    0.1238   90.1324   94.4243     6868.8302     6864.5365     6873.1239 -24.484615  94.297391   0.000605   0.000157
1 42029U 17008CK  19037.40396004  .00001032  00000-0  44180-4 0  9996 | 2 42029  97.4241 105.7918 0006251 264.3551  95.6974 15.25033315108970 | 2019/02/06-09:41:42  175.8235    0.1238   95.7687   94.4242     6868.8224     6864.5287     6873.1161 -26.513241  93.747017   0.000615   0.000110
1 42029U 17008CK  19038.71624733  .00000963  00000-0  41424-4 0  9994 | 2 42029  97.4238 107.0931 0006288 258.4683 101.5849 15.25036086109175 | 2019/02/07-17:11:23  288.2384    0.1238  101.6555   94.4240     6868.8141     6864.4950     6873.1332 -28.635312  93.120437   0.000626   0.000061
1 42029U 17008CK  19039.83168931  .00000973  00000-0  41841-4 0  9995 | 2 42029  97.4236 108.1992 0006334 253.6576 106.3965 15.25038749109341 | 2019/02/08-19:57:37  329.7900    0.1237  106.4661   94.4238     6868.8061     6864.4554     6873.1568 -30.427500  92.550122   0.000633   0.000021
1 42029U 17008CK  19040.88151397  .00001214  00000-0  51474-4 0  9992 | 2 42029  97.4235 109.2402 0006371 249.0957 110.9599 15.25042847109507 | 2019/02/09-21:09:22  347.7191    0.1238  111.0281   94.4236     6868.7938     6864.4177     6873.1699 -32.103884  91.981949   0.000637  -0.000019
1 42029U 17008CK  19042.19379164  .00001395  00000-0  58688-4 0  9996 | 2 42029  97.4234 110.5416 0006453 243.3501 116.7076 15.25047646109707 | 2019/02/11-04:39:03  100.1290    0.1237  116.7736   94.4233     6868.7794     6864.3469     6873.2118 -34.184640  91.228993   0.000642  -0.000069
1 42029U 17008CK  19043.24361207  .00001519  00000-0  63668-4 0  9994 | 2 42029  97.4232 111.5825 0006518 238.8234 121.2366 15.25051357109868 | 2019/02/12-05:50:48  118.0559    0.1238  121.3004   94.4230     6868.7682     6864.2912     6873.2453 -35.836204  90.592750   0.000643  -0.000109
1 42029U 17008CK  19044.49027150  .00001449  00000-0  60840-4 0  9999 | 2 42029  97.4231 112.8186 0006592 233.4005 126.6626 15.25054538110055 | 2019/02/13-11:45:59  206.8429    0.1237  126.7232   94.4229     6868.7587     6864.2308     6873.2866 -37.782123  89.798505   0.000640  -0.000157
1 42029U 17008CK  19045.60570090  .00001446  00000-0  60732-4 0  9996 | 2 42029  97.4228 113.9244 0006673 228.6082 131.4583 15.25057884110221 | 2019/02/14-14:32:12  248.3877    0.1238  131.5156   94.4226     6868.7486     6864.1651     6873.3321 -39.507955  89.052363   0.000637  -0.000200
1 42029U 17008CK  19046.72113018  .00001112  00000-0  47378-4 0  9994 | 2 42029  97.4225 115.0304 0006745 224.0697 136.0003 15.25058685110396 | 2019/02/15-17:18:25  289.9321    0.1237  136.0540   94.4226     6868.7462     6864.1133     6873.3792 -41.219369  88.272913   0.000630  -0.000241
1 42029U 17008CK  19047.77094230  .00001175  00000-0  49877-4 0  9999 | 2 42029  97.4224 116.0715 0006857 220.1140 139.9592 15.25061880110550 | 2019/02/16-18:30:09  307.8549    0.1237  140.0097   94.4224     6868.7366     6864.0267     6873.4465 -42.816406  87.509310   0.000627  -0.000277
1 42029U 17008CK  19049.14881770  .00001255  00000-0  53057-4 0  9999 | 2 42029  97.4221 117.4377 0006973 214.8429 145.2353 15.25066120110765 | 2019/02/18-03:34:17   83.8770    0.1237  145.2808   94.4221     6868.7239     6863.9343     6873.5135 -44.890531  86.463320   0.000617  -0.000324
1 42029U 17008CK  19050.19862621  .00001282  00000-0  54148-4 0  9992 | 2 42029  97.4219 118.4785 0007067 210.6602 149.4224 15.25068926110925 | 2019/02/19-04:46:01  101.7976    0.1238  149.4636   94.4220     6868.7155     6863.8613     6873.5696 -46.453583  85.633470   0.000607  -0.000363
1 42029U 17008CK  19051.37965900  .00001276  00000-0  53888-4 0  9990 | 2 42029  97.4216 119.6495 0007180 206.1231 153.9645 15.25071812111103 | 2019/02/20-09:06:42  166.9575    0.1237  154.0006   94.4218     6868.7068     6863.7751     6873.6385 -48.193771  84.665982   0.000594  -0.000404
1 42029U 17008CK  19052.49507658 +.00001207 +00000-0 +51144-4 0  9993 | 2 42029 097.4215 120.7553 0007286 201.7801 158.3128 15.25074318111278 | 2019/02/21-11:52:54  208.4961    0.1237  158.3436   94.4216     6868.6993     6863.6947     6873.7038 -49.818684  83.720054   0.000578  -0.000443
1 42029U 17008CK  19053.80733059  .00001142  00000-0  48523-4 0  9990 | 2 42029  97.4213 122.0563 0007394 196.9178 163.1814 15.25076892111471 | 2019/02/22-19:22:33  320.8937    0.1237  163.2059   94.4215     6868.6916     6863.6128     6873.7703 -51.706581  82.567180   0.000558  -0.000485
1 42029U 17008CK  19055.18519493  .00001045  00000-0  44666-4 0  9993 | 2 42029  97.4210 123.4223 0007546 191.8954 168.2107 15.25079369111687 | 2019/02/24-04:26:40   96.9100    0.1238  168.2284   94.4213     6868.6841     6863.5010     6873.8672 -53.660035  81.310835   0.000537  -0.000531
1 42029U 17008CK  19056.36622014  .00000954  00000-0  40995-4 0  9997 | 2 42029  97.4209 124.5931 0007656 187.7189 172.3932 15.25081216111865 | 2019/02/25-08:47:21  162.0664    0.1237  172.4048   94.4212     6868.6786     6863.4199     6873.9372 -55.310191  80.197347   0.000515  -0.000566
1 42029U 17008CK  19057.67846801  .00001063  00000-0  45342-4 0  9997 | 2 42029  97.4207 125.8940 0007789 182.9443 177.1750 15.25084388112061 | 2019/02/26-16:16:59  274.4609    0.1237  177.1794   94.4210     6868.6690     6863.3190     6874.0191 -57.116541  78.920805   0.000488  -0.000607
1 42029U 17008CK  19058.79387712  .00001110  00000-0  47228-4 0  9990 | 2 42029  97.4205 126.9997 0007904 179.0508 181.0746 15.25086759112233 | 2019/02/27-19:03:10  315.9958    0.1237  181.0729   94.4209     6868.6619     6863.2329     6874.0909 -58.628713  77.803778   0.000465  -0.000639
1 42029U 17008CK  19059.84367123 +.00001286 +00000-0 +54260-4 0  9999 | 2 42029 097.4203 128.0404 0008011 175.5414 184.5896 15.25090095112393 | 2019/02/28-20:14:53  333.9101    0.1237  184.5823   94.4207     6868.6519     6863.1494     6874.1544 -60.032041  76.725934   0.000443  -0.000667
1 42029U 17008CK  19061.35274770 +.00001272 +00000-0 +53709-4 0  9995 | 2 42029 097.4202 129.5362 0008194 170.4342 189.7054 15.25093445112628 | 2019/03/02-08:27:57  157.1607    0.1238  189.6896   94.4204     6868.6419     6863.0137     6874.2700 -62.014349  75.132655   0.000409  -0.000710
1 42029U 17008CK  19062.86182029  .00001295  00000-0  54589-4 0  9999 | 2 42029  97.4199 131.0321 0008325 165.5426 194.6052 15.25097310112853 | 2019/03/03-20:41:01  340.4101    0.1238  194.5812   94.4202     6868.6302     6862.9121     6874.3484 -63.954387  73.487913   0.000372  -0.000745
1 42029U 17008CK  19064.17405377  .00001156  00000-0  49043-4 0  9994 | 2 42029  97.4196 132.3327 0008452 161.3438 198.8112 15.25100205113052 | 2019/03/05-04:10:38   92.7998    0.1238  198.7800   94.4200     6868.6216     6862.8162     6874.4269 -65.605722  72.017134   0.000339  -0.000774
1 42029U 17008CK  19065.42067185  .00001305  00000-0  54979-4 0  9994 | 2 42029  97.4193 133.5684 0008570 157.1703 202.9917 15.25104724113248 | 2019/03/06-10:05:46  181.5683    0.1237  202.9534   94.4197     6868.6080     6862.7216     6874.4944 -67.143334  70.585358   0.000303  -0.000801
1 42029U 17008CK  19066.99534144  .00001600  00000-0  66741-4 0  9999 | 2 42029  97.4189 135.1291 0008677 152.1486 208.0218 15.25111406113488 | 2019/03/07-23:53:17   28.4323    0.1237  207.9751   94.4193     6868.5879     6862.6280     6874.5478 -69.040604  68.730176   0.000258  -0.000829
1 42029U 17008CK  19068.17634091  .00001568  00000-0  65475-4 0  9999 | 2 42029  97.4187 136.2997 0008768 148.4584 211.7181 15.25115027113662 | 2019/03/09-04:13:55   93.5795    0.1237  211.6653   94.4191     6868.5771     6862.5547     6874.5994 -70.430167  67.305235   0.000223  -0.000848
1 42029U 17008CK  19069.42294708  .00001996  00000-0  82533-4 0  9994 | 2 42029  97.4186 137.5352 0008896 144.7685 215.4143 15.25121541113851 | 2019/03/10-10:09:02  182.3446    0.1238  215.3553   94.4187     6868.5575     6862.4472     6874.6678 -71.864946  65.770914   0.000190  -0.000869
1 42029U 17008CK  19070.80077263  .00001311  00000-0  55173-4 0  9994 | 2 42029  97.4184 138.9008 0009031 140.6278 219.5618 15.25122384114069 | 2019/03/11-19:13:06  318.3475    0.1237  219.4959   94.4187     6868.5550     6862.3520     6874.7580 -73.411834  64.039420   0.000149  -0.000891
1 42029U 17008CK  19072.17859478  .00001445  00000-0  60510-4 0  9991 | 2 42029  97.4181 140.2662 0009125 136.4327 223.7633 15.25127034114274 | 2019/03/13-04:17:10   94.3497    0.1237  223.6910   94.4184     6868.5410     6862.2735     6874.8085 -74.916720  62.271753   0.000106  -0.000906
1 42029U 17008CK  19073.35958009  .00001621  00000-0  67549-4 0  9997 | 2 42029  97.4179 141.4367 0009201 132.7888 227.4125 15.25132071114456 | 2019/03/14-08:37:47  159.4926    0.1237  227.3349   94.4181     6868.5259     6862.2061     6874.8456 -76.172997  60.728261   0.000068  -0.000918
1 42029U 17008CK  19074.40934313  .00001648  00000-0  68590-4 0  9992 | 2 42029  97.4177 142.4771 0009271 129.5971 230.6087 15.25135522114613 | 2019/03/15-09:49:27  177.3971    0.1238  230.5267   94.4178     6868.5155     6862.1477     6874.8833 -77.262949  59.335023   0.000034  -0.000926
1 42029U 17008CK  19075.78715473  .00001471  00000-0  61528-4 0  9996 | 2 42029  97.4174 143.8426 0009343 125.4611 234.7500 15.25138586114829 | 2019/03/16-18:53:30  313.3965    0.1237  234.6626   94.4176     6868.5063     6862.0891     6874.9236 -78.654732  57.476804  -0.000011  -0.000934
1 42029U 17008CK  19077.16496056  .00001513  00000-0  63219-4 0  9999 | 2 42029  97.4172 145.2079 0009417 121.7085 238.5072 15.25143535115033 | 2019/03/18-03:57:32   89.3948    0.1237  238.4152   94.4173     6868.4915     6862.0234     6874.9595 -80.001722  55.586288  -0.000051  -0.000940
1 42029U 17008CK  19078.54276415 +.00001285 +00000-0 +54107-4 0  9999 | 2 42029 097.4170 146.5733 0009489 117.5515 242.6688 15.25146423115243 | 2019/03/19-13:01:34  225.3921    0.1238  242.5723   94.4172     6868.4828     6861.9653     6875.0003 -81.303376  53.664076  -0.000097  -0.000944
1 42029U 17008CK  19079.85495464 +.00001193 +00000-0 +50416-4 0  9998 | 2 42029 097.4167 147.8737 0009537 113.7317 246.4922 15.25149597115449 | 2019/03/20-20:31:08  337.7700    0.1237  246.3920   94.4170     6868.4733     6861.9228     6875.0237 -82.500051  51.804971  -0.000139  -0.000943
1 42029U 17008CK  19081.16714240  .00001146  00000-0  48572-4 0  9999 | 2 42029  97.4165 149.1739 0009564 109.8510 250.3760 15.25152891115642 | 2019/03/22-04:00:41   90.1477    0.1238  250.2728   94.4168     6868.4634     6861.8944     6875.0324 -83.654136  49.919536  -0.000182  -0.000939
1 42029U 17008CK  19082.93858944 +.00001367 +00000-0 +57341-4 0  9994 | 2 42029 097.4162 150.9294 0009594 104.6934 255.5367 15.25159052115917 | 2019/03/23-22:31:34    7.8560    0.1237  255.4303   94.4164     6868.4449     6861.8553     6875.0345 -85.143869  47.333261  -0.000238  -0.000929
1 42029U 17008CK  19084.84124889  .00001680  00000-0  69820-4 0  9993 | 2 42029  97.4159 152.8145 0009609  99.0969 261.1357 15.25165854116203 | 2019/03/25-20:11:23  332.8012    0.1238  261.0269   94.4160     6868.4245     6861.8246     6875.0243 -86.654563  44.506677  -0.000298  -0.000913
1 42029U 17008CK  19085.89098962 +.00001618 +00000-0 +67337-4 0  9993 | 2 42029 097.4158 153.8546 0009625 096.1155 264.1180 15.25168305116369 | 2019/03/26-21:23:01  350.7015    0.1238  264.0083   94.4158     6868.4171     6861.8062     6875.0279 -87.448088  42.926332  -0.000330  -0.000904
1 42029U 17008CK  19086.94072608 +.00001691 +00000-0 +70225-4 0  9990 | 2 42029 097.4156 154.8948 0009633 093.1189 267.1151 15.25172529116529 | 2019/03/27-22:34:38    8.6006    0.1238  267.0049   94.4155     6868.4044     6861.7881     6875.0207 -88.212777  41.331647  -0.000361  -0.000893
1 42029U 17008CK  19088.38411125 +.00001713 +00000-0 +71118-4 0  9998 | 2 42029 097.4154 156.3250 0009613 089.0706 271.1633 15.25176786116740 | 2019/03/29-09:13:07  168.2118    0.1238  271.0532   94.4153     6868.3916     6861.7890     6874.9942 -89.216714  39.116979  -0.000400  -0.000874
1 42029U 17008CK  19089.82749346  .00001445  00000-0  60408-4 0  9999 | 2 42029  97.4152 157.7550 0009583  84.8053 275.4278 15.25179434116969 | 2019/03/30-19:51:35  327.8229    0.1238  275.3185   94.4151     6868.3837     6861.8017     6874.9657 -90.164932  36.878263  -0.000442  -0.000850
1 42029U 17008CK  19090.87722324  .00001186  00000-0  50127-4 0  9992 | 2 42029  97.4151 158.7951 0009563  81.8652 278.3670 15.25181349117129 | 2019/03/31-21:03:12  345.7211    0.1238  278.2586   94.4150     6868.3779     6861.8097     6874.9462 -90.819403  35.235461  -0.000469  -0.000834
1 42029U 17008CK  19091.92695101 +.00001179 +00000-0 +49826-4 0  9997 | 2 42029 097.4149 159.8350 0009531 078.7659 281.4650 15.25184147117287 | 2019/04/01-22:14:48    3.6191    0.1238  281.3579   94.4148     6868.3695     6861.8233     6874.9158 -91.443735  33.581336  -0.000497  -0.000814
1 42029U 17008CK  19093.82957786  .00001250  00000-0  52659-4 0  9996 | 2 42029  97.4146 161.7200 0009460  73.1516 287.0759 15.25189399117570 | 2019/04/03-19:54:35  328.5585    0.1238  286.9722   94.4145     6868.3538     6861.8563     6874.8512 -92.498575  30.555163  -0.000544  -0.000774
1 42029U 17008CK  19094.87929964  .00001395  00000-0  58410-4 0  9990 | 2 42029  97.4144 162.7600 0009421  70.1039 290.1214 15.25193060117736 | 2019/04/04-21:06:11  346.4552    0.1239  290.0200   94.4143     6868.3428     6861.8721     6874.8134 -93.037735  28.871182  -0.000569  -0.000751
1 42029U 17008CK  19096.19144860  .00001491  00000-0  62245-4 0  9999 | 2 42029  97.4142 164.0599 0009352  66.2742 293.9476 15.25197387117935 | 2019/04/06-04:35:41   98.8258    0.1238  293.8496   94.4140     6868.3298     6861.9065     6874.7530 -93.668559  26.753081  -0.000597  -0.000720
1 42029U 17008CK  19097.76602332  .00001348  00000-0  56548-4 0  9996 | 2 42029  97.4139 165.6198 0009271  61.6027 298.6145 15.25201342118177 | 2019/04/07-18:23:04  305.6693    0.1239  298.5212   94.4138     6868.3179     6861.9503     6874.6855 -94.361829  24.193244  -0.000630  -0.000680
1 42029U 17008CK  19098.94695021 +.00001349 +00000-0 +56563-4 0  9992 | 2 42029 097.4138 166.7896 0009211 058.0716 302.1417 15.25205093118352 | 2019/04/08-22:43:36   10.8011    0.1239  302.0523   94.4135     6868.3066     6861.9803     6874.6330 -94.835981  22.261740  -0.000653  -0.000650
1 42029U 17008CK  19100.19347992  .00001637  00000-0  68014-4 0  9998 | 2 42029  97.4136 168.0246 0009121  54.3040 305.9046 15.25210984118548 | 2019/04/10-04:38:36   99.5501    0.1239  305.8199   94.4132     6868.2890     6862.0244     6874.5535 -95.293566  20.212514  -0.000674  -0.000614
1 42029U 17008CK  19101.63682519  .00001766  00000-0  73130-4 0  9993 | 2 42029  97.4134 169.4544 0009012  49.9965 310.2062 15.25216960118768 | 2019/04/11-15:17:01  259.1532    0.1238  310.1273   94.4128     6868.2710     6862.0813     6874.4607 -95.768045  17.828407  -0.000696  -0.000573
1 42029U 17008CK  19102.68652765  .00001774  00000-0  73451-4 0  9994 | 2 42029  97.4134 170.4944 0008929  46.6980 313.5001 15.25220867118929 | 2019/04/12-16:28:35  277.0453    0.1238  313.4258   94.4126     6868.2593     6862.1266     6874.3920 -96.075862  16.087239  -0.000711  -0.000540
1 42029U 17008CK  19104.12986451  .00001629  00000-0  67670-4 0  9992 | 2 42029  97.4132 171.9241 0008797  42.3647 317.8269 15.25225375119146 | 2019/04/14-03:07:00   76.6460    0.1239  317.7592   94.4123     6868.2458     6862.2038     6874.2878 -96.447137  13.685073  -0.000727  -0.000496
1 42029U 17008CK  19105.17956146  .00001429  00000-0  59715-4 0  9995 | 2 42029  97.4130 172.9639 0008687  39.1502 321.0363 15.25228027119305 | 2019/04/15-04:18:34   94.5368    0.1239  320.9737   94.4121     6868.2378     6862.2714     6874.2042 -96.679399  11.932575  -0.000736  -0.000462
1 42029U 17008CK  19106.36046793  .00001202  00000-0  50688-4 0  9994 | 2 42029  97.4129 174.1338 0008577  35.5269 324.6539 15.25230718119484 | 2019/04/16-08:39:04  159.6629    0.1239  324.5970   94.4119     6868.2297     6862.3388     6874.1206 -96.902776   9.956156  -0.000745  -0.000424
1 42029U 17008CK  19107.80379446 +.00001168 +00000-0 +49331-4 0  9992 | 2 42029 097.4125 175.5633 0008435 030.7781 329.3950 15.25234904119707 | 2019/04/17-19:17:27  319.2613    0.1238  329.3457   94.4117     6868.2172     6862.4238     6874.0105 -97.120594   7.535603  -0.000756  -0.000374
1 42029U 17008CK  19109.77196172  .00001126  00000-0  47666-4 0  9996 | 2 42029  97.4122 177.5129 0008231  24.4171 335.7455 15.25240061120000 | 2019/04/19-18:31:37  307.8023    0.1238  335.7067   94.4114     6868.2017     6862.5485     6873.8549 -97.320439   4.227149  -0.000764  -0.000307
1 42029U 17008CK  19111.21528044  .00001130  00000-0  47790-4 0  9998 | 2 42029  97.4120 178.9425 0008091  19.6931 340.4618 15.25243729120228 | 2019/04/21-05:10:00  107.3977    0.1239  340.4308   94.4111     6868.1907     6862.6336     6873.7477 -97.395409   1.797817  -0.000767  -0.000259
1 42029U 17008CK  19112.72420159  .00001097  00000-0  46497-4 0  9998 | 2 42029  97.4118 180.4370 0007934  14.6562 345.4905 15.25247101120459 | 2019/04/22-17:22:51  290.6103    0.1239  345.4677   94.4109     6868.1805     6862.7313     6873.6298 -97.408967  -0.742961  -0.000766  -0.000207
1 42029U 17008CK  19113.77388396  .00001064  00000-0  45185-4 0  9997 | 2 42029  97.4117 181.4768 0007823  11.0747 349.0661 15.25249306120619 | 2019/04/23-18:34:23  308.4967    0.1238  349.0491   94.4108     6868.1739     6862.8009     6873.5469 -97.379344  -2.510511  -0.000764  -0.000170
1 42029U 17008CK  19115.15158892  .00001182  00000-0  49876-4 0  9999 | 2 42029  97.4116 182.8413 0007687   6.3542 353.7792 15.25253196120820 | 2019/04/25-03:38:17   84.4713    0.1238  353.7696   94.4106     6868.1622     6862.8827     6873.4418 -97.291849  -4.828665  -0.000759  -0.000123
1 42029U 17008CK  19116.72610625  .00001075  00000-0  45602-4 0  9994 | 2 42029  97.4114 184.4007 0007513   0.8371 359.2878 15.25256113121067 | 2019/04/26-17:25:35  291.2985    0.1238  359.2867   94.4104     6868.1535     6862.9934     6873.3135 -97.124213  -7.474495  -0.000748  -0.000069
1 42029U 17008CK  19117.77578094  .00001025  00000-0  43609-4 0  9993 | 2 42029  97.4112 185.4403 0007410 357.0585   3.0608 15.25258689121229 | 2019/04/27-18:37:07  309.1820    0.1238    3.0653   94.4102     6868.1458     6863.0565     6873.2350 -96.972414  -9.235413  -0.000740  -0.000032
1 42029U 17008CK  19119.15347525  .00001357  00000-0  56801-4 0  9996 | 2 42029  97.4112 186.8050 0007300 351.7366   8.3750 15.25264489121432 | 2019/04/29-03:41:00   85.1529    0.1238    8.3872   94.4099     6868.1283     6863.1146     6873.1421 -96.724955 -11.542314  -0.000730   0.000019
1 42029U 17008CK  19120.72798052  .00001312  00000-0  55030-4 0  9990 | 2 42029  97.4111 188.3643 0007102 345.8580  14.2458 15.25268443121679 | 2019/04/30-17:28:17  291.9752    0.1238   14.2658   94.4096     6868.1165     6863.2387     6872.9942 -96.374954 -14.170062  -0.000707   0.000071
1 42029U 17008CK  19121.77764850  .00001321  00000-0  55361-4 0  9992 | 2 42029  97.4109 189.4039 0006988 341.8136  18.2851 15.25271253121833 | 2019/05/01-18:39:48  309.8558    0.1238   18.3102   94.4094     6868.1080     6863.3086     6872.9075 -96.101799 -15.916270  -0.000691   0.000107
1 42029U 17008CK  19123.15533338  .00001432  00000-0  59761-4 0  9992 | 2 42029  97.4108 190.7683 0006841 336.6169  23.4756 15.25275894122049 | 2019/05/03-03:43:40   85.8221    0.1238   23.5069   94.4091     6868.0941     6863.3956     6872.7926 -95.695471 -18.200021  -0.000668   0.000149
1 42029U 17008CK  19124.40180409  .00001704  00000-0  70573-4 0  9994 | 2 42029  97.4106 192.0026 0006714 331.6649  28.4223 15.25281928122230 | 2019/05/04-09:38:35  174.5511    0.1238   28.4589   94.4088     6868.0760     6863.4648     6872.6872 -95.281026 -20.257126  -0.000644   0.000189
1 42029U 17008CK  19125.77947887  .00001679  00000-0  69570-4 0  9992 | 2 42029  97.4105 193.3672 0006623 325.8098  34.2713 15.25286882122448 | 2019/05/05-18:42:26  310.5134    0.1239   34.3141   94.4085     6868.0611     6863.5124     6872.6098 -94.771492 -22.520429  -0.000619   0.000235
1 42029U 17008CK  19127.15714983  .00001471  00000-0  61314-4 0  9993 | 2 42029  97.4104 194.7315 0006510 320.1678  39.9081 15.25291186122659 | 2019/05/07-03:46:17   86.4738    0.1238   39.9560   94.4082     6868.0482     6863.5771     6872.5193 -94.208335 -24.770460  -0.000590   0.000276
1 42029U 17008CK  19128.46921453  .00001269  00000-0  53262-4 0  9998 | 2 42029  97.4103 196.0309 0006384 314.5828  45.4889 15.25294373122850 | 2019/05/08-11:15:40  198.8151    0.1239   45.5411   94.4080     6868.0386     6863.6541     6872.4232 -93.622296 -26.900413  -0.000556   0.000313
1 42029U 17008CK  19129.71567323  .00001239  00000-0  52063-4 0  9994 | 2 42029  97.4101 197.2653 0006300 309.1114  50.9563 15.25297916123047 | 2019/05/09-17:10:34  287.5384    0.1238   51.0124   94.4078     6868.0280     6863.7011     6872.3549 -93.020871 -28.910985  -0.000525   0.000349
1 42029U 17008CK  19130.76532059  .00001151  00000-0  48559-4 0  9997 | 2 42029  97.4100 198.3049 0006248 304.7512  55.3138 15.25300396123203 | 2019/05/10-18:22:03  305.4091    0.1239   55.3727   94.4076     6868.0206     6863.7294     6872.3117 -92.480920 -30.593914  -0.000499   0.000376
1 42029U 17008CK  19132.14297857  .00001550  00000-0  64396-4 0  9995 | 2 42029  97.4099 199.6692 0006172 298.6228  61.4389 15.25306578123416 | 2019/05/12-03:25:53   81.3629    0.1238   61.5010   94.4073     6868.0020     6863.7631     6872.2409 -91.726190 -32.787112  -0.000461   0.000411
1 42029U 17008CK  19133.19262065  .00001319  00000-0  55240-4 0  9995 | 2 42029  97.4098 200.7087 0006134 293.8937  66.1658 15.25308474123574 | 2019/05/13-04:37:22   99.2313    0.1238   66.2301   94.4071     6867.9963     6863.7835     6872.2091 -91.116187 -34.445750  -0.000431   0.000437
1 42029U 17008CK  19134.24225935  .00001641  00000-0  68028-4 0  9993 | 2 42029  97.4097 201.7481 0006104 289.1969  70.8608 15.25313814123731 | 2019/05/14-05:48:51  117.0982    0.1238   70.9269   94.4068     6867.9803     6863.7881     6872.1725 -90.476257 -36.092889  -0.000400   0.000461
1 42029U 17008CK  19135.42309903  .00001846  00000-0  76153-4 0  9997 | 2 42029  97.4097 202.9175 0006072 283.8456  76.2106 15.25319437123910 | 2019/05/15-10:09:15  182.1965    0.1238   76.2782   94.4065     6867.9634     6863.7932     6872.1336 -89.720813 -37.931853  -0.000363   0.000486
1 42029U 17008CK  19137.12875244  .00001379  00000-0  57590-4 0  9997 | 2 42029  97.4095 204.6066 0006049 276.0705  83.9843 15.25323051124170 | 2019/05/17-03:05:24   76.2252    0.1237   84.0532   94.4062     6867.9525     6863.7981     6872.1070 -88.563563 -40.559906  -0.000309   0.000520
1 42029U 17008CK  19138.17838175  .00001289  00000-0  54032-4 0  9993 | 2 42029  97.4093 205.6464 0006066 271.3665  88.6878 15.25326415124338 | 2019/05/18-04:16:52   94.0870    0.1238   88.7573   94.4060     6867.9424     6863.7764     6872.1085 -87.812761 -42.160298  -0.000276   0.000540
1 42029U 17008CK  19139.42481141  .00001436  00000-0  59855-4 0  9991 | 2 42029  97.4093 206.8807 0006082 265.6223  94.4320 15.25332174124523 | 2019/05/19-10:11:43  182.7959    0.1238   94.5015   94.4057     6867.9252     6863.7481     6872.1022 -86.884214 -44.042084  -0.000233   0.000562
1 42029U 17008CK  19140.67123934  .00001484  00000-0  61735-4 0  9996 | 2 42029  97.4092 208.1149 0006093 259.9199 100.1352 15.25336765124717 | 2019/05/20-16:06:35  271.5035    0.1238  100.2039   94.4054     6867.9114     6863.7268     6872.0960 -85.915338 -45.903235  -0.000189   0.000579
1 42029U 17008CK  19141.85206423  .00001154  00000-0  48655-4 0  9992 | 2 42029  97.4090 209.2843 0006136 254.6093 105.4467 15.25338520124896 | 2019/05/21-20:26:58  336.5941    0.1238  105.5145   94.4053     6867.9061     6863.6920     6872.1203 -84.960455 -47.646976  -0.000147   0.000596
1 42029U 17008CK  19143.16408783  .00001180  00000-0  49669-4 0  9996 | 2 42029  97.4090 210.5834 0006198 248.5674 111.4903 15.25342743125093 | 2019/05/23-03:56:17   88.9149    0.1238  111.5564   94.4050     6867.8934     6863.6367     6872.1502 -83.858383 -49.560922  -0.000099   0.000612
1 42029U 17008CK  19144.73851358  .00001117  00000-0  47177-4 0  9992 | 2 42029  97.4089 212.1424 0006270 241.6246 118.4361 15.25346525125338 | 2019/05/24-17:43:27  295.6980    0.1239  118.4993   94.4048     6867.8821     6863.5759     6872.1882 -82.478886 -51.824001  -0.000041   0.000626
1 42029U 17008CK  19145.91933155 +.00000913 +00000-0 +39069-4 0  9993 | 2 42029 097.4088 213.3116 0006353 236.4839 123.5793 15.25347958125517 | 2019/05/25-22:03:50    0.7847    0.1238  123.6399   94.4047     6867.8778     6863.5146     6872.2409 -81.404163 -53.496136   0.000002   0.000635
1 42029U 17008CK  19147.49375232  .00001085  00000-0  45872-4 0  9994 | 2 42029  97.4087 214.8706 0006466 229.7723 130.2950 15.25352260125757 | 2019/05/27-11:51:00  207.5649    0.1238  130.3515   94.4044     6867.8649     6863.4241     6872.3056 -79.918515 -55.690985   0.000060   0.000644
1 42029U 17008CK  19149.13377121  .00000971  00000-0  41363-4 0  9990 | 2 42029  97.4085 216.4945 0006587 222.8914 137.1811 15.25354772126009 | 2019/05/29-03:12:37   77.9591    0.1238  137.2324   94.4043     6867.8573     6863.3335     6872.3812 -78.308053 -57.933279   0.000121   0.000647
1 42029U 17008CK  19150.18338066  .00001214  00000-0  51000-4 0  9992 | 2 42029  97.4085 217.5339 0006677 218.6993 141.3767 15.25358371126161 | 2019/05/30-04:24:04   95.8101    0.1237  141.4244   94.4040     6867.8465     6863.2609     6872.4322 -77.244260 -59.344251   0.000159   0.000649
1 42029U 17008CK  19151.49539070  .00001040  00000-0  44091-4 0  9994 | 2 42029  97.4085 218.8331 0006806 213.3381 146.7429 15.25360287126369 | 2019/05/31-11:53:21  208.1227    0.1237  146.7856   94.4039     6867.8408     6863.1665     6872.5150 -75.878868 -61.080383   0.000208   0.000648
1 42029U 17008CK  19152.74179829  .00000891  00000-0  38162-4 0  9990 | 2 42029  97.4085 220.0673 0006918 208.4354 151.6507 15.25362156126552 | 2019/06/01-17:48:11  296.8187    0.1237  151.6883   94.4038     6867.8352     6863.0840     6872.5863 -74.545643 -62.700582   0.000254   0.000644
1 42029U 17008CK  19154.18500439  .00000810  00000-0  34970-4 0  9999 | 2 42029  97.4083 221.4964 0007072 202.8738 157.2186 15.25364874126772 | 2019/06/03-04:26:24   96.3599    0.1238  157.2500   94.4036     6867.8270     6862.9701     6872.6839 -72.958559 -64.540108   0.000306   0.000638
1 42029U 17008CK  19155.43140760  .00000834  00000-0  35890-4 0  9993 | 2 42029  97.4083 222.7306 0007205 198.1888 161.9093 15.25367571126964 | 2019/06/04-10:21:13  185.0537    0.1237  161.9349   94.4035     6867.8189     6862.8706     6872.7672 -71.551491 -66.096604   0.000350   0.000630
1 42029U 17008CK  19156.74340793 +.00000980 +00000-0 +41669-4 0  9999 | 2 42029 097.4083 224.0298 0007332 193.3857 166.7188 15.25371204127162 | 2019/06/05-17:50:30  297.3614    0.1238  166.7381   94.4033     6867.8080     6862.7725     6872.8435 -70.034464 -67.701926   0.000395   0.000618
1 42029U 17008CK  19158.18660246  .00001276  00000-0  53413-4 0  9996 | 2 42029  97.4081 225.4588 0007500 188.1655 171.9462 15.25376913127381 | 2019/06/07-04:28:42   96.8977    0.1237  171.9582   94.4029     6867.7909     6862.6400     6872.9417 -68.324181 -69.427259   0.000445   0.000604
1 42029U 17008CK  19159.43299542  .00001366  00000-0  56947-4 0  9997 | 2 42029  97.4082 226.6929 0007637 183.6923 176.4260 15.25380969127576 | 2019/06/08-10:23:30  185.5870    0.1238  176.4315   94.4026     6867.7787     6862.5338     6873.0236 -66.813115 -70.882756   0.000487   0.000588
1 42029U 17008CK  19160.74498299  .00001743  00000-0  71882-4 0  9997 | 2 42029  97.4081 227.9921 0007776 179.0249 181.1006 15.25387454127774 | 2019/06/09-17:52:46  297.8893    0.1238  181.0989   94.4022     6867.7592     6862.4189     6873.0996 -65.188721 -72.379338   0.000530   0.000569
1 42029U 17008CK  19162.64736247  .00001284  00000-0  53676-4 0  9997 | 2 42029  97.4079 229.8758 0007965 172.4567 187.6792 15.25390510128063 | 2019/06/11-15:32:12  262.7269    0.1237  187.6670   94.4021     6867.7501     6862.2799     6873.2202 -62.774195 -74.482880   0.000589   0.000536
1 42029U 17008CK  19163.69694776  .00001223  00000-0  51264-4 0  9997 | 2 42029  97.4078 230.9152 0008092 168.8533 191.2886 15.25393171128226 | 2019/06/12-16:43:36  280.5667    0.1238  191.2705   94.4019     6867.7421     6862.1847     6873.2994 -61.412687 -75.609268   0.000622   0.000518
1 42029U 17008CK  19164.74653045  .00001375  00000-0  57294-4 0  9995 | 2 42029  97.4079 231.9545 0008167 165.5123 194.6350 15.25397091128381 | 2019/06/13-17:55:00  298.4063    0.1237  194.6114   94.4016     6867.7303     6862.1214     6873.3392 -60.031228 -76.710825   0.000648   0.000497
1 42029U 17008CK  19165.86171178  .00001248  00000-0  52263-4 0  9991 | 2 42029  97.4076 233.0589 0008301 161.7163 198.4375 15.25399073128551 | 2019/06/14-20:40:51  339.8598    0.1237  198.4074   94.4015     6867.7244     6862.0235     6873.4253 -58.541355 -77.853390   0.000682   0.000473
1 42029U 17008CK  19167.17368471  .00001324  00000-0  55265-4 0  9991 | 2 42029  97.4076 234.3578 0008477 157.8762 202.2844 15.25403328128754 | 2019/06/16-04:10:06   92.1575    0.1238  202.2476   94.4013     6867.7116     6861.8898     6873.5333 -56.761521 -79.160409   0.000717   0.000452
1 42029U 17008CK  19168.42005568  .00001589  00000-0  65718-4 0  9992 | 2 42029  97.4076 235.5917 0008599 153.8661 206.3013 15.25408548128946 | 2019/06/17-10:04:52  180.8389    0.1238  206.2577   94.4009     6867.6959     6861.7904     6873.6014 -55.043722 -80.364353   0.000749   0.000423
1 42029U 17008CK  19169.73202323  .00001372  00000-0  57134-4 0  9998 | 2 42029  97.4075 236.8907 0008743 149.7618 210.4126 15.25411078129141 | 2019/06/18-17:34:06  293.1343    0.1237  210.3619   94.4008     6867.6883     6861.6839     6873.6927 -53.207671 -81.591451   0.000781   0.000392
1 42029U 17008CK  19171.17518401  .00001252  00000-0  52383-4 0  9994 | 2 42029  97.4075 238.3196 0008873 145.3710 214.8107 15.25414415129366 | 2019/06/20-04:12:15   92.6584    0.1237  214.7527   94.4006     6867.6783     6861.5846     6873.7720 -51.156526 -82.892888   0.000813   0.000357
1 42029U 17008CK  19172.81513580  .00001158  00000-0  48653-4 0  9999 | 2 42029  97.4075 239.9436 0008985 140.2655 219.9242 15.25417992129613 | 2019/06/21-19:33:47  323.0255    0.1237  219.8582   94.4004     6867.6676     6861.4970     6873.8382 -48.786765 -84.309386   0.000843   0.000310
1 42029U 17008CK  19174.19269143  .00001194  00000-0  50080-4 0  9992 | 2 42029  97.4074 241.3075 0009095 136.2074 223.9887 15.25421519129824 | 2019/06/23-04:37:28   98.9330    0.1238  223.9164   94.4001     6867.6570     6861.4109     6873.9031 -46.766138 -85.446650   0.000867   0.000274
1 42029U 17008CK  19175.43904939  .00001125  00000-0  47339-4 0  9996 | 2 42029  97.4074 242.5416 0009187 132.5890 227.6125 15.25423981130017 | 2019/06/24-10:32:13  187.6108    0.1238  227.5348   94.4000     6867.6496     6861.3403     6873.9589 -44.914988 -86.434053   0.000887   0.000240
1 42029U 17008CK  19176.81660106  .00001000  00000-0  42405-4 0  9995 | 2 42029  97.4075 243.9057 0009239 128.3741 231.8328 15.25426154130220 | 2019/06/25-19:35:54  323.5177    0.1237  231.7496   94.3998     6867.6431     6861.2981     6873.9881 -42.844672 -87.478884   0.000903   0.000197
1 42029U 17008CK  19177.86616292 +.00000869 +00000-0 +37198-4 0  9993 | 2 42029 097.4073 244.9448 0009335 125.4674 234.7437 15.25427396130382 | 2019/06/26-20:47:16  341.3512    0.1238  234.6564   94.3998     6867.6393     6861.2284     6874.0503 -41.251137 -88.241293   0.000918   0.000169
1 42029U 17008CK  19179.17811386  .00000746  00000-0  32345-4 0  9993 | 2 42029  97.4072 246.2437 0009393 121.6177 238.5978 15.25428952130587 | 2019/06/28-04:16:29   93.6433    0.1237  238.5060   94.3997     6867.6347     6861.1839     6874.0854 -39.240231 -89.153614   0.000930   0.000128
1 42029U 17008CK  19180.42446579  .00000658  00000-0  28879-4 0  9990 | 2 42029  97.4071 247.4776 0009483 118.1586 242.0611 15.25430244130772 | 2019/06/29-10:11:13  182.3204    0.1238  241.9652   94.3996     6867.6308     6861.1182     6874.1434 -37.311263 -89.977846   0.000944   0.000093
1 42029U 17008CK  19181.80201081  .00000657  00000-0  28812-4 0  9996 | 2 42029  97.4071 248.8417 0009532 114.0895 246.1341 15.25432160130989 | 2019/06/30-19:14:53  318.2264    0.1238  246.0343   94.3995     6867.6250     6861.0788     6874.1713 -35.158696 -90.840570   0.000952   0.000049
1 42029U 17008CK  19182.85156664  .00000779  00000-0  33632-4 0  9999 | 2 42029  97.4071 249.8809 0009555 111.0590 249.1671 15.25434650131143 | 2019/07/01-20:26:15  336.0593    0.1238  249.0648   94.3993     6867.6176     6861.0556     6874.1796 -33.505386 -91.463284   0.000955   0.000016
1 42029U 17008CK  19184.16350973  .00000823  00000-0  35368-4 0  9992 | 2 42029  97.4070 251.1798 0009588 107.2470 252.9818 15.25437246131346 | 2019/07/03-03:55:27   88.3503    0.1238  252.8768   94.3992     6867.6098     6861.0251     6874.1944 -31.423442 -92.199192   0.000958  -0.000026
1 42029U 17008CK  19185.40985349  .00000969  00000-0  41147-4 0  9994 | 2 42029  97.4070 252.4138 0009619 103.6171 256.6139 15.25440329131535 | 2019/07/04-09:50:11  177.0263    0.1238  256.5067   94.3990     6867.6005     6860.9946     6874.2065 -29.430580 -92.854535   0.000960  -0.000067
1 42029U 17008CK  19186.72179168  .00000958  00000-0  40695-4 0  9999 | 2 42029  97.4069 253.7127 0009632  99.8314 260.4012 15.25442973131737 | 2019/07/05-17:19:22  289.3167    0.1238  260.2924   94.3988     6867.5926     6860.9777     6874.2075 -27.318150 -93.497716   0.000957  -0.000108
1 42029U 17008CK  19187.77134060  .00000850  00000-0  36448-4 0  9999 | 2 42029  97.4068 254.7518 0009636  96.7763 263.4572 15.25444580131896 | 2019/07/06-18:30:43  307.1488    0.1238  263.3475   94.3987     6867.5878     6860.9702     6874.2054 -25.618077 -93.977651   0.000953  -0.000142
1 42029U 17008CK  19189.14887177  .00000801  00000-0  34498-4 0  9995 | 2 42029  97.4068 256.1157 0009644  92.8363 267.3979 15.25446929132101 | 2019/07/08-03:34:22   83.0531    0.1238  267.2875   94.3986     6867.5807     6860.9576     6874.2038 -23.373935 -94.560795   0.000947  -0.000185
1 42029U 17008CK  19190.19841710  .00001038  00000-0  43849-4 0  9998 | 2 42029  97.4067 257.1548 0009637  89.7839 270.4503 15.25450313132267 | 2019/07/09-04:45:43  100.8848    0.1238  270.3399   94.3984     6867.5706     6860.9523     6874.1888 -21.655235 -94.969027   0.000939  -0.000218
1 42029U 17008CK  19191.24796071  .00001085  00000-0  45720-4 0  9996 | 2 42029  97.4066 258.1939 0009624  86.7785 273.4554 15.25452805132429 | 2019/07/10-05:57:03  118.7162    0.1238  273.3453   94.3982     6867.5631     6860.9537     6874.1724 -19.929416 -95.346023   0.000929  -0.000250
1 42029U 17008CK  19193.74062113  .00000980  00000-0  41579-4 0  9997 | 2 42029  97.4065 260.6617 0009588  79.6653 280.5666 15.25457384132805 | 2019/07/12-17:46:29  296.0651    0.1239  280.4586   94.3979     6867.5493     6860.9647     6874.1339 -15.805516 -96.115617   0.000903  -0.000323
1 42029U 17008CK  19195.18373593  .00000896  00000-0  38254-4 0  9996 | 2 42029  97.4064 262.0905 0009532  75.4828 284.7467 15.25460131133021 | 2019/07/14-04:24:34   95.5824    0.1238  284.6410   94.3977     6867.5411     6860.9950     6874.0872 -13.403976 -96.479740   0.000881  -0.000364
1 42029U 17008CK  19196.43005998  .00000894  00000-0  38153-4 0  9992 | 2 42029  97.4065 263.3244 0009493  71.8430 288.3841 15.25462842133215 | 2019/07/15-10:19:17  184.2560    0.1238  288.2808   94.3976     6867.5330     6861.0136     6874.0523 -11.323289 -96.746108   0.000862  -0.000399
1 42029U 17008CK  19197.61078627  .00000839  00000-0  35984-4 0  9990 | 2 42029  97.4064 264.4934 0009451  68.3807 291.8437 15.25464950133396 | 2019/07/16-14:39:31  249.3149    0.1238  291.7431   94.3974     6867.5266     6861.0361     6874.0171  -9.347158 -96.956884   0.000841  -0.000431
1 42029U 17008CK  19198.85710692  .00000782  00000-0  33739-4 0  9995 | 2 42029  97.4063 265.7273 0009391  64.6818 295.5392 15.25466898133584 | 2019/07/17-20:34:14  337.9883    0.1239  295.4421   94.3973     6867.5208     6861.0715     6873.9701  -7.257119 -97.135583   0.000817  -0.000464
1 42029U 17008CK  19200.16902147  .00000742  00000-0  32146-4 0  9998 | 2 42029  97.4061 267.0261 0009309  60.8216 299.3952 15.25468989133782 | 2019/07/19-04:03:23   90.2760    0.1238  299.3022   94.3972     6867.5145     6861.1215     6873.9075  -5.053530 -97.274920   0.000788  -0.000495
1 42029U 17008CK  19201.41533877  .00000744  00000-0  32237-4 0  9990 | 2 42029  97.4061 268.2599 0009238  57.1804 303.0322 15.25470964133973 | 2019/07/20-09:58:05  178.9491    0.1238  302.9434   94.3971     6867.5086     6861.1644     6873.8528  -2.957815 -97.361181   0.000761  -0.000524
1 42029U 17008CK  19202.72724990  .00000710  00000-0  30891-4 0  9990 | 2 42029  97.4059 269.5587 0009143  53.3498 306.8579 15.25472855134172 | 2019/07/21-17:27:14  291.2363    0.1238  306.7740   94.3970     6867.5029     6861.2240     6873.7819  -0.750226 -97.403011   0.000729  -0.000551
1 42029U 17008CK  19203.77677704  .00000767  00000-0  33148-4 0  9996 | 2 42029  97.4058 270.5977 0009068  50.1350 310.0684 15.25474960134335 | 2019/07/22-18:38:33  309.0658    0.1238  309.9888   94.3968     6867.4966     6861.2691     6873.7240   1.016103 -97.400500   0.000702  -0.000574
1 42029U 17008CK  19204.82630313  .00000783  00000-0  33766-4 0  9992 | 2 42029  97.4058 271.6367 0008994  46.9023 313.2966 15.25476752134493 | 2019/07/23-19:49:52  326.8952    0.1238  313.2215   94.3967     6867.4912     6861.3146     6873.6678   2.782097 -97.366061   0.000674  -0.000596
1 42029U 17008CK  19206.13820908  .00000809  00000-0  34785-4 0  9990 | 2 42029  97.4057 272.9354 0008883  42.9276 317.2654 15.25478987134697 | 2019/07/25-03:19:01   79.1816    0.1239  317.1963   94.3966     6867.4845     6861.3841     6873.5849   4.988145 -97.277895   0.000638  -0.000619
1 42029U 17008CK  19207.18773244  .00000809  00000-0  34782-4 0  9993 | 2 42029  97.4057 273.9744 0008788  39.6728 320.5152 15.25480739134856 | 2019/07/26-04:30:20   97.0104    0.1239  320.4511   94.3965     6867.4792     6861.4441     6873.5144   6.751262 -97.171451   0.000607  -0.000636
1 42029U 17008CK  19208.76201555  .00000744  00000-0  32231-4 0  9994 | 2 42029  97.4056 275.5329 0008646  34.8124 325.3678 15.25482917135095 | 2019/07/27-18:17:18  303.7534    0.1238  325.3114   94.3963     6867.4727     6861.5351     6873.4103   9.391586 -96.951787   0.000560  -0.000659
1 42029U 17008CK  19210.13951076  .00000753  00000-0  32592-4 0  9998 | 2 42029  97.4056 276.8965 0008522  30.4138 329.7592 15.25485209135309 | 2019/07/29-03:20:53   79.6530    0.1238  329.7100   94.3962     6867.4658     6861.6134     6873.3183  11.696094 -96.700839   0.000517  -0.000678
1 42029U 17008CK  19211.71378887 +.00000779 +00000-0 +33583-4 0  9995 | 2 42029 097.4055 278.4549 0008367 025.2942 334.8704 15.25487826135541 | 2019/07/30-17:07:51  286.3948    0.1238  334.8296   94.3960     6867.4580     6861.7120     6873.2040  14.321615 -96.346888   0.000465  -0.000696
1 42029U 17008CK  19212.76330520 +.00000879 +00000-0 +37563-4 0  9996 | 2 42029 097.4055 279.4938 0008267 021.8391 338.3198 15.25490308135706 | 2019/07/31-18:19:09  304.2219    0.1239  338.2848   94.3959     6867.4505     6861.7732     6873.1278  16.066149 -96.071381   0.000430  -0.000706
1 42029U 17008CK  19214.73114626 +.00000805 +00000-0 +34612-4 0  9993 | 2 42029 097.4053 281.4418 0008050 015.2602 344.8878 15.25493154136005 | 2019/08/02-17:32:51  292.6472    0.1239  344.8637   94.3957     6867.4420     6861.9137     6872.9703  19.322527 -95.469537   0.000362  -0.000719
1 42029U 17008CK  19215.78065997 +.00000816 +00000-0 +35048-4 0  9991 | 2 42029 097.4053 282.4808 0007937 011.6561 348.4860 15.25494918136163 | 2019/08/03-18:44:09  310.4735    0.1239  348.4678   94.3956     6867.4367     6861.9860     6872.8874  21.050497 -95.103465   0.000325  -0.000724
1 42029U 17008CK  19217.74849386  .00001018  00000-0  43028-4 0  9993 | 2 42029  97.4051 284.4288 0007725   4.8614 355.2698 15.25499481136461 | 2019/08/05-17:57:49  298.8961    0.1239  355.2625   94.3953     6867.4230     6862.1179     6872.7281  24.271083 -94.332752   0.000255  -0.000729
1 42029U 17008CK  19219.12597422  .00001048  00000-0  44206-4 0  9990 | 2 42029  97.4048 285.7923 0007567 359.9509   0.1727 15.25502337136675 | 2019/08/07-03:01:24   74.7909    0.1239    0.1730   94.3951     6867.4144     6862.2179     6872.6110  26.508807 -93.728215   0.000205  -0.000728
1 42029U 17008CK  19220.17548204  .00000885  00000-0  37786-4 0  9994 | 2 42029  97.4047 286.8312 0007455 356.1578   3.9602 15.25503436136831 | 2019/08/08-04:12:41   92.6148    0.1239    3.9661   94.3951     6867.4111     6862.2915     6872.5308  28.203828 -93.232074   0.000168  -0.000726
1 42029U 17008CK  19221.42177043  .00000848  00000-0  36313-4 0  9996 | 2 42029  97.4047 288.0649 0007323 351.6277   8.4838 15.25505675137028 | 2019/08/09-10:07:20  181.2799    0.1239    8.4962   94.3949     6867.4044     6862.3754     6872.4334  30.204620 -92.603221   0.000123  -0.000722
1 42029U 17008CK  19222.73365071  .00000821  00000-0  35234-4 0  9993 | 2 42029  97.4046 289.3634 0007174 346.7316  13.3732 15.25508191137224 | 2019/08/10-17:36:27  293.5580    0.1238   13.3922   94.3948     6867.3969     6862.4702     6872.3235  32.295327 -91.894874   0.000076  -0.000713
1 42029U 17008CK  19224.83265490 +.00000720 +00000-0 +31269-4 0  9992 | 2 42029 097.4045 291.4410 0006969 338.6420 021.4526 15.25511778137547 | 2019/08/12-19:59:01  329.2010    0.1238   21.4818   94.3946     6867.3861     6862.6002     6872.1720  35.605527 -90.663571   0.000001  -0.000697
1 42029U 17008CK  19226.14453047  .00000708  00000-0  30777-4 0  9994 | 2 42029  97.4045 292.7395 0006821 333.4938  26.5950 15.25513888137740 | 2019/08/14-03:28:07   81.4766    0.1238   26.6300   94.3944     6867.3798     6862.6955     6872.0640  37.650926 -89.833426  -0.000045  -0.000681
1 42029U 17008CK  19227.19402971  .00000691  00000-0  30089-4 0  9997 | 2 42029  97.4044 293.7784 0006730 329.2417  30.8426 15.25515503137906 | 2019/08/15-04:39:24   99.2963    0.1239   30.8822   94.3943     6867.3749     6862.7532     6871.9967  39.273487 -89.135910  -0.000082  -0.000668
1 42029U 17008CK  19228.63708947  .00000674  00000-0  29424-4 0  9991 | 2 42029  97.4042 295.2066 0006599 323.3396  36.7390 15.25517740138123 | 2019/08/16-15:17:24  258.7977    0.1239   36.7843   94.3942     6867.3682     6862.8364     6871.9000  41.482843 -88.129177  -0.000131  -0.000647
1 42029U 17008CK  19229.75217987 +.00000674 +00000-0 +29419-4 0  9998 | 2 42029 097.4040 296.3102 0006507 318.7676 041.3070 15.25519395138295 | 2019/08/17-18:03:08  300.2297    0.1238   41.3562   94.3941     6867.3632     6862.8946     6871.8318  43.172451 -87.313680  -0.000168  -0.000629
1 42029U 17008CK  19231.65439005 +.00000714 +00000-0 +30996-4 0  9994 | 2 42029 097.4037 298.1930 0006375 310.5416 049.5266 15.25522485138588 | 2019/08/19-15:42:19  265.0239    0.1238   49.5822   94.3939     6867.3540     6862.9760     6871.7319  46.017705 -85.847840  -0.000231  -0.000594
1 42029U 17008CK  19232.76947705 +.00000719 +00000-0 +31191-4 0  9991 | 2 42029 097.4035 299.2966 0006311 305.6837 054.3813 15.25524262138755 | 2019/08/20-18:28:02  306.4539    0.1238   54.4401   94.3938     6867.3486     6863.0146     6871.6826  47.662523 -84.945428  -0.000267  -0.000572
1 42029U 17008CK  19234.67168013 +.00000858 +00000-0 +36694-4 0  9997 | 2 42029 097.4034 301.1791 0006200 297.3518 062.7089 15.25528399139049 | 2019/08/22-16:07:13  271.2437    0.1239   62.7721   94.3935     6867.3362     6863.0785     6871.5940  50.427197 -83.333787  -0.000324  -0.000529
1 42029U 17008CK  19235.72116986 +.00000857 +00000-0 +36644-4 0  9990 | 2 42029 097.4033 302.2178 0006168 292.6979 067.3607 15.25530327139200 | 2019/08/23-17:18:29  289.0578    0.1239   67.4260   94.3934     6867.3304     6863.0947     6871.5662  51.929511 -82.405878  -0.000355  -0.000505
1 42029U 17008CK  19236.77065868  .00000825  00000-0  35361-4 0  9998 | 2 42029  97.4032 303.2564 0006137 287.8990  72.1579 15.25532012139366 | 2019/08/24-18:29:44  306.8713    0.1239   72.2249   94.3933     6867.3254     6863.1109     6871.5398  53.414614 -81.450982  -0.000385  -0.000478
1 42029U 17008CK  19238.14811135  .00000815  00000-0  34999-4 0  9992 | 2 42029  97.4031 304.6195 0006116 281.6118  78.4434 15.25534198139570 | 2019/08/26-03:33:16   82.7506    0.1239   78.5121   94.3932     6867.3188     6863.1188     6871.5189  55.337025 -80.157205  -0.000423  -0.000442
1 42029U 17008CK  19239.19759778  .00000876  00000-0  37383-4 0  9999 | 2 42029  97.4030 305.6581 0006103 276.8020  83.2524 15.25536189139737 | 2019/08/27-04:44:32  100.5623    0.1239   83.3219   94.3930     6867.3128     6863.1217     6871.5040  56.780805 -79.140916  -0.000450  -0.000412
1 42029U 17008CK  19240.70623212  .00000799  00000-0  34361-4 0  9998 | 2 42029  97.4029 307.1511 0006112 269.7879  90.2658 15.25538342139962 | 2019/08/28-16:56:58  283.6654    0.1237   90.3358   94.3929     6867.3064     6863.1091     6871.5037  58.823470 -77.634556  -0.000489  -0.000367
1 42029U 17008CK  19242.14926908  .00001047  00000-0  44121-4 0  9998 | 2 42029  97.4026 308.5791 0006115 263.3662  96.6880 15.25542838140185 | 2019/08/30-03:34:56   83.1525    0.1238   96.7576   94.3926     6867.2929     6863.0935     6871.4922  60.739723 -76.144287  -0.000519  -0.000324
1 42029U 17008CK  19243.78908043  .00001477  00000-0  61058-4 0  9994 | 2 42029  97.4024 310.2018 0006170 256.0122 104.0430 15.25548982140435 | 2019/08/31-18:56:16  313.4771    0.1238  104.1116   94.3922     6867.2744     6863.0373     6871.5115  62.871465 -74.393591  -0.000554  -0.000273
1 42029U 17008CK  19245.16651714  .00001660  00000-0  68259-4 0  9992 | 2 42029  97.4023 311.5647 0006235 250.0045 110.0522 15.25553991140644 | 2019/09/02-03:59:47   89.3476    0.1238  110.1193   94.3919     6867.2594     6862.9777     6871.5411  64.623053 -72.877082  -0.000580  -0.000229
1 42029U 17008CK  19246.41276765  .00001321  00000-0  54908-4 0  9990 | 2 42029  97.4022 312.7980 0006281 244.4776 115.5813 15.25555534140834 | 2019/09/03-09:54:23  177.9907    0.1238  115.6462   94.3918     6867.2548     6862.9415     6871.5681  66.176583 -71.469213  -0.000600  -0.000187
1 42029U 17008CK  19247.72460706  .00001132  00000-0  47443-4 0  9991 | 2 42029  97.4019 314.0961 0006373 238.6466 121.4149 15.25558152141037 | 2019/09/04-17:23:26  290.2452    0.1238  121.4772   94.3917     6867.2469     6862.8704     6871.6234  67.778467 -69.951480  -0.000622  -0.000141
1 42029U 17008CK  19248.77407576  .00001118  00000-0  46883-4 0  9994 | 2 42029  97.4018 315.1345 0006440 234.1924 125.8716 15.25561261141199 | 2019/09/05-18:34:40  308.0474    0.1238  125.9314   94.3915     6867.2376     6862.8151     6871.6601  69.034962 -68.711605  -0.000635  -0.000104
1 42029U 17008CK  19250.15150115  .00001013  00000-0  42759-4 0  9995 | 2 42029  97.4016 316.4975 0006535 228.3686 131.6993 15.25564573141400 | 2019/09/07-03:38:09   83.9113    0.1238  131.7552   94.3913     6867.2277     6862.7399     6871.7154  70.649699 -67.049920  -0.000651  -0.000055
1 42029U 17008CK  19251.20096627  .00001001  00000-0  42259-4 0  9991 | 2 42029  97.4015 317.5359 0006616 223.9907 136.0805 15.25567188141567 | 2019/09/08-04:49:23  101.7115    0.1238  136.1331   94.3911     6867.2198     6862.6765     6871.7632  71.853135 -65.758491  -0.000661  -0.000018
1 42029U 17008CK  19252.31602116  .00000988  00000-0  41765-4 0  9994 | 2 42029  97.4014 318.6391 0006715 219.4237 140.6513 15.25569836141738 | 2019/09/09-07:35:04  143.1233    0.1238  140.7001   94.3910     6867.2119     6862.6005     6871.8232  73.105808 -64.362827  -0.000671   0.000023
1 42029U 17008CK  19253.49666574  .00000991  00000-0  41866-4 0  9998 | 2 42029  97.4014 319.8073 0006816 214.6408 145.4387 15.25572561141918 | 2019/09/10-11:55:11  208.1463    0.1238  145.4830   94.3908     6867.2037     6862.5230     6871.8844  74.402812 -62.859003  -0.000678   0.000066
1 42029U 17008CK  19254.74289997 +.00000941 +00000-0 +39891-4 0  9997 | 2 42029 097.4013 321.0404 0006920 209.7575 150.3270 15.25574954142102 | 2019/09/11-17:49:46  296.7809    0.1237  150.3662   94.3906     6867.1965     6862.4444     6871.9486  75.738229 -61.243235  -0.000683   0.000111
1 42029U 17008CK  19256.18590523  .00000930  00000-0  39454-4 0  9990 | 2 42029  97.4011 322.4681 0007072 204.1740 155.9167 15.25578008142328 | 2019/09/13-04:27:42   96.2512    0.1237  155.9497   94.3905     6867.1873     6862.3309     6872.0438  77.240464 -59.337046  -0.000688   0.000163
1 42029U 17008CK  19257.43213491  .00000917  00000-0  38927-4 0  9994 | 2 42029  97.4009 323.7011 0007209 199.3903 160.7062 15.25580570142510 | 2019/09/14-10:22:16  184.8834    0.1238  160.7335   94.3903     6867.1796     6862.2291     6872.1302  78.499247 -57.661109  -0.000690   0.000210
1 42029U 17008CK  19258.74395360  .00000881  00000-0  37528-4 0  9991 | 2 42029  97.4007 324.9990 0007333 194.5776 165.5252 15.25583021142710 | 2019/09/15-17:51:17  297.1269    0.1238  165.5462   94.3901     6867.1723     6862.1366     6872.2080  79.785007 -55.868139  -0.000687   0.000256
1 42029U 17008CK  19260.18695121  .00001025  00000-0  43190-4 0  9993 | 2 42029  97.4004 326.4267 0007488 189.3588 170.7512 15.25586781142932 | 2019/09/17-04:29:12   96.5934    0.1238  170.7650   94.3899     6867.1610     6862.0189     6872.3031  81.151971 -53.862747  -0.000683   0.000307
1 42029U 17008CK  19261.23640218  .00001047  00000-0  44064-4 0  9992 | 2 42029  97.4002 327.4649 0007609 185.6443 174.4710 15.25589139143098 | 2019/09/18-05:40:25  114.3867    0.1237  174.4794   94.3898     6867.1539     6861.9287     6872.3791  82.114420 -52.383403  -0.000679   0.000344
1 42029U 17008CK  19262.41703366  .00000904  00000-0  38424-4 0  9991 | 2 42029  97.4001 328.6329 0007733 181.4040 178.7178 15.25590576143272 | 2019/09/19-10:00:31  179.4032    0.1238  178.7198   94.3897     6867.1496     6861.8393     6872.4600  83.165059 -50.698644  -0.000670   0.000386
1 42029U 17008CK  19263.72884401  .00000881  00000-0  37517-4 0  9992 | 2 42029  97.3999 329.9307 0007869 176.8419 183.2870 15.25593041143477 | 2019/09/20-17:29:32  291.6430    0.1237  183.2818   94.3895     6867.1422     6861.7385     6872.5460  84.291823 -48.801938  -0.000658   0.000431
1 42029U 17008CK  19264.77829028  .00000898  00000-0  38185-4 0  9992 | 2 42029  97.3998 330.9688 0007979 173.3217 186.8129 15.25595348143636 | 2019/09/21-18:40:44  309.4342    0.1238  186.8021   94.3894     6867.1353     6861.6560     6872.6146  85.162058 -47.266741  -0.000648   0.000466
1 42029U 17008CK  19265.89332543 +.00000972 +00000-0 +41081-4 0  9999 | 2 42029 097.3997 332.0718 0008102 169.5853 190.5555 15.25598009143805 | 2019/09/22-21:26:23  350.8367    0.1238  190.5385   94.3892     6867.1273     6861.5636     6872.6911  86.056065 -45.618584  -0.000635   0.000503
1 42029U 17008CK  19267.20512959  .00001094  00000-0  45887-4 0  9991 | 2 42029  97.3996 333.3695 0008240 165.1900 194.9581 15.25601254144007 | 2019/09/24-04:55:23  103.0742    0.1238  194.9338   94.3890     6867.1176     6861.4591     6872.7761  87.067037 -43.657910  -0.000618   0.000545
1 42029U 17008CK  19268.25457094  .00001143  00000-0  47807-4 0  9994 | 2 42029  97.3994 334.4075 0008345 161.7967 198.3571 15.25603741144167 | 2019/09/25-06:06:34  120.8638    0.1237  198.3270   94.3889     6867.1101     6861.3795     6872.8407  87.843455 -42.073394  -0.000602   0.000578
1 42029U 17008CK  19269.63196069  .00001223  00000-0  50934-4 0  9993 | 2 42029  97.3993 335.7700 0008476 157.4004 202.7609 15.25607029144372 | 2019/09/26-15:10:01  256.7117    0.1238  202.7234   94.3887     6867.1002     6861.2797     6872.9208  88.818943 -39.972728  -0.000580   0.000618
1 42029U 17008CK  19270.74698832  .00001338  00000-0  55468-4 0  9996 | 2 42029  97.3992 336.8729 0008583 153.7864 206.3811 15.25610021144546 | 2019/09/27-17:55:39  298.1116    0.1238  206.3374   94.3885     6867.0913     6861.1972     6872.9853  89.571794 -38.255692  -0.000559   0.000651
1 42029U 17008CK  19271.79642227  .00001569  00000-0  64554-4 0  9991 | 2 42029  97.3990 337.9110 0008679 150.4968 209.6761 15.25614250144701 | 2019/09/28-19:06:50  315.8987    0.1237  209.6269   94.3882     6867.0786     6861.1186     6873.0385  90.249996 -36.626541  -0.000539   0.000680
1 42029U 17008CK  19273.17380253  .00001410  00000-0  58275-4 0  9991 | 2 42029  97.3988 339.2734 0008783 146.2664 213.9135 15.25617172144919 | 2019/09/30-04:10:16   91.7438    0.1238  213.8574   94.3880     6867.0698     6861.0385     6873.1012  91.095133 -34.470321  -0.000511   0.000715
1 42029U 17008CK  19274.41999967  .00001478  00000-0  60959-4 0  9993 | 2 42029  97.3987 340.5060 0008869 142.3972 217.7887 15.25621324145101 | 2019/10/01-10:04:47  180.3645    0.1237  217.7265   94.3878     6867.0574     6860.9670     6873.1477  91.815460 -32.502739  -0.000482   0.000745
1 42029U 17008CK  19276.32208007  .00001857  00000-0  75839-4 0  9997 | 2 42029  97.3983 342.3872 0009003 136.6501 223.5447 15.25630505145392 | 2019/10/03-07:43:47  145.0981    0.1238  223.4737   94.3872     6867.0298     6860.8474     6873.2122  92.832569 -29.471053  -0.000437   0.000787
1 42029U 17008CK  19277.76503236  .00001699  00000-0  69591-4 0  9990 | 2 42029  97.3981 343.8143 0009110 132.2660 227.9352 15.25635217145617 | 2019/10/04-18:21:38  304.5496    0.1238  227.8578   94.3869     6867.0157     6860.7598     6873.2715  93.537559 -27.149859  -0.000401   0.000818
1 42029U 17008CK  19279.14238989  .00001916  00000-0  78110-4 0  9993 | 2 42029  97.3978 345.1766 0009234 128.2030 232.0041 15.25642063145824 | 2019/10/06-03:25:02   80.3877    0.1238  231.9208   94.3865     6866.9951     6860.6541     6873.3361  94.156302 -24.918311  -0.000366   0.000848
1 42029U 17008CK  19280.19180334  .00001661  00000-0  68102-4 0  9997 | 2 42029  97.3980 346.2146 0009235 125.2192 234.9911 15.25644389145985 | 2019/10/07-04:36:11   98.1697    0.1237  234.9045   94.3863     6866.9881     6860.6465     6873.3298  94.592454 -23.208579  -0.000337   0.000860
1 42029U 17008CK  19281.43797885  .00001280  00000-0  53108-4 0  9997 | 2 42029  97.3978 347.4471 0009301 121.5012 238.7136 15.25646621146174 | 2019/10/08-10:30:41  186.7842    0.1238  238.6226   94.3862     6866.9814     6860.5945     6873.3684  95.069579 -21.168527  -0.000302   0.000880
1 42029U 17008CK  19282.74973782  .00001636  00000-0  67085-4 0  9998 | 2 42029  97.3978 348.7445 0009360 117.6313 242.5876 15.25652916146374 | 2019/10/09-17:59:37  299.0089    0.1237  242.4924   94.3858     6866.9626     6860.5351     6873.3900  95.524504 -19.010538  -0.000264   0.000898
1 42029U 17008CK  19284.12708006  .00001602  00000-0  65743-4 0  9999 | 2 42029  97.3976 350.1067 0009379 113.6405 246.5818 15.25657731146580 | 2019/10/11-03:02:59   74.8441    0.1237  246.4832   94.3855     6866.9481     6860.5076     6873.3886  95.949242 -16.734262  -0.000223   0.000911
1 42029U 17008CK  19285.17648195  .00001427  00000-0  58880-4 0  9996 | 2 42029  97.3975 351.1446 0009405 110.5320 249.6928 15.25660122146745 | 2019/10/12-04:14:08   92.6227    0.1238  249.5918   94.3854     6866.9409     6860.4826     6873.3993  96.236521 -14.993497  -0.000190   0.000921
1 42029U 17008CK  19286.42264385  .00001469  00000-0  60500-4 0  9998 | 2 42029  97.3973 352.3770 0009443 106.9142 253.3132 15.25664182146939 | 2019/10/13-10:08:36  181.2342    0.1238  253.2096   94.3851     6866.9287     6860.4443     6873.4132  96.536539 -12.920169  -0.000152   0.000932
1 42029U 17008CK  19287.73438998  .00001322  00000-0  54727-4 0  9998 | 2 42029  97.3970 353.6742 0009480 103.2716 256.9580 15.25667379147137 | 2019/10/14-17:37:31  293.4564    0.1238  256.8522   94.3849     6866.9192     6860.4093     6873.4290  96.803993 -10.731384  -0.000115   0.000941
1 42029U 17008CK  19289.24289451  .00001165  00000-0  48546-4 0  9991 | 2 42029  97.3966 355.1659 0009486  98.8403 261.3909 15.25670691147365 | 2019/10/16-05:49:46  116.5115    0.1237  261.2834   94.3847     6866.9092     6860.3953     6873.4232  97.050149  -8.207699  -0.000066   0.000946
1 42029U 17008CK  19290.42346112  .00001109  00000-0  46368-4 0  9999 | 2 42029  97.3965 356.3334 0009495  95.3022 264.9300 15.25673219147549 | 2019/10/17-10:09:47  181.5106    0.1238  264.8216   94.3846     6866.9016     6860.3815     6873.4218  97.197136  -6.228562  -0.000027   0.000949
1 42029U 17008CK  19292.25989369  .00001103  00000-0  46102-4 0  9999 | 2 42029  97.3962 358.1493 0009503  90.1130 270.1197 15.25677449147828 | 2019/10/19-06:14:14  122.6200    0.1238  270.0108   94.3843     6866.8889     6860.3633     6873.4145  97.345396  -3.145429   0.000029   0.000950
1 42029U 17008CK  19293.83397426  .00001115  00000-0  46587-4 0  9991 | 2 42029  97.3960 359.7057 0009483  85.5226 274.7096 15.25681279148061 | 2019/10/20-20:00:55  329.2846    0.1239  274.6013   94.3841     6866.8774     6860.3656     6873.3893  97.394715  -0.500273   0.000079   0.000945
1 42029U 17008CK  19295.14570454  .00001144  00000-0  47728-4 0  9991 | 2 42029  97.3959   1.0029 0009443  81.6617 278.5691 15.25684666148260 | 2019/10/22-03:29:48   81.5046    0.1238  278.4621   94.3839     6866.8673     6860.3829     6873.3517  97.380980   1.704722   0.000121   0.000937
1 42029U 17008CK  19296.19508745  .00001230  00000-0  51066-4 0  9997 | 2 42029  97.3958   2.0406 0009412  78.6357 281.5938 15.25687477148421 | 2019/10/23-04:40:55   99.2804    0.1238  281.4881   94.3837     6866.8588     6860.3958     6873.3219  97.334036   3.468037   0.000152   0.000929
1 42029U 17008CK  19297.24446819  .00001344  00000-0  55568-4 0  9994 | 2 42029  97.3957   3.0782 0009373  75.5730 284.6548 15.25690620148587 | 2019/10/24-05:52:02  117.0559    0.1239  284.5509   94.3835     6866.8494     6860.4131     6873.2857  97.255175   5.230040   0.000184   0.000919
1 42029U 17008CK  19298.42501736  .00001686  00000-0  68952-4 0  9995 | 2 42029  97.3956   4.2455 0009327  72.1897 288.0358 15.25695914148760 | 2019/10/25-10:12:01  182.0522    0.1238  287.9341   94.3832     6866.8335     6860.4288     6873.2382  97.128347   7.210212   0.000219   0.000907
1 42029U 17008CK  19299.73673666  .00001708  00000-0  69830-4 0  9993 | 2 42029  97.3954   5.5423 0009266  68.3210 291.9014 15.25699637148965 | 2019/10/26-17:40:54  294.2703    0.1238  291.8028   94.3829     6866.8224     6860.4596     6873.1852  96.940093   9.406506   0.000258   0.000890
1 42029U 17008CK  19300.78610842  .00001727  00000-0  70537-4 0  9995 | 2 42029  97.3953   6.5798 0009204  65.2892 294.9304 15.25703151149125 | 2019/10/27-18:51:59  312.0438    0.1239  294.8347   94.3827     6866.8118     6860.4916     6873.1320  96.753779  11.160228   0.000286   0.000875
1 42029U 17008CK  19302.16340522  .00001597  00000-0  65449-4 0  9995 | 2 42029  97.3950   7.9415 0009121  61.1117 299.1035 15.25707141149330 | 2019/10/29-03:55:18   87.8709    0.1238  299.0121   94.3825     6866.7998     6860.5366     6873.0631  96.460948  13.456283   0.000326   0.000852
1 42029U 17008CK  19303.73745346  .00001435  00000-0  59096-4 0  9994 | 2 42029  97.3947   9.4977 0009037  56.4997 303.7104 15.25711760149572 | 2019/10/30-17:41:55  294.5286    0.1239  303.6242   94.3822     6866.7860     6860.5805     6872.9915  96.059635  16.070906   0.000368   0.000826
1 42029U 17008CK  19305.77058926  .00001383  00000-0  57028-4 0  9996 | 2 42029  97.3944  11.5078 0008884  50.2150 309.9870 15.25718950149887 | 2019/11/01-18:29:38  306.4594    0.1239  309.9089   94.3817     6866.7644     6860.6640     6872.8648  95.436534  19.430313   0.000421   0.000782
1 42029U 17008CK  19307.14787132  .00001242  00000-0  51491-4 0  9999 | 2 42029  97.3942  12.8694 0008781  46.1106 314.0856 15.25722388150090 | 2019/11/03-03:32:56   82.2827    0.1239  314.0133   94.3815     6866.7541     6860.7244     6872.7838  94.947686  21.692561   0.000453   0.000753
1 42029U 17008CK  19308.19722737  .00001163  00000-0  48409-4 0  9992 | 2 42029  97.3941  13.9067 0008692  42.8799 317.3116 15.25724783150251 | 2019/11/04-04:44:00  100.0526    0.1239  317.2440   94.3814     6866.7469     6860.7783     6872.7155  94.539321  23.407849   0.000476   0.000727
1 42029U 17008CK  19309.31216557  .00001151  00000-0  47953-4 0  9995 | 2 42029  97.3940  15.0090 0008587  39.3600 320.8261 15.25727779150421 | 2019/11/05-07:29:31  141.4324    0.1239  320.7639   94.3812     6866.7379     6860.8415     6872.6344  94.071419  25.222199   0.000500   0.000698
1 42029U 17008CK  19310.42710205  .00001162  00000-0  48360-4 0  9993 | 2 42029  97.3940  16.1113 0008503  35.8158 324.3649 15.25730634150597 | 2019/11/06-10:15:01  182.8115    0.1239  324.3081   94.3810     6866.7294     6860.8906     6872.5681  93.568796  27.027238   0.000524   0.000669
1 42029U 17008CK  19311.60762125  .00001135  00000-0  47321-4 0  9998 | 2 42029  97.3939  17.2783 0008395  32.1446 328.0302 15.25733194150770 | 2019/11/07-14:34:58  247.8009    0.1238  327.9792   94.3809     6866.7217     6860.9571     6872.4863  92.998840  28.927279   0.000546   0.000638
1 42029U 17008CK  19313.18164368  .00001112  00000-0  46399-4 0  9997 | 2 42029  97.3937  18.8344 0008245  26.9527 333.2138 15.25736621151014 | 2019/11/09-04:21:34   94.4526    0.1239  333.1712   94.3806     6866.7114     6861.0498     6872.3730  92.178813  31.441998   0.000575   0.000591
1 42029U 17008CK  19314.49332618  .00001203  00000-0  49957-4 0  9991 | 2 42029  97.3936  20.1311 0008127  22.5706 337.5888 15.25740071151218 | 2019/11/10-11:50:23  206.6616    0.1239  337.5533   94.3804     6866.7010     6861.1205     6872.2816  91.443589  33.519895   0.000597   0.000551
1 42029U 17008CK  19315.67383805  .00001226  00000-0  50864-4 0  9990 | 2 42029  97.3934  21.2981 0008016  18.7134 341.4398 15.25742939151394 | 2019/11/11-16:10:19  271.6486    0.1239  341.4105   94.3803     6866.6924     6861.1881     6872.1968  90.741750  35.375263   0.000614   0.000515
1 42029U 17008CK  19316.85434735 +.00001268 +00000-0 +52508-4 0  9993 | 2 42029 097.3931 022.4650 0007879 014.7665 345.3802 15.25746055151574 | 2019/11/12-20:30:15  336.6351    0.1239  345.3574   94.3801     6866.6831     6861.2728     6872.0933  90.002242  37.215754   0.000627   0.000477
1 42029U 17008CK  19318.16602221  .00001161  00000-0  48327-4 0  9992 | 2 42029  97.3928  23.7616 0007747  10.2390 349.9004 15.25748632151775 | 2019/11/14-03:59:04   88.8416    0.1238  349.8848   94.3799     6866.6754     6861.3557     6871.9950  89.136805  39.242675   0.000642   0.000433
1 42029U 17008CK  19320.13352900  .00001202  00000-0  49897-4 0  9997 | 2 42029  97.3926  25.7065 0007532   3.4317 356.6972 15.25753623152077 | 2019/11/16-03:12:16   77.1489    0.1239  356.6922   94.3796     6866.6604     6861.4884     6871.8323  87.753442  42.245141   0.000658   0.000367
1 42029U 17008CK  19321.24844686  .00001146  00000-0  47732-4 0  9990 | 2 42029  97.3924  26.8085 0007422 359.3532   0.7695 15.25756094152242 | 2019/11/17-05:57:45  118.5225    0.1238    0.7706   94.3794     6866.6530     6861.5565     6871.7494  86.924560  43.924942   0.000666   0.000327
1 42029U 17008CK  19322.49452931  .00001138  00000-0  47393-4 0  9990 | 2 42029  97.3923  28.0402 0007268 354.8830   5.2333 15.25759037152437 | 2019/11/18-11:52:07  207.1151    0.1239    5.2409   94.3793     6866.6441     6861.6535     6871.6348  85.960195  45.783238   0.000669   0.000283
1 42029U 17008CK  19323.74061015 +.00001188 +00000-0 +49366-4 0  9995 | 2 42029 097.3922 029.2719 0007177 350.2132 009.8965 15.25761954152627 | 2019/11/19-17:46:28  295.7073    0.1238    9.9106   94.3791     6866.6354     6861.7072     6871.5636  84.956110  47.620374   0.000677   0.000239
1 42029U 17008CK  19324.85552215 +.00001291 +00000-0 +53377-4 0  9997 | 2 42029 097.3921 030.3738 0007056 345.9987 014.1054 15.25765031152791 | 2019/11/20-20:31:57  337.0782    0.1238   14.1251   94.3789     6866.6262     6861.7811     6871.4712  84.024545  49.245274   0.000677   0.000199
1 42029U 17008CK  19326.49509451  .00001420  00000-0  58413-4 0  9993 | 2 42029  97.3920  31.9943 0006891 339.6887  20.4076 15.25769780153048 | 2019/11/22-11:52:56  207.3276    0.1239   20.4352   94.3786     6866.6119     6861.8801     6871.3437  82.598234  51.601680   0.000675   0.000140
1 42029U 17008CK  19328.26582764  .00001500  00000-0  61552-4 0  9995 | 2 42029  97.3918  33.7445 0006732 332.6995  27.3889 15.25774764153315 | 2019/11/24-06:22:47  124.7945    0.1239   27.4244   94.3783     6866.5970     6861.9744     6871.2195  80.983516  54.100211   0.000669   0.000076
1 42029U 17008CK  19329.31514795  .00001462  00000-0  60049-4 0  9998 | 2 42029  97.3916  34.7815 0006645 328.3967  31.6871 15.25777554153475 | 2019/11/25-07:33:48  142.5517    0.1238   31.7271   94.3781     6866.5886     6862.0257     6871.1514  79.990978  55.556882   0.000663   0.000037
1 42029U 17008CK  19330.49563058  .00001435  00000-0  58997-4 0  9994 | 2 42029  97.3915  35.9483 0006550 323.6956  36.3837 15.25780962153650 | 2019/11/26-11:53:42  207.5267    0.1239   36.4283   94.3779     6866.5784     6862.0807     6871.0760  78.843001  57.174168   0.000655  -0.000004
1 42029U 17008CK  19331.61052899  .00001276  00000-0  52772-4 0  9993 | 2 42029  97.3913  37.0502 0006463 319.1345  40.9408 15.25783342153827 | 2019/11/27-14:39:09  248.8911    0.1239   40.9894   94.3778     6866.5712     6862.1333     6871.0091  77.728768  58.679672   0.000645  -0.000043
1 42029U 17008CK  19332.72542491  .00001137  00000-0  47338-4 0  9996 | 2 42029  97.3911  38.1520 0006382 314.3895  45.6820 15.25785861153990 | 2019/11/28-17:24:36  290.2545    0.1239   45.7344   94.3776     6866.5637     6862.1814     6870.9459  76.585896  60.163335   0.000633  -0.000083
1 42029U 17008CK  19333.77473700  .00001071  00000-0  44745-4 0  9994 | 2 42029  97.3909  39.1890 0006320 309.8539  50.2143 15.25788390154153 | 2019/11/29-18:35:37  308.0074    0.1239   50.2700   94.3774     6866.5561     6862.2164     6870.8957  75.484357  61.539412   0.000620  -0.000120
1 42029U 17008CK  19335.15195673  .00001050  00000-0  43902-4 0  9999 | 2 42029  97.3907  40.5502 0006244 303.9742  56.0903 15.25791716154360 | 2019/12/01-03:38:49   83.8065    0.1239   56.1497   94.3772     6866.5461     6862.2586     6870.8336  74.001024  63.315061   0.000602  -0.000167
1 42029U 17008CK  19336.46359258  .00001060  00000-0  44290-4 0  9997 | 2 42029  97.3906  41.8465 0006174 298.1699  61.8915 15.25794671154561 | 2019/12/02-11:07:34  195.9950    0.1238   61.9539   94.3771     6866.5372     6862.2978     6870.7766  72.549648  64.972898   0.000580  -0.000211
1 42029U 17008CK  19337.90638951 +.00000968 +00000-0 +40698-4 0  9991 | 2 42029 097.3905 043.2724 0006122 291.7136 068.3450 15.25797297154789 | 2019/12/03-21:45:12  355.4009    0.1238   68.4102   94.3769     6866.5293     6862.3257     6870.7330  70.910319  66.758042   0.000555  -0.000259
1 42029U 17008CK  19339.41476568  .00000913  00000-0  38549-4 0  9995 | 2 42029  97.3905  44.7629 0006079 285.0546  75.0019 15.25799991155017 | 2019/12/05-09:57:15  178.4146    0.1238   75.0692   94.3767     6866.5213     6862.3471     6870.6954  69.149870  68.579917   0.000525  -0.000306
1 42029U 17008CK  19340.46406928  .00000898  00000-0  37954-4 0  9996 | 2 42029  97.3904  45.8000 0006067 280.3181  79.7373 15.25801903155179 | 2019/12/06-11:08:15  196.1622    0.1238   79.8057   94.3766     6866.5155     6862.3496     6870.6814  67.897188  69.820211   0.000504  -0.000338
1 42029U 17008CK  19341.71011526  .00000931  00000-0  39259-4 0  9999 | 2 42029  97.3902  47.0312 0006073 274.7291  85.3253 15.25804591155360 | 2019/12/07-17:02:33  284.7367    0.1238   85.3947   94.3764     6866.5075     6862.3374     6870.6775  66.381161  71.262841   0.000477  -0.000376
1 42029U 17008CK  19342.82499688  .00000978  00000-0  41078-4 0  9994 | 2 42029  97.3902  48.1330 0006075 269.7987  90.2555 15.25807029155538 | 2019/12/08-19:47:59  326.0914    0.1238   90.3251   94.3763     6866.5001     6862.3288     6870.6715  64.998585  72.526099   0.000451  -0.000407
1 42029U 17008CK  19344.13661977  .00001042  00000-0  43584-4 0  9999 | 2 42029  97.3900  49.4293 0006094 263.9013  96.1531 15.25810151155736 | 2019/12/10-03:16:43   78.2719    0.1238   96.2225   94.3761     6866.4908     6862.3063     6870.6752  63.341078  73.977834   0.000418  -0.000443
1 42029U 17008CK  19345.25149728  .00001103  00000-0  45960-4 0  9996 | 2 42029  97.3898  50.5310 0006121 258.9121 101.1429 15.25812980155904 | 2019/12/11-06:02:09  119.6244    0.1238  101.2117   94.3759     6866.4823     6862.2793     6870.6853  61.906862  75.181870   0.000389  -0.000473
1 42029U 17008CK  19346.43195050  .00001504  00000-0  61615-4 0  9996 | 2 42029  97.3896  51.6975 0006159 253.7850 106.2711 15.25818887156086 | 2019/12/12-10:22:00  184.5834    0.1238  106.3388   94.3756     6866.4646     6862.2355     6870.6936  60.363367  76.426423   0.000358  -0.000502
1 42029U 17008CK  19348.46495010  .00001422  00000-0  58408-4 0  9995 | 2 42029  97.3893  53.7064 0006258 244.8720 115.1869 15.25824347156397 | 2019/12/14-11:09:31  196.4554    0.1238  115.2518   94.3752     6866.4482     6862.1512     6870.7452  57.646981  78.495231   0.000299  -0.000550
1 42029U 17008CK  19349.84213680 +.00001561 +00000-0 +63834-4 0  9992 | 2 42029 097.3892 055.0673 0006322 239.0558 121.0059 15.25829934156602 | 2019/12/15-20:12:40  332.2364    0.1238  121.0680   94.3749     6866.4314     6862.0905     6870.7724  55.766406  79.842121   0.000258  -0.000577
1 42029U 17008CK  19351.15374122  .00001406  00000-0  57767-4 0  9994 | 2 42029  97.3891  56.3633 0006402 233.4861 126.5788 15.25833180156804 | 2019/12/17-03:41:23   84.4075    0.1238  126.6377   94.3747     6866.4217     6862.0258     6870.8176  53.946253  81.082912   0.000217  -0.000602
1 42029U 17008CK  19352.46534389  .00001294  00000-0  53384-4 0  9998 | 2 42029  97.3890  57.6594 0006494 228.0345 132.0341 15.25835917157001 | 2019/12/18-11:10:05  196.5775    0.1238  132.0893   94.3745     6866.4135     6861.9544     6870.8725  52.098360  82.282308   0.000176  -0.000625
1 42029U 17008CK  19353.77694228  .00001357  00000-0  55845-4 0  9996 | 2 42029  97.3889  58.9555 0006613 222.6280 137.4445 15.25839963157202 | 2019/12/19-18:38:47  308.7457    0.1237  137.4957   94.3742     6866.4013     6861.8606     6870.9421  50.223812  83.439598   0.000133  -0.000648
1 42029U 17008CK  19354.82622065  .00001026  00000-0  42898-4 0  9990 | 2 42029  97.3888  59.9922 0006698 218.3150 141.7613 15.25840549157365 | 2019/12/20-19:49:45  326.4796    0.1238  141.8088   94.3742     6866.3996     6861.8005     6870.9987  48.705881  84.334545   0.000097  -0.000663
1 42029U 17008CK  19356.13781553  .00001039  00000-0  43426-4 0  9996 | 2 42029  97.3886  61.2882 0006809 213.0596 147.0217 15.25843663157565 | 2019/12/22-03:18:27   78.6455    0.1237  147.0641   94.3740     6866.3902     6861.7149     6871.0656  46.785886  85.414403   0.000052  -0.000679
1 42029U 17008CK  19357.18708944  .00001041  00000-0  43474-4 0  9991 | 2 42029  97.3885  62.3249 0006909 209.0303 151.0552 15.25846204157724 | 2019/12/23-04:29:24   96.3774    0.1238  151.0935   94.3739     6866.3826     6861.6386     6871.1266  45.232792  86.246823   0.000016  -0.000691
1 42029U 17008CK  19358.43310030  .00001042  00000-0  43521-4 0  9999 | 2 42029  97.3884  63.5560 0007027 204.2290 155.8619 15.25849139157913 | 2019/12/24-10:23:39  184.9330    0.1238  155.8948   94.3737     6866.3738     6861.5488     6871.1988  43.369285  87.198656  -0.000027  -0.000702
1 42029U 17008CK  19359.74468770  .00001118  00000-0  46482-4 0  9992 | 2 42029  97.3882  64.8519 0007152 199.1359 160.9612 15.25852736158116 | 2019/12/25-17:52:21  297.0951    0.1238  160.9879   94.3735     6866.3630     6861.4522     6871.2738  41.386041  88.157003  -0.000075  -0.000711
1 42029U 17008CK  19360.92511220 +.00001314 +00000-0 +54133-4 0  9993 | 2 42029 097.3879 066.0182 0007265 194.8566 165.2460 15.25857224158294 | 2019/12/26-22:12:09    2.0396    0.1238  165.2672   94.3732     6866.3496     6861.3612     6871.3380  39.582965  88.980852  -0.000115  -0.000717
1 42029U 17008CK  19362.17111467  .00001267  00000-0  52293-4 0  9993 | 2 42029  97.3877  67.2493 0007391 190.4190 169.6897 15.25860263158485 | 2019/12/28-04:06:24   90.5914    0.1238  169.7048   94.3730     6866.3404     6861.2655     6871.4154  37.661988  89.810571  -0.000158  -0.000722
1 42029U 17008CK  19363.41711512  .00001243  00000-0  51360-4 0  9996 | 2 42029  97.3876  68.4803 0007509 185.9281 174.1870 15.25863189158676 | 2019/12/29-10:00:38  179.1423    0.1238  174.1957   94.3728     6866.3317     6861.1757     6871.4876  35.723828  90.598856  -0.000202  -0.000723
1 42029U 17008CK  19364.72869187  .00001176  00000-0  48737-4 0  9992 | 2 42029  97.3874  69.7762 0007656 181.3824 178.7394 15.25866049158879 | 2019/12/30-17:29:18  291.3001    0.1237  178.7413   94.3726     6866.3231     6861.0662     6871.5799  33.665656  91.383419  -0.000247  -0.000725
1 42029U 17008CK  19365.77795189  .00001029  00000-0  42972-4 0  9990 | 2 42029  97.3873  70.8128 0007758 177.7276 182.3999 15.25867586159038 | 2019/12/31-18:40:15  309.0256    0.1238  182.3962   94.3725     6866.3185     6860.9916     6871.6454  32.006888  91.977418  -0.000284  -0.000722
1 42029U 17008CK  20001.82721096 +.00000853 +00000-0 +36112-4 0  9994 | 2 42029 097.3872 071.8494 0007877 174.0873 186.0459 15.25868648159198 | 2020/01/01-19:51:11  326.7507    0.1237  186.0364   94.3725     6866.3153     6860.9067     6871.7239  30.337646  92.541309  -0.000321  -0.000719
1 42029U 17008CK  20003.46667523  .00000903  00000-0  38060-4 0  9990 | 2 42029  97.3871  73.4692 0008032 168.5579 191.5844 15.25871992159443 | 2020/01/03-11:12:00  196.9449    0.1238  191.5659   94.3723     6866.3053     6860.7902     6871.8203  27.709622  93.361791  -0.000377  -0.000709
1 42029U 17008CK  20004.77824410  .00000897  00000-0  37813-4 0  9992 | 2 42029  97.3870  74.7649 0008164 164.2991 195.8502 15.25874506159649 | 2020/01/04-18:40:40  309.0998    0.1238  195.8247   94.3721     6866.2977     6860.6921     6871.9034  25.591386  93.964401  -0.000420  -0.000700
1 42029U 17008CK  20005.82749691  .00001007  00000-0  42098-4 0  9991 | 2 42029  97.3870  75.8014 0008254 160.8551 199.2999 15.25877331159806 | 2020/01/05-19:51:35  326.8228    0.1238  199.2687   94.3719     6866.2892     6860.6218     6871.9567  23.887443  94.411958  -0.000454  -0.000690
1 42029U 17008CK  20007.13906031  .00001141  00000-0  47312-4 0  9993 | 2 42029  97.3868  77.0971 0008369 156.6174 203.5446 15.25881039160000 | 2020/01/07-03:20:14   78.9756    0.1237  203.5063   94.3717     6866.2781     6860.5317     6872.0245  21.746419  94.927773  -0.000495  -0.000675
1 42029U 17008CK  20008.18830925  .00001116  00000-0  46336-4 0  9994 | 2 42029  97.3866  78.1337 0008462 153.3115 206.8561 15.25883391160163 | 2020/01/08-04:31:09   96.6972    0.1238  206.8123   94.3716     6866.2711     6860.4608     6872.0813  20.025472  95.305458  -0.000527  -0.000662
1 42029U 17008CK  20009.95891218  .00001157  00000-0  47948-4 0  9997 | 2 42029  97.3862  79.8828 0008622 147.6973 212.4795 15.25888132160438 | 2020/01/09-23:00:50   14.1012    0.1238  212.4265   94.3713     6866.2568     6860.3368     6872.1769  17.107080  95.871892  -0.000582  -0.000636
1 42029U 17008CK  20011.00815530  .00001219  00000-0  50368-4 0  9998 | 2 42029  97.3860  80.9194 0008706 144.4083 215.7737 15.25891338160596 | 2020/01/11-00:11:44   31.8211    0.1237  215.7154   94.3711     6866.2472     6860.2695     6872.2250  15.369821  96.165491  -0.000612  -0.000619
1 42029U 17008CK  20012.12297401  .00001232  00000-0  50865-4 0  9990 | 2 42029  97.3858  82.0207 0008780 141.0052 219.1821 15.25894502160769 | 2020/01/12-02:57:04   73.1480    0.1238  219.1186   94.3709     6866.2377     6860.2092     6872.2663  13.518641  96.442938  -0.000642  -0.000599
1 42029U 17008CK  20013.17221253  .00001289  00000-0  53052-4 0  9991 | 2 42029  97.3857  83.0572 0008860 137.7669 222.4253 15.25897908160926 | 2020/01/13-04:07:59   90.8667    0.1238  222.3569   94.3707     6866.2275     6860.1440     6872.3110  11.771827  96.671602  -0.000670  -0.000579
1 42029U 17008CK  20014.22144791  .00001507  00000-0  61571-4 0  9997 | 2 42029  97.3857  84.0936 0008891 134.5993 225.5972 15.25902459161088 | 2020/01/14-05:18:53  108.5849    0.1238  225.5245   94.3704     6866.2139     6860.1091     6872.3186  10.021344  96.868711  -0.000694  -0.000556
1 42029U 17008CK  20015.46741360  .00001208  00000-0  49902-4 0  9991 | 2 42029  97.3855  85.3244 0008983 130.8470 229.3549 15.25904488161270 | 2020/01/15-11:13:04  197.1244    0.1239  229.2769   94.3703     6866.2078     6860.0399     6872.3757   7.938289  97.061420  -0.000725  -0.000530
1 42029U 17008CK  20017.17241537  .00001070  00000-0  44516-4 0  9995 | 2 42029  97.3853  87.0085 0009078 125.8454 234.3629 15.25908395161537 | 2020/01/17-04:08:16   90.9151    0.1238  234.2784   94.3700     6866.1961     6859.9629     6872.4292   5.082325  97.252592  -0.000763  -0.000492
1 42029U 17008CK  20018.41837432 +.00001196 +00000-0 +49411-4 0  9996 | 2 42029 097.3852 088.2391 0009149 122.0760 238.1368 15.25912435161720 | 2020/01/18-10:02:27  179.4533    0.1238  238.0478   94.3698     6866.1839     6859.9021     6872.4658   2.992517  97.339211  -0.000790  -0.000462
1 42029U 17008CK  20019.72990736  .00001405  00000-0  57538-4 0  9990 | 2 42029  97.3849  89.5346 0009219 118.2053 242.0117 15.25916882161928 | 2020/01/19-17:31:03  291.5982    0.1238  241.9185   94.3695     6866.1706     6859.8407     6872.5005   0.791026  97.381687  -0.000816  -0.000429
1 42029U 17008CK  20021.17259097  .00001317  00000-0  54138-4 0  9995 | 2 42029  97.3846  90.9596 0009272 113.9395 246.2815 15.25919972162147 | 2020/01/21-04:08:31   90.9573    0.1238  246.1843   94.3693     6866.1613     6859.7950     6872.5276  -1.630939  97.370942  -0.000841  -0.000390
1 42029U 17008CK  20022.41854278  .00001243  00000-0  51215-4 0  9996 | 2 42029  97.3846  92.1903 0009308 110.3652 249.8587 15.25922442162332 | 2020/01/22-10:02:42  179.4944    0.1238  249.7586   94.3691     6866.1539     6859.7629     6872.5449  -3.721907  97.313451  -0.000860  -0.000357
1 42029U 17008CK  20023.46776302  .00001273  00000-0  52413-4 0  9997 | 2 42029  97.3844  93.2266 0009345 107.3088 252.9173 15.25925143162498 | 2020/01/23-11:13:34  197.2093    0.1238  252.8150   94.3690     6866.1458     6859.7294     6872.5622  -5.481284  97.230021  -0.000875  -0.000328
1 42029U 17008CK  20024.71370877  .00001316  00000-0  54053-4 0  9993 | 2 42029  97.3842  94.4572 0009363 103.7889 256.4392 15.25928675162684 | 2020/01/24-17:07:44  285.7453    0.1238  256.3349   94.3688     6866.1352     6859.7065     6872.5640  -7.568152  97.089678  -0.000889  -0.000293
1 42029U 17008CK  20025.82849898  .00001405  00000-0  57536-4 0  9998 | 2 42029  97.3840  95.5581 0009361 100.3667 259.8627 15.25932432162852 | 2020/01/25-19:53:02  327.0663    0.1238  259.7571   94.3685     6866.1239     6859.6966     6872.5513  -9.432134  96.926149  -0.000900  -0.000257
1 42029U 17008CK  20027.14001405  .00001385  00000-0  56739-4 0  9990 | 2 42029  97.3837  96.8535 0009352  96.5910 263.6393 15.25936216163058 | 2020/01/27-03:21:37   79.2082    0.1238  263.5328   94.3683     6866.1126     6859.6914     6872.5338 -11.620904  96.687846  -0.000910  -0.000217
1 42029U 17008CK  20028.18922411  .00001384  00000-0  56705-4 0  9996 | 2 42029  97.3835  97.8897 0009343  93.6137 266.6170 15.25939317163216 | 2020/01/28-04:32:28   96.9213    0.1238  266.5101   94.3681     6866.1033     6859.6883     6872.5183 -13.367490  96.461683  -0.000916  -0.000186
1 42029U 17008CK  20029.43515736  .00001516  00000-0  61831-4 0  9996 | 2 42029  97.3834  99.1202 0009342  90.0406 270.1903 15.25944030163402 | 2020/01/29-10:26:37  185.4547    0.1238  270.0832   94.3678     6866.0892     6859.6749     6872.5035 -15.435870  96.152278  -0.000922  -0.000149
1 42029U 17008CK  20031.27126381  .00001548  00000-0  63063-4 0  9999 | 2 42029  97.3832 100.9336 0009327  84.6227 275.6075 15.25949762163689 | 2020/01/31-06:30:37  126.4500    0.1238  275.5011   94.3675     6866.0720     6859.6680     6872.4759 -18.470794  95.615466  -0.000928  -0.000090
1 42029U 17008CK  20032.45161416  .00001561  00000-0  63547-4 0  9990 | 2 42029  97.3831 102.0994 0009281  81.2107 279.0182 15.25953441163866 | 2020/02/01-10:50:19  191.3751    0.1238  278.9131   94.3672     6866.0609     6859.6885     6872.4333 -20.412308  95.219776  -0.000927  -0.000054
1 42029U 17008CK  20033.56638452 +.00001824 +00000-0 +73786-4 0  9990 | 2 42029 097.3828 103.2001 0009253 078.0410 282.1865 15.25959133164031 | 2020/02/02-13:35:35  232.6919    0.1238  282.0828   94.3669     6866.0439     6859.6907     6872.3970 -22.237613  94.809801  -0.000925  -0.000020
1 42029U 17008CK  20035.07460162  .00001430  00000-0  58459-4 0  9992 | 2 42029  97.3827 104.6895 0009205  73.5986 286.6264 15.25962038164266 | 2020/02/04-01:47:25   55.6497    0.1239  286.5253   94.3667     6866.0351     6859.7150     6872.3553 -24.694371  94.199672  -0.000920   0.000027
1 42029U 17008CK  20036.18936739  .00001390  00000-0  56904-4 0  9991 | 2 42029  97.3826 105.7905 0009134  70.3649 289.8574 15.25965400164435 | 2020/02/05-04:32:41   96.9658    0.1238  289.7589   94.3665     6866.0251     6859.7536     6872.2965 -26.499821  93.707685  -0.000911   0.000061
1 42029U 17008CK  20037.43527642  .00001797  00000-0  72708-4 0  9990 | 2 42029  97.3824 107.0208 0009092  66.6355 293.5839 15.25972356164624 | 2020/02/06-10:26:47  185.4937    0.1239  293.4884   94.3661     6866.0042     6859.7616     6872.2468 -28.505664  93.116910  -0.000904   0.000100
1 42029U 17008CK  20038.74675822  .00001601  00000-0  65070-4 0  9997 | 2 42029  97.3822 108.3159 0009027  62.6091 297.6065 15.25975474164824 | 2020/02/07-17:55:19  297.6285    0.1239  297.5148   94.3659     6865.9948     6859.7969     6872.1928 -30.602933  92.448653  -0.000891   0.000142
1 42029U 17008CK  20039.86151247 +.00001889 +00000-0 +76262-4 0  9994 | 2 42029 097.3819 109.4168 0008957 059.2608 300.9512 15.25981130164998 | 2020/02/08-20:40:34  338.9415    0.1239  300.8631   94.3655     6865.9779     6859.8280     6872.1277 -32.373413  91.843326  -0.000878   0.000176
1 42029U 17008CK  20041.43527916 +.00001669 +00000-0 +67725-4 0  9990 | 2 42029 097.3816 110.9708 0008839 054.6564 305.5499 15.25986034165232 | 2020/02/10-10:26:48  185.5004    0.1238  305.4674   94.3652     6865.9632     6859.8943     6872.0320 -34.852107  90.931329  -0.000856   0.000219
1 42029U 17008CK  20042.61560108 +.00001576 +00000-0 +64072-4 0  9990 | 2 42029 097.3814 112.1364 0008766 051.0508 309.1510 15.25989504165419 | 2020/02/11-14:46:27  250.4186    0.1238  309.0730   94.3650     6865.9527     6859.9341     6871.9714 -36.694559  90.203361  -0.000839   0.000254
1 42029U 17008CK  20043.73034651 +.00001523 +00000-0 +62006-4 0  9990 | 2 42029 097.3812 113.2370 0008667 047.7380 312.4592 15.25993009165586 | 2020/02/12-17:31:41  291.7297    0.1239  312.3859   94.3648     6865.9422     6859.9915     6871.8929 -38.420329  89.481710  -0.000819   0.000283
1 42029U 17008CK  20044.77951673  .00001337  00000-0  54783-4 0  9993 | 2 42029  97.3810 114.2730 0008591  44.4786 315.7141 15.25995465165747 | 2020/02/13-18:42:30  309.4336    0.1239  315.6453   94.3646     6865.9349     6860.0363     6871.8334 -40.031851  88.772237  -0.000801   0.000311
1 42029U 17008CK  20045.82868607 +.00001138 +00000-0 +47051-4 0  9993 | 2 42029 097.3809 115.3090 0008499 041.2601 318.9278 15.25997067165908 | 2020/02/14-19:53:18  327.1374    0.1239  318.8638   94.3645     6865.9301     6860.0947     6871.7654 -41.630322  88.033834  -0.000780   0.000338
1 42029U 17008CK  20046.87785246 +.00001285 +00000-0 +52767-4 0  9999 | 2 42029 097.3807 116.3449 0008419 038.0634 322.1198 15.26000707166060 | 2020/02/15-21:04:06  344.8402    0.1239  322.0605   94.3643     6865.9191     6860.1387     6871.6996 -43.214983  87.266637  -0.000759   0.000364
1 42029U 17008CK  20048.25488104 +.00001397 +00000-0 +57104-4 0  9990 | 2 42029 097.3805 117.7046 0008279 033.5771 326.5991 15.26004892166273 | 2020/02/17-06:07:01  120.5751    0.1239  326.5468   94.3640     6865.9066     6860.2223     6871.5909 -45.273473  86.216439  -0.000726   0.000398
1 42029U 17008CK  20049.43518910 +.00001288 +00000-0 +52860-4 0  9993 | 2 42029 097.3804 118.8700 0008172 029.7000 330.4701 15.26007287166459 | 2020/02/18-10:26:40  185.4901    0.1239  330.4239   94.3639     6865.8994     6860.2886     6871.5102 -47.017587  85.277716  -0.000697   0.000426
1 42029U 17008CK  20050.48434422 +.00002416 +00000-0 +96686-4 0  9993 | 2 42029 097.3802 119.9058 0008094 026.1969 333.9678 15.26017650166617 | 2020/02/19-11:37:27  203.1896    0.1240  333.9271   94.3633     6865.8683     6860.3111     6871.4256 -48.551381  84.413664  -0.000672   0.000451
1 42029U 17008CK  20051.53350006 +.00002871 +00000-0 +11433-3 0  9996 | 2 42029 097.3803 120.9418 0007935 023.1230 337.0364 15.26021527166773 | 2020/02/20-12:48:14  220.8891    0.1239  337.0009   94.3630     6865.8567     6860.4086     6871.3048 -50.069748  83.522112  -0.000642   0.000466
1 42029U 17008CK  20052.71379307  .00002297  00000-0  92028-4 0  9994 | 2 42029  97.3800 122.1071 0007800  19.2405 340.9127 15.26026664166957 | 2020/02/21-17:07:51  285.7988    0.1239  340.8834   94.3627     6865.8413     6860.4859     6871.1966 -51.757816  82.486320  -0.000609   0.000487
1 42029U 17008CK  20053.82851309  .00001926  00000-0  77605-4 0  9996 | 2 42029  97.3795 123.2074 0007727  15.1665 344.9803 15.26028557167124 | 2020/02/22-19:53:03  327.1029    0.1238  344.9573   94.3626     6865.8356     6860.5304     6871.1408 -53.331956  81.476803  -0.000578   0.000513
1 42029U 17008CK  20054.87765859 +.00001689 +00000-0 +68428-4 0  9995 | 2 42029 097.3793 124.2432 0007608 011.6551 348.4862 15.26031689167285 | 2020/02/23-21:03:49  344.7990    0.1239  348.4688   94.3624     6865.8262     6860.6027     6871.0497 -54.795996  80.499235  -0.000546   0.000529
1 42029U 17008CK  20056.25465882  .00001241  00000-0  50991-4 0  9992 | 2 42029  97.3790 125.6026 0007464   6.8046 353.3293 15.26034528167492 | 2020/02/25-06:06:42  120.5244    0.1240  353.3194   94.3622     6865.8177     6860.6931     6870.9423 -56.690146  79.176367  -0.000503   0.000551
1 42029U 17008CK  20057.43494304  .00001112  00000-0  45980-4 0  9993 | 2 42029  97.3788 126.7678 0007350   2.6610 357.4666 15.26036993167676 | 2020/02/26-10:26:19  185.4311    0.1239  357.4629   94.3621     6865.8103     6860.7639     6870.8567 -58.288369  78.007030  -0.000467   0.000568
1 42029U 17008CK  20058.61522531  .00000968  00000-0  40407-4 0  9995 | 2 42029  97.3787 127.9330 0007220 358.4564   1.6651 15.26039066167855 | 2020/02/27-14:45:55  250.3370    0.1239    1.6675   94.3619     6865.8041     6860.8470     6870.7612 -59.862541  76.805517  -0.000428   0.000581
1 42029U 17008CK  20059.66436378 +.00001078 +00000-0 +44684-4 0  9998 | 2 42029 097.3785 128.9687 0007111 354.6308 005.4853 15.26041939168019 | 2020/02/28-15:56:41  268.0306    0.1239    5.4931   94.3618     6865.7955     6860.9132     6870.6777 -61.240925  75.710774  -0.000394   0.000592
1 42029U 17008CK  20060.84464036 +.00001468 +00000-0 +59804-4 0  9995 | 2 42029 097.3783 130.1338 0007001 350.2175 009.8926 15.26047294168195 | 2020/02/29-20:16:16  332.9344    0.1239    9.9064   94.3614     6865.7794     6860.9727     6870.5861 -62.767594  74.449731  -0.000354   0.000604
1 42029U 17008CK  20062.22162711  .00001552  00000-0  63073-4 0  9991 | 2 42029  97.3782 131.4931 0006904 344.9176  15.1856 15.26051530168403 | 2020/03/02-05:19:08  108.6545    0.1239   15.2063   94.3612     6865.7667     6861.0266     6870.5068 -64.515964  72.939730  -0.000307   0.000618
1 42029U 17008CK  20063.72975188  .00001489  00000-0  60593-4 0  9990 | 2 42029  97.3779 132.9819 0006734 339.0124  21.0837 15.26055365168639 | 2020/03/03-17:30:50  291.5842    0.1239   21.1115   94.3609     6865.7552     6861.1318     6870.3786 -66.389067  71.238664  -0.000252   0.000624
1 42029U 17008CK  20065.30344012  .00001734  00000-0  70109-4 0  9999 | 2 42029  97.3776 134.5351 0006529 332.5427  27.5466 15.26062090168879 | 2020/03/05-07:16:57  138.1166    0.1239   27.5812   94.3605     6865.7350     6861.2524     6870.2177 -68.295398  69.412791  -0.000192   0.000624
1 42029U 17008CK  20066.61484551  .00001430  00000-0  58322-4 0  9993 | 2 42029  97.3774 135.8296 0006443 327.4065  32.6775 15.26064235169071 | 2020/03/06-14:45:22  250.2259    0.1239   32.7174   94.3604     6865.7286     6861.3050     6870.1522 -69.845954  67.852051  -0.000148   0.000627
1 42029U 17008CK  20067.86067721 +.00001400 +00000-0 +57131-4 0  9991 | 2 42029 097.3772 137.0593 0006330 322.1226 037.9566 15.26067595169268 | 2020/03/07-20:39:22  338.7284    0.1238   38.0012   94.3602     6865.7185     6861.3725     6870.0645 -71.285872  66.337347  -0.000101   0.000625
1 42029U 17008CK  20069.10650659 +.00001229 +00000-0 +50513-4 0  9994 | 2 42029 097.3769 138.2890 0006240 316.8265 043.2484 15.26070155169456 | 2020/03/09-02:33:22   67.2295    0.1239   43.2974   94.3600     6865.7108     6861.4266     6869.9950 -72.692874  64.792027  -0.000056   0.000622
1 42029U 17008CK  20070.15562421  .00001142  00000-0  47103-4 0  9995 | 2 42029  97.3768 139.3245 0006172 312.4889  47.5827 15.26072473169610 | 2020/03/10-03:44:05   84.9137    0.1238   47.6349   94.3599     6865.7039     6861.4664     6869.9414 -73.851842  63.467682  -0.000020   0.000617
1 42029U 17008CK  20073.69637898 +.00001509 +00000-0 +61344-4 0  9998 | 2 42029 097.3761 142.8192 0005985 296.9307 063.1319 15.26084456170150 | 2020/03/13-16:42:47  279.5897    0.1238   63.1931   94.3591     6865.6679     6861.5588     6869.7771 -77.582701  58.847509   0.000107   0.000589
1 42029U 17008CK  20075.86016405 +.00001328 +00000-0 +54310-4 0  9998 | 2 42029 097.3758 144.9548 0005921 287.1197 072.9393 15.26089346170482 | 2020/03/15-20:38:38  338.5530    0.1239   73.0042   94.3588     6865.6533     6861.5881     6869.7184 -79.721499  55.915373   0.000182   0.000563
1 42029U 17008CK  20077.23711415 +.00001259 +00000-0 +51644-4 0  9994 | 2 42029 097.3756 146.3136 0005895 280.7996 079.2579 15.26092675170693 | 2020/03/17-05:41:26  114.2550    0.1239   79.3243   94.3586     6865.6433     6861.5960     6869.6906 -81.024854  54.009078   0.000229   0.000543
1 42029U 17008CK  20079.26974924 +.00001360 +00000-0 +55550-4 0  9998 | 2 42029 097.3752 148.3196 0005882 271.5073 088.5492 15.26098221171003 | 2020/03/19-06:28:26  126.0021    0.1239   88.6166   94.3583     6865.6267     6861.5883     6869.6650 -82.865401  51.139563   0.000296   0.000509
1 42029U 17008CK  20080.77782941  .00001320  00000-0  53963-4 0  9994 | 2 42029  97.3749 149.8078 0005905 264.6692  95.3873 15.26101729171232 | 2020/03/20-18:40:04  308.9092    0.1239   95.4547   94.3581     6865.6161     6861.5620     6869.6703 -84.165340  48.970060   0.000343   0.000481
1 42029U 17008CK  20081.82692569  .00001317  00000-0  53840-4 0  9997 | 2 42029  97.3748 150.8431 0005933 259.9903 100.0666 15.26104596171395 | 2020/03/21-19:50:46  326.5822    0.1238  100.1335   94.3579     6865.6075     6861.5342     6869.6809 -85.036324  47.441283   0.000375   0.000460
1 42029U 17008CK  20083.72840775  .00001323  00000-0  54083-4 0  9999 | 2 42029  97.3744 152.7194 0006001 251.2931 108.7656 15.26110014171689 | 2020/03/23-17:28:54  291.1118    0.1238  108.8307   94.3575     6865.5913     6861.4713     6869.7113 -86.543687  44.631425   0.000432   0.000417
1 42029U 17008CK  20084.77749865  .00001127  00000-0  46478-4 0  9994 | 2 42029  97.3742 153.7545 0006061 246.4699 113.5903 15.26111946171843 | 2020/03/24-18:39:35  308.7820    0.1238  113.6539   94.3574     6865.5855     6861.4243     6869.7467 -87.335648  43.060648   0.000463   0.000391
1 42029U 17008CK  20086.15442758  .00001194  00000-0  49071-4 0  9995 | 2 42029  97.3740 155.1131 0006129 240.4871 119.5756 15.26116143172059 | 2020/03/26-03:42:22   84.4724    0.1238  119.6367   94.3572     6865.5729     6861.3650     6869.7808 -88.331875  40.977746   0.000498   0.000357
1 42029U 17008CK  20088.12146395  .00001165  00000-0  47922-4 0  9993 | 2 42029  97.3737 157.0541 0006258 232.0118 128.0556 15.26121103172353 | 2020/03/28-02:54:54   72.5986    0.1238  128.1120   94.3569     6865.5580     6861.2616     6869.8545 -89.668848  37.962285   0.000547   0.000304
1 42029U 17008CK  20089.17054802  .00001146  00000-0  47196-4 0  9992 | 2 42029  97.3735 158.0892 0006340 227.5987 132.4716 15.26123510172515 | 2020/03/29-04:05:35   90.2649    0.1239  132.5252   94.3567     6865.5508     6861.1981     6869.9036 -90.339816  36.336155   0.000571   0.000275
1 42029U 17008CK  20090.74417014 +.00001244 +00000-0 +50970-4 0  9998 | 2 42029 097.3734 159.6419 0006452 221.1149 138.9604 15.26127936172759 | 2020/03/30-17:51:36  296.7622    0.1238  139.0089   94.3564     6865.5375     6861.1079     6869.9672 -91.291131  33.874894   0.000603   0.000229
1 42029U 17008CK  20091.79324857 +.00001347 +00000-0 +54974-4 0  9998 | 2 42029 097.3732 160.6770 0006551 216.8825 143.1963 15.26131368172919 | 2020/03/31-19:02:16  314.4259    0.1237  143.2412   94.3562     6865.5273     6861.0296     6870.0249 -91.887992  32.220133   0.000625   0.000198
1 42029U 17008CK  20092.84232514 +.00001371 +00000-0 +55901-4 0  9991 | 2 42029 097.3730 161.7121 0006645 212.7506 147.3321 15.26134452173073 | 2020/04/01-20:12:56  332.0885    0.1238  147.3732   94.3560     6865.5180     6860.9559     6870.0801 -92.454862  30.554863   0.000643   0.000166
1 42029U 17008CK  20094.15366729  .00001463  00000-0  59449-4 0  9996 | 2 42029  97.3729 163.0058 0006763 207.6519 152.4360 15.26138954173276 | 2020/04/03-03:41:16   84.1653    0.1237  152.4718   94.3558     6865.5045     6860.8614     6870.1476 -93.121049  28.459654   0.000665   0.000125
1 42029U 17008CK  20095.20273872 +.00001464 +00000-0 +59485-4 0  9990 | 2 42029 097.3727 164.0409 0006874 203.5798 156.5126 15.26142199173431 | 2020/04/04-04:51:56  101.8254    0.1238  156.5440   94.3556     6865.4948     6860.7754     6870.2141 -93.619782  26.772731   0.000681   0.000091
1 42029U 17008CK  20096.44850844 +.00001356 +00000-0 +55306-4 0  9995 | 2 42029 097.3725 165.2700 0007039 198.7634 161.3347 15.26145456173623 | 2020/04/05-10:45:51  190.2956    0.1239  161.3605   94.3554     6865.4850     6860.6524     6870.3176 -94.172329  24.758357   0.000702   0.000050
1 42029U 17008CK  20097.75984205  .00001241  00000-0  50811-4 0  9998 | 2 42029  97.3724 166.5637 0007158 193.8674 166.2369 15.26148770173829 | 2020/04/06-18:14:10  302.3683    0.1238  166.2564   94.3552     6865.4751     6860.5608     6870.3894 -94.707206  22.625856   0.000716   0.000005
1 42029U 17008CK  20099.07117304  .00001167  00000-0  47957-4 0  9997 | 2 42029  97.3721 167.8574 0007298 188.9992 171.1117 15.26151907174028 | 2020/04/08-01:42:29   54.4397    0.1238  171.1246   94.3550     6865.4657     6860.4552     6870.4761 -95.193605  20.481783   0.000729  -0.000040
1 42029U 17008CK  20100.18580129  .00001202  00000-0  49299-4 0  9992 | 2 42029  97.3720 168.9571 0007418 185.0688 175.0476 15.26155300174190 | 2020/04/09-04:27:33   95.6993    0.1237  175.0549   94.3547     6865.4555     6860.3627     6870.5483 -95.569064  18.651016   0.000738  -0.000077
1 42029U 17008CK  20101.43156009  .00001346  00000-0  54865-4 0  9991 | 2 42029  97.3718 170.1861 0007545 180.6547 179.4683 15.26159450174389 | 2020/04/10-10:21:26  184.1647    0.1238  179.4691   94.3545     6865.4430     6860.2631     6870.6230 -95.946917  16.596883   0.000745  -0.000120
1 42029U 17008CK  20102.74288020  .00001570  00000-0  63511-4 0  9992 | 2 42029  97.3716 171.4796 0007699 175.9518 184.1784 15.26164830174588 | 2020/04/11-17:49:44  296.2317    0.1238  184.1720   94.3542     6865.4269     6860.1412     6870.7126 -96.296927  14.426726   0.000751  -0.000168
1 42029U 17008CK  20104.18532663  .00001850  00000-0  74356-4 0  9997 | 2 42029  97.3715 172.9028 0007829 171.3818 188.7556 15.26171492174803 | 2020/04/13-04:26:52   95.5038    0.1238  188.7420   94.3537     6865.4069     6860.0320     6870.7818 -96.625437  12.030539   0.000754  -0.000212
1 42029U 17008CK  20105.43107313  .00001744  00000-0  70222-4 0  9996 | 2 42029  97.3713 174.1317 0007979 167.1793 192.9650 15.26175316174998 | 2020/04/14-10:20:44  183.9646    0.1238  192.9445   94.3535     6865.3955     6859.9176     6870.8734 -96.861029   9.955454   0.000756  -0.000256
1 42029U 17008CK  20106.74238116  .00001552  00000-0  62809-4 0  9996 | 2 42029  97.3711 175.4253 0008124 162.9302 197.2212 15.26179184175193 | 2020/04/15-17:49:01  296.0273    0.1239  197.1937   94.3533     6865.3839     6859.8064     6870.9613 -97.060895   7.766199   0.000755  -0.000300
1 42029U 17008CK  20108.18481706  .00001287  00000-0  52551-4 0  9999 | 2 42029  97.3709 176.8481 0008264 158.2608 201.8983 15.26182359175410 | 2020/04/17-04:26:08   95.2954    0.1238  201.8630   94.3531     6865.3743     6859.7008     6871.0479 -97.223605   5.353773   0.000750  -0.000348
1 42029U 17008CK  20109.49611880 +.00001169 +00000-0 +47994-4 0  9996 | 2 42029 097.3708 178.1416 0008392 153.9863 206.1799 15.26185550175610 | 2020/04/18-11:54:24  207.3559    0.1238  206.1375   94.3529     6865.3648     6859.6033     6871.1262 -97.319585   3.157688   0.000742  -0.000392
1 42029U 17008CK  20110.61072290 +.00001300 +00000-0 +53036-4 0  9999 | 2 42029 097.3706 179.2410 0008497 150.4256 209.7465 15.26189367175785 | 2020/04/19-14:39:26  248.6067    0.1238  209.6982   94.3526     6865.3533     6859.5198     6871.1868 -97.362057   1.289835   0.000733  -0.000429
1 42029U 17008CK  20111.79088863 +.00001477 +00000-0 +59875-4 0  9994 | 2 42029 097.3704 180.4052 0008586 146.7867 213.3912 15.26193859175963 | 2020/04/20-18:58:52  313.4596    0.1238  213.3371   94.3524     6865.3398     6859.4453     6871.2344 -97.367965  -0.688605   0.000722  -0.000465
1 42029U 17008CK  20112.83992313 +.00001347 +00000-0 +54849-4 0  9996 | 2 42029 097.3703 181.4399 0008665 143.6486 216.5342 15.26196170176128 | 2020/04/21-20:09:29  331.1064    0.1237  216.4751   94.3522     6865.3329     6859.3841     6871.2817 -97.339554  -2.446755   0.000711  -0.000496
1 42029U 17008CK  20114.15121225 +.00001363 +00000-0 +55438-4 0  9992 | 2 42029 097.3701 182.7333 0008775 139.6443 220.5448 15.26200364176323 | 2020/04/23-03:37:44   83.1633    0.1238  220.4795   94.3520     6865.3203     6859.2960     6871.3447 -97.259325  -4.643287   0.000695  -0.000536
1 42029U 17008CK  20115.20024122 +.00001425 +00000-0 +57836-4 0  9990 | 2 42029 097.3700 183.7680 0008856 136.4894 223.7045 15.26203900176487 | 2020/04/24-04:48:20  100.8082    0.1238  223.6344   94.3517     6865.3097     6859.2298     6871.3896 -97.159518  -6.398827   0.000681  -0.000566
1 42029U 17008CK  20116.44596011 +.00001228 +00000-0 +50223-4 0  9992 | 2 42029 097.3698 184.9967 0008947 132.7928 227.4064 15.26206815176673 | 2020/04/25-10:42:10  189.2608    0.1238  227.3310   94.3516     6865.3010     6859.1586     6871.4434 -96.999767  -8.480750   0.000663  -0.000601
1 42029U 17008CK  20117.49498436 +.00001390 +00000-0 +56464-4 0  9993 | 2 42029 097.3697 186.0313 0009025 129.6379 230.5658 15.26210891176834 | 2020/04/26-11:52:46  206.9044    0.1239  230.4860   94.3513     6865.2888     6859.0928     6871.4847 -96.830724 -10.230804   0.000646  -0.000631
1 42029U 17008CK  20118.60957008  .00001250  00000-0  51047-4 0  9999 | 2 42029  97.3696 187.1307 0009095 126.2909 233.9171 15.26213533177000 | 2020/04/27-14:37:46  248.1502    0.1238  233.8329   94.3511     6865.2808     6859.0369     6871.5248 -96.616501 -12.086797   0.000625  -0.000661
1 42029U 17008CK  20119.72415286  .00001430  00000-0  57985-4 0  9997 | 2 42029  97.3695 188.2299 0009144 123.0339 237.1779 15.26217929177179 | 2020/04/28-17:22:46  289.3955    0.1238  237.0899   94.3509     6865.2677     6858.9901     6871.5453 -96.366756 -13.937999   0.000603  -0.000687
1 42029U 17008CK  20120.77316990 +.00001442 +00000-0 +58463-4 0  9991 | 2 42029 097.3694 189.2646 0009198 120.0389 240.1764 15.26221154177337 | 2020/04/29-18:33:21  307.0374    0.1239  240.0850   94.3507     6865.2580     6858.9433     6871.5727 -96.099253 -15.675896   0.000583  -0.000712
1 42029U 17008CK  20121.82218501 +.00001401 +00000-0 +56861-4 0  9992 | 2 42029 097.3693 190.2993 0009245 116.9457 243.2727 15.26224007177496 | 2020/04/30-19:43:56  324.6790    0.1238  243.1781   94.3505     6865.2494     6858.9025     6871.5964 -95.800410 -17.408676   0.000560  -0.000736
1 42029U 17008CK  20123.19901395 +.00001385 +00000-0 +56233-4 0  9998 | 2 42029 097.3692 191.6573 0009302 112.9470 247.2751 15.26228006177707 | 2020/05/02-04:46:34  100.3328    0.1238  247.1768   94.3503     6865.2374     6858.8514     6871.6235 -95.360830 -19.674174   0.000528  -0.000766
1 42029U 17008CK  20124.83809142  .00001299  00000-0  52918-4 0  9997 | 2 42029  97.3690 193.2738 0009354 108.1744 252.0514 15.26232326177952 | 2020/05/03-20:06:51  330.3961    0.1239  251.9495   94.3500     6865.2245     6858.8028     6871.6462 -94.767687 -22.356380   0.000488  -0.000798
1 42029U 17008CK  20126.14935000  .00001132  00000-0  46453-4 0  9999 | 2 42029  97.3689 194.5671 0009389 104.3972 255.8309 15.26235008178155 | 2020/05/05-03:35:03   82.4460    0.1238  255.7266   94.3498     6865.2164     6858.7707     6871.6622 -94.238855 -24.489607   0.000455  -0.000821
1 42029U 17008CK  20127.46060448  .00001382  00000-0  56116-4 0  9994 | 2 42029  97.3688 195.8603 0009407 100.6743 259.5555 15.26240151178350 | 2020/05/06-11:03:16  194.4951    0.1238  259.4495   94.3495     6865.2010     6858.7429     6871.6591 -93.662058 -26.610189   0.000420  -0.000842
1 42029U 17008CK  20128.64073121  .00001348  00000-0  54800-4 0  9997 | 2 42029  97.3686 197.0242 0009409  97.4472 262.7836 15.26243326178530 | 2020/05/07-15:22:39  259.3391    0.1239  262.6767   94.3493     6865.1915     6858.7320     6871.6510 -93.102023 -28.507150   0.000390  -0.000856
1 42029U 17008CK  20129.75529328  .00001292  00000-0  52625-4 0  9996 | 2 42029  97.3685 198.1234 0009418  94.2270 266.0045 15.26246028178703 | 2020/05/08-18:07:37  300.5801    0.1238  265.8968   94.3491     6865.1834     6858.7178     6871.6490 -92.537929 -30.287894   0.000358  -0.000871
1 42029U 17008CK  20131.13210257  .00001136  00000-0  46588-4 0  9997 | 2 42029  97.3683 199.4813 0009414  90.2690 269.9627 15.26248744178914 | 2020/05/10-03:10:13   76.2304    0.1238  269.8548   94.3490     6865.1753     6858.7124     6871.6381 -91.794003 -32.472249   0.000318  -0.000886
1 42029U 17008CK  20132.70559467  .00001066  00000-0  43904-4 0  9991 | 2 42029  97.3682 201.0331 0009398  85.7331 274.4981 15.26252497179151 | 2020/05/11-16:56:03  282.6871    0.1238  274.3907   94.3487     6865.1640     6858.7121     6871.6159 -90.880872 -34.946150   0.000271  -0.000900
1 42029U 17008CK  20133.75458762  .00001011  00000-0  41769-4 0  9990 | 2 42029  97.3681 202.0676 0009388  82.6855 277.5451 15.26254636179310 | 2020/05/12-18:06:36  300.3246    0.1239  277.4384   94.3486     6865.1576     6858.7126     6871.6026 -90.235033 -36.581221   0.000239  -0.000908
1 42029U 17008CK  20135.13138867  .00000970  00000-0  40171-4 0  9994 | 2 42029  97.3679 203.4254 0009351  78.6616 281.5673 15.26257344179527 | 2020/05/14-03:09:11   75.9739    0.1239  281.4623   94.3484     6865.1495     6858.7299     6871.5691 -89.342689 -38.709067   0.000196  -0.000914
1 42029U 17008CK  20136.31150146  .00000961  00000-0  39826-4 0  9994 | 2 42029  97.3679 204.5891 0009304  75.2794 284.9475 15.26259857179702 | 2020/05/15-07:28:33  140.8160    0.1239  284.8445   94.3483     6865.1419     6858.7546     6871.5293 -88.538120 -40.515544   0.000159  -0.000917
1 42029U 17008CK  20137.42605097 +.00000955 +00000-0 +39597-4 0  9995 | 2 42029 097.3679 205.6884 0009260 072.0126 288.2122 15.26262075179871 | 2020/05/16-10:13:30  182.0552    0.1240  288.1114   94.3481     6865.1353     6858.7782     6871.4924 -87.744524 -42.206711   0.000124  -0.000918
1 42029U 17008CK  20138.60616037 +.00000954 +00000-0 +39564-4 0  9995 | 2 42029 097.3678 206.8521 0009207 068.7181 291.5040 15.26264417180055 | 2020/05/17-14:32:52  246.8968    0.1239  291.4058   94.3480     6865.1283     6858.8075     6871.4490 -86.869162 -43.979964   0.000089  -0.000916
1 42029U 17008CK  20139.72070612  .00001010  00000-0  41724-4 0  9997 | 2 42029  97.3677 207.9512 0009144  65.3869 294.8321 15.26267030180223 | 2020/05/18-17:17:49  288.1358    0.1239  294.7370   94.3478     6865.1204     6858.8430     6871.3979 -86.009478 -45.638127   0.000053  -0.000913
1 42029U 17008CK  20140.76968820  .00001114  00000-0  45730-4 0  9996 | 2 42029  97.3676 208.9856 0009082  62.3583 297.8576 15.26269973180385 | 2020/05/19-18:28:21  305.7719    0.1238  297.7655   94.3477     6865.1116     6858.8767     6871.3465 -85.171483 -47.183345   0.000021  -0.000908
1 42029U 17008CK  20141.94979183  .00001057  00000-0  43540-4 0  9994 | 2 42029  97.3675 210.1493 0009012  58.8955 301.3167 15.26272084180566 | 2020/05/20-22:47:42   10.6124    0.1239  301.2284   94.3475     6865.1053     6858.9184     6871.2921 -84.195583 -48.903311  -0.000015  -0.000901
1 42029U 17008CK  20143.12989316 +.00001055 +00000-0 +43460-4 0  9994 | 2 42029 097.3674 211.3130 0008934 055.3430 304.8649 15.26274650180742 | 2020/05/22-03:07:02   75.4527    0.1238  304.7808   94.3474     6865.0976     6858.9643     6871.2308 -83.184955 -50.603101  -0.000052  -0.000892
1 42029U 17008CK  20144.24443123  .00001064  00000-0  43795-4 0  9990 | 2 42029  97.3673 212.4121 0008846  51.9550 308.2486 15.26277253180918 | 2020/05/23-05:51:58  116.6901    0.1239  308.1689   94.3472     6865.0898     6859.0169     6871.1626 -82.198911 -52.189369  -0.000087  -0.000880
1 42029U 17008CK  20145.29340626 +.00001076 +00000-0 +44252-4 0  9992 | 2 42029 097.3673 213.4465 0008772 048.7875 311.4118 15.26279791181077 | 2020/05/24-07:02:30  134.3249    0.1239  311.3364   94.3471     6865.0822     6859.0601     6871.1042 -81.243356 -53.664776  -0.000119  -0.000869
1 42029U 17008CK  20146.60462227  .00001114  00000-0  45730-4 0  9995 | 2 42029  97.3672 214.7395 0008665  44.8153 315.3784 15.26283201181274 | 2020/05/25-14:30:39  246.3677    0.1239  315.3086   94.3468     6865.0719     6859.1233     6871.0205 -80.011631 -55.484327  -0.000157  -0.000852
1 42029U 17008CK  20147.85027487 +.00001107 +00000-0 +45456-4 0  9995 | 2 42029 097.3671 215.9679 0008560 040.9426 319.2454 15.26286257181467 | 2020/05/26-20:24:23  334.8077    0.1239  319.1813   94.3467     6865.0628     6859.1863     6870.9393 -78.803690 -57.186805  -0.000194  -0.000834
1 42029U 17008CK  20149.29260393  .00001424  00000-0  57634-4 0  9993 | 2 42029  97.3670 217.3901 0008437  36.3486 323.8324 15.26292313181689 | 2020/05/28-07:01:20  134.0526    0.1239  323.7753   94.3463     6865.0446     6859.2526     6870.8366 -77.359986 -59.124997  -0.000236  -0.000810
1 42029U 17008CK  20150.47268930  .00001390  00000-0  56333-4 0  9997 | 2 42029  97.3670 218.5537 0008322  32.6755 327.4997 15.26295471181862 | 2020/05/29-11:20:40  198.8887    0.1239  327.4484   94.3461     6865.0351     6859.3221     6870.7482 -76.143366 -60.683774  -0.000268  -0.000788
1 42029U 17008CK  20152.17725207  .00001403  00000-0  56848-4 0  9997 | 2 42029  97.3668 220.2345 0008136  27.1261 333.0401 15.26300548182125 | 2020/05/31-04:15:14   92.5396    0.1239  332.9978   94.3458     6865.0199     6859.4345     6870.6053 -74.330520 -62.890918  -0.000313  -0.000751
1 42029U 17008CK  20153.75069092  .00001182  00000-0  48325-4 0  9990 | 2 42029  97.3668 221.7862 0007971  22.1723 337.9859 15.26303676182360 | 2020/06/01-18:00:59  298.9847    0.1239  337.9516   94.3456     6865.0105     6859.5384     6870.4826 -72.600242 -64.880649  -0.000350  -0.000716
1 42029U 17008CK  20155.12744510  .00001331  00000-0  54046-4 0  9991 | 2 42029  97.3667 223.1438 0007824  17.4937 342.6570 15.26308325182577 | 2020/06/03-03:03:31   74.6231    0.1239  342.6302   94.3453     6864.9966     6859.6254     6870.3678 -71.042613 -66.582441  -0.000384  -0.000682
1 42029U 17008CK  20156.43863322 +.00001721 +00000-0 +69073-4 0  9998 | 2 42029 097.3667 224.4368 0007681 013.0804 347.0633 15.26315074182779 | 2020/06/04-10:31:37  186.6572    0.1240  347.0436   94.3449     6864.9764     6859.7034     6870.2493 -69.522078 -68.168577  -0.000413  -0.000648
1 42029U 17008CK  20157.74981935 +.00001599 +00000-0 +64365-4 0  9996 | 2 42029 097.3667 225.7298 0007544 008.6260 351.5107 15.26318854182976 | 2020/06/05-17:59:44  298.6906    0.1239  351.4979   94.3446     6864.9650     6859.7861     6870.1440 -67.966139 -69.719999  -0.000440  -0.000613
1 42029U 17008CK  20159.32323843 +.00001351 +00000-0 +54790-4 0  9997 | 2 42029 097.3666 227.2813 0007366 003.0099 357.1183 15.26322622183218 | 2020/06/07-07:45:27  145.1293    0.1240  357.1141   94.3444     6864.9537     6859.8970     6870.0104 -66.053452 -71.534581  -0.000471  -0.000567
1 42029U 17008CK  20160.83109341 +.00001164 +00000-0 +47594-4 0  9996 | 2 42029 097.3666 228.7682 0007196 357.6001 002.5201 15.26326690183446 | 2020/06/08-19:56:46  327.9644    0.1238    2.5237   94.3442     6864.9415     6860.0015     6869.8815 -64.175004 -73.224475  -0.000497  -0.000521
1 42029U 17008CK  20162.14226993 +.00001092 +00000-0 +44809-4 0  9991 | 2 42029 097.3665 230.0611 0007042 352.8716 007.2421 15.26329397183648 | 2020/06/10-03:24:52   79.9939    0.1239    7.2523   94.3440     6864.9334     6860.0991     6869.7677 -62.506405 -74.653765  -0.000516  -0.000480
1 42029U 17008CK  20163.19120894 +.00001116 +00000-0 +45751-4 0  9994 | 2 42029 097.3664 231.0955 0006926 348.8908 011.2177 15.26332064183803 | 2020/06/11-04:35:20   97.6166    0.1240   11.2332   94.3438     6864.9254     6860.1708     6869.6801 -61.148453 -75.769931  -0.000531  -0.000445
1 42029U 17008CK  20164.43682167 +.00001122 +00000-0 +45959-4 0  9995 | 2 42029 097.3663 232.3237 0006787 344.1673 015.9352 15.26335185183995 | 2020/06/12-10:29:01  186.0427    0.1239   15.9566   94.3436     6864.9161     6860.2568     6869.5753 -59.510254 -77.063130  -0.000546  -0.000404
1 42029U 17008CK  20165.74799086 +.00001061 +00000-0 +43616-4 0  9999 | 2 42029 097.3663 233.6166 0006650 339.1294 020.9672 15.26337937184193 | 2020/06/13-17:57:06  298.0690    0.1239   20.9945   94.3435     6864.9078     6860.3426     6869.4730 -57.756293 -78.386268  -0.000559  -0.000360
1 42029U 17008CK  20167.45250731 +.00001021 +00000-0 +42076-4 0  9993 | 2 42029 097.3662 235.2974 0006485 332.2332 027.8560 15.26341542184458 | 2020/06/15-10:51:36  191.7016    0.1239   27.8907   94.3432     6864.8970     6860.4451     6869.3489 -55.432216 -80.046526  -0.000575  -0.000300
1 42029U 17008CK  20168.63255494 +.00000995 +00000-0 +41090-4 0  9999 | 2 42029 097.3662 236.4610 0006378 327.4180 032.6664 15.26344001184638 | 2020/06/16-15:10:52  256.5230    0.1239   32.7059   94.3431     6864.8896     6860.5112     6869.2680 -53.795260 -81.155695  -0.000583  -0.000258
1 42029U 17008CK  20169.74704306 +.00000907 +00000-0 +37698-4 0  9995 | 2 42029 097.3662 237.5599 0006283 322.8539 037.2264 15.26345713184805 | 2020/06/17-17:55:44  297.7424    0.1239   37.2700   94.3430     6864.8845     6860.5713     6869.1977 -52.228942 -82.172468  -0.000589  -0.000219
1 42029U 17008CK  20171.12376137 +.00000889 +00000-0 +36977-4 0  9995 | 2 42029 097.3661 238.9174 0006178 316.9402 043.1352 15.26348309185016 | 2020/06/19-02:58:12   73.3654    0.1238   43.1836   94.3428     6864.8767     6860.6356     6869.1178 -50.267515 -83.386656  -0.000594  -0.000169
1 42029U 17008CK  20172.43491956 +.00000915 +00000-0 +37975-4 0  9996 | 2 42029 097.3661 240.2103 0006076 311.2762 048.7953 15.26351017185218 | 2020/06/20-10:26:17  185.3857    0.1239   48.8477   94.3427     6864.8686     6860.6975     6869.0397 -48.373227 -84.499635  -0.000595  -0.000121
1 42029U 17008CK  20173.74607572 +.00000902 +00000-0 +37477-4 0  9997 | 2 42029 097.3661 241.5031 0005996 305.5781 054.4898 15.26353478185416 | 2020/06/21-17:54:20  297.4050    0.1239   54.5458   94.3425     6864.8612     6860.7450     6868.9774 -46.454458 -85.569508  -0.000595  -0.000074
1 42029U 17008CK  20175.18834525 +.00000863 +00000-0 +35991-4 0  9992 | 2 42029 097.3660 242.9253 0005918 299.0115 061.0530 15.26355996185636 | 2020/06/23-04:31:13   96.6248    0.1239   61.1124   94.3423     6864.8537     6860.7910     6868.9163 -44.316308 -86.696037  -0.000591  -0.000020
1 42029U 17008CK  20176.43393985 +.00000823 +00000-0 +34441-4 0  9996 | 2 42029 097.3659 244.1534 0005846 293.3527 066.7096 15.26358100185824 | 2020/06/24-10:24:52  185.0407    0.1238   66.7711   94.3422     6864.8473     6860.8342     6868.8605 -42.447950 -87.625853  -0.000584   0.000025
1 42029U 17008CK  20177.61397530 +.00000837 +00000-0 +34967-4 0  9995 | 2 42029 097.3660 245.3170 0005809 288.0012 072.0594 15.26360283186003 | 2020/06/25-14:44:07  249.8547    0.1239   72.1227   94.3421     6864.8408     6860.8530     6868.8286 -40.659798 -88.469875  -0.000577   0.000068
1 42029U 17008CK  20178.72845191 +.00000816 +00000-0 +34181-4 0  9994 | 2 42029 097.3659 246.4159 0005786 282.8812 077.1780 15.26362110186176 | 2020/06/26-17:28:58  291.0672    0.1239   77.2427   94.3420     6864.8353     6860.8633     6868.8073 -38.955582 -89.233296  -0.000569   0.000107
1 42029U 17008CK  20180.17071309 +.00000889 +00000-0 +36958-4 0  9992 | 2 42029 097.3658 247.8380 0005770 276.2386 083.8196 15.26365236186393 | 2020/06/28-04:05:49   90.2817    0.1239   83.8853   94.3418     6864.8259     6860.8649     6868.7870 -36.728974 -90.172510  -0.000555   0.000158
1 42029U 17008CK  20181.67852969  .00000842  00000-0  35140-4 0  9998 | 2 42029  97.3658 249.3248 0005759 269.2367  90.8211 15.26367627186629 | 2020/06/29-16:17:04  273.0955    0.1238   90.8871   94.3416     6864.8188     6860.8653     6868.7722 -34.376934 -91.095145  -0.000536   0.000210
1 42029U 17008CK  20182.72744352  .00000885  00000-0  36811-4 0  9994 | 2 42029  97.3658 250.3591 0005779 264.3722  95.6858 15.26369891186787 | 2020/06/30-17:27:31  290.7038    0.1239   95.7517   94.3415     6864.8120     6860.8448     6868.7792 -32.726978 -91.700839  -0.000523   0.000247
1 42029U 17008CK  20183.77635640  .00000827  00000-0  34562-4 0  9996 | 2 42029  97.3657 251.3933 0005806 259.4397 100.6188 15.26371539186944 | 2020/07/01-18:37:57  308.3116    0.1239  100.6842   94.3414     6864.8071     6860.8213     6868.7928 -31.066487 -92.276502  -0.000507   0.000283
1 42029U 17008CK  20185.08749560  .00000817  00000-0  34199-4 0  9994 | 2 42029  97.3657 252.6862 0005850 253.4985 106.5611 15.26373929187149 | 2020/07/03-02:05:59   60.3200    0.1238  106.6253   94.3412     6864.7999     6860.7840     6868.8158 -28.976502 -92.953977  -0.000486   0.000326
1 42029U 17008CK  20186.13640549  .00000841  00000-0  35092-4 0  9998 | 2 42029  97.3657 253.7203 0005894 248.6807 111.3802 15.26375993187304 | 2020/07/04-03:16:25   77.9261    0.1238  111.4431   94.3411     6864.7937     6860.7476     6868.8398 -27.294199 -93.461790  -0.000467   0.000360
1 42029U 17008CK  20187.18531382  .00000942  00000-0  39003-4 0  9996 | 2 42029  97.3656 254.7546 0005952 243.9583 116.1043 15.26378596187467 | 2020/07/05-04:26:51   95.5309    0.1238  116.1655   94.3409     6864.7859     6860.7000     6868.8718 -25.602650 -93.939152  -0.000447   0.000393
1 42029U 17008CK  20188.43089063  .00000965  00000-0  39869-4 0  9994 | 2 42029  97.3656 255.9828 0006018 238.4133 121.6519 15.26381231187657 | 2020/07/06-10:20:28  183.9355    0.1239  121.7106   94.3408     6864.7780     6860.6468     6868.9092 -23.583230 -94.466350  -0.000421   0.000430
1 42029U 17008CK  20189.61090941  .00000931  00000-0  38557-4 0  9998 | 2 42029  97.3656 257.1463 0006084 233.2505 126.8176 15.26383308187838 | 2020/07/07-14:39:42  248.7389    0.1239  126.8734   94.3407     6864.7718     6860.5952     6868.9483 -21.660180 -94.925743  -0.000394   0.000463
1 42029U 17008CK  20190.72536964  .00000917  00000-0  38027-4 0  9998 | 2 42029  97.3654 258.2451 0006170 228.4486 131.6224 15.26385495188002 | 2020/07/08-17:24:31  289.9414    0.1238  131.6752   94.3405     6864.7652     6860.5296     6869.0008 -19.835813 -95.323458  -0.000369   0.000495
1 42029U 17008CK  20192.10205401  .00000805  00000-0  33726-4 0  9998 | 2 42029  97.3653 259.6025 0006286 222.6997 137.3754 15.26387615188214 | 2020/07/10-02:26:57   65.5432    0.1239  137.4242   94.3404     6864.7588     6860.4437     6869.0740 -17.572122 -95.766498  -0.000336   0.000531
1 42029U 17008CK  20193.15095505  .00000816  00000-0  34146-4 0  9995 | 2 42029  97.3653 260.6367 0006368 218.4005 141.6781 15.26389615188376 | 2020/07/11-03:37:22   83.1437    0.1238  141.7233   94.3403     6864.7529     6860.3814     6869.1243 -15.840750 -96.068061  -0.000309   0.000557
1 42029U 17008CK  20194.26541101 +.00000868 +00000-0 +36146-4 0  9995 | 2 42029 097.3652 261.7356 0006471 213.9149 146.1677 15.26391888188547 | 2020/07/12-06:22:11  124.3434    0.1239  146.2090   94.3401     6864.7460     6860.3039     6869.1882 -13.995405 -96.354091  -0.000280   0.000583
1 42029U 17008CK  20195.44542193 +.00000830 +00000-0 +34677-4 0  9994 | 2 42029 097.3651 262.8990 0006601 209.1494 150.9377 15.26393702188724 | 2020/07/13-10:41:24  189.1425    0.1238  150.9744   94.3400     6864.7406     6860.2092     6869.2720 -12.036156 -96.618288  -0.000248   0.000612
1 42029U 17008CK  20197.14987827 +.00000959 +00000-0 +39604-4 0  9997 | 2 42029 097.3651 264.5795 0006758 202.4831 157.6112 15.26397652188987 | 2020/07/15-03:35:49   82.7391    0.1238  157.6407   94.3398     6864.7288     6860.0896     6869.3679  -9.197547 -96.929706  -0.000198   0.000646
1 42029U 17008CK  20198.46099690 +.00000905 +00000-0 +37546-4 0  9999 | 2 42029 097.3650 265.8721 0006903 197.4543 162.6459 15.26399673189182 | 2020/07/16-11:03:50  194.7356    0.1238  162.6695   94.3396     6864.7227     6859.9840     6869.4614  -7.008638 -97.112421  -0.000159   0.000672
1 42029U 17008CK  20199.90322428 +.00000890 +00000-0 +36960-4 0  9999 | 2 42029 097.3650 267.2941 0007064 192.1093 167.9977 15.26402478189409 | 2020/07/17-21:40:38  353.9302    0.1238  168.0145   94.3395     6864.7143     6859.8651     6869.5635  -4.596535 -97.256440  -0.000115   0.000697
1 42029U 17008CK  20201.14878130 +.00000977 +00000-0 +40301-4 0  9995 | 2 42029 097.3649 268.5222 0007186 187.6437 172.4694 15.26405719189597 | 2020/07/19-03:34:14   82.3242    0.1239  172.4802   94.3393     6864.7046     6859.7716     6869.6375  -2.511003 -97.332516  -0.000077   0.000714
1 42029U 17008CK  20202.45989069 +.00001089 +00000-0 +44580-4 0  9992 | 2 42029 097.3648 269.8149 0007336 182.9136 177.2062 15.26409566189797 | 2020/07/20-11:02:14  194.3164    0.1239  177.2103   94.3390     6864.6930     6859.6571     6869.7290  -0.314547 -97.364292  -0.000035   0.000733
1 42029U 17008CK  20203.63988805 +.00000997 +00000-0 +41060-4 0  9997 | 2 42029 097.3648 270.9783 0007489 178.8718 181.2539 15.26411722189974 | 2020/07/21-15:21:26  259.1092    0.1238  181.2520   94.3389     6864.6866     6859.5456     6869.8275   1.662380 -97.350607   0.000002   0.000749
1 42029U 17008CK  20205.40988110  .00001014  00000-0  41706-4 0  9991 | 2 42029  97.3646 272.7234 0007678 172.7289 187.4062 15.26415371190244 | 2020/07/23-09:50:13  176.2968    0.1238  187.3949   94.3387     6864.6756     6859.4049     6869.9463   4.626221 -97.254632   0.000061   0.000765
1 42029U 17008CK  20206.45876424  .00000981  00000-0  40437-4 0  9993 | 2 42029  97.3645 273.7576 0007779 169.3010 190.8396 15.26417137190407 | 2020/07/24-11:00:37  193.8889    0.1239  190.8229   94.3386     6864.6703     6859.3303     6870.0104   6.380830 -97.155190   0.000094   0.000772
1 42029U 17008CK  20207.76986302  .00001233  00000-0  50091-4 0  9993 | 2 42029  97.3644 275.0502 0007922 164.9329 195.2147 15.26421932190607 | 2020/07/25-18:28:36  305.8771    0.1238  195.1909   94.3383     6864.6560     6859.2178     6870.0941   8.570845 -96.986427   0.000138   0.000780
1 42029U 17008CK  20209.14651312  .00001364  00000-0  55129-4 0  9999 | 2 42029  97.3644 276.4075 0008050 160.4873 199.6676 15.26426541190814 | 2020/07/27-03:30:58   81.4635    0.1239  199.6366   94.3380     6864.6421     6859.1161     6870.1682  10.865771 -96.756196   0.000183   0.000784
1 42029U 17008CK  20210.19538772  .00001394  00000-0  56262-4 0  9992 | 2 42029  97.3642 277.4415 0008149 157.1873 202.9729 15.26429636190975 | 2020/07/28-04:41:21   99.0528    0.1238  202.9365   94.3378     6864.6329     6859.0389     6870.2269  12.610012 -96.544161   0.000216   0.000786
1 42029U 17008CK  20211.44092340  .00001293  00000-0  52386-4 0  9998 | 2 42029  97.3642 278.6693 0008286 153.2995 206.8672 15.26432807191166 | 2020/07/29-10:34:55  187.4390    0.1238  206.8243   94.3376     6864.6234     6858.9353     6870.3114  14.675818 -96.251794   0.000256   0.000788
1 42029U 17008CK  20212.68645679  .00001158  00000-0  47194-4 0  9995 | 2 42029  97.3641 279.8972 0008392 149.3687 210.8044 15.26435587191357 | 2020/07/30-16:28:29  275.8244    0.1239  210.7552   94.3374     6864.6150     6858.8542     6870.3758  16.735035 -95.915101   0.000297   0.000785
1 42029U 17008CK  20213.73532521  .00001089  00000-0  44564-4 0  9994 | 2 42029  97.3641 280.9312 0008502 146.1982 213.9800 15.26437864191516 | 2020/07/31-17:38:52  293.4118    0.1238  213.9256   94.3373     6864.6082     6858.7719     6870.4445  18.463167 -95.597486   0.000330   0.000783
1 42029U 17008CK  20215.17751729 +.00001093 +00000-0 +44708-4 0  9992 | 2 42029 097.3640 282.3530 0008608 141.7834 218.4017 15.26440965191737 | 2020/08/02-04:15:37   92.5937    0.1239  218.3405   94.3371     6864.5989     6858.6899     6870.5079  20.829478 -95.109838   0.000376   0.000775
1 42029U 17008CK  20216.42304319  .00001248  00000-0  50618-4 0  9999 | 2 42029  97.3640 283.5809 0008708 137.9113 222.2796 15.26444804191921 | 2020/08/03-10:09:10  180.9770    0.1238  222.2125   94.3369     6864.5874     6858.6097     6870.5651  22.862828 -94.641638   0.000416   0.000765
1 42029U 17008CK  20217.79967405  .00001348  00000-0  54449-4 0  9998 | 2 42029  97.3638 284.9380 0008802 133.7604 226.4365 15.26448774192133 | 2020/08/04-19:11:31  316.5579    0.1239  226.3635   94.3366     6864.5755     6858.5333     6870.6177  25.097823 -94.073422   0.000457   0.000752
1 42029U 17008CK  20218.84853338 +.00001262 +00000-0 +51169-4 0  9995 | 2 42029 097.3637 285.9720 0008874 130.7190 229.4821 15.26451087192295 | 2020/08/05-20:21:53  334.1428    0.1239  229.4049   94.3365     6864.5686     6858.4769     6870.6602  26.791332 -93.605099   0.000487   0.000742
1 42029U 17008CK  20220.42181824  .00001275  00000-0  51655-4 0  9990 | 2 42029  97.3635 287.5229 0008966 126.0292 234.1779 15.26455558192537 | 2020/08/07-10:07:25  180.5192    0.1238  234.0946   94.3362     6864.5551     6858.4004     6870.7099  29.314880 -92.845511   0.000533   0.000721
1 42029U 17008CK  20221.47067123  .00001405  00000-0  56629-4 0  9992 | 2 42029  97.3634 288.5569 0009028 122.9784 237.2324 15.26459531192697 | 2020/08/08-11:17:45  198.1024    0.1239  237.1455   94.3359     6864.5432     6858.3459     6870.7405  30.985539 -92.301289   0.000562   0.000707
1 42029U 17008CK  20222.71617996  .00001584  00000-0  63478-4 0  9997 | 2 42029  97.3632 289.7846 0009057 119.4848 240.7296 15.26464843192880 | 2020/08/09-17:11:17  286.4818    0.1239  240.6391   94.3356     6864.5273     6858.3101     6870.7445  32.955984 -91.616024   0.000591   0.000686
1 42029U 17008CK  20223.83058097 +.00001502 +00000-0 +60318-4 0  9992 | 2 42029 097.3632 290.8832 0009112 116.2727 243.9449 15.26467910193054 | 2020/08/10-19:56:02  327.6628    0.1238  243.8511   94.3354     6864.5181     6858.2632     6870.7731  34.706482 -90.967317   0.000620   0.000668
1 42029U 17008CK  20224.87942653 +.00001501 +00000-0 +60299-4 0  9994 | 2 42029 097.3631 291.9171 0009158 113.2283 246.9921 15.26471145193216 | 2020/08/11-21:06:22  345.2443    0.1238  246.8955   94.3352     6864.5084     6858.2219     6870.7949  36.342206 -90.326172   0.000646   0.000649
1 42029U 17008CK  20226.12492575 +.00001606 +00000-0 +64287-4 0  9994 | 2 42029 097.3630 293.1447 0009197 109.7094 250.5138 15.26476320193400 | 2020/08/13-02:59:53   73.6212    0.1239  250.4145   94.3349     6864.4929     6858.1796     6870.8062  38.268976 -89.526752   0.000674   0.000626
1 42029U 17008CK  20227.43597577 +.00001442 +00000-0 +58000-4 0  9991 | 2 42029 097.3630 294.4371 0009233 105.9775 254.2482 15.26479506193609 | 2020/08/14-10:27:48  185.5966    0.1239  254.1464   94.3347     6864.4834     6858.1454     6870.8213  40.278491 -88.640831   0.000703   0.000599
1 42029U 17008CK  20228.48481376 +.00001385 +00000-0 +55827-4 0  9996 | 2 42029 097.3630 295.4710 0009255 102.9392 257.2881 15.26482125193767 | 2020/08/15-11:38:07  203.1765    0.1239  257.1847   94.3345     6864.4755     6858.1224     6870.8286  41.871367 -87.899615   0.000725   0.000575
1 42029U 17008CK  20229.86141077 +.00001251 +00000-0 +50699-4 0  9994 | 2 42029 097.3628 296.8279 0009272 099.0005 261.2284 15.26485163193975 | 2020/08/16-20:40:25  338.7498    0.1239  261.1234   94.3344     6864.4664     6858.1017     6870.8311  43.941013 -86.883268   0.000752   0.000543
1 42029U 17008CK  20231.43466140  .00001053  00000-0  43083-4 0  9990 | 2 42029  97.3627 298.3786 0009271  94.5519 265.6779 15.26487931194213 | 2020/08/18-10:25:54  185.1191    0.1239  265.5720   94.3342     6864.4581     6858.0941     6870.8221  46.276066 -85.662250   0.000778   0.000504
1 42029U 17008CK  20232.74569998  .00001227  00000-0  49768-4 0  9999 | 2 42029  97.3626 299.6709 0009273  90.7806 269.4495 15.26491918194419 | 2020/08/19-17:53:48  297.0926    0.1238  269.3432   94.3339     6864.4461     6858.0807     6870.8115  48.196184 -84.596712   0.000799   0.000470
1 42029U 17008CK  20234.12228517  .00001452  00000-0  58343-4 0  9991 | 2 42029  97.3623 301.0277 0009247  86.8124 273.4172 15.26497122194627 | 2020/08/21-02:56:05   72.6638    0.1238  273.3114   94.3336     6864.4305     6858.0830     6870.7781  50.185633 -83.431527   0.000818   0.000432
1 42029U 17008CK  20235.17111148  .00001317  00000-0  53172-4 0  9993 | 2 42029  97.3622 302.0615 0009226  83.8063 276.4226 15.26498994194787 | 2020/08/22-04:06:24   90.2419    0.1238  276.3175   94.3335     6864.4249     6858.0918     6870.7580  51.682702 -82.512401   0.000830   0.000403
1 42029U 17008CK  20236.35103557  .00001762  00000-0  70229-4 0  9995 | 2 42029  97.3621 303.2245 0009210  80.4241 279.8038 15.26505285194962 | 2020/08/23-08:25:29  155.0156    0.1239  279.6998   94.3331     6864.4061     6858.0839     6870.7282  53.346737 -81.446327   0.000844   0.000369
1 42029U 17008CK  20237.46540741  .00001602  00000-0  64078-4 0  9996 | 2 42029  97.3620 304.3228 0009176  77.2479 282.9785 15.26507848195133 | 2020/08/24-11:10:11  196.1910    0.1239  282.8760   94.3330     6864.3984     6858.0996     6870.6972  54.898025 -80.408743   0.000853   0.000337
1 42029U 17008CK  20238.77643022  .00001472  00000-0  59086-4 0  9995 | 2 42029  97.3618 305.6149 0009132  73.4511 286.7730 15.26510847195330 | 2020/08/25-18:38:03  308.1617    0.1239  286.6728   94.3328     6864.3894     6858.1208     6870.6580  56.697125 -79.150212   0.000863   0.000298
1 42029U 17008CK  20239.82524480 +.00001594 +00000-0 +63780-4 0  9999 | 2 42029 097.3617 306.6486 0009093 070.3728 289.8492 15.26514840195499 | 2020/08/26-19:48:21  325.7371    0.1240  289.7512   94.3325     6864.3774     6858.1356     6870.6192  58.115747 -78.114407   0.000869   0.000266
1 42029U 17008CK  20241.46401464  .00001431  00000-0  57530-4 0  9994 | 2 42029  97.3616 308.2638 0009008  65.6339 294.5839 15.26518738195742 | 2020/08/28-11:08:10  195.6985    0.1239  294.4900   94.3323     6864.3657     6858.1823     6870.5492  60.294391 -76.445193   0.000874   0.000216
1 42029U 17008CK  20242.77502333  .00001996  00000-0  79122-4 0  9993 | 2 42029  97.3615 309.5559 0008926  61.7566 298.4573 15.26526449195942 | 2020/08/29-18:36:02  307.6656    0.1239  298.3673   94.3318     6864.3426     6858.2155     6870.4697  62.002797 -75.066070   0.000875   0.000175
1 42029U 17008CK  20243.82382770  .00001871  00000-0  74354-4 0  9995 | 2 42029  97.3615 310.5895 0008856  58.6611 301.5494 15.26529946196107 | 2020/08/30-19:46:18  325.2387    0.1240  301.4629   94.3316     6864.3321     6858.2531     6870.4112  63.346806 -73.935404   0.000874   0.000142
1 42029U 17008CK  20244.87262935 +.00001913 +00000-0 +75930-4 0  9999 | 2 42029 097.3613 311.6232 0008791 055.5980 304.6089 15.26533975196263 | 2020/08/31-20:56:35  342.8110    0.1239  304.5259   94.3313     6864.3201     6858.2856     6870.3545  64.670194 -72.780414   0.000872   0.000111
1 42029U 17008CK  20246.18362764  .00001891  00000-0  75070-4 0  9996 | 2 42029  97.3614 312.9154 0008701  51.9358 308.2665 15.26539157196461 | 2020/09/02-04:24:25   94.7749    0.1240  308.1882   94.3310     6864.3045     6858.3319     6870.2772  66.295104 -71.303586   0.000867   0.000074
1 42029U 17008CK  20247.49461822 +.00002151 +00000-0 +85015-4 0  9996 | 2 42029 097.3610 314.2075 0008589 047.9725 312.2243 15.26546558196663 | 2020/09/03-11:52:15  206.7371    0.1239  312.1514   94.3306     6864.2823     6858.3866     6870.1781  67.885828 -69.790248   0.000858   0.000033
1 42029U 17008CK  20248.74005596  .00001579  00000-0  63117-4 0  9999 | 2 42029  97.3606 315.4349 0008490  44.2199 315.9717 15.26550460196855 | 2020/09/04-17:45:40  295.1001    0.1239  315.9040   94.3303     6864.2706     6858.4429     6870.0984  69.364911 -68.319804   0.000849  -0.000005
1 42029U 17008CK  20249.91993967 +.00001937 +00000-0 +76815-4 0  9994 | 2 42029 097.3602 316.5977 0008382 040.5937 319.5926 15.26556596197038 | 2020/09/05-22:04:42  359.8636    0.1240  319.5303   94.3299     6864.2522     6858.4986     6870.0059  70.736770 -66.897817   0.000837  -0.000041
1 42029U 17008CK  20251.16537027  .00001533  00000-0  61356-4 0  9991 | 2 42029  97.3603 317.8248 0008277  36.3841 323.7959 15.26559208197221 | 2020/09/07-03:58:07   88.2254    0.1239  323.7398   94.3298     6864.2444     6858.5629     6869.9260  72.153258 -65.367693   0.000823  -0.000084
1 42029U 17008CK  20252.41079842  .00001322  00000-0  53278-4 0  9996 | 2 42029  97.3601 319.0521 0008159  32.5858 327.5883 15.26562037197415 | 2020/09/08-09:51:32  176.5857    0.1239  327.5381   94.3296     6864.2359     6858.6354     6869.8365  73.536651 -63.807131   0.000807  -0.000119
1 42029U 17008CK  20253.65622286  .00001403  00000-0  56396-4 0  9993 | 2 42029  97.3599 320.2793 0008025  28.5842 331.5836 15.26566386197601 | 2020/09/09-15:44:57  264.9451    0.1240  331.5398   94.3293     6864.2229     6858.7144     6869.7314  74.886191 -62.217430   0.000787  -0.000155
1 42029U 17008CK  20254.77054748 +.00001282 +00000-0 +51737-4 0  9998 | 2 42029 097.3598 321.3774 0007922 024.8736 335.2883 15.26569284197778 | 2020/09/10-18:29:35  306.1081    0.1239  335.2503   94.3292     6864.2142     6858.7764     6869.6520  76.064712 -60.770801   0.000770  -0.000188
1 42029U 17008CK  20256.14706412  .00001271  00000-0  51349-4 0  9990 | 2 42029  97.3597 322.7338 0007787  20.4357 339.7191 15.26572788197985 | 2020/09/12-03:31:46   81.6616    0.1238  339.6881   94.3289     6864.2037     6858.8586     6869.5489  77.481851 -58.953151   0.000745  -0.000225
1 42029U 17008CK  20257.19583539 +.00001452 +00000-0 +58227-4 0  9992 | 2 42029 097.3596 323.7672 0007669 016.8216 343.3275 15.26576755198149 | 2020/09/13-04:42:00   99.2253    0.1239  343.3023   94.3287     6864.1918     6858.9277     6869.4560  78.532403 -57.546098   0.000723  -0.000255
1 42029U 17008CK  20258.44124928 +.00001439 +00000-0 +57749-4 0  9997 | 2 42029 097.3595 324.9944 0007497 012.6329 347.5096 15.26580213198333 | 2020/09/14-10:35:23  187.5812    0.1239  347.4910   94.3285     6864.1815     6859.0354     6869.3275  79.746775 -55.850910   0.000693  -0.000285
1 42029U 17008CK  20259.75220916 +.00001284 +00000-0 +51822-4 0  9990 | 2 42029 097.3593 326.2861 0007363 008.1604 351.9753 15.26582772198535 | 2020/09/15-18:03:10  299.5340    0.1239  351.9635   94.3283     6864.1738     6859.1197     6869.2279  80.985363 -54.038914   0.000664  -0.000318
1 42029U 17008CK  20261.25980727  .00001525  00000-0  61034-4 0  9995 | 2 42029  97.3591 327.7716 0007209   2.7220 357.4056 15.26588521198761 | 2020/09/17-06:14:07  122.2779    0.1239  357.4019   94.3280     6864.1565     6859.2082     6869.1049  82.358879 -51.921184   0.000627  -0.000355
1 42029U 17008CK  20262.43966438  .00001357  00000-0  54594-4 0  9995 | 2 42029  97.3590 328.9341 0007063 358.5195   1.6022 15.26591050198940 | 2020/09/18-10:33:07  187.0328    0.1240    1.6045   94.3278     6864.1490     6859.3008     6868.9971  83.395222 -50.239544   0.000595  -0.000380
1 42029U 17008CK  20263.75061454  .00001145  00000-0  46511-4 0  9990 | 2 42029  97.3588 330.2257 0006932 353.7725   6.3426 15.26593357199144 | 2020/09/19-18:00:53  298.9820    0.1239    6.3514   94.3277     6864.1421     6859.3838     6868.9003  84.506298 -48.346888   0.000561  -0.000407
1 42029U 17008CK  20264.86492052  .00001031  00000-0  42133-4 0  9995 | 2 42029  97.3585 331.3236 0006813 349.5654  10.5442 15.26595406199313 | 2020/09/20-20:45:29  340.1380    0.1239   10.5585   94.3275     6864.1359     6859.4594     6868.8124  85.416885 -46.718660   0.000529  -0.000430
1 42029U 17008CK  20265.91367719 +.00000916 +00000-0 +37744-4 0  9996 | 2 42029 097.3584 332.3569 0006690 345.2603 014.8440 15.26597275199470 | 2020/09/21-21:55:41  357.6961    0.1240   14.8637   94.3274     6864.1303     6859.5382     6868.7224  86.245408 -45.170650   0.000494  -0.000451
1 42029U 17008CK  20267.42126221  .00001223  00000-0  49468-4 0  9993 | 2 42029  97.3582 333.8422 0006560 339.6065  20.4911 15.26602237199704 | 2020/09/23-10:06:37  180.4341    0.1239   20.5174   94.3271     6864.1154     6859.6126     6868.6183  87.387095 -42.919864   0.000451  -0.000476
1 42029U 17008CK  20268.47001423  .00001497  00000-0  59935-4 0  9998 | 2 42029  97.3580 334.8754 0006468 335.5154  24.5777 15.26606251199864 | 2020/09/24-11:16:49  197.9898    0.1240   24.6086   94.3269     6864.1034     6859.6637     6868.5431  88.146627 -41.337057   0.000419  -0.000493
1 42029U 17008CK  20269.78095160  .00001625  00000-0  64804-4 0  9998 | 2 42029  97.3579 336.1669 0006341 330.0684  30.0191 15.26610374200068 | 2020/09/25-18:44:34  309.9335    0.1239   30.0555   94.3266     6864.0910     6859.7385     6868.4436  89.055840 -39.339777   0.000375  -0.000511
1 42029U 17008CK  20271.15743102  .00001701  00000-0  67691-4 0  9990 | 2 42029  97.3579 337.5229 0006232 324.4159  35.6663 15.26615139200270 | 2020/09/27-03:46:42   85.4721    0.1239   35.7080   94.3263     6864.0768     6859.7991     6868.3545  89.961855 -37.221302   0.000330  -0.000529
1 42029U 17008CK  20272.73054321  .00002349  00000-0  92426-4 0  9996 | 2 42029  97.3578 339.0728 0006118 317.8115  42.2653 15.26624576200516 | 2020/09/28-17:31:58  291.7985    0.1240   42.3125   94.3257     6864.0485     6859.8490     6868.2479  90.935594 -34.774401   0.000277  -0.000546
1 42029U 17008CK  20273.77928193 +.00002469 +00000-0 +96989-4 0  9999 | 2 42029 097.3581 340.1060 0005986 313.1382 046.9355 15.26628399200673 | 2020/09/29-18:42:09  309.3480    0.1238   46.9856   94.3255     6864.0370     6859.9282     6868.1458  91.548135 -33.129120   0.000236  -0.000550
1 42029U 17008CK  20274.82801628 +.00002122 +00000-0 +83732-4 0  9997 | 2 42029 097.3578 341.1393 0005928 308.5458 051.5249 15.26632175200836 | 2020/09/30-19:52:20  326.8958    0.1239   51.5781   94.3253     6864.0257     6859.9567     6868.0947  92.130398 -31.472701   0.000200  -0.000558
1 42029U 17008CK  20276.13893006  .00001758  00000-0  69840-4 0  9992 | 2 42029  97.3574 342.4307 0005866 302.7335  57.3338 15.26636806201033 | 2020/10/02-03:20:03   78.8289    0.1239   57.3904   94.3250     6864.0118     6859.9854     6868.0382  92.815925 -29.388218   0.000153  -0.000566
1 42029U 17008CK  20277.18765941  .00001569  00000-0  62635-4 0  9999 | 2 42029  97.3570 343.4636 0005850 298.0932  61.9715 15.26638906201198 | 2020/10/03-04:30:13   96.3748    0.1239   62.0307   94.3249     6864.0055     6859.9901     6868.0210  93.330227 -27.710180   0.000117  -0.000573
1 42029U 17008CK  20278.49856741 +.00001358 +00000-0 +54574-4 0  9992 | 2 42029 097.3568 344.7549 0005792 292.1490 067.9134 15.26642635201398 | 2020/10/04-11:57:56  208.3048    0.1239   67.9749   94.3246     6863.9943     6860.0187     6867.9700  93.930796 -25.599844   0.000070  -0.000575
1 42029U 17008CK  20279.94056252 +.00001313 +00000-0 +52821-4 0  9996 | 2 42029 097.3565 346.1754 0005743 285.6201 074.4404 15.26647108201610 | 2020/10/05-22:34:24    7.4257    0.1239   74.5038   94.3244     6863.9809     6860.0389     6867.9229  94.536255 -23.263374   0.000018  -0.000574
1 42029U 17008CK  20281.12037331 +.00001376 +00000-0 +55230-4 0  9992 | 2 42029 097.3563 347.3375 0005737 280.2402 079.8190 15.26651300201796 | 2020/10/07-02:53:20   72.1597    0.1239   79.8837   94.3241     6863.9684     6860.0305     6867.9062  94.988422 -21.341248  -0.000024  -0.000573
1 42029U 17008CK  20282.43127157  .00001333  00000-0  53572-4 0  9993 | 2 42029  97.3562 348.6288 0005728 274.1992  85.8592 15.26655060201990 | 2020/10/08-10:21:01  184.0846    0.1239   85.9247   94.3239     6863.9571     6860.0254     6867.8888  95.445137 -19.195194  -0.000072  -0.000568
1 42029U 17008CK  20284.13543560  .00001174  00000-0  47528-4 0  9999 | 2 42029  97.3560 350.3074 0005732 266.4629  93.5954 15.26658936202250 | 2020/10/10-03:15:01   77.5849    0.1239   93.6610   94.3236     6863.9455     6860.0111     6867.8799  95.966265 -16.391058  -0.000131  -0.000558
1 42029U 17008CK  20285.44632759  .00001113  00000-0  45192-4 0  9991 | 2 42029  97.3559 351.5985 0005761 260.2364  99.8224 15.26662181202450 | 2020/10/11-10:42:42  189.5065    0.1238   99.8874   94.3234     6863.9358     6859.9814     6867.8901  96.311126 -14.224566  -0.000180  -0.000547
1 42029U 17008CK  20286.49503955 +.00001080 +00000-0 +43913-4 0  9994 | 2 42029 097.3558 352.6315 0005790 255.3956 104.6641 15.26664666202618 | 2020/10/12-11:52:51  207.0425    0.1239  104.7283   94.3233     6863.9283     6859.9541     6867.9025  96.551818 -12.485918  -0.000217  -0.000537
1 42029U 17008CK  20287.60929418 +.00001131 +00000-0 +45860-4 0  9994 | 2 42029 097.3557 353.7289 0005829 250.4509 109.6101 15.26667602202789 | 2020/10/13-14:37:23  248.1738    0.1239  109.6730   94.3231     6863.9195     6859.9185     6867.9205  96.773141 -10.634450  -0.000254  -0.000525
1 42029U 17008CK  20288.65800303 +.00001121 +00000-0 +45461-4 0  9997 | 2 42029 097.3555 354.7618 0005881 245.7124 114.3501 15.26669907202947 | 2020/10/14-15:47:31  265.7082    0.1239  114.4115   94.3229     6863.9126     6859.8759     6867.9493  96.948919  -8.888220  -0.000290  -0.000512
1 42029U 17008CK  20290.16551899  .00001146  00000-0  46426-4 0  9998 | 2 42029  97.3553 356.2465 0005973 239.1132 120.9520 15.26673537203174 | 2020/10/16-03:58:20   88.4124    0.1239  121.0107   94.3227     6863.9017     6859.8019     6868.0015  97.146466  -6.373276  -0.000340  -0.000491
1 42029U 17008CK  20291.41085560  .00001215  00000-0  49057-4 0  9994 | 2 42029  97.3551 357.4730 0006041 233.6568 126.4114 15.26676823203361 | 2020/10/17-09:51:37  176.7316    0.1239  126.4671   94.3225     6863.8919     6859.7454     6868.0383  97.260428  -4.292403  -0.000379  -0.000470
1 42029U 17008CK  20292.45955784  .00001345  00000-0  53983-4 0  9990 | 2 42029  97.3549 358.5058 0006120 229.2026 130.8682 15.26680155203521 | 2020/10/18-11:01:45  194.2626    0.1238  130.9212   94.3223     6863.8819     6859.6812     6868.0826  97.321796  -2.538602  -0.000412  -0.000453
1 42029U 17008CK  20293.77043341 +.00001420 +00000-0 +56838-4 0  9999 | 2 42029 097.3546 359.7968 0006224 223.7152 136.3595 15.26683886203725 | 2020/10/19-18:29:25  306.1750    0.1239  136.4087   94.3221     6863.8707     6859.5986     6868.1428  97.353988  -0.345268  -0.000451  -0.000429
1 42029U 17008CK  20295.14684839 +.00001647 +00000-0 +65486-4 0  9995 | 2 42029 097.3544 001.1523 0006333 218.0756 142.0036 15.26689024203933 | 2020/10/21-03:31:27   81.6811    0.1238  142.0482   94.3218     6863.8553     6859.5084     6868.2022  97.334712   1.957804  -0.000491  -0.000401
1 42029U 17008CK  20297.17869068  .00002097  00000-0  82590-4 0  9994 | 2 42029  97.3541   3.1532 0006512 210.0062 150.0805 15.26698117204244 | 2020/10/23-04:17:18   93.1386    0.1239  150.1177   94.3212     6863.8280     6859.3583     6868.2978  97.206709   5.355054  -0.000545  -0.000356
1 42029U 17008CK  20298.42400658  .00002445  00000-0  95826-4 0  9992 | 2 42029  97.3541   4.3796 0006635 205.2950 154.7965 15.26705034204433 | 2020/10/24-10:10:34  181.4485    0.1239  154.8289   94.3208     6863.8073     6859.2532     6868.3614  97.069826   7.434351  -0.000576  -0.000328
1 42029U 17008CK  20299.47269236  .00002602  00000-0  10180-3 0  9997 | 2 42029  97.3542   5.4122 0006764 200.9853 159.1109 15.26708624204590 | 2020/10/25-11:20:40  198.9717    0.1238  159.1385   94.3206     6863.7966     6859.1539     6868.4392  96.920186   9.182477  -0.000606  -0.000301
1 42029U 17008CK  20300.78354356  .00002517  00000-0  98538-4 0  9991 | 2 42029  97.3543   6.7031 0006902 196.1791 163.9228 15.26713985204798 | 2020/10/26-18:48:18  310.8736    0.1238  163.9447   94.3202     6863.7805     6859.0431     6868.5179  96.688819  11.363629  -0.000636  -0.000268
1 42029U 17008CK  20301.89776311 +.00002000 +00000-0 +78847-4 0  9991 | 2 42029 097.3542 007.8004 0007022 192.1921 167.9149 15.26717379204960 | 2020/10/27-21:32:46  351.9885    0.1238  167.9317   94.3200     6863.7703     6858.9506     6868.5900  96.453371  13.213154  -0.000660  -0.000240
1 42029U 17008CK  20303.47077264 +.00001933 +00000-0 +76279-4 0  9999 | 2 42029 097.3542 009.3497 0007174 186.5929 173.5216 15.26724253205201 | 2020/10/29-11:17:54  198.2655    0.1238  173.5309   94.3196     6863.7497     6858.8257     6868.6738  96.060866  15.816143  -0.000690  -0.000197
1 42029U 17008CK  20304.84715071 +.00001756 +00000-0 +69558-4 0  9991 | 2 42029 097.3539 010.7051 0007313 181.7620 178.3595 15.26729461205411 | 2020/10/30-20:19:53  333.7559    0.1239  178.3619   94.3193     6863.7341     6858.7146     6868.7535  95.659579  18.083884  -0.000714  -0.000158
1 42029U 17008CK  20306.42014791  .00002339  00000-0  91702-4 0  9992 | 2 42029  97.3534  12.2541 0007463 176.4212 183.7081 15.26737896205658 | 2020/11/01-10:05:00  180.0285    0.1238  183.7026   94.3187     6863.7088     6858.5864     6868.8312  95.135292  20.663026  -0.000738  -0.000113
1 42029U 17008CK  20307.46880814  .00002319  00000-0  90929-4 0  9992 | 2 42029  97.3531  13.2867 0007573 172.8183 187.3165 15.26742641205811 | 2020/11/02-11:15:05  197.5417    0.1238  187.3055   94.3185     6863.6946     6858.4967     6868.8925  94.747176  22.374062  -0.000753  -0.000081
1 42029U 17008CK  20308.71408901  .00001843  00000-0  72813-4 0  9997 | 2 42029  97.3527  14.5129 0007711 168.6470 191.4945 15.26746373206007 | 2020/11/03-17:08:17  285.8373    0.1239  191.4769   94.3182     6863.6834     6858.3908     6868.9760  94.246296  24.396389  -0.000770  -0.000043
1 42029U 17008CK  20309.82828454  .00001776  00000-0  70247-4 0  9993 | 2 42029  97.3527  15.6097 0007778 165.1609 194.9859 15.26750103206178 | 2020/11/04-19:52:43  326.9438    0.1238  194.9629   94.3180     6863.6722     6858.3337     6869.0108  93.762043  26.195945  -0.000778  -0.000010
1 42029U 17008CK  20311.13909919  .00001781  00000-0  70429-4 0  9994 | 2 42029  97.3525  16.9003 0007902 160.8448 199.3090 15.26755070206375 | 2020/11/06-03:20:18   78.8315    0.1239  199.2791   94.3177     6863.6573     6858.2337     6869.0810  93.148046  28.301073  -0.000790   0.000031
1 42029U 17008CK  20312.44990746  .00002152  00000-0  84511-4 0  9997 | 2 42029  97.3524  18.1910 0008022 156.6578 203.5026 15.26762619206572 | 2020/11/07-10:47:52  190.7171    0.1238  203.4660   94.3172     6863.6347     6858.1287     6869.1407  92.486834  30.392026  -0.000799   0.000072
1 42029U 17008CK  20316.12013385 +.00002186 +00000+0 +85731-4 0  9992 | 2 42029  97.3524  21.8046 0008382 145.0128 215.1663 15.26783565207137 | 2020/11/11-02:52:59   71.9839    0.1238  215.1110   94.3159     6863.5719     6857.8189     6869.3250  90.387421  36.160807  -0.000816   0.000191
1 42029U 17008CK  20317.23429869 +.00003826 +00000+0 +14793-3 0  9994 | 2 42029  97.3525  22.9017 0008472 141.6589 218.5254 15.26794794207309 | 2020/11/12-05:37:23  113.0791    0.1239  218.4650   94.3152     6863.5383     6857.7235     6869.3531  89.678578  37.884850  -0.000817   0.000226
1 42029U 17008CK  20318.41399933 +.00003000 +00000-0 +11658-3 0  9995 | 2 42029 097.3524 024.0633 0008563 138.0094 222.1803 15.26799207207481 | 2020/11/13-09:56:09  177.7671    0.1239  222.1145   94.3150     6863.5251     6857.6478     6869.4023  88.892042  39.695020  -0.000815   0.000264
1 42029U 17008CK  20319.72477277 +.00002458 +00000-0 +96002-4 0  9991 | 2 42029 097.3520 025.3538 0008657 133.9086 226.2869 15.26804285207686 | 2020/11/14-17:23:40  289.6412    0.1238  226.2152   94.3146     6863.5098     6857.5681     6869.4516  87.975140  41.686769  -0.000810   0.000307
1 42029U 17008CK  20320.77338861 +.00002129 +00000-0 +83516-4 0  9994 | 2 42029 097.3517 026.3863 0008739 130.7725 229.4274 15.26807540207840 | 2020/11/15-18:33:40  307.1396    0.1239  229.3514   94.3144     6863.5001     6857.5021     6869.4981  87.209410  43.265139  -0.000805   0.000339
1 42029U 17008CK  20322.41184476 +.00001794 +00000-0 +70800-4 0  9997 | 2 42029 097.3512 027.9990 0008770 125.9979 234.2074 15.26812777208093 | 2020/11/17-09:53:03  176.9806    0.1238  234.1259   94.3141     6863.4844     6857.4651     6869.5037  85.956805  45.702120  -0.000788   0.000384
1 42029U 17008CK  20323.46045299 +.00001819 +00000-0 +71728-4 0  9990 | 2 42029 097.3510 029.0314 0008819 122.9527 237.2561 15.26817097208256 | 2020/11/18-11:03:03  194.4772    0.1239  237.1712   94.3139     6863.4715     6857.4186     6869.5243  85.119225  47.243357  -0.000779   0.000414
1 42029U 17008CK  20324.90228550 +.00001723 +00000-0 +68072-4 0  9995 | 2 42029 097.3508 030.4510 0008890 118.7121 241.5013 15.26822060208479 | 2020/11/19-21:39:17  353.5339    0.1239  241.4118   94.3135     6863.4566     6857.3550     6869.5582  83.922513  49.337512  -0.000763   0.000456
1 42029U 17008CK  20326.14749848 +.00002172 +00000-0 +85087-4 0  9995 | 2 42029 097.3506 031.6769 0008952 114.9613 245.2557 15.26829652208668 | 2020/11/21-03:32:23   81.8084    0.1239  245.1626   94.3131     6863.4338     6857.2897     6869.5780  82.847589  51.121583  -0.000748   0.000492
1 42029U 17008CK  20327.45823902  .00004365  00000-0  16811-3 0  9998 | 2 42029  97.3507  32.9673 0009044 111.1327 249.0879 15.26844766208865 | 2020/11/22-10:59:51  193.6729    0.1238  248.9911   94.3121     6863.3885     6857.1813     6869.5958  81.675414  52.974386  -0.000733   0.000530
1 42029U 17008CK  20328.76897205  .00004104  00000-0  15819-3 0  9998 | 2 42029  97.3506  34.2575 0009030 107.4826 252.7400 15.26853811209062 | 2020/11/23-18:27:19  305.5365    0.1238  252.6412   94.3116     6863.3614     6857.1638     6869.5590  80.461835  54.799930  -0.000709   0.000559
1 42029U 17008CK  20330.14523401  .00002839  00000-0  11025-3 0  9995 | 2 42029  97.3507  35.6126 0009050 103.5164 256.7083 15.26859399209275 | 2020/11/25-03:29:08   80.9902    0.1238  256.6074   94.3112     6863.3447     6857.1334     6869.5560  79.143464  56.687485  -0.000684   0.000592
1 42029U 17008CK  20331.45595241  .00003066  00000-0  11881-3 0  9994 | 2 42029  97.3508  36.9031 0009070  99.6909 260.5354 15.26868036209473 | 2020/11/26-10:56:34  192.8486    0.1238  260.4329   94.3107     6863.3188     6857.0938     6869.5438  77.846779  58.455601  -0.000659   0.000623
1 42029U 17008CK  20332.76666381  .00003294  00000-0  12743-3 0  9994 | 2 42029  97.3507  38.1936 0009062  95.9141 264.3131 15.26876753209670 | 2020/11/27-18:23:59  304.7052    0.1239  264.2098   94.3102     6863.2927     6857.0732     6869.5122  76.510443  60.193944  -0.000631   0.000651
1 42029U 17008CK  20334.07736736  .00003356  00000-0  12972-3 0  9995 | 2 42029  97.3506  39.4842 0009069  92.1320 268.0957 15.26885547209874 | 2020/11/29-01:51:24   56.5593    0.1238  267.9918   94.3096     6863.2663     6857.0420     6869.4906  75.135189  61.901879  -0.000602   0.000678
1 42029U 17008CK  20335.12592362  .00003477  00000-0  13428-3 0  9998 | 2 42029  97.3502  40.5165 0009044  89.1145 271.1130 15.26893630210035 | 2020/11/30-03:01:19   74.0409    0.1239  271.0094   94.3091     6863.2421     6857.0350     6869.4492  74.007463  63.245213  -0.000577   0.000697
1 42029U 17008CK  20336.17447454  .00003460  00000-0  13360-3 0  9992 | 2 42029  97.3498  41.5488 0009020  86.0074 274.2196 15.26901631210193 | 2020/12/01-04:11:14   91.5209    0.1239  274.1165   94.3086     6863.2181     6857.0275     6869.4088  72.855722  64.568005  -0.000550   0.000715
1 42029U 17008CK  20337.28855419  .00003257  00000-0  12588-3 0  9994 | 2 42029  97.3495  42.6455 0009019  82.7779 277.4485 15.26909339210367 | 2020/12/02-06:55:31  132.5916    0.1239  277.3460   94.3082     6863.1950     6857.0051     6869.3849  71.606333  65.950422  -0.000523   0.000735
1 42029U 17008CK  20338.46816223  .00003144  00000-0  12161-3 0  9997 | 2 42029  97.3491  43.8066 0009001  79.4122 280.8130 15.26916779210541 | 2020/12/03-11:14:09  197.2533    0.1239  280.7117   94.3077     6863.1727     6856.9952     6869.3503  70.254947  67.387608  -0.000493   0.000753
1 42029U 17008CK  20339.84436440 +.00002994 +00000-0 +11592-3 0  9998 | 2 42029 097.3488 045.1612 0008951 075.3947 284.8284 15.26925052210753 | 2020/12/04-20:15:53  332.6900    0.1239  284.7292   94.3072     6863.1479     6857.0047     6869.2912  68.642056  69.029392  -0.000455   0.000771
1 42029U 17008CK  20340.89289425  .00003068  00000-0  11867-3 0  9992 | 2 42029  97.3487  46.1933 0008901  72.2963 287.9247 15.26931765210917 | 2020/12/05-21:25:46  350.1642    0.1239  287.8276   94.3068     6863.1278     6857.0190     6869.2367  67.387454  70.254540  -0.000425   0.000782
1 42029U 17008CK  20342.13801746  .00003037  00000-0  11747-3 0  9990 | 2 42029  97.3487  47.4189 0008842  68.5791 291.6390 15.26939452211109 | 2020/12/07-03:18:44   78.4131    0.1239  291.5448   94.3063     6863.1048     6857.0364     6869.1732  65.869354  71.679827  -0.000388   0.000795
1 42029U 17008CK  20343.64526486  .00002768  00000-0  10729-3 0  9991 | 2 42029  97.3488  48.9026 0008778  64.2887 295.9258 15.26947196211332 | 2020/12/08-15:29:10  261.0277    0.1240  295.8353   94.3058     6863.0816     6857.0572     6869.1060  63.991362  73.361396  -0.000346   0.000807
1 42029U 17008CK  20344.75931249  .00003290  00000-0  12697-3 0  9998 | 2 42029  97.3489  49.9993 0008721  60.9524 299.2588 15.26954628211506 | 2020/12/09-18:13:24  302.0895    0.1240  299.1716   94.3054     6863.0593     6857.0740     6869.0446  62.575578  74.572819  -0.000312   0.000814
1 42029U 17008CK  20345.87335619  .00003068  00000-0  11860-3 0  9995 | 2 42029  97.3491  51.0961 0008654  57.4734 302.7340 15.26959364211673 | 2020/12/10-20:57:37  343.1503    0.1239  302.6505   94.3051     6863.0451     6857.1059     6868.9844  61.136795  75.757109  -0.000276   0.000820
1 42029U 17008CK  20346.92186382  .00002497  00000-0  97013-4 0  9993 | 2 42029  97.3490  52.1283 0008578  54.4439 305.7599 15.26962831211835 | 2020/12/11-22:07:29    0.6179    0.1240  305.6801   94.3048     6863.0347     6857.1476     6868.9219  59.762101  76.846074  -0.000245   0.000822
1 42029U 17008CK  20348.16696132  .00002620  00000-0  10166-3 0  9991 | 2 42029  97.3488  53.3542 0008483  50.7052 309.4938 15.26969937212022 | 2020/12/13-04:00:25   88.8592    0.1239  309.4187   94.3044     6863.0135     6857.1916     6868.8353  58.104230  78.106897  -0.000206   0.000823
1 42029U 17008CK  20349.41205432  .00002186  00000-0  85264-4 0  9998 | 2 42029  97.3486  54.5798 0008392  46.9041 313.2899 15.26974880212213 | 2020/12/14-09:53:21  177.0993    0.1240  313.2199   94.3041     6862.9986     6857.2392     6868.7581  56.420184  79.331663  -0.000167   0.000822
1 42029U 17008CK  20350.46055041  .00002104  00000-0  82136-4 0  9999 | 2 42029  97.3482  55.6120 0008308  43.6948 316.4948 15.26979277212379 | 2020/12/15-11:03:11  194.5635    0.1240  316.4292   94.3038     6862.9855     6857.2837     6868.6872  54.981697  80.334831  -0.000134   0.000820
1 42029U 17008CK  20351.77116541  .00002322  00000-0  90351-4 0  9997 | 2 42029  97.3477  56.9020 0008200  39.6159 320.5678 15.26985945212573 | 2020/12/16-18:30:28  306.3926    0.1240  320.5081   94.3034     6862.9655     6857.3379     6868.5931  53.158923  81.551846  -0.000093   0.000815
1 42029U 17008CK  20353.14730674  .00002141  00000-0  83509-4 0  9995 | 2 42029  97.3473  58.2564 0008072  35.1930 324.9841 15.26991258212789 | 2020/12/18-03:32:07   81.8121    0.1240  324.9310   94.3031     6862.9496     6857.4098     6868.4893  51.216258  82.785215  -0.000049   0.000806
1 42029U 17008CK  20354.45791224  .00002258  00000-0  87905-4 0  9991 | 2 42029  97.3471  59.5464 0007945  31.0248 329.1459 15.26997076212983 | 2020/12/19-10:59:23  193.6382    0.1240  329.0992   94.3027     6862.9321     6857.4795     6868.3847  49.339445  83.917084  -0.000008   0.000794
1 42029U 17008CK  20355.76850944  .00003639  00000-0  13996-3 0  9993 | 2 42029  97.3471  60.8364 0007828  26.7137 333.4504 15.27008545213182 | 2020/12/20-18:26:39  305.4616    0.1240  333.4103   94.3020     6862.8978     6857.5255     6868.2700  47.437728  85.006587   0.000033   0.000782
1 42029U 17008CK  20357.14463146  .00002365  00000-0  91903-4 0  9991 | 2 42029  97.3472  62.1910 0007687  22.1582 337.9988 15.27012821213392 | 2020/12/22-03:28:16   80.8744    0.1240  337.9658   94.3018     6862.8850     6857.6095     6868.1605  45.414959  86.104348   0.000076   0.000765
1 42029U 17008CK  20358.19310067  .00002779  00000-0  10752-3 0  9991 | 2 42029  97.3472  63.2230 0007588  18.7235 341.4282 15.27019250213553 | 2020/12/23-04:38:03   98.3301    0.1240  341.4005   94.3014     6862.8657     6857.6582     6868.0732  43.856782  86.908342   0.000106   0.000751
1 42029U 17008CK  20359.83131655  .00004601  00000-0  17607-3 0  9999 | 2 42029  97.3475  64.8357 0007422  13.0261 347.1168 15.27038565213801 | 2020/12/24-19:57:05  328.0986    0.1239  347.0978   94.3002     6862.8078     6857.7143     6867.9014  41.393659  88.108460   0.000156   0.000726
1 42029U 17008CK  20361.46952271  .00002297  00000-0  89277-4 0  9998 | 2 42029  97.3473  66.4484 0007248   7.2666 352.8677 15.27044140214050 | 2020/12/26-11:16:06  197.8634    0.1240  352.8574   94.2998     6862.7911     6857.8170     6867.7653  38.897528  89.238328   0.000203   0.000696
1 42029U 17008CK  20362.78008184  .00002306  00000-0  89604-4 0  9994 | 2 42029  97.3471  67.7385 0007105   2.7394 357.3882 15.27050773214251 | 2020/12/27-18:43:19  309.6730    0.1239  357.3845   94.2994     6862.7712     6857.8953     6867.6472  36.878428  90.091284   0.000237   0.000670
1 42029U 17008CK  20364.15616357  .00002320  00000-0  90096-4 0  9997 | 2 42029  97.3468  69.0930 0006966 357.6657   2.4549 15.27057331214464 | 2020/12/29-03:44:52   85.0713    0.1240    2.4583   94.2990     6862.7516     6857.9710     6867.5322  34.738413  90.937573   0.000275   0.000640
1 42029U 17008CK  20365.40118431  .00002411  00000-0  93542-4 0  9996 | 2 42029  97.3465  70.3185 0006845 353.0987   7.0157 15.27063680214651 | 2020/12/30-09:37:42  173.2866    0.1240    7.0253   94.2986     6862.7326     6858.0350     6867.4301  32.785450  91.659453   0.000306   0.000612
1 42029U 17008CK  20366.44961926  .00002447  00000-0  94851-4 0  9999 | 2 42029  97.3461  71.3504 0006733 349.2335  10.8758 15.27068846214819 | 2020/12/31-10:47:27  190.7298    0.1239   10.8904   94.2983     6862.7171     6858.0964     6867.3378  31.129302  92.234645   0.000331   0.000586
1 42029U 17008CK  21001.76015893  .00001937  00000-0  75664-4 0  9998 | 2 42029  97.3456  72.6401 0006592 344.1962  15.9070 15.27073336215012 | 2021/01/01-18:14:37  302.5322    0.1239   15.9277   94.2980     6862.7036     6858.1798     6867.2275  29.045286  92.911448   0.000361   0.000552
1 42029U 17008CK  21002.87411415  .00001687  00000-0  66242-4 0  9995 | 2 42029  97.3453  73.7364 0006486 339.8855  20.2127 15.27077127215185 | 2021/01/02-20:58:43  343.5627    0.1239   20.2384   94.2978     6862.6923     6858.2411     6867.1434  27.262222  93.449873   0.000385   0.000522
1 42029U 17008CK  21003.92254096  .00001666  00000-0  65432-4 0  9999 | 2 42029  97.3455  74.7683 0006432 335.5464  24.5469 15.27080048215342 | 2021/01/03-22:08:27    1.0028    0.1239   24.5775   94.2976     6862.6835     6858.2695     6867.0976  25.574907  93.925878   0.000411   0.000495
1 42029U 17008CK  21005.42964991  .00001723  00000-0  67591-4 0  9990 | 2 42029  97.3454  76.2516 0006299 329.5305  30.5568 15.27085791215573 | 2021/01/05-10:18:41  183.5702    0.1240   30.5935   94.2973     6862.6663     6858.3435     6866.9891  23.134988  94.556328   0.000439   0.000451
1 42029U 17008CK  21006.74016990  .00002630  00000-0  10169-3 0  9999 | 2 42029  97.3452  77.5414 0006191 324.3535  35.7290 15.27096693215775 | 2021/01/06-17:45:50  295.3641    0.1240   35.7705   94.2966     6862.6337     6858.3850     6866.8823  21.000681  95.052929   0.000461   0.000413
1 42029U 17008CK  21007.78858347  .00003198  00000-0  12301-3 0  9994 | 2 42029  97.3452  78.5733 0006069 319.7506  40.3283 15.27102988215937 | 2021/01/07-18:55:33  312.7980    0.1239   40.3733   94.2962     6862.6148     6858.4499     6866.7797  19.285459  95.415717   0.000476   0.000376
1 42029U 17008CK  21009.16462023  .00002185  00000-0  84914-4 0  9995 | 2 42029  97.3453  79.9278 0005983 313.6625  46.4118 15.27107560216145 | 2021/01/09-03:57:03   88.1776    0.1240   46.4615   94.2959     6862.6011     6858.4952     6866.7070  17.024624  95.845029   0.000498   0.000331
1 42029U 17008CK  21010.47512853  .00001536  00000-0  60481-4 0  9990 | 2 42029  97.3453  81.2177 0005896 308.0815  51.9892 15.27110269216343 | 2021/01/10-11:24:11  199.9660    0.1240   52.0425   94.2957     6862.5930     6858.5468     6866.6392  14.862733  96.203984   0.000514   0.000289
1 42029U 17008CK  21011.85115856  .00001597  00000-0  62771-4 0  9996 | 2 42029  97.3446  82.5716 0005877 302.0506  58.0162 15.27114750216558 | 2021/01/11-20:25:40  335.3431    0.1239   58.0733   94.2955     6862.5796     6858.5464     6866.6127  12.585404  96.527606   0.000534   0.000245
1 42029U 17008CK  21012.89956001  .00001473  00000-0  58102-4 0  9992 | 2 42029  97.3444  83.6034 0005822 297.3591  62.7056 15.27117475216710 | 2021/01/12-21:35:21  352.7713    0.1240   62.7649   94.2953     6862.5714     6858.5760     6866.5668  10.845136  96.738386   0.000544   0.000208
1 42029U 17008CK  21014.47215755  .00001493  00000-0  58872-4 0  9998 | 2 42029  97.3441  85.1511 0005759 290.3181  69.7439 15.27122437216953 | 2021/01/14-11:19:54  198.9114    0.1239   69.8058   94.2950     6862.5565     6858.6044     6866.5087   8.228330  96.995713   0.000555   0.000154
1 42029U 17008CK  21015.78265236  .00001350  00000-0  53479-4 0  9992 | 2 42029  97.3438  86.4407 0005735 284.2566  75.8036 15.27125689217156 | 2021/01/15-18:47:01  310.6934    0.1239   75.8673   94.2948     6862.5468     6858.6111     6866.4825   6.043255  97.156032   0.000564   0.000106
1 42029U 17008CK  21017.15866821  .00001356  00000-0  53710-4 0  9996 | 2 42029  97.3437  87.7949 0005731 278.0047  82.0541 15.27129970217362 | 2021/01/17-03:48:28   86.0626    0.1238   82.1191   94.2945     6862.5340     6858.6011     6866.4669   3.745470  97.271617   0.000570   0.000058
1 42029U 17008CK  21018.73125464  .00001337  00000-0  52985-4 0  9994 | 2 42029  97.3435  89.3424 0005732 270.7444  89.3138 15.27134162217605 | 2021/01/18-17:33:00  292.1968    0.1239   89.3795   94.2943     6862.5214     6858.5878     6866.4550   1.117215  97.337089   0.000573   0.000001
1 42029U 17008CK  21019.84516726  .00001273  00000-0  50547-4 0  9993 | 2 42029  97.3434  90.4385 0005739 265.6692  94.3891 15.27136773217778 | 2021/01/19-20:17:02  333.2071    0.1239   94.4547   94.2941     6862.5136     6858.5752     6866.4520  -0.744988  97.340549   0.000573  -0.000039
1 42029U 17008CK  21021.15564971  .00001382  00000-0  54662-4 0  9998 | 2 42029  97.3433  91.7282 0005765 259.7238 100.3351 15.27140946217974 | 2021/01/21-03:44:08   84.9822    0.1239  100.4001   94.2939     6862.5011     6858.5449     6866.4573  -2.935699  97.299022   0.000570  -0.000086
1 42029U 17008CK  21022.46612936  .00001360  00000-0  53829-4 0  9998 | 2 42029  97.3432  93.0178 0005807 253.7345 106.3255 15.27144376218175 | 2021/01/22-11:11:13  196.7558    0.1238  106.3893   94.2936     6862.4908     6858.5058     6866.4759  -5.124749  97.208207   0.000565  -0.000133
1 42029U 17008CK  21023.71107927  .00001847  00000-0  72098-4 0  9995 | 2 42029  97.3430  94.2428 0005863 248.2431 111.8184 15.27151398218366 | 2021/01/23-17:03:57  284.9384    0.1239  111.8808   94.2932     6862.4698     6858.4463     6866.4933  -7.201744  97.076231   0.000559  -0.000176
1 42029U 17008CK  21024.75945481  .00002440  00000-0  94375-4 0  9997 | 2 42029  97.3431  95.2747 0005910 243.4482 116.6151 15.27157619218525 | 2021/01/24-18:13:36  302.3532    0.1238  116.6756   94.2928     6862.4511     6858.3954     6866.5069  -8.948839  96.930890   0.000551  -0.000214
1 42029U 17008CK  21026.13544215  .00002962  00000-0  11395-3 0  9990 | 2 42029  97.3429  96.6287 0005983 237.4316 122.6345 15.27166024218730 | 2021/01/26-03:15:02   77.7081    0.1238  122.6922   94.2923     6862.4260     6858.3202     6866.5318 -11.236751  96.692169   0.000538  -0.000262
1 42029U 17008CK  21027.18380999  .00002276  00000-0  88178-4 0  9995 | 2 42029  97.3427  97.6603 0006054 232.9479 127.1207 15.27168715218894 | 2021/01/27-04:24:41   95.1197    0.1239  127.1760   94.2921     6862.4179     6858.2634     6866.5724 -12.975734  96.473994   0.000527  -0.000297
1 42029U 17008CK  21028.23217410  .00002394  00000-0  92579-4 0  9990 | 2 42029  97.3424  98.6918 0006137 228.3722 131.6992 15.27174135219056 | 2021/01/28-05:34:19  112.5298    0.1239  131.7517   94.2918     6862.4017     6858.1902     6866.6131 -14.710320  96.224474   0.000515  -0.000334
1 42029U 17008CK  21029.67367030  .00001643  00000-0  64379-4 0  9996 | 2 42029  97.3419 100.1101 0006251 222.3670 137.7087 15.27178361219277 | 2021/01/29-16:10:05  271.4666    0.1239  137.7569   94.2915     6862.3890     6858.0993     6866.6787 -17.087423  95.830399   0.000496  -0.000381
1 42029U 17008CK  21031.77038416  .00001536  00000-0  60367-4 0  9997 | 2 42029  97.3415 102.1729 0006424 214.1663 145.9163 15.27184752219596 | 2021/01/31-18:29:21  306.2806    0.1238  145.9575   94.2911     6862.3699     6857.9615     6866.7783 -20.525669  95.152848   0.000465  -0.000444
1 42029U 17008CK  21033.14634713  .00001527  00000-0  60021-4 0  9999 | 2 42029  97.3414 103.5268 0006545 208.8430 151.2448 15.27189817219801 | 2021/02/02-03:30:44   81.6243    0.1239  151.2809   94.2908     6862.3547     6857.8633     6866.8461 -22.768169  94.641210   0.000441  -0.000484
1 42029U 17008CK  21034.45678205  .00001897  00000-0  73878-4 0  9992 | 2 42029  97.3411 104.8160 0006676 203.8659 156.2272 15.27196984220003 | 2021/02/03-10:57:45  193.3780    0.1239  156.2580   94.2904     6862.3332     6857.7519     6866.9145 -24.891651  94.104705   0.000417  -0.000521
1 42029U 17008CK  21035.63616573  .00003475  00000-0  13298-3 0  9996 | 2 42029  97.3408 105.9765 0006835 199.0412 161.0573 15.27209157220186 | 2021/02/04-15:16:04  257.9527    0.1239  161.0827   94.2896     6862.2968     6857.6064     6866.9871 -26.792381  93.580979   0.000392  -0.000560
1 42029U 17008CK  21037.47075626  .00001707  00000-0  66714-4 0  9996 | 2 42029  97.3409 107.7816 0007017 192.4641 167.6426 15.27213829220469 | 2021/02/06-11:17:53  198.4003    0.1239  167.6598   94.2894     6862.2828     6857.4675     6867.0980 -29.726891  92.690683   0.000353  -0.000606
1 42029U 17008CK  21038.71565316  .00002408  00000-0  92980-4 0  9997 | 2 42029  97.3408 109.0064 0007149 187.8535 172.2593 15.27220241220658 | 2021/02/07-17:10:32  286.5593    0.1238  172.2703   94.2890     6862.2636     6857.3577     6867.1694 -31.701345  92.033994   0.000323  -0.000638
1 42029U 17008CK  21039.76398507  .00001556  00000-0  61037-4 0  9991 | 2 42029  97.3403 110.0376 0007220 184.3724 175.7453 15.27220865220816 | 2021/02/08-18:20:08  303.9560    0.1238  175.7514   94.2889     6862.2617     6857.3071     6867.2162 -33.352363  91.448094   0.000298  -0.000657
1 42029U 17008CK  21041.13991695  .00001396  00000-0  55039-4 0  9999 | 2 42029  97.3400 111.3911 0007375 179.4879 180.6369 15.27224665221026 | 2021/02/10-03:21:28   79.2870    0.1239  180.6360   94.2887     6862.2503     6857.1894     6867.3112 -35.503028  90.634489   0.000263  -0.000689
1 42029U 17008CK  21042.45032259  .00001598  00000-0  62578-4 0  9997 | 2 42029  97.3397 112.6802 0007507 174.9383 185.1934 15.27230566221228 | 2021/02/11-10:48:27  191.0286    0.1239  185.1856   94.2883     6862.2326     6857.0811     6867.3841 -37.532944  89.812557   0.000227  -0.000715
1 42029U 17008CK  21043.69520516  .00001546  00000-0  60640-4 0  9993 | 2 42029  97.3395 113.9049 0007623 170.9246 189.2133 15.27234757221419 | 2021/02/12-16:41:05  279.1825    0.1239  189.1993   94.2881     6862.2201     6856.9890     6867.4511 -39.443890  88.989650   0.000195  -0.000737
1 42029U 17008CK  21044.74352396  .00002055  00000-0  79682-4 0  9991 | 2 42029  97.3392 114.9361 0007710 167.3318 192.8116 15.27241378221576 | 2021/02/13-17:50:40  296.5738    0.1238  192.7920   94.2876     6862.2002     6856.9095     6867.4910 -41.038910  88.265099   0.000164  -0.000753
1 42029U 17008CK  21045.92288207  .00001443  00000-0  56761-4 0  9994 | 2 42029  97.3389 116.0962 0007848 163.4700 196.6796 15.27241721221754 | 2021/02/14-22:08:57    1.1389    0.1238  196.6538   94.2876     6862.1992     6856.8138     6867.5847 -42.817397  87.415856   0.000130  -0.000774
1 42029U 17008CK  21047.16775610  .00001352  00000-0  53351-4 0  9992 | 2 42029  97.3387 117.3209 0007966 159.6666 200.4892 15.27245210221948 | 2021/02/16-04:01:34   89.2896    0.1239  200.4573   94.2874     6862.1888     6856.7223     6867.6552 -44.675900  86.480555   0.000097  -0.000791
1 42029U 17008CK  21048.41262703  .00001342  00000-0  52971-4 0  9991 | 2 42029  97.3387 118.5453 0008106 155.5562 204.6063 15.27248940222130 | 2021/02/17-09:54:10  177.4391    0.1239  204.5677   94.2872     6862.1776     6856.6151     6867.7401 -46.513632  85.506167   0.000058  -0.000809
1 42029U 17008CK  21049.46093654  .00001422  00000-0  55935-4 0  9996 | 2 42029  97.3385 119.5764 0008199 152.2564 207.9114 15.27252668222294 | 2021/02/18-11:03:44  194.8274    0.1239  207.8675   94.2870     6862.1664     6856.5401     6867.7927 -48.044695  84.655129   0.000026  -0.000819
1 42029U 17008CK  21050.64028250  .00001319  00000-0  52067-4 0  9996 | 2 42029  97.3384 120.7365 0008317 148.6202 211.5535 15.27255815222479 | 2021/02/19-15:22:00  259.3883    0.1239  211.5037   94.2868     6862.1570     6856.4497     6867.8643 -49.748739  83.664969  -0.000009  -0.000832
1 42029U 17008CK  21052.14721745  .00001638  00000-0  64015-4 0  9992 | 2 42029  97.3382 122.2188 0008420 143.9100 216.2709 15.27263124222700 | 2021/02/21-03:31:59   81.8807    0.1239  216.2139   94.2863     6862.1351     6856.3572     6867.9130 -51.896241  82.349896  -0.000057  -0.000840
1 42029U 17008CK  21053.45758906  .00002493  00000-0  95959-4 0  9997 | 2 42029  97.3380 123.5078 0008566 139.9372 220.2501 15.27272709222903 | 2021/02/22-10:58:55  193.6107    0.1239  220.1867   94.2857     6862.1064     6856.2283     6867.9845 -53.735492  81.161464  -0.000098  -0.000851
1 42029U 17008CK  21054.83347284  .00002577  00000-0  99069-4 0  9992 | 2 42029  97.3378 124.8612 0008672 135.8868 224.3065 15.27280386223115 | 2021/02/23-20:00:12  328.9256    0.1239  224.2371   94.2852     6862.0834     6856.1326     6868.0342 -55.637347  79.869475  -0.000139  -0.000856
1 42029U 17008CK  21056.34037814  .00004805  00000-0  18225-3 0  9995 | 2 42029  97.3376 126.3433 0008768 131.3993 228.8001 15.27298578223343 | 2021/02/25-08:10:08  151.4085    0.1239  228.7246   94.2841     6862.0289     6856.0123     6868.0455 -57.684410  78.403553  -0.000186  -0.000857
1 42029U 17008CK  21057.45417054  .00003780  00000-0  14393-3 0  9999 | 2 42029  97.3371 127.4387 0008813 128.1753 232.0282 15.27305843223518 | 2021/02/26-10:54:00  192.3721    0.1239  231.9486   94.2837     6862.0071     6855.9597     6868.0546 -59.172419  77.286065  -0.000219  -0.000854
1 42029U 17008CK  21058.69899320  .00002380  00000-0  91617-4 0  9996 | 2 42029  97.3366 128.6628 0008888 124.3441 235.8640 15.27309531223705 | 2021/02/27-16:46:33  280.5065    0.1239  235.7798   94.2834     6861.9961     6855.8972     6868.0950 -60.809661  76.003940  -0.000260  -0.000850
1 42029U 17008CK  21059.87829498  .00001621  00000-0  63261-4 0  9997 | 2 42029  97.3362 129.8228 0008925 121.0379 239.1737 15.27312772223880 | 2021/02/28-21:04:44  345.0540    0.1238  239.0859   94.2832     6861.9864     6855.8621     6868.1107 -62.335599  74.756999  -0.000293  -0.000843
1 42029U 17008CK  21060.92656015  .00001969  00000-0  76252-4 0  9997 | 2 42029  97.3360 130.8537 0008969 117.9876 242.2272 15.27317970224040 | 2021/03/01-22:14:14    2.4286    0.1239  242.1363   94.2829     6861.9708     6855.8163     6868.1253 -63.670379  73.623229  -0.000324  -0.000836
1 42029U 17008CK  21062.43343477  .00002673  00000-0  10251-3 0  9999 | 2 42029  97.3357 132.3357 0009033 113.6555 246.5634 15.27326974224271 | 2021/03/03-10:24:08  184.9026    0.1240  246.4685   94.2824     6861.9439     6855.7455     6868.1422 -65.552989  71.951679  -0.000368  -0.000825
1 42029U 17008CK  21063.87478478  .00002442  00000-0  93880-4 0  9992 | 2 42029  97.3356 133.7533 0009051 109.4389 250.7829 15.27334291224497 | 2021/03/04-20:59:41  343.7888    0.1239  250.6850   94.2819     6861.9219     6855.7112     6868.1327 -67.312888  70.307853  -0.000408  -0.000808
1 42029U 17008CK  21065.44715876  .00002304  00000-0  88706-4 0  9991 | 2 42029  97.3354 135.2998 0009086 104.9561 255.2685 15.27342189224739 | 2021/03/06-10:43:54  189.8439    0.1239  255.1678   94.2814     6861.8983     6855.6636     6868.1330 -69.185712  68.465446  -0.000451  -0.000789
1 42029U 17008CK  21066.49540394  .00002307  00000-0  88787-4 0  9990 | 2 42029  97.3354 136.3306 0009101 101.9867 258.2393 15.27347247224894 | 2021/03/07-11:53:22  207.2132    0.1239  258.1372   94.2811     6861.8831     6855.6381     6868.1281 -70.406201  67.209724  -0.000478  -0.000774
1 42029U 17008CK  21067.80570669  .00002043  00000-0  78931-4 0  9991 | 2 42029  97.3354 137.6193 0009095  98.1753 262.0518 15.27351889225097 | 2021/03/08-19:20:13  318.9239    0.1239  261.9486   94.2808     6861.8692     6855.6284     6868.1101 -71.899950  65.609277  -0.000511  -0.000752
1 42029U 17008CK  21069.44357756  .00002374  00000-0  91251-4 0  9990 | 2 42029  97.3351 139.2299 0009092  93.6152 266.6127 15.27359950225340 | 2021/03/10-10:38:45  188.5604    0.1239  266.5087   94.2803     6861.8451     6855.6063     6868.0839 -73.715370  63.562300  -0.000549  -0.000725
1 42029U 17008CK  21070.75386585  .00003215  00000-0  12259-3 0  9993 | 2 42029  97.3347 140.5183 0009072  89.7576 270.4703 15.27369774225546 | 2021/03/11-18:05:34  300.2672    0.1239  270.3663   94.2797     6861.8157     6855.5906     6868.0407 -75.125618  61.888491  -0.000580  -0.000698
1 42029U 17008CK  21071.80209384  .00002370  00000-0  91067-4 0  9997 | 2 42029  97.3344 141.5489 0009072  86.6659 273.5618 15.27372743225708 | 2021/03/12-19:15:00  317.6321    0.1239  273.4580   94.2795     6861.8068     6855.5817     6868.0318 -76.226381  60.527054  -0.000605  -0.000676
1 42029U 17008CK  21073.50545559  .00002802  00000-0  10714-3 0  9992 | 2 42029  97.3339 143.2238 0009014  81.9121 278.3140 15.27382205225966 | 2021/03/14-12:07:51  210.8479    0.1239  278.2118   94.2790     6861.7784     6855.5932     6867.9636 -77.962520  58.272923  -0.000636  -0.000639
1 42029U 17008CK  21074.75021246  .00002779  00000-0  10628-3 0  9999 | 2 42029  97.3335 144.4476 0008961  78.2381 281.9863 15.27389424226150 | 2021/03/15-18:00:18  298.9652    0.1239  281.8858   94.2785     6861.7568     6855.6080     6867.9056 -79.188987  56.594297  -0.000659  -0.000608
1 42029U 17008CK  21075.92945163  .00002238  00000-0  86104-4 0  9995 | 2 42029  97.3331 145.6071 0008919  74.8057 285.4168 15.27393907226333 | 2021/03/16-22:18:24    3.4960    0.1239  285.3182   94.2782     6861.7434     6855.6234     6867.8634 -80.317668  54.980037  -0.000679  -0.000578
1 42029U 17008CK  21077.43625129  .00002194  00000-0  84464-4 0  9998 | 2 42029  97.3329 147.0887 0008852  70.5631 289.6564 15.27400821226563 | 2021/03/18-10:28:12  185.9505    0.1239  289.5608   94.2778     6861.7227     6855.6487     6867.7967 -81.712208  52.884861  -0.000701  -0.000541
1 42029U 17008CK  21078.74650824  .00002046  00000-0  78927-4 0  9996 | 2 42029  97.3332 148.3769 0008783  66.3865 293.8295 15.27405172226769 | 2021/03/19-17:54:58  297.6497    0.1239  293.7374   94.2775     6861.7096     6855.6830     6867.7363 -82.880739  51.034644  -0.000722  -0.000501
1 42029U 17008CK  21080.25329627  .00002559  00000-0  98006-4 0  9998 | 2 42029  97.3327 149.8585 0008698  62.3202 297.8919 15.27413042226998 | 2021/03/21-06:04:44  120.1009    0.1240  297.8038   94.2771     6861.6861     6855.7178     6867.6544 -84.172145  48.874374  -0.000736  -0.000463
1 42029U 17008CK  21081.36700283  .00003277  00000-0  12471-3 0  9991 | 2 42029  97.3326 150.9534 0008627  58.9417 301.2668 15.27421527227163 | 2021/03/22-08:48:29  161.0417    0.1240  301.1823   94.2765     6861.6607     6855.7411     6867.5802 -85.090603  47.257003  -0.000748  -0.000430
1 42029U 17008CK  21082.67723954  .00002953  00000-0  11263-3 0  9994 | 2 42029  97.3326 152.2416 0008523  55.1071 305.0969 15.27428817227364 | 2021/03/23-16:15:13  272.7346    0.1240  305.0169   94.2761     6861.6388     6855.7907     6867.4870 -86.131503  45.332100  -0.000757  -0.000392
1 42029U 17008CK  21083.79093548  .00002712  00000-0  10366-3 0  9993 | 2 42029  97.3324 153.3366 0008438  51.8376 308.3622 15.27434778227538 | 2021/03/24-18:58:56  313.6721    0.1239  308.2863   94.2757     6861.6210     6855.8311     6867.4108 -86.981900  43.677742  -0.000764  -0.000359
1 42029U 17008CK  21085.75626950  .00003105  00000-0  11825-3 0  9998 | 2 42029  97.3321 155.2688 0008274  45.8364 314.3554 15.27447437227831 | 2021/03/26-18:09:01  301.2052    0.1240  314.2876   94.2749     6861.5831     6855.9058     6867.2603 -88.404848  40.720026  -0.000772  -0.000298
1 42029U 17008CK  21087.13199541  .00002796  00000-0  10671-3 0  9996 | 2 42029  97.3317 156.6213 0008161  41.4288 318.7569 15.27454026228047 | 2021/03/28-03:10:04   76.4761    0.1240  318.6952   94.2745     6861.5633     6855.9636     6867.1631 -89.340982  38.621869  -0.000776  -0.000253
1 42029U 17008CK  21088.24567386  .00002443  00000-0  93589-4 0  9994 | 2 42029  97.3314 157.7161 0008056  37.9830 322.1976 15.27458584228217 | 2021/03/29-05:53:46  117.4084    0.1240  322.1410   94.2742     6861.5497     6856.0220     6867.0773 -90.062332  36.907693  -0.000776  -0.000218
1 42029U 17008CK  21089.42485896  .00002254  00000-0  86542-4 0  9991 | 2 42029  97.3310 158.8754 0007922  34.3722 325.8028 15.27463539228398 | 2021/03/30-10:11:47  181.9236    0.1239  325.7517   94.2739     6861.5348     6856.0991     6866.9706 -90.790248  35.077833  -0.000771  -0.000182
1 42029U 17008CK  21090.93159009  .00002150  00000-0  82675-4 0  9991 | 2 42029  97.3306 160.3566 0007784  29.6376 330.5303 15.27469562228627 | 2021/03/31-22:21:29    4.3578    0.1240  330.4864   94.2736     6861.5168     6856.1758     6866.8578 -91.666260  32.719147  -0.000767  -0.000135
1 42029U 17008CK  21092.17627595  .00002344  00000-0  89852-4 0  9998 | 2 42029  97.3304 161.5802 0007650  25.5733 334.5883 15.27475524228818 | 2021/04/02-04:13:50   92.4542    0.1239  334.5506   94.2732     6861.4990     6856.2499     6866.7480 -92.343859  30.754161  -0.000759  -0.000095
1 42029U 17008CK  21093.22442802  .00002694  00000-0  10284-3 0  9991 | 2 42029  97.3301 162.6105 0007539  22.1544 338.0020 15.27481875228977 | 2021/04/03-05:23:10  109.7970    0.1240  337.9696   94.2728     6861.4799     6856.3071     6866.6528 -92.881639  29.088649  -0.000751  -0.000063
1 42029U 17008CK  21094.73113718  .00003036  00000-0  11553-3 0  9990 | 2 42029  97.3301 164.0918 0007397  16.9055 343.2429 15.27492329229209 | 2021/04/04-17:32:50  292.2240    0.1239  343.2184   94.2722     6861.4486     6856.3732     6866.5240 -93.602561  26.677875  -0.000740  -0.000013
1 42029U 17008CK  21095.91029717  .00002279  00000-0  87402-4 0  9991 | 2 42029  97.3302 165.2508 0007257  12.8523 347.2900 15.27496150229381 | 2021/04/05-21:50:49  356.7310    0.1240  347.2717   94.2719     6861.4372     6856.4578     6866.4165 -94.123121  24.779144  -0.000725   0.000024
1 42029U 17008CK  21097.15496344  .00002125  00000-0  81677-4 0  9991 | 2 42029  97.3301 166.4743 0007159   8.3000 351.8356 15.27499870229574 | 2021/04/07-03:43:08   84.8208    0.1239  351.8239   94.2717     6861.4260     6856.5139     6866.3381 -94.630660  22.763709  -0.000713   0.000065
1 42029U 17008CK  21098.26860708  .00002160  00000-0  82961-4 0  9999 | 2 42029  97.3301 167.5692 0006988   4.5603 355.5698 15.27505103229741 | 2021/04/08-06:26:47  125.7408    0.1239  355.5636   94.2714     6861.4104     6856.6156     6866.2051 -95.048362  20.951308  -0.000692   0.000096
1 42029U 17008CK  21099.44775700  .00001807  00000-0  69822-4 0  9995 | 2 42029  97.3299 168.7280 0006891   0.1348 359.9892 15.27508531229926 | 2021/04/09-10:44:46  190.2443    0.1240  359.9892   94.2712     6861.4001     6856.6719     6866.1283 -95.452435  19.024774  -0.000676   0.000133
1 42029U 17008CK  21100.75792085  .00001694  00000-0  65643-4 0  9998 | 2 42029  97.3297 170.0158 0006759 355.3784   4.7392 15.27512399230127 | 2021/04/10-18:11:24  301.9133    0.1240    4.7456   94.2709     6861.3885     6856.7509     6866.0261 -95.855700  16.874692  -0.000654   0.000170
1 42029U 17008CK  21102.46112725  .00001707  00000-0  66096-4 0  9993 | 2 42029  97.3293 171.6898 0006569 349.0431  11.0664 15.27518463230388 | 2021/04/12-11:04:01  195.0804    0.1240   11.0809   94.2705     6861.3704     6856.8631     6865.8776 -96.307350  14.067233  -0.000620   0.000217
1 42029U 17008CK  21104.42635685  .00001688  00000-0  65367-4 0  9994 | 2 42029  97.3290 173.6214 0006353 341.3632  18.7374 15.27525431230686 | 2021/04/14-10:13:57  182.5774    0.1240   18.7608   94.2701     6861.3495     6856.9905     6865.7085 -96.726483  10.813033  -0.000576   0.000269
1 42029U 17008CK  21105.67099690  .00001898  00000-0  73154-4 0  9998 | 2 42029  97.3288 174.8447 0006226 336.4633  23.6320 15.27531240230871 | 2021/04/15-16:06:14  270.6566    0.1239   23.6606   94.2698     6861.3321     6857.0602     6865.6040 -96.935086   8.745538  -0.000546   0.000299
1 42029U 17008CK  21106.85012671  .00001764  00000-0  68184-4 0  9992 | 2 42029  97.3287 176.0036 0006119 331.5759  28.5145 15.27534834231056 | 2021/04/16-20:24:10  335.1515    0.1239   28.5480   94.2695     6861.3213     6857.1229     6865.5198 -97.092039   6.783206  -0.000517   0.000328
1 42029U 17008CK  21108.16025386  .00005014  00000-0  18868-3 0  9990 | 2 42029  97.3279 177.2916 0005963 325.9526  34.1330 15.27557367231259 | 2021/04/18-03:50:45   86.8054    0.1240   34.1714   94.2681     6861.2539     6857.1625     6865.3452 -97.219181   4.599025  -0.000478   0.000357
1 42029U 17008CK  21109.47036994  .00004208  00000-0  15873-3 0  9999 | 2 42029  97.3278 178.5793 0005836 320.4829  39.5984 15.27571258231451 | 2021/04/19-11:17:19  198.4551    0.1240   39.6411   94.2673     6861.2123     6857.2081     6865.2165 -97.297881   2.413082  -0.000441   0.000382
1 42029U 17008CK  21110.84598411  .00002763  00000-0  10514-3 0  9990 | 2 42029  97.3278 179.9313 0005745 314.1539  45.9228 15.27577827231664 | 2021/04/20-20:18:13  333.6847    0.1240   45.9701   94.2669     6861.1926     6857.2508     6865.1344 -97.327730   0.116700  -0.000400   0.000413
1 42029U 17008CK  21112.15608650  .00002508  00000-0  95681-4 0  9999 | 2 42029  97.3280 181.2188 0005692 308.3994  51.6734 15.27584693231861 | 2021/04/22-03:44:45   85.3293    0.1240   51.7246   94.2665     6861.1720     6857.2667     6865.0774 -97.305980  -2.070212  -0.000363   0.000438
1 42029U 17008CK  21113.72820232  .00002150  00000-0  82390-4 0  9991 | 2 42029  97.3280 182.7640 0005599 301.2836  58.7854 15.27591906232107 | 2021/04/23-17:28:36  291.2991    0.1239   58.8403   94.2660     6861.1504     6857.3089     6864.9920 -97.214772  -4.693369  -0.000313   0.000464
1 42029U 17008CK  21114.77627522  .00002332  00000-0  89115-4 0  9998 | 2 42029  97.3279 183.7941 0005538 296.3578  63.7092 15.27597530232266 | 2021/04/24-18:37:50  308.6103    0.1239   63.7661   94.2657     6861.1336     6857.3339     6864.9333 -97.114585  -6.440299  -0.000278   0.000479
1 42029U 17008CK  21115.82434369  .00003027  00000-0  11485-3 0  9996 | 2 42029  97.3277 184.8241 0005501 291.4017  68.6635 15.27605326232421 | 2021/04/25-19:47:03  325.9198    0.1239   68.7222   94.2652     6861.1103     6857.3360     6864.8846 -96.982924  -8.184966  -0.000243   0.000493
1 42029U 17008CK  21116.93791041  .00003319  00000-0  12565-3 0  9996 | 2 42029  97.3275 185.9185 0005479 286.3229  73.7408 15.27613486232599 | 2021/04/26-22:30:35    6.8085    0.1240   73.8011   94.2647     6861.0858     6857.3266     6864.8450 -96.808703 -10.035799  -0.000207   0.000507
1 42029U 17008CK  21118.18247961  .00002955  00000-0  11212-3 0  9995 | 2 42029  97.3271 187.1417 0005450 280.5496  79.5130 15.27620460232785 | 2021/04/28-04:22:46   94.8580    0.1240   79.5744   94.2643     6861.0649     6857.3257     6864.8042 -96.572009 -12.100062  -0.000166   0.000519
1 42029U 17008CK  21119.42704387  .00002316  00000-0  88436-4 0  9997 | 2 42029  97.3268 188.3649 0005448 274.4283  85.6333 15.27625678232974 | 2021/04/29-10:14:56  182.9056    0.1239   85.6956   94.2639     6861.0493     6857.3114     6864.7872 -96.291402 -14.158807  -0.000121   0.000531
1 42029U 17008CK  21120.60610118  .00001879  00000-0  72273-4 0  9992 | 2 42029  97.3267 189.5238 0005454 268.9734  91.0881 15.27629804233151 | 2021/04/30-14:32:47  247.3696    0.1240   91.1506   94.2637     6861.0370     6857.2950     6864.7790 -95.985242 -16.103411  -0.000081   0.000539
1 42029U 17008CK  21121.71965212  .00001949  00000-0  74857-4 0  9991 | 2 42029  97.3265 190.6183 0005485 263.8286  96.2329 15.27634386233325 | 2021/05/01-17:16:17  288.2510    0.1240   96.2954   94.2634     6861.0232     6857.2600     6864.7865 -95.659934 -17.933895  -0.000043   0.000547
1 42029U 17008CK  21122.76769732  .00002073  00000-0  79431-4 0  9998 | 2 42029  97.3265 191.6484 0005523 258.9793 101.0826 15.27638808233488 | 2021/05/02-18:25:29  305.5498    0.1240  101.1447   94.2631     6861.0100     6857.2207     6864.7993 -95.322065 -19.650740  -0.000006   0.000552
1 42029U 17008CK  21124.14325198  .00001936  00000-0  74351-4 0  9999 | 2 42029  97.3268 193.0001 0005594 253.1576 106.9051 15.27644136233694 | 2021/05/04-03:26:16   80.7528    0.1240  106.9664   94.2628     6860.9941     6857.1560     6864.8321 -94.832282 -21.893932   0.000037   0.000558
1 42029U 17008CK  21125.45330007  .00001822  00000-0  70098-4 0  9997 | 2 42029  97.3267 194.2876 0005645 247.3131 112.7511 15.27648587233897 | 2021/05/05-10:52:45  192.3723    0.1238  112.8107   94.2625     6860.9807     6857.1077     6864.8538 -94.316304 -24.019187   0.000082   0.000558
1 42029U 17008CK  21126.76334084  .00002081  00000-0  79661-4 0  9994 | 2 42029  97.3265 195.5751 0005710 240.8947 119.1721 15.27656279234091 | 2021/05/06-18:19:12  303.9881    0.1239  119.2292   94.2620     6860.9577     6857.0401     6864.8753 -93.752607 -26.132284   0.000134   0.000555
1 42029U 17008CK  21128.13887950  .00001935  00000-0  74257-4 0  9995 | 2 42029  97.3265 196.9269 0005801 235.0850 124.9845 15.27662167234308 | 2021/05/08-03:19:59   79.1833    0.1239  125.0389   94.2617     6860.9401     6856.9600     6864.9201 -93.110024 -28.336745   0.000179   0.000552
1 42029U 17008CK  21129.18690368  .00002477  00000-0  94280-4 0  9996 | 2 42029  97.3264 197.9567 0005877 230.4168 129.6553 15.27669231234467 | 2021/05/09-04:29:08   96.4726    0.1239  129.7071   94.2612     6860.9189     6856.8868     6864.9511 -92.585609 -30.005551   0.000217   0.000546
1 42029U 17008CK  21130.43142995  .00002094  00000-0  80100-4 0  9995 | 2 42029  97.3262 199.1798 0005998 224.9246 135.1509 15.27673536234651 | 2021/05/10-10:21:15  184.5022    0.1239  135.1993   94.2610     6860.9060     6856.7909     6865.0212 -91.923842 -31.974935   0.000262   0.000540
1 42029U 17008CK  21131.67595211  .00001965  00000-0  75342-4 0  9993 | 2 42029  97.3261 200.4028 0006113 219.7861 140.2931 15.27678485234842 | 2021/05/11-16:13:22  272.5302    0.1239  140.3378   94.2607     6860.8912     6856.6971     6865.0853 -91.220343 -33.929616   0.000304   0.000530
1 42029U 17008CK  21132.72396600  .00003265  00000-0  12335-3 0  9998 | 2 42029  97.3259 201.4326 0006215 215.3763 144.7065 15.27687301235000 | 2021/05/12-17:22:30  289.8148    0.1239  144.7476   94.2601     6860.8648     6856.6008     6865.1288 -90.595625 -35.563514   0.000340   0.000520
1 42029U 17008CK  21134.09947510  .00003652  00000-0  13758-3 0  9992 | 2 42029  97.3255 202.7844 0006364 209.9962 150.0913 15.27697937235211 | 2021/05/14-02:23:14   64.9973    0.1238  150.1276   94.2595     6860.8330     6856.4667     6865.1992 -89.731058 -37.690718   0.000385   0.000507
1 42029U 17008CK  21135.14747176  .00004333  00000-0  16269-3 0  9992 | 2 42029  97.3253 203.8144 0006452 205.8194 154.2724 15.27710639235372 | 2021/05/15-03:32:21   82.2748    0.1239  154.3045   94.2587     6860.7949     6856.3684     6865.2215 -89.038850 -39.297546   0.000418   0.000492
1 42029U 17008CK  21136.19546046  .00004474  00000-0  16780-3 0  9995 | 2 42029  97.3250 204.8444 0006567 201.7958 158.3003 15.27723356235536 | 2021/05/16-04:41:27   99.5493    0.1239  158.3281   94.2579     6860.7569     6856.2514     6865.2623 -88.317782 -40.891626   0.000451   0.000477
1 42029U 17008CK  21138.22592236  .00002896  00000-0  10955-3 0  9997 | 2 42029  97.3251 206.8398 0006815 194.4901 165.6145 15.27737657235840 | 2021/05/18-05:25:19  110.5130    0.1240  165.6339   94.2570     6860.7141     6856.0385     6865.3896 -86.840501 -43.942035   0.000512   0.000450
1 42029U 17008CK  21139.47038967  .00003588  00000-0  13502-3 0  9991 | 2 42029  97.3253 208.0629 0006967 189.9357 170.1746 15.27747967236030 | 2021/05/19-11:17:21  198.5191    0.1239  170.1882   94.2564     6860.6832     6855.9034     6865.4630 -85.882927 -45.785772   0.000549   0.000429
1 42029U 17008CK  21140.64935004  .00004033  00000-0  15136-3 0  9991 | 2 42029  97.3252 209.2215 0007100 185.6868 174.4292 15.27759134236215 | 2021/05/20-15:35:03  262.9425    0.1239  174.4371   94.2557     6860.6498     6855.7787     6865.5208 -84.939493 -47.512915   0.000582   0.000406
1 42029U 17008CK  21141.76280742  .00002618  00000-0  99185-4 0  9991 | 2 42029  97.3252 210.3155 0007241 181.4620 178.6599 15.27764523236389 | 2021/05/21-18:18:26  303.7848    0.1238  178.6618   94.2554     6860.6336     6855.6658     6865.6014 -84.016858 -49.125982   0.000616   0.000381
1 42029U 17008CK  21142.81076022  .00003582  00000-0  13467-3 0  9991 | 2 42029  97.3254 211.3457 0007331 178.2086 181.9181 15.27774990236548 | 2021/05/22-19:27:29  321.0457    0.1239  181.9153   94.2547     6860.6023     6855.5728     6865.6318 -83.120192 -50.628719   0.000638   0.000362
1 42029U 17008CK  21143.85870904  .00003011  00000-0  11362-3 0  9996 | 2 42029  97.3254 212.3755 0007445 174.7433 185.3886 15.27781175236704 | 2021/05/23-20:36:32  338.3052    0.1239  185.3806   94.2543     6860.5838     6855.4761     6865.6915 -82.196845 -52.114414   0.000663   0.000339
1 42029U 17008CK  21145.49612331  .00001739  00000-0  66720-4 0  9990 | 2 42029  97.3253 213.9846 0007641 169.2697 190.8707 15.27786142236959 | 2021/05/25-11:54:25  207.7706    0.1239  190.8542   94.2540     6860.5689     6855.3267     6865.8111 -80.700956 -54.401928   0.000702   0.000302
1 42029U 17008CK  21146.80605040  .00001610  00000-0  61970-4 0  9995 | 2 42029  97.3251 215.2720 0007778 164.9601 195.1871 15.27790652237155 | 2021/05/26-19:20:42  319.3413    0.1239  195.1638   94.2538     6860.5554     6855.2193     6865.8915 -79.458147 -56.201227   0.000730   0.000269
1 42029U 17008CK  21148.44345175  .00002779  00000-0  10500-3 0  9996 | 2 42029  97.3248 216.8812 0007943 159.5495 200.6064 15.27801009237408 | 2021/05/28-10:38:34  188.8018    0.1239  200.5744   94.2531     6860.5244     6855.0751     6865.9737 -77.848319 -58.410238   0.000762   0.000225
1 42029U 17008CK  21149.75336598  .00001940  00000-0  74088-4 0  9991 | 2 42029  97.3245 218.1687 0008077 155.4736 204.6889 15.27805235237608 | 2021/05/29-18:04:50  300.3679    0.1239  204.6503   94.2529     6860.5117     6854.9705     6866.0530 -76.515997 -60.144497   0.000785   0.000191
1 42029U 17008CK  21151.12877119  .00001578  00000-0  60745-4 0  9996 | 2 42029  97.3244 219.5204 0008191 151.1420 209.0274 15.27810357237818 | 2021/05/31-03:05:25   75.5109    0.1239  208.9819   94.2525     6860.4964     6854.8770     6866.1158 -75.075853 -61.932666   0.000805   0.000152
1 42029U 17008CK  21152.43867711  .00001628  00000-0  62570-4 0  9992 | 2 42029  97.3244 220.8078 0008315 147.1806 212.9951 15.27815271238011 | 2021/06/01-10:31:41  187.0744    0.1239  212.9433   94.2522     6860.4817     6854.7772     6866.1862 -73.665432 -63.603797   0.000823   0.000116
1 42029U 17008CK  21153.48659828  .00002046  00000-0  77936-4 0  9993 | 2 42029  97.3247 221.8374 0008370 143.8055 216.3752 15.27821053238173 | 2021/06/02-11:40:42  204.3243    0.1239  216.3184   94.2519     6860.4644     6854.7222     6866.2066 -72.510868 -64.917418   0.000833   0.000082
1 42029U 17008CK  21155.12396737  .00002354  00000-0  89251-4 0  9998 | 2 42029  97.3246 223.4467 0008515 139.1053 221.0827 15.27829216238423 | 2021/06/04-02:58:30   73.7745    0.1239  221.0186   94.2514     6860.4400     6854.5983     6866.2816 -70.659062 -66.928131   0.000851   0.000038
1 42029U 17008CK  21156.23737467  .00002259  00000-0  85743-4 0  9996 | 2 42029  97.3247 224.5409 0008609 135.8291 224.3637 15.27833753238597 | 2021/06/05-05:41:49  114.5995    0.1239  224.2948   94.2511     6860.4264     6854.5202     6866.3325 -69.368173 -68.265319   0.000861   0.000006
1 42029U 17008CK  21157.41627338  .00002073  00000-0  78902-4 0  9995 | 2 42029  97.3248 225.6994 0008688 132.3794 227.8182 15.27837799238773 | 2021/06/06-09:59:26  179.0017    0.1239  227.7445   94.2508     6860.4143     6854.4539     6866.3746 -67.973857 -69.653940   0.000868  -0.000029
1 42029U 17008CK  21158.46418084  .00001605  00000-0  61675-4 0  9996 | 2 42029  97.3248 226.7292 0008709 129.2141 230.9873 15.27839508238931 | 2021/06/07-11:08:25  196.2477    0.1239  230.9098   94.2507     6860.4091     6854.4344     6866.3839 -66.711028 -70.864346   0.000869  -0.000062
1 42029U 17008CK  21160.16702209  .00002018  00000-0  76843-4 0  9993 | 2 42029  97.3247 228.4027 0008847 124.2464 235.9614 15.27848687239196 | 2021/06/09-04:00:30   89.2690    0.1238  235.8774   94.2502     6860.3817     6854.3123     6866.4510 -64.612990 -72.782270   0.000877  -0.000113
1 42029U 17008CK  21161.73886317  .00002639  00000-0  99624-4 0  9991 | 2 42029  97.3245 229.9473 0008923 119.6939 240.5190 15.27860534239438 | 2021/06/10-17:43:57  295.1314    0.1239  240.4300   94.2494     6860.3462     6854.2247     6866.4677 -62.627531 -74.497320   0.000878  -0.000160
1 42029U 17008CK  21163.11421852  .00002183  00000-0  82850-4 0  9991 | 2 42029  97.3241 231.2988 0009011 115.7173 244.4998 15.27866807239648 | 2021/06/12-02:44:28   70.2592    0.1239  244.4066   94.2491     6860.3274     6854.1456     6866.5093 -60.852770 -75.953413   0.000878  -0.000202
1 42029U 17008CK  21164.42407344  .00002343  00000-0  88719-4 0  9994 | 2 42029  97.3239 232.5863 0009035 112.0563 248.1637 15.27874452239848 | 2021/06/13-10:10:39  181.8077    0.1239  248.0676   94.2486     6860.3045     6854.1063     6866.5028 -59.130671 -77.301393   0.000871  -0.000239
1 42029U 17008CK  21165.73392177  .00002334  00000-0  88381-4 0  9991 | 2 42029  97.3237 233.8737 0009054 108.1792 252.0434 15.27882042240048 | 2021/06/14-17:36:50  293.3541    0.1239  251.9447   94.2481     6860.2818     6854.0705     6866.4931 -57.378859 -78.610235   0.000861  -0.000279
1 42029U 17008CK  21166.91278081  .00002156  00000-0  81837-4 0  9990 | 2 42029  97.3237 235.0322 0009091 105.0194 255.2053 15.27887719240223 | 2021/06/15-21:54:24  357.7447    0.1240  255.1046   94.2478     6860.2648     6854.0282     6866.5015 -55.777768 -79.754267   0.000855  -0.000310
1 42029U 17008CK  21168.15712689  .00002571  00000-0  97032-4 0  9990 | 2 42029  97.3236 236.2550 0009101 101.4403 258.7859 15.27895199240417 | 2021/06/17-03:46:15   85.7115    0.1239  258.6836   94.2473     6860.2424     6853.9989     6866.4859 -54.063033 -80.926334   0.000842  -0.000345
1 42029U 17008CK  21169.40146848  .00001982  00000-0  75393-4 0  9998 | 2 42029  97.3238 237.4780 0009102  97.8801 262.3472 15.27899242240604 | 2021/06/18-09:38:06  173.6768    0.1239  262.2438   94.2471     6860.2303     6853.9862     6866.4745 -52.323553 -82.061976   0.000827  -0.000380
1 42029U 17008CK  21170.44933050  .00002307  00000-0  87315-4 0  9992 | 2 42029  97.3239 238.5077 0009107  95.0365 265.1915 15.27905494240763 | 2021/06/19-10:47:02  190.9096    0.1240  265.0875   94.2467     6860.2116     6853.9640     6866.4592 -50.840446 -82.989099   0.000815  -0.000406
1 42029U 17008CK  21172.41406450  .00001926  00000-0  73311-4 0  9997 | 2 42029  97.3241 240.4386 0009094  89.4153 270.8129 15.27913099241062 | 2021/06/21-09:56:15  178.2193    0.1240  270.7087   94.2462     6860.1889     6853.9502     6866.4275 -48.015427 -84.655179   0.000786  -0.000457
1 42029U 17008CK  21173.46191905  .00001885  00000-0  71805-4 0  9999 | 2 42029  97.3242 241.4684 0009073  86.3618 273.8659 15.27916808241224 | 2021/06/22-11:05:09  195.4504    0.1240  273.7622   94.2460     6860.1778     6853.9535     6866.4020 -46.486259 -85.504547   0.000768  -0.000483
1 42029U 17008CK  21174.83722055  .00002895  00000-0  10882-3 0  9996 | 2 42029  97.3242 242.8200 0009032  82.3658 277.8607 15.27926619241439 | 2021/06/23-20:05:35  330.5641    0.1240  277.7582   94.2454     6860.1484     6853.9523     6866.3445 -44.456472 -86.577261   0.000742  -0.000516
1 42029U 17008CK  21176.21251086  .00003762  00000-0  14055-3 0  9991 | 2 42029  97.3240 244.1717 0009006  78.6186 281.6065 15.27939284241646 | 2021/06/25-05:06:00  105.6739    0.1240  281.5054   94.2446     6860.1105     6853.9323     6866.2887 -42.401706 -87.601691   0.000717  -0.000545
1 42029U 17008CK  21177.45681785  .00002742  00000-0  10316-3 0  9994 | 2 42029  97.3238 245.3946 0008958  74.9655 285.2575 15.27943305241831 | 2021/06/26-10:57:49  193.6300    0.1239  285.1584   94.2443     6860.0984     6853.9532     6866.2437 -40.522368 -88.486494   0.000690  -0.000571
1 42029U 17008CK  21178.76660980  .00002177  00000-0  82436-4 0  9998 | 2 42029  97.3235 246.6820 0008885  71.3678 288.8525 15.27947527242035 | 2021/06/27-18:23:55  305.1614    0.1239  288.7561   94.2441     6860.0858     6853.9906     6866.1810 -38.523952 -89.374318   0.000661  -0.000594
1 42029U 17008CK  21179.87992857  .00002261  00000-0  85526-4 0  9999 | 2 42029  97.3233 247.7763 0008813  67.9845 292.2330 15.27952914242207 | 2021/06/28-21:07:05  345.9620    0.1240  292.1395   94.2437     6860.0697     6854.0239     6866.1155 -36.809982 -90.093562   0.000631  -0.000615
1 42029U 17008CK  21181.18971132  .00002137  00000-0  80959-4 0  9996 | 2 42029  97.3233 249.0636 0008750  64.1395 296.0745 15.27958125242404 | 2021/06/30-04:33:11   97.4910    0.1239  295.9844   94.2434     6860.0541     6854.0515     6866.0566 -34.776674 -90.897787   0.000599  -0.000638
1 42029U 17008CK  21182.43399920  .00002979  00000-0  11177-3 0  9993 | 2 42029  97.3233 250.2864 0008670  60.5142 299.6961 15.27966593242599 | 2021/07/01-10:24:57  185.4420    0.1240  299.6098   94.2429     6860.0287     6854.0811     6865.9764 -32.828971 -91.619230   0.000567  -0.000656
1 42029U 17008CK  21183.48181690  .00002692  00000-0  10125-3 0  9996 | 2 42029  97.3234 251.3162 0008593  57.3810 302.8258 15.27970905242759 | 2021/07/02-11:33:48  202.6628    0.1240  302.7430   94.2426     6860.0158     6854.1210     6865.9106 -31.177080 -92.194544   0.000537  -0.000671
1 42029U 17008CK  21184.85707129  .00002545  00000-0  95872-4 0  9999 | 2 42029  97.3235 252.6677 0008500  53.2249 306.9770 15.27977706242967 | 2021/07/03-20:34:10  337.7633    0.1240  306.8991   94.2422     6859.9955     6854.1645     6865.8265 -28.993942 -92.904332   0.000498  -0.000689
1 42029U 17008CK  21186.42878366  .00002322  00000-0  87660-4 0  9995 | 2 42029  97.3237 254.2122 0008366  48.6400 311.5558 15.27984702243207 | 2021/07/05-10:17:26  183.5905    0.1240  311.4840   94.2418     6859.9745     6854.2355     6865.7136 -26.479380 -93.652256   0.000454  -0.000703
1 42029U 17008CK  21187.86951256  .00002398  00000-0  90441-4 0  9998 | 2 42029  97.3238 255.6281 0008244  44.1688 316.0208 15.27992037243429 | 2021/07/06-20:52:05  342.2633    0.1240  315.9552   94.2413     6859.9526     6854.2972     6865.6079 -24.157210 -94.278053   0.000410  -0.000715
1 42029U 17008CK  21189.17925609  .00003735  00000-0  13932-3 0  9992 | 2 42029  97.3237 256.9153 0008105  40.0660 320.1176 15.28004866243628 | 2021/07/08-04:18:07   93.7807    0.1240  320.0580   94.2405     6859.9142     6854.3542     6865.4741 -22.033231 -94.796832   0.000368  -0.000722
1 42029U 17008CK  21190.48899366  .00002469  00000-0  93008-4 0  9994 | 2 42029  97.3237 258.2027 0007983  36.0712 324.1065 15.28010722243820 | 2021/07/09-11:44:09  205.2957    0.1240  324.0528   94.2402     6859.8967     6854.4204     6865.3729 -19.897823 -95.267934   0.000328  -0.000728
1 42029U 17008CK  21191.92970104  .00002177  00000-0  82306-4 0  9999 | 2 42029  97.3234 259.6186 0007865  31.1029 329.0675 15.28014852244048 | 2021/07/10-22:18:46    3.9618    0.1240  329.0211   94.2399     6859.8843     6854.4890     6865.2796 -17.537661 -95.730218   0.000278  -0.000736
1 42029U 17008CK  21193.17394328  .00001852  00000-0  70419-4 0  9997 | 2 42029  97.3233 260.8415 0007721  27.2109 332.9533 15.28019423244238 | 2021/07/12-04:10:28   91.8986    0.1239  332.9130   94.2396     6859.8706     6854.5741     6865.1671 -15.490575 -96.082604   0.000239  -0.000734
1 42029U 17008CK  21194.41818234  .00001730  00000-0  65941-4 0  9991 | 2 42029  97.3233 262.0643 0007595  23.2694 336.8888 15.28023507244424 | 2021/07/13-10:02:10  179.8343    0.1240  336.8546   94.2394     6859.8584     6854.6483     6865.0685 -13.436619 -96.391296   0.000201  -0.000732
1 42029U 17008CK  21195.72790546  .00001421  00000-0  54613-4 0  9992 | 2 42029  97.3231 263.3514 0007464  18.9435 341.2080 15.28026113244624 | 2021/07/14-17:28:11  291.3451    0.1239  341.1804   94.2392     6859.8506     6854.7304     6864.9708 -11.268041 -96.668594   0.000159  -0.000729
1 42029U 17008CK  21197.49602424  .00001436  00000-0  55181-4 0  9992 | 2 42029  97.3230 265.0891 0007265  12.9124 347.2300 15.28032210244893 | 2021/07/16-11:54:16  207.8820    0.1240  347.2116   94.2389     6859.8324     6854.8487     6864.8160  -8.331478 -96.965730   0.000101  -0.000719
1 42029U 17008CK  21198.87121965  .00002111  00000-0  79837-4 0  9996 | 2 42029  97.3229 266.4406 0007116   8.2232 351.9123 15.28041431245106 | 2021/07/17-20:54:33  342.9632    0.1240  351.9008   94.2383     6859.8048     6854.9233     6864.6862  -6.042127 -97.135161   0.000058  -0.000709
1 42029U 17008CK  21200.18092544  .00002347  00000-0  88431-4 0  9995 | 2 42029  97.3228 267.7279 0006929   3.8667 356.2625 15.28048152245305 | 2021/07/19-04:20:31   94.4672    0.1240  356.2573   94.2379     6859.7846     6855.0315     6864.5378  -3.858385 -97.246287   0.000019  -0.000693
1 42029U 17008CK  21201.42514133  .00002331  00000-0  87861-4 0  9995 | 2 42029  97.3230 268.9507 0006774 359.3279   0.7950 15.28053678245492 | 2021/07/20-10:12:12  182.3948    0.1240    0.7961   94.2375     6859.7681     6855.1213     6864.4149  -1.782248 -97.306680  -0.000020  -0.000677
1 42029U 17008CK  21202.47289884  .00002091  00000-0  79057-4 0  9994 | 2 42029  97.3230 269.9804 0006649 355.3407   4.7770 15.28057186245653 | 2021/07/21-11:20:58  199.5957    0.1241    4.7834   94.2373     6859.7576     6855.1965     6864.3187  -0.033293 -97.322994  -0.000054  -0.000663
1 42029U 17008CK  21203.84807494  .00003166  00000-0  11831-3 0  9998 | 2 42029  97.3230 271.3319 0006505 350.2295   9.8817 15.28066628245863 | 2021/07/22-20:21:13  334.6696    0.1240    9.8945   94.2367     6859.7293     6855.2671     6864.1916   2.262171 -97.296706  -0.000095  -0.000643
1 42029U 17008CK  21204.89582351  .00003264  00000-0  12188-3 0  9991 | 2 42029  97.3228 272.3617 0006395 346.1139  13.9923 15.28072478246023 | 2021/07/23-21:29:59  351.8670    0.1239   14.0100   94.2364     6859.7118     6855.3251     6864.0986   4.010456 -97.240134  -0.000128  -0.000627
1 42029U 17008CK  21206.14001848  .00003036  00000-0  11352-3 0  9997 | 2 42029  97.3226 273.5846 0006286 341.1256  18.9749 15.28079504246211 | 2021/07/25-03:21:37   79.7863    0.1239   18.9983   94.2359     6859.6908     6855.3788     6864.0028   6.084830 -97.132195  -0.000166  -0.000606
1 42029U 17008CK  21207.44969221  .00002711  00000-0  10165-3 0  9999 | 2 42029  97.3224 274.8719 0006126 335.8266  24.2685 15.28085790246411 | 2021/07/26-10:47:33  191.2778    0.1240   24.2974   94.2355     6859.6720     6855.4698     6863.8742   8.265423 -96.970781  -0.000202  -0.000578
1 42029U 17008CK  21208.49742739  .00002490  00000-0  93556-4 0  9998 | 2 42029  97.3221 275.9016 0006031 331.4925  28.5984 15.28090504246574 | 2021/07/27-11:56:17  208.4697    0.1240   28.6315   94.2353     6859.6579     6855.5208     6863.7949  10.006689 -96.806288  -0.000232  -0.000557
1 42029U 17008CK  21209.80709120  .00002369  00000-0  89118-4 0  9995 | 2 42029  97.3218 277.1887 0005938 325.9852  34.1007 15.28096720246779 | 2021/07/28-19:22:12  319.9574    0.1241   34.1389   94.2349     6859.6393     6855.5660     6863.7125  12.178613 -96.556792  -0.000268  -0.000530
1 42029U 17008CK  21211.11674976  .00002500  00000-0  93908-4 0  9991 | 2 42029  97.3217 278.4757 0005832 320.5016  39.5798 15.28103378246970 | 2021/07/30-02:48:07   71.4429    0.1240   39.6224   94.2345     6859.6194     6855.6188     6863.6199  14.344240 -96.258797  -0.000301  -0.000500
1 42029U 17008CK  21212.42640287  .00002321  00000-0  87365-4 0  9995 | 2 42029  97.3217 279.7628 0005717 314.6483  45.4290 15.28109336247171 | 2021/07/31-10:14:01  182.9258    0.1240   45.4757   94.2341     6859.6015     6855.6799     6863.5232  16.502809 -95.912307  -0.000333  -0.000465
1 42029U 17008CK  21213.67056882  .00001868  00000-0  70808-4 0  9994 | 2 42029  97.3218 280.9853 0005641 309.0174  51.0562 15.28113901247366 | 2021/08/01-16:05:37  270.8331    0.1239   51.1065   94.2338     6859.5879     6855.7184     6863.4574  18.545364 -95.538486  -0.000363  -0.000432
1 42029U 17008CK  21215.11117754  .00001902  00000-0  72052-4 0  9993 | 2 42029  97.3220 282.4009 0005547 302.5115  57.5588 15.28119632247587 | 2021/08/03-02:40:05   69.4599    0.1240   57.6125   94.2335     6859.5707     6855.7657     6863.3757  20.899965 -95.051371  -0.000393  -0.000392
1 42029U 17008CK  21216.48629883  .00002118  00000-0  79914-4 0  9999 | 2 42029  97.3221 283.7523 0005495 296.1553  63.9121 15.28125910247792 | 2021/08/04-11:40:16  204.5104    0.1240   63.9687   94.2331     6859.5519     6855.7826     6863.3213  23.135885 -94.532121  -0.000422  -0.000353
1 42029U 17008CK  21217.92689711  .00001904  00000-0  72094-4 0  9999 | 2 42029  97.3218 285.1681 0005479 289.7136  70.3513 15.28130910248015 | 2021/08/05-22:14:43    3.1324    0.1240   70.4104   94.2328     6859.5370     6855.7786     6863.2953  25.464430 -93.931334  -0.000449  -0.000313
1 42029U 17008CK  21219.43296914  .00002350  00000-0  88319-4 0  9999 | 2 42029  97.3218 286.6482 0005446 282.6612  77.4018 15.28140021248242 | 2021/08/07-10:23:28  185.3246    0.1239   77.4627   94.2322     6859.5097     6855.7740     6863.2454  27.882156 -93.242255  -0.000475  -0.000267
1 42029U 17008CK  21220.93903218  .00003135  00000-0  11692-3 0  9999 | 2 42029  97.3215 288.1284 0005397 275.1752  84.8872 15.28150865248475 | 2021/08/08-22:32:12    7.5121    0.1240   84.9488   94.2315     6859.4773     6855.7752     6863.1793  30.281345 -92.490618  -0.000496  -0.000214
1 42029U 17008CK  21222.44508807  .00002149  00000-0  80976-4 0  9998 | 2 42029  97.3211 289.6085 0005416 268.0106  92.0514 15.28156301248703 | 2021/08/10-10:40:55  189.6970    0.1240   92.1134   94.2312     6859.4610     6855.7459     6863.1761  32.660117 -91.677223  -0.000516  -0.000164
1 42029U 17008CK  21223.49277592  .00001824  00000-0  69110-4 0  9994 | 2 42029  97.3209 290.6381 0005457 262.9003  97.1616 15.28159718248866 | 2021/08/11-11:49:35  206.8678    0.1239   97.2236   94.2310     6859.4508     6855.7076     6863.1940  34.302116 -91.075367  -0.000531  -0.000128
1 42029U 17008CK  21224.93334378  .00001573  00000-0  59966-4 0  9999 | 2 42029  97.3206 292.0537 0005499 256.2182 103.8446 15.28163577249081 | 2021/08/12-22:24:00    5.4756    0.1240  103.9058   94.2308     6859.4392     6855.6672     6863.2112  36.541494 -90.199880  -0.000544  -0.000079
1 42029U 17008CK  21226.11198670  .00001674  00000-0  63626-4 0  9994 | 2 42029  97.3209 293.2116 0005570 251.3554 108.7081 15.28168014249269 | 2021/08/14-02:41:15   69.7902    0.1239  108.7685   94.2305     6859.4259     6855.6052     6863.2466  38.356891 -89.443315  -0.000555  -0.000044
1 42029U 17008CK  21227.15966719  .00001626  00000-0  61860-4 0  9991 | 2 42029  97.3208 294.2412 0005620 246.5212 113.5437 15.28171178249423 | 2021/08/15-03:49:55   86.9568    0.1239  113.6027   94.2303     6859.4165     6855.5615     6863.2715  39.957858 -88.739550  -0.000562  -0.000007
1 42029U 17008CK  21228.46926385  .00001755  00000-0  66575-4 0  9992 | 2 42029  97.3207 295.5281 0005682 240.6448 119.4224 15.28176318249626 | 2021/08/16-11:15:44  198.4132    0.1239  119.4791   94.2300     6859.4011     6855.5036     6863.2986  41.940716 -87.819673  -0.000567   0.000038
1 42029U 17008CK  21229.84433664  .00001754  00000-0  66528-4 0  9995 | 2 42029  97.3206 296.8792 0005775 234.5225 125.5476 15.28180946249836 | 2021/08/17-20:15:50  333.4407    0.1239  125.6014   94.2297     6859.3872     6855.4259     6863.3485  43.999707 -86.806250  -0.000571   0.000086
1 42029U 17008CK  21231.41584318  .00001694  00000-0  64304-4 0  9997 | 2 42029  97.3205 298.4235 0005887 227.6155 132.4587 15.28186058250072 | 2021/08/19-09:58:48  179.1836    0.1239  132.5084   94.2294     6859.3719     6855.3338     6863.4101  46.323094 -85.588847  -0.000571   0.000142
1 42029U 17008CK  21232.46351010  .00001838  00000-0  69551-4 0  9993 | 2 42029  97.3204 299.4529 0005975 223.1734 136.9038 15.28190778250232 | 2021/08/20-11:07:27  196.3440    0.1240  136.9506   94.2291     6859.3578     6855.2593     6863.4563  47.853211 -84.742731  -0.000570   0.000178
1 42029U 17008CK  21233.51117393  .00001996  00000-0  75294-4 0  9990 | 2 42029  97.3203 300.4824 0006074 218.8620 141.2184 15.28195771250394 | 2021/08/21-12:16:05  213.5029    0.1240  141.2620   94.2288     6859.3429     6855.1765     6863.5092  49.368025 -83.869177  -0.000568   0.000214
1 42029U 17008CK  21234.88622870  .00002033  00000-0  76627-4 0  9996 | 2 42029  97.3202 301.8334 0006199 213.3300 146.7550 15.28201527250605 | 2021/08/22-21:16:10  348.5223    0.1239  146.7939   94.2284     6859.3257     6855.0736     6863.5777  51.331651 -82.681818  -0.000563   0.000260
1 42029U 17008CK  21235.93388680  .00001987  00000-0  74926-4 0  9998 | 2 42029  97.3200 302.8629 0006297 209.1074 150.9815 15.28205248250763 | 2021/08/23-22:24:47    5.6784    0.1239  151.0165   94.2282     6859.3145     6854.9952     6863.6338  52.808817 -81.746017  -0.000556   0.000296
1 42029U 17008CK  21237.43988996  .00002303  00000-0  86410-4 0  9995 | 2 42029  97.3198 304.3426 0006447 203.2874 156.8075 15.28212843250998 | 2021/08/25-10:33:26  187.8383    0.1240  156.8366   94.2277     6859.2918     6854.8696     6863.7140  54.902002 -80.354923  -0.000545   0.000345
1 42029U 17008CK  21238.61849626  .00002440  00000-0  91362-4 0  9996 | 2 42029  97.3196 305.5007 0006566 198.6812 161.4187 15.28218544251176 | 2021/08/26-14:50:38  252.1351    0.1239  161.4427   94.2274     6859.2747     6854.7709     6863.7785  56.514747 -79.228706  -0.000532   0.000384
1 42029U 17008CK  21239.73162202  .00002738  00000-0  10218-3 0  9998 | 2 42029  97.3190 306.5946 0006720 194.1175 165.9878 15.28222928251344 | 2021/08/27-17:33:32  292.8582    0.1239  166.0064   94.2271     6859.2616     6854.6522     6863.8710  58.016645 -78.134862  -0.000520   0.000426
1 42029U 17008CK  21240.84473962  .00005582  00000-0  20544-3 0  9993 | 2 42029  97.3189 307.6882 0006843 190.2619 169.8482 15.28238564251515 | 2021/08/28-20:16:25  333.5793    0.1239  169.8620   94.2261     6859.2148     6854.5211     6863.9086  59.497279 -77.013259  -0.000508   0.000458
1 42029U 17008CK  21241.89237368  .00006189  00000-0  22741-3 0  9992 | 2 42029  97.3188 308.7175 0006957 186.6536 173.4612 15.28246867251672 | 2021/08/29-21:25:01  350.7262    0.1239  173.4703   94.2256     6859.1900     6854.4180     6863.9619  60.871060 -75.931962  -0.000495   0.000489
1 42029U 17008CK  21243.13643393  .00003970  00000-0  14684-3 0  9992 | 2 42029  97.3190 309.9396 0007099 182.1384 177.9826 15.28250593251861 | 2021/08/31-03:16:27   78.5858    0.1239  177.9855   94.2254     6859.1788     6854.3095     6864.0482  62.476823 -74.616582  -0.000476   0.000527
1 42029U 17008CK  21244.18406067  .00003028  00000-0  11262-3 0  9996 | 2 42029  97.3190 310.9689 0007200 178.6752 181.4508 15.28253720252022 | 2021/09/01-04:25:02   95.7297    0.1239  181.4487   94.2252     6859.1695     6854.2309     6864.1081  63.807132 -73.482227  -0.000459   0.000554
1 42029U 17008CK  21245.49358718  .00002831  00000-0  10543-3 0  9992 | 2 42029  97.3191 312.2554 0007353 174.3141 185.8183 15.28260387252229 | 2021/09/02-11:50:45  207.1571    0.1239  185.8098   94.2248     6859.1495     6854.1060     6864.1931  65.440922 -72.031195  -0.000438   0.000591
1 42029U 17008CK  21247.45786561  .00002844  00000-0  10588-3 0  9994 | 2 42029  97.3191 314.1853 0007565 167.7862 192.3563 15.28271083252526 | 2021/09/04-10:59:19  194.2934    0.1240  192.3378   94.2241     6859.1175     6853.9286     6864.3064  67.829578 -69.786500  -0.000401   0.000642
1 42029U 17008CK  21249.42212719  .00003989  00000-0  14735-3 0  9991 | 2 42029  97.3188 316.1153 0007752 161.4281 198.7243 15.28287060252821 | 2021/09/06-10:07:51  181.4237    0.1239  198.6958   94.2231     6859.0697     6853.7526     6864.3869  70.141187 -67.462306  -0.000358   0.000687
1 42029U 17008CK  21250.46972543  .00003886  00000-0  14356-3 0  9990 | 2 42029  97.3185 317.1447 0007859 158.0293 202.1286 15.28294482252988 | 2021/09/07-11:16:24  198.5568    0.1240  202.0947   94.2227     6859.0475     6853.6570     6864.4380  71.341638 -66.191096  -0.000334   0.000711
1 42029U 17008CK  21251.84469001  .00003874  00000-0  14309-3 0  9998 | 2 42029  97.3179 318.4956 0007970 153.8465 206.3179 15.28304697253199 | 2021/09/08-20:16:21  333.5418    0.1239  206.2774   94.2220     6859.0170     6853.5503     6864.4836  72.881846 -64.490389  -0.000303   0.000737
1 42029U 17008CK  21252.89227654  .00003225  00000-0  11956-3 0  9995 | 2 42029  97.3177 319.5247 0008046 150.5499 209.6196 15.28310375253351 | 2021/09/09-21:24:52  350.6713    0.1240  209.5741   94.2217     6859.0000     6853.4812     6864.5187  74.028199 -63.170883  -0.000276   0.000756
1 42029U 17008CK  21254.13627929  .00003428  00000-0  12685-3 0  9998 | 2 42029  97.3174 320.7467 0008140 146.7877 213.3876 15.28319495253548 | 2021/09/11-03:16:14   78.5107    0.1240  213.3363   94.2211     6858.9727     6853.3895     6864.5559  75.358332 -61.577578  -0.000245   0.000776
1 42029U 17008CK  21255.18385473  .00003237  00000-0  11991-3 0  9996 | 2 42029  97.3170 321.7758 0008244 143.6677 216.5124 15.28326258253701 | 2021/09/12-04:24:45   95.6365    0.1239  216.4562   94.2207     6858.9524     6853.2979     6864.6070  76.451810 -60.213946  -0.000220   0.000795
1 42029U 17008CK  21256.42784465  .00003088  00000-0  11450-3 0  9992 | 2 42029  97.3171 322.9977 0008334 139.7865 220.3993 15.28334109253894 | 2021/09/13-10:16:05  183.4714    0.1240  220.3375   94.2202     6858.9290     6853.2127     6864.6452  77.718541 -58.570013  -0.000184   0.000813
1 42029U 17008CK  21257.86824540  .00002999  00000-0  11123-3 0  9997 | 2 42029  97.3171 324.4125 0008460 135.4442 224.7479 15.28343649254112 | 2021/09/14-20:50:16  342.0143    0.1239  224.6797   94.2196     6858.9004     6853.0978     6864.7030  79.140965 -56.633255  -0.000145   0.000834
1 42029U 17008CK  21258.91580489  .00002689  00000-0  99993-4 0  9993 | 2 42029  97.3172 325.4416 0008527 132.5311 227.6650 15.28348918254278 | 2021/09/15-21:58:45  359.1351    0.1239  227.5928   94.2193     6858.8846     6853.0361     6864.7332  80.145428 -55.202788  -0.000118   0.000844
1 42029U 17008CK  21260.15977730  .00002381  00000-0  88835-4 0  9993 | 2 42029  97.3173 326.6636 0008588 128.9293 231.2714 15.28354765254461 | 2021/09/17-03:50:04   86.9647    0.1240  231.1947   94.2190     6858.8672     6852.9768     6864.7575  81.304556 -53.481082  -0.000084   0.000855
1 42029U 17008CK  21261.46921295  .00003084  00000-0  11424-3 0  9993 | 2 42029  97.3174 327.9500 0008665 125.0659 235.1395 15.28365325254660 | 2021/09/18-11:15:39  198.3611    0.1240  235.0581   94.2183     6858.8356     6852.8924     6864.7787  82.484801 -51.642366  -0.000046   0.000865
1 42029U 17008CK  21262.90958477  .00002921  00000-0  10830-3 0  9994 | 2 42029  97.3171 329.3649 0008733 120.9017 239.3083 15.28373945254886 | 2021/09/19-21:49:48  356.8951    0.1240  239.2223   94.2178     6858.8098     6852.8200     6864.7996  83.734554 -49.589740  -0.000004   0.000873
1 42029U 17008CK  21264.41542036  .00002653  00000-0  98602-4 0  9998 | 2 42029  97.3167 330.8443 0008758 116.5400 243.6739 15.28382044255117 | 2021/09/21-09:58:12  178.9969    0.1240  243.5840   94.2173     6858.7855     6852.7786     6864.7925  84.986579 -47.411196   0.000040   0.000875
1 42029U 17008CK  21266.18312969  .00003494  00000-0  12893-3 0  9995 | 2 42029  97.3161 332.5807 0008831 111.4433 248.7749 15.28394017255385 | 2021/09/23-04:23:42   95.3739    0.1239  248.6806   94.2165     6858.7497     6852.6928     6864.8067  86.383640 -44.813949   0.000092   0.000878
1 42029U 17008CK  21267.49253472  .00004061  00000-0  14938-3 0  9996 | 2 42029  97.3158 333.8669 0008863 107.8054 252.4153 15.28404203255586 | 2021/09/24-11:49:14  206.7616    0.1239  252.3185   94.2159     6858.7192     6852.6404     6864.7981  87.367524 -42.863512   0.000128   0.000877
1 42029U 17008CK  21269.12927772  .00004222  00000-0  15515-3 0  9990 | 2 42029  97.3152 335.4746 0008885 103.0512 257.1721 15.28417003255838 | 2021/09/26-03:06:09   75.9920    0.1241  257.0729   94.2151     6858.6810     6852.5870     6864.7749  88.535164 -40.395209   0.000177   0.000871
1 42029U 17008CK  21270.43866131  .00004461  00000-0  16370-3 0  9992 | 2 42029  97.3150 336.7604 0008876  99.4129 260.8114 15.28428455256038 | 2021/09/27-10:31:40  187.3739    0.1239  260.7110   94.2144     6858.6467     6852.5590     6864.7344  89.419138 -38.398268   0.000212   0.000862
1 42029U 17008CK  21272.14084566  .00005381  00000-0  19682-3 0  9997 | 2 42029  97.3150 338.4322 0008896  94.5899 265.6357 15.28445086256295 | 2021/09/29-03:22:49   80.1649    0.1240  265.5341   94.2134     6858.5969     6852.4955     6864.6983  90.501317 -35.773185   0.000260   0.000851
1 42029U 17008CK  21273.25379525  .00007660  00000-0  27879-3 0  9991 | 2 42029  97.3150 339.5252 0008870  91.5213 268.7043 15.28465897256465 | 2021/09/30-06:05:27  120.8307    0.1240  268.6027   94.2121     6858.5347     6852.4512     6864.6182  91.167235 -34.040337   0.000288   0.000839
1 42029U 17008CK  21274.43220270  .00007424  00000-0  27017-3 0  9996 | 2 42029  97.3152 340.6826 0008834  87.9181 272.3071 15.28481245256647 | 2021/10/01-10:22:22  185.0619    0.1240  272.2059   94.2112     6858.4888     6852.4300     6864.5476  91.836406 -32.191965   0.000322   0.000822
1 42029U 17008CK  21275.74153499  .00004734  00000-0  17324-3 0  9990 | 2 42029  97.3154 341.9688 0008801  84.2669 275.9574 15.28488721256849 | 2021/10/02-17:47:48  296.4268    0.1240  275.8571   94.2107     6858.4664     6852.4303     6864.5025  92.536056 -30.122507   0.000355   0.000805
1 42029U 17008CK  21277.44364979  .00004218  00000-0  15459-3 0  9990 | 2 42029  97.3152 343.6408 0008728  79.4342 280.7881 15.28504080257100 | 2021/10/04-10:38:51  189.1958    0.1240  280.6898   94.2098     6858.4205     6852.4344     6864.4065  93.375373 -27.409630   0.000395   0.000778
1 42029U 17008CK  21279.14575093  .00003382  00000-0  12446-3 0  9994 | 2 42029  97.3148 345.3128 0008690  74.5686 285.6513 15.28515293257360 | 2021/10/06-03:29:52   81.9603    0.1240  285.5554   94.2091     6858.3869     6852.4270     6864.3469  94.134982 -24.673374   0.000436   0.000752
1 42029U 17008CK  21280.45504924  .00003996  00000-0  14651-3 0  9996 | 2 42029  97.3143 346.5989 0008624  70.7604 289.4568 15.28526531257569 | 2021/10/07-10:55:16  193.3148    0.1240  289.3636   94.2084     6858.3533     6852.4387     6864.2679  94.664571 -22.554202   0.000465   0.000726
1 42029U 17008CK  21281.76433844  .00003816  00000-0  13997-3 0  9996 | 2 42029  97.3137 347.8848 0008524  66.8813 293.3324 15.28536846257763 | 2021/10/08-18:20:38  304.6670    0.1240  293.2427   94.2077     6858.3224     6852.4764     6864.1685  95.146290 -20.424000   0.000492   0.000696
1 42029U 17008CK  21283.13907495  .00006804  00000-0  24728-3 0  9991 | 2 42029  97.3132 349.2349 0008478  62.9566 297.2538 15.28559564257975 | 2021/10/10-03:20:16   79.5803    0.1240  297.1674   94.2063     6858.2545     6852.4401     6864.0689  95.600605 -18.176446   0.000520   0.000670
1 42029U 17008CK  21284.44833469  .00008906  00000-0  32259-3 0  9998 | 2 42029  97.3129 350.5206 0008370  58.5912 301.6145 15.28579811258179 | 2021/10/11-10:45:36  190.9233    0.1240  301.5328   94.2051     6858.1939     6852.4536     6863.9342  95.984081 -16.026752   0.000548   0.000633
1 42029U 17008CK  21285.49573786  .00006141  00000-0  22330-3 0  9995 | 2 42029  97.3129 351.5489 0008260  55.5700 304.6320 15.28583523258334 | 2021/10/12-11:53:51  207.9962    0.1241  304.5541   94.2049     6858.1828     6852.5180     6863.8477  96.256243 -14.301616   0.000562   0.000605
1 42029U 17008CK  21286.60858345  .00009614  00000-0  34768-3 0  9992 | 2 42029  97.3130 352.6417 0008234  52.5903 307.6085 15.28609989258507 | 2021/10/13-14:36:21  248.6279    0.1240  307.5337   94.2032     6858.1037     6852.4567     6863.7506  96.511592 -12.463248   0.000580   0.000585
1 42029U 17008CK  21287.91779373  .00005673  00000-0  20621-3 0  9994 | 2 42029  97.3132 353.9276 0008084  48.4972 311.6961 15.28630403258704 | 2021/10/14-22:01:37  359.9536    0.1241  311.6269   94.2020     6858.0426     6852.4986     6863.5867  96.767177 -10.294284   0.000597   0.000545
1 42029U 17008CK  21289.16153456  .00005824  00000-0  21156-3 0  9993 | 2 42029  97.3136 355.1493 0007965  44.3370 315.8506 15.28642467258891 | 2021/10/16-03:52:36   87.7102    0.1240  315.7870   94.2012     6858.0065     6852.5441     6863.4689  96.965064  -8.228798   0.000615   0.000506
1 42029U 17008CK  21290.66709803  .00005581  00000-0  20276-3 0  9995 | 2 42029  97.3135 356.6282 0007841  39.8319 320.3495 15.28660329259129 | 2021/10/17-16:00:37  269.7243    0.1240  320.2921   94.2001     6857.9531     6852.5758     6863.3304  97.145040  -5.723498   0.000631   0.000466
1 42029U 17008CK  21291.71443760  .00005875  00000-0  21321-3 0  9997 | 2 42029  97.3134 357.6571 0007715  36.4261 323.7503 15.28672001259283 | 2021/10/18-17:08:47  286.7750    0.1241  323.6980   94.1994     6857.9182     6852.6273     6863.2091  97.232052  -3.978164   0.000639   0.000432
1 42029U 17008CK  21292.76177126  .00003654  00000-0  13360-3 0  9990 | 2 42029  97.3130 358.6859 0007619  33.2864 326.8854 15.28677023259446 | 2021/10/19-18:16:57  303.8232    0.1241  326.8377   94.1991     6857.9032     6852.6781     6863.1282  97.287406  -2.231714   0.000646   0.000403
1 42029U 17008CK  21294.13638889  .00003520  00000-0  12877-3 0  9995 | 2 42029  97.3125   0.0362 0007495  28.8332 331.3321 15.28687522259657 | 2021/10/21-03:16:24   78.6966    0.1241  331.2909   94.1985     6857.8718     6852.7318     6863.0118  97.312481   0.061483   0.000656   0.000362
1 42029U 17008CK  21295.44554087  .00003122  00000-0  11450-3 0  9991 | 2 42029  97.3121   1.3219 0007344  24.5126 335.6461 15.28695412259856 | 2021/10/22-10:41:34  190.0026    0.1240  335.6114   94.1980     6857.8482     6852.8118     6862.8846  97.286202   2.244938   0.000661   0.000320
1 42029U 17008CK  21296.68922558  .00004858  00000-0  17661-3 0  9997 | 2 42029  97.3117   2.5434 0007237  20.4652 339.6877 15.28709872260047 | 2021/10/23-16:32:29  277.7392    0.1241  339.6589   94.1971     6857.8049     6852.8419     6862.7679  97.215838   4.318316   0.000666   0.000283
1 42029U 17008CK  21297.73653086  .00004998  00000-0  18156-3 0  9996 | 2 42029  97.3113   3.5718 0007135  16.9068 343.2408 15.28720470260203 | 2021/10/24-17:40:36  294.7783    0.1240  343.2172   94.1964     6857.7732     6852.8802     6862.6663  97.122274   6.062426   0.000668   0.000250
1 42029U 17008CK  21298.91474280  .00004553  00000-0  16560-3 0  9998 | 2 42029  97.3110   4.7288 0006995  12.6809 347.4606 15.28729674260384 | 2021/10/25-21:57:13  358.9450    0.1241  347.4432   94.1959     6857.7457     6852.9487     6862.5427  96.979761   8.022267   0.000667   0.000209
1 42029U 17008CK  21300.15840326  .00004290  00000-0  15613-3 0  9992 | 2 42029  97.3109   5.9501 0006854   8.5254 351.6101 15.28739106260574 | 2021/10/27-03:48:06   86.6733    0.1240  351.5986   94.1953     6857.7175     6853.0172     6862.4178  96.786643  10.087469   0.000664   0.000171
1 42029U 17008CK  21301.86023958  .00005199  00000-0  18856-3 0  9996 | 2 42029  97.3110   7.6214 0006681   2.3673 357.7597 15.28755884260837 | 2021/10/28-20:38:44  339.3490    0.1240  357.7567   94.1942     6857.6673     6853.0857     6862.2489  96.451362  12.906027   0.000658   0.000116
1 42029U 17008CK  21302.90751533  .00006834  00000-0  24690-3 0  9999 | 2 42029  97.3111   8.6498 0006597 358.3314   1.7903 15.28768733260996 | 2021/10/29-21:46:49  356.3774    0.1241    1.7927   94.1934     6857.6289     6853.1049     6862.1529  96.204287  14.635073   0.000655   0.000080
1 42029U 17008CK  21304.47841393  .00006817  00000-0  24617-3 0  9997 | 2 42029  97.3113  10.1926 0006439 352.6241   7.4903 15.28783976261230 | 2021/10/31-11:28:54  201.9137    0.1240    7.4999   94.1925     6857.5833     6853.1677     6861.9989  95.775579  17.219977   0.000643   0.000032
1 42029U 17008CK  21305.91838541  .00006024  00000-0  21774-3 0  9999 | 2 42029  97.3114  11.6069 0006276 347.0082  13.0995 15.28801551261453 | 2021/11/01-22:02:28    0.3152    0.1240   13.1158   94.1914     6857.5308     6853.2270     6861.8346  95.321482  19.578654   0.000627  -0.000015
1 42029U 17008CK  21307.42378675  .00014000  00000-0  50156-3 0  9993 | 2 42029  97.3113  13.0857 0006113 341.5483  18.5534 15.28838291261682 | 2021/11/03-10:10:15  182.2707    0.1240   18.5757   94.1892     6857.4209     6853.2290     6861.6128  94.784369  22.032078   0.000609  -0.000057
1 42029U 17008CK  21309.19095044  .00011950  00000-0  42809-3 0  9992 | 2 42029  97.3106  14.8215 0005967 334.2944  25.7999 15.28878057261957 | 2021/11/05-04:34:58   98.4630    0.1241   25.8297   94.1867     6857.3020     6853.2102     6861.3937  94.072830  24.892882   0.000586  -0.000113
1 42029U 17008CK  21310.43448894  .00005251  00000-0  18966-3 0  9990 | 2 42029  97.3100  16.0428 0005855 328.9330  31.1564 15.28889953262144 | 2021/11/06-10:25:39  186.1461    0.1241   31.1911   94.1860     6857.2664     6853.2515     6861.2814  93.520313  26.892138   0.000565  -0.000152
1 42029U 17008CK  21311.61256220  .00011448  00000-0  40977-3 0  9993 | 2 42029  97.3093  17.1995 0005732 323.9364  36.1488 15.28917326262328 | 2021/11/07-14:42:05  250.2612    0.1240   36.1876   94.1843     6857.1846     6853.2540     6861.1151  92.957720  28.774332   0.000542  -0.000185
1 42029U 17008CK  21313.11785572  .00005318  00000-0  19178-3 0  9995 | 2 42029  97.3088  18.6776 0005619 317.5538  42.5267 15.28934603262559 | 2021/11/09-02:49:42   72.1771    0.1240   42.5702   94.1832     6857.1329     6853.2799     6860.9859  92.184086  31.162428   0.000514  -0.000226
1 42029U 17008CK  21314.42679514  .00006577  00000-0  23646-3 0  9991 | 2 42029  97.3089  19.9628 0005539 312.3336  47.7434 15.28949801262751 | 2021/11/10-10:14:35  183.4038    0.1240   47.7904   94.1823     6857.0875     6853.2893     6860.8856  91.462044  33.222228   0.000490  -0.000258
1 42029U 17008CK  21315.47393474  .00005963  00000-0  21454-3 0  9998 | 2 42029  97.3092  20.9917 0005510 307.1543  52.9193 15.28963230262919 | 2021/11/11-11:22:27  200.3806    0.1240   52.9697   94.1815     6857.0473     6853.2691     6860.8256  90.851015  34.859338   0.000468  -0.000291
1 42029U 17008CK  21316.71740544  .00004141  00000-0  14977-3 0  9999 | 2 42029  97.3094  22.2129 0005461 301.3204  58.7501 15.28972751263103 | 2021/11/12-17:13:03  288.0376    0.1240   58.8036   94.1809     6857.0189     6853.2742     6860.7635  90.087631  36.787744   0.000439  -0.000325
1 42029U 17008CK  21317.89542621  .00002568  00000-0  93871-4 0  9997 | 2 42029  97.3095  23.3699 0005405 296.0952  63.9731 15.28975900263287 | 2021/11/13-21:29:24  352.1314    0.1240   64.0288   94.1807     6857.0094     6853.3032     6860.7157  89.326534  38.599341   0.000411  -0.000351
1 42029U 17008CK  21319.46610398  .00004758  00000-0  17156-3 0  9993 | 2 42029  97.3097  24.9128 0005338 288.8435  71.2226 15.28995629263521 | 2021/11/15-11:11:11  197.5828    0.1240   71.2805   94.1795     6856.9505     6853.2902     6860.6107  88.255026  40.990586   0.000369  -0.000386
1 42029U 17008CK  21320.90588157  .00003836  00000-0  13880-3 0  9997 | 2 42029  97.3095  26.3270 0005317 282.0506  78.0138 15.29005821263743 | 2021/11/16-21:44:28  355.9094    0.1240   78.0734   94.1788     6856.9200     6853.2742     6860.5658  87.216319  43.156141   0.000330  -0.000417
1 42029U 17008CK  21322.14931795  .00003680  00000-0  13323-3 0  9994 | 2 42029  97.3092  27.5484 0005328 276.4028  83.6606 15.29014911263931 | 2021/11/18-03:35:01   83.5517    0.1241   83.7213   94.1783     6856.8928     6853.2395     6860.5462  86.276328  45.005285   0.000298  -0.000442
1 42029U 17008CK  21323.45818276  .00005176  00000-0  18619-3 0  9992 | 2 42029  97.3090  28.8341 0005316 270.2640  89.7991 15.29033651264133 | 2021/11/19-10:59:46  194.7477    0.1240   89.8600   94.1771     6856.8368     6853.1917     6860.4819  85.244611  46.929711   0.000259  -0.000465
1 42029U 17008CK  21324.63615437  .00004492  00000-0  16189-3 0  9997 | 2 42029  97.3085  29.9911 0005347 264.6403  95.4227 15.29043268264311 | 2021/11/20-15:16:03  258.8216    0.1240   95.4837   94.1765     6856.8080     6853.1417     6860.4744  84.279190  48.641159   0.000223  -0.000486
1 42029U 17008CK  21325.87956117  .00004789  00000-0  17236-3 0  9990 | 2 42029  97.3081  31.2122 0005366 258.9768 101.0869 15.29053722264501 | 2021/11/21-21:06:34  346.4518    0.1240  101.1472   94.1759     6856.7768     6853.0974     6860.4561  83.223136  50.425946   0.000185  -0.000504
1 42029U 17008CK  21327.45016041  .00005484  00000-0  19686-3 0  9993 | 2 42029  97.3076  32.7546 0005411 251.7380 108.3272 15.29074431264747 | 2021/11/23-10:48:13  191.8717    0.1240  108.3860   94.1746     6856.7149     6853.0047     6860.4250  81.835261  52.647498   0.000135  -0.000524
1 42029U 17008CK  21329.41339046  .00004192  00000-0  15105-3 0  9991 | 2 42029  97.3074  34.6823 0005468 242.4888 117.5797 15.29089580265045 | 2021/11/25-09:55:16  178.6386    0.1240  117.6352   94.1737     6856.6696     6852.9204     6860.4188  80.017808  55.370394   0.000068  -0.000543
1 42029U 17008CK  21330.46043916  .00004165  00000-0  15005-3 0  9995 | 2 42029  97.3072  35.7106 0005535 237.6979 122.3726 15.29097417265203 | 2021/11/26-11:03:01  195.5778    0.1240  122.4261   94.1732     6856.6462     6852.8510     6860.4413  79.011068  56.797380   0.000033  -0.000553
1 42029U 17008CK  21331.83468300  .00003570  00000-0  12897-3 0  9990 | 2 42029  97.3075  37.0603 0005676 232.1325 127.9402 15.29105849265418 | 2021/11/27-20:01:56  330.3082    0.1240  127.9915   94.1727     6856.6210     6852.7291     6860.5128  77.651550  58.642871  -0.000008  -0.000568
1 42029U 17008CK  21332.88171987  .00003810  00000-0  13740-3 0  9993 | 2 42029  97.3077  38.0887 0005741 227.6655 132.4099 15.29113949265573 | 2021/11/28-21:09:40  347.2424    0.1239  132.4584   94.1722     6856.5967     6852.6604     6860.5331  76.586677  60.027238  -0.000043  -0.000573
1 42029U 17008CK  21334.12506695  .00004441  00000-0  15968-3 0  9995 | 2 42029  97.3078  39.3099 0005837 222.4568 137.6221 15.29126369265760 | 2021/11/30-03:00:05   74.8482    0.1240  137.6672   94.1714     6856.5596     6852.5574     6860.5618  75.290038  61.645909  -0.000084  -0.000578
1 42029U 17008CK  21335.43384349  .00005180  00000-0  18571-3 0  9994 | 2 42029  97.3078  40.5955 0005950 217.0688 143.0142 15.29140365265961 | 2021/12/01-10:24:44  186.0080    0.1240  143.0552   94.1706     6856.5178     6852.4381     6860.5974  73.887994  63.319604  -0.000127  -0.000581
1 42029U 17008CK  21336.87348374  .00005705  00000-0  20416-3 0  9995 | 2 42029  97.3078  42.0096 0006066 211.2089 148.8792 15.29156354266188 | 2021/12/02-20:57:48  344.2783    0.1240  148.9151   94.1696     6856.4700     6852.3108     6860.6291  72.302877  65.123743  -0.000175  -0.000581
1 42029U 17008CK  21338.18223096  .00005757  00000-0  20589-3 0  9992 | 2 42029  97.3073  43.2951 0006208 206.1560 153.9368 15.29174357266382 | 2021/12/04-04:22:24   95.4270    0.1240  153.9680   94.1685     6856.4162     6852.1597     6860.6726  70.823309  66.729076  -0.000218  -0.000581
1 42029U 17008CK  21339.42553201  .00004286  00000-0  15392-3 0  9996 | 2 42029  97.3068  44.5161 0006317 201.1687 158.9293 15.29183524266578 | 2021/12/05-10:12:45  183.0147    0.1240  158.9553   94.1679     6856.3888     6852.0576     6860.7199  69.384951  68.222737  -0.000260  -0.000576
1 42029U 17008CK  21340.60338934  .00003329  00000-0  12012-3 0  9995 | 2 42029  97.3063  45.6727 0006433 196.7737 163.3292 15.29190789266757 | 2021/12/06-14:28:52  247.0428    0.1240  163.3503   94.1675     6856.3670     6851.9563     6860.7777  67.993382  69.609023  -0.000298  -0.000570
1 42029U 17008CK  21341.65036863  .00002904  00000-0  10510-3 0  9996 | 2 42029  97.3060  46.7008 0006550 192.9461 167.1612 15.29197141266915 | 2021/12/07-15:36:31  263.9548    0.1240  167.1779   94.1671     6856.3481     6851.8572     6860.8390  66.733252  70.817588  -0.000331  -0.000565
1 42029U 17008CK  21343.15539539  .00002275  00000-0  82877-4 0  9998 | 2 42029  97.3058  48.1788 0006708 187.5487 172.5654 15.29203671267144 | 2021/12/09-03:43:46   85.7630    0.1240  172.5753   94.1667     6856.3285     6851.7293     6860.9278  64.884311  72.515136  -0.000378  -0.000554
1 42029U 17008CK  21344.46410932  .00002131  00000-0  77758-4 0  9991 | 2 42029  97.3059  49.4640 0006847 182.8588 177.2615 15.29209383267347 | 2021/12/10-11:08:19  196.8986    0.1240  177.2652   94.1663     6856.3115     6851.6170     6861.0060  63.241605  73.952266  -0.000418  -0.000542
1 42029U 17008CK  21345.64194752  .00002355  00000-0  85650-4 0  9999 | 2 42029  97.3060  50.6207 0006968 178.7429 181.3830 15.29215255267524 | 2021/12/11-15:24:24  260.9190    0.1240  181.3811   94.1659     6856.2939     6851.5165     6861.0714  61.735918  75.213922  -0.000454  -0.000529
1 42029U 17008CK  21347.14695731  .00001979  00000-0  72392-4 0  9999 | 2 42029  97.3061  52.0988 0007121 173.6853 186.4479 15.29220746267755 | 2021/12/13-03:31:37   82.7205    0.1240  186.4387   94.1656     6856.2775     6851.3952     6861.1599  59.775305  76.781443  -0.000497  -0.000510
1 42029U 17008CK  21348.45565440  .00002819  00000-0  10195-3 0  9993 | 2 42029  97.3062  53.3841 0007248 169.0995 191.0404 15.29230040267954 | 2021/12/14-10:56:08  193.8494    0.1240  191.0245   94.1650     6856.2497     6851.2803     6861.2191  58.038053  78.103015  -0.000535  -0.000490
1 42029U 17008CK  21349.76434475  .00003425  00000-0  12327-3 0  9994 | 2 42029  97.3061  54.6696 0007378 164.8959 195.2503 15.29239444268158 | 2021/12/15-18:20:39  304.9760    0.1240  195.2281   94.1645     6856.2216     6851.1631     6861.2801  56.271200  79.385321  -0.000569  -0.000470
1 42029U 17008CK  21350.94215844  .00003623  00000-0  13024-3 0  9998 | 2 42029  97.3058  55.8264 0007480 161.2212 198.9306 15.29248226268334 | 2021/12/16-22:36:42    8.9874    0.1240  198.9028   94.1639     6856.1954     6851.0669     6861.3238  54.656885  80.504930  -0.000597  -0.000451
1 42029U 17008CK  21352.11996438  .00004204  00000-0  15063-3 0  9995 | 2 42029  97.3056  56.9832 0007602 157.4662 202.6913 15.29259120268519 | 2021/12/18-02:52:44   72.9960    0.1239  202.6577   94.1632     6856.1628     6850.9508     6861.3749  53.020354  81.591800  -0.000627  -0.000430
1 42029U 17008CK  21353.16689566  .00005145  00000-0  18368-3 0  9998 | 2 42029  97.3054  58.0114 0007673 154.1288 206.0337 15.29270983268674 | 2021/12/19-04:00:19   89.8899    0.1239  205.9951   94.1625     6856.1274     6850.8666     6861.3881  51.547586  82.529917  -0.000650  -0.000408
1 42029U 17008CK  21354.73727396  .00008901  00000-0  31548-3 0  9994 | 2 42029  97.3049  59.5537 0007798 149.0804 211.0897 15.29297787268913 | 2021/12/20-17:41:40  295.2241    0.1240  211.0436   94.1609     6856.0472     6850.7009     6861.3936  49.307369  83.886989  -0.000684  -0.000374
1 42029U 17008CK  21356.17676271  .00007325  00000-0  25993-3 0  9995 | 2 42029  97.3043  60.9671 0007902 144.6931 215.4834 15.29320088269136 | 2021/12/22-04:14:32   93.4390    0.1240  215.4309   94.1595     6855.9806     6850.5630     6861.3982  47.222921  85.077156  -0.000712  -0.000342
1 42029U 17008CK  21357.41994054  .00007987  00000-0  28299-3 0  9991 | 2 42029  97.3041  62.1879 0008004 140.7886 219.3935 15.29340096269325 | 2021/12/23-10:04:42  180.9820    0.1239  219.3353   94.1583     6855.9208     6850.4333     6861.4083  45.399509  86.063770  -0.000737  -0.000312
1 42029U 17008CK  21358.72853201  .00007524  00000-0  26659-3 0  9999 | 2 42029  97.3039  63.4730 0008086 136.8306 223.3569 15.29359532269520 | 2021/12/24-17:29:05  292.0742    0.1239  223.2933   94.1571     6855.8627     6850.3191     6861.4064  43.457818  87.060134  -0.000758  -0.000281
1 42029U 17008CK  21359.77539178  .00008394  00000-0  29691-3 0  9994 | 2 42029  97.3037  64.5008 0008163 133.7975 226.3941 15.29377864269684 | 2021/12/25-18:36:33  308.9437    0.1239  226.3264   94.1559     6855.8079     6850.2115     6861.4043  41.889096  87.825473  -0.000775  -0.000256
1 42029U 17008CK  21361.14937512  .00007324  00000-0  25923-3 0  9998 | 2 42029  97.3039  65.8501 0008250 129.5706 230.6265 15.29401103269894 | 2021/12/27-03:35:06   83.5772    0.1241  230.5535   94.1545     6855.7385     6850.0825     6861.3945  39.809488  88.787688  -0.000795  -0.000219
1 42029U 17008CK  21362.58876734  .00008234  00000-0  29090-3 0  9995 | 2 42029  97.3042  67.2640 0008307 125.2244 234.9775 15.29423585270119 | 2021/12/28-14:07:49  241.7584    0.1240  234.8996   94.1531     6855.6713     6849.9763     6861.3663  37.606673  89.743220  -0.000811  -0.000180
1 42029U 17008CK  21363.70101150  .00006434  00000-0  22782-3 0  9994 | 2 42029  97.3044  68.3568 0008316 121.8886 238.3165 15.29437112270286 | 2021/12/29-16:49:27  282.1666    0.1241  238.2355   94.1523     6855.6309     6849.9297     6861.3320  35.888342  90.444310  -0.000818  -0.000148
1 42029U 17008CK  21364.74782052  .00005703  00000-0  20218-3 0  9995 | 2 42029  97.3045  69.3852 0008367 118.8019 241.4063 15.29448953270449 | 2021/12/30-17:56:51  299.0181    0.1241  241.3222   94.1516     6855.5955     6849.8594     6861.3316  34.259302  91.073959  -0.000828  -0.000119
1 42029U 17008CK  22001.12174626  .00004556  00000-0  16199-3 0  9996 | 2 42029  97.3043  70.7348 0008380 114.5295 245.6820 15.29461506270656 | 2022/01/01-02:55:18   73.6327    0.1240  245.5945   94.1508     6855.5580     6849.8130     6861.3029  32.104687  91.855407  -0.000834  -0.000077
1 42029U 17008CK  22002.16853720  .00005458  00000-0  19345-3 0  9998 | 2 42029  97.3038  71.7628 0008436 111.5486 248.6654 15.29474919270811 | 2022/01/02-04:02:41   90.4787    0.1240  248.5754   94.1500     6855.5179     6849.7346     6861.3012  30.451383  92.416139  -0.000842  -0.000049
1 42029U 17008CK  22003.41159284  .00004595  00000-0  16322-3 0  9994 | 2 42029  97.3034  72.9836 0008474 107.9708 252.2457 15.29485546271001 | 2022/01/03-09:52:41  177.9806    0.1240  252.1532   94.1493     6855.4861     6849.6768     6861.2955  28.475394  93.043557  -0.000847  -0.000014
1 42029U 17008CK  22004.72006225  .00003768  00000-0  13427-3 0  9999 | 2 42029  97.3028  74.2685 0008496 104.3449 255.8735 15.29496031271209 | 2022/01/04-17:16:53  289.0325    0.1240  255.7791   94.1487     6855.4548     6849.6304     6861.2792  26.381676  93.658113  -0.000849   0.000021
1 42029U 17008CK  22005.76683205  .00003064  00000-0  10964-3 0  9995 | 2 42029  97.3024  75.2964 0008513 101.5086 258.7111 15.29502731271364 | 2022/01/05-18:24:14  305.8722    0.1241  258.6155   94.1482     6855.4348     6849.5987     6861.2708  24.697171  94.115922  -0.000850   0.000047
1 42029U 17008CK  22006.87902032  .00002387  00000-0  85979-4 0  9996 | 2 42029  97.3022  76.3885 0008534  98.3445 261.8764 15.29508278271531 | 2022/01/06-21:05:47  346.2629    0.1241  261.7796   94.1479     6855.4182     6849.5678     6861.2686  22.898827  94.569349  -0.000850   0.000078
1 42029U 17008CK  22008.44915862  .00004167  00000-0  14811-3 0  9990 | 2 42029  97.3022  77.9306 0008526  93.7633 266.4582 15.29523469271779 | 2022/01/08-10:46:47  191.5176    0.1240  266.3607   94.1470     6855.3728     6849.5279     6861.2177  20.345533  95.151340  -0.000844   0.000123
1 42029U 17008CK  22009.49590978  .00005262  00000-0  18627-3 0  9999 | 2 42029  97.3022  78.9586 0008500  90.7128 269.5087 15.29533790271938 | 2022/01/09-11:54:06  208.3517    0.1241  269.4113   94.1463     6855.3420     6849.5149     6861.1690  18.635146  95.501044  -0.000836   0.000152
1 42029U 17008CK  22010.73891893  .00004354  00000-0  15454-3 0  9994 | 2 42029  97.3023  80.1794 0008508  87.2554 272.9660 15.29542190272128 | 2022/01/10-17:44:02  295.8395    0.1240  272.8686   94.1458     6855.3169     6849.4844     6861.1494  16.596248  95.876494  -0.000830   0.000185
1 42029U 17008CK  22011.85107751  .00004156  00000-0  14758-3 0  9997 | 2 42029  97.3023  81.2718 0008486  84.1044 276.1164 15.29551197272291 | 2022/01/11-20:25:33  336.2210    0.1241  276.0197   94.1453     6855.2900     6849.4726     6861.1074  14.765363  96.175473  -0.000821   0.000214
1 42029U 17008CK  22013.42117201  .00004635  00000-0  16421-3 0  9994 | 2 42029  97.3023  82.8139 0008449  79.5194 280.6998 15.29565816272533 | 2022/01/13-10:06:29  181.4620    0.1240  280.6046   94.1444     6855.2463     6849.4543     6861.0383  12.171792  96.537998  -0.000805   0.000256
1 42029U 17008CK  22014.66415232  .00005407  00000-0  19107-3 0  9998 | 2 42029  97.3022  84.0348 0008411  75.8883 284.3292 15.29579162272729 | 2022/01/14-15:56:22  268.9409    0.1241  284.2358   94.1435     6855.2064     6849.4405     6860.9723  10.112072  96.775328  -0.000790   0.000289
1 42029U 17008CK  22015.77628054  .00007337  00000-0  25815-3 0  9996 | 2 42029  97.3020  85.1272 0008350  72.6136 287.6017 15.29596451272892 | 2022/01/15-18:37:50  309.3130    0.1241  287.5105   94.1425     6855.1548     6849.4307     6860.8788   8.265213  96.950325  -0.000773   0.000316
1 42029U 17008CK  22016.88839316  .00008140  00000-0  28591-3 0  9991 | 2 42029  97.3017  86.2193 0008288  69.3264 290.8864 15.29617489273068 | 2022/01/16-21:19:17  349.6801    0.1240  290.7976   94.1412     6855.0919     6849.4104     6860.7734   6.415859  97.089946  -0.000754   0.000343
1 42029U 17008CK  22018.45841524  .00007491  00000-0  26317-3 0  9992 | 2 42029  97.3011  87.7613 0008201  64.7354 295.4736 15.29639876273309 | 2022/01/18-11:00:07  194.8973    0.1241  295.3887   94.1398     6855.0250     6849.4032     6860.6468   3.800848  97.226836  -0.000727   0.000379
1 42029U 17008CK  22019.89758240  .00006908  00000-0  24274-3 0  9995 | 2 42029  97.3005  89.1745 0008121  60.5688 299.6362 15.29659396273523 | 2022/01/19-21:32:31  353.0068    0.1241  299.5553   94.1386     6854.9667     6849.3998     6860.5336   1.401827  97.290401  -0.000701   0.000409
1 42029U 17008CK  22021.40215081  .00004937  00000-0  17420-3 0  9991 | 2 42029  97.3000  90.6519 0008042  56.1719 304.0286 15.29672744273755 | 2022/01/21-09:39:05  174.6615    0.1241  303.9522   94.1378     6854.9268     6849.4141     6860.4395  -1.107036  97.293702  -0.000673   0.000440
1 42029U 17008CK  22022.44879750  .00005415  00000-0  19074-3 0  9994 | 2 42029  97.2998  91.6799 0007944  52.7189 307.4775 15.29684528273915 | 2022/01/22-10:46:16  191.4621    0.1241  307.4052   94.1371     6854.8916     6849.4461     6860.3371  -2.852401  97.257981  -0.000646   0.000462
1 42029U 17008CK  22023.49543512  .00006120  00000-0  21515-3 0  9991 | 2 42029  97.2997  92.7078 0007873  49.5053 310.6873 15.29698359274071 | 2022/01/23-11:53:25  208.2591    0.1241  310.6188   94.1362     6854.8503     6849.4535     6860.2471  -4.596675  97.191060  -0.000622   0.000482
1 42029U 17008CK  22024.73830741  .00004890  00000-0  17236-3 0  9999 | 2 42029  97.2997  93.9284 0007780  45.8122 314.3757 15.29710209274268 | 2022/01/24-17:43:09  295.7023    0.1241  314.3119   94.1355     6854.8149     6849.4818     6860.1479  -6.665984  97.071089  -0.000594   0.000503
1 42029U 17008CK  22025.85034217  .00005259  00000-0  18513-3 0  9996 | 2 42029  97.2997  95.0206 0007677  42.3326 317.8506 15.29722368274436 | 2022/01/25-20:24:29  336.0434    0.1241  317.7915   94.1347     6854.7786     6849.5162     6860.0410  -8.515077  96.926390  -0.000565   0.000520
1 42029U 17008CK  22026.89695504  .00004790  00000-0  16880-3 0  9997 | 2 42029  97.2999  96.0486 0007575  39.0822 321.0965 15.29732671274591 | 2022/01/26-21:31:36  352.8321    0.1241  321.0419   94.1341     6854.7478     6849.5553     6859.9403 -10.252686  96.758219  -0.000537   0.000534
1 42029U 17008CK  22028.40144579  .00005373  00000-0  18892-3 0  9990 | 2 42029  97.2999  97.5265 0007439  34.4900 325.6822 15.29751304274829 | 2022/01/28-09:38:04  174.4603    0.1241  325.6341   94.1329     6854.6921     6849.5929     6859.7913 -12.744801  96.461602  -0.000498   0.000553
1 42029U 17008CK  22029.44803677  .00006888  00000-0  24131-3 0  9991 | 2 42029  97.2998  98.5544 0007347  31.0292 329.1382 15.29767483274986 | 2022/01/29-10:45:10  191.2415    0.1242  329.0950   94.1320     6854.6438     6849.6077     6859.6799 -14.473187  96.217347  -0.000468   0.000566
1 42029U 17008CK  22030.49461716  .00007494  00000-0  26216-3 0  9992 | 2 42029  97.2998  99.5823 0007253  27.6426 332.5199 15.29783845275146 | 2022/01/30-11:52:14  208.0190    0.1241  332.4815   94.1309     6854.5949     6849.6233     6859.5666 -16.196928  95.942225  -0.000439   0.000578
1 42029U 17008CK  22031.86823796  .00011527  00000-0  40137-3 0  9994 | 2 42029  97.2991 100.9313 0007125  23.1109 337.0451 15.29809750275355 | 2022/01/31-20:50:15  342.5339    0.1241  337.0132   94.1294     6854.5175     6849.6337     6859.4014 -18.451008  95.533634  -0.000399   0.000590
1 42029U 17008CK  22033.43806790  .00008116  00000-0  28333-3 0  9998 | 2 42029  97.2983 102.4727 0006949  17.9193 342.2291 15.29827971275590 | 2022/02/02-10:30:49  187.6862    0.1241  342.2048   94.1282     6854.4631     6849.6999     6859.2263 -21.013943  95.001965  -0.000352   0.000599
1 42029U 17008CK  22034.48460851  .00009799  00000-0  34129-3 0  9996 | 2 42029  97.2980 103.5006 0006845  14.3414 345.8019 15.29845382275752 | 2022/02/03-11:37:50  204.4495    0.1240  345.7826   94.1272     6854.4111     6849.7193     6859.1029 -22.714758  94.609411  -0.000320   0.000605
1 42029U 17008CK  22035.72735807  .00009841  00000-0  34251-3 0  9994 | 2 42029  97.2975 104.7211 0006717   9.8581 350.2791 15.29868007275946 | 2022/02/04-17:27:23  291.8498    0.1242  350.2661   94.1258     6854.3435     6849.7395     6858.9476 -24.724670  94.103635  -0.000279   0.000611
1 42029U 17008CK  22036.77386621  .00008906  00000-0  31005-3 0  9991 | 2 42029  97.2972 105.7487 0006594   6.3180 353.8143 15.29890507276108 | 2022/02/05-18:34:22  308.6016    0.1242  353.8062   94.1244     6854.2763     6849.7566     6858.7960 -26.408271  93.644799  -0.000248   0.000611
1 42029U 17008CK  22038.14739025  .00007691  00000-0  26796-3 0  9995 | 2 42029  97.2972 107.0976 0006454   1.2122 358.9133 15.29911469276310 | 2022/02/07-03:32:14   83.0819    0.1241  358.9119   94.1231     6854.2137     6849.7900     6858.6374 -28.605405  92.997182  -0.000203   0.000613
1 42029U 17008CK  22039.45549254  .00007090  00000-0  24714-3 0  9994 | 2 42029  97.2972 108.3825 0006315 356.2060   3.9132 15.29928891276512 | 2022/02/08-10:55:54  194.0095    0.1241    3.9181   94.1220     6854.1617     6849.8333     6858.4901 -30.683568  92.332355  -0.000159   0.000611
1 42029U 17008CK  22040.76357724  .00008774  00000-0  30496-3 0  9993 | 2 42029  97.2972 109.6674 0006158 351.3652   8.7482 15.29952002276710 | 2022/02/09-18:19:33  304.9302    0.1241    8.7589   94.1206     6854.0926     6849.8719     6858.3134 -32.746300  91.621095  -0.000118   0.000604
1 42029U 17008CK  22042.13704506  .00012244  00000-0  42399-3 0  9992 | 2 42029  97.2972 111.0165 0006029 346.1489  13.9586 15.29981020276927 | 2022/02/11-03:17:20   79.3892    0.1242   13.9753   94.1188     6854.0060     6849.8737     6858.1383 -34.894355  90.824716  -0.000075   0.000598
1 42029U 17008CK  22043.44508483  .00010697  00000-0  37054-3 0  9995 | 2 42029  97.2972 112.3013 0005925 340.8940  19.2078 15.30007130277121 | 2022/02/12-10:40:55  190.2936    0.1242   19.2302   94.1172     6853.9280     6849.8671     6857.9890 -36.922064  90.019477  -0.000033   0.000592
1 42029U 17008CK  22044.75310343  .00008086  00000-0  28062-3 0  9994 | 2 42029  97.2971 113.5859 0005814 335.5296  24.5668 15.30028565277324 | 2022/02/13-18:04:28  301.1904    0.1241   24.5945   94.1159     6853.8640     6849.8792     6857.8488 -38.930857  89.169019   0.000009   0.000581
1 42029U 17008CK  22046.12650300  .00006946  00000-0  24128-3 0  9999 | 2 42029  97.2966 114.9349 0005690 329.6826  30.4085 15.30049535277534 | 2022/02/15-03:02:09   75.6242    0.1241   30.4415   94.1146     6853.8014     6849.9016     6857.7012 -41.019102  88.227329   0.000053   0.000566
1 42029U 17008CK  22047.17289104  .00005291  00000-0  18436-3 0  9992 | 2 42029  97.2962 115.9625 0005612 325.1415  34.9457 15.30062194277692 | 2022/02/16-04:08:57   92.3316    0.1241   34.9826   94.1138     6853.7636     6849.9172     6857.6099 -42.594602  87.477142   0.000087   0.000554
1 42029U 17008CK  22048.41546491  .00007131  00000-0  24742-3 0  9997 | 2 42029  97.2957 117.1829 0005506 319.9881  40.0954 15.30081098277881 | 2022/02/17-09:58:16  179.6662    0.1242   40.1361   94.1127     6853.7071     6849.9335     6857.4808 -44.447834  86.549658   0.000122   0.000537
1 42029U 17008CK  22049.46183324  .00005661  00000-0  19691-3 0  9998 | 2 42029  97.2953 118.2104 0005445 315.3867  44.6935 15.30091879278047 | 2022/02/18-11:05:02  196.3660    0.1241   44.7374   94.1120     6853.6749     6849.9431     6857.4067 -45.992532  85.738337   0.000154   0.000522
1 42029U 17008CK  22050.83517766  .00006386  00000-0  22166-3 0  9998 | 2 42029  97.2949 119.5591 0005387 309.2108  50.8654 15.30110881278256 | 2022/02/19-20:02:39  330.7789    0.1241   50.9133   94.1108     6853.6182     6849.9261     6857.3102 -47.997623  84.631706   0.000195   0.000502
1 42029U 17008CK  22051.88151665  .00012904  00000-0  44452-3 0  9991 | 2 42029  97.2945 120.5868 0005314 304.4949  55.5790 15.30142687278411 | 2022/02/20-21:09:23  347.4668    0.1242   55.6293   94.1089     6853.5232     6849.8812     6857.1652 -49.507635  83.756873   0.000224   0.000482
1 42029U 17008CK  22052.92783515  .00011780  00000-0  40572-3 0  9992 | 2 42029  97.2942 121.6145 0005252 299.7494  60.3224 15.30170975278574 | 2022/02/21-22:16:04    4.1472    0.1241   60.3747   94.1071     6853.4387     6849.8393     6857.0382 -51.001760  82.855186   0.000252   0.000461
1 42029U 17008CK  22054.10493104  .00007462  00000-0  25796-3 0  9999 | 2 42029  97.2942 122.7706 0005218 294.2894  65.7801 15.30184520278756 | 2022/02/23-02:31:06   67.9081    0.1240   65.8346   94.1063     6853.3983     6849.8222     6856.9744 -52.663095  81.809289   0.000284   0.000438
1 42029U 17008CK  22055.15122850  .00006755  00000-0  23368-3 0  9999 | 2 42029  97.2942 123.7985 0005176 289.4042  70.6639 15.30197798278913 | 2022/02/24-03:37:46   84.5800    0.1241   70.7199   94.1055     6853.3586     6849.8113     6856.9059 -54.122220  80.851386   0.000310   0.000414
1 42029U 17008CK  22056.45907185  .00011935  00000-0  41019-3 0  9994 | 2 42029  97.2942 125.0832 0005141 282.9631  77.1036 15.30238431279119 | 2022/02/25-11:01:03  195.4094    0.1241   77.1610   94.1030     6853.2373     6849.7141     6856.7606 -55.921333  79.617623   0.000344   0.000382
1 42029U 17008CK  22057.76689540  .00006965  00000-0  24043-3 0  9996 | 2 42029  97.2945 126.3677 0005092 276.9271  83.1390 15.30256085279318 | 2022/02/26-18:24:19  306.2310    0.1240   83.1969   94.1019     6853.1846     6849.6950     6856.6743 -57.692237  78.344276   0.000371   0.000349
1 42029U 17008CK  22059.14009622  .00007948  00000-0  27382-3 0  9998 | 2 42029  97.2942 127.7168 0005143 270.2992  89.7659 15.30273883279527 | 2022/02/28-03:21:44   80.5887    0.1240   89.8248   94.1008     6853.1315     6849.6069     6856.6560 -59.520604  76.964012   0.000405   0.000317
1 42029U 17008CK  22060.18632217  .00013552  00000-0  46429-3 0  9997 | 2 42029  97.2939 128.7442 0005178 265.3244  94.7405 15.30308764279681 | 2022/03/01-04:28:18   97.2340    0.1240   94.7996   94.0987     6853.0273     6849.4788     6856.5758 -60.890854  75.884167   0.000429   0.000290
1 42029U 17008CK  22061.49408359  .00007286  00000-0  25083-3 0  9990 | 2 42029  97.2934 130.0286 0005210 258.9326 101.1329 15.30329191279881 | 2022/03/02-11:51:28  208.0321    0.1241  101.1915   94.0974     6852.9664     6849.3960     6856.5368 -62.576187  74.499842   0.000456   0.000252
1 42029U 17008CK  22062.73644561  .00006321  00000-0  21789-3 0  9993 | 2 42029  97.2929 131.2489 0005252 253.2452 106.8213 15.30342693280076 | 2022/03/03-17:40:28  295.2857    0.1241  106.8789   94.0966     6852.9260     6849.3269     6856.5252 -64.148262  73.149907   0.000478   0.000218
1 42029U 17008CK  22064.17493917  .00018519  00000-0  63144-3 0  9993 | 2 42029  97.2923 132.6619 0005323 246.8972 113.1708 15.30395005280293 | 2022/03/05-04:11:54   93.1467    0.1241  113.2269   94.0934     6852.7699     6849.1222     6856.4176 -65.932153  71.545390   0.000502   0.000178
1 42029U 17008CK  22065.41724055  .00017505  00000-0  59644-3 0  9995 | 2 42029  97.2918 133.8818 0005421 241.6138 118.4557 15.30430380280484 | 2022/03/06-10:00:49  180.3783    0.1241  118.5103   94.0912     6852.6643     6848.9495     6856.3791 -67.440040  70.125141   0.000522   0.000145
1 42029U 17008CK  22066.46337273  .00010243  00000-0  35023-3 0  9990 | 2 42029  97.2915 134.9095 0005495 237.1979 122.8733 15.30444357280646 | 2022/03/07-11:07:15  196.9876    0.1241  122.9262   94.0903     6852.6226     6848.8570     6856.3881 -68.686730  68.904058   0.000537   0.000115
1 42029U 17008CK  22067.90177694  .00011241  00000-0  38362-3 0  9997 | 2 42029  97.2912 136.3224 0005564 229.7472 130.3283 15.30480555280863 | 2022/03/08-21:38:33  354.8137    0.1241  130.3769   94.0881     6852.5145     6848.7018     6856.3272 -70.364614  67.189275   0.000553   0.000059
1 42029U 17008CK  22069.14399471  .00010935  00000-0  37275-3 0  9995 | 2 42029  97.2914 137.5429 0005706 225.2121 134.8656 15.30522874281051 | 2022/03/10-03:27:21   82.0138    0.1240  134.9119   94.0855     6852.3882     6848.4782     6856.2982 -71.779939  65.675391   0.000570   0.000027
1 42029U 17008CK  22070.45157448  .00014625  00000-0  49700-3 0  9993 | 2 42029  97.2916 138.8277 0005810 220.1792 139.9020 15.30552465281254 | 2022/03/11-10:50:16  192.7430    0.1241  139.9449   94.0837     6852.2999     6848.3187     6856.2811 -73.234624  64.049553   0.000581  -0.000010
1 42029U 17008CK  22071.75911987  .00020915  00000-0  70797-3 0  9992 | 2 42029  97.2914 140.1120 0005945 214.2629 145.8230 15.30602921281451 | 2022/03/12-18:13:07  303.4591    0.1241  145.8612   94.0806     6852.1493     6848.0757     6856.2229 -74.651641  62.391899   0.000592  -0.000058
1 42029U 17008CK  22073.13198625  .00028464  00000-0  95970-3 0  9999 | 2 42029  97.2913 141.4612 0006019 209.6643 150.4258 15.30667866281661 | 2022/03/14-03:10:03   77.6908    0.1241  150.4598   94.0766     6851.9555     6847.8313     6856.0797 -76.099933  60.616806   0.000595  -0.000093
1 42029U 17008CK  22074.70093661  .00008504  00000-0  28902-3 0  9991 | 2 42029  97.2911 143.0021 0006239 203.1543 156.9418 15.30691141281902 | 2022/03/15-16:49:20  282.5124    0.1241  156.9698   94.0752     6851.8860     6847.6111     6856.1609 -77.702273  58.548398   0.000606  -0.000149
1 42029U 17008CK  22075.74688330  .00010421  00000-0  35323-3 0  9995 | 2 42029  97.2907 144.0296 0006333 198.9923 161.1083 15.30716330282062 | 2022/03/16-17:55:30  299.0522    0.1241  161.1318   94.0736     6851.8108     6847.4716     6856.1501 -78.739362  57.145368   0.000606  -0.000185
1 42029U 17008CK  22077.18502205  .00010159  00000-0  34395-3 0  9997 | 2 42029  97.2902 145.4425 0006515 193.9660 166.1402 15.30760390282280 | 2022/03/18-04:26:25   96.7811    0.1241  166.1581   94.0709     6851.6794     6847.2155     6856.1432 -80.124059  55.186213   0.000610  -0.000229
1 42029U 17008CK  22078.49240383  .00008069  00000-0  27361-3 0  9990 | 2 42029  97.2896 146.7268 0006654 189.7235 170.3879 15.30776206282486 | 2022/03/19-11:49:03  207.4377    0.1241  170.4006   94.0699     6851.6322     6847.0731     6856.1912 -81.340339  53.376169   0.000610  -0.000266
1 42029U 17008CK  22079.73440240  .00008386  00000-0  28410-3 0  9990 | 2 42029  97.2891 147.9469 0006776 184.9864 175.1311 15.30794855282672 | 2022/03/20-17:37:32  294.5551    0.1241  175.1377   94.0688     6851.5765     6846.9339     6856.2191 -82.458021  51.631810   0.000603  -0.000308
1 42029U 17008CK  22080.91101704  .00007329  00000-0  24849-3 0  9999 | 2 42029  97.2887 149.1029 0006873 181.1658 178.9568 15.30812336282851 | 2022/03/21-21:51:51  358.1350    0.1240  178.9582   94.0677     6851.5244     6846.8153     6856.2334 -83.482548  49.957535   0.000597  -0.000341
1 42029U 17008CK  22082.15298487  .00007322  00000-0  24811-3 0  9994 | 2 42029  97.2884 150.3233 0007023 176.5886 183.5405 15.30830838283049 | 2022/03/23-03:40:17   85.2407    0.1241  183.5355   94.0666     6851.4691     6846.6574     6856.2809 -84.527365  48.168011   0.000588  -0.000383
1 42029U 17008CK  22083.46028696  .00013476  00000-0  45355-3 0  9995 | 2 42029  97.2886 151.6078 0007103 172.3871 187.7479 15.30875675283246 | 2022/03/24-11:02:48  195.8676    0.1240  187.7369   94.0638     6851.3354     6846.4689     6856.2019 -85.586077  46.261163   0.000575  -0.000418
1 42029U 17008CK  22084.70219571  .00010892  00000-0  36684-3 0  9991 | 2 42029  97.2889 152.8286 0007310 168.2310 191.9104 15.30906201283438 | 2022/03/25-16:51:09  282.9516    0.1241  191.8931   94.0619     6851.2443     6846.2360     6856.2526 -86.552528  44.427356   0.000569  -0.000459
1 42029U 17008CK  22086.14016395  .00018110  00000-0  60679-3 0  9992 | 2 42029  97.2890 154.2420 0007407 163.7633 196.3847 15.30954559283657 | 2022/03/27-03:21:50   80.6175    0.1241  196.3608   94.0590     6851.1000     6846.0254     6856.1746 -87.622129  42.278979   0.000550  -0.000496
1 42029U 17008CK  22087.18592699  .00019430  00000-0  64987-3 0  9995 | 2 42029  97.2889 155.2688 0007544 160.6158 199.5372 15.30995243283813 | 2022/03/28-04:27:44   97.0912    0.1241  199.5083   94.0565     6850.9786     6845.8103     6856.1470 -88.365610  40.701953   0.000542  -0.000525
1 42029U 17008CK  22088.42772331  .00021836  00000-0  72825-3 0  9999 | 2 42029  97.2884 156.4889 0007592 157.2089 202.9491 15.31063639284001 | 2022/03/29-10:15:55  184.1367    0.1241  202.9152   94.0523     6850.7746     6845.5735     6855.9757 -89.211790  38.810943   0.000524  -0.000549
1 42029U 17008CK  22089.73484241  .00021936  00000-0  73078-3 0  9996 | 2 42029  97.2881 157.7734 0007686 153.4672 206.6964 15.31098381284201 | 2022/03/30-17:38:10  294.6978    0.1241  206.6569   94.0501     6850.6710     6845.4056     6855.9364 -90.059114  36.801227   0.000507  -0.000578
1 42029U 17008CK  22091.43404254  .00017295  00000-0  57605-3 0  9993 | 2 42029  97.2875 159.4431 0007823 148.1861 211.9855 15.31152291284468 | 2022/04/01-10:25:01  186.4070    0.1242  211.9381   94.0468     6850.5102     6845.1510     6855.8693 -91.092615  34.161281   0.000478  -0.000620
1 42029U 17008CK  22093.13316754  .00019218  00000-0  63820-3 0  9992 | 2 42029  97.2867 161.1127 0007918 143.1031 217.0757 15.31225511284723 | 2022/04/03-03:11:45   78.0899    0.1241  217.0210   94.0423     6850.2918     6844.8677     6855.7158 -92.048505  31.492454   0.000445  -0.000655
1 42029U 17008CK  22094.17874765  .00017558  00000-0  58276-3 0  9992 | 2 42029  97.2862 162.1401 0007956 140.1565 220.0262 15.31261417284882 | 2022/04/04-04:17:23   94.4981    0.1241  219.9676   94.0401     6850.1847     6844.7347     6855.6347 -92.597908  29.836758   0.000425  -0.000673
1 42029U 17008CK  22096.13912300  .00037132  00000-0  12220-2 0  9996 | 2 42029  97.2856 164.0672 0007976 134.3820 225.8076 15.31381554285182 | 2022/04/06-03:20:20   80.2314    0.1241  225.7421   94.0327     6849.8264     6844.3630     6855.2899 -93.548307  26.705845   0.000380  -0.000701
1 42029U 17008CK  22097.44595598  .00026133  00000-0  86046-3 0  9994 | 2 42029  97.2857 165.3516 0008048 131.0856 229.1082 15.31437960285387 | 2022/04/07-10:42:10  190.6908    0.1241  229.0385   94.0293     6849.6582     6844.1456     6855.1708 -94.123515  24.602263   0.000358  -0.000721
1 42029U 17008CK  22098.75275698  .00014866  00000-0  49081-3 0  9993 | 2 42029  97.2859 166.6363 0008013 127.2754 232.9219 15.31468210285587 | 2022/04/08-18:03:58  301.1390    0.1241  232.8487   94.0274     6849.5680     6844.0795     6855.0566 -94.651642  22.485841   0.000325  -0.000733
1 42029U 17008CK  22099.92884772  .00015042  00000-0  49604-3 0  9990 | 2 42029  97.2859 167.7927 0008015 123.7259 236.4747 15.31503431285768 | 2022/04/09-22:17:32    4.5312    0.1241  236.3982   94.0253     6849.4630     6843.9732     6854.9529 -95.086165  20.571038   0.000294  -0.000746
1 42029U 17008CK  22101.43158719  .00014088  00000-0  46410-3 0  9996 | 2 42029  97.2859 169.2700 0008055 119.5248 240.6798 15.31551806285996 | 2022/04/11-10:21:29  185.5172    0.1242  240.5994   94.0223     6849.3188     6843.8017     6854.8359 -95.584900  18.112794   0.000260  -0.000763
1 42029U 17008CK  22102.67294734  .00020839  00000-0  68375-3 0  9996 | 2 42029  97.2863 170.4903 0007969 116.2756 243.9305 15.31596743286182 | 2022/04/12-16:09:02  272.4086    0.1241  243.8485   94.0195     6849.1848     6843.7267     6854.6429 -95.949357  16.073115   0.000230  -0.000763
1 42029U 17008CK  22103.71827092  .00016996  00000-0  55773-3 0  9998 | 2 42029  97.2852 171.5172 0008102 112.3113 247.9280 15.31634791286344 | 2022/04/13-17:14:18  288.6953    0.1533  247.8420   94.0172     6849.0714     6843.5223     6854.6205 -96.220918  14.350784   0.000194  -0.000787
1 42029U 17008CK  22105.41683509  .00015081  00000-0  49419-3 0  9994 | 2 42029  97.2853 173.1881 0007994 108.5539 251.6572 15.31705919286603 | 2022/04/15-10:00:14  180.2099    0.1242  251.5703   94.0128     6848.8594     6843.3844     6854.3343 -96.598553  11.539029   0.000163  -0.000783
1 42029U 17008CK  22106.72339138  .00017642  00000-0  57657-3 0  9993 | 2 42029  97.2852 174.4725 0008139 105.2066 255.0076 15.31757921286803 | 2022/04/16-17:21:41  290.5705    0.1241  254.9175   94.0096     6848.7043     6843.1302     6854.2785 -96.832832   9.370851   0.000137  -0.000802
1 42029U 17008CK  22108.16053642  .00018545  00000-0  60464-3 0  9999 | 2 42029  97.2842 175.8865 0007879 100.6776 259.5353 15.31826150287022 | 2022/04/18-03:51:10   87.9465    0.1241  259.4465   94.0054     6848.5010     6843.1050     6853.8969 -97.033587   6.978435   0.000090  -0.000783
1 42029U 17008CK  22109.46700318  .00015878  00000-0  51771-3 0  9999 | 2 42029  97.2839 177.1708 0007850  97.2286 262.9849 15.31858319287227 | 2022/04/19-11:12:29  198.2774    0.1242  262.8956   94.0035     6848.4051     6843.0291     6853.7811 -97.165322   4.801816   0.000060  -0.000783
1 42029U 17008CK  22111.42664832  .00014155  00000-0  46117-3 0  9993 | 2 42029  97.2835 179.0982 0007810  91.5344 268.6792 15.31907560287522 | 2022/04/21-10:14:22  183.7536    0.1241  268.5897   94.0005     6848.2583     6842.9098     6853.6068 -97.271450   1.531119   0.000009  -0.000781
1 42029U 17008CK  22113.19026741  .00016105  00000-0  52338-3 0  9999 | 2 42029  97.2837 180.8329 0007682  86.1161 274.0959 15.31962429287793 | 2022/04/23-04:33:59   98.6617    0.1242  274.0081   93.9971     6848.0948     6842.8341     6853.3555 -97.273421  -1.414148  -0.000041  -0.000767
1 42029U 17008CK  22114.43129464  .00016400  00000-0  53226-3 0  9998 | 2 42029  97.2837 182.0535 0007615  82.6175 277.5932 15.32001563287982 | 2022/04/24-10:21:03  185.4354    0.1242  277.5067   93.9947     6847.9782     6842.7635     6853.1929 -97.221225  -3.485934  -0.000071  -0.000758
1 42029U 17008CK  22116.12948884  .00013583  00000-0  44070-3 0  9997 | 2 42029  97.2841 183.7239 0007493  77.5578 282.6502 15.32053735288248 | 2022/04/26-03:06:27   76.7915    0.1242  282.5664   93.9915     6847.8227     6842.6917     6852.9538 -97.078696  -6.318463  -0.000114  -0.000741
1 42029U 17008CK  22117.17450150  .00014394  00000-0  46633-3 0  9995 | 2 42029  97.2836 184.7513 0007418  74.7425 285.4636 15.32088453288407 | 2022/04/27-04:11:16   93.0005    0.1242  285.3817   93.9894     6847.7193     6842.6396     6852.7989 -96.949297  -8.058080  -0.000135  -0.000729
1 42029U 17008CK  22118.41541797  .00025588  00000-0  82434-3 0  9997 | 2 42029  97.2827 185.9711 0007296  70.5668 289.6362 15.32150112288591 | 2022/04/28-09:58:12  179.7369    0.1242  289.5574   93.9856     6847.5356     6842.5396     6852.5315 -96.754892 -10.120009  -0.000170  -0.000710
1 42029U 17008CK  22119.46031646  .00041657  00000-0  13320-2 0  9992 | 2 42029  97.2840 187.0005 0007087  66.0992 294.0992 15.32287883288756 | 2022/04/29-11:02:51  195.9054    0.1242  294.0250   93.9771     6847.1251     6842.2725     6851.9777 -96.558756 -11.856780  -0.000206  -0.000678
1 42029U 17008CK  22121.15815767  .00046392  00000-0  14756-2 0  9990 | 2 42029  97.2832 188.6708 0006915  61.2893 298.9043 15.32432627289018 | 2022/05/01-03:47:44   87.1363    0.1242  298.8349   93.9682     6846.6939     6841.9595     6851.4284 -96.171335 -14.666126  -0.000237  -0.000650
1 42029U 17008CK  22122.65993081  .00045594  00000-0  14437-2 0  9991 | 2 42029  97.2824 190.1488 0006767  56.3633 303.8254 15.32582085289243 | 2022/05/02-15:50:18  267.7817    0.1243  303.7610   93.9591     6846.2488     6841.6160     6850.8817 -95.760267 -17.141663  -0.000270  -0.000621
1 42029U 17008CK  22124.42274960  .00044873  00000-0  14162-2 0  9990 | 2 42029  97.2817 191.8835 0006547  51.2736 308.9090 15.32693005289512 | 2022/05/04-10:08:45  182.4054    0.1242  308.8506   93.9523     6845.9185     6841.4365     6850.4005 -95.196790 -20.032480  -0.000296  -0.000584
1 42029U 17008CK  22125.46730670  .00054915  00000-0  17250-2 0  9999 | 2 42029  97.2812 192.9119 0006304  45.9128 314.2633 15.32792788289678 | 2022/05/05-11:12:55  198.4536    0.1243  314.2115   93.9462     6845.6214     6841.3059     6849.9369 -94.821426 -21.737734  -0.000326  -0.000539
1 42029U 17008CK  22126.70768245  .00045096  00000-0  14175-2 0  9999 | 2 42029  97.2812 194.1332 0006194  42.3376 317.8343 15.32822740289862 | 2022/05/06-16:59:03  284.9943    0.1242  317.7866   93.9443     6845.5322     6841.2921     6849.7723 -94.336565 -23.753828  -0.000342  -0.000516
1 42029U 17008CK  22127.75218917  .00019378  00000-0  61228-3 0  9997 | 2 42029  97.2814 195.1615 0006133  39.1481 321.0204 15.32834976290020 | 2022/05/07-18:03:09  301.0214    0.1243  320.9762   93.9436     6845.4958     6841.2974     6849.6941 -93.895273 -25.443043  -0.000358  -0.000498
1 42029U 17008CK  22129.44947055  .00045321  00000-0  14205-2 0  9996 | 2 42029  97.2822 196.8327 0005962  32.8143 327.3469 15.32914625290281 | 2022/05/09-10:47:14  192.0517    0.1243  327.3100   93.9387     6845.2587     6841.1775     6849.3398 -93.114084 -28.170796  -0.000386  -0.000454
1 42029U 17008CK  22130.62445828  .00019376  00000-0  61015-3 0  9992 | 2 42029  97.2815 197.9894 0005809  30.2352 329.9225 15.32945716290461 | 2022/05/10-14:59:13  255.0522    0.1243  329.8891   93.9368     6845.1661     6841.1897     6849.1425 -92.525764 -30.044520  -0.000387  -0.000433
1 42029U 17008CK  22132.12575860  .00022942  00000-0  71974-3 0  9997 | 2 42029  97.2823 199.4683 0005711  23.6694 336.4810 15.33031716290695 | 2022/05/12-03:01:05   75.5285    0.1243  336.4549   93.9315     6844.9101     6841.0010     6848.8192 -91.720285 -32.422758  -0.000417  -0.000390
1 42029U 17008CK  22133.17010311  .00026777  00000-0  83797-3 0  9994 | 2 42029  97.2821 200.4966 0005586  19.7839 340.3619 15.33080699290850 | 2022/05/13-04:04:56   91.4982    0.1243  340.3404   93.9285     6844.7643     6840.9408     6848.5878 -91.123459 -34.063502  -0.000426  -0.000361
1 42029U 17008CK  22134.41023382  .00016713  00000-0  52414-3 0  9995 | 2 42029  97.2821 201.7181 0005428  14.5112 345.6286 15.33109304291040 | 2022/05/14-09:50:44  177.9520    0.1244  345.6132   93.9268     6844.6792     6840.9639     6848.3944 -90.376600 -35.998293  -0.000438  -0.000321
1 42029U 17008CK  22135.45453042  .00018231  00000-0  57083-3 0  9994 | 2 42029  97.2818 202.7467 0005310  10.4946 349.6406 15.33143702291200 | 2022/05/15-10:54:31  193.9041    0.1243  349.6297   93.9247     6844.5768     6840.9423     6848.2112 -89.715537 -37.614771  -0.000444  -0.000291
1 42029U 17008CK  22137.15146181  .00016415  00000-0  51345-3 0  9993 | 2 42029  97.2813 204.4180 0005093   4.1024 356.0259 15.33198456291463 | 2022/05/17-03:38:06   84.8076    0.1243  356.0219   93.9213     6844.4138     6840.9280     6847.8997 -88.579861 -40.215166  -0.000447  -0.000243
1 42029U 17008CK  22139.17463791  .00019549  00000-0  60931-3 0  9998 | 2 42029  97.2806 206.4112 0004922 355.0653   5.0541 15.33276743291773 | 2022/05/19-04:11:28   93.1608    0.1244    5.0591   93.9165     6844.1808     6840.8121     6847.5495 -87.126921 -43.271409  -0.000458  -0.000180
1 42029U 17008CK  22141.13245373  .00020716  00000-0  64391-3 0  9993 | 2 42029  97.2804 208.3404 0004779 346.6346  13.4769 15.33352769292073 | 2022/05/21-03:10:44   77.9829    0.1243   13.4897   93.9119     6843.9546     6840.6839     6847.2253 -85.620648 -46.179874  -0.000462  -0.000123
1 42029U 17008CK  22142.17657999  .00019517  00000-0  60606-3 0  9991 | 2 42029  97.2805 209.3690 0004704 342.2192  17.8885 15.33395956292231 | 2022/05/22-04:14:16   93.8727    0.1243   17.9051   93.9092     6843.8261     6840.6068     6847.0454 -84.777941 -47.709500  -0.000461  -0.000094
1 42029U 17008CK  22143.41644275  .00017751  00000-0  55076-3 0  9995 | 2 42029  97.2804 210.5903 0004632 336.7516  23.3517 15.33442707292421 | 2022/05/23-09:59:40  180.2285    0.1244   23.3728   93.9063     6843.6870     6840.5170     6846.8570 -83.741711 -49.505576  -0.000459  -0.000059
1 42029U 17008CK  22144.46050972  .00015757  00000-0  48874-3 0  9998 | 2 42029  97.2807 211.6189 0004621 332.4707  27.6291 15.33478109292583 | 2022/05/24-11:03:08  196.0966    0.1244   27.6537   93.9042     6843.5817     6840.4192     6846.7441 -82.839773 -51.001045  -0.000461  -0.000033
1 42029U 17008CK  22145.76556078  .00014885  00000-0  46126-3 0  9999 | 2 42029  97.2808 212.9049 0004550 326.1253  33.9698 15.33520057292783 | 2022/05/25-18:22:24  305.9200    0.1242   33.9989   93.9016     6843.4569     6840.3431     6846.5706 -81.674373 -52.847430  -0.000455   0.000008
1 42029U 17008CK  22146.94007661  .00014712  00000-0  45542-3 0  9999 | 2 42029  97.2809 214.0624 0004481 320.2129  39.8784 15.33556744292969 | 2022/05/26-22:33:42    8.7497    0.1242   39.9113   93.8994     6843.3477     6840.2812     6846.4142 -80.590228 -54.486591  -0.000446   0.000045
1 42029U 17008CK  22148.17977470  .00055104  00000-0  16832-2 0  9999 | 2 42029  97.2801 215.2836 0004468 314.0634  46.0240 15.33693038293153 | 2022/05/28-04:18:52   95.0456    0.1243   46.0609   93.8910     6842.9423     6839.8849     6845.9997 -79.410033 -56.191320  -0.000439   0.000083
1 42029U 17008CK  22149.41937261  .00031206  00000-0  95429-3 0  9998 | 2 42029  97.2805 216.5059 0004417 307.9717  52.1126 15.33790447293349 | 2022/05/29-10:03:53  181.3034    0.1243   52.1526   93.8851     6842.6526     6839.6302     6845.6750 -78.193638 -57.872710  -0.000426   0.000118
1 42029U 17008CK  22150.98509735  .00025133  00000-0  76761-3 0  9993 | 2 42029  97.2806 218.0493 0004437 300.3482  59.7322 15.33874638293589 | 2022/05/30-23:38:32   24.9681    0.1243   59.7761   93.8799     6842.4022     6839.3662     6845.4381 -76.606597 -59.957856  -0.000413   0.000163
1 42029U 17008CK  22152.15933245  .00024852  00000-0  75762-3 0  9998 | 2 42029  97.2802 219.2074 0004549 293.7331  66.3435 15.33935416293766 | 2022/06/01-03:49:26   87.6958    0.1244   66.3913   93.8762     6842.2214     6839.1089     6845.3340 -75.378813 -61.493673  -0.000405   0.000207
1 42029U 17008CK  22153.92059736  .00021474  00000-0  65347-3 0  9993 | 2 42029  97.2797 220.9440 0004497 285.0465  75.0280 15.34021183294033 | 2022/06/02-22:05:39    1.7527    0.1243   75.0778   93.8709     6841.9664     6838.8896     6845.0432 -73.480264 -63.749438  -0.000373   0.000252
1 42029U 17008CK  22155.15994734  .00020235  00000-0  61481-3 0  9995 | 2 42029  97.2791 222.1663 0004552 279.1968  80.8760 15.34082748294224 | 2022/06/04-03:50:19   87.9196    0.1243   80.9275   93.8672     6841.7833     6838.6690     6844.8977 -72.103226 -65.301976  -0.000356   0.000284
1 42029U 17008CK  22156.46448860  .00018010  00000-0  54693-3 0  9999 | 2 42029  97.2792 223.4527 0004605 272.4991  87.5725 15.34122147294424 | 2022/06/05-11:08:51  197.5551    0.1243   87.6252   93.8648     6841.6662     6838.5156     6844.8168 -70.619095 -66.904306  -0.000331   0.000320
1 42029U 17008CK  22157.63854706  .00017880  00000-0  54235-3 0  9995 | 2 42029  97.2794 224.6107 0004685 267.3991  92.6716 15.34159873294607 | 2022/06/06-15:19:30  260.2162    0.1243   92.7252   93.8624     6841.5540     6838.3488     6844.7593 -69.252709 -68.317962  -0.000314   0.000348
1 42029U 17008CK  22159.13868620  .00018832  00000-0  57004-3 0  9997 | 2 42029  97.2797 226.0901 0004775 260.2606  99.8098 15.34215180294834 | 2022/06/08-03:19:42   80.2658    0.1243   99.8637   93.8591     6841.3896     6838.1229     6844.6564 -67.466032 -70.083340  -0.000283   0.000385
1 42029U 17008CK  22160.44311032  .00015984  00000-0  48367-3 0  9990 | 2 42029  97.2799 227.3766 0004797 254.2472 105.8243 15.34259638295036 | 2022/06/09-10:38:04  189.8566    0.1244  105.8772   93.8563     6841.2575     6837.9757     6844.5392 -65.875666 -71.580553  -0.000252   0.000408
1 42029U 17008CK  22162.13881420  .00015327  00000-0  46322-3 0  9991 | 2 42029  97.2802 229.0493 0004942 246.4414 113.6310 15.34308222295292 | 2022/06/11-03:19:53   80.3078    0.1243  113.6829   93.8534     6841.1130     6837.7322     6844.4939 -63.758357 -73.473187  -0.000213   0.000446
1 42029U 17008CK  22163.18229226  .00017065  00000-0  51473-3 0  9991 | 2 42029  97.2805 230.0785 0005031 242.1631 117.9102 15.34347385295452 | 2022/06/12-04:22:30   95.9583    0.1242  117.9611   93.8510     6840.9966     6837.5549     6844.4383 -62.428541 -74.606789  -0.000190   0.000466
1 42029U 17008CK  22164.42138927  .00023154  00000-0  69585-3 0  9995 | 2 42029  97.2804 231.3009 0005111 237.1278 122.9474 15.34399650295645 | 2022/06/13-10:06:48  182.0302    0.1243  122.9965   93.8478     6840.8413     6837.3449     6844.3376 -60.822663 -75.921538  -0.000162   0.000485
1 42029U 17008CK  22166.18211551  .00029076  00000-0  86957-3 0  9996 | 2 42029  97.2795 233.0384 0005261 230.6948 129.3829 15.34507475295918 | 2022/06/15-04:22:14   95.8871    0.1243  129.4295   93.8412     6840.5208     6836.9220     6844.1196 -58.492182 -77.730082  -0.000125   0.000511
1 42029U 17008CK  22170.42044347  .00029293  00000-0  86973-3 0  9994 | 2 42029  97.2785 237.2216 0005737 214.3769 145.7104 15.34732583296565 | 2022/06/19-10:05:26  181.6699    0.1243  145.7474   93.8274     6839.8519     6835.9279     6843.7759 -52.665732 -81.788919  -0.000016   0.000573
1 42029U 17008CK  22171.46362407  .00029200  00000-0  86512-3 0  9996 | 2 42029  97.2787 238.2512 0005847 210.6234 149.4668 15.34799696296727 | 2022/06/20-11:07:37  197.2106    0.1242  149.5008   93.8233     6839.6525     6835.6534     6843.6517 -51.187674 -82.722231   0.000011   0.000585
1 42029U 17008CK  22173.15870637  .00028908  00000-0  85396-3 0  9996 | 2 42029  97.2793 239.9248 0005995 206.0918 154.0024 15.34893940296983 | 2022/06/22-03:48:32   87.4334    0.1243  154.0325   93.8176     6839.3725     6835.2723     6843.4727 -48.750180 -84.182434   0.000042   0.000598
1 42029U 17008CK  22174.39735526  .00024421  00000-0  72072-3 0  9993 | 2 42029  97.2796 241.1471 0006127 201.2882 158.8107 15.34957704297179 | 2022/06/23-09:32:11  173.3409    0.1243  158.8361   93.8137     6839.1831     6834.9928     6843.3735 -46.943491 -85.203458   0.000081   0.000607
1 42029U 17008CK  22175.44038900  .00022054  00000-0  65022-3 0  9999 | 2 42029  97.2797 242.1768 0006221 197.5900 162.5130 15.35008266297330 | 2022/06/24-10:34:09  188.8273    0.1244  162.5344   93.8106     6839.0329     6834.7784     6843.2875 -45.404793 -86.033394   0.000111   0.000612
1 42029U 17008CK  22176.74414254  .00020297  00000-0  59780-3 0  9994 | 2 42029  97.2798 243.4642 0006366 192.8789 167.2293 15.35056709297538 | 2022/06/25-17:51:33  298.1710    0.1243  167.2454   93.8076     6838.8891     6834.5354     6843.2427 -43.460422 -87.031897   0.000150   0.000619
1 42029U 17008CK  22177.91747586  .00022643  00000-0  66517-3 0  9994 | 2 42029  97.2795 244.6231 0006402 189.2400 170.8727 15.35116653297710 | 2022/06/26-22:01:09    0.5641    0.1243  170.8843   93.8039     6838.7110     6834.3329     6843.0892 -41.691163 -87.892821   0.000178   0.000615
1 42029U 17008CK  22179.15595295  .00013861  00000-0  40795-3 0  9992 | 2 42029  97.2793 245.8464 0006514 185.1635 174.9542 15.35159405297901 | 2022/06/28-03:44:34   86.4082    0.1243  174.9608   93.8013     6838.5841     6834.1294     6843.0387 -39.805156 -88.762671   0.000212   0.000616
1 42029U 17008CK  22180.72030281  .00012740  00000-0  37467-3 0  9993 | 2 42029  97.2789 247.3913 0006672 179.7261 180.3988 15.35202208298143 | 2022/06/29-17:17:14  289.5640    0.1244  180.3983   93.7987     6838.4569     6833.8943     6843.0196 -37.397463 -89.803197   0.000259   0.000615
1 42029U 17008CK  22181.82835922  .00010986  00000-0  32322-3 0  9995 | 2 42029  97.2786 248.4857 0006785 176.3808 183.7486 15.35228157298314 | 2022/06/30-19:52:50  328.4575    0.1243  183.7435   93.7971     6838.3799     6833.7400     6843.0197 -35.675315 -90.500817   0.000288   0.000614
1 42029U 17008CK  22183.45782005  .00015004  00000-0  43975-3 0  9991 | 2 42029  97.2782 250.0951 0006958 171.0364 189.1005 15.35271415298564 | 2022/07/02-10:59:15  195.0526    0.1243  189.0879   93.7945     6838.2514     6833.4934     6843.0095 -33.119332 -91.466704   0.000336   0.000609
1 42029U 17008CK  22184.76134389  .00014408  00000-0  42171-3 0  9996 | 2 42029  97.2780 251.3827 0007067 166.9402 193.2026 15.35320814298765 | 2022/07/03-18:16:20  304.3125    0.1243  193.1841   93.7915     6838.1048     6833.2723     6842.9372 -31.055560 -92.187643   0.000371   0.000601
1 42029U 17008CK  22186.45586631  .00016325  00000-0  47647-3 0  9998 | 2 42029  97.2779 253.0567 0007168 161.9473 198.2027 15.35382524299020 | 2022/07/05-10:56:26  194.3296    0.1244  198.1771   93.7877     6837.9215     6833.0201     6842.8230 -28.349232 -93.055418   0.000411   0.000587
1 42029U 17008CK  22187.69413185  .00016152  00000-0  47083-3 0  9990 | 2 42029  97.2780 254.2799 0007263 158.4531 201.7020 15.35422423299211 | 2022/07/06-16:39:32  280.0974    0.1244  201.6713   93.7853     6837.8031     6832.8368     6842.7694 -26.356322 -93.639487   0.000440   0.000578
1 42029U 17008CK  22188.73685723  .00018147  00000-0  52799-3 0  9991 | 2 42029  97.2784 255.3102 0007301 155.4665 204.6927 15.35457635299371 | 2022/07/07-17:41:04  295.4719    0.1243  204.6578   93.7831     6837.6985     6832.7063     6842.6907 -24.668415 -94.098652   0.000462   0.000566
1 42029U 17008CK  22190.17054128  .00017815  00000-0  51699-3 0  9990 | 2 42029  97.2786 256.7261 0007394 151.0256 209.1400 15.35541869299597 | 2022/07/09-04:05:34   91.5889    0.1244  209.0988   93.7780     6837.4485     6832.3929     6842.5041 -22.335789 -94.679663   0.000497   0.000547
1 42029U 17008CK  22191.40867170  .00018006  00000-0  52163-3 0  9996 | 2 42029  97.2788 257.9492 0007467 147.9004 212.2696 15.35593082299781 | 2022/07/10-09:48:29  177.3087    0.1244  212.2240   93.7748     6837.2964     6832.1910     6842.4019 -20.309757 -95.135055   0.000520   0.000536
1 42029U 17008CK  22192.45127363  .00021347  00000-0  61674-3 0  9994 | 2 42029  97.2790 258.9796 0007485 145.1929 214.9806 15.35643770299948 | 2022/07/11-10:49:50  192.6392    0.1244  214.9315   93.7717     6837.1460     6832.0284     6842.2636 -18.595707 -95.485096   0.000537   0.000522
1 42029U 17008CK  22193.75447412  .00035307  00000-0  10141-2 0  9991 | 2 42029  97.2787 260.2676 0007516 141.6700 218.5080 15.35725611300144 | 2022/07/12-18:06:26  301.7833    0.1244  218.4544   93.7668     6836.9031     6831.7645     6842.0417 -16.444649 -95.878668   0.000559   0.000502
1 42029U 17008CK  22195.25307427  .00021668  00000-0  62282-3 0  9998 | 2 42029  97.2781 261.7491 0007523 137.4203 222.7625 15.35800883300370 | 2022/07/14-06:04:25  121.2702    0.1243  222.7040   93.7622     6836.6797     6831.5365     6841.8229 -13.960202 -96.271187   0.000583   0.000475
1 42029U 17008CK  22196.42584125  .00025621  00000-0  73428-3 0  9997 | 2 42029  97.2776 262.9084 0007490 134.1688 226.0173 15.35860642300553 | 2022/07/15-10:13:12  183.4596    0.1244  225.9556   93.7585     6836.5023     6831.3818     6841.6229 -12.009503 -96.533431   0.000598   0.000452
1 42029U 17008CK  22197.72885746  .00029336  00000-0  83792-3 0  9996 | 2 42029  97.2774 264.1967 0007488 130.3852 229.8046 15.35938886300751 | 2022/07/16-17:29:33  292.5378    0.1243  229.7391   93.7537     6836.2702     6831.1512     6841.3892  -9.836068 -96.778842   0.000616   0.000425
1 42029U 17008CK  22198.90151561  .00026682  00000-0  76099-3 0  9991 | 2 42029  97.2772 265.3564 0007491 127.1078 233.0852 15.36003884300937 | 2022/07/17-21:38:10  354.6876    0.1244  233.0166   93.7498     6836.0773     6830.9564     6841.1982  -7.875310 -96.957894   0.000632   0.000402
1 42029U 17008CK  22200.46497975  .00037643  00000-0  10678-2 0  9997 | 2 42029  97.2773 266.9019 0007429 122.9456 237.2504 15.36103312301178 | 2022/07/19-11:09:34  197.5273    0.1244  237.1788   93.7437     6835.7823     6830.7040     6840.8606  -5.257420 -97.135126   0.000644   0.000370
1 42029U 17008CK  22201.70264392  .00026683  00000-0  75659-3 0  9993 | 2 42029  97.2773 268.1257 0007451 119.1442 241.0549 15.36187962301360 | 2022/07/20-16:51:48  283.0794    0.1244  240.9802   93.7385     6835.5312     6830.4380     6840.6243  -3.181636 -97.225255   0.000662   0.000341
1 42029U 17008CK  22202.74484256  .00023867  00000-0  67607-3 0  9996 | 2 42029  97.2773 269.1562 0007420 116.2705 243.9303 15.36240405301525 | 2022/07/21-17:52:34  298.2659    0.1245  243.8540   93.7353     6835.3756     6830.3038     6840.4475  -1.432560 -97.266751   0.000670   0.000319
1 42029U 17008CK  22204.17779809  .00025468  00000-0  71915-3 0  9992 | 2 42029  97.2779 270.5733 0007350 112.2215 247.9809 15.36326869301749 | 2022/07/23-04:16:01   94.1236    0.1243  247.9028   93.7301     6835.1192     6830.0954     6840.1430   0.973344 -97.273030   0.000678   0.000285
1 42029U 17008CK  22205.74094165  .00021142  00000-0  59628-3 0  9993 | 2 42029  97.2779 272.1194 0007320 108.3031 251.9010 15.36401634301986 | 2022/07/24-17:46:57  296.8482    0.1244  251.8213   93.7255     6834.8974     6829.8943     6839.9006   3.597538 -97.211355   0.000686   0.000255
1 42029U 17008CK  22206.91325612  .00017298  00000-0  48786-3 0  9997 | 2 42029  97.2779 273.2792 0007286 104.7249 255.4803 15.36443214302164 | 2022/07/25-21:55:05  358.8760    0.1244  255.3995   93.7230     6834.7741     6829.7943     6839.7539   5.564451 -97.118622   0.000693   0.000225
1 42029U 17008CK  22208.15066477  .00017106  00000-0  48181-3 0  9993 | 2 42029  97.2778 274.5033 0007231 101.1709 259.0349 15.36487324302353 | 2022/07/27-03:36:57   84.3380    0.1245  258.9536   93.7203     6834.6433     6829.7012     6839.5854   7.637914 -96.977485   0.000696   0.000195
1 42029U 17008CK  22209.45317355  .00011383  00000-0  32136-3 0  9995 | 2 42029  97.2775 275.7920 0007189  97.7557 262.4504 15.36511577302552 | 2022/07/28-10:52:34  193.2360    0.1244  262.3687   93.7188     6834.5714     6829.6580     6839.4848   9.816991 -96.780880   0.000699   0.000168
1 42029U 17008CK  22211.14641148  .00006520  00000-0  18500-3 0  9990 | 2 42029  97.2770 277.4672 0007181  93.1933 267.0133 15.36529942302813 | 2022/07/30-03:30:49   82.7949    0.1244  266.9311   93.7177     6834.5169     6829.6091     6839.4248  12.641983 -96.452035   0.000706   0.000133
1 42029U 17008CK  22212.44888614  .00005845  00000-0  16602-3 0  9995 | 2 42029  97.2766 278.7559 0007127  89.6617 270.5444 15.36544896303017 | 2022/07/31-10:46:23  191.6814    0.1244  270.4627   93.7168     6834.4726     6829.6016     6839.3435  14.807946 -96.142923   0.000705   0.000104
1 42029U 17008CK  22213.62110229  .00005960  00000-0  16916-3 0  9992 | 2 42029  97.2763 279.9157 0007093  86.6196 273.5860 15.36559225303198 | 2022/08/01-14:54:23  253.6753    0.1245  273.5049   93.7159     6834.4301     6829.5824     6839.2777  16.750885 -95.823204   0.000705   0.000081
1 42029U 17008CK  22215.18403944  .00006713  00000-0  19011-3 0  9990 | 2 42029  97.2760 281.4619 0007046  82.3335 277.8710 15.36580183303437 | 2022/08/03-04:25:01   96.3281    0.1245  277.7910   93.7146     6834.3679     6829.5524     6839.1834  19.330324 -95.336031   0.000703   0.000047
1 42029U 17008CK  22216.48647124  .00006451  00000-0  18269-3 0  9997 | 2 42029  97.2761 282.7503 0006985  78.6323 281.5706 15.36596488303634 | 2022/08/04-11:40:31  205.2004    0.1245  281.4922   93.7136     6834.3196     6829.5458     6839.0934  21.469083 -94.877385   0.000698   0.000017
1 42029U 17008CK  22217.65864622  .00007298  00000-0  20625-3 0  9990 | 2 42029  97.2761 283.9099 0006929  75.3745 284.8268 15.36614374303811 | 2022/08/05-15:48:27  267.1808    0.1245  284.7500   93.7125     6834.2666     6829.5311     6839.0020  23.384763 -94.423474   0.000693  -0.000009
1 42029U 17008CK  22219.15640535  .00007456  00000-0  21052-3 0  9993 | 2 42029  97.2764 285.3915 0006863  71.2669 288.9320 15.36637538304041 | 2022/08/07-03:45:13   86.3711    0.1245  288.8576   93.7111     6834.1979     6829.5076     6838.8882  25.818430 -93.787561   0.000685  -0.000040
1 42029U 17008CK  22220.91460766  .00012395  00000-0  34783-3 0  9998 | 2 42029  97.2766 287.1309 0006744  66.2862 293.9089 15.36680158304311 | 2022/08/08-21:57:02  359.3213    0.1244  293.8382   93.7085     6834.0715     6829.4626     6838.6804  28.653382 -92.960855   0.000670  -0.000077
1 42029U 17008CK  22221.95647984  .00012012  00000-0  33686-3 0  9999 | 2 42029  97.2766 288.1617 0006669  63.4338 296.7589 15.36708048304479 | 2022/08/09-22:57:19   14.3938    0.1244  296.6906   93.7068     6833.9888     6829.4312     6838.5464  30.321100 -92.430340   0.000660  -0.000097
1 42029U 17008CK  22223.12856697  .00009903  00000-0  27797-3 0  9994 | 2 42029  97.2764 289.3216 0006566  60.0489 300.1407 15.36732434304656 | 2022/08/11-03:05:08   76.3437    0.1245  300.0756   93.7053     6833.9165     6829.4294     6838.4037  32.185859 -91.797432   0.000645  -0.000121
1 42029U 17008CK  22224.43086350  .00011712  00000-0  32798-3 0  9998 | 2 42029  97.2760 290.6105 0006422  56.2206 303.9649 15.36762095304856 | 2022/08/12-10:20:26  185.1692    0.1244  303.9038   93.7035     6833.8286     6829.4399     6838.2173  34.242435 -91.049854   0.000625  -0.000146
1 42029U 17008CK  22225.73313598  .00010536  00000-0  29504-3 0  9993 | 2 42029  97.2755 291.8992 0006327  52.1420 308.0396 15.36789420305053 | 2022/08/13-17:35:42  293.9861    0.1245  307.9825   93.7018     6833.7476     6829.4239     6838.0713  36.281313 -90.256242   0.000608  -0.000174
1 42029U 17008CK  22227.49116696  .00009513  00000-0  26635-3 0  9993 | 2 42029  97.2750 293.6386 0006177  46.3945 313.7811 15.36824331305321 | 2022/08/15-11:47:16  206.8766    0.1245  313.7300   93.6997     6833.6441     6829.4229     6837.8652  39.003996 -89.112928   0.000581  -0.000211
1 42029U 17008CK  22229.18404885  .00009822  00000-0  27464-3 0  9995 | 2 42029  97.2748 295.3138 0006010  41.1040 319.0656 15.36857885305581 | 2022/08/17-04:25:01   96.3135    0.1245  319.0205   93.6977     6833.5446     6829.4377     6837.6516  41.592331 -87.934434   0.000551  -0.000240
1 42029U 17008CK  22230.42112916  .00015410  00000-0  42889-3 0  9993 | 2 42029  97.2746 296.5377 0005892  37.1179 323.0472 15.36891470305772 | 2022/08/18-10:06:25  181.6624    0.1245  323.0066   93.6956     6833.4451     6829.4188     6837.4713  43.460985 -87.025804   0.000528  -0.000261
1 42029U 17008CK  22231.46286041  .00012047  00000-0  33566-3 0  9994 | 2 42029  97.2747 297.5684 0005795  33.8260 326.3353 15.36915909305937 | 2022/08/19-11:06:31  196.6855    0.1245  326.2985   93.6941     6833.3726     6829.4127     6837.3326  45.019432 -86.230030   0.000509  -0.000277
1 42029U 17008CK  22232.76500017  .00009994  00000-0  27865-3 0  9992 | 2 42029  97.2748 298.8569 0005628  29.6162 330.5401 15.36945381306134 | 2022/08/20-18:21:36  305.4557    0.1246  330.5084   93.6923     6833.2853     6829.4395     6837.1310  46.947123 -85.195976   0.000480  -0.000294
1 42029U 17008CK  22234.13222463  .00008533  00000-0  23809-3 0  9993 | 2 42029  97.2752 300.2097 0005487  25.0470 335.1040 15.36969071306343 | 2022/08/22-03:10:24   77.6567    0.1245  335.0775   93.6909     6833.2151     6829.4657     6836.9644  48.945598 -84.064219   0.000451  -0.000313
1 42029U 17008CK  22235.17390613  .00006127  00000-0  17156-3 0  9996 | 2 42029  97.2752 301.2405 0005371  21.3914 338.7554 15.36982508306508 | 2022/08/23-04:10:25   92.6621    0.1245  338.7331   93.6901     6833.1752     6829.5051     6836.8453  50.449983 -83.170089   0.000427  -0.000326
1 42029U 17008CK  22236.41088580  .00009182  00000-0  25570-3 0  9994 | 2 42029  97.2753 302.4649 0005223  17.1263 343.0157 15.37009467306691 | 2022/08/24-09:51:40  177.9744    0.1245  342.9982   93.6884     6833.0953     6829.5264     6836.6643  52.215712 -82.073159   0.000398  -0.000339
1 42029U 17008CK  22238.42906178  .00012411  00000-0  34413-3 0  9994 | 2 42029  97.2748 304.4624 0005016   9.4498 350.6841 15.37064053307006 | 2022/08/26-10:17:50  184.5176    0.1246  350.6748   93.6851     6832.9336     6829.5062     6836.3610  55.044433 -80.202850   0.000348  -0.000361
1 42029U 17008CK  22240.18675280  .00029020  00000-0  79770-3 0  9996 | 2 42029  97.2743 306.2023 0004859   1.8857 358.2405 15.37155509307279 | 2022/08/28-04:28:55   97.2866    0.1245  358.2388   93.6795     6832.6625     6829.3425     6835.9825  57.453904 -78.494193   0.000300  -0.000382
1 42029U 17008CK  22242.13959314  .00030093  00000-0  82363-3 0  9990 | 2 42029  97.2734 308.1357 0004708 352.7395   7.3781 15.37283114307574 | 2022/08/30-03:21:00   80.3092    0.1245    7.3850   93.6718     6832.2844     6829.0678     6835.5011  60.068861 -76.510432   0.000242  -0.000404
1 42029U 17008CK  22243.18103930  .00038236  00000-0  10421-2 0  9993 | 2 42029  97.2729 309.1665 0004580 348.6465  11.4676 15.37364340307739 | 2022/08/31-04:20:41   95.2290    0.1245   11.4780   93.6668     6832.0438     6828.9147     6835.1728  61.435238 -75.417031   0.000214  -0.000405
1 42029U 17008CK  22244.61294773  .00034954  00000-0  95029-3 0  9999 | 2 42029  97.2728 310.5842 0004548 340.8156  19.2917 15.37460439307950 | 2022/09/01-14:42:38  250.7165    0.1245   19.3089   93.6609     6831.7591     6828.6520     6834.8661  63.282261 -73.873900   0.000166  -0.000423
1 42029U 17008CK  22245.65427968  .00036558  00000-0  99139-3 0  9996 | 2 42029  97.2729 311.6152 0004476 336.1537  23.9500 15.37529689308110 | 2022/09/02-15:42:09  265.5950    0.1245   23.9708   93.6567     6831.5539     6828.4961     6834.6117  64.601323 -72.723353   0.000137  -0.000426
1 42029U 17008CK  22246.69556141  .00043811  00000-0  11834-2 0  9992 | 2 42029  97.2726 312.6460 0004397 331.2304  28.8697 15.37612178308274 | 2022/09/03-16:41:36  280.4555    0.1244   28.8940   93.6517     6831.3096     6828.3059     6834.3133  65.898950 -71.549194   0.000105  -0.000427
1 42029U 17008CK  22248.19226976  .00068972  00000-0  18440-2 0  9994 | 2 42029  97.2728 314.1281 0004383 323.3225  36.7720 15.37808507308507 | 2022/09/05-04:36:52   99.2692    0.1246   36.8021   93.6397     6830.7282     6827.7342     6833.7221  67.727637 -69.820948   0.000057  -0.000435
1 42029U 17008CK  22249.42853556  .00055073  00000-0  14684-2 0  9995 | 2 42029  97.2730 315.3529 0004448 316.8328  43.2568 15.37957277308693 | 2022/09/06-10:17:05  184.3236    0.1245   43.2917   93.6307     6830.2876     6827.2495     6833.3258  69.204740 -68.357447   0.000017  -0.000444
1 42029U 17008CK  22250.72975060  .00054650  00000-0  14507-2 0  9999 | 2 42029  97.2732 316.6421 0004520 310.0635  50.0213 15.38095397308890 | 2022/09/07-17:30:50  292.7591    0.1245   50.0610   93.6223     6829.8787     6826.7916     6832.9658  70.725334 -66.783251  -0.000026  -0.000451
1 42029U 17008CK  22252.16094891  .00059043  00000-0  15580-2 0  9996 | 2 42029  97.2726 318.0605 0004493 302.2786  57.8024 15.38258880309111 | 2022/09/09-03:51:45   87.9866    0.1246   57.8460   93.6123     6829.3948     6826.3264     6832.4633  72.356317 -65.011707  -0.000075  -0.000443
1 42029U 17008CK  22253.72208175  .00053499  00000-0  14049-2 0  9999 | 2 42029  97.2725 319.6090 0004617 295.5821  64.4947 15.38434211309355 | 2022/09/10-17:19:47  289.9888    0.1246   64.5425   93.6017     6828.8759     6825.7230     6832.0288  74.086637 -63.032606  -0.000118  -0.000446
1 42029U 17008CK  22255.15294806  .00062813  00000-0  16369-2 0  9991 | 2 42029  97.2714 321.0271 0004749 287.5499  72.5228 15.38625315309572 | 2022/09/12-03:40:14   85.0970    0.1246   72.5747   93.5900     6828.3105     6825.0677     6831.5532  75.623021 -61.179114  -0.000173  -0.000442
1 42029U 17008CK  22257.16886194  .00061498  00000-0  15886-2 0  9992 | 2 42029  97.2704 323.0265 0004807 279.0228  81.0474 15.38901667309886 | 2022/09/14-04:03:09   90.8161    0.1246   81.1018   93.5732     6827.4930     6824.2110     6830.7749  77.710662 -58.502852  -0.000225  -0.000425
1 42029U 17008CK  22259.18442085  .00056395  00000-0  14449-2 0  9997 | 2 42029  97.2702 325.0259 0005053 271.6382  88.4285 15.39176287310192 | 2022/09/16-04:25:33   96.4080    0.1246   88.4864   93.5565     6826.6808     6823.2313     6830.1304  79.704295 -55.755871  -0.000278  -0.000422
1 42029U 17008CK  22260.67962147  .00054589  00000-0  13915-2 0  9999 | 2 42029  97.2700 326.5099 0005238 266.7944  93.2703 15.39340348310428 | 2022/09/17-16:18:39  274.6720    0.1246   93.3302   93.5466     6826.1958     6822.6202     6829.7713  81.121349 -53.672895  -0.000313  -0.000420
1 42029U 17008CK  22261.71966317  .00066554  00000-0  16863-2 0  9998 | 2 42029  97.2700 327.5421 0005376 262.8367  97.2268 15.39468697310582 | 2022/09/18-17:16:18  289.0811    0.1246   97.2879   93.5388     6825.8164     6822.1468     6829.4859  82.075066 -52.202840  -0.000343  -0.000414
1 42029U 17008CK  22263.14957585  .00061768  00000-0  15568-2 0  9997 | 2 42029  97.2703 328.9613 0005550 256.7870 103.2757 15.39651422310804 | 2022/09/20-03:35:23   83.8407    0.1246  103.3376   93.5277     6825.2763     6821.4883     6829.0643  83.343063 -50.154213  -0.000387  -0.000398
1 42029U 17008CK  22264.96923094  .00052420  00000-0  13143-2 0  9998 | 2 42029  97.2703 330.7686 0005609 249.7564 110.3079 15.39855152311085 | 2022/09/21-23:15:41   18.9011    0.1246  110.3682   93.5153     6824.6743     6820.8463     6828.5022  84.883373 -47.500781  -0.000426  -0.000364
1 42029U 17008CK  22266.13888805  .00061449  00000-0  15321-2 0  9990 | 2 42029  97.2702 331.9304 0005797 244.4589 115.6058 15.39981678311269 | 2022/09/23-03:19:59   79.9684    0.1246  115.6657   93.5076     6824.3004     6820.3444     6828.2565  85.828953 -45.769887  -0.000467  -0.000344
1 42029U 17008CK  22267.17850042  .00062328  00000-0  15471-2 0  9990 | 2 42029  97.2704 332.9640 0005841 242.0733 117.9922 15.40113326311422 | 2022/09/24-04:17:02   94.2191    0.1246  118.0513   93.4996     6823.9115     6819.9257     6827.8974  86.640797 -44.214284  -0.000478  -0.000335
1 42029U 17008CK  22268.67277115  .00063655  00000-0  15692-2 0  9999 | 2 42029  97.2697 334.4494 0005894 238.4556 121.6116 15.40316918311651 | 2022/09/25-16:08:47  272.1423    0.1247  121.6691   93.4873     6823.3102     6819.2886     6827.3319  87.757184 -41.953203  -0.000495  -0.000320
1 42029U 17008CK  22270.16685888  .00085719  00000-0  20936-2 0  9998 | 2 42029  97.2697 335.9356 0005979 231.9118 128.1590 15.40502043311889 | 2022/09/27-04:00:16   89.9967    0.1246  128.2128   93.4760     6822.7636     6818.6842     6826.8429  88.815768 -39.663005  -0.000529  -0.000279
1 42029U 17008CK  22272.18029261  .00061352  00000-0  14885-2 0  9992 | 2 42029  97.2675 337.9354 0006073 223.9866 136.0898 15.40810979312196 | 2022/09/29-04:19:37   94.8120    0.1246  136.1380   93.4573     6821.8516     6817.7086     6825.9945  90.143716 -36.538706  -0.000563  -0.000227
1 42029U 17008CK  22273.41414379  .00077798  00000-0  18716-2 0  9995 | 2 42029  97.2671 339.1625 0006274 221.4976 138.5795 15.40993857312386 | 2022/09/30-09:56:22  178.9868    0.1246  138.6270   93.4462     6821.3118     6817.0321     6825.5915  90.905157 -34.599729  -0.000587  -0.000221
1 42029U 17008CK  22274.45304650  .00070930  00000-0  16978-2 0  9999 | 2 42029  97.2674 340.1964 0006282 218.7135 141.3663 15.41176033312546 | 2022/10/01-10:52:23  192.9791    0.1247  141.4112   93.4351     6820.7743     6816.4895     6825.0591  91.514956 -32.953907  -0.000594  -0.000204
1 42029U 17008CK  22275.68659071  .00088221  00000-0  20916-2 0  9994 | 2 42029  97.2671 341.4235 0006313 216.2197 143.8624 15.41390739312730 | 2022/10/02-16:28:41  277.0415    0.1247  143.9050   93.4221     6820.1409     6815.8353     6824.4464  92.199402 -30.986434  -0.000602  -0.000191
1 42029U 17008CK  22277.17955286  .00121538  00000-0  28342-2 0  9997 | 2 42029  97.2674 342.9087 0006363 212.2826 147.8032 15.41753111312963 | 2022/10/04-04:18:33   94.4905    0.1246  147.8420   93.4002     6819.0722     6814.7332     6823.4111  92.971843 -28.586421  -0.000614  -0.000167
1 42029U 17008CK  22279.12636751  .00138972  00000-0  31818-2 0  9999 | 2 42029  97.2678 344.8483 0006368 207.2696 152.8218 15.42235695313261 | 2022/10/06-03:01:58   75.3174    0.1247  152.8551   93.3709     6817.6496     6813.3081     6821.9910  93.886497 -25.423428  -0.000623  -0.000134
1 42029U 17008CK  22280.16441430  .00148570  00000-0  33657-2 0  9991 | 2 42029  97.2669 345.8823 0006328 203.9066 156.1889 15.42516090313420 | 2022/10/07-03:56:45   88.9993    0.1248  156.2182   93.3540     6816.8233     6812.5097     6821.1370  94.329120 -23.724819  -0.000624  -0.000108
1 42029U 17008CK  22281.72113314  .00137324  00000-0  30742-2 0  9998 | 2 42029  97.2669 347.4355 0006275 201.1525 158.9465 15.42917117313660 | 2022/10/08-17:18:25  289.3958    0.1248  158.9723   93.3297     6815.6421     6811.3653     6819.9189  94.937526 -21.159298  -0.000620  -0.000094
1 42029U 17008CK  22283.14773312  .00139690  00000-0  30801-2 0  9990 | 2 42029  97.2663 348.8586 0006255 198.2525 161.8499 15.43360983313887 | 2022/10/10-03:32:44   82.9514    0.1247  161.8722   93.3029     6814.3353     6810.0729     6818.5976  95.433151 -18.794861  -0.000621  -0.000077
1 42029U 17008CK  22285.15729971  .00138621  00000-0  30033-2 0  9995 | 2 42029  97.2649 350.8644 0006101 192.3563 167.7537 15.43889510314191 | 2022/10/12-03:46:30   86.3627    0.1248  167.7685   93.2709     6812.7800     6808.6235     6816.9365  96.031128 -15.442899  -0.000609  -0.000034
1 42029U 17008CK  22286.19423963  .00122856  00000-0  26448-2 0  9990 | 2 42029  97.2651 351.9008 0006317 184.8677 175.2511 15.44140032314355 | 2022/10/13-04:39:42   99.6379    0.1248  175.2571   93.2558     6812.0431     6807.7399     6816.3463  96.294941 -13.703428  -0.000631   0.000036
1 42029U 17008CK  22287.42539031  .00122284  00000-0  26070-2 0  9997 | 2 42029  97.2643 353.1310 0005951 185.8678 174.2502 15.44433024314547 | 2022/10/14-10:12:33  182.8363    0.1248  174.2570   93.2381     6811.1815     6807.1282     6815.2349  96.566156 -11.632780  -0.000595   0.000010
1 42029U 17008CK  22288.72105196  .00118973  00000-0  25067-2 0  9997 | 2 42029  97.2640 354.4258 0005806 184.5014 175.6183 15.44795404314743 | 2022/10/15-17:18:18  289.2550    0.1248  175.6234   93.2162     6810.1163     6806.1623     6814.0703  96.804062  -9.447714  -0.000580   0.000011
1 42029U 17008CK  22290.14596397  .00107385  00000-0  22399-2 0  9993 | 2 42029  97.2638 355.8502 0005782 181.5615 178.5617 15.45138368314963 | 2022/10/17-03:30:11   82.1999    0.1249  178.5634   93.1955     6809.1085     6805.1715     6813.0456  97.008800  -7.038433  -0.000578   0.000026
1 42029U 17008CK  22291.18207364  .00088646  00000-0  18398-2 0  9993 | 2 42029  97.2642 356.8867 0005715 177.6358 182.4920 15.45361418315123 | 2022/10/18-04:22:11   95.1795    0.1250  182.4892   93.1821     6808.4533     6804.5623     6812.3444  97.120647  -5.282477  -0.000569   0.000055
1 42029U 17008CK  22293.18914231  .00082076  00000-0  16827-2 0  9999 | 2 42029  97.2642 358.8957 0005654 171.8844 188.2498 15.45748767315437 | 2022/10/20-04:32:21   97.6871    0.1249  188.2405   93.1587     6807.3159     6803.4670     6811.1647  97.246135  -1.874522  -0.000558   0.000091
1 42029U 17008CK  22294.41903713  .00095508  00000-0  19393-2 0  9994 | 2 42029  97.2642   0.1280 0005566 168.2089 191.9292 15.45977077315628 | 2022/10/21-10:03:24  180.4253    0.1249  191.9160   93.1450     6806.6456     6802.8571     6810.4342  97.263957   0.217290  -0.000545   0.000113
1 42029U 17008CK  22295.45459431  .00105139  00000-0  21178-2 0  9998 | 2 42029  97.2644   1.1657 0005478 165.4992 194.6416 15.46174088315780 | 2022/10/22-10:54:36  193.2062    0.1249  194.6257   93.1331     6806.0674     6802.3391     6809.7958  97.244270   1.978737  -0.000533   0.000126
1 42029U 17008CK  22296.68410768  .00107451  00000-0  21406-2 0  9997 | 2 42029  97.2639   2.3978 0005296 162.0349 198.1089 15.46488682315974 | 2022/10/23-16:25:06  275.8078    0.1249  198.0900   93.1142     6805.1444     6801.5404     6808.7484  97.178739   4.069258  -0.000510   0.000142
1 42029U 17008CK  22297.71931526  .00090639  00000-0  17969-2 0  9990 | 2 42029  97.2635   3.4355 0005297 158.6193 201.5280 15.46697559316136 | 2022/10/24-17:15:48  288.4616    0.1250  201.5057   93.1016     6804.5317     6800.9273     6808.1361  97.088707   5.828502  -0.000504   0.000163
1 42029U 17008CK  22299.14252133  .00069892  00000-0  13782-2 0  9995 | 2 42029  97.2624   4.8622 0005266 155.0671 205.0834 15.46938731316352 | 2022/10/26-03:25:13   80.7887    0.1249  205.0578   93.0871     6803.8244     6800.2416     6807.4073  96.912395   8.243920  -0.000495   0.000181
1 42029U 17008CK  22300.17743854  .00091977  00000-0  17958-2 0  9994 | 2 42029  97.2619   5.8999 0005243 150.9348 209.2195 15.47136832316511 | 2022/10/27-04:15:30   93.3375    0.1250  209.1902   93.0752     6803.2436     6799.6767     6806.8106  96.746703   9.997629  -0.000482   0.000206
1 42029U 17008CK  22301.47088179  .00111712  00000-0  21544-2 0  9996 | 2 42029  97.2612   7.1978 0004929 147.6522 212.5031 15.47418417316713 | 2022/10/28-11:18:04  198.9530    0.1250  212.4728   93.0582     6802.4183     6799.0654     6805.7712  96.494734  12.186356  -0.000446   0.000209
1 42029U 17008CK  22302.95803013  .00139474  00000-0  26430-2 0  9996 | 2 42029  97.2608   8.6896 0004866 143.1757 216.9828 15.47820203316941 | 2022/10/29-22:59:33   14.2972    0.1250  216.9493   93.0341     6801.2410     6797.9316     6804.5505  96.144375  14.694297  -0.000429   0.000229
1 42029U 17008CK  22304.44475721  .00139011  00000-0  25957-2 0  9993 | 2 42029  97.2609  10.1832 0004660 137.5714 222.5898 15.48248249317173 | 2022/10/31-10:40:27  189.4880    0.1251  222.5537   93.0083     6799.9874     6796.8186     6803.1562  95.728797  17.195353  -0.000394   0.000249
1 42029U 17008CK  22306.18951231  .00133185  00000-0  24447-2 0  9990 | 2 42029  97.2615  11.9361 0004463 132.0468 228.1164 15.48763818317445 | 2022/11/02-04:32:53   97.5647    0.1251  228.0783   92.9774     6798.4782     6795.4441     6801.5124  95.158596  20.115688  -0.000361   0.000262
1 42029U 17008CK  22308.12740741  .00195006  00000-0  34646-2 0  9990 | 2 42029  97.2614  13.8856 0004227 124.0656 236.0997 15.49468461317744 | 2022/11/04-03:03:28   75.1654    0.1251  236.0595   92.9351     6796.4169     6793.5441     6799.2898  94.419113  23.341186  -0.000314   0.000283
1 42029U 17008CK  22309.16057733  .00161689  00000-0  28489-2 0  9995 | 2 42029  97.2608  14.9259 0004013 119.8717 240.2933 15.49830008317904 | 2022/11/05-03:51:13   87.0849    0.1251  240.2534   92.9134     6795.3599     6792.6329     6798.0869  93.979196  25.051426  -0.000283   0.000285
1 42029U 17008CK  22310.45171928  .00126318  00000-0  22054-2 0  9994 | 2 42029  97.2606  16.2264 0003966 114.8165 245.3500 15.50222738318107 | 2022/11/06-10:50:28  191.8666    0.1252  245.3087   92.8899     6794.2122     6791.5176     6796.9068  93.386227  27.177875  -0.000260   0.000299
1 42029U 17008CK  22312.12969858  .00154126  00000-0  26262-2 0  9990 | 2 42029  97.2589  17.9170 0003807 107.0508 253.1161 15.50810172318363 | 2022/11/08-03:06:45   75.9021    0.1252  253.0744   92.8547     6792.4964     6789.9105     6795.0823  92.542151  29.920626  -0.000218   0.000312
1 42029U 17008CK  22313.16192884  .00141098  00000-0  23710-2 0  9991 | 2 42029  97.2595  18.9596 0003507 101.1016 259.0630 15.51252451318524 | 2022/11/09-03:53:10   87.4821    0.1251  259.0235   92.8282     6791.2052     6788.8235     6793.5869  91.982968  31.599745  -0.000176   0.000304
1 42029U 17008CK  22314.19389946  .00132744  00000-0  22049-2 0  9994 | 2 42029  97.2590  20.0012 0003363  95.5686 264.5950 15.51610564318681 | 2022/11/10-04:39:12   98.9681    0.1252  264.5566   92.8068     6790.1602     6787.8767     6792.4438  91.392868  33.266451  -0.000145   0.000303
1 42029U 17008CK  22315.67701274  .00159374  00000-0  25990-2 0  9996 | 2 42029  97.2573  21.4982 0003361  88.6292 271.5345 15.52029414318918 | 2022/11/11-16:14:53  272.8536    0.1252  271.4960   92.7817     6788.9385     6786.6568     6791.2203  90.491020  35.642077  -0.000116   0.000316
1 42029U 17008CK  22316.70847820  .00144868  00000-0  23377-2 0  9998 | 2 42029  97.2573  22.5406 0003265  82.5178 277.6445 15.52377472319076 | 2022/11/12-17:00:12  284.1568    0.1252  277.6074   92.7609     6787.9237     6785.7075     6790.1400  89.827633  37.282419  -0.000085   0.000315
1 42029U 17008CK  22317.73972978  .00150515  00000-0  23999-2 0  9991 | 2 42029  97.2568  23.5821 0003201  77.9024 282.2588 15.52691997319239 | 2022/11/13-17:45:12  295.3834    0.1254  282.2230   92.7422     6787.0070     6784.8345     6789.1795  89.134667  38.908821  -0.000064   0.000314
1 42029U 17008CK  22319.15737347  .00147479  00000-0  23183-2 0  9998 | 2 42029  97.2565  25.0150 0003145  71.2389 288.9206 15.53099366319453 | 2022/11/15-03:46:37   85.7013    0.1254  288.8865   92.7178     6785.8202     6783.6860     6787.9543  88.133560  41.125448  -0.000034   0.000313
1 42029U 17008CK  22320.44583407  .00122600  00000-0  19108-2 0  9999 | 2 42029  97.2565  26.3188 0003190  65.0378 295.1207 15.53427673319656 | 2022/11/16-10:42:00  189.5142    0.1254  295.0876   92.6982     6784.8640     6782.6997     6787.0284  87.174989  43.120160  -0.000008   0.000319
1 42029U 17008CK  22322.44241167  .00113888  00000-0  17458-2 0  9999 | 2 42029  97.2567  28.3395 0003166  56.5463 303.6093 15.53919376319961 | 2022/11/18-10:37:04  188.2323    0.1254  303.5791   92.6689     6783.4327     6781.2851     6785.5803  85.600514  46.167279   0.000028   0.000315
1 42029U 17008CK  22323.60143580  .00122208  00000-0  18517-2 0  9991 | 2 42029  97.2570  29.5136 0003072  48.2841 311.8675 15.54210217320143 | 2022/11/19-14:26:04  245.4533    0.1254  311.8413   92.6516     6782.5864     6780.5028     6784.6700  84.636814  47.911729   0.000065   0.000300
1 42029U 17008CK  22324.88896934  .00129272  00000-0  19332-2 0  9994 | 2 42029  97.2569  30.8180 0003028  41.7425 318.4060 15.54546351320346 | 2022/11/20-21:20:06  348.9331    0.1255  318.3830   92.6315     6781.6087     6779.5552     6783.6621  83.524128  49.825944   0.000091   0.000289
1 42029U 17008CK  22326.43363712  .00114567  00000-0  16910-2 0  9990 | 2 42029  97.2569  32.3846 0003035  34.6172 325.5280 15.54959669320589 | 2022/11/22-10:24:26  184.9727    0.1255  325.5083   92.6069     6780.4069     6778.3490     6782.4647  82.130721  52.090780   0.000119   0.000279
1 42029U 17008CK  22327.72056519  .00107888  00000-0  15764-2 0  9991 | 2 42029  97.2561  33.6899 0003054  27.7097 332.4320 15.55260916320788 | 2022/11/23-17:17:36  288.2335    0.1255  332.4158   92.5890     6779.5313     6777.4608     6781.6018  80.922124  53.947741   0.000146   0.000268
1 42029U 17008CK  22329.45752821  .00113757  00000-0  16366-2 0  9993 | 2 42029  97.2542  35.4518 0003037  27.1968 332.9446 15.55663061321050 | 2022/11/25-10:58:50  193.4906    0.1256  332.9288   92.5650     6778.3629     6776.3043     6780.4215  79.223636  56.409175   0.000140   0.000270
1 42029U 17008CK  22330.74381750  .00135905  00000-0  19200-2 0  9995 | 2 42029  97.2539  36.7584 0003135  17.8533 342.2832 15.56079254321257 | 2022/11/26-17:51:05  296.5208    0.1256  342.2723   92.5403     6777.1542     6775.0295     6779.2788  77.916526  58.200825   0.000182   0.000256
1 42029U 17008CK  22332.15837053  .00164346  00000-0  22777-2 0  9998 | 2 42029  97.2538  38.1946 0003080   9.5914 350.5399 15.56500631321476 | 2022/11/28-03:48:03   85.7232    0.1255  350.5341   92.5152     6775.9310     6773.8440     6778.0180  76.433237  60.135363   0.000207   0.000228
1 42029U 17008CK  22333.18689923  .00157528  00000-0  21603-2 0  9994 | 2 42029  97.2541  39.2401 0003097   5.5578 354.5712 15.56810151321630 | 2022/11/29-04:29:08   95.9641    0.1256  354.5678   92.4968     6775.0328     6772.9346     6777.1311  75.323491  61.520173   0.000220   0.000218
1 42029U 17008CK  22334.40800997  .00146579  00000-0  19865-2 0  9997 | 2 42029  97.2540  40.4818 0003107 358.9298   1.1950 15.57167869321823 | 2022/11/30-09:47:32  175.5300    0.1255    1.1957   92.4756     6773.9952     6771.8905     6776.0999  73.972581  63.137926   0.000240   0.000197
1 42029U 17008CK  22336.46392396  .00160386  00000-0  21146-2 0  9991 | 2 42029  97.2544  42.5742 0003298 349.0230  11.0953 15.57860357322145 | 2022/12/02-11:08:03  195.5996    0.1256   11.1026   92.4345     6771.9876     6769.7542     6774.2211  71.618316  65.796924   0.000281   0.000173
1 42029U 17008CK  22337.81261640  .00153996  00000-0  19979-2 0  9998 | 2 42029  97.2541  43.9476 0003445 340.9328  19.1799 15.58313428322356 | 2022/12/03-19:30:10  321.0904    0.1257   19.1929   92.4076     6770.6750     6768.3425     6773.0075  70.020501  67.494365   0.000313   0.000145
1 42029U 17008CK  22339.16091424  .00203381  00000-0  25722-2 0  9996 | 2 42029  97.2538  45.3222 0003447 338.3476  21.7634 15.58826178322565 | 2022/12/05-03:51:42   86.4337    0.1257   21.7781   92.3772     6769.1902     6766.8568     6771.5235  68.381018  69.154450   0.000316   0.000138
1 42029U 17008CK  22340.44456774  .00164791  00000-0  20550-2 0  9997 | 2 42029  97.2536  46.6317 0003617 334.0494  26.0581 15.59330144322769 | 2022/12/06-10:40:10  188.5082    0.1257   26.0763   92.3473     6767.7316     6765.2837     6770.1795  66.782629  70.698962   0.000338   0.000128
1 42029U 17008CK  22341.66366447  .00235052  00000-0  28524-2 0  9997 | 2 42029  97.2529  47.8762 0003727 330.6274  29.4773 15.59816447322954 | 2022/12/07-15:55:40  267.3429    0.1257   29.4983   92.3186     6766.3249     6763.8030     6768.8467  65.230901  72.132212   0.000353   0.000118
1 42029U 17008CK  22342.68991679  .00241102  00000-0  28639-2 0  9991 | 2 42029  97.2528  48.9242 0003877 324.5339  35.5660 15.60360443323112 | 2022/12/08-16:33:28  276.7620    0.1258   35.5919   92.2864     6764.7521     6762.1294     6767.3748  63.900624  73.313146   0.000377   0.000090
1 42029U 17008CK  22344.42098995  .00224238  00000-0  25893-2 0  9994 | 2 42029  97.2523  50.6947 0003816 322.2365  37.8625 15.61158273323388 | 2022/12/10-10:06:13  179.8850    0.1258   37.8893   92.2392     6762.4472     6759.8666     6765.0277  61.604708  75.252042   0.000372   0.000085
1 42029U 17008CK  22346.15114309  .00255771  00000-0  28453-2 0  9995 | 2 42029  97.2507  52.4651 0003902 318.1411  41.9549 15.62027653323653 | 2022/12/12-03:37:38   82.6781    0.1259   41.9848   92.1879     6759.9377     6757.3000     6762.5755  59.249460  77.118092   0.000384   0.000072
1 42029U 17008CK  22347.17596393  .00273643  00000-0  29755-2 0  9999 | 2 42029  97.2501  53.5137 0004420 316.6282  43.4629 15.62559365323817 | 2022/12/13-04:13:23   91.5800    0.1260   43.4978   92.1565     6758.4041     6755.4169     6761.3913  57.827881  78.188990   0.000435   0.000078
1 42029U 17008CK  22348.45650113  .00254450  00000-0  27049-2 0  9991 | 2 42029  97.2501  54.8275 0004369 312.7437  47.3454 15.63204752324015 | 2022/12/14-10:57:21  192.5237    0.1259   47.3822   92.1185     6756.5438     6753.5919     6759.4957  56.019952  79.494320   0.000433   0.000058
1 42029U 17008CK  22349.73647691  .00316461  00000-0  32416-2 0  9995 | 2 42029  97.2494  56.1408 0004731 307.5488  52.5341 15.63958570324219 | 2022/12/15-17:40:31  293.2695    0.1259   52.5771   92.0741     6754.3726     6751.1771     6757.5681  54.182884  80.756801   0.000472   0.000030
1 42029U 17008CK  22351.14371894  .00293176  00000-0  29137-2 0  9995 | 2 42029  97.2491  57.5868 0004857 305.8638  54.2170 15.64801359324434 | 2022/12/17-03:26:57   79.8198    0.1260   54.2622   92.0245     6751.9471     6748.6677     6755.2265  52.127589  82.098124   0.000485   0.000029
1 42029U 17008CK  22352.16670518  .00280137  00000-0  27259-2 0  9999 | 2 42029  97.2491  58.6395 0004967 304.3670  55.7120 15.65376875324592 | 2022/12/18-04:00:03   88.0522    0.1260   55.7590   91.9906     6750.2921     6746.9392     6753.6450  50.610480  83.041958   0.000496   0.000026
1 42029U 17008CK  22353.18931782  .00335371  00000-0  31638-2 0  9992 | 2 42029  97.2498  59.6922 0005108 302.9763  57.1006 15.65986860324759 | 2022/12/19-04:32:37   96.1501    0.1261   57.1498   91.9548     6748.5391     6745.0919     6751.9862  49.076641  83.958364   0.000510   0.000024
1 42029U 17008CK  22354.72237518  .00340160  00000-0  30698-2 0  9996 | 2 42029  97.2491  61.2729 0005283 300.6947  59.3793 15.67081706324999 | 2022/12/20-17:20:13  287.9840    0.1261   59.4314   91.8906     6745.3954     6741.8318     6748.9590  46.741644  85.279576   0.000528   0.000018
1 42029U 17008CK  22356.44583068  .00309736  00000-0  26789-2 0  9991 | 2 42029  97.2486  63.0520 0005559 295.9871  64.0817 15.68226190325260 | 2022/12/22-10:41:59  188.3528    0.1261   64.1390   91.8235     6742.1132     6738.3653     6745.8611  44.071282  86.689171   0.000556  -0.000009
1 42029U 17008CK  22357.65789099  .00356084  00000-0  29636-2 0  9999 | 2 42029  97.2468  64.3045 0005534 292.2314  67.8361 15.69033722325455 | 2022/12/23-15:47:21  264.6380    0.1262   67.8948   91.7762     6739.7997     6736.0699     6743.5295  42.165076  87.630169   0.000552  -0.000033
1 42029U 17008CK  22358.74180525  .00381984  00000-0  30678-2 0  9994 | 2 42029  97.2469  65.4265 0005613 290.3061  69.7598 15.69827965325620 | 2022/12/24-17:48:11  294.7951    0.1263   69.8202   91.7298     6737.5262     6733.7444     6741.3080  40.441117  88.439107   0.000560  -0.000042
1 42029U 17008CK  22360.14375098  .00289560  00000-0  22649-2 0  9998 | 2 42029  97.2461  66.8796 0005819 288.1185  71.9444 15.70736581325840 | 2022/12/26-03:27:00   79.4273    0.1263   72.0078   91.6767     6734.9277     6731.0086     6738.8467  38.185100  89.435463   0.000580  -0.000051
1 42029U 17008CK  22361.16279110  .00425266  00000-0  31576-2 0  9993 | 2 42029  97.2451  67.9366 0005646 285.8214  74.2427 15.71598302326003 | 2022/12/27-03:54:25   86.2279    0.1264   74.3050   91.6265     6732.4656     6728.6644     6736.2667  36.528403  90.123722   0.000561  -0.000061
1 42029U 17008CK  22362.43573385  .00431411  00000-0  30441-2 0  9994 | 2 42029  97.2458  69.2592 0005735 282.4356  77.6266 15.72795392326204 | 2022/12/28-10:27:27  184.4213    0.1264   77.6908   91.5567     6729.0490     6725.1899     6732.9081  34.438713  90.943503   0.000567  -0.000083
1 42029U 17008CK  22363.64423731  .00427013  00000-0  28986-2 0  9991 | 2 42029  97.2448  70.5167 0005844 281.3102  78.7506 15.73721938326399 | 2022/12/29-15:27:42  259.4176    0.1265   78.8163   91.5028     6726.4075     6722.4766     6730.3384  32.434262  91.676441   0.000578  -0.000083
1 42029U 17008CK  22364.66129306  .00636494  00000-0  40266-2 0  9995 | 2 42029  97.2440  71.5759 0006267 284.0685  75.9884 15.74788993326556 | 2022/12/30-15:52:15  265.5048    0.1266   76.0581   91.4408     6723.3687     6719.1552     6727.5822  30.733784  92.259580   0.000625  -0.000048
1 42029U 17008CK  23001.12199116  .00623479  00000-0  36684-2 0  9999 | 2 42029  97.2440  73.1012 0006402 282.9301  77.2169 15.76502273326782 | 2023/01/01-02:55:40   71.1805    0.2186   77.2885   91.3414     6718.4967     6714.1955     6722.7979  28.267095  93.044972   0.000639  -0.000044
1 42029U 17008CK  23002.45428942  .00727937  00000-0  39488-2 0  9997 | 2 42029  97.2430  74.4957 0006143 280.7116  79.3459 15.78076677326999 | 2023/01/02-10:54:10  190.8160    0.1267   79.4151   91.2503     6714.0274     6709.9029     6718.1518  25.994094  93.704366   0.000612  -0.000051
1 42029U 17008CK  23004.16535266  .00702053  00000-0  34933-2 0  9997 | 2 42029  97.2416  76.2913 0006459 281.8877  78.1666 15.80079251327263 | 2023/01/04-03:58:06   86.6929    0.1268   78.2391   91.1347     6708.3533     6704.0204     6712.6862  23.044865  94.471493   0.000646  -0.000021
1 42029U 17008CK  23005.43112455  .00792906  00000-0  35564-2 0  9996 | 2 42029  97.2419  77.6231 0006721 284.2227  75.8296 15.82129761327461 | 2023/01/05-10:20:49  182.2886    0.1270   75.9043   91.0166     6702.5558     6698.0511     6707.0606  20.842979  94.981879   0.000672   0.000022
1 42029U 17008CK  23006.44258272  .00688784  00000-0  29174-2 0  9994 | 2 42029  97.2413  78.6902 0006826 281.9791  78.0713 15.83623261327629 | 2023/01/06-10:37:19  186.3453    0.1269   78.1478   90.9307     6698.3411     6693.7688     6702.9134  19.070367  95.352984   0.000683   0.000008
1 42029U 17008CK  23008.46337400  .00680417  00000-0  26055-2 0  9999 | 2 42029  97.2381  80.8265 0006629 277.9654  82.0865 15.85780486327947 | 2023/01/08-11:07:15  193.6841    0.1271   82.1617   90.8070     6692.2650     6687.8287     6696.7013  15.502146  95.994435   0.000663  -0.000014
1 42029U 17008CK  23010.16620722  .00698308  00000-0  24272-2 0  9998 | 2 42029  97.2379  82.6330 0006556 277.3388  82.7139 15.87746583328218 | 2023/01/10-03:59:20   86.5752    0.1272   82.7884   90.6946     6686.7392     6682.3554     6691.1230  12.468273  96.435219   0.000656  -0.000000
1 42029U 17008CK  23011.17412298  .00712767  20128-3  24940-2 0  9991 | 2 42029  97.2353  83.7020 0006651 278.4887  81.5632 15.89240069328372 | 2023/01/11-04:10:44   89.3501    0.1273   81.6386   90.6093     6682.5493     6678.1047     6686.9938  10.666675  96.648464   0.000665   0.000025
1 42029U 17008CK  23012.43270578  .00865925  31425-3  27481-2 0  9994 | 2 42029  97.2373  85.0437 0007227 282.5005  77.5460 15.91196250328570 | 2023/01/12-10:23:05  182.3441    0.1274   77.6269   90.4980     6677.0712     6672.2457     6681.8968   8.400905  96.873718   0.000716   0.000095
1 42029U 17008CK  23013.62675258  .00980812  42734-3  27677-2 0  9995 | 2 42029  97.2349  86.3198 0007464 282.2486  77.7953 15.93496837328760 | 2023/01/13-15:02:31  252.1044    0.1275   77.8789   90.3673     6670.6431     6665.6641     6675.6221   6.241260  97.034388   0.000738   0.000111
1 42029U 17008CK  23015.13203055  .01401186  10374-2  32207-2 0  9997 | 2 42029  97.2340  87.9361 0007493 281.0230  79.0204 15.97491061329006 | 2023/01/15-03:10:07   73.8723    0.1277   79.1047   90.1413     6659.5193     6654.5293     6664.5093   3.501791  97.170923   0.000740   0.000117
1 42029U 17008CK  23016.13311240  .02034573  29344-2  38694-2 0  9990 | 2 42029  97.2341  89.0196 0007625 279.2078  80.8339 16.01376827329166 | 2023/01/16-03:11:40   74.1667    0.1280   80.9202   89.9226     6648.7420     6643.6723     6653.8117   1.663712  97.219866   0.000755   0.000109
1 42029U 17008CK  23017.44314926  .02182509  42088-2  30417-2 0  9997 | 2 42029  97.2281  90.4426 0008410 285.5587  74.4766 16.06947520329374 | 2023/01/17-10:38:08  185.6546    0.1282   74.5695   89.6109     6633.3673     6627.7886     6638.9460  -0.751063  97.225199   0.000808   0.000232
1 42029U 17008CK  23018.87232503  .02653420  16171-1  27669-2 0  9998 | 2 42029  97.2262  92.0101 0009034 286.6162  73.4132 16.14628406329605 | 2023/01/18-20:56:08  340.0049    0.1286   73.5124   89.1846     6612.3137     6606.3401     6618.2873  -3.410274  97.166373   0.000856   0.000289
1 42029U 17008CK  23020.41493026  .09690139  23805-5  16514-2 0  9998 | 2 42029  97.2185  93.7298 0010783 286.6209  73.3902 16.32970214329857 | 2023/01/20-09:57:29  175.1619    0.1296   73.5087   88.1829     6562.7068     6555.6302     6569.7833  -6.324192  97.012583   0.001011   0.000375
