# SPACE DATA - HISTORICAL TLEs
# ----------------------------
# NORAD_ID    : 41763
# OBJECT_NAME : FLOCK 2EP 16
# --------------------------------------------------------------------+-----------------------------------------------------------------------+----------------------------------------------------------------------------------------------------------------------------------------
#                  LINE 1                                             |                 LINE 2                                                |      DERIVED PARAMETERS
# --------------------------------------------------------------------+-----------------------------------------------------------------------+----------------------------------------------------------------------------------------------------------------------------------------
# NORAD  COSPAR     TLE_EPOCH      MEANMOT1 MEANMOT2   BSTAR  #  REV  |   NORAD    INC     RAAN     ECC    ARGPER  MEANANOM   MEANMOT     REV |  CAL_DATE              LONG     ARGLAT     PERIOD        SMA         PERIGEE        APOGEE      INC_X      INC_Y      ECC_X      ECC_Y
# ------ ------   -------------- ----------  -------  ------- -- ----     -----  ------- -------- ------- -------- -------- -----------  ----   ------------------- ---------  --------  --------  ------------  ------------   ----------- ---------- ----------  ---------  ---------   
1 42036U 17008CS  17060.60175457  .00001732  00000-0  78661-4 0  9995 | 2 42036  97.5118 122.2161 0006812 226.5057 133.5595 15.22133951  1348 | 2017/03/01-14:26:31  253.9348    0.1217  133.6160   94.6040     6877.5421     6872.8571     6882.2271 -51.984909  82.499214   0.000668  -0.000133
1 42036U 17008CS  17061.65358335  .00001511  00000-0  69030-4 0  9994 | 2 42036  97.5115 123.2660 0006982 222.7906 137.2781 15.22135934  1508 | 2017/03/02-15:41:09  272.5765    0.1229  137.3323   94.6039     6877.5362     6872.7343     6882.3381 -53.487666  81.532584   0.000678  -0.000168
1 42036U 17008CS  17062.96836174  .00001855  00000-0  83973-4 0  9994 | 2 42036  97.5086 124.5778 0007130 217.6041 142.4753 15.22143238  1703 | 2017/03/03-23:14:26   25.8701    0.1291  142.5250   94.6034     6877.5142     6872.6105     6882.4178 -55.338546  80.284323   0.000679  -0.000218
1 42036U 17008CS  17064.41460748  .00002343  00000-0  10523-3 0  9999 | 2 42036  97.5095 126.0239 0007199 209.9946 150.0901 15.22153419  1921 | 2017/03/05-09:57:02  186.4927    0.1258  150.1312   94.6028     6877.4835     6872.5324     6882.4346 -57.347547  78.862928   0.000658  -0.000293
1 42036U 17008CS  17065.59789419  .00002631  00000-0  11775-3 0  9998 | 2 42036  97.5083 127.2046 0007362 205.7464 154.3396 15.22161161  2107 | 2017/03/06-14:20:58  252.4602    0.1225  154.3761   94.6023     6877.4602     6872.3970     6882.5234 -58.959667  77.663545   0.000656  -0.000335
1 42036U 17008CS  17066.91265349 +.00002607 +00000-0 +11667-3 0  9999 | 2 42036 097.5086 128.5177 0007395 199.9032 160.1906 15.22168051002309 | 2017/03/07-21:54:13    5.7486    0.1225  160.2193   94.6019     6877.4394     6872.3535     6882.5253 -60.724102  76.292270   0.000630  -0.000387
1 42036U 17008CS  17068.42461708  .00002737  00000-0  12230-3 0  9995 | 2 42036  97.5089 130.0291 0007443 193.9745 166.1308 15.22177586  2536 | 2017/03/09-10:11:26  190.0228    0.1257  166.1512   94.6013     6877.4107     6872.2918     6882.5295 -62.715442  74.664308   0.000602  -0.000437
1 42036U 17008CS  17069.67362263  .00002939  00000-0  13107-3 0  9997 | 2 42036  97.5076 131.2771 0007722 188.4245 171.6856 15.22186098  2720 | 2017/03/10-16:10:00  279.6431    0.1229  171.6984   94.6008     6877.3851     6872.0743     6882.6958 -64.325895  73.279678   0.000589  -0.000499
1 42036U 17008CS  17070.72541262 +.00002848 +00000-0 +12707-3 0  9997 | 2 42036 097.5082 132.3270 0007814 184.6921 175.4184 15.22191677002886 | 2017/03/11-17:24:35  298.2739    0.1176  175.4255   94.6004     6877.3682     6871.9943     6882.7422 -65.658217  72.089164   0.000572  -0.000533
1 42036U 17008CS  17072.69751433  .00002365  00000-0  10601-3 0  9993 | 2 42036  97.5078 134.2955 0008221 178.5547 181.5704 15.22199100  3180 | 2017/03/13-16:44:25  288.1912    0.1225  181.5678   94.6000     6877.3459     6871.6920     6882.9998 -68.095457  69.790972   0.000559  -0.000603
1 42036U 17008CS  17074.73534109 +.00002121 +00000-0 +95404-4 0  9994 | 2 42036 097.5075 136.3301 0008316 170.9772 189.1595 15.22206834003495 | 2017/03/15-17:38:53  301.7712    0.1215  189.1443   94.5995     6877.3226     6871.6034     6883.0418 -70.530100  67.329173   0.000504  -0.000661
1 42036U 17008CS  17076.70742533 +.00001670 +00000-0 +75770-4 0  9997 | 2 42036 097.5070 138.2980 0008588 164.8105 195.3366 15.22211158003790 | 2017/03/17-16:58:41  291.6870    0.1211  195.3106   94.5992     6877.3096     6871.4033     6883.2158 -72.800185  64.867157   0.000469  -0.000719
1 42036U 17008CS  17077.75920086 +.00001432 +00000-0 +65391-4 0  9998 | 2 42036 097.5068 139.3485 0008687 161.4498 198.7025 15.22213000003952 | 2017/03/18-18:13:14  310.3072    0.1204  198.6706   94.5991     6877.3040     6871.3297     6883.2783 -73.977050  63.521431   0.000445  -0.000746
1 42036U 17008CS  17079.73127534 +.00001334 +00000-0 +61106-4 0  9996 | 2 42036 097.5059 141.3170 0008707 154.6966 205.4694 15.22217908004256 | 2017/03/20-17:33:02  300.2156    0.1231  205.4265   94.5988     6877.2892     6871.3012     6883.2773 -76.114655  60.942267   0.000382  -0.000782
1 42036U 17008CS  17081.76907359 +.00001706 +00000-0 +77279-4 0  9994 | 2 42036 097.5056 143.3513 0009105 148.0664 212.1243 15.22227248004568 | 2017/03/22-18:27:27  313.7725    0.1353  212.0689   94.5982     6877.2611     6870.9994     6883.5229 -78.229758  58.201779   0.000332  -0.000848
1 42036U 17008CS  17083.80683547 +.00003620 +00000-0 +16034-3 0  9999 | 2 42036 097.5046 145.3848 0008886 142.3974 217.7951 15.22252430004878 | 2017/03/24-19:21:50  327.3400    0.1302  217.7328   94.5967     6877.1853     6871.0742     6883.2963 -80.244891  55.388667   0.000271  -0.000846
1 42036U 17008CS  17084.85857521 +.00003889 +00000-0 +17197-3 0  9998 | 2 42036 097.5048 146.4348 0009295 139.3862 220.8006 15.22261998005038 | 2017/03/25-20:36:20  345.9586    0.1173  220.7311   94.5961     6877.1564     6870.7641     6883.5488 -81.246577  53.908995   0.000253  -0.000894
1 42036U 17008CS  17086.89632209 +.00002627 +00000-0 +11717-3 0  9999 | 2 42036 097.5048 148.4696 0009597 134.4975 225.6835 15.22265139005340 | 2017/03/27-21:30:42  359.5270    0.1024  225.6049   94.5959     6877.1470     6870.5470     6883.7470 -83.109466  50.990221   0.000215  -0.000935
1 42036U 17008CS  17088.86831873 +.00003142 +00000-0 +13943-3 0  9992 | 2 42036 097.5036 150.4381 0009782 129.1297 231.0727 15.22281362005645 | 2017/03/29-20:50:22  349.3996    0.1153  230.9856   94.5949     6877.0981     6870.3710     6883.8253 -84.810893  48.104724   0.000163  -0.000965
1 42036U 17008CS  17090.84029941 +.00003168 +00000-0 +14054-3 0  9990 | 2 42036 097.5042 152.4060 0009773 122.1470 238.0703 15.22293761005944 | 2017/03/31-20:10:01  339.2735    0.1223  237.9753   94.5941     6877.0608     6870.3398     6883.7817 -86.413301  45.164260   0.000078  -0.000974
1 42036U 17008CS  17092.81226068 +.00003181 +00000-0 +14103-3 0  9998 | 2 42036 097.5034 154.3747 0009813 116.0100 244.2108 15.22306819006246 | 2017/04/02-19:29:39  329.1510    0.1196  244.1096   94.5933     6877.0215     6870.2730     6883.7699 -87.913126  42.168653   0.000007  -0.000981
1 42036U 17008CS  17093.86396864 +.00002928 +00000-0 +13006-3 0  9995 | 2 42036 097.5031 155.4245 0009869 112.7419 247.4793 15.22311604006406 | 2017/04/03-20:44:06  347.7523    0.1168  247.3749   94.5930     6877.0070     6870.2201     6883.7940 -88.670687  40.550755  -0.000032  -0.000986
1 42036U 17008CS  17094.91567367 +.00002921 +00000-0 +12973-3 0  9995 | 2 42036 097.5035 156.4758 0009738 110.7671 249.4610 15.22316976006556 | 2017/04/04-21:58:34    6.3445    0.1236  249.3565   94.5927     6876.9909     6870.2941     6883.6877 -89.400137  38.917193  -0.000047  -0.000973
1 42036U 17008CS  17096.88760757 +.00002426 +00000-0 +10822-3 0  9992 | 2 42036 097.5033 158.4441 0009758 105.1178 255.1138 15.22326577006857 | 2017/04/06-21:18:09  356.2126    0.1236  255.0058   94.5921     6876.9620     6870.2514     6883.6725 -90.683876  35.823571  -0.000109  -0.000970
1 42036U 17008CS  17097.93930030 +.00002056 +00000-0 +92196-4 0  9996 | 2 42036 097.5033 159.4938 0009776 102.0148 258.2184 15.22331093007015 | 2017/04/07-22:32:35   14.8072    0.1236  258.1088   94.5918     6876.9484     6870.2254     6883.6713 -91.324934  34.156258  -0.000144  -0.000967
1 42036U 17008CS  17099.91120997 +.00005356 +00000-0 +23499-3 0  9994 | 2 42036 097.5028 161.4621 0009804 096.4430 263.7923 15.22350946007316 | 2017/04/09-21:52:08    4.6679    0.1236  263.6806   94.5905     6876.8886     6870.1465     6883.6307 -92.443727  30.999249  -0.000205  -0.000959
1 42036U 17008CS  17101.88309551 +.00002714 +00000-0 +12057-3 0  9992 | 2 42036 097.5021 163.4300 0009748 090.6441 269.5912 15.22364304007618 | 2017/04/11-21:11:39  354.5224    0.1236  269.4795   94.5897     6876.8483     6870.1448     6883.5519 -93.453036  27.806288  -0.000267  -0.000937
1 42036U 17008CS  17103.92069688 +.00001973 +00000-0 +88511-4 0  9998 | 2 42036 097.5016 165.4637 0009733 084.7746 275.4600 15.22372983007929 | 2017/04/13-22:05:48    8.0343    0.1236  275.3490   94.5892     6876.8222     6870.1290     6883.5154 -94.380458  24.472251  -0.000329  -0.000916
1 42036U 17008CS  17105.89255841 +.00001388 +00000-0 +63164-4 0  9991 | 2 42036 097.5018 167.4316 0009651 078.9001 281.3320 15.22378884008220 | 2017/04/15-21:25:17  357.8826    0.1236  281.2235   94.5888     6876.8044     6870.1676     6883.4412 -95.165357  21.216876  -0.000387  -0.000884
1 42036U 17008CS  17106.94421466 +.00001415 +00000-0 +64331-4 0  9994 | 2 42036 097.5017 168.4812 0009620 075.8036 284.4268 15.22382469008387 | 2017/04/16-22:39:40   16.4675    0.1236  284.3200   94.5886     6876.7936     6870.1782     6883.4091 -95.537941  19.470062  -0.000417  -0.000867
1 42036U 17008CS  17108.91606286 +.00001723 +00000-0 +77632-4 0  9998 | 2 42036 097.5015 170.4492 0009534 070.0748 290.1514 15.22390948008685 | 2017/04/18-21:59:07    6.3126    0.1236  290.0488   94.5881     6876.7681     6870.2118     6883.3244 -96.150020  16.177645  -0.000469  -0.000830
1 42036U 17008CS  17110.88789080 +.00003331 +00000-0 +14711-3 0  9996 | 2 42036 097.5011 172.4173 0009398 064.6411 295.5798 15.22410836008988 | 2017/04/20-21:18:33  356.1514    0.1237  295.4826   94.5868     6876.7082     6870.2455     6883.1709 -96.648495  12.865962  -0.000511  -0.000789
1 42036U 17008CS  17112.92542795 +.00003584 +00000-0 +15798-3 0  9999 | 2 42036 097.5011 174.4506 0009314 058.4269 301.7875 15.22424575009296 | 2017/04/22-22:12:36    9.6462    0.1236  301.6967   94.5860     6876.6668     6870.2619     6883.0718 -97.044131   9.428741  -0.000562  -0.000743
1 42036U 17008CS  17114.89721868 +.00003579 +00000-0 +15770-3 0  9991 | 2 42036 097.5006 176.4185 0009170 052.4983 307.7085 15.22438413009590 | 2017/04/24-21:31:59  359.4741    0.1236  307.6253   94.5851     6876.6252     6870.3193     6882.9310 -97.310177   6.090694  -0.000603  -0.000691
1 42036U 17008CS  17116.86899348 +.00002516 +00000-0 +11178-3 0  9997 | 2 42036 097.5002 178.3862 0009004 046.5619 313.6365 15.22447898009892 | 2017/04/26-20:51:21  349.2972    0.1237  313.5618   94.5845     6876.5966     6870.4049     6882.7883 -97.461528   2.745840  -0.000637  -0.000636
1 42036U 17008CS  17117.92060168 +.00001817 +00000-0 +81578-4 0  9990 | 2 42036 097.4999 179.4357 0008916 043.3553 316.8383 15.22451222010051 | 2017/04/27-22:05:39    7.8680    0.1237  316.7684   94.5843     6876.5866     6870.4554     6882.7178 -97.495171   0.960251  -0.000654  -0.000606
1 42036U 17008CS  17119.82663467 +.00001794 +00000-0 +80546-4 0  9990 | 2 42036 097.5001 181.3379 0008752 037.0724 323.1115 15.22458343010347 | 2017/04/29-19:50:21  334.0260    0.1236  323.0512   94.5839     6876.5652     6870.5468     6882.5835 -97.473520  -2.276495  -0.000686  -0.000544
1 42036U 17008CS  17120.87823488 +.00001654 +00000-0 +74516-4 0  9993 | 2 42036 097.4999 182.3873 0008665 033.7340 326.4446 15.22462273010500 | 2017/04/30-21:04:39  352.5945    0.1237  326.3897   94.5836     6876.5533     6870.5948     6882.5119 -97.415279  -4.061279  -0.000700  -0.000511
1 42036U 17008CS  17121.92983282 +.00001586 +00000-0 +71562-4 0  9991 | 2 42036 097.4998 183.4367 0008565 030.3570 329.8160 15.22466027010664 | 2017/05/01-22:18:57   11.1625    0.1236  329.7666   94.5834     6876.5420     6870.6523     6882.4318 -97.324460  -5.844701  -0.000712  -0.000476
1 42036U 17008CS  17123.57295063 +.00001371 +00000-0 +62274-4 0  9999 | 2 42036 097.4996 185.0764 0008401 025.0927 335.0716 15.22470688010919 | 2017/05/03-13:45:02  242.6734    0.1237  335.0310   94.5831     6876.5280     6870.7510     6882.3050 -97.117167  -8.627157  -0.000726  -0.000422
1 42036U 17008CS  17124.88744182 +.00001150 +00000-0 +52723-4 0  9998 | 2 42036 097.4995 186.3881 0008270 020.8232 339.3339 15.22473393011115 | 2017/05/04-21:17:54  355.8814    0.1236  339.3004   94.5829     6876.5198     6870.8330     6882.2067 -96.894130 -10.848041  -0.000735  -0.000378
1 42036U 17008CS  17126.53055014 +.00001385 +00000-0 +62885-4 0  9991 | 2 42036 097.4993 188.0278 0008097 015.3842 344.7639 15.22479419011360 | 2017/05/06-12:43:59  227.3892    0.1237  344.7395   94.5826     6876.5017     6870.9338     6882.0696 -96.543848 -13.616125  -0.000743  -0.000322
1 42036U 17008CS  17127.91075664 +.00001737 +00000-0 +78037-4 0  9994 | 2 42036 097.4991 189.4051 0007953 010.6393 349.5010 15.22484884011572 | 2017/05/07-21:51:29    4.2544    0.1237  349.4844   94.5822     6876.4852     6871.0164     6881.9541 -96.188480 -15.932696  -0.000747  -0.000273
1 42036U 17008CS  17129.55385084 +.00002294 +00000-0 +10207-3 0  9999 | 2 42036 097.4989 191.0446 0007743 005.1119 355.0195 15.22494266011827 | 2017/05/09-13:17:32  235.7572    0.1237  355.0118   94.5816     6876.4570     6871.1325     6881.7814 -95.693060 -18.678162  -0.000744  -0.000215
1 42036U 17008CS  17130.86832086 +.00002404 +00000-0 +10680-3 0  9992 | 2 42036 097.4986 192.3562 0007596 000.5150 359.6093 15.22500772012027 | 2017/05/10-20:50:22  348.9575    0.1237  359.6087   94.5812     6876.4374     6871.2141     6881.6607 -95.240157 -20.863593  -0.000741  -0.000169
1 42036U 17008CS  17132.51140097 +.00002157 +00000-0 +96119-4 0  9997 | 2 42036 097.4982 193.9957 0007423 354.5455 005.5699 15.22507324012273 | 2017/05/12-12:16:25  220.4553    0.1237    5.5782   94.5808     6876.4177     6871.3133     6881.5220 -94.603857 -23.579849  -0.000734  -0.000110
1 42036U 17008CS  17133.56296861 +.00001976 +00000-0 +88300-4 0  9995 | 2 42036 097.4980 195.0450 0007309 350.5386 009.5711 15.22511147012439 | 2017/05/13-13:30:40  239.0125    0.1236    9.5850   94.5806     6876.4062     6871.3802     6881.4321 -94.155988 -25.308297  -0.000727  -0.000071
1 42036U 17008CS  17134.94314675 +.00001945 +00000-0 +86976-4 0  9995 | 2 42036 097.4983 196.4221 0007217 345.3205 014.7820 15.22516699012642 | 2017/05/14-22:38:07   15.8671    0.1236   14.8031   94.5802     6876.3894     6871.4268     6881.3521 -93.520857 -27.563887  -0.000721  -0.000022
1 42036U 17008CS  17136.58620950 +.00002629 +00000-0 +11642-3 0  9990 | 2 42036 097.4976 198.0617 0007014 339.1347 020.9602 15.22525433012894 | 2017/05/16-14:04:08  247.3572    0.1237   20.9890   94.5797     6876.3631     6871.5401     6881.1862 -92.693230 -30.228251  -0.000701   0.000034
1 42036U 17008CS  17137.90065272 +.00002951 +00000-0 +13029-3 0  9996 | 2 42036 097.4976 199.3733 0006895 333.8130 026.2756 15.22532628013090 | 2017/05/17-21:36:56    0.5470    0.1236   26.3106   94.5793     6876.3415     6871.6002     6881.0827 -91.977027 -32.342055  -0.000685   0.000082
1 42036U 17008CS  17139.54369734 +.00003405 +00000-0 +14981-3 0  9991 | 2 42036 097.4978 201.0126 0006755 327.2092 032.8724 15.22543384013345 | 2017/05/19-13:02:55  232.0302    0.1236   32.9144   94.5786     6876.3091     6871.6641     6880.9540 -91.014352 -34.960103  -0.000661   0.000138
1 42036U 17008CS  17140.59523935 +.00004662 +00000-0 +20387-3 0  9996 | 2 42036 097.4979 202.0618 0006665 323.0234 037.0542 15.22552810013502 | 2017/05/20-14:17:08  250.5766    0.1237   37.1003   94.5780     6876.2807     6871.6977     6880.8638 -90.359032 -36.620840  -0.000644   0.000172
1 42036U 17008CS  17141.90965888 +.00003947 +00000-0 +17306-3 0  9991 | 2 42036 097.4979 203.3734 0006560 317.3204 042.7522 15.22561134013704 | 2017/05/21-21:49:54    3.7566    0.1237   42.8033   94.5775     6876.2557     6871.7448     6880.7665 -89.497116 -38.679540  -0.000619   0.000217
1 42036U 17008CS  17143.55266970 +.00002965 +00000-0 +13072-3 0  9995 | 2 42036 097.4978 205.0127 0006466 310.1572 049.9098 15.22572993013951 | 2017/05/23-13:15:50  235.2262    0.1237   49.9665   94.5767     6876.2199     6871.7738     6880.6661 -88.353880 -41.223936  -0.000587   0.000272
1 42036U 17008CS  17144.60419091 +.00002914 +00000-0 +12852-3 0  9995 | 2 42036 097.4976 206.0620 0006398 305.6320 054.4320 15.22580002014110 | 2017/05/24-14:30:02  253.7640    0.1237   54.4917   94.5763     6876.1988     6871.7995     6880.5982 -87.583962 -42.834935  -0.000563   0.000303
1 42036U 17008CS  17145.91858693 +.00003006 +00000-0 +13244-3 0  9994 | 2 42036 097.4973 207.3736 0006344 299.9419 060.1187 15.22587824014310 | 2017/05/25-22:02:45    6.9339    0.1237   60.1818   94.5758     6876.1753     6871.8130     6880.5375 -86.580268 -44.828348  -0.000534   0.000343
1 42036U 17008CS  17147.56157355 +.00002909 +00000-0 +12824-3 0  9998 | 2 42036 097.4969 209.0130 0006295 292.5542 067.5028 15.22596579014562 | 2017/05/27-13:28:39  238.3927    0.1237   67.5695   94.5753     6876.1489     6871.8204     6880.4775 -85.261983 -47.286782  -0.000493   0.000391
1 42036U 17008CS  17148.94167029 +.00004717 +00000-0 +20592-3 0  9990 | 2 42036 097.4964 210.3902 0006254 286.4256 073.6293 15.22611293014774 | 2017/05/28-22:36:00   15.2127    0.1237   73.6981   94.5744     6876.1046     6871.8043     6880.4050 -84.100415 -49.322086  -0.000456   0.000428
1 42036U 17008CS  17150.51890493 +.00004250 +00000-0 +18574-3 0  9993 | 2 42036 097.4962 211.9639 0006232 279.2649 080.7882 15.22629557015011 | 2017/05/30-12:27:13  222.9999    0.1236   80.8587   94.5732     6876.0497     6871.7645     6880.3348 -82.714003 -51.613010  -0.000411   0.000469
1 42036U 17008CS  17151.89897554 +.00002651 +00000-0 +11700-3 0  9997 | 2 42036 097.4965 213.3410 0006245 273.1735 086.8786 15.22635946015222 | 2017/05/31-21:34:31  359.8094    0.1236   86.9501   94.5728     6876.0304     6871.7363     6880.3245 -81.449968 -53.586101  -0.000372   0.000502
1 42036U 17008CS  17153.21332212 +.00002499 +00000-0 +11046-3 0  9993 | 2 42036 097.4966 214.6525 0006281 267.3237 092.7280 15.22644158015428 | 2017/06/02-05:07:11  112.9586    0.1236   92.7999   94.5723     6876.0057     6871.6869     6880.3245 -80.202235 -55.436347  -0.000333   0.000533
1 42036U 17008CS  17154.52766422 +.00002381 +00000-0 +10537-3 0  9996 | 2 42036 097.4967 215.9639 0006290 261.3096 098.7427 15.22650236015621 | 2017/06/03-12:39:50  226.1052    0.1235   98.8139   94.5719     6875.9874     6871.6624     6880.3124 -78.912579 -57.257414  -0.000288   0.000559
1 42036U 17008CS  17155.90771704 +.00002657 +00000-0 +11719-3 0  9997 | 2 42036 097.4967 217.3409 0006346 255.1636 104.8898 15.22657645015830 | 2017/06/04-21:47:06    2.9064    0.1237  104.9601   94.5715     6875.9651     6871.6016     6880.3286 -77.513845 -59.137217  -0.000243   0.000586
1 42036U 17008CS  17157.41919663 +.00002327 +00000-0 +10298-3 0  9998 | 2 42036 097.4968 218.8490 0006430 248.6271 111.4279 15.22664527016063 | 2017/06/06-10:03:38  187.0191    0.1236  111.4965   94.5711     6875.9444     6871.5231     6880.3656 -75.930683 -61.156826  -0.000193   0.000613
1 42036U 17008CS  17158.93066913 +.00002353 +00000-0 +10411-3 0  9993 | 2 42036 097.4966 220.3572 0006501 242.0641 117.9938 15.22671984016291 | 2017/06/07-22:20:09   11.1279    0.1237  118.0596   94.5706     6875.9219     6871.4519     6880.3920 -74.294578 -63.134006  -0.000140   0.000635
1 42036U 17008CS  17160.90214522 +.00002126 +00000-0 +94316-4 0  9999 | 2 42036 097.4961 222.3242 0006638 233.7154 126.3469 15.22680240016590 | 2017/06/09-21:39:05    0.8311    0.1235  126.4081   94.5701     6875.8971     6871.3328     6880.4613 -72.083427 -65.646547  -0.000070   0.000660
1 42036U 17008CS  17162.61074940 +.00002211 +00000-0 +97927-4 0  9993 | 2 42036 097.4958 224.0291 0006769 226.6421 133.4252 15.22687986016854 | 2017/06/11-14:39:28  255.9028    0.1236  133.4815   94.5696     6875.8738     6871.2195     6880.5280 -70.098203 -67.761885  -0.000008   0.000677
1 42036U 17008CS  17163.85933874 +.00002865 +00000-0 +12596-3 0  9993 | 2 42036 097.4956 225.2750 0006866 221.5160 138.5556 15.22695650017049 | 2017/06/12-20:37:26  345.3754    0.1236  138.6076   94.5691     6875.8507     6871.1297     6880.5716 -68.608120 -69.269892   0.000038   0.000686
1 42036U 17008CS  17164.91077767 +.00002974 +00000-0 +13064-3 0  9993 | 2 42036 097.4954 226.3240 0006960 217.4078 142.6675 15.22701515017204 | 2017/06/13-21:51:31    3.8771    0.1236  142.7158   94.5688     6875.8330     6871.0474     6880.6186 -67.328326 -70.514180   0.000076   0.000692
1 42036U 17008CS  17166.42222574  .00002353  00000-0  10099-3 0  9995 | 2 42036  97.4946 227.8307 0007515 217.9309 142.2065 15.22706054196855 | 2017/06/15-10:08:00  187.9193    0.1901  142.2592   94.5685     6875.8194     6870.6522     6880.9865 -65.450422 -72.259528   0.000056   0.000749
1 42036U 17008CS  17167.60507432 +.00002422 +00000-0 +10690-3 0  9999 | 2 42036 097.4954 229.0123 0007218 206.9713 153.1149 15.22714025017618 | 2017/06/16-14:31:18  253.7803    0.1236  153.1523   94.5680     6875.7954     6870.8324     6880.7583 -63.946940 -73.594442   0.000175   0.000700
1 42036U 17008CS  17169.57649385 +.00003461 +00000-0 +15137-3 0  9996 | 2 42036 097.4956 230.9792 0007433 199.5264 160.5688 15.22727371017911 | 2017/06/18-13:50:09  243.4585    0.1235  160.5971   94.5672     6875.7552     6870.6444     6880.8659 -61.383471 -75.746033   0.000248   0.000701
1 42036U 17008CS  17170.89076378 +.00002928 +00000-0 +12851-3 0  9996 | 2 42036 097.4957 232.2905 0007572 194.8764 165.2251 15.22734899018114 | 2017/06/19-21:22:41  356.5735    0.1236  165.2472   94.5667     6875.7325     6870.5262     6880.9388 -59.634046 -77.131006   0.000294   0.000698
1 42036U 17008CS  17171.94217551 +.00002528 +00000-0 +11135-3 0  9993 | 2 42036 097.4957 233.3397 0007689 191.0596 169.0472 15.22740292018270 | 2017/06/20-22:36:43   15.0636    0.1235  169.0639   94.5664     6875.7163     6870.4296     6881.0030 -58.211705 -78.210031   0.000332   0.000693
1 42036U 17008CS  17173.58499941 +.00002513 +00000-0 +11068-3 0  9999 | 2 42036 097.4956 234.9788 0007868 185.1800 174.9356 15.22748827018527 | 2017/06/22-14:02:23  246.4515    0.1236  174.9436   94.5658     6875.6906     6870.2808     6881.1004 -55.950725 -79.843023   0.000392   0.000682
1 42036U 17008CS  17174.89925218 +.00002513 +00000-0 +11065-3 0  9992 | 2 42036 097.4953 236.2901 0008008 180.7754 179.3471 15.22755262018722 | 2017/06/23-21:34:55  359.5597    0.1235  179.3481   94.5654     6875.6712     6870.1652     6881.1773 -54.108738 -81.102269   0.000435   0.000672
1 42036U 17008CS  17176.14778727 +.00002475 +00000-0 +10899-3 0  9994 | 2 42036 097.4951 237.5360 0008137 176.6017 183.5276 15.22761426018912 | 2017/06/25-03:32:48   89.0102    0.1236  183.5219   94.5650     6875.6527     6870.0580     6881.2474 -52.332404 -82.259431   0.000477   0.000659
1 42036U 17008CS  17177.26489279 +.00002625 +00000-0 +11542-3 0  9992 | 2 42036 097.4949 238.6507 0008253 172.7490 187.3867 15.22767703019086 | 2017/06/26-06:21:26  131.1482    0.1236  187.3746   94.5647     6875.6338     6869.9593     6881.3082 -50.722125 -83.261765   0.000515   0.000645
1 42036U 17008CS  17178.90768754 +.00002225 +00000-0 +98286-4 0  9999 | 2 42036 097.4946 240.2899 0008435 167.3894 192.7555 15.22774927019334 | 2017/06/27-21:47:04    2.5251    0.1236  192.7342   94.5642     6875.6120     6869.8125     6881.4116 -48.319472 -84.678366   0.000568   0.000624
1 42036U 17008CS  17180.61618591 +.00002048 +00000-0 +90681-4 0  9997 | 2 42036 097.4945 241.9945 0008616 161.8931 198.2614 15.22782505019591 | 2017/06/29-14:47:18  257.5543    0.1236  198.2305   94.5637     6875.5892     6869.6652     6881.5132 -45.779158 -86.078140   0.000621   0.000597
1 42036U 17008CS  17181.93041133 +.00001832 +00000-0 +81426-4 0  9992 | 2 42036 097.4949 243.3057 0008690 157.7179 202.4437 15.22786282019794 | 2017/06/30-22:19:47   10.6525    0.1236  202.4057   94.5635     6875.5779     6869.6030     6881.5527 -43.797646 -87.103512   0.000656   0.000570
1 42036U 17008CS  17183.57318686 +.00001864 +00000-0 +82760-4 0  9991 | 2 42036 097.4949 244.9448 0008847 152.6016 207.5689 15.22793222020040 | 2017/07/02-13:45:23  242.0229    0.1236  207.5220   94.5631     6875.5570     6869.4742     6881.6398 -41.288234 -88.320650   0.000701   0.000539
1 42036U 17008CS  17184.88740503 +.00001345 +00000-0 +60582-4 0  9995 | 2 42036 097.4948 246.2561 0008973 148.4826 211.6949 15.22794719020241 | 2017/07/03-21:17:51  355.1185    0.1235  211.6409   94.5630     6875.5525     6869.3830     6881.7219 -39.256207 -89.242290   0.000737   0.000511
1 42036U 17008CS  17185.93877787 +.00001119 +00000-0 +50922-4 0  9993 | 2 42036 097.4948 247.3050 0009064 145.2393 214.9437 15.22796070020400 | 2017/07/04-22:31:50   13.5946    0.1236  214.8843   94.5629     6875.5484     6869.3164     6881.7804 -37.615983 -89.945949   0.000764   0.000488
1 42036U 17008CS  17187.51583392 +.00000887 +00000-0 +40996-4 0  9996 | 2 42036 097.4947 248.8785 0009204 140.4639 219.7271 15.22798723020648 | 2017/07/06-12:22:48  221.3077    0.1237  219.6598   94.5627     6875.5404     6869.2122     6881.8687 -35.131910 -90.944848   0.000802   0.000451
1 42036U 17008CS  17188.56720255 +.00000952 +00000-0 +43757-4 0  9994 | 2 42036 097.4947 249.9275 0009281 137.2737 222.9223 15.22801343020806 | 2017/07/07-13:36:46  239.7827    0.1236  222.8499   94.5626     6875.5325     6869.1513     6881.9137 -33.461051 -91.572783   0.000825   0.000424
1 42036U 17008CS  17189.61856871 +.00001223 +00000-0 +55325-4 0  9991 | 2 42036 097.4946 250.9764 0009346 134.0518 226.1489 15.22805212020960 | 2017/07/08-14:50:44  258.2572    0.1235  226.0717   94.5623     6875.5209     6869.0950     6881.9467 -31.779104 -92.169873   0.000847   0.000395
1 42036U 17008CS  17190.93277241 +.00001746 +00000-0 +77674-4 0  9997 | 2 42036 097.4945 252.2876 0009424 130.1355 230.0709 15.22811367021161 | 2017/07/09-22:23:11   11.3490    0.1237  229.9882   94.5619     6875.5023     6869.0229     6881.9818 -29.661652 -92.872838   0.000871   0.000359
1 42036U 17008CS  17192.11555288 +.00001800 +00000-0 +79982-4 0  9994 | 2 42036 097.4943 253.4676 0009492 126.6726 233.5384 15.22815502021349 | 2017/07/11-02:46:23   77.1311    0.1236  233.4510   94.5617     6875.4899     6868.9637     6882.0161 -27.742734 -93.463786   0.000891   0.000327
1 42036U 17008CS  17193.16691148 +.00001515 +00000-0 +67769-4 0  9999 | 2 42036 097.4942 254.5165 0009550 123.5775 236.6374 15.22817271021504 | 2017/07/12-04:00:21   95.6037    0.1236  236.5461   94.5616     6875.4846     6868.9185     6882.0507 -26.027135 -93.955879   0.000908   0.000297
1 42036U 17008CS  17194.61252446 +.00001707 +00000-0 +75976-4 0  9996 | 2 42036 097.4941 255.9587 0009623 119.3114 240.9085 15.22822967021726 | 2017/07/13-14:42:02  256.0020    0.1236  240.8122   94.5612     6875.4674     6868.8512     6882.0837 -23.654140 -94.581083   0.000928   0.000253
1 42036U 17008CS  17195.92671364 +.00001792 +00000-0 +79577-4 0  9990 | 2 42036 097.4940 257.2699 0009671 115.4374 244.7865 15.22827727021921 | 2017/07/14-22:14:28    9.0903    0.1237  244.6863   94.5609     6875.4531     6868.8039     6882.1024 -21.483648 -95.097492   0.000943   0.000213
1 42036U 17008CS  17197.56944633 +.00001799 +00000-0 +79873-4 0  9990 | 2 42036 097.4939 258.9088 0009723 110.6506 249.5773 15.22833338022175 | 2017/07/16-13:40:00  240.4503    0.1235  249.4729   94.5606     6875.4362     6868.7512     6882.1212 -18.755023 -95.672931   0.000959   0.000161
1 42036U 17008CS  17198.88362469 +.00001845 +00000-0 +81818-4 0  9991 | 2 42036 097.4938 260.2199 0009755 106.8403 253.3904 15.22838963022371 | 2017/07/17-21:12:25  353.5359    0.1236  253.2833   94.5602     6875.4193     6868.7123     6882.1263 -16.561002 -96.076918   0.000968   0.000120
1 42036U 17008CS  17199.93496753 +.00001929 +00000-0 +85417-4 0  9994 | 2 42036 097.4938 261.2688 0009811 103.9901 256.2427 15.22841875022535 | 2017/07/18-22:26:21   12.0046    0.1236  256.1335   94.5600     6875.4105     6868.6651     6882.1560 -14.799469 -96.363981   0.000977   0.000090
1 42036U 17008CS  17201.44626620 +.00001446 +00000-0 +64773-4 0  9998 | 2 42036 097.4937 262.7766 0009794 099.5490 260.6853 15.22844798022764 | 2017/07/20-10:42:37  196.0524    0.1236  260.5746   94.5599     6875.4017     6868.6680     6882.1355 -12.258703 -96.719935   0.000979   0.000040
1 42036U 17008CS  17202.89185120 +.00001564 +00000-0 +69809-4 0  9999 | 2 42036 097.4936 264.2187 0009804 095.2929 264.9426 15.22850258022984 | 2017/07/21-21:24:15  356.4446    0.1236  264.8307   94.5595     6875.3853     6868.6447     6882.1259  -9.820685 -96.997712   0.000980  -0.000008
1 42036U 17008CS  17203.94318254 +.00001565 +00000-0 +69848-4 0  9996 | 2 42036 097.4935 265.2675 0009803 092.2140 268.0219 15.22854083023141 | 2017/07/22-22:38:10   14.9109    0.1236  267.9096   94.5593     6875.3738     6868.6338     6882.1137  -8.043586 -97.161120   0.000979  -0.000043
1 42036U 17008CS  17205.52017599 +.00001397 +00000-0 +62676-4 0  9995 | 2 42036 097.4935 266.8408 0009784 087.7337 272.5019 15.22858483023389 | 2017/07/24-12:29:03  222.6099    0.1236  272.3899   94.5590     6875.3605     6868.6337     6882.0874  -5.372916 -97.345335   0.000974  -0.000093
1 42036U 17008CS  17206.57150286 +.00001073 +00000-0 +48825-4 0  9993 | 2 42036 097.4933 267.8896 0009764 084.8077 275.4273 15.22860128023547 | 2017/07/25-13:42:57  241.0756    0.1236  275.3159   94.5589     6875.3556     6868.6425     6882.0687  -3.590201 -97.427173   0.000968  -0.000124
1 42036U 17008CS  17207.88565910 +.00000955 +00000-0 +43811-4 0  9990 | 2 42036 097.4932 269.2007 0009740 081.0061 279.2278 15.22862836023749 | 2017/07/26-21:15:20  354.1571    0.1237  279.1176   94.5587     6875.3474     6868.6508     6882.0440  -1.360027 -97.483713   0.000960  -0.000166
1 42036U 17008CS  17209.92259530 +.00000996 +00000-0 +45531-4 0  9991 | 2 42036 097.4929 271.2326 0009675 075.0544 285.1762 15.22868063024055 | 2017/07/28-22:08:32    7.4333    0.1236  285.0692   94.5584     6875.3317     6868.6798     6881.9836   2.097196 -97.470341   0.000940  -0.000229
1 42036U 17008CS  17211.89381883 +.00000965 +00000-0 +44198-4 0  9991 | 2 42036 097.4928 273.1991 0009594 069.3315 290.8949 15.22872182024355 | 2017/07/30-21:27:05  357.0544    0.1236  290.7921   94.5582     6875.3193     6868.7231     6881.9155   5.440666 -97.340871   0.000915  -0.000288
1 42036U 17008CS  17213.60220620 +.00001208 +00000-0 +54557-4 0  9994 | 2 42036 097.4927 274.9033 0009513 064.3231 295.8986 15.22877619024618 | 2017/08/01-14:27:10  252.0582    0.1236  295.8005   94.5578     6875.3029     6868.7625     6881.8434   8.333121 -97.135913   0.000889  -0.000337
1 42036U 17008CS  17214.91634793 +.00001303 +00000-0 +58623-4 0  9993 | 2 42036 097.4927 276.2142 0009431 060.4681 299.7494 15.22880968024819 | 2017/08/02-21:59:32    5.1378    0.1236  299.6555   94.5576     6875.2929     6868.8088     6881.7769  10.553169 -96.919849   0.000866  -0.000373
1 42036U 17008CS  17216.42760573 +.00001489 +00000-0 +66542-4 0  9991 | 2 42036 097.4926 277.7217 0009334 055.8971 304.3150 15.22886463025043 | 2017/08/04-10:15:45  189.1781    0.1237  304.2266   94.5573     6875.2763     6868.8589     6881.6937  13.099252 -96.608574   0.000836  -0.000415
1 42036U 17008CS  17217.61032457 +.00001747 +00000-0 +77523-4 0  9994 | 2 42036 097.4925 278.9015 0009256 052.3045 307.9029 15.22891579025226 | 2017/08/05-14:38:52  254.9475    0.1236  307.8191   94.5570     6875.2609     6868.8972     6881.6247  15.085624 -96.318282   0.000811  -0.000446
1 42036U 17008CS  17218.85874752 +.00001576 +00000-0 +70227-4 0  9997 | 2 42036 097.4924 280.1468 0009153 048.5473 311.6548 15.22894584025418 | 2017/08/06-20:36:35  344.3703    0.1237  311.5764   94.5568     6875.2519     6868.9590     6881.5448  17.175316 -95.967581   0.000782  -0.000476
1 42036U 17008CS  17219.91004724 +.00001712 +00000-0 +76015-4 0  9992 | 2 42036 097.4921 281.1956 0009073 045.6181 314.5797 15.22899691025572 | 2017/08/07-21:50:28    2.8299    0.1237  314.5056   94.5565     6875.2365     6868.9986     6881.4744  18.928970 -95.636832   0.000759  -0.000497
1 42036U 17008CS  17221.22416910 +.00001435 +00000-0 +64220-4 0  9990 | 2 42036 097.4920 282.5063 0008969 041.2798 318.9115 15.22902457025773 | 2017/08/09-05:22:48  115.9048    0.1237  318.8439   94.5563     6875.2282     6869.0618     6881.3946  21.111596 -95.178730   0.000724  -0.000530
1 42036U 17008CS  17222.60399412 +.00001256 +00000-0 +56582-4 0  9993 | 2 42036 097.4919 283.8827 0008848 036.9740 323.2105 15.22905810025984 | 2017/08/10-14:29:45  252.6322    0.1237  323.1497   94.5561     6875.2181     6869.1349     6881.3013  23.391712 -94.644061   0.000686  -0.000559
1 42036U 17008CS  17223.78669903  .00001007  00000-0  45954-4 0  9993 | 2 42036  97.4917 285.0624 0008731  33.2498 326.9285 15.22908009 26165 | 2017/08/11-18:52:50  318.3982    0.1237  326.8739   94.5559     6875.2115     6869.2087     6881.2142  25.335253 -94.142214   0.000652  -0.000581
1 42036U 17008CS  17224.83799054  .00001014  00000-0  46272-4 0  9993 | 2 42036  97.4916 286.1110 0008622  29.9138 330.2589 15.22910526 26328 | 2017/08/12-20:06:42  336.8564    0.1236  330.2098   94.5558     6875.2039     6869.2761     6881.1317  27.053832 -93.662705   0.000620  -0.000599
1 42036U 17008CS  17225.88928066 +.00001003 +00000-0 +45801-4 0  9991 | 2 42036 097.4915 287.1596 0008525 026.5502 333.6169 15.22912655026489 | 2017/08/13-21:20:33  355.3140    0.1236  333.5734   94.5557     6875.1975     6869.3364     6881.0586  28.763346 -93.151825   0.000589  -0.000616
1 42036U 17008CS  17226.94056831 +.00001616 +00000-0 +71925-4 0  9997 | 2 42036 097.4914 288.2081 0008429 023.0106 337.1507 15.22917068026640 | 2017/08/14-22:34:25   13.7711    0.1238  337.1132   94.5554     6875.1842     6869.3891     6880.9793  30.463061 -92.609800   0.000555  -0.000634
1 42036U 17008CS  17228.78031617  .00001837  00000-0  81300-4 0  9999 | 2 42036  97.4913 290.0431 0008233  16.9435 343.2075 15.22924219 26923 | 2017/08/16-18:43:39  316.0690    0.1237  343.1802   94.5549     6875.1627     6869.5024     6880.8230  33.412893 -91.586747   0.000495  -0.000658
1 42036U 17008CS  17229.83159769  .00001628  00000-0  72414-4 0  9999 | 2 42036  97.4912 291.0917 0008124  13.4074 346.7377 15.22926669 27084 | 2017/08/17-19:57:30  334.5238    0.1237  346.7163   94.5548     6875.1553     6869.5699     6880.7407  35.083345 -90.959843   0.000460  -0.000670
1 42036U 17008CS  17230.94858139 +.00001600 +00000-0 +71200-4 0  9992 | 2 42036 097.4911 292.2057 0008006 009.5733 350.5655 15.22930282027255 | 2017/08/18-22:45:57   16.6312    0.1237  350.5504   94.5546     6875.1444     6869.6402     6880.6487  36.845094 -90.260477   0.000422  -0.000681
1 42036U 17008CS  17232.26267640 +.00002760 +00000-0 +12057-3 0  9992 | 2 42036 097.4912 293.5164 0007841 005.1873 354.9444 15.22937652027456 | 2017/08/20-06:18:15  129.6970    0.1238  354.9365   94.5541     6875.1223     6869.7315     6880.5130  38.900114 -89.394156   0.000377  -0.000688
1 42036U 17008CS  17233.44535639 +.00002494 +00000-0 +10927-3 0  9997 | 2 42036 097.4910 294.6960 0007717 001.0092 359.1159 15.22942421027630 | 2017/08/21-10:41:18  195.4545    0.1237  359.1145   94.5538     6875.1079     6869.8024     6880.4134  40.732095 -88.574215   0.000335  -0.000695
1 42036U 17008CS  17234.69373571 +.00002853 +00000-0 +12451-3 0  9993 | 2 42036 097.4906 295.9411 0007583 356.4582 003.6600 15.22949595027824 | 2017/08/22-16:38:58  284.8633    0.1238    3.6656   94.5534     6875.0863     6869.8729     6880.2997  42.646966 -87.667858   0.000289  -0.000701
1 42036U 17008CS  17235.87640400 +.00003403 +00000-0 +14789-3 0  9990 | 2 42036 097.4901 297.1209 0007450 352.1256 007.9862 15.22958421028008 | 2017/08/23-21:02:01  350.6162    0.1237    7.9981   94.5528     6875.0598     6869.9378     6880.1817  44.442773 -86.770730   0.000246  -0.000703
1 42036U 17008CS  17236.92765893 +.00003748 +00000-0 +16253-3 0  9991 | 2 42036 097.4898 298.1693 0007341 348.2850 011.8214 15.22966772028166 | 2017/08/24-22:15:49    9.0612    0.1236   11.8386   94.5523     6875.0346     6869.9877     6880.0816  46.022837 -85.942769   0.000208  -0.000704
1 42036U 17008CS  17238.17601888  .00002164  00000-0  95113-4 0  9997 | 2 42036  97.4897 299.4141 0007214 343.3626  16.7373 15.22970822 28355 | 2017/08/26-04:13:28   98.4629    0.1237   16.7611   94.5520     6875.0224     6870.0628     6879.9821  47.878960 -84.922593   0.000160  -0.000704
1 42036U 17008CS  17239.42437425  .00002095  00000-0  92177-4 0  9990 | 2 42036  97.4896 300.6591 0007105 338.4465  21.6471 15.22977046 28543 | 2017/08/27-10:11:05  187.8626    0.1237   21.6772   94.5517     6875.0037     6870.1190     6879.8884  49.712773 -83.862162   0.000112  -0.000702
1 42036U 17008CS  17240.60702416  .00002186  00000-0  96053-4 0  9995 | 2 42036  97.4899 301.8384 0007059 333.8435  26.2444 15.22981710 28727 | 2017/08/28-14:34:06  253.6086    0.1237   26.2802   94.5514     6874.9897     6870.1366     6879.8427  51.428387 -82.821505   0.000070  -0.000702
1 42036U 17008CS  17241.72396729  .00001984  00000-0  87437-4 0  9996 | 2 42036  97.4898 302.9523 0006948 329.3870  30.6961 15.22986000 28890 | 2017/08/29-17:22:30  295.6999    0.1238   30.7368   94.5511     6874.9768     6870.2000     6879.7535  53.028664 -81.806002   0.000028  -0.000694
1 42036U 17008CS  17242.77520431  .00003096  00000-0  13469-3 0  9990 | 2 42036  97.4896 304.0007 0006822 325.1533  34.9256 15.22993500 29055 | 2017/08/30-18:36:17  314.1372    0.1237   34.9704   94.5506     6874.9542     6870.2641     6879.6443  54.516480 -80.821875  -0.000010  -0.000682
1 42036U 17008CS  17243.82643656  .00004420  00000-0  19092-3 0  9992 | 2 42036  97.4897 305.0490 0006739 320.7368  39.3379 15.23003070 29215 | 2017/08/31-19:50:04  332.5729    0.1237   39.3869   94.5500     6874.9254     6870.2924     6879.5584  55.986070 -79.811036  -0.000050  -0.000672
1 42036U 17008CS  17244.94336558 +.00003576 +00000-0 +15506-3 0  9993 | 2 42036 097.4898 306.1629 0006657 316.1168 043.9538 15.23007898029386 | 2017/09/01-22:38:26   14.6584    0.1236   44.0068   94.5497     6874.9109     6870.3342     6879.4875  57.527076 -78.707666  -0.000089  -0.000660
1 42036U 17008CS  17246.38879470  .00003197  00000-0  13889-3 0  9999 | 2 42036  97.4897 307.6044 0006556 309.9089  50.1571 15.23016991 29608 | 2017/09/03-09:19:51  175.0007    0.1237   50.2148   94.5492     6874.8835     6870.3763     6879.3907  59.488800 -77.235511  -0.000142  -0.000640
1 42036U 17008CS  17247.44001024 +.00003635 +00000-0 +15746-3 0  9990 | 2 42036 097.4895 308.6528 0006487 305.2366 054.8263 15.23024755029767 | 2017/09/04-10:33:36  193.4291    0.1237   54.8871   94.5487     6874.8601     6870.4004     6879.3198  60.891896 -76.133958  -0.000180  -0.000623
1 42036U 17008CS  17248.75401923  .00004013  00000-0  17345-3 0  9995 | 2 42036  97.4892 309.9633 0006447 299.7495  60.3100 15.23037409 29965 | 2017/09/05-18:05:47  306.4604    0.1237   60.3742   94.5479     6874.8220     6870.3898     6879.2542  62.617001 -74.721184  -0.000224  -0.000605
1 42036U 17008CS  17249.80521824  .00004987  00000-0  21471-3 0  9990 | 2 42036  97.4888 311.0118 0006429 295.0007  65.0561 15.23049620 30121 | 2017/09/06-19:19:30  324.8823    0.1236   65.1229   94.5471     6874.7853     6870.3655     6879.2051  63.973559 -73.562558  -0.000261  -0.000587
1 42036U 17008CS  17250.92210956 +.00005947 +00000-0 +25534-3 0  9997 | 2 42036 097.4884 312.1256 0006383 290.1509 069.9040 15.23062969030298 | 2017/09/07-22:07:50    6.9522    0.1236   69.9727   94.5463     6874.7451     6870.3570     6879.1333  65.391131 -72.304828  -0.000297  -0.000565
1 42036U 17008CS  17252.17038163  .00009214  00000-0  39348-3 0  9993 | 2 42036  97.4879 313.3705 0006345 284.6542  75.3991 15.23089961 30485 | 2017/09/09-04:05:20   96.3172    0.1237   75.4695   94.5446     6874.6639     6870.3019     6879.0259  66.946240 -70.866717  -0.000336  -0.000538
1 42036U 17008CS  17253.41863558  .00004836  00000-0  20797-3 0  9998 | 2 42036  97.4875 314.6152 0006366 279.0931  80.9585 15.23104997 30673 | 2017/09/10-10:02:50  185.6759    0.1237   81.0306   94.5437     6874.6187     6870.2423     6878.9950  68.469558 -69.395477  -0.000377  -0.000513
1 42036U 17008CS  17254.46979088  .00005000  00000-0  21489-3 0  9993 | 2 42036  97.4876 315.6634 0006379 274.5049  85.5459 15.23114677 30839 | 2017/09/11-11:16:29  204.0805    0.1237   85.6188   94.5431     6874.5895     6870.2042     6878.9748  69.727659 -68.131385  -0.000409  -0.000490
1 42036U 17008CS  17255.58663934 +.00003606 +00000-0 +15580-3 0  9992 | 2 42036 097.4876 316.7770 0006394 269.5032 090.5472 15.23119820031001 | 2017/09/12-14:04:45  246.1336    0.1237   90.6205   94.5428     6874.5741     6870.1785     6878.9697  71.038607 -66.763377  -0.000442  -0.000462
1 42036U 17008CS  17256.83487479  .00003380  00000-0  14622-3 0  9994 | 2 42036  97.4876 318.0216 0006423 263.8400  96.2105 15.23126974 31194 | 2017/09/13-20:02:13  335.4840    0.1237   96.2837   94.5423     6874.5525     6870.1370     6878.9681  72.471992 -65.204620  -0.000478  -0.000429
1 42036U 17008CS  17257.88601447 +.00004547 +00000-0 +19554-3 0  9998 | 2 42036 097.4877 319.0697 0006452 259.3566 100.6944 15.23136971031351 | 2017/09/14-21:15:51  353.8817    0.1236  100.7670   94.5417     6874.5225     6870.0870     6878.9579  73.652651 -63.868135  -0.000505  -0.000401
1 42036U 17008CS  17258.93714967 +.00003491 +00000-0 +15085-3 0  9999 | 2 42036 097.4879 320.1178 0006480 254.6719 105.3802 15.23142052031519 | 2017/09/15-22:29:29   12.2772    0.1237  105.4518   94.5414     6874.5072     6870.0525     6878.9618  74.808743 -62.510340  -0.000532  -0.000370
1 42036U 17008CS  17260.44814553 +.00003815 +00000-0 +16450-3 0  9997 | 2 42036 097.4879 321.6246 0006554 247.9808 112.0733 15.23154493031742 | 2017/09/17-10:45:19  196.2162    0.1237  112.1429   94.5406     6874.4697     6869.9642     6878.9753  76.426621 -60.521584  -0.000570  -0.000324
1 42036U 17008CS  17261.82773964  .00003752  00000-0  16178-3 0  9997 | 2 42036  97.4871 322.9994 0006447 244.6697 115.3757 15.23164940 31952 | 2017/09/18-19:51:56  332.8638    0.1121  115.4424   94.5400     6874.4383     6870.0063     6878.8702  77.856045 -58.670017  -0.000571  -0.000299
1 42036U 17008CS  17262.94454889 +.00003146 +00000-0 +13610-3 0  9998 | 2 42036 097.4873 324.1142 0006719 237.6202 122.4384 15.23171880032125 | 2017/09/19-22:40:09   14.8879    0.1236  122.5034   94.5396     6874.4174     6869.7985     6879.0363  78.982937 -57.144285  -0.000624  -0.000249
1 42036U 17008CS  17264.58690520 +.00002860 +00000-0 +12400-3 0  9992 | 2 42036 097.4868 325.7520 0006840 230.6940 129.3691 15.23182052032370 | 2017/09/21-14:05:08  246.1127    0.1237  129.4297   94.5389     6874.3868     6869.6847     6879.0889  80.583505 -54.863239  -0.000656  -0.000194
1 42036U 17008CS  17265.76939635  .00002356  00000-0  10266-3 0  9994 | 2 42036  97.4863 326.9311 0006937 225.9441 134.1225 15.23187379 32550 | 2017/09/22-18:27:55  311.7924    0.1236  134.1795   94.5386     6874.3708     6869.6020     6879.1395  81.694983 -53.193124  -0.000676  -0.000155
1 42036U 17008CS  17266.82049573  .00002415  00000-0  10514-3 0  9997 | 2 42036  97.4859 327.9792 0007019 221.8476 138.2225 15.23193218 32716 | 2017/09/23-19:41:30  330.1726    0.1237  138.2761   94.5382     6874.3532     6869.5281     6879.1783  82.653973 -51.689666  -0.000692  -0.000120
1 42036U 17008CS  17267.93728462 +.00002900 +00000-0 +12558-3 0  9990 | 2 42036 097.4858 329.0926 0007130 217.3600 142.7141 15.23200372032885 | 2017/09/24-22:29:41   12.2000    0.1236  142.7636   94.5378     6874.3317     6869.4303     6879.2331  83.642677 -50.073783  -0.000708  -0.000080
1 42036U 17008CS  17269.44822509  .00004114  00000-0  17683-3 0  9998 | 2 42036  97.4855 330.5990 0007267 211.3429 148.7376 15.23212271 33118 | 2017/09/26-10:45:26  196.1150    0.1237  148.7808   94.5371     6874.2959     6869.3003     6879.2914  84.929879 -47.857480  -0.000726  -0.000025
1 42036U 17008CS  17270.56499967 +.00004622 +00000-0 +19821-3 0  9991 | 2 42036 097.4855 331.7124 0007377 207.2971 152.7879 15.23222350033288 | 2017/09/27-13:33:35  238.1367    0.1236  152.8265   94.5364     6874.2656     6869.1944     6879.3367  85.843775 -46.198149  -0.000738   0.000013
1 42036U 17008CS  17271.61607100 +.00008317 +00000-0 +35386-3 0  9997 | 2 42036 097.4856 332.7603 0007470 203.1990 156.8911 15.23240858033445 | 2017/09/28-14:47:08  256.5053    0.1237  156.9247   94.5353     6874.2099     6869.0748     6879.3449  86.674392 -44.620533  -0.000745   0.000053
1 42036U 17008CS  17272.86420237 +.00006729 +00000-0 +28676-3 0  9998 | 2 42036 097.4857 334.0048 0007596 198.8292 161.2664 15.23259288033631 | 2017/09/29-20:44:27  345.8129    0.1235  161.2943   94.5341     6874.1544     6868.9328     6879.3760  87.623147 -42.727578  -0.000754   0.000095
1 42036U 17008CS  17273.91524937 +.00006447 +00000-0 +27478-3 0  9993 | 2 42036 097.4859 335.0528 0007704 194.9790 165.1220 15.23273546033799 | 2017/09/30-21:57:57    4.1723    0.1236  165.1446   94.5333     6874.1115     6868.8157     6879.4074  88.390159 -41.117885  -0.000759   0.000133
1 42036U 17008CS  17275.55749355 +.00004046 +00000-0 +17355-3 0  9994 | 2 42036 097.4858 336.6903 0007850 189.2939 170.8153 15.23289044034043 | 2017/10/02-13:22:47  235.3532    0.1235  170.8296   94.5323     6874.0649     6868.6688     6879.4611  89.528951 -38.575227  -0.000762   0.000190
1 42036U 17008CS  17276.80558709 +.00004604 +00000-0 +19696-3 0  9994 | 2 42036 097.4856 337.9349 0007988 184.9305 175.1854 15.23302494034232 | 2017/10/03-19:20:02  324.6458    0.1236  175.1931   94.5315     6874.0245     6868.5335     6879.5154  90.345523 -36.621424  -0.000763   0.000235
1 42036U 17008CS  17277.92229488 +.00004385 +00000-0 +18766-3 0  9990 | 2 42036 097.4853 339.0484 0008118 181.0289 179.0933 15.23312578034401 | 2017/10/04-22:08:06    6.6415    0.1237  179.0948   94.5308     6873.9941     6868.4138     6879.5744  91.039847 -34.858715  -0.000763   0.000277
1 42036U 17008CS  17279.43311975  .00005719  00000-0  24365-3 0  9995 | 2 42036  97.4847 340.5550 0008267 176.0771 184.0532 15.23331680 34631 | 2017/10/06-10:23:41  190.5129    0.1236  184.0465   94.5296     6873.9366     6868.2540     6879.6193  91.924318 -32.452835  -0.000759   0.000328
1 42036U 17008CS  17280.81255754  .00004161  00000-0  17809-3 0  9996 | 2 42036  97.4842 341.9304 0008382 171.4033 188.7349 15.23341400 34847 | 2017/10/07-19:30:04  327.0868    0.1236  188.7203   94.5290     6873.9074     6868.1457     6879.6691  92.676322 -30.236875  -0.000749   0.000376
1 42036U 17008CS  17281.92923792 +.00003967 +00000-0 +16989-3 0  9994 | 2 42036 097.4837 343.0435 0008498 167.6765 192.4681 15.23349501035017 | 2017/10/08-22:18:06    9.0729    0.1236  192.4471   94.5285     6873.8830     6868.0416     6879.7245  93.245738 -28.430690  -0.000741   0.000416
1 42036U 17008CS  17283.17728585  .00003569  00000-0  15309-3 0  9999 | 2 42036  97.4836 344.2876 0008606 163.7440 196.4075 15.23357803 35202 | 2017/10/10-04:15:17   98.3493    0.1237  196.3797   94.5280     6873.8581     6867.9424     6879.7737  93.840946 -26.399415  -0.000730   0.000456
1 42036U 17008CS  17284.49101486  .00003816  00000-0  16345-3 0  9996 | 2 42036  97.4835 345.5973 0008705 159.6293 200.5292 15.23366888 35406 | 2017/10/11-11:47:03  211.2699    0.1236  200.4943   94.5275     6873.8307     6867.8471     6879.8144  94.419734 -24.247610  -0.000715   0.000496
1 42036U 17008CS  17285.60767701 +.00005119 +00000-0 +21811-3 0  9990 | 2 42036 097.4835 346.7104 0008821 155.9859 204.1791 15.23376880035576 | 2017/10/12-14:35:03  253.2493    0.1236  204.1377   94.5268     6873.8007     6867.7373     6879.8641  94.872952 -22.408833  -0.000702   0.000535
1 42036U 17008CS  17286.79001566  .00006153  00000-0  26142-3 0  9992 | 2 42036  97.4837 347.8891 0008943 152.3140 207.8575 15.23389995 35753 | 2017/10/13-18:57:37  318.8714    0.1237  207.8097   94.5260     6873.7612     6867.6140     6879.9084  95.314039 -20.452526  -0.000687   0.000572
1 42036U 17008CS  17288.16939402  .00006212  00000-0  26372-3 0  9995 | 2 42036  97.4838 349.2644 0009042 148.0698 212.1089 15.23408849 35969 | 2017/10/15-04:03:55   95.4247    0.1237  212.0539   94.5249     6873.7045     6867.4893     6879.9197  95.777565 -18.159001  -0.000665   0.000613
1 42036U 17008CS  17289.48307632  .00003881  00000-0  16588-3 0  9992 | 2 42036  97.4838 350.5742 0009126 143.9831 216.2022 15.23418195 36169 | 2017/10/16-11:35:37  208.3287    0.1236  216.1405   94.5243     6873.6764     6867.4035     6879.9493  96.167624 -15.964941  -0.000640   0.000650
1 42036U 17008CS  17290.59969916 +.00003551 +00000-0 +15202-3 0  9991 | 2 42036 097.4837 351.6876 0009223 140.4547 219.7364 15.23427080036331 | 2017/10/17-14:23:34  250.2943    0.1236  219.6689   94.5237     6873.6497     6867.3101     6879.9892  96.459587 -14.093253  -0.000619   0.000684
1 42036U 17008CS  17291.91336644 +.00003320 +00000-0 +14228-3 0  9995 | 2 42036 097.4832 352.9973 0009292 136.5474 223.6497 15.23435508036536 | 2017/10/18-21:55:14    3.1937    0.1237  223.5763   94.5232     6873.6243     6867.2374     6880.0113  96.756015 -11.884773  -0.000592   0.000717
1 42036U 17008CS  17293.55543841 +.00003826 +00000-0 +16345-3 0  9999 | 2 42036 097.4827 354.6346 0009376 131.6762 228.5279 15.23448867036783 | 2017/10/20-13:19:49  234.3138    0.1237  228.4475   94.5224     6873.5841     6867.1395     6880.0288  97.055591  -9.115324  -0.000555   0.000756
1 42036U 17008CS  17294.60635733 +.00004131 +00000-0 +17617-3 0  9991 | 2 42036 097.4823 355.6823 0009449 128.4974 231.7111 15.23457668036948 | 2017/10/21-14:33:09  252.6283    0.1236  231.6262   94.5218     6873.5577     6867.0628     6880.0525  97.205638  -7.339128  -0.000531   0.000782
1 42036U 17008CS  17295.91999683 +.00004388 +00000-0 +18686-3 0  9994 | 2 42036 097.4818 356.9918 0009501 124.5622 235.6513 15.23469094037145 | 2017/10/22-22:04:47    5.5188    0.1237  235.5615   94.5211     6873.5233     6866.9928     6880.0538  97.347473  -5.115735  -0.000497   0.000810
1 42036U 17008CS  17297.56203271 +.00004573 +00000-0 +19451-3 0  9995 | 2 42036 097.4814 358.6286 0009545 119.7573 240.4615 15.23483618037399 | 2017/10/24-13:29:19  236.6281    0.1237  240.3664   94.5202     6873.4796     6866.9189     6880.0403  97.453478  -2.333038  -0.000454   0.000840
1 42036U 17008CS  17298.80996762  .00006774  00000-0  28649-3 0  9991 | 2 42036  97.4813 359.8726 0009590 115.9562 244.2664 15.23499680 37589 | 2017/10/25-19:26:21  325.8669    0.1237  244.1675   94.5192     6873.4313     6866.8397     6880.0229  97.481059  -0.216754  -0.000418   0.000863
1 42036U 17008CS  17300.12356914  .00007579  00000-0  31999-3 0  9995 | 2 42036  97.4812   1.1819 0009611 112.0554 248.1704 15.23517179 37785 | 2017/10/27-02:57:56   78.7457    0.1236  248.0682   94.5181     6873.3787     6866.7727     6879.9847  97.460461   2.010704  -0.000379   0.000883
1 42036U 17008CS  17301.37147740  .00004914  00000-0  20850-3 0  9992 | 2 42036  97.4813   2.4258 0009654 108.4864 251.7423 15.23528504 37970 | 2017/10/28-08:54:55  167.9759    0.1237  251.6373   94.5174     6873.3446     6866.7091     6879.9801  97.393944   4.125950  -0.000345   0.000902
1 42036U 17008CS  17302.42234011  .00004086  00000-0  17388-3 0  9999 | 2 42036  97.4815   3.4734 0009659 105.3900 254.8404 15.23537359 38134 | 2017/10/29-10:08:10  186.2729    0.1236  254.7336   94.5169     6873.3180     6866.6790     6879.9569  97.302430   5.905930  -0.000312   0.000914
1 42036U 17008CS  17303.53887567 +.00003738 +00000-0 +15927-3 0  9992 | 2 42036 097.4817 004.5865 0009679 102.0705 258.1617 15.23545983038306 | 2017/10/30-12:55:58  228.2114    0.1237  258.0532   94.5163     6873.2920     6866.6394     6879.9447  97.169539   7.795033  -0.000277   0.000927
1 42036U 17008CS  17304.58972736 +.00003255 +00000-0 +13907-3 0  9991 | 2 42036 097.4817 005.6342 0009694 099.0393 261.1941 15.23552701038460 | 2017/10/31-14:09:12  246.5048    0.1236  261.0843   94.5159     6873.2718     6866.6089     6879.9348  97.010763   9.570455  -0.000246   0.000938
1 42036U 17008CS  17305.90328437 +.00003125 +00000-0 +13361-3 0  9991 | 2 42036 097.4813 006.9437 0009672 095.2113 265.0228 15.23561497038664 | 2017/11/01-21:40:43  359.3699    0.1237  264.9124   94.5154     6873.2454     6866.5976     6879.8932  96.766316  11.784903  -0.000204   0.000946
1 42036U 17008CS  17307.47954117  .00003511  00000-0  14965-3 0  9995 | 2 42036  97.4811   8.5153 0009656  90.6724 269.5620 15.23574684 38908 | 2017/11/03-11:30:32  206.8040    0.1238  269.4514   94.5146     6873.2057     6866.5690     6879.8425  96.406503  14.434368  -0.000154   0.000953
1 42036U 17008CS  17308.53037118 +.00004194 +00000-0 +17813-3 0  9999 | 2 42036 097.4806 009.5628 0009657 087.5878 272.6464 15.23584929039068 | 2017/11/04-12:43:44  225.0913    0.1237  272.5359   94.5139     6873.1749     6866.5375     6879.8123  96.126020  16.194310  -0.000120   0.000958
1 42036U 17008CS  17309.90957657 +.00002954 +00000-0 +12632-3 0  9996 | 2 42036 097.4800 010.9375 0009612 083.5318 276.7013 15.23593576039279 | 2017/11/05-21:49:47    1.5910    0.1237  276.5919   94.5134     6873.1489     6866.5424     6879.7554  95.709250  18.495669  -0.000075   0.000958
1 42036U 17008CS  17311.15742337  .00002720  00000-0  11654-3 0  9997 | 2 42036  97.4797  12.1813 0009570  79.8164 280.4151 15.23600494 39469 | 2017/11/07-03:46:41   90.8036    0.1236  280.3072   94.5130     6873.1281     6866.5505     6879.7057  95.284926  20.568780  -0.000033   0.000956
1 42036U 17008CS  17312.20823441  .00005652  00000-0  23875-3 0  9995 | 2 42036  97.4794  13.2287 0009544  76.6296 283.6004 15.23615063 39623 | 2017/11/08-04:59:51  109.0854    0.1237  283.4941   94.5121     6873.0843     6866.5246     6879.6440  94.892725  22.307041   0.000002   0.000954
1 42036U 17008CS  17313.39038507  .00007370  00000-0  31019-3 0  9995 | 2 42036  97.4791  14.4068 0009480  73.3067 286.9210 15.23631263 39804 | 2017/11/09-09:22:09  174.6491    0.1237  286.8170   94.5111     6873.0356     6866.5199     6879.5512  94.413737  24.253272   0.000038   0.000947
1 42036U 17008CS  17314.83522017  .00006101  00000-0  25722-3 0  9994 | 2 42036  97.4793  15.8469 0009416  69.0712 291.1531 15.23647988 40025 | 2017/11/10-20:02:43  334.7771    0.1236  291.0524   94.5100     6872.9853     6866.5137     6879.4569  93.774579  26.618457   0.000083   0.000938
1 42036U 17008CS  17316.47706522  .00003086  00000-0  13161-3 0  9994 | 2 42036  97.4797  17.4835 0009335  64.1354 296.0845 15.23655729 40273 | 2017/11/12-11:26:58  205.8274    0.1238  295.9884   94.5095     6872.9620     6866.5461     6879.3779  92.976480  29.285937   0.000136   0.000924
1 42036U 17008CS  17317.79053393  .00003007  00000-0  12830-3 0  9996 | 2 42036  97.4796  18.7929 0009257  59.9894 300.2260 15.23663697 40478 | 2017/11/13-18:58:22  318.6658    0.1237  300.1343   94.5090     6872.9380     6866.5757     6879.3003  92.282883  31.402896   0.000180   0.000908
1 42036U 17008CS  17318.84130355 +.00003675 +00000-0 +15608-3 0  9994 | 2 42036 097.4795 019.8404 0009184 056.7882 303.4234 15.23672170040638 | 2017/11/14-20:11:28  336.9349    0.1237  303.3355   94.5085     6872.9125     6866.6005     6879.2246  91.693281  33.084665   0.000212   0.000894
1 42036U 17008CS  17319.89206722 +.00004630 +00000-0 +19578-3 0  9994 | 2 42036 097.4795 020.8879 0009116 053.6338 306.5739 15.23681636040791 | 2017/11/15-21:24:34  355.2019    0.1238  306.4900   94.5079     6872.8841     6866.6188     6879.1494  91.073127  34.755409   0.000243   0.000879
1 42036U 17008CS  17321.13984053 +.00003817 +00000-0 +16191-3 0  9998 | 2 42036 097.4793 022.1319 0009046 049.8318 310.3710 15.23690653040982 | 2017/11/17-03:21:22   84.3911    0.1238  310.2920   94.5074     6872.8570     6866.6398     6879.0742  90.296930  36.724357   0.000280   0.000860
1 42036U 17008CS  17322.84730523 +.00003708 +00000-0 +15733-3 0  9998 | 2 42036 097.4787 023.8341 0008906 044.5858 315.6094 15.23705198041247 | 2017/11/18-20:20:07  339.0667    0.1238  315.5380   94.5065     6872.8132     6866.6923     6878.9342  89.165651  39.390145   0.000328   0.000828
1 42036U 17008CS  17324.22640043  .00003686  00000-0  15637-3 0  9997 | 2 42036  97.4782  25.2086 0008771  40.2706 319.9179 15.23716184 41450 | 2017/11/20-05:26:00  115.5325    0.1237  319.8531   94.5058     6872.7802     6866.7521     6878.8083  88.194682  41.517437   0.000364   0.000798
1 42036U 17008CS  17325.67115693  .00005319  00000-0  22417-3 0  9994 | 2 42036  97.4778  26.6484 0008678  35.6094 324.5721 15.23730698 41671 | 2017/11/21-16:06:27  275.6360    0.1238  324.5144   94.5049     6872.7365     6866.7724     6878.7007  87.123287  43.720183   0.000404   0.000768
1 42036U 17008CS  17326.72188101  .00005072  00000-0  21385-3 0  9994 | 2 42036  97.4774  27.6956 0008574  32.3485 327.8276 15.23739141 41836 | 2017/11/22-17:19:30  293.8905    0.1237  327.7752   94.5044     6872.7112     6866.8185     6878.6038  86.309348  45.304966   0.000428   0.000743
1 42036U 17008CS  17327.83826608  .00004318  00000-0  18249-3 0  9995 | 2 42036  97.4771  28.8081 0008452  28.5920 331.5779 15.23749239 42000 | 2017/11/23-20:07:06  335.7832    0.1238  331.5318   94.5037     6872.6808     6866.8720     6878.4896  85.413194  46.972027   0.000455   0.000712
1 42036U 17008CS  17329.15165092  .00003521  00000-0  14931-3 0  9994 | 2 42036  97.4771  30.1171 0008332  24.1846 335.9780 15.23760287 42200 | 2017/11/25-03:38:22   88.5946    0.1237  335.9391   94.5031     6872.6476     6866.9213     6878.3739  84.317858  48.910979   0.000486   0.000677
1 42036U 17008CS  17330.46502682  .00003363  00000-0  14269-3 0  9998 | 2 42036  97.4773  31.4261 0008220  20.0278 340.1280 15.23770771 42400 | 2017/11/26-11:09:38  201.4023    0.1238  340.0960   94.5024     6872.6161     6866.9668     6878.2653  83.178684  50.824508   0.000512   0.000643
1 42036U 17008CS  17331.71272671  .00003613  00000-0  15306-3 0  9990 | 2 42036  97.4773  32.6698 0008089  15.7544 344.3943 15.23780438 42590 | 2017/11/27-17:06:19  290.5674    0.1237  344.3693   94.5018     6872.5870     6867.0278     6878.1462  82.055945  52.617924   0.000537   0.000605
1 42036U 17008CS  17332.82908380  .00003581  00000-0  15169-3 0  9997 | 2 42036  97.4774  33.7826 0007990  11.8260 348.3163 15.23788148 42761 | 2017/11/28-19:53:52  332.4499    0.1237  348.2977   94.5013     6872.5638     6867.0726     6878.0550  81.018670  54.201648   0.000559   0.000571
1 42036U 17008CS  17334.14243804  .00002767  00000-0  11787-3 0  9994 | 2 42036  97.4773  35.0916 0007855   7.3937 352.7414 15.23794708 42965 | 2017/11/30-03:25:06   85.2501    0.1237  352.7300   94.5009     6872.5441     6867.1457     6877.9425  79.759242  56.038267   0.000579   0.000531
1 42036U 17008CS  17335.45578442  .00003539  00000-0  14989-3 0  9993 | 2 42036  97.4774  36.4009 0007717   2.8204 357.3075 15.23805636 43168 | 2017/12/01-10:56:19  198.0472    0.1237  357.3033   94.5002     6872.5112     6867.2077     6877.8147  78.458046  57.846163   0.000598   0.000488
1 42036U 17008CS  17336.83478971  .00002897  00000-0  12323-3 0  9998 | 2 42036  97.4769  37.7752 0007575 357.6792   2.4408 15.23813486 43379 | 2017/12/02-20:02:05  334.4819    0.1237    2.4445   94.4998     6872.4876     6867.2817     6877.6935  77.047714  59.710936   0.000617   0.000439
1 42036U 17008CS  17338.14812243  .00002130  00000-0  91386-4 0  9995 | 2 42036  97.4765  39.0842 0007458 352.8619   7.2511 15.23819181 43573 | 2017/12/04-03:33:17   87.2742    0.1238    7.2619   94.4994     6872.4705     6867.3450     6877.5960  75.663237  61.455208   0.000633   0.000395
1 42036U 17008CS  17339.19878440  .00002154  00000-0  92354-4 0  9994 | 2 42036  97.4761  40.1313 0007360 348.9845  11.1230 15.23824873 43738 | 2017/12/05-04:46:14  105.5065    0.1238   11.1393   94.4990     6872.4534     6867.3953     6877.5115  74.527244  62.827382   0.000643   0.000358
1 42036U 17008CS  17340.44643775  .00003053  00000-0  12963-3 0  9991 | 2 42036  97.4757  41.3747 0007239 344.3488  15.7524 15.23835511 43923 | 2017/12/06-10:42:52  194.6543    0.1237   15.7749   94.4984     6872.4214     6867.4465     6877.3963  73.146059  64.429544   0.000652   0.000314
1 42036U 17008CS  17341.89108041 +.00003268 +00000-0 +13850-3 0  9997 | 2 42036 097.4753 042.8144 0007112 338.7363 021.3578 15.23846972044145 | 2017/12/07-21:23:09  354.7170    0.1238   21.3875   94.4977     6872.3869     6867.4993     6877.2746  71.503891  66.246718   0.000661   0.000261
1 42036U 17008CS  17343.46704581  .00002487  00000-0  10609-3 0  9994 | 2 42036  97.4754  44.3849 0006969 332.5476  27.5391 15.23854024 44385 | 2017/12/09-11:12:32  202.0548    0.1237   27.5761   94.4972     6872.3657     6867.5764     6877.1551  69.661482  68.181607   0.000667   0.000203
1 42036U 17008CS  17344.84600957  .00002340  00000-0  99970-4 0  9996 | 2 42036  97.4754  45.7592 0006853 327.0541  33.0268 15.23860111 44591 | 2017/12/10-20:18:15  338.4724    0.1237   33.0696   94.4969     6872.3474     6867.6378     6877.0571  68.006192  69.832739   0.000668   0.000152
1 42036U 17008CS  17345.89664390 +.00002698 +00000-0 +11481-3 0  9999 | 2 42036 097.4755 046.8063 0006781 322.7448 037.3318 15.23866497044759 | 2017/12/11-21:31:10  356.6935    0.1238   37.3790   94.4965     6872.3282     6867.6681     6876.9884  66.718758  71.063918   0.000669   0.000113
1 42036U 17008CS  17347.47258687  .00003291  00000-0  13931-3 0  9995 | 2 42036  97.4756  48.3770 0006675 316.2364  43.8344 15.23877601 44995 | 2017/12/13-11:20:31  204.0214    0.1238   43.8874   94.4958     6872.2949     6867.7076     6876.8821  64.745861  72.866083   0.000665   0.000054
1 42036U 17008CS  17348.72020101  .00002801  00000-0  11900-3 0  9992 | 2 42036  97.4755  49.6206 0006592 310.9876  49.0790 15.23884089 45182 | 2017/12/14-17:17:05  293.1528    0.1237   49.1361   94.4954     6872.2753     6867.7451     6876.8055  63.149118  74.254037   0.000659   0.000007
1 42036U 17008CS  17349.77081830  .00002744  00000-0  11661-3 0  9994 | 2 42036  97.4753  50.6677 0006535 306.4774  53.5860 15.23890737 45341 | 2017/12/15-18:29:58  311.3667    0.1237   53.6463   94.4950     6872.2554     6867.7643     6876.7464  61.781504  75.395490   0.000653  -0.000033
1 42036U 17008CS  17350.82143219  .00002726  00000-0  11585-3 0  9997 | 2 42036  97.4751  51.7147 0006496 302.0122  58.0483 15.23896757 45505 | 2017/12/16-19:42:51  329.5791    0.1237   58.1115   94.4946     6872.2373     6867.7731     6876.7015  60.393395  76.511652   0.000646  -0.000071
1 42036U 17008CS  17352.13469273  .00003606  00000-0  15224-3 0  9996 | 2 42036  97.4748  53.0236 0006459 296.4732  63.5842 15.23907391 45706 | 2017/12/18-03:13:57   82.3415    0.1237   63.6505   94.4939     6872.2053     6867.7665     6876.6440  58.629729  77.870993   0.000635  -0.000118
1 42036U 17008CS  17353.44794573  .00003799  00000-0  16018-3 0  9990 | 2 42036  97.4743  54.3323 0006400 290.6653  69.3898 15.23915966 45900 | 2017/12/19-10:45:02  195.1006    0.1238   69.4585   94.4934     6872.1795     6867.7813     6876.5777  56.835638  79.189327   0.000618  -0.000166
1 42036U 17008CS  17354.82685233  .00002725  00000-0  11571-3 0  9992 | 2 42036  97.4738  55.7063 0006391 284.6631  75.3898 15.23923924 46112 | 2017/12/20-19:50:40  331.4943    0.1238   75.4607   94.4929     6872.1556     6867.7636     6876.5476  54.920171  80.528979   0.000602  -0.000215
1 42036U 17008CS  17355.87744408 +.00002733 +00000-0 +11605-3 0  9995 | 2 42036 097.4736 056.7531 0006371 280.2030 079.8488 15.23929643046279 | 2017/12/21-21:03:31  349.6972    0.1237   79.9207   94.4926     6872.1384     6867.7602     6876.5166  53.439704  81.518714   0.000586  -0.000249
1 42036U 17008CS  17356.92803155 +.00002697 +00000-0 +11454-3 0  9998 | 2 42036 097.4734 057.8000 0006369 275.4899 084.5612 15.23935372046432 | 2017/12/22-22:16:21    7.8980    0.1238   84.6339   94.4922     6872.1212     6867.7443     6876.4980  51.941262  82.481325   0.000569  -0.000286
1 42036U 17008CS  17358.56956713 +.00003255 +00000-0 +13756-3 0  9997 | 2 42036 097.4733 059.4357 0006377 268.1128 091.9379 15.23945798046689 | 2017/12/24-13:40:10  238.8334    0.1237   92.0109   94.4915     6872.0898     6867.7075     6876.4722  49.565661  83.930266   0.000538  -0.000342
1 42036U 17008CS  17359.88278622 +.00003766 +00000-0 +15863-3 0  9997 | 2 42036 097.4733 060.7443 0006402 262.5648 097.4862 15.23956050046887 | 2017/12/25-21:11:12  351.5778    0.1237   97.5589   94.4909     6872.0590     6867.6595     6876.4585  47.635985  85.040326   0.000513  -0.000383
1 42036U 17008CS  17361.45863920  .00004024  00000-0  16924-3 0  9991 | 2 42036  97.4735  62.3147 0006422 255.5563 104.4961 15.23967324 47121 | 2017/12/27-11:00:26  198.8663    0.1236  104.5673   94.4902     6872.0251     6867.6119     6876.4383  45.287638  86.314038   0.000476  -0.000431
1 42036U 17008CS  17362.83750146  .00003006  00000-0  12718-3 0  9995 | 2 42036  97.4735  63.6889 0006494 249.7577 110.2962 15.23974229 47338 | 2017/12/28-20:06:00  335.2401    0.1237  110.3660   94.4898     6872.0044     6867.5417     6876.4670  43.204628  87.375302   0.000447  -0.000471
1 42036U 17008CS  17363.88805865 +.00002584 +00000-0 +10973-3 0  9991 | 2 42036 097.4734 064.7358 0006551 245.2433 114.8123 15.23979521047492 | 2017/12/29-21:18:48  353.4275    0.1237  114.8804   94.4895     6871.9884     6867.4866     6876.4903  41.600954  88.150011   0.000421  -0.000502
1 42036U 17008CS  17364.93861233 +.00002651 +00000-0 +11247-3 0  9999 | 2 42036 097.4732 065.7827 0006611 240.8615 119.1961 15.23985542047658 | 2017/12/30-22:31:36   11.6134    0.1237  119.2622   94.4891     6871.9703     6867.4273     6876.5134  39.983353  88.895198   0.000395  -0.000530
1 42036U 17008CS  18001.25179949 +.00002821 +00000-0 +11946-3 0  9994 | 2 42036 097.4729 067.0913 0006682 235.2940 124.7668 15.23992653047851 | 2018/01/01-06:02:35  124.3434    0.1237  124.8297   94.4886     6871.9490     6867.3571     6876.5408  37.942674  89.784853   0.000358  -0.000564
1 42036U 17008CS  18002.43366276  .00002672  00000-0  11327-3 0  9993 | 2 42036  97.4725  68.2689 0006776 230.3859 129.6781 15.23998294 48037 | 2018/01/02-10:24:28  189.7982    0.1237  129.7378   94.4883     6871.9320     6867.2756     6876.5884  36.089294  90.545299   0.000325  -0.000595
1 42036U 17008CS  18003.48420363  .00002530  00000-0  10739-3 0  9996 | 2 42036  97.4721  69.3156 0006853 226.1458 133.9213 15.24003704 48197 | 2018/01/03-11:37:15  207.9786    0.1236  133.9778   94.4880     6871.9157     6867.2064     6876.6251  34.429108  91.189072   0.000295  -0.000619
1 42036U 17008CS  18004.60040017 +.00002108 +00000-0 +89976-4 0  9996 | 2 42036 097.4718 070.4278 0006929 221.5601 138.5110 15.24008087048369 | 2018/01/04-14:24:34  249.7933    0.1237  138.5636   94.4877     6871.9026     6867.1410     6876.6641  32.652511  91.839889   0.000259  -0.000643
1 42036U 17008CS  18005.78225161  .00002179  00000-0  92880-4 0  9997 | 2 42036  97.4715  71.6053 0007029 216.8525 143.2230 15.24013490 48544 | 2018/01/05-18:46:26  315.2429    0.1237  143.2712   94.4874     6871.8863     6867.0561     6876.7166  30.758230  92.491214   0.000223  -0.000667
1 42036U 17008CS  18006.83278396  .00002052  00000-0  87632-4 0  9991 | 2 42036  97.4717  72.6520 0007107 213.1901 146.8891 15.24017036 48701 | 2018/01/06-19:59:12  333.4196    0.1237  146.9336   94.4871     6871.8757     6866.9918     6876.7595  29.063588  93.037843   0.000194  -0.000684
1 42036U 17008CS  18007.88331295 +.00001959 +00000-0 +83777-4 0  9996 | 2 42036 097.4716 073.6987 0007190 209.1729 150.9108 15.24021054048862 | 2018/01/07-21:11:58  351.5942    0.1237  150.9508   94.4869     6871.8636     6866.9227     6876.8045  27.359156  93.553137   0.000160  -0.000701
1 42036U 17008CS  18009.13081171 +.00002236 +00000-0 +95202-4 0  9996 | 2 42036 097.4714 074.9417 0007302 204.3638 155.7255 15.24027823049051 | 2018/01/09-03:08:22   80.6748    0.1237  155.7599   94.4865     6871.8432     6866.8254     6876.8611  25.323242  94.124424   0.000118  -0.000721
1 42036U 17008CS  18010.31265005 +.00002393 +00000-0 +10166-3 0  9997 | 2 42036 097.4714 076.1192 0007444 199.6235 160.4717 15.24032210049233 | 2018/01/10-07:30:12  146.1181    0.1237  160.5002   94.4862     6871.8301     6866.7147     6876.9454  23.383656  94.624936   0.000074  -0.000741
1 42036U 17008CS  18011.82277002 +.00002328 +00000-0 +98929-4 0  9996 | 2 42036 097.4715 077.6240 0007583 194.1993 165.9032 15.24038821049468 | 2018/01/11-19:44:47  329.7376    0.1236  165.9243   94.4858     6871.8102     6866.5993     6877.0211  20.890696  95.206471   0.000024  -0.000758
1 42036U 17008CS  18012.87328445 +.00002397 +00000-0 +10179-3 0  9996 | 2 42036 097.4715 078.6707 0007691 190.4893 169.6185 15.24043640049628 | 2018/01/12-20:57:31  347.9062    0.1237  169.6344   94.4855     6871.7957     6866.5106     6877.0808  19.148041  95.572202  -0.000011  -0.000769
1 42036U 17008CS  18014.44904970 +.00002949 +00000-0 +12448-3 0  9998 | 2 42036 097.4712 080.2407 0007843 184.9298 175.1863 15.24052204049864 | 2018/01/14-10:46:37  195.1566    0.1236  175.1938   94.4850     6871.7700     6866.3804     6877.1595  16.522292  96.060651  -0.000066  -0.000782
1 42036U 17008CS  18015.89349465 +.00002535 +00000-0 +10739-3 0  9992 | 2 42036 097.4707 081.6798 0007992 179.9005 180.2235 15.24057734050080 | 2018/01/15-21:26:37  355.1335    0.1236  180.2231   94.4846     6871.7533     6866.2614     6877.2452  14.104503  96.444805  -0.000117  -0.000791
1 42036U 17008CS  18017.46924507  .00002240  00000-0  95228-4 0  9993 | 2 42036  97.4703  83.2497 0008144 174.5260 185.6068 15.24064687 50329 | 2018/01/17-11:15:42  202.3781    0.1237  185.5977   94.4842     6871.7324     6866.1361     6877.3288  11.456912  96.794620  -0.000172  -0.000796
1 42036U 17008CS  18018.65105358  .00002024  00000-0  86306-4 0  9997 | 2 42036  97.4698  84.4270 0008265 170.5450 189.5944 15.24069138 50507 | 2018/01/18-15:37:31  267.8101    0.1236  189.5786   94.4839     6871.7191     6866.0396     6877.3985   9.465672  97.009087  -0.000214  -0.000798
1 42036U 17008CS  18019.83285811 +.00002420 +00000-0 +10263-3 0  9999 | 2 42036 097.4695 085.6044 0008374 166.6612 193.4848 15.24075246050686 | 2018/01/19-19:59:18  333.2405    0.1236  193.4624   94.4835     6871.7007     6865.9463     6877.4551   7.470302  97.182807  -0.000255  -0.000798
1 42036U 17008CS  18020.88334742 +.00002615 +00000-0 +11063-3 0  9999 | 2 42036 097.4692 086.6507 0008471 163.2167 196.9352 15.24080550050844 | 2018/01/20-21:12:01  351.3999    0.1237  196.9070   94.4832     6871.6848     6865.8637     6877.5058   5.694446  97.302714  -0.000292  -0.000795
1 42036U 17008CS  18022.45907392  .00002843  00000-0  11996-3 0  9999 | 2 42036  97.4691  88.2204 0008612 158.1019 202.0587 15.24089179 51083 | 2018/01/22-11:01:03  198.6362    0.1236  202.0217   94.4827     6871.6588     6865.7409     6877.5767   3.026892  97.422089  -0.000346  -0.000789
1 42036U 17008CS  18023.90348271 +.00002364 +00000-0 +10025-3 0  9995 | 2 42036 097.4690 089.6594 0008740 153.6244 206.5439 15.24095122051306 | 2018/01/23-21:41:00  358.6003    0.1236  206.4992   94.4823     6871.6410     6865.6351     6877.6468   0.579410  97.467278  -0.000393  -0.000781
1 42036U 17008CS  18025.47919364 +.00002354 +00000-0 +99818-4 0  9993 | 2 42036 097.4691 091.2290 0008870 148.7696 211.4070 15.24103106051543 | 2018/01/25-11:30:02  205.8314    0.1237  211.3541   94.4818     6871.6170     6865.5218     6877.7121  -2.090561  97.446678  -0.000444  -0.000768
1 42036U 17008CS  18026.85793373 +.00002524 +00000-0 +10677-3 0  9990 | 2 42036 097.4690 092.6027 0008979 144.4394 215.7443 15.24110489051759 | 2018/01/26-20:35:25  342.1560    0.1236  215.6842   94.4813     6871.5948     6865.4248     6877.7648  -4.426073  97.368454  -0.000488  -0.000753
1 42036U 17008CS  18027.90839868 +.00002195 +00000-0 +93231-4 0  9999 | 2 42036 097.4689 093.6492 0009056 141.2239 218.9649 15.24114504051917 | 2018/01/27-21:48:05    0.3072    0.1236  218.8997   94.4811     6871.5827     6865.3598     6877.8056  -6.203652  97.271276  -0.000521  -0.000741
1 42036U 17008CS  18029.48409005 +.00002109 +00000-0 +89652-4 0  9997 | 2 42036 097.4687 095.2189 0009159 136.4125 223.7837 15.24121589052151 | 2018/01/29-11:37:05  207.5320    0.1236  223.7111   94.4807     6871.5614     6865.2677     6877.8551  -8.865859  97.064638  -0.000569  -0.000718
1 42036U 17008CS  18030.86281450 +.00002060 +00000-0 +87642-4 0  9996 | 2 42036 097.4683 096.5923 0009242 132.2218 227.9805 15.24127066052367 | 2018/01/30-20:42:27  343.8523    0.1237  227.9019   94.4803     6871.5449     6865.1943     6877.8956 -11.189717  96.823859  -0.000609  -0.000696
1 42036U 17008CS  18032.43849349 +.00001971 +00000-0 +83966-4 0  9993 | 2 42036 097.4678 098.1615 0009275 127.4633 232.7449 15.24133180052609 | 2018/02/01-10:31:25  191.0747    0.1237  232.6604   94.4799     6871.5266     6865.1532     6877.8999 -13.836901  96.480631  -0.000649  -0.000663
1 42036U 17008CS  18033.62024854 +.00001921 +00000-0 +81886-4 0  9995 | 2 42036 097.4676 099.3386 0009335 123.8783 236.3344 15.24137637052782 | 2018/02/02-14:53:09  256.4897    0.1237  236.2454   94.4797     6871.5132     6865.0986     6877.9277 -15.815934  96.175825  -0.000680  -0.000639
1 42036U 17008CS  18034.86765308 +.00001892 +00000-0 +80707-4 0  9996 | 2 42036 097.4674 100.5812 0009393 120.1411 240.0758 15.24142250052970 | 2018/02/03-20:49:25  345.5380    0.1237  239.9826   94.4794     6871.4993     6865.0449     6877.9537 -17.897823  95.810031  -0.000712  -0.000613
1 42036U 17008CS  18035.91809558 +.00001957 +00000-0 +83357-4 0  9995 | 2 42036 097.4672 101.6274 0009428 117.1664 243.0535 15.24146685053138 | 2018/02/04-22:02:03    3.6835    0.1236  242.9572   94.4791     6871.4860     6865.0075     6877.9644 -19.644158  95.467073  -0.000735  -0.000591
1 42036U 17008CS  18037.42810216 +.00001910 +00000-0 +81388-4 0  9997 | 2 42036 097.4670 103.1313 0009472 112.6870 247.5369 15.24152223053369 | 2018/02/06-10:16:28  187.2663    0.1236  247.4366   94.4788     6871.4693     6864.9607     6877.9780 -22.142879  94.918433  -0.000768  -0.000554
1 42036U 17008CS  18038.87245061 +.00002041 +00000-0 +86754-4 0  9995 | 2 42036 097.4668 104.5699 0009512 108.3737 251.8535 15.24158454053586 | 2018/02/07-20:56:19  347.2135    0.1237  251.7500   94.4784     6871.4506     6864.9145     6877.9867 -24.518840  94.332410  -0.000798  -0.000517
1 42036U 17008CS  18039.92288256 +.00002214 +00000-0 +93866-4 0  9999 | 2 42036 097.4667 105.6161 0009526 105.3459 254.8832 15.24163362053749 | 2018/02/08-22:08:57    5.3562    0.1238  254.7779   94.4781     6871.4358     6864.8901     6877.9816 -26.237105  93.868908  -0.000817  -0.000490
1 42036U 17008CS  18041.17026668 +.00002047 +00000-0 +87000-4 0  9993 | 2 42036 097.4664 106.8585 0009540 101.7482 258.4826 15.24167309053930 | 2018/02/10-04:05:11   94.3999    0.1237  258.3755   94.4778     6871.4240     6864.8686     6877.9793 -28.266142  93.277673  -0.000838  -0.000457
1 42036U 17008CS  18042.48329798 +.00002290 +00000-0 +96935-4 0  9995 | 2 42036 097.4665 108.1664 0009590 098.0744 262.1581 15.24173145054136 | 2018/02/11-11:35:56  207.0757    0.1237  262.0493   94.4775     6871.4064     6864.8168     6877.9961 -30.387888  92.608287  -0.000860  -0.000424
1 42036U 17008CS  18043.66502137 +.00002242 +00000-0 +94960-4 0  9999 | 2 42036 097.4664 109.3434 0009593 094.6077 265.6256 15.24178210054312 | 2018/02/12-15:57:37  272.4831    0.1237  265.5160   94.4771     6871.3912     6864.7995     6877.9829 -32.283718  91.964453  -0.000877  -0.000389
1 42036U 17008CS  18044.91239201 +.00002355 +00000-0 +99594-4 0  9990 | 2 42036 097.4660 110.5857 0009577 091.0406 269.1928 15.24183624054501 | 2018/02/13-21:53:50    1.5236    0.1237  269.0831   94.4768     6871.3749     6864.7942     6877.9557 -34.269827  91.242535  -0.000890  -0.000353
1 42036U 17008CS  18046.35671058  .00002886  00000-0  12132-3 0  9991 | 2 42036  97.4656 112.0240 0009554  86.7791 273.4540 15.24191197 54728 | 2018/02/15-08:33:39  161.4639    0.1238  273.3447   94.4763     6871.3522     6864.7873     6877.9171 -36.549107  90.353229  -0.000904  -0.000308
1 42036U 17008CS  18047.47277019  .00002805  00000-0  11800-3 0  9996 | 2 42036  97.4652 113.1354 0009532  83.5077 276.7246 15.24195988 54899 | 2018/02/16-11:20:47  203.2348    0.1238  276.6161   94.4760     6871.3378     6864.7880     6877.8875 -38.294599  89.626943  -0.000913  -0.000273
1 42036U 17008CS  18048.65447537  .00003090  00000-0  12967-3 0  9993 | 2 42036  97.4648 114.3121 0009503  80.1149 280.1161 15.24202720 55079 | 2018/02/17-15:42:26  268.6380    0.1238  280.0089   94.4756     6871.3176     6864.7877     6877.8474 -40.126923  88.821266  -0.000920  -0.000237
1 42036U 17008CS  18049.83617481  .00003192  00000-0  13381-3 0  9995 | 2 42036  97.4644 115.4888 0009455  76.7067 283.5224 15.24209773 55255 | 2018/02/18-20:04:05  334.0397    0.1237  283.4170   94.4752     6871.2964     6864.7995     6877.7932 -41.942309  87.978134  -0.000924  -0.000200
1 42036U 17008CS  18050.88656945 +.00002861 +00000-0 +12023-3 0  9994 | 2 42036 097.4642 116.5348 0009410 073.6415 286.5856 15.24215396055410 | 2018/02/19-21:16:39  352.1731    0.1237  286.4822   94.4748     6871.2795     6864.8136     6877.7453 -43.541283  87.197632  -0.000926  -0.000166
1 42036U 17008CS  18052.72475050  .00002214  00000-0  93674-4 0  9999 | 2 42036  97.4640 118.3653 0009326  68.2599 291.9630 15.24224048 55690 | 2018/02/21-17:23:38  293.9038    0.1237  291.8638   94.4743     6871.2535     6864.8453     6877.6616 -46.304306  85.762127  -0.000926  -0.000108
1 42036U 17008CS  18053.90643316 +.00001922 +00000-0 +81710-4 0  9995 | 2 42036 097.4639 119.5421 0009257 064.7529 295.4667 15.24228644055876 | 2018/02/22-21:45:15  359.3008    0.1238  295.3709   94.4740     6871.2396     6864.8789     6877.6004 -48.055838  84.792973  -0.000923  -0.000069
1 42036U 17008CS  18055.21940925 +.00002372 +00000-0 +10014-3 0  9995 | 2 42036 097.4639 120.8496 0009179 060.9799 299.2357 15.24235825056073 | 2018/02/24-05:15:56  111.9628    0.1238  299.1439   94.4736     6871.2181     6864.9110     6877.5252 -49.978149  83.674348  -0.000917  -0.000029
1 42036U 17008CS  18056.40108334 +.00002343 +00000-0 +98935-4 0  9994 | 2 42036 097.4639 122.0263 0009097 057.2408 302.9705 15.24240948056255 | 2018/02/25-09:37:33  177.3578    0.1238  302.8830   94.4733     6871.2027     6864.9519     6877.4534 -51.685933  82.630359  -0.000910   0.000012
1 42036U 17008CS  18057.91099322 +.00002519 +00000-0 +10613-3 0  9998 | 2 42036 097.4636 123.5298 0008991 052.7238 307.4818 15.24248704056487 | 2018/02/26-21:51:49    0.9158    0.1238  307.4000   94.4728     6871.1794     6865.0015     6877.3572 -53.836029  81.245525  -0.000897   0.000059
1 42036U 17008CS  18059.15830425  .00002645  00000-0  11127-3 0  9994 | 2 42036  97.4633 124.7717 0008900  48.9339 311.2665 15.24255444 56675 | 2018/02/28-03:47:57   89.9405    0.1237  311.1898   94.4724     6871.1591     6865.0438     6877.2744 -55.584091  80.059376  -0.000885   0.000098
1 42036U 17008CS  18060.20866794  .00002191  00000-0  92678-4 0  9997 | 2 42036  97.4631 125.8176 0008820  45.6684 314.5275 15.24259200 56837 | 2018/03/01-05:00:28  108.0653    0.1238  314.4554   94.4721     6871.1478     6865.0875     6877.2082 -57.036068  79.031278  -0.000872   0.000131
1 42036U 17008CS  18061.39032246  .00002187  00000-0  92475-4 0  9995 | 2 42036  97.4627 126.9942 0008718  42.0025 318.1879 15.24265007 57014 | 2018/03/02-09:22:03  173.4545    0.1237  318.1212   94.4718     6871.1304     6865.1401     6877.1206 -58.646637  77.843110  -0.000856   0.000166
1 42036U 17008CS  18062.83456140  .00002069  00000-0  87648-4 0  9993 | 2 42036  97.4622 128.4322 0008585  37.4902 322.6933 15.24271329 57231 | 2018/03/03-20:01:46  333.3729    0.1238  322.6336   94.4714     6871.1114     6865.2125     6877.0102 -60.581345  76.346454  -0.000833   0.000209
1 42036U 17008CS  18064.14750063  .00002057  00000-0  87145-4 0  9999 | 2 42036  97.4618 129.7393 0008457  33.3389 326.8380 15.24277270 57435 | 2018/03/05-03:32:24   86.0247    0.1238  326.7849   94.4710     6871.0935     6865.2826     6876.9044 -62.306881  74.944346  -0.000809   0.000246
1 42036U 17008CS  18065.59172810 +.00002040 +00000-0 +86419-4 0  9992 | 2 42036 097.4615 131.1771 0008324 028.7073 331.4621 15.24283436057655 | 2018/03/06-14:12:05  245.9397    0.1238  331.4165   94.4706     6871.0750     6865.3555     6876.7945 -64.167549  73.357138  -0.000782   0.000286
1 42036U 17008CS  18066.83901120  .00002041  00000-0  86444-4 0  9993 | 2 42036  97.4613 132.4190 0008199  24.5566 335.6060 15.24288415 57849 | 2018/03/07-20:08:10  334.9559    0.1238  335.5672   94.4703     6871.0600     6865.4264     6876.6936 -65.742250  71.949020  -0.000755   0.000321
1 42036U 17008CS  18067.88935184 +.00002045 +00000-0 +86628-4 0  9994 | 2 42036 097.4617 133.4647 0008122 020.7536 339.4030 15.24292837058003 | 2018/03/08-21:20:39  353.0741    0.1238  339.3702   94.4700     6871.0467     6865.4661     6876.6274 -67.044638  70.737539  -0.000731   0.000353
1 42036U 17008CS  18069.13662719 +.00002129 +00000-0 +90025-4 0  9994 | 2 42036 097.4614 134.7064 0008003 016.5633 343.5865 15.24298400058190 | 2018/03/10-03:16:44   82.0877    0.1239  343.5606   94.4697     6871.0300     6865.5311     6876.5289 -68.561570  69.267854  -0.000702   0.000385
1 42036U 17008CS  18070.64647957 +.00002858 +00000-0 +11982-3 0  9992 | 2 42036 097.4613 136.2098 0007804 011.7157 348.4261 15.24307443058427 | 2018/03/11-15:30:55  265.6274    0.1238  348.4081   94.4691     6871.0028     6865.6407     6876.3650 -70.355227  67.445141  -0.000661   0.000414
1 42036U 17008CS  18071.89374280 +.00002533 +00000-0 +10652-3 0  9999 | 2 42036 097.4611 137.4514 0007670 007.1512 352.9833 15.24313139058611 | 2018/03/12-21:26:59  354.6372    0.1238  352.9726   94.4688     6870.9857     6865.7157     6876.2558 -71.799984  65.904691  -0.000625   0.000444
1 42036U 17008CS  18072.94406623 +.00002575 +00000-0 +10821-3 0  9997 | 2 42036 097.4610 138.4970 0007561 003.4307 356.6981 15.24318611058779 | 2018/03/13-22:39:27   12.7490    0.1238  356.6931   94.4684     6870.9693     6865.7741     6876.1644 -72.990592  64.583434  -0.000595   0.000466
1 42036U 17008CS  18074.91341196 +.00003283 +00000-0 +13711-3 0  9997 | 2 42036 097.4605 140.4575 0007356 356.4077 003.7106 15.24330447059078 | 2018/03/15-21:55:18    1.7045    0.1238    3.7161   94.4677     6870.9337     6865.8794     6875.9880 -75.156913  62.048267  -0.000537   0.000503
1 42036U 17008CS  18076.16065524  .00003862  00000-0  16072-3 0  9990 | 2 42036  97.4601 141.6990 0007228 351.7617   8.3501 15.24340154 59261 | 2018/03/17-03:51:20   90.7065    0.1238    8.3621   94.4671     6870.9045     6865.9382     6875.8708 -76.483329  60.405061  -0.000497   0.000525
1 42036U 17008CS  18077.47353505  .00003498  00000-0  14583-3 0  9994 | 2 42036  97.4597 143.0059 0007089 346.9534  13.1519 15.24348591 59464 | 2018/03/18-11:21:53  203.3368    0.1238   13.1704   94.4666     6870.8792     6866.0084     6875.7500 -77.840817  58.644696  -0.000455   0.000543
1 42036U 17008CS  18078.72076177  .00004120  00000-0  17116-3 0  9998 | 2 42036  97.4592 144.2474 0006957 342.0836  18.0155 15.24359956 59656 | 2018/03/19-17:17:53  292.3325    0.1238   18.0402   94.4659     6870.8450     6866.0650     6875.6251 -79.092767  56.944094  -0.000412   0.000560
1 42036U 17008CS  18079.77105249  .00003390  00000-0  14136-3 0  9994 | 2 42036  97.4588 145.2929 0006863 337.8311  22.2629 15.24366288 59810 | 2018/03/20-18:30:18  310.4319    0.1238   22.2927   94.4655     6870.8260     6866.1106     6875.5415 -80.118296  55.491228  -0.000375   0.000575
1 42036U 17008CS  18080.82133917  .00003253  00000-0  13572-3 0  9996 | 2 42036  97.4589 146.3384 0006792 333.5895  26.4995 15.24372622 59977 | 2018/03/21-19:42:43  328.5299    0.1238   26.5343   94.4651     6870.8070     6866.1403     6875.4736 -81.117556  54.020174  -0.000339   0.000589
1 42036U 17008CS  18082.13419189  .00002903  00000-0  12142-3 0  9993 | 2 42036  97.4587 147.6453 0006666 328.2850  31.7985 15.24379474 60172 | 2018/03/23-03:13:14   81.1494    0.1238   31.8388   94.4647     6870.7864     6866.2063     6875.3665 -82.328364  52.155908  -0.000291   0.000599
1 42036U 17008CS  18083.18447012  .00002918  00000-0  12202-3 0  9998 | 2 42036  97.4587 148.6908 0006572 323.9459  36.1334 15.24384880 60333 | 2018/03/24-04:25:38   99.2435    0.1237   36.1778   94.4643     6870.7701     6866.2547     6875.2856 -83.266316  50.645028  -0.000253   0.000607
1 42036U 17008CS  18084.43166974 +.00003514 +00000-0 +14631-3 0  9993 | 2 42036 097.4587 149.9323 0006506 318.6737 041.4007 15.24393638060523 | 2018/03/25-10:21:36  188.2281    0.1237   41.4500   94.4638     6870.7438     6866.2737     6875.2139 -84.344073  48.829044  -0.000208   0.000617
1 42036U 17008CS  18085.81014537  .00003336  00000-0  13902-3 0  9995 | 2 42036  97.4586 151.3045 0006402 312.8043  47.2656 15.24402191 60733 | 2018/03/26-19:26:36  324.4703    0.1238   47.3195   94.4633     6870.7181     6866.3195     6875.1168 -85.489113  46.795196  -0.000156   0.000621
1 42036U 17008CS  18086.86040751 +.00002942 +00000-0 +12292-3 0  9991 | 2 42036 097.4585 152.3499 0006334 308.3044 051.7624 15.24407708060892 | 2018/03/27-20:38:59  342.5576    0.1238   51.8194   94.4629     6870.7015     6866.3496     6875.0535 -86.328557  45.227640  -0.000117   0.000622
1 42036U 17008CS  18087.91066592 +.00002624 +00000-0 +10994-3 0  9993 | 2 42036 097.4583 153.3952 0006277 303.7244 056.3395 15.24412932061052 | 2018/03/28-21:51:21    0.6434    0.1238   56.3994   94.4626     6870.6859     6866.3731     6874.9986 -87.139096  43.645140  -0.000078   0.000623
1 42036U 17008CS  18089.42040620 +.00002332 +00000-0 +98039-4 0  9998 | 2 42036 097.4579 154.8979 0006209 297.0566 063.0037 15.24420119061288 | 2018/03/30-10:05:23  184.1388    0.1237   63.0671   94.4621     6870.6643     6866.3983     6874.9303 -88.253318  41.344820  -0.000021   0.000621
1 42036U 17008CS  18090.60193774 +.00002204 +00000-0 +92802-4 0  9999 | 2 42036 097.4576 156.0739 0006175 291.7700 068.2880 15.24425182061464 | 2018/03/31-14:26:47  249.4811    0.1238   68.3538   94.4618     6870.6490     6866.4064     6874.8917 -89.083001  39.524711   0.000023   0.000617
1 42036U 17008CS  18091.91474640 +.00002217 +00000-0 +93295-4 0  9999 | 2 42036 097.4571 157.3805 0006143 285.8749 074.1811 15.24430597061667 | 2018/04/01-21:57:14    2.0815    0.1237   74.2488   94.4615     6870.6328     6866.4121     6874.8534 -89.960639  37.482927   0.000072   0.000610
1 42036U 17008CS  18093.42447044  .00002180  00000-0  91769-4 0  9998 | 2 42036  97.4567 158.8830 0006122 279.0306  81.0238 15.24437072 61897 | 2018/04/03-10:11:14  185.5694    0.1237   81.0931   94.4611     6870.6133     6866.4071     6874.8195 -90.912159  35.111077   0.000128   0.000599
1 42036U 17008CS  18094.54034962 +.00002125 +00000-0 +89538-4 0  9993 | 2 42036 097.4566 159.9937 0006122 274.0155 086.0383 15.24441644062069 | 2018/04/04-12:58:06  227.2756    0.1238   86.1083   94.4608     6870.5996     6866.3934     6874.8058 -91.575582  33.342190   0.000169   0.000589
1 42036U 17008CS  18095.65622520 +.00002238 +00000-0 +94108-4 0  9993 | 2 42036 097.4564 161.1043 0006136 268.9959 091.0575 15.24446677062238 | 2018/04/05-15:44:57  268.9805    0.1237   91.1278   94.4605     6870.5845     6866.3687     6874.8002 -92.204442  31.560906   0.000209   0.000577
1 42036U 17008CS  18097.23157319  .00002179  00000-0  91702-4 0  9999 | 2 42036  97.4563 162.6722 0006169 261.8435  98.2103 15.24453178 62470 | 2018/04/07-05:33:27  116.0902    0.1238   98.2803   94.4601     6870.5649     6866.3265     6874.8034 -93.033382  29.026198   0.000265   0.000557
1 42036U 17008CS  18098.41308003  .00002052  00000-0  86502-4 0  9990 | 2 42036  97.4563 163.8480 0006202 256.6696 103.3850 15.24457817 62654 | 2018/04/08-09:54:50  181.4206    0.1237  103.4541   94.4598     6870.5510     6866.2899     6874.8121 -93.609415  27.111028   0.000305   0.000540
1 42036U 17008CS  18099.46330478  .00002455  00000-0  10290-3 0  9994 | 2 42036  97.4563 164.8932 0006253 252.0310 108.0246 15.24463508 62819 | 2018/04/09-11:07:09  199.4905    0.1237  108.0927   94.4595     6870.5339     6866.2377     6874.8300 -94.088377  25.398972   0.000341   0.000524
1 42036U 17008CS  18100.77607949  .00003345  00000-0  13911-3 0  9993 | 2 42036  97.4562 166.1995 0006330 246.2240 113.8334 15.24472931 63010 | 2018/04/10-18:37:33  312.0752    0.1237  113.8997   94.4589     6870.5056     6866.1565     6874.8546 -94.642854  23.247390   0.000386   0.000502
1 42036U 17008CS  18101.82629365  .00003695  00000-0  15329-3 0  9999 | 2 42036  97.4561 167.2447 0006388 241.7562 118.3031 15.24480482 63174 | 2018/04/11-19:49:51  330.1404    0.1237  118.3675   94.4584     6870.4829     6866.0940     6874.8718 -95.051069  21.517104   0.000419   0.000482
1 42036U 17008CS  18102.87650219 +.00003543 +00000-0 +14707-3 0  9998 | 2 42036 097.4562 168.2899 0006455 237.2666 122.7950 15.24487874063336 | 2018/04/12-21:02:09  348.2031    0.1238  122.8572   94.4580     6870.4607     6866.0258     6874.8956 -95.427849  19.779701   0.000452   0.000461
1 42036U 17008CS  18104.45180641  .00002819  00000-0  11758-3 0  9999 | 2 42036  97.4557 169.8575 0006573 230.6240 129.4415 15.24496541 63571 | 2018/04/14-10:50:36  195.2938    0.1236  129.4996   94.4574     6870.4346     6865.9187     6874.9506 -95.932743  17.161651   0.000500   0.000427
1 42036U 17008CS  18105.83019022  .00002612  00000-0  10914-3 0  9990 | 2 42036  97.4553 171.2291 0006689 224.9598 135.1099 15.24504197 63781 | 2018/04/15-19:55:28  331.4947    0.1238  135.1640   94.4569     6870.4116     6865.8160     6875.0073 -96.315653  14.860365   0.000540   0.000395
1 42036U 17008CS  18106.94601980 +.00002524 +00000-0 +10557-3 0  9998 | 2 42036 097.4550 172.3395 0006797 220.4834 139.5898 15.24510322063950 | 2018/04/16-22:42:16   13.1793    0.1237  139.6403   94.4566     6870.3932     6865.7234     6875.0630 -96.585247  12.991040   0.000571   0.000368
1 42036U 17008CS  18108.45566525  .00002564  00000-0  10716-3 0  9992 | 2 42036  97.4546 173.8418 0006922 214.4147 145.6643 15.24518290 64181 | 2018/04/18-10:56:09  196.6315    0.1237  145.7090   94.4561     6870.3693     6865.6136     6875.1250 -96.892237  10.454349   0.000610   0.000328
1 42036U 17008CS  18109.70275799  .00002569  00000-0  10734-3 0  9996 | 2 42036  97.4543 175.0829 0007057 209.5211 150.5628 15.24524636 64375 | 2018/04/19-16:51:58  285.5681    0.1236  150.6025   94.4557     6870.3502     6865.5018     6875.1986 -97.095645   8.353225   0.000642   0.000294
1 42036U 17008CS  18110.81857124  .00003807  00000-0  15756-3 0  9993 | 2 42036  97.4542 176.1933 0007157 205.4004 154.6883 15.24535384 64547 | 2018/04/20-19:38:44  327.2455    0.1237  154.7233   94.4550     6870.3179     6865.4009     6875.2350 -97.239188   6.470041   0.000665   0.000263
1 42036U 17008CS  18112.13128454  .00004732  00000-0  19505-3 0  9991 | 2 42036  97.4540 177.4997 0007295 200.3262 159.7686 15.24547097 64745 | 2018/04/22-03:09:02   79.8037    0.1237  159.7975   94.4543     6870.2828     6865.2709     6875.2946 -97.361223   4.251394   0.000694   0.000223
1 42036U 17008CS  18113.18144791  .00003384  00000-0  14033-3 0  9992 | 2 42036  97.4540 178.5447 0007414 196.6027 163.4969 15.24553413 64909 | 2018/04/23-04:21:17   97.8478    0.1237  163.5210   94.4539     6870.2638     6865.1702     6875.3574 -97.422566   2.475044   0.000716   0.000194
1 42036U 17008CS  18114.42851115  .00002876  00000-0  11965-3 0  9991 | 2 42036  97.4542 179.7856 0007536 192.1386 167.9671 15.24560566 65099 | 2018/04/24-10:17:03  186.7727    0.1237  167.9851   94.4534     6870.2423     6865.0649     6875.4197 -97.453518   0.364671   0.000737   0.000156
1 42036U 17008CS  18115.47866523  .00002865  00000-0  11919-3 0  9993 | 2 42036  97.4543 180.8307 0007654 188.3802 171.7308 15.24567249 65258 | 2018/04/25-11:29:16  204.8128    0.1236  171.7434   94.4530     6870.2222     6864.9637     6875.4807 -97.444057  -1.412887   0.000756   0.000123
1 42036U 17008CS  18116.59444984 +.00002617 +00000-0 +10911-3 0  9996 | 2 42036 097.4542 181.9410 0007784 184.4325 175.6845 15.24572728065421 | 2018/04/26-14:16:00  246.4788    0.1237  175.6912   94.4527     6870.2057     6864.8580     6875.5535 -97.398284  -3.300809   0.000774   0.000086
1 42036U 17008CS  18117.71023083  .00002377  00000-0  99346-4 0  9997 | 2 42036  97.4540 183.0512 0007905 180.5674 179.5556 15.24577581 65596 | 2018/04/27-17:02:43  288.1435    0.1237  179.5563   94.4524     6870.1912     6864.7603     6875.6221 -97.315846  -5.187313   0.000789   0.000050
1 42036U 17008CS  18118.82600767  .00002242  00000-0  93873-4 0  9990 | 2 42036  97.4538 184.1613 0008021 176.8716 183.2573 15.24582691 65760 | 2018/04/28-19:49:27  329.8069    0.1237  183.2521   94.4521     6870.1758     6864.6653     6875.6864 -97.196884  -7.071691   0.000802   0.000014
1 42036U 17008CS  18119.87614733 +.00002263 +00000-0 +94710-4 0  9998 | 2 42036 097.4536 185.2064 0008125 173.4201 186.7144 15.24587720065925 | 2018/04/29-21:01:39  347.8416    0.1236  186.7035   94.4518     6870.1607     6864.5787     6875.7427 -97.051533  -8.843312   0.000812  -0.000019
1 42036U 17008CS  18121.45135154  .00002142  00000-0  89797-4 0  9995 | 2 42036  97.4532 186.7737 0008296 168.1868 191.9566 15.24594015 66161 | 2018/05/01-10:49:56  194.8915    0.1237  191.9369   94.4514     6870.1418     6864.4423     6875.8413 -96.772953 -11.494426   0.000826  -0.000073
1 42036U 17008CS  18122.82964995  .00002208  00000-0  92423-4 0  9993 | 2 42036  97.4528 188.1451 0008429 163.6764 196.4746 15.24599830 66371 | 2018/05/02-19:54:41  331.0584    0.1236  196.4472   94.4510     6870.1243     6864.3335     6875.9152 -96.469739 -13.807159   0.000834  -0.000120
1 42036U 17008CS  18123.87977861 +.00002034 +00000-0 +85354-4 0  9997 | 2 42036 097.4532 189.1899 0008486 160.3220 199.8347 15.24603720066533 | 2018/05/03-21:06:52  349.0893    0.1237  199.8017   94.4508     6870.1126     6864.2827     6875.9426 -96.202333 -15.563975   0.000834  -0.000154
1 42036U 17008CS  18125.12680313 +.00002011 +00000-0 +84417-4 0  9994 | 2 42036 097.4530 190.4306 0008610 156.3649 203.7986 15.24608520066726 | 2018/05/05-03:02:35   77.9997    0.1237  203.7588   94.4505     6870.0982     6864.1831     6876.0134 -95.842581 -17.643321   0.000838  -0.000197
1 42036U 17008CS  18126.24255683 +.00003868 +00000-0 +15960-3 0  9993 | 2 42036 097.4524 191.5409 0008741 152.8344 207.3353 15.24618979066898 | 2018/05/06-05:49:16  119.6543    0.1237  207.2893   94.4498     6870.0668     6864.0617     6876.0719 -95.482121 -19.497048   0.000842  -0.000235
1 42036U 17008CS  18127.42393711 +.00004322 +00000-0 +17794-3 0  9992 | 2 42036 097.4524 192.7163 0008838 149.1432 211.0327 15.24627317067072 | 2018/05/07-10:10:28  184.9340    0.1237  210.9805   94.4493     6870.0418     6863.9700     6876.1135 -95.062084 -21.451585   0.000840  -0.000275
1 42036U 17008CS  18128.47404700  .00003906  00000-0  16106-3 0  9992 | 2 42036  97.4524 193.7612 0008947 145.8580 214.3235 15.24633493 67234 | 2018/05/08-11:22:37  202.9581    0.1237  214.2657   94.4489     6870.0232     6863.8766     6876.1698 -94.655086 -23.181564   0.000839  -0.000312
1 42036U 17008CS  18129.78667557  .00003364  00000-0  13910-3 0  9996 | 2 42036  97.4525 195.0673 0009050 141.9514 218.2364 15.24642609 67434 | 2018/05/09-18:52:48  315.4858    0.1237  218.1723   94.4484     6869.9958     6863.7785     6876.2132 -94.102195 -25.333114   0.000833  -0.000353
1 42036U 17008CS  18130.83677211  .00003341  00000-0  13813-3 0  9999 | 2 42036  97.4525 196.1120 0009095 138.8389 221.3536 15.24650722 67595 | 2018/05/10-20:04:57  333.5062    0.1237  221.2848   94.4479     6869.9714     6863.7232     6876.2197 -93.624668 -27.044616   0.000824  -0.000385
1 42036U 17008CS  18131.88686371 +.00003174 +00000-0 +13135-3 0  9993 | 2 42036 097.4527 197.1568 0009168 135.6482 224.5491 15.24658008067752 | 2018/05/11-21:17:05  351.5246    0.1237  224.4755   94.4474     6869.9496     6863.6512     6876.2479 -93.116157 -28.747348   0.000815  -0.000419
1 42036U 17008CS  18133.46199058 +.00003238 +00000-0 +13388-3 0  9991 | 2 42036 097.4525 198.7240 0009292 130.9297 229.2746 15.24669832067992 | 2018/05/13-11:05:15  198.5486    0.1237  229.1940   94.4467     6869.9140     6863.5305     6876.2976 -92.294914 -31.283201   0.000802  -0.000469
1 42036U 17008CS  18134.70895731  .00002824  00000-0  11709-3 0  9995 | 2 42036  97.4521 199.9646 0009346 127.3650 232.8440 15.24678301 68188 | 2018/05/14-17:00:53  287.4404    0.1237  232.7587   94.4462     6869.8886     6863.4680     6876.3092 -91.595595 -33.273996   0.000787  -0.000505
1 42036U 17008CS  18135.82465971  .00002776  00000-0  11514-3 0  9998 | 2 42036  97.4519 201.0748 0009396 124.0189 236.1942 15.24684733 68358 | 2018/05/15-19:47:30  329.0786    0.1237  236.1048   94.4458     6869.8693     6863.4144     6876.3242 -90.933516 -35.042382   0.000771  -0.000538
1 42036U 17008CS  18136.87472859 +.00002741 +00000-0 +11369-3 0  9997 | 2 42036 097.4517 202.1197 0009435 120.9991 239.2174 15.24690681068514 | 2018/05/16-20:59:36  347.0901    0.1237  239.1246   94.4454     6869.8514     6863.3697     6876.3331 -90.279179 -36.694737   0.000755  -0.000566
1 42036U 17008CS  18138.12167944 +.00003136 +00000-0 +12961-3 0  9991 | 2 42036 097.4514 203.3604 0009494 117.5037 242.7166 15.24698951068704 | 2018/05/18-02:55:13   75.9770    0.1237  242.6200   94.4449     6869.8266     6863.3044     6876.3488 -89.463201 -38.640795   0.000736  -0.000599
1 42036U 17008CS  18139.43425355 +.00002665 +00000-0 +11059-3 0  9992 | 2 42036 097.4512 204.6663 0009547 113.7385 246.4855 15.24704804068907 | 2018/05/19-10:25:19  188.4878    0.1237  246.3852   94.4445     6869.8090     6863.2504     6876.3676 -88.559148 -40.669566   0.000714  -0.000634
1 42036U 17008CS  18140.61556498 +.00002251 +00000-0 +93853-4 0  9991 | 2 42036 097.4512 205.8417 0009580 110.3866 249.8402 15.24710249069086 | 2018/05/20-14:46:24  253.7461    0.1238  249.7372   94.4442     6869.7926     6863.2114     6876.3739 -87.706253 -42.477637   0.000692  -0.000663
1 42036U 17008CS  18141.73124436 +.00002027 +00000-0 +84792-4 0  9991 | 2 42036 097.4511 206.9518 0009608 107.1528 253.0763 15.24714952069250 | 2018/05/21-17:32:59  295.3779    0.1238  252.9710   94.4439     6869.7785     6863.1780     6876.3790 -86.866754 -44.168813   0.000669  -0.000690
1 42036U 17008CS  18143.17505974 +.00002275 +00000-0 +94795-4 0  9990 | 2 42036 097.4512 208.3884 0009623 102.9318 257.2995 15.24721743069473 | 2018/05/23-04:12:05   95.1357    0.1238  257.1920   94.4435     6869.7581     6863.1473     6876.3689 -85.732191 -46.332794   0.000635  -0.000723
1 42036U 17008CS  18144.48761367 +.00002332 +00000-0 +97066-4 0  9993 | 2 42036 097.4514 209.6943 0009640 099.1934 261.0394 15.24727735069670 | 2018/05/24-11:42:09  207.6415    0.1237  260.9303   94.4431     6869.7401     6863.1177     6876.3625 -84.654160 -48.274719   0.000605  -0.000750
1 42036U 17008CS  18145.86578938 +.00002181 +00000-0 +90959-4 0  9992 | 2 42036 097.4514 211.0655 0009630 095.2681 264.9656 15.24733661069883 | 2018/05/25-20:46:44  343.7710    0.1238  264.8557   94.4427     6869.7223     6863.1068     6876.3379 -83.474721 -50.286642   0.000571  -0.000776
1 42036U 17008CS  18146.91582421 +.00002145 +00000-0 +89483-4 0  9991 | 2 42036 097.4513 212.1101 0009622 092.2729 267.9611 15.24738327070049 | 2018/05/26-21:58:47    1.7736    0.1238  267.8509   94.4424     6869.7083     6863.0983     6876.3183 -82.544003 -51.800034   0.000543  -0.000794
1 42036U 17008CS  18148.49087067 +.00002100 +00000-0 +87645-4 0  9991 | 2 42036 097.4512 213.6772 0009602 087.6564 272.5773 15.24745168070289 | 2018/05/28-11:46:51  208.7760    0.1238  272.4674   94.4420     6869.6878     6863.0915     6876.2840 -81.096438 -54.037988   0.000499  -0.000820
1 42036U 17008CS  18149.86902969 +.00002218 +00000-0 +92397-4 0  9990 | 2 42036 097.4509 215.0484 0009577 083.7645 276.4684 15.24751803070499 | 2018/05/29-20:51:24  344.9012    0.1238  276.3593   94.4416     6869.6678     6863.0887     6876.2469 -79.779858 -55.962953   0.000462  -0.000839
1 42036U 17008CS  18150.91905185 +.00002243 +00000-0 +93381-4 0  9993 | 2 42036 097.4507 216.0931 0009548 080.7640 279.4677 15.24756563070656 | 2018/05/30-22:03:26    2.9007    0.1238  279.3598   94.4413     6869.6535     6863.0944     6876.2127 -78.746094 -57.408115   0.000431  -0.000852
1 42036U 17008CS  18152.49407789 +.00003399 +00000-0 +13995-3 0  9990 | 2 42036 097.4503 217.6601 0009480 076.1218 284.1074 15.24767877070898 | 2018/06/01-11:51:28  209.8979    0.1238  284.0020   94.4406     6869.6195     6863.1071     6876.1319 -77.146452 -59.539784   0.000382  -0.000868
1 42036U 17008CS  18153.60971342 +.00003823 +00000-0 +15702-3 0  9995 | 2 42036 097.4502 218.7701 0009421 072.8374 287.3894 15.24776559071063 | 2018/06/02-14:37:59  251.5188    0.1237  287.2863   94.4401     6869.5935     6863.1216     6876.0653 -75.978496 -61.023025   0.000347  -0.000876
1 42036U 17008CS  18154.92221870 +.00003594 +00000-0 +14776-3 0  9990 | 2 42036 097.4499 220.0760 0009362 069.1183 291.1056 15.24785093071268 | 2018/06/03-22:07:59    4.0113    0.1238  291.0055   94.4395     6869.5678     6863.1365     6875.9991 -74.567800 -62.738554   0.000308  -0.000884
1 42036U 17008CS  18156.36596589 +.00002625 +00000-0 +10869-3 0  9995 | 2 42036 097.4501 221.5124 0009279 064.7939 295.4259 15.24792062071489 | 2018/06/05-08:46:59  163.7510    0.1237  295.3298   94.4391     6869.5469     6863.1726     6875.9212 -72.971833 -64.588184   0.000261  -0.000891
1 42036U 17008CS  18157.48158377 +.00002273 +00000-0 +94513-4 0  9996 | 2 42036 097.4502 222.6223 0009211 061.4779 298.7385 15.24797567071654 | 2018/06/06-11:33:28  205.3666    0.1238  298.6459   94.4388     6869.5304     6863.2028     6875.8579 -71.707130 -65.989613   0.000224  -0.000893
1 42036U 17008CS  18158.59719700 +.00002481 +00000-0 +10287-3 0  9998 | 2 42036 097.4503 223.7322 0009133 058.1351 302.0774 15.24804316071820 | 2018/06/07-14:19:57  246.9809    0.1238  301.9887   94.4383     6869.5101     6863.2362     6875.7840 -70.415517 -67.366282   0.000188  -0.000894
1 42036U 17008CS  18159.90967789 +.00002284 +00000-0 +94897-4 0  9997 | 2 42036 097.4503 225.0380 0009039 054.1863 306.0213 15.24810475072026 | 2018/06/08-21:49:56  359.4668    0.1238  305.9375   94.4380     6869.4916     6863.2823     6875.7009 -68.862051 -68.953454   0.000145  -0.000892
1 42036U 17008CS  18161.48464811  .00001914  00000-0  80002-4 0  9993 | 2 42036  97.4504 226.6049 0008919  49.4858 310.7155 15.24817262 72267 | 2018/06/10-11:37:53  206.4479    0.1238  310.6380   94.4375     6869.4712     6863.3443     6875.5981 -66.950897 -70.810718   0.000095  -0.000887
1 42036U 17008CS  18162.79711842  .00001818  00000-0  76136-4 0  9993 | 2 42036  97.4503 227.9107 0008807  45.5333 314.6623 15.24822353 72468 | 2018/06/11-19:07:51  318.9307    0.1238  314.5905   94.4372     6869.4559     6863.4060     6875.5059 -65.319771 -72.317968   0.000053  -0.000879
1 42036U 17008CS  18163.91271497 +.00001900 +00000-0 +79413-4 0  9998 | 2 42036 097.4501 229.0207 0008712 041.8080 318.3822 15.24826639072635 | 2018/06/12-21:54:18    0.5404    0.1238  318.3158   94.4370     6869.4431     6863.4584     6875.4277 -63.906443 -73.569617   0.000013  -0.000871
1 42036U 17008CS  18165.22517694  .00001886  00000-0  78822-4 0  9992 | 2 42036  97.4501 230.3265 0008598  37.7296 322.4543 15.24831955 72834 | 2018/06/14-05:24:15  113.0209    0.1238  322.3942   94.4366     6869.4271     6863.5208     6875.3334 -62.213303 -75.006846  -0.000029  -0.000859
1 42036U 17008CS  18166.40638923  .00001887  00000-0  78860-4 0  9995 | 2 42036  97.4501 231.5018 0008488  34.0537 326.1244 15.24836499 73017 | 2018/06/15-09:45:12  178.2521    0.1238  326.0701   94.4364     6869.4134     6863.5827     6875.2442 -60.661718 -76.267149  -0.000066  -0.000846
1 42036U 17008CS  18167.45635285  .00001896  00000-0  79219-4 0  9998 | 2 42036  97.4500 232.5465 0008382  30.6834 329.4892 15.24840529 73179 | 2018/06/16-10:57:08  196.2347    0.1238  329.4404   94.4361     6869.4013     6863.6434     6875.1593 -59.261037 -77.360403  -0.000099  -0.000832
1 42036U 17008CS  18168.83442605  .00001833  00000-0  76661-4 0  9992 | 2 42036  97.4499 233.9176 0008246  26.2426 333.9228 15.24845491 73386 | 2018/06/17-20:01:34  332.3354    0.1238  333.8812   94.4358     6869.3864     6863.7219     6875.0509 -57.392937 -78.756167  -0.000141  -0.000812
1 42036U 17008CS  18170.14687094  .00002288  00000-0  94960-4 0  9999 | 2 42036  97.4492 235.2235 0008088  22.2592 337.8995 15.24852587 73584 | 2018/06/19-03:31:29   84.8100    0.1238  337.8646   94.4354     6869.3651     6863.8092     6874.9211 -55.582755 -80.043138  -0.000175  -0.000790
1 42036U 17008CS  18171.39368762  .00002487  00000-0  10296-3 0  9995 | 2 42036  97.4494 236.4639 0007961  18.1657 341.9864 15.24859480 73773 | 2018/06/20-09:26:54  173.6591    0.1239  341.9582   94.4349     6869.3444     6863.8757     6874.8131 -53.837117 -81.227768  -0.000211  -0.000768
1 42036U 17008CS  18172.70612025  .00002382  00000-0  98735-4 0  9994 | 2 42036  97.4496 237.7697 0007808  13.6760 346.4688 15.24866406 73970 | 2018/06/21-16:56:48  286.1299    0.1238  346.4478   94.4345     6869.3236     6863.9601     6874.6872 -51.972181 -82.433712  -0.000248  -0.000740
1 42036U 17008CS  18173.82168411  .00002238  00000-0  92907-4 0  9998 | 2 42036  97.4494 238.8793 0007672   9.8317 350.3069 15.24871513 74143 | 2018/06/22-19:43:13  327.7291    0.1238  350.2921   94.4342     6869.3083     6864.0381     6874.5784 -50.366006 -83.424523  -0.000279  -0.000715
1 42036U 17008CS  18174.87162202 +.00002815 +00000-0 +11609-3 0  9996 | 2 42036 097.4496 239.9240 0007563 006.1163 354.0166 15.24878728074304 | 2018/06/23-20:55:08  345.7026    0.1239  354.0076   94.4337     6869.2866     6864.0914     6874.4819 -48.836701 -84.329124  -0.000307  -0.000691
1 42036U 17008CS  18175.92155579 +.00002931 +00000-0 +12073-3 0  9997 | 2 42036 097.4496 240.9686 0007436 002.3857 357.7415 15.24884760074464 | 2018/06/24-22:07:02    3.6747    0.1238  357.7381   94.4334     6869.2685     6864.1605     6874.3765 -47.291206 -85.205436  -0.000333  -0.000665
1 42036U 17008CS  18177.23396611 +.00003760 +00000-0 +15400-3 0  9995 | 2 42036 097.4496 242.2744 0007304 357.5558 002.5643 15.24895576074668 | 2018/06/26-05:36:54  116.1373    0.1238    2.5680   94.4327     6869.2360     6864.2187     6874.2533 -45.337218 -86.261006  -0.000367  -0.000631
1 42036U 17008CS  18178.41512865 +.00003501 +00000-0 +14356-3 0  9999 | 2 42036 097.4496 243.4496 0007163 353.2610 006.8530 15.24902859074845 | 2018/06/27-09:57:47  181.3509    0.1238    6.8628   94.4322     6869.2141     6864.2937     6874.1346 -43.558496 -87.172713  -0.000393  -0.000599
1 42036U 17008CS  18179.59628547 +.00002558 +00000-0 +10567-3 0  9995 | 2 42036 097.4493 244.6248 0007032 348.8104 011.2976 15.24907907075027 | 2018/06/28-14:18:39  246.5624    0.1238   11.3134   94.4319     6869.1990     6864.3686     6874.0294 -41.761322 -88.047476  -0.000419  -0.000565
1 42036U 17008CS  18180.90867651 +.00002221 +00000-0 +92123-4 0  9999 | 2 42036 097.4490 245.9305 0006913 343.6505 016.4509 15.24914372075222 | 2018/06/29-21:48:29  359.0176    0.1239   16.4734   94.4315     6869.1796     6864.4309     6873.9282 -39.744037 -88.975947  -0.000448  -0.000526
1 42036U 17008CS  18182.41792140 +.00001861 +00000-0 +77678-4 0  9994 | 2 42036 097.4487 247.4321 0006768 337.6373 022.4568 15.24919867075458 | 2018/07/01-10:01:48  182.3391    0.1237   22.4864   94.4312     6869.1631     6864.5140     6873.8121 -37.398670 -89.986602  -0.000478  -0.000479
1 42036U 17008CS  18183.46782881 +.00001789 +00000-0 +74766-4 0  9995 | 2 42036 097.4490 248.4766 0006711 333.4992 026.5901 15.24922693075610 | 2018/07/02-11:13:40  200.3009    0.1237   26.6245   94.4310     6869.1546     6864.5447     6873.7645 -35.752205 -90.653668  -0.000499  -0.000449
1 42036U 17008CS  18184.91144733 +.00001409 +00000-0 +59487-4 0  9996 | 2 42036 097.4489 249.9129 0006574 327.5846 032.4987 15.24926020075838 | 2018/07/03-21:52:29  359.9961    0.1238   32.5392   94.4308     6869.1446     6864.6288     6873.6604 -33.468654 -91.521240  -0.000522  -0.000400
1 42036U 17008CS  18186.22382461  .00001396  00000-0  58982-4 0  9998 | 2 42036  97.4489 251.2185 0006461 322.2095  37.8688 15.24930156 76034 | 2018/07/05-05:22:18  112.4449    0.1238   37.9143   94.4306     6869.1322     6864.6940     6873.5703 -31.374650 -92.260064  -0.000539  -0.000356
1 42036U 17008CS  18187.73305419 +.00001441 +00000-0 +60784-4 0  9997 | 2 42036 097.4488 252.7201 0006333 315.9572 044.1160 15.24934980076265 | 2018/07/06-17:35:35  295.7586    0.1237   44.1665   94.4303     6869.1177     6864.7675     6873.4679 -28.946183 -93.050455  -0.000556  -0.000304
1 42036U 17008CS  18189.17665988  .00001654  00000-0  69290-4 0  9994 | 2 42036  97.4487 254.1564 0006253 309.7355  50.3331 15.24940862 76482 | 2018/07/08-04:14:23   95.4479    0.1238   50.3883   94.4299     6869.1000     6864.8048     6873.3953 -26.604702 -93.746675  -0.000572  -0.000253
1 42036U 17008CS  18190.22655237  .00001776  00000-0  74212-4 0  9993 | 2 42036  97.4487 255.2009 0006188 305.1374  54.9283 15.24944997 76643 | 2018/07/09-05:26:14  113.4024    0.1238   54.9864   94.4296     6869.0876     6864.8370     6873.3382 -24.891377 -94.216073  -0.000580  -0.000215
1 42036U 17008CS  18191.40767805  .00001869  00000-0  77926-4 0  9997 | 2 42036  97.4487 256.3760 0006116 300.0324  60.0306 15.24949634 76826 | 2018/07/10-09:47:03  178.5994    0.1237   60.0913   94.4293     6869.0737     6864.8726     6873.2748 -22.953966 -94.706729  -0.000587  -0.000173
1 42036U 17008CS  18192.85127062 +.00001878 +00000-0 +78270-4 0  9995 | 2 42036 097.4486 257.8122 0006075 293.5191 066.5408 15.24955268077044 | 2018/07/11-20:25:49  338.2825    0.1238   66.6047   94.4290     6869.0568     6864.8838     6873.2297 -20.573024 -95.252193  -0.000596  -0.000119
1 42036U 17008CS  18194.16362310  .00001850  00000-0  77143-4 0  9996 | 2 42036  97.4486 259.1179 0006041 287.6522  72.4056 15.24960291 77245 | 2018/07/13-03:55:37   90.7193    0.1238   72.4716   94.4287     6869.0417     6864.8921     6873.1913 -18.397190 -95.696254  -0.000600  -0.000071
1 42036U 17008CS  18195.60720565  .00002053  00000-0  85258-4 0  9998 | 2 42036  97.4483 260.5543 0005962 280.7735  79.2831 15.24967134 77467 | 2018/07/14-14:34:22  250.3967    0.1237   79.3502   94.4283     6869.0211     6864.9258     6873.1164 -15.992515 -96.127055  -0.000596  -0.000014
1 42036U 17008CS  18196.65707970  .00002012  00000-0  83599-4 0  9990 | 2 42036  97.4485 261.5987 0005990 276.3209  83.7346 15.24971346 77629 | 2018/07/15-15:46:11  268.3428    0.1237   83.8028   94.4280     6869.0085     6864.8939     6873.1230 -14.237759 -96.402782  -0.000599   0.000022
1 42036U 17008CS  18197.70695087  .00002177  00000-0  90205-4 0  9996 | 2 42036  97.4479 262.6434 0005966 271.1918  88.8636 15.24976543 77783 | 2018/07/16-16:58:00  286.2867    0.1238   88.9320   94.4277     6868.9929     6864.8948     6873.0909 -12.477657 -96.645751  -0.000593   0.000064
1 42036U 17008CS  18198.75681874  .00002191  00000-0  90751-4 0  9993 | 2 42036  97.4478 263.6880 0005980 266.3209  93.7345 15.24981287 77944 | 2018/07/17-18:09:49  304.2293    0.1238   93.8029   94.4274     6868.9786     6864.8710     6873.0863 -10.713653 -96.857067  -0.000589   0.000104
1 42036U 17008CS  18199.87229989 +.00002037 +00000-0 +84562-4 0  9994 | 2 42036 097.4477 264.7977 0006019 261.1605 098.8951 15.24985787078117 | 2018/07/18-20:56:06  345.7921    0.1237   98.9632   94.4271     6868.9651     6864.8307     6873.0995  -8.835832 -97.046289  -0.000584   0.000146
1 42036U 17008CS  18200.92216154 +.00002046 +00000-0 +84934-4 0  9996 | 2 42036 097.4476 265.8421 0006047 256.3983 103.6581 15.24990297078271 | 2018/07/19-22:07:54    3.7319    0.1237  103.7254   94.4268     6868.9516     6864.7979     6873.1052  -7.065474 -97.191120  -0.000576   0.000184
1 42036U 17008CS  18202.43133271  .00002082  00000-0  86354-4 0  9990 | 2 42036  97.4479 267.3435 0006113 249.6557 110.4024 15.24996618 78509 | 2018/07/21-10:21:07  187.0179    0.1237  110.4680   94.4264     6868.9326     6864.7336     6873.1316  -4.516521 -97.343178  -0.000563   0.000239
1 42036U 17008CS  18203.48118695  .00002252  00000-0  93143-4 0  9992 | 2 42036  97.4480 268.3879 0006165 245.0555 115.0042 15.25001697 78662 | 2018/07/22-11:32:54  204.9542    0.1237  115.0682   94.4261     6868.9173     6864.6827     6873.1520  -2.741479 -97.409430  -0.000551   0.000276
1 42036U 17008CS  18204.92473182 +.00002284 +00000-0 +94389-4 0  9995 | 2 42036 097.4481 269.8240 0006252 238.8319 121.2306 15.25007824078880 | 2018/07/23-22:11:36    4.6143    0.1237  121.2918   94.4257     6868.8989     6864.6045     6873.1934  -0.299339 -97.447640  -0.000534   0.000325
1 42036U 17008CS  18206.89319328 +.00002084 +00000-0 +86373-4 0  9996 | 2 42036 097.4480 271.7824 0006396 230.4145 129.6528 15.25015412079187 | 2018/07/25-21:26:11  353.2374    0.1237  129.7092   94.4253     6868.8762     6864.4828     6873.2695   3.030996 -97.400851  -0.000505   0.000392
1 42036U 17008CS  18207.94303564 +.00001797 +00000-0 +74858-4 0  9993 | 2 42036 097.4478 272.8268 0006488 226.3991 133.6709 15.25018253079343 | 2018/07/26-22:37:58   11.1684    0.1237  133.7246   94.4251     6868.8676     6864.4111     6873.3241   4.805829 -97.329223  -0.000491   0.000424
1 42036U 17008CS  18209.84586969  .00001460  00000-0  61369-4 0  9996 | 2 42036  97.4476 274.7199 0006667 218.5504 141.5258 15.25023451 79632 | 2018/07/28-20:18:03  336.1648    0.1237  141.5733   94.4248     6868.8520     6864.2726     6873.4315   8.018442 -97.117142  -0.000457   0.000485
1 42036U 17008CS  18210.89570565 +.00001557 +00000-0 +65224-4 0  9999 | 2 42036 097.4474 275.7642 0006753 214.3944 145.6857 15.25027693079791 | 2018/07/29-21:29:48  354.0924    0.1237  145.7293   94.4245     6868.8393     6864.2008     6873.4778   9.787095 -96.954673  -0.000436   0.000516
1 42036U 17008CS  18211.94553959 +.00001531 +00000-0 +64199-4 0  9996 | 2 42036 097.4473 276.8087 0006847 210.2420 149.8423 15.25031016079950 | 2018/07/30-22:41:34   12.0186    0.1237  149.8817   94.4243     6868.8293     6864.1262     6873.5324  11.552840 -96.760055  -0.000413   0.000546
1 42036U 17008CS  18213.91397131 +.00001642 +00000-0 +68625-4 0  9994 | 2 42036 097.4471 278.7668 0007054 202.6577 157.4350 15.25038059080256 | 2018/08/01-21:56:07    0.6277    0.1237  157.4660   94.4239     6868.8082     6863.9629     6873.6534  14.852223 -96.308612  -0.000368   0.000602
1 42036U 17008CS  18215.42309668  .00001752  00000-0  73024-4 0  9991 | 2 42036  97.4470 280.2680 0007205 196.9444 163.1554 15.25043795 80481 | 2018/08/03-10:09:15  183.8920    0.1237  163.1793   94.4235     6868.7909     6863.8420     6873.7399  17.370189 -95.886362  -0.000329   0.000641
1 42036U 17008CS  18216.60414736 +.00001757 +00000-0 +73180-4 0  9993 | 2 42036 097.4468 281.4429 0007321 192.5524 167.5533 15.25048059080665 | 2018/08/04-14:29:58  249.0536    0.1238  167.5714   94.4233     6868.7781     6863.7495     6873.8068  19.332593 -95.509841  -0.000298   0.000669
1 42036U 17008CS  18217.71958126 +.00001765 +00000-0 +73500-4 0  9997 | 2 42036 097.4467 282.5525 0007439 188.5346 171.5766 15.25052041080838 | 2018/08/05-17:16:11  290.5941    0.1237  171.5891   94.4230     6868.7662     6863.6565     6873.8758  21.178491 -95.117458  -0.000268   0.000694
1 42036U 17008CS  18218.76939897 +.00001758 +00000-0 +73213-4 0  9990 | 2 42036 097.4466 283.5968 0007548 184.8338 175.2828 15.25055669080996 | 2018/08/06-18:27:56  308.5135    0.1237  175.2899   94.4228     6868.7553     6863.5707     6873.9398  22.908510 -94.715574  -0.000239   0.000716
1 42036U 17008CS  18220.73780043  .00001709  00000-0  71221-4 0  9990 | 2 42036  97.4465 285.5548 0007757 177.8629 182.2644 15.25062219 81295 | 2018/08/08-17:42:25  297.1095    0.1238  182.2609   94.4224     6868.7356     6863.4075     6874.0637  26.131245 -93.877465  -0.000180   0.000755
1 42036U 17008CS  18222.11567600  .00001776  00000-0  73886-4 0  9999 | 2 42036  97.4463 286.9253 0007898 173.2574 186.8771 15.25067426 81506 | 2018/08/10-02:46:34   73.1251    0.1237  186.8663   94.4221     6868.7200     6863.2951     6874.1449  28.369021 -93.225426  -0.000140   0.000777
1 42036U 17008CS  18223.16548301  .00001734  00000-0  72225-4 0  9992 | 2 42036  97.4463 287.9696 0008003 169.7358 190.4045 15.25070944 81668 | 2018/08/11-03:58:17   91.0403    0.1238  190.3880   94.4218     6868.7094     6863.2124     6874.2064  30.063386 -92.692903  -0.000107   0.000793
1 42036U 17008CS  18224.34651153 +.00002063 +00000-0 +85340-4 0  9991 | 2 42036 097.4462 289.1444 0008133 165.9406 194.2059 15.25077263081846 | 2018/08/12-08:18:58  156.1936    0.1237  194.1831   94.4214     6868.6904     6863.1041     6874.2767  31.957488 -92.056944  -0.000072   0.000810
1 42036U 17008CS  18225.72437544 +.00001840 +00000-0 +76418-4 0  9998 | 2 42036 097.4461 290.5150 0008265 161.4315 198.7225 15.25081038082054 | 2018/08/13-17:23:06  292.2046    0.1236  198.6921   94.4212     6868.6791     6863.0021     6874.3561  34.150238 -91.266114  -0.000028   0.000826
1 42036U 17008CS  18226.77417325  .00001797  00000-0  74689-4 0  9998 | 2 42036  97.4460 291.5592 0008368 158.1569 202.0027 15.25084660 82213 | 2018/08/14-18:34:48  310.1168    0.1237  201.9668   94.4210     6868.6682     6862.9205     6874.4159  35.807738 -90.628521   0.000004   0.000837
1 42036U 17008CS  18228.15202731  .00002027  00000-0  83869-4 0  9992 | 2 42036  97.4459 292.9299 0008468 153.7609 206.4059 15.25091404 82427 | 2018/08/16-03:38:55   86.1244    0.1237  206.3628   94.4206     6868.6480     6862.8316     6874.4643  37.965373 -89.745941   0.000049   0.000845
1 42036U 17008CS  18229.79232327  .00002667  00000-0  10939-3 0  9994 | 2 42036  97.4453 294.5617 0008685 148.6132 211.5626 15.25099940 82675 | 2018/08/17-19:00:56  316.6069    0.1238  211.5106   94.4200     6868.6223     6862.6570     6874.5877  40.505371 -88.627881   0.000103   0.000862
1 42036U 17008CS  18231.17016389  .00002405  00000-0  98913-4 0  9996 | 2 42036  97.4454 295.9321 0008802 144.4340 215.7486 15.25106398 82888 | 2018/08/19-04:05:02   92.6104    0.1237  215.6897   94.4196     6868.6030     6862.5572     6874.6487  42.613429 -87.633907   0.000147   0.000868
1 42036U 17008CS  18232.48238769  .00002471  00000-0  10151-3 0  9999 | 2 42036  97.4456 297.2370 0008908 140.6067 219.5820 15.25113193 83088 | 2018/08/20-11:34:38  204.9933    0.1237  219.5170   94.4192     6868.5826     6862.4640     6874.7011  44.598141 -86.640930   0.000188   0.000871
1 42036U 17008CS  18234.77876679  .00001960  00000-0  81110-4 0  9997 | 2 42036  97.4456 299.5211 0009065 133.6627 226.5364 15.25122027 83432 | 2018/08/22-18:41:25  311.6587    0.1238  226.4611   94.4187     6868.5560     6862.3297     6874.7824  48.015739 -84.794656   0.000262   0.000868
1 42036U 17008CS  18235.82853571  .00001814  00000-0  75266-4 0  9993 | 2 42036  97.4455 300.5652 0009123 130.5576 229.6457 15.25125843 83590 | 2018/08/23-19:53:05  329.5620    0.1237  229.5661   94.4184     6868.5446     6862.2784     6874.8108  49.552842 -83.905550   0.000295   0.000863
1 42036U 17008CS  18236.94391204 +.00001973 +00000-0 +81585-4 0  9994 | 2 42036 097.4452 301.6746 0009145 127.1864 233.0210 15.25130724083768 | 2018/08/24-22:39:14   11.0833    0.1237  232.9373   94.4181     6868.5299     6862.2487     6874.8112  51.167931 -82.930150   0.000330   0.000853
1 42036U 17008CS  18238.45294485  .00002074  00000-0  85599-4 0  9997 | 2 42036  97.4450 303.1755 0009224 122.7831 237.4297 15.25137440 83996 | 2018/08/26-10:52:14  194.3162    0.1238  237.3407   94.4177     6868.5098     6862.1742     6874.8453  53.322427 -81.561307   0.000376   0.000842
1 42036U 17008CS  18239.89634919 +.00004090 +00000-0 +16590-3 0  9990 | 2 42036 097.4445 304.6114 0009318 118.7722 241.4453 15.25157123084218 | 2018/08/27-21:30:44  353.9238    0.1238  241.3516   94.4165     6868.4507     6862.0506     6874.8507  55.349208 -80.199101   0.000417   0.000833
1 42036U 17008CS  18241.79900132  .00002650  00000-0  10846-3 0  9993 | 2 42036  97.4440 306.5039 0009381 113.1832 247.0395 15.25171598 84502 | 2018/08/29-19:10:33  318.8562    0.1238  246.9406   94.4156     6868.4072     6861.9640     6874.8505  57.967243 -78.327082   0.000473   0.000810
1 42036U 17008CS  18242.91434451 +.00002034 +00000-0 +83921-4 0  9995 | 2 42036 097.4437 307.6130 0009402 110.0021 250.2229 15.25175156084676 | 2018/08/30-21:56:39    0.3677    0.1237  250.1216   94.4154     6868.3965     6861.9389     6874.8542  59.472318 -77.190142   0.000504   0.000794
1 42036U 17008CS  18244.48894098  .00001887  00000-0  78059-4 0  9997 | 2 42036  97.4436 309.1789 0009436 105.5174 254.7106 15.25181523 84912 | 2018/09/01-11:44:04  207.2056    0.1237  254.6063   94.4150     6868.3774     6861.8964     6874.8584  61.559397 -75.536056   0.000545   0.000770
1 42036U 17008CS  18245.73549276  .00001837  00000-0  76059-4 0  9994 | 2 42036  97.4439 310.4185 0009419 101.6876 258.5420 15.25185679 85106 | 2018/09/02-17:39:06  295.9517    0.1238  258.4362   94.4147     6868.3649     6861.8956     6874.8342  63.179288 -74.186867   0.000579   0.000743
1 42036U 17008CS  18246.91643279 +.00001785 +00000-0 +73982-4 0  9997 | 2 42036 097.4437 311.5929 0009429 098.3656 261.8651 15.25189960085280 | 2018/09/03-21:59:39    1.0786    0.1238  261.7582   94.4145     6868.3521     6861.8759     6874.8282  64.686396 -72.876229   0.000607   0.000722
1 42036U 17008CS  18248.22858336  .00002069  00000-0  85242-4 0  9993 | 2 42036  97.4436 312.8978 0009430  94.5985 265.6330 15.25196690 85488 | 2018/09/05-05:29:09  113.4404    0.1238  265.5253   94.4141     6868.3319     6861.8550     6874.8087  66.329151 -71.384164   0.000637   0.000695
1 42036U 17008CS  18249.40951623 +.00002201 +00000-0 +90503-4 0  9991 | 2 42036 097.4438 314.0722 0009459 091.4905 268.7416 15.25200962085667 | 2018/09/06-09:49:42  178.5652    0.1237  268.6332   94.4138     6868.3190     6861.8223     6874.8158  67.778426 -70.009850   0.000662   0.000675
1 42036U 17008CS  18250.45922982 +.00002051 +00000-0 +84521-4 0  9990 | 2 42036 097.4438 315.1163 0009437 088.5007 271.7312 15.25205136085829 | 2018/09/07-11:01:17  196.4528    0.1238  271.6231   94.4135     6868.3065     6861.8249     6874.7881  69.042891 -68.763169   0.000683   0.000651
1 42036U 17008CS  18251.90258188 +.00001641 +00000-0 +68185-4 0  9993 | 2 42036 097.4436 316.5517 0009405 084.3075 275.9234 15.25209728086044 | 2018/09/08-21:39:43  356.0478    0.1237  275.8162   94.4132     6868.2927     6861.8331     6874.7524  70.743586 -67.011941   0.000711   0.000615
1 42036U 17008CS  18252.95228951 +.00001621 +00000-0 +67400-4 0  9991 | 2 42036 097.4432 317.5955 0009351 081.0351 279.1945 15.25212860086202 | 2018/09/09-22:51:17   13.9347    0.1238  279.0887   94.4131     6868.2833     6861.8608     6874.7059  71.952291 -65.711834   0.000730   0.000584
1 42036U 17008CS  18254.92047921 +.00002242 +00000-0 +92064-4 0  9990 | 2 42036 097.4429 319.5527 0009285 075.2398 284.9868 15.25225093086500 | 2018/09/11-22:05:29    2.4687    0.1238  284.8840   94.4123     6868.2466     6861.8694     6874.6238  74.154339 -63.215922   0.000763   0.000530
1 42036U 17008CS  18256.16699322 +.00002636 +00000-0 +10771-3 0  9997 | 2 42036 097.4423 320.7925 0009246 071.9608 288.2636 15.25232641086691 | 2018/09/13-04:00:28   91.2048    0.1237  288.1629   94.4118     6868.2239     6861.8736     6874.5743  75.504311 -61.596273   0.000778   0.000500
1 42036U 17008CS  18257.47910442 +.00002735 +00000-0 +11164-3 0  9998 | 2 42036 097.4420 322.0973 0009185 068.1050 292.1164 15.25241994086890 | 2018/09/14-11:29:54  203.5563    0.1238  292.0188   94.4112     6868.1959     6861.8874     6874.5043  76.887111 -59.860802   0.000794   0.000462
1 42036U 17008CS  18258.92241951 +.00002701 +00000-0 +11023-3 0  9998 | 2 42036 097.4418 323.5323 0009094 063.8228 296.3944 15.25249913087117 | 2018/09/15-22:08:17    3.1415    0.1238  296.3010   94.4108     6868.1721     6861.9262     6874.4180  78.361922 -57.916436   0.000808   0.000418
1 42036U 17008CS  18260.43133275  .00002411  00000-0  98689-4 0  9998 | 2 42036  97.4419 325.0326 0008999  59.3220 300.8904 15.25256833 87344 | 2018/09/17-10:21:07  186.3421    0.1239  300.8019   94.4103     6868.1513     6861.9707     6874.3320  79.851519 -55.844953   0.000820   0.000371
1 42036U 17008CS  18261.80902975  .00002031  00000-0  83602-4 0  9998 | 2 42036  97.4421 326.4025 0008898  54.9754 305.2317 15.25262425 87553 | 2018/09/18-19:25:00  322.3063    0.1238  305.1484   94.4100     6868.1345     6862.0233     6874.2458  81.163948 -53.920093   0.000829   0.000324
1 42036U 17008CS  18262.85870057 +.00001999 +00000-0 +82314-4 0  9990 | 2 42036 097.4421 327.4463 0008819 051.8593 308.3438 15.25266660087711 | 2018/09/19-20:36:31  340.1826    0.1238  308.2645   94.4097     6868.1218     6862.0648     6874.1788  82.132728 -52.432603   0.000832   0.000292
1 42036U 17008CS  18264.89243055 +.00001922 +00000-0 +79238-4 0  9995 | 2 42036 097.4418 329.4685 0008660 045.3152 314.8790 15.25274209088024 | 2018/09/21-21:25:05  352.3166    0.1238  314.8086   94.4093     6868.0992     6862.1514     6874.0469  83.931494 -49.501603   0.000837   0.000221
1 42036U 17008CS  18266.59812825 +.00003302 +00000-0 +13399-3 0  9990 | 2 42036 097.4419 331.1646 0008491 040.3470 319.8397 15.25286172088280 | 2018/09/23-14:21:18  246.3604    0.1239  319.7769   94.4085     6868.0632     6862.2316     6873.8949  85.359968 -46.995742   0.000832   0.000169
1 42036U 17008CS  18267.91019577 +.00003124 +00000-0 +12692-3 0  9997 | 2 42036 097.4414 332.4694 0008367 036.2839 323.8965 15.25293053088481 | 2018/09/24-21:50:40  358.6995    0.1239  323.8400   94.4081     6868.0426     6862.2961     6873.7891  86.407535 -45.039585   0.000827   0.000127
1 42036U 17008CS  18269.22225667 +.00002552 +00000-0 +10421-3 0  9994 | 2 42036 097.4410 333.7739 0008243 032.0052 328.1685 15.25299453088684 | 2018/09/26-05:20:02  111.0368    0.1238  328.1186   94.4077     6868.0234     6862.3621     6873.6847  87.410146 -43.060594   0.000820   0.000083
1 42036U 17008CS  18270.79672261 +.00002186 +00000-0 +89641-4 0  9998 | 2 42036 097.4405 335.3394 0008095 026.8797 333.2859 15.25306480088921 | 2018/09/27-19:07:16  317.8390    0.1239  333.2442   94.4073     6868.0023     6862.4426     6873.5619  88.553470 -40.656292   0.000809   0.000031
1 42036U 17008CS  18271.84636293 +.00001998 +00000-0 +82171-4 0  9991 | 2 42036 097.4402 336.3830 0007985 023.4345 336.7255 15.25310469089081 | 2018/09/28-20:18:45  335.7061    0.1238  336.6893   94.4070     6867.9903     6862.5062     6873.4744  89.278989 -39.036581   0.000798  -0.000003
1 42036U 17008CS  18272.89599990 +.00002153 +00000-0 +88313-4 0  9997 | 2 42036 097.4400 337.4264 0007873 019.9735 340.1810 15.25315633089243 | 2018/09/29-21:30:14  353.5721    0.1239  340.1504   94.4067     6867.9748     6862.5677     6873.3820  89.974848 -37.404283   0.000786  -0.000036
1 42036U 17008CS  18273.94563369 +.00002140 +00000-0 +87786-4 0  9994 | 2 42036 097.4399 338.4699 0007766 016.4300 343.7188 15.25320295089409 | 2018/09/30-22:41:42   11.4370    0.1238  343.6938   94.4064     6867.9608     6862.6272     6873.2945  90.641021 -35.759466   0.000774  -0.000069
1 42036U 17008CS  18275.32327245 +.00002566 +00000-0 +10468-3 0  9993 | 2 42036 097.4399 339.8392 0007607 011.6956 348.4457 15.25328006089614 | 2018/10/02-07:45:30  147.3831    0.1238  348.4282   94.4059     6867.9377     6862.7132     6873.1621  91.469664 -33.583249   0.000752  -0.000112
1 42036U 17008CS  18276.83210902  .00002248  00000-0  92046-4 0  9991 | 2 42036  97.4399 341.3392 0007433   6.5280 353.6054 15.25333807 89843 | 2018/10/03-19:58:14  330.5593    0.1239  353.5959   94.4056     6867.9203     6862.8153     6873.0252  92.317427 -31.177344   0.000727  -0.000156
1 42036U 17008CS  18278.14413514  .00002213  00000-0  90662-4 0  9995 | 2 42036  97.4400 342.6436 0007309   1.7824 358.3438 15.25339798 90049 | 2018/10/05-03:27:33   82.8847    0.1238  358.3414   94.4052     6867.9023     6862.8825     6872.9220  93.003324 -29.067771   0.000704  -0.000196
1 42036U 17008CS  18279.19375280  .00002419  00000-0  98795-4 0  9991 | 2 42036  97.4400 343.6871 0007207 357.9636   2.1571 15.25344804 90201 | 2018/10/06-04:39:00  100.7436    0.1238    2.1602   94.4049     6867.8872     6862.9376     6872.8369  93.517268 -27.369220   0.000684  -0.000227
1 42036U 17008CS  18280.76817422  .00002784  00000-0  11326-3 0  9994 | 2 42036  97.4398 345.2524 0007026 352.1592   7.9535 15.25352125 90441 | 2018/10/07-18:26:10  307.5299    0.1239    7.9647   94.4044     6867.8653     6863.0399     6872.6906  94.229802 -24.804416   0.000649  -0.000270
1 42036U 17008CS  18281.81778062  .00003831  00000-0  15472-3 0  9997 | 2 42036  97.4396 346.2959 0006934 348.0581  12.0492 15.25361938 90600 | 2018/10/08-19:37:36  325.3846    0.1239   12.0658   94.4038     6867.8358     6863.0737     6872.5980  94.665706 -23.084188   0.000625  -0.000300
1 42036U 17008CS  18283.12978244  .00003979  00000-0  16051-3 0  9994 | 2 42036  97.4392 347.6004 0006794 343.1868  16.9143 15.25370973 90807 | 2018/10/10-03:06:53   77.7001    0.1238   16.9370   94.4033     6867.8087     6863.1427     6872.4747  95.166312 -20.922974   0.000593  -0.000332
1 42036U 17008CS  18284.17937699  .00003383  00000-0  13689-3 0  9992 | 2 42036  97.4387 348.6438 0006696 338.8687  21.2273 15.25378276 90968 | 2018/10/11-04:18:18   95.5504    0.1238   21.2551   94.4028     6867.7868     6863.1881     6872.3854  95.531044 -19.186451   0.000565  -0.000360
1 42036U 17008CS  18285.49136308  .00002760  00000-0  11221-3 0  9994 | 2 42036  97.4383 349.9479 0006579 333.7595  26.3309 15.25386707 91162 | 2018/10/12-11:47:33  207.8600    0.1239   26.3644   94.4023     6867.7615     6863.2432     6872.2798  95.942568 -17.007232   0.000530  -0.000389
1 42036U 17008CS  18286.80334273  .00002697  00000-0  10966-3 0  9995 | 2 42036  97.4381 351.2520 0006484 328.5413  31.5437 15.25394403 91363 | 2018/10/13-19:16:48  320.1672    0.1239   31.5826   94.4018     6867.7384     6863.2853     6872.1914  96.304585 -14.819252   0.000495  -0.000419
1 42036U 17008CS  18287.85292022  .00003568  00000-0  14411-3 0  9993 | 2 42036  97.4379 352.2951 0006393 324.1593  35.9215 15.25404059 91528 | 2018/10/14-20:28:12  338.0107    0.1238   35.9645   94.4012     6867.7094     6863.3189     6872.0999  96.558205 -13.063590   0.000463  -0.000440
1 42036U 17008CS  18288.90249349 +.00003188 +00000-0 +12908-3 0  9991 | 2 42036 097.4378 353.3383 0006312 319.7264 040.3506 15.25409759091686 | 2018/10/15-21:39:35  355.8522    0.1239   40.3975   94.4009     6867.6923     6863.3574     6872.0272  96.779941 -11.303449   0.000431  -0.000461
1 42036U 17008CS  18290.47684551  .00002728  00000-0  11082-3 0  9995 | 2 42036  97.4380 354.9033 0006217 313.0801  46.9916 15.25418422 91927 | 2018/10/17-11:26:39  202.6109    0.1238   47.0437   94.4003     6867.6663     6863.3967     6871.9359  97.052748  -8.656093   0.000383  -0.000490
1 42036U 17008CS  18291.85439682  .00002689  00000-0  10926-3 0  9993 | 2 42036  97.4381 356.2726 0006131 307.1258  52.9420 15.25425736 92134 | 2018/10/18-20:30:19  338.5218    0.1239   52.9981   94.3999     6867.6443     6863.4338     6871.8549  97.231984  -6.334405   0.000337  -0.000512
1 42036U 17008CS  18292.90395591 +.00002688 +00000-0 +10922-3 0  9995 | 2 42036 097.4381 357.3159 0006075 302.4800 057.5850 15.25430853092295 | 2018/10/19-21:41:41  356.3571    0.1238   57.6438   94.3996     6867.6290     6863.4569     6871.8011  97.331202  -4.562953   0.000302  -0.000527
1 42036U 17008CS  18293.95351233 +.00002564 +00000-0 +10429-3 0  9991 | 2 42036 097.4381 358.3592 0006040 297.9353 062.1273 15.25435125092456 | 2018/10/20-22:53:03   14.1910    0.1238   62.1885   94.3993     6867.6161     6863.4681     6871.7642  97.398148  -2.789989   0.000268  -0.000542
1 42036U 17008CS  18295.65903509  .00002468  00000-0  10048-3 0  9999 | 2 42036  97.4380   0.0547 0005982 290.3450  69.7145 15.25442075 92717 | 2018/10/22-15:49:00  268.1678    0.1238   69.7788   94.3989     6867.5953     6863.4871     6871.7035  97.437956   0.093024   0.000209  -0.000561
1 42036U 17008CS  18297.43014550 +.00002654 +00000-0 +10780-3 0  9996 | 2 42036 097.4375 001.8153 0005944 282.3456 077.7117 15.25450785092982 | 2018/10/24-10:19:24  185.7548    0.1239   77.7783   94.3983     6867.5691     6863.4871     6871.6512  97.388600   3.086592   0.000145  -0.000576
1 42036U 17008CS  18298.74207240 +.00002449 +00000-0 +99693-4 0  9994 | 2 42036 097.4371 003.1193 0005933 276.3663 083.6899 15.25456914093184 | 2018/10/25-17:48:35  298.0387    0.1238   83.7575   94.3979     6867.5508     6863.4762     6871.6253  97.292737   5.302056   0.000098  -0.000585
1 42036U 17008CS  18300.77554990  .00002102  00000-0  85930-4 0  9993 | 2 42036  97.4364   5.1403 0005957 267.2564  92.7992 15.25465078 93497 | 2018/10/27-18:36:47  310.0745    0.1238   92.8674   94.3974     6867.5262     6863.4353     6871.6172  97.044539   8.729800   0.000025  -0.000595
1 42036U 17008CS  18302.15305980  .00002001  00000-0  81942-4 0  9997 | 2 42036  97.4361   6.5092 0005994 261.0675  98.9885 15.25471216 93703 | 2018/10/29-03:40:24   85.9665    0.1238   99.0563   94.3971     6867.5078     6863.3914     6871.6242  96.807994  11.045624  -0.000025  -0.000599
1 42036U 17008CS  18303.20258789  .00001812  00000-0  74457-4 0  9990 | 2 42036  97.4360   7.5523 0006045 256.1409 103.9157 15.25475114 93867 | 2018/10/30-04:51:43  103.7874    0.1238  103.9829   94.3968     6867.4961     6863.3447     6871.6475  96.590772  12.806124  -0.000066  -0.000601
1 42036U 17008CS  18304.77687562  .00001763  00000-0  72532-4 0  9995 | 2 42036  97.4362   9.1168 0006122 249.7094 110.3487 15.25480560 94103 | 2018/10/31-18:38:42  310.5167    0.1239  110.4145   94.3965     6867.4798     6863.2755     6871.6841  96.205326  15.438531  -0.000119  -0.000601
1 42036U 17008CS  18306.15437132  .00001870  00000-0  76716-4 0  9992 | 2 42036  97.4360  10.4858 0006185 243.8333 116.2269 15.25486868 94315 | 2018/11/02-03:42:17   86.4017    0.1238  116.2905   94.3961     6867.4609     6863.2133     6871.7084  95.808823  17.732556  -0.000167  -0.000595
1 42036U 17008CS  18307.66305212  .00001904  00000-0  78054-4 0  9997 | 2 42036  97.4359  11.9851 0006261 237.2496 122.8139 15.25492923 94547 | 2018/11/03-15:54:47  269.5113    0.1238  122.8742   94.3957     6867.4427     6863.1430     6871.7424  95.311957  20.233277  -0.000222  -0.000585
1 42036U 17008CS  18308.71256571  .00001877  00000-0  76994-4 0  9997 | 2 42036  97.4363  13.0282 0006329 232.3786 127.6878 15.25497112 94702 | 2018/11/04-17:06:05  287.3246    0.1238  127.7452   94.3955     6867.4301     6863.0837     6871.7765  94.928215  21.965123  -0.000263  -0.000575
1 42036U 17008CS  18310.15563816  .00003094  00000-0  12498-3 0  9992 | 2 42036  97.4361  14.4626 0006437 226.5577 133.5126 15.25508903 94927 | 2018/11/06-03:44:07   86.8148    0.1238  133.5661   94.3947     6867.3947     6862.9742     6871.8153  94.348435  24.334470  -0.000312  -0.000563
1 42036U 17008CS  18311.46751483  .00002928  00000-0  11837-3 0  9997 | 2 42036  97.4358  15.7664 0006584 221.0732 139.0011 15.25516714 95121 | 2018/11/07-11:13:13  199.0756    0.1238  139.0506   94.3942     6867.3713     6862.8498     6871.8928  93.770022  26.474859  -0.000360  -0.000551
1 42036U 17008CS  18312.71379117  .00002535  00000-0  10287-3 0  9998 | 2 42036  97.4353  17.0050 0006675 216.1645 143.9143 15.25523701 95314 | 2018/11/08-17:07:51  287.7204    0.1238  143.9593   94.3938     6867.3503     6862.7664     6871.9343  93.175354  28.495456  -0.000400  -0.000534
1 42036U 17008CS  18313.82887590  .00002236  00000-0  91041-4 0  9996 | 2 42036  97.4349  18.1131 0006767 211.9831 148.0997 15.25529327 95484 | 2018/11/09-19:53:34  329.1379    0.1237  148.1406   94.3935     6867.3334     6862.6863     6871.9806  92.606482  30.291901  -0.000434  -0.000519
1 42036U 17008CS  18314.87836249 +.00002795 +00000-0 +11308-3 0  9994 | 2 42036 097.4346 019.1561 0006866 207.9307 152.1563 15.25537283095645 | 2018/11/10-21:04:50  346.9403    0.1237  152.1930   94.3930     6867.3095     6862.5945     6872.0246  92.039458  31.972479  -0.000467  -0.000503
1 42036U 17008CS  18316.45258531  .00002704  00000-0  10943-3 0  9996 | 2 42036  97.4342  20.7203 0007015 201.9027 158.1912 15.25545975 95889 | 2018/11/12-10:51:43  193.6410    0.1237  158.2210   94.3924     6867.2835     6862.4661     6872.1009  91.132033  34.472829  -0.000516  -0.000475
1 42036U 17008CS  18317.83002290  .00002500  00000-0  10138-3 0  9998 | 2 42036  97.4341  22.0890 0007150 196.8493 163.2508 15.25553276 96099 | 2018/11/13-19:55:13  329.5013    0.1237  163.2744   94.3920     6867.2616     6862.3515     6872.1716  90.282519  36.639740  -0.000556  -0.000449
1 42036U 17008CS  18318.94508720 +.00002577 +00000-0 +10441-3 0  9991 | 2 42036 097.4340 023.1970 0007268 192.7822 167.3232 15.25559241096266 | 2018/11/14-22:40:55   10.9102    0.1237  167.3415   94.3916     6867.2437     6862.2525     6872.2348  89.557042  38.378647  -0.000588  -0.000427
1 42036U 17008CS  18320.19133177  .00002395  00000-0  97229-4 0  9999 | 2 42036  97.4341  24.4354 0007401 188.2788 171.8329 15.25564138 96456 | 2018/11/16-04:35:31   99.5419    0.1237  171.8449   94.3913     6867.2290     6862.1465     6872.3114  88.706757  40.305273  -0.000623  -0.000400
1 42036U 17008CS  18321.43757310  .00002286  00000-0  92892-4 0  9998 | 2 42036  97.4342  25.6738 0007527 183.9445 176.1735 15.25568406 96649 | 2018/11/17-10:30:06  188.1724    0.1238  176.1793   94.3910     6867.2161     6862.0472     6872.3851  87.815031  42.213075  -0.000654  -0.000372
1 42036U 17008CS  18322.88058272 +.00002540 +00000-0 +10287-3 0  9999 | 2 42036 097.4340 027.1078 0007615 179.2113 180.9138 15.25576784096861 | 2018/11/18-21:08:02  347.6371    0.1237  180.9124   94.3905     6867.1910     6861.9616     6872.4204  86.730951  44.397370  -0.000683  -0.000338
1 42036U 17008CS  18324.19240548  .00003023  00000-0  12188-3 0  9993 | 2 42036  97.4342  28.4114 0007797 174.5948 185.5376 15.25582453 97061 | 2018/11/20-04:37:03   99.8754    0.1238  185.5290   94.3902     6867.1740     6861.8197     6872.5283  85.698633  46.359116  -0.000718  -0.000305
1 42036U 17008CS  18325.30744959  .00002843  00000-0  11478-3 0  9992 | 2 42036  97.4340  29.5194 0007910 170.8705 189.2679 15.25587417 97237 | 2018/11/21-07:22:43  141.2763    0.1238  189.2533   94.3899     6867.1591     6861.7272     6872.5910  84.785987  48.007508  -0.000741  -0.000276
1 42036U 17008CS  18326.42248911  .00002739  00000-0  11066-3 0  9990 | 2 42036  97.4338  30.6274 0008028 167.2682 192.8761 15.25593140 97402 | 2018/11/22-10:08:23  182.6757    0.1238  192.8556   94.3895     6867.1419     6861.6290     6872.6549  83.841638  49.637940  -0.000764  -0.000247
1 42036U 17008CS  18327.47193434  .00002364  00000-0  95886-4 0  9992 | 2 42036  97.4335  31.6703 0008118 163.7590 196.3909 15.25597688 97567 | 2018/11/23-11:19:35  200.4618    0.1237  196.3647   94.3892     6867.1283     6861.5535     6872.7030  82.924033  51.155564  -0.000783  -0.000216
1 42036U 17008CS  18328.71814656  .00002187  00000-0  88907-4 0  9995 | 2 42036  97.4330  32.9085 0008235 159.6987 200.4580 15.25603024 97758 | 2018/11/24-17:14:07  289.0816    0.1237  200.4250   94.3889     6867.1123     6861.4572     6872.7673  81.798830  52.935252  -0.000804  -0.000180
1 42036U 17008CS  18329.83317518  .00002201  00000-0  89423-4 0  9995 | 2 42036  97.4328  34.0161 0008277 156.2486 203.9135 15.25607807 97922 | 2018/11/25-19:59:46  330.4779    0.1237  203.8751   94.3886     6867.0979     6861.4140     6872.7818  80.760139  54.506426  -0.000814  -0.000147
1 42036U 17008CS  18330.88261056 +.00002195 +00000-0 +89193-4 0  9993 | 2 42036 097.4327 035.0588 0008364 152.8956 207.2720 15.25612475098088 | 2018/11/26-21:10:57  348.2608    0.1237  207.2281   94.3883     6867.0839     6861.3403     6872.8275  79.754801  55.966979  -0.000828  -0.000116
1 42036U 17008CS  18331.93204327 +.00002105 +00000-0 +85639-4 0  9990 | 2 42036 097.4326 036.1015 0008460 149.6088 210.5642 15.25616432098246 | 2018/11/27-22:22:08    6.0428    0.1237  210.5149   94.3881     6867.0720     6861.2625     6872.8816  78.723052  57.408994  -0.000842  -0.000084
1 42036U 17008CS  18333.70295500  .00002013  00000-0  81996-4 0  9990 | 2 42036  97.4324  37.8611 0008601 144.1054 216.0763 15.25622999 98514 | 2018/11/29-16:52:15  283.5483    0.1237  216.0183   94.3877     6867.0523     6861.1460     6872.9587  76.922973  59.799070  -0.000860  -0.000030
1 42036U 17008CS  18334.94914728 +.00002267 +00000-0 +91971-4 0  9992 | 2 42036 097.4323 039.0992 0008684 140.1295 220.0583 15.25629131098704 | 2018/11/30-22:46:46   12.1616    0.1238  219.9943   94.3873     6867.0339     6861.0706     6872.9973  75.612844  61.447139  -0.000868   0.000012
1 42036U 17008CS  18336.72004425  .00002666  00000-0  10762-3 0  9995 | 2 42036  97.4325  40.8586 0008838 135.0194 225.1761 15.25636766 98972 | 2018/12/02-17:16:51  289.6629    0.1237  225.1043   94.3868     6867.0110     6860.9419     6873.0801  73.690769  63.739805  -0.000882   0.000064
1 42036U 17008CS  18338.16299039  .00002340  00000-0  94794-4 0  9999 | 2 42036  97.4325  42.2924 0008937 130.7154 229.4862 15.25642341 99192 | 2018/12/04-03:54:42   89.1058    0.1238  229.4084   94.3865     6866.9943     6860.8573     6873.1313  72.072804  65.563732  -0.000887   0.000109
1 42036U 17008CS  18339.47475338  .00002082  00000-0  84626-4 0  9998 | 2 42036  97.4323  43.5958 0008997 126.7806 233.4259 15.25648185 99395 | 2018/12/05-11:23:38  201.3251    0.1238  233.3432   94.3861     6866.9767     6860.7985     6873.1550  70.562655  67.186046  -0.000887   0.000150
1 42036U 17008CS  18340.85209847 +.00002284 +00000-0 +92564-4 0  9996 | 2 42036 097.4319 044.9641 0009067 122.7156 237.4957 15.25655428099608 | 2018/12/06-20:27:01  337.1538    0.1237  237.4081   94.3857     6866.9550     6860.7287     6873.1813  68.937911  68.851576  -0.000886   0.000193
1 42036U 17008CS  18341.90150050 +.00001918 +00000-0 +78152-4 0  9994 | 2 42036 097.4316 046.0068 0009113 119.6383 240.5763 15.25659179099764 | 2018/12/07-21:38:09  354.9269    0.1237  240.4854   94.3854     6866.9438     6860.6859     6873.2016  67.673358  70.094460  -0.000883   0.000226
1 42036U 17008CS  18342.95089825 +.00002550 +00000-0 +10296-3 0  9998 | 2 42036 097.4313 047.0493 0009141 116.4969 243.7208 15.25666462099920 | 2018/12/08-22:49:17   12.6988    0.1238  243.6269   94.3850     6866.9219     6860.6449     6873.1990  66.386650  71.313891  -0.000877   0.000259
1 42036U 17008CS  18344.85292068  .00002789  00000-0  11231-3 0  9998 | 2 42036  97.4307  48.9388 0009206 110.9342 249.2882 15.25677898100211 | 2018/12/10-20:28:12  337.4074    0.1238  249.1896   94.3843     6866.8876     6860.5659     6873.2092  63.998796  73.463565  -0.000864   0.000317
1 42036U 17008CS  18346.16465279  .00002454  00000-0  99155-4 0  9991 | 2 42036  97.4304  50.2418 0009236 107.1819 253.0431 15.25684352100416 | 2018/12/12-03:57:06   89.6183    0.1238  252.9419   94.3839     6866.8682     6860.5260     6873.2105  62.311518  74.899650  -0.000853   0.000355
1 42036U 17008CS  18347.41079301  .00002066  00000-0  83889-4 0  9993 | 2 42036  97.4303  51.4796 0009258 103.5296 256.6974 15.25689697100609 | 2018/12/13-09:51:32  178.2172    0.1238  256.5942   94.3835     6866.8522     6860.4949     6873.2095  60.678932  76.228148  -0.000839   0.000391
1 42036U 17008CS  18348.46017114  .00001854  00000-0  75562-4 0  9996 | 2 42036  97.4304  52.5222 0009254 100.4453 259.7829 15.25693619100762 | 2018/12/14-11:02:38  195.9839    0.1239  259.6786   94.3833     6866.8404     6860.4858     6873.1950  59.281915  77.319709  -0.000824   0.000421
1 42036U 17008CS  18349.83747562  .00001910  00000-0  77744-4 0  9992 | 2 42036  97.4304  53.8904 0009270  96.4775 263.7518 15.25699304100972 | 2018/12/15-20:05:57  331.8017    0.1237  263.6462   94.3829     6866.8234     6860.4578     6873.1889  57.418826  78.713158  -0.000806   0.000458
1 42036U 17008CS  18351.14918979  .00001899  00000-0  77337-4 0  9995 | 2 42036  97.4303  55.1936 0009229  92.4122 267.8173 15.25704319101175 | 2018/12/17-03:34:49   84.0083    0.1238  267.7116   94.3826     6866.8083     6860.4709     6873.1457  55.613730  79.998602  -0.000779   0.000494
1 42036U 17008CS  18352.19855749  .00001940  00000-0  78932-4 0  9995 | 2 42036  97.4302  56.2360 0009224  89.3778 270.8517 15.25708799101334 | 2018/12/18-04:45:55  101.7726    0.1238  270.7460   94.3824     6866.7949     6860.4609     6873.1288  54.149112  80.997022  -0.000761   0.000521
1 42036U 17008CS  18353.37909307  .00002215  00000-0  89686-4 0  9990 | 2 42036  97.4306  57.4090 0009232  86.1299 274.0994 15.25714087101515 | 2018/12/19-09:05:53  166.7562    0.1238  273.9939   94.3820     6866.7790     6860.4396     6873.1184  52.479867  82.088887  -0.000742   0.000549
1 42036U 17008CS  18354.42845345 +.00002387 +00000-0 +96427-4 0  9999 | 2 42036 097.4304 058.4514 0009208 083.1145 277.1141 15.25719682101676 | 2018/12/20-10:16:58  184.5185    0.1239  277.0094   94.3817     6866.7622     6860.4393     6873.0851  50.977691  83.029861  -0.000721   0.000572
1 42036U 17008CS  18355.47781040  .00002414  00000-0  97434-4 0  9996 | 2 42036  97.4303  59.4939 0009166  79.9768 280.2504 15.25724973101839 | 2018/12/21-11:28:02  202.2802    0.1238  280.1470   94.3814     6866.7463     6860.4523     6873.0404  49.458552  83.943522  -0.000697   0.000596
1 42036U 17008CS  18356.72391818  .00001893  00000-0  77031-4 0  9996 | 2 42036  97.4299  60.7317 0009132  76.3917 283.8337 15.25728850102021 | 2018/12/22-17:22:26  290.8713    0.1238  283.7321   94.3811     6866.7347     6860.4640     6873.0054  47.633467  84.991989  -0.000669   0.000621
1 42036U 17008CS  18357.90443730 +.00001849 +00000-0 +75285-4 0  9998 | 2 42036 097.4294 061.9043 0009090 072.9833 287.2401 15.25733557102207 | 2018/12/23-21:42:23  355.8511    0.1239  287.1406   94.3808     6866.7206     6860.4787     6872.9624  45.883955  85.948535  -0.000641   0.000644
1 42036U 17008CS  18359.47845742  .00001845  00000-0  75107-4 0  9990 | 2 42036  97.4293  63.4676 0009006  68.0262 292.1932 15.25739436102446 | 2018/12/25-11:28:58  202.4905    0.1238  292.0976   94.3805     6866.7029     6860.5188     6872.8871  43.522040  87.168231  -0.000597   0.000675
1 42036U 17008CS  18360.85571996  .00001816  00000-0  73985-4 0  9991 | 2 42036  97.4290  64.8357 0008939  63.9047 296.3110 15.25744660102655 | 2018/12/26-20:32:14  338.2981    0.1238  296.2191   94.3801     6866.6873     6860.5491     6872.8254  41.428314  88.182225  -0.000559   0.000697
1 42036U 17008CS  18362.16739384  .00001874  00000-0  76230-4 0  9994 | 2 42036  97.4289  66.1386 0008866  59.9589 300.2528 15.25750134102858 | 2018/12/28-04:01:02   90.4946    0.1239  300.1650   94.3798     6866.6708     6860.5829     6872.7588  39.412481  89.101329  -0.000522   0.000716
1 42036U 17008CS  18363.41347919  .00002725  00000-0  10955-3 0  9999 | 2 42036  97.4287  67.3762 0008802  56.4566 303.7511 15.25757956103045 | 2018/12/29-09:55:24  179.0800    0.1238  303.6672   94.3793     6866.6474     6860.6034     6872.6914  37.478753  89.931611  -0.000490   0.000731
1 42036U 17008CS  18364.46280972 +.00002538 +00000-0 +10220-3 0  9997 | 2 42036 097.4288 068.4186 0008722 053.2368 306.9669 15.25762566103204 | 2018/12/30-11:06:26  196.8348    0.1238  306.8870   94.3790     6866.6335     6860.6445     6872.6226  35.836524  90.598646  -0.000458   0.000742
1 42036U 17008CS  18365.51213602 +.00002556 +00000-0 +10289-3 0  9995 | 2 42036 097.4288 069.4609 0008651 050.0314 310.1683 15.25768352103361 | 2018/12/31-12:17:28  214.5883    0.1239  310.0925   94.3787     6866.6162     6860.6759     6872.5565  34.182554  91.235542  -0.000426   0.000753
1 42036U 17008CS  19001.88937153 +.00002107 +00000-0 +85300-4 0  9996 | 2 42036 097.4289 070.8290 0008536 045.8028 314.3910 15.25774258103574 | 2019/01/01-21:20:41  350.3883    0.1239  314.3211   94.3783     6866.5985     6860.7371     6872.4598  31.994541  92.025757  -0.000383   0.000763
1 42036U 17008CS  19003.39776643  .00002238  00000-0  90413-4 0  9995 | 2 42036  97.4287  72.3274 0008417  41.1665 319.0207 15.25781363103807 | 2019/01/03-09:32:47  173.4054    0.1239  318.9574   94.3779     6866.5772     6860.7976     6872.3568  29.577156  92.830725  -0.000336   0.000772
1 42036U 17008CS  19004.84057425  .00001753  00000-0  71439-4 0  9994 | 2 42036  97.4281  73.7602 0008305  36.3001 323.8799 15.25784825104027 | 2019/01/04-20:10:25  332.8127    0.1239  323.8238   94.3777     6866.5668     6860.8641     6872.2694  27.246557  93.540685  -0.000285   0.000780
1 42036U 17008CS  19005.88988369 +.00002235 +00000-0 +90294-4 0  9995 | 2 42036 097.4281 074.8027 0008203 033.2035 326.9716 15.25791706104186 | 2019/01/05-21:21:25  350.5608    0.1238  326.9203   94.3772     6866.5461     6860.9135     6872.1787  25.540163  94.020927  -0.000254   0.000780
1 42036U 17008CS  19007.46384224  .00002204  00000-0  89043-4 0  9997 | 2 42036  97.4276  76.3660 0008056  28.1306 332.0365 15.25799122104425 | 2019/01/07-11:07:55  197.1819    0.1238  331.9932   94.3768     6866.5239     6860.9922     6872.0555  22.965521  94.682216  -0.000202   0.000780
1 42036U 17008CS  19008.77546879  .00001877  00000-0  76261-4 0  9991 | 2 42036  97.4271  77.6686 0007928  23.8968 336.2636 15.25804304104623 | 2019/01/08-18:36:40  309.3644    0.1238  336.2270   94.3765     6866.5083     6861.0646     6871.9521  20.807097  95.179328  -0.000159   0.000777
1 42036U 17008CS  19009.89034798 +.00001816 +00000-0 +73875-4 0  9998 | 2 42036 097.4269 078.7758 0007812 020.2071 339.9475 15.25808765104794 | 2019/01/09-21:22:06  350.7184    0.1239  339.9168   94.3762     6866.4949     6861.1308     6871.8590  18.964015  95.563419  -0.000122   0.000772
1 42036U 17008CS  19010.93964350 +.00001880 +00000-0 +76361-4 0  9995 | 2 42036 097.4270 079.8180 0007737 016.3621 343.7866 15.25812589104954 | 2019/01/10-22:33:05    8.4627    0.1239  343.7618   94.3759     6866.4835     6861.1709     6871.7961  17.222710  95.892641  -0.000083   0.000769
1 42036U 17008CS  19012.71032414  .00001721  00000-0  70140-4 0  9993 | 2 42036  97.4269  81.5765 0007549  10.2585 349.8805 15.25818490105222 | 2019/01/12-17:02:52  285.9042    0.1238  349.8653   94.3756     6866.4658     6861.2823     6871.6493  14.271947  96.375891  -0.000024   0.000755
1 42036U 17008CS  19013.75961319  .00001608  00000-0  65713-4 0  9997 | 2 42036  97.4268  82.6186 0007445   6.6501 353.4834 15.25821583105389 | 2019/01/13-18:13:50  303.6459    0.1238  353.4737   94.3754     6866.4565     6861.3444     6871.5686  12.516778  96.619416   0.000010   0.000744
1 42036U 17008CS  19015.13680193  .00001601  00000-0  65431-4 0  9999 | 2 42036  97.4266  83.9863 0007310   1.7765 358.3498 15.25825997105598 | 2019/01/15-03:16:59   79.4308    0.1239  358.3474   94.3751     6866.4432     6861.4239     6871.4626  10.207021  96.890449   0.000054   0.000729
1 42036U 17008CS  19016.77630689  .00001650  00000-0  67328-4 0  9996 | 2 42036  97.4264  85.6145 0007137 355.8374   4.2804 15.25831605105843 | 2019/01/16-18:37:52  309.6488    0.1239    4.2865   94.3748     6866.4264     6861.5258     6871.3270   7.449875  97.141149   0.000106   0.000706
1 42036U 17008CS  19018.15348614  .00001700  00000-0  69258-4 0  9994 | 2 42036  97.4263  86.9823 0007016 350.6659   9.4448 15.25836547106059 | 2019/01/18-03:41:01   85.4301    0.1239    9.4580   94.3745     6866.4116     6861.5941     6871.2291   5.128954  97.291201   0.000150   0.000685
1 42036U 17008CS  19019.46508169  .00001709  00000-0  69606-4 0  9998 | 2 42036  97.4261  88.2848 0006880 345.7894  14.3149 15.25841003106251 | 2019/01/19-11:09:43  197.6011    0.1238   14.3344   94.3742     6866.3982     6861.6741     6871.1223   2.916101  97.382449   0.000189   0.000662
1 42036U 17008CS  19020.84225225 +.00001654 +00000-0 +67454-4 0  9999 | 2 42036 097.4257 089.6525 0006756 340.3765 019.7212 15.25845704106468 | 2019/01/20-20:12:50  333.3788    0.1238   19.7473   94.3739     6866.3841     6861.7452     6871.0230   0.590885  97.423908   0.000231   0.000635
1 42036U 17008CS  19022.80963201 +.00001776 +00000-0 +72216-4 0  9997 | 2 42036 097.4254 091.6061 0006574 332.6473 027.4419 15.25853184106760 | 2019/01/22-19:25:52  321.6296    0.1239   27.4766   94.3734     6866.3617     6861.8477     6870.8756  -2.730645  97.387125   0.000286   0.000592
1 42036U 17008CS  19024.44910694  .00002150  00000-0  86793-4 0  9999 | 2 42036  97.4252  93.2343 0006440 325.9315  34.1509 15.25861294107016 | 2019/01/24-10:46:42  191.8351    0.1239   34.1924   94.3729     6866.3374     6861.9154     6870.7593  -5.496653  97.270018   0.000330   0.000553
1 42036U 17008CS  19025.82626029  .00002174  00000-0  87744-4 0  9991 | 2 42036  97.4250  94.6019 0006353 320.2884  39.7889 15.25866911107227 | 2019/01/25-19:49:48  327.6052    0.1239   39.8355   94.3726     6866.3205     6861.9583     6870.6827  -7.816601  97.110923   0.000365   0.000520
1 42036U 17008CS  19027.20340897  .00002244  00000-0  90452-4 0  9999 | 2 42036  97.4245  95.9693 0006205 314.4014  45.6715 15.25872859107434 | 2019/01/27-04:52:54  103.3731    0.1238   45.7224   94.3722     6866.3027     6862.0421     6870.5632 -10.131716  96.896241   0.000396   0.000478
1 42036U 17008CS  19028.44939530  .00001884  00000-0  76377-4 0  9993 | 2 42036  97.4246  97.2066 0006129 309.1164  50.9528 15.25877291107623 | 2019/01/28-10:47:07  191.9227    0.1238   51.0074   94.3719     6866.2894     6862.0810     6870.4977 -12.221674  96.654971   0.000423   0.000443
1 42036U 17008CS  19029.82653343  .00001851  00000-0  75071-4 0  9995 | 2 42036  97.4245  98.5742 0006052 303.0750  56.9906 15.25882849107830 | 2019/01/29-19:50:12  327.6858    0.1238   57.0488   94.3716     6866.2727     6862.1172     6870.4282 -14.525028  96.335646   0.000452   0.000402
1 42036U 17008CS  19031.13808968  .00002023  00000-0  81788-4 0  9991 | 2 42036  97.4243  99.8764 0006049 297.5048  62.5575 15.25888463108035 | 2019/01/31-03:18:50   79.8399    0.1238   62.6190   94.3712     6866.2558     6862.1024     6870.4092 -16.710540  95.980478   0.000481   0.000367
1 42036U 17008CS  19032.44964081  .00002988  00000-0  11940-3 0  9997 | 2 42036  97.4244 101.1790 0005972 291.4562  68.6039 15.25896253108230 | 2019/02/01-10:47:28  191.9906    0.1238   68.6676   94.3708     6866.2325     6862.1320     6870.3330 -18.888136  95.575897   0.000503   0.000322
1 42036U 17008CS  19033.69560839  .00002665  00000-0  10680-3 0  9990 | 2 42036  97.4242 102.4162 0005938 285.6484  74.4099 15.25901790108420 | 2019/02/02-16:41:40  280.5316    0.1239   74.4755   94.3704     6866.2159     6862.1387     6870.2930 -20.947320  95.145596   0.000524   0.000279
1 42036U 17008CS  19034.74483868  .00003020  00000-0  12062-3 0  9995 | 2 42036  97.4239 103.4580 0005939 281.0653  78.9917 15.25909553108580 | 2019/02/03-17:52:34  298.2482    0.1238   79.0585   94.3699     6866.1926     6862.1147     6870.2704 -22.673709  94.748716   0.000540   0.000247
1 42036U 17008CS  19035.92521861 +.00002507 +00000-0 +10059-3 0  9995 | 2 42036 097.4235 104.6300 0005936 275.7550 084.3011 15.25914883108760 | 2019/02/04-22:12:18    3.1773    0.1238   84.3688   94.3696     6866.1766     6862.1008     6870.2524 -24.606839  94.264743   0.000556   0.000207
1 42036U 17008CS  19037.17117056  .00002201  00000-0  88631-4 0  9994 | 2 42036  97.4230 105.8670 0005945 270.1363  89.9194 15.25920445108954 | 2019/02/06-04:06:29   91.7115    0.1238   89.9875   94.3693     6866.1599     6862.0780     6870.2418 -26.635960  93.711080   0.000571   0.000164
1 42036U 17008CS  19038.22039004  .00002245  00000-0  90361-4 0  9998 | 2 42036  97.4228 106.9086 0005964 265.3823  94.6735 15.25925385109113 | 2019/02/07-05:17:21  109.4230    0.1239   94.7416   94.3690     6866.1451     6862.0501     6870.2401 -28.335013  93.211206   0.000583   0.000127
1 42036U 17008CS  19039.46633458  .00002110  00000-0  85061-4 0  9990 | 2 42036  97.4225 108.1456 0005985 259.8102 100.2461 15.25930119109308 | 2019/02/08-11:11:31  197.9536    0.1238  100.3136   94.3687     6866.1309     6862.0215     6870.2403 -30.340564  92.577501   0.000593   0.000083
1 42036U 17008CS  19040.71227415  .00002410  00000-0  96749-4 0  9990 | 2 42036  97.4222 109.3826 0006029 254.1844 105.8729 15.25936607109496 | 2019/02/09-17:05:40  286.4819    0.1237  105.9393   94.3683     6866.1114     6861.9718     6870.2510 -32.331961  91.900649   0.000602   0.000038
1 42036U 17008CS  19041.82705870  .00002311  00000-0  92858-4 0  9996 | 2 42036  97.4220 110.4894 0006075 249.1894 110.8694 15.25941283109664 | 2019/02/10-19:50:57  327.7948    0.1238  110.9344   94.3680     6866.0974     6861.9262     6870.2685 -34.101021  91.258788   0.000607  -0.000003
1 42036U 17008CS  19042.87626468 +.00002093 +00000-0 +84379-4 0  9993 | 2 42036 097.4220 111.5311 0006139 244.7366 115.3237 15.25945185109822 | 2019/02/11-21:01:49  345.4999    0.1239  115.3873   94.3677     6866.0857     6861.8706     6870.3008 -35.754478  90.623746   0.000613  -0.000040
1 42036U 17008CS  19044.64679228  .00002490  00000-0  99814-4 0  9993 | 2 42036  97.4220 113.2890 0006242 236.9531 123.1108 15.25954239110090 | 2019/02/13-15:31:22  262.8734    0.1238  123.1707   94.3672     6866.0585     6861.7727     6870.3443 -38.517655  89.484280   0.000615  -0.000106
1 42036U 17008CS  19045.82713869  .00002626  00000-0  10508-3 0  9997 | 2 42036  97.4220 114.4608 0006320 231.8559 128.2111 15.25960195110279 | 2019/02/14-19:51:04  327.7866    0.1239  128.2680   94.3668     6866.0407     6861.7013     6870.3800 -40.339584  88.677867   0.000614  -0.000150
1 42036U 17008CS  19046.87633191 +.00002303 +00000-0 +92504-4 0  9991 | 2 42036 097.4219 115.5026 0006405 227.8296 132.2399 15.25964293110434 | 2019/02/15-21:01:55  345.4860    0.1238  132.2942   94.3666     6866.0284     6861.6307     6870.4261 -41.945199  87.929670   0.000614  -0.000184
1 42036U 17008CS  19047.92552200 +.00002107 +00000-0 +84841-4 0  9996 | 2 42036 097.4218 116.5442 0006501 223.4766 136.5960 15.25968473110599 | 2019/02/16-22:12:45    3.1839    0.1238  136.6472   94.3663     6866.0158     6861.5522     6870.4794 -43.536640  87.152557   0.000611  -0.000222
1 42036U 17008CS  19049.76159837  .00002136  00000-0  85968-4 0  9992 | 2 42036  97.4212 118.3668 0006670 215.9276 144.1514 15.25976100110879 | 2019/02/18-18:16:42  304.1521    0.1237  144.1961   94.3658     6865.9930     6861.4133     6870.5726 -46.286217  85.723254   0.000601  -0.000289
1 42036U 17008CS  19050.81078047  .00002189  00000-0  88011-4 0  9993 | 2 42036  97.4209 119.4081 0006735 212.2094 147.8734 15.25981135111033 | 2019/02/19-19:27:31  321.8467    0.1238  147.9144   94.3655     6865.9779     6861.3536     6870.6021 -47.836284  84.867672   0.000593  -0.000320
1 42036U 17008CS  19051.85996016  .00002224  00000-0  89371-4 0  9993 | 2 42036  97.4207 120.4497 0006834 208.2978 151.7890 15.25985445111192 | 2019/02/20-20:38:20  339.5399    0.1238  151.8260   94.3653     6865.9649     6861.2727     6870.6571 -49.371032  83.983891   0.000584  -0.000355
1 42036U 17008CS  19052.90913675 +.00002545 +00000-0 +10183-3 0  9990 | 2 42036 097.4202 121.4913 0006959 203.9049 156.1867 15.25990118111354 | 2019/02/21-21:49:09  357.2312    0.1238  156.2189   94.3650     6865.9509     6861.1729     6870.7289 -50.889301  83.072104   0.000573  -0.000395
1 42036U 17008CS  19054.48289576  .00002166  00000-0  87079-4 0  9999 | 2 42036  97.4199 123.0534 0007104 198.0603 162.0384 15.25995853111596 | 2019/02/23-11:35:22  203.7664    0.1238  162.0635   94.3646     6865.9337     6861.0561     6870.8113 -53.134805  81.653716   0.000553  -0.000446
1 42036U 17008CS  19055.66321112  .00001940  00000-0  78271-4 0  9996 | 2 42036  97.4201 124.2250 0007197 194.0033 166.1007 15.25999663111773 | 2019/02/24-15:55:01  268.6664    0.1238  166.1205   94.3644     6865.9223     6860.9809     6870.8637 -54.793371  80.550372   0.000537  -0.000479
1 42036U 17008CS  19057.17138696  .00001908  00000-0  77020-4 0  9992 | 2 42036  97.4198 125.7220 0007352 188.5947 171.5167 15.26005487112003 | 2019/02/26-04:06:47   91.5919    0.1238  171.5291   94.3640     6865.9048     6860.8570     6870.9526 -56.878841  79.091181   0.000514  -0.000526
1 42036U 17008CS  19058.81070260  .00002235  00000-0  89678-4 0  9992 | 2 42036  97.4196 127.3493 0007517 182.6206 177.4994 15.26013374112251 | 2019/02/27-19:27:24  321.7254    0.1238  177.5032   94.3635     6865.8812     6860.7201     6871.0422 -59.101806  77.443883   0.000483  -0.000576
1 42036U 17008CS  19059.92543089 +.00002649 +00000-0 +10576-3 0  9998 | 2 42036 097.4194 128.4556 0007640 178.8472 181.2785 15.26020531112423 | 2019/02/28-22:12:37    3.0143    0.1237  181.2765   94.3631     6865.8597     6860.6142     6871.1052 -60.585903  76.288190   0.000463  -0.000608
1 42036U 17008CS  19061.43358891  .00003165  00000-0  12576-3 0  9998 | 2 42036  97.4195 129.9530 0007855 173.6595 186.4745 15.26027793112654 | 2019/03/02-10:24:22  185.9320    0.1239  186.4644   94.3626     6865.8379     6860.4448     6871.2310 -62.558809  74.679009   0.000435  -0.000654
1 42036U 17008CS  19062.48273486  .00002928  00000-0  11653-3 0  9991 | 2 42036  97.4192 130.9942 0007929 170.2437 189.8957 15.26034069112814 | 2019/03/03-11:35:08  203.6120    0.1238  189.8801   94.3622     6865.8191     6860.3752     6871.2630 -63.905303  73.529673   0.000411  -0.000678
1 42036U 17008CS  19063.66301992  .00002532  00000-0  10114-3 0  9998 | 2 42036  97.4189 132.1656 0008047 166.3635 193.7822 15.26039832112991 | 2019/03/04-15:54:44  268.5003    0.1238  193.7603   94.3619     6865.8018     6860.2769     6871.3267 -65.394940  72.207645   0.000384  -0.000707
1 42036U 17008CS  19064.71215837  .00002226  00000-0  89242-4 0  9996 | 2 42036  97.4186 133.2068 0008157 162.9205 197.2309 15.26044379113154 | 2019/03/05-17:05:30  286.1773    0.1237  197.2032   94.3616     6865.7882     6860.1877     6871.3886 -66.696048  71.007188   0.000359  -0.000732
1 42036U 17008CS  19065.82686413  .00002406  00000-0  96218-4 0  9992 | 2 42036  97.4183 134.3131 0008254 159.3790 200.7783 15.26050369113322 | 2019/03/06-19:50:41  327.4579    0.1238  200.7448   94.3612     6865.7702     6860.1032     6871.4372 -68.054369  69.706011   0.000332  -0.000756
1 42036U 17008CS  19067.13827765  .00002553  00000-0  10188-3 0  9999 | 2 42036  97.4178 135.6146 0008373 155.2429 204.9213 15.26057157113520 | 2019/03/08-03:19:07   79.5509    0.1238  204.8809   94.3608     6865.7498     6860.0011     6871.4985 -69.619723  68.141925   0.000298  -0.000782
1 42036U 17008CS  19068.44968600  .00002435  00000-0  97283-4 0  9999 | 2 42036  97.4175 136.9161 0008491 151.0812 209.0899 15.26062839113720 | 2019/03/09-10:47:32  191.6421    0.1238  209.0426   94.3605     6865.7328     6859.9031     6871.5625 -71.149285  66.542833   0.000262  -0.000808
1 42036U 17008CS  19069.82665950  .00002574  00000-0  10268-3 0  9995 | 2 42036  97.4171 138.2827 0008595 146.8454 213.3324 15.26069508113933 | 2019/03/10-19:50:23  327.3365    0.1237  213.2783   94.3601     6865.7128     6859.8117     6871.6139 -72.715756  64.826771   0.000224  -0.000830
1 42036U 17008CS  19070.87577806 +.00001947 +00000-0 +78332-4 0  9994 | 2 42036 097.4170 139.3238 0008685 143.7168 216.4661 15.26072420114091 | 2019/03/11-21:01:07  345.0070    0.1238  216.4070   94.3599     6865.7040     6859.7412     6871.6669 -73.881554  63.494786   0.000196  -0.000846
1 42036U 17008CS  19072.44945122  .00002292  00000-0  91682-4 0  9996 | 2 42036  97.4169 140.8855 0008813 138.9162 221.2742 15.26079738114334 | 2019/03/13-10:47:12  191.5113    0.1238  221.2076   94.3594     6865.6821     6859.6314     6871.7328 -75.584484  61.457612   0.000150  -0.000868
1 42036U 17008CS  19073.49856226  .00002322  00000-0  92847-4 0  9996 | 2 42036  97.4169 141.9267 0008886 135.7857 224.4092 15.26084518114491 | 2019/03/14-11:57:55  209.1796    0.1237  224.3380   94.3591     6865.6678     6859.5669     6871.7686 -76.688773  60.073991   0.000119  -0.000881
1 42036U 17008CS  19074.80994487  .00002739  00000-0  10899-3 0  9992 | 2 42036  97.4168 143.2281 0008961 131.8843 228.3162 15.26092684114693 | 2019/03/15-19:26:19  321.2629    0.1239  228.2396   94.3586     6865.6433     6859.4910     6871.7956 -78.033298  58.316699   0.000080  -0.000893
1 42036U 17008CS  19075.85904693 +.00002753 +00000-0 +10951-3 0  9993 | 2 42036 097.4168 144.2693 0009019 128.7882 231.4163 15.26098139114859 | 2019/03/16-20:37:01  338.9285    0.1238  231.3356   94.3583     6865.6269     6859.4348     6871.8190 -79.080108  56.889098   0.000048  -0.000901
1 42036U 17008CS  19076.90814352 +.00003106 +00000-0 +12317-3 0  9993 | 2 42036 097.4166 145.3104 0009075 125.7262 234.4822 15.26105724115010 | 2019/03/17-21:47:43  356.5923    0.1238  234.3976   94.3578     6865.6042     6859.3736     6871.8347 -80.100542  55.442737   0.000016  -0.000907
1 42036U 17008CS  19078.48177964 +.00002817 +00000-0 +11194-3 0  9999 | 2 42036 097.4164 146.8720 0009141 121.1601 239.0535 15.26115258115250 | 2019/03/19-11:33:45  203.0855    0.1238  238.9637   94.3572     6865.5756     6859.2997     6871.8514 -81.581534  53.239162  -0.000031  -0.000914
1 42036U 17008CS  19079.92427144 +.00002443 +00000-0 +97423-4 0  9992 | 2 42036 097.4159 148.3033 0009207 116.9658 243.2522 15.26122661115478 | 2019/03/20-22:10:57    2.3687    0.1238  243.1580   94.3568     6865.5534     6859.2323     6871.8745 -82.885478  51.184520  -0.000076  -0.000918
1 42036U 17008CS  19081.17005512  .00002450  00000-0  97681-4 0  9997 | 2 42036  97.4155 149.5395 0009249 113.3652 246.8560 15.26128691115660 | 2019/03/22-04:04:52   90.8393    0.1238  246.7586   94.3564     6865.5353     6859.1853     6871.8852 -83.970101  49.384226  -0.000114  -0.000918
1 42036U 17008CS  19082.94037136 +.00002020 +00000-0 +81004-4 0  9995 | 2 42036 097.4149 151.2961 0009284 108.1855 252.0395 15.26135384115930 | 2019/03/23-22:34:08    8.1377    0.1238  251.9383   94.3560     6865.5152     6859.1413     6871.8892 -85.443921  46.786740  -0.000169  -0.000913
1 42036U 17008CS  19084.77624642 +.00002657 +00000-0 +10564-3 0  9990 | 2 42036 097.4146 153.1178 0009311 102.9312 257.2967 15.26144664116214 | 2019/03/25-18:37:47  309.0376    0.1238  257.1926   94.3554     6865.4874     6859.0949     6871.8798 -86.887788  44.046755  -0.000224  -0.000904
1 42036U 17008CS  19085.89088030 +.00002486 +00000-0 +99009-4 0  9991 | 2 42036 097.4145 154.2237 0009312 099.7969 260.4322 15.26148649116389 | 2019/03/26-21:22:52  350.2973    0.1239  260.3270   94.3552     6865.4754     6859.0823     6871.8686 -87.721633  42.361538  -0.000256  -0.000895
1 42036U 17008CS  19086.93994415 +.00002527 +00000-0 +10058-3 0  9992 | 2 42036 097.4144 155.2646 0009316 096.7879 263.4419 15.26153146116540 | 2019/03/27-22:33:31    7.9527    0.1238  263.3359   94.3549     6865.4619     6859.0661     6871.8578 -88.476612  40.760943  -0.000287  -0.000886
1 42036U 17008CS  19088.57909906 +.00002554 +00000-0 +10160-3 0  9999 | 2 42036 097.4145 156.8911 0009312 092.0956 268.1348 15.26160817116797 | 2019/03/29-13:53:54  238.0370    0.1238  268.0282   94.3544     6865.4389     6859.0458     6871.8320 -89.598013  38.233242  -0.000334  -0.000869
1 42036U 17008CS  19089.82485099 +.00002412 +00000-0 +96110-4 0  9993 | 2 42036 097.4144 158.1271 0009282 088.4435 271.7866 15.26166503116981 | 2019/03/30-19:47:47  326.4999    0.1238  271.6803   94.3541     6865.4219     6859.0494     6871.7944 -90.401787  36.291626  -0.000369  -0.000852
1 42036U 17008CS  19090.93946668 +.00002357 +00000-0 +93964-4 0  9993 | 2 42036 097.4144 159.2330 0009264 085.2955 274.9342 15.26171895117155 | 2019/03/31-22:32:49    7.7547    0.1239  274.8284   94.3537     6865.4057     6859.0456     6871.7658 -91.085391  34.540076  -0.000398  -0.000836
1 42036U 17008CS  19092.38190515  .00002298  00000-0  91665-4 0  9996 | 2 42036  97.4142 160.6641 0009231  81.1791 279.0492 15.26178372117374 | 2019/04/02-09:09:56  167.0246    0.1238  278.9447   94.3533     6865.3863     6859.0488     6871.7237 -91.919423  32.254396  -0.000436  -0.000814
1 42036U 17008CS  19093.49651146  .00002654  00000-0  10541-3 0  9990 | 2 42036  97.4140 161.7699 0009195  77.9114 282.3154 15.26185136117545 | 2019/04/03-11:54:58  208.2771    0.1238  282.2124   94.3529     6865.3660     6859.0533     6871.6787 -92.524581  30.474405  -0.000464  -0.000794
1 42036U 17008CS  19094.74224222  .00002832  00000-0  11226-3 0  9999 | 2 42036  97.4137 163.0058 0009140  74.2808 285.9438 15.26192622117738 | 2019/04/04-17:48:49  296.7344    0.1239  285.8431   94.3524     6865.3436     6859.0686     6871.6185 -93.160067  28.471579  -0.000494  -0.000769
1 42036U 17008CS  19095.85683702  .00003300  00000-0  13030-3 0  9990 | 2 42036  97.4133 164.1115 0009094  71.0860 289.1364 15.26201074117906 | 2019/04/05-20:33:50  337.9836    0.1239  289.0379   94.3519     6865.3182     6859.0749     6871.5615 -93.691749  26.668467  -0.000519  -0.000747
1 42036U 17008CS  19097.10255439  .00003026  00000-0  11969-3 0  9996 | 2 42036  97.4128 165.3473 0009023  67.3978 292.8214 15.26209068118097 | 2019/04/07-02:27:40   66.4371    0.1239  292.7261   94.3514     6865.2942     6859.0997     6871.4888 -94.244635  24.641478  -0.000546  -0.000718
1 42036U 17008CS  19098.15157460  .00003005  00000-0  11884-3 0  9990 | 2 42036  97.4126 166.3880 0008966  64.2924 295.9239 15.26215506118253 | 2019/04/08-03:38:16   84.0805    0.1239  295.8315   94.3510     6865.2749     6859.1195     6871.4303 -94.676449  22.925634  -0.000568  -0.000694
1 42036U 17008CS  19099.20058909  .00003520  00000-0  13871-3 0  9995 | 2 42036  97.4125 167.4287 0008886  61.1386 299.0743 15.26224245118417 | 2019/04/09-04:48:50  101.7224    0.1239  298.9853   94.3505     6865.2487     6859.1483     6871.3492 -95.077124  21.202256  -0.000588  -0.000666
1 42036U 17008CS  19100.38072407  .00004169  00000-0  16370-3 0  9993 | 2 42036  97.4121 168.5996 0008797  57.6673 302.5416 15.26234233118596 | 2019/04/10-09:08:14  166.5673    0.1239  302.4566   94.3499     6865.2188     6859.1794     6871.2581 -95.490139  19.254883  -0.000608  -0.000636
1 42036U 17008CS  19101.62641265  .00004163  00000-0  16341-3 0  9997 | 2 42036  97.4121 169.8355 0008717  53.9858 306.2188 15.26245365118781 | 2019/04/11-15:02:02  255.0114    0.1240  306.1382   94.3492     6865.1854     6859.2010     6871.1698 -95.883231  17.190791  -0.000629  -0.000604
1 42036U 17008CS  19102.74096924  .00003966  00000-0  15576-3 0  9996 | 2 42036  97.4121 170.9414 0008644  50.6516 309.5488 15.26254091118958 | 2019/04/12-17:46:59  296.2486    0.1240  309.4724   94.3486     6865.1592     6859.2250     6871.0935 -96.197160  15.337005  -0.000646  -0.000574
1 42036U 17008CS  19103.92108133 +.00003452 +00000-0 +13594-3 0  9991 | 2 42036 097.4121 172.1122 0008512 047.0383 313.1568 15.26261707119137 | 2019/04/13-22:06:21    1.0866    0.1239  313.0856   94.3482     6865.1364     6859.2928     6870.9800 -96.490456  13.368216  -0.000660  -0.000537
1 42036U 17008CS  19105.23231069  .00002846  00000-0  11254-3 0  9999 | 2 42036  97.4122 173.4129 0008399  42.9942 317.1951 15.26268655119338 | 2019/04/15-05:34:31  113.1267    0.1239  317.1297   94.3477     6865.1155     6859.3495     6870.8816 -96.769145  11.174494  -0.000676  -0.000498
1 42036U 17008CS  19106.47797222  .00002418  00000-0  96035-4 0  9990 | 2 42036  97.4121 174.6486 0008295  39.0850 321.0987 15.26275163119522 | 2019/04/16-11:28:16  201.5626    0.1240  321.0390   94.3473     6865.0960     6859.4014     6870.7906 -96.987523   9.085024  -0.000690  -0.000461
1 42036U 17008CS  19107.92030999 +.00002583 +00000-0 +10236-3 0  9993 | 2 42036 097.4119 176.0795 0008141 034.5043 325.6722 15.26283853119748 | 2019/04/17-22:05:14    0.8021    0.1238  325.6195   94.3468     6865.0700     6859.4811     6870.6588 -97.183944   6.660271  -0.000701  -0.000414
1 42036U 17008CS  19109.16596035  .00002353  00000-0  93505-4 0  9995 | 2 42036  97.4116 177.3153 0008019  30.4932 329.6771 15.26289684119930 | 2019/04/19-03:58:58   89.2344    0.1239  329.6307   94.3464     6865.0525     6859.5474     6870.5576 -97.304683   4.562731  -0.000709  -0.000374
1 42036U 17008CS  19110.41160604  .00002308  00000-0  91734-4 0  9996 | 2 42036  97.4114 178.5510 0007897  26.4656 333.6984 15.26295488120122 | 2019/04/20-09:52:42  177.6652    0.1239  333.6583   94.3461     6865.0351     6859.6138     6870.4564 -97.380251   2.463254  -0.000716  -0.000334
1 42036U 17008CS  19111.46056727  .00002339  00000-0  92944-4 0  9990 | 2 42036  97.4110 179.5916 0007796  23.0655 337.0932 15.26300261120283 | 2019/04/21-11:03:13  195.2899    0.1239  337.0584   94.3458     6865.0208     6859.6688     6870.3727 -97.408525   0.694332  -0.000719  -0.000300
1 42036U 17008CS  19112.83732417  .00002369  00000-0  94071-4 0  9995 | 2 42036  97.4107 180.9573 0007647  18.5604 341.5912 15.26306452120491 | 2019/04/22-20:05:44  330.9207    0.1239  341.5635   94.3454     6865.0022     6859.7525     6870.2519 -97.397104  -1.627466  -0.000721  -0.000255
1 42036U 17008CS  19114.14851604  .00002315  00000-0  91984-4 0  9992 | 2 42036  97.4104 182.2580 0007507  14.0688 346.0758 15.26312249120690 | 2019/04/24-03:33:51   82.9485    0.1239  346.0551   94.3450     6864.9848     6859.8313     6870.1384 -97.334765  -3.837905  -0.000720  -0.000211
1 42036U 17008CS  19115.19746566  .00002508  00000-0  99380-4 0  9990 | 2 42036  97.4103 183.2986 0007379  10.5016 349.6375 15.26317515120856 | 2019/04/25-04:44:21  100.5691    0.1239  349.6223   94.3447     6864.9690     6859.9034     6870.0347 -97.248913  -5.604953  -0.000717  -0.000176
1 42036U 17008CS  19116.44308935  .00002236  00000-0  88917-4 0  9995 | 2 42036  97.4103 184.5342 0007243   6.1331 353.9995 15.26322179121047 | 2019/04/26-10:38:02  188.9923    0.1239  353.9908   94.3444     6864.9551     6859.9828     6869.9273 -97.105437  -7.700688  -0.000712  -0.000134
1 42036U 17008CS  19117.49203211  .00002121  00000-0  84459-4 0  9992 | 2 42036  97.4103 185.5747 0007122   2.3524 357.7747 15.26326604121207 | 2019/04/27-11:48:31  206.6106    0.1239  357.7715   94.3442     6864.9418     6860.0526     6869.8310 -96.949588  -9.462771  -0.000705  -0.000098
1 42036U 17008CS  19118.80320589  .00002190  00000-0  87121-4 0  9991 | 2 42036  97.4103 186.8752 0006990 357.5636   2.5567 15.26332725121406 | 2019/04/28-19:16:36  318.6318    0.1239    2.5603   94.3438     6864.9234     6860.1248     6869.7220 -96.709847 -11.660707  -0.000697  -0.000054
1 42036U 17008CS  19119.91770026 +.00002209 +00000-0 +87850-4 0  9999 | 2 42036 097.4103 187.9807 0006867 353.4786 006.6362 15.26337308121571 | 2019/04/29-22:01:29  359.8483    0.1239    6.6453   94.3435     6864.9097     6860.1956     6869.6238 -96.466871 -13.524400  -0.000686  -0.000017
1 42036U 17008CS  19121.49109842  .00002263  00000-0  89902-4 0  9997 | 2 42036  97.4103 189.5414 0006703 347.5673  12.5399 15.26344112121815 | 2019/05/01-11:47:10  206.2693    0.1239   12.5566   94.3431     6864.8893     6860.2878     6869.4908 -96.062734 -16.146753  -0.000669   0.000034
1 42036U 17008CS  19122.73669850  .00002888  00000-0  11391-3 0  9994 | 2 42036  97.4102 190.7769 0006571 342.6578  17.4435 15.26352308122007 | 2019/05/02-17:40:50  294.6835    0.1239   17.4661   94.3426     6864.8647     6860.3538     6869.3756 -95.692149 -18.214273  -0.000653   0.000075
1 42036U 17008CS  19123.91673731 +.00002486 +00000-0 +98460-4 0  9995 | 2 42036 097.4100 191.9474 0006477 337.9983 022.0977 15.26356515122189 | 2019/05/03-22:00:06  359.4954    0.1239   22.1256   94.3423     6864.8521     6860.4057     6869.2985 -95.299910 -20.165197  -0.000638   0.000113
1 42036U 17008CS  19125.49011317  .00002615  00000-0  10338-3 0  9997 | 2 42036  97.4097 193.5079 0006303 331.3820  28.7072 15.26365847122423 | 2019/05/05-11:45:45  205.9078    0.1239   28.7419   94.3417     6864.8241     6860.4972     6869.1510 -94.715126 -22.752902  -0.000609   0.000164
1 42036U 17008CS  19126.80125341  .00002089  00000-0  83152-4 0  9996 | 2 42036  97.4092 194.8084 0006181 326.0201  34.0641 15.26371389122628 | 2019/05/06-19:13:48  317.9151    0.1239   34.1038   94.3414     6864.8075     6860.5644     6869.0506 -94.173844 -24.896574  -0.000584   0.000203
1 42036U 17008CS  19127.91571814 +.00002193 +00000-0 +87115-4 0  9998 | 2 42036 097.4090 195.9139 0006083 321.2844 038.7958 15.26377405122795 | 2019/05/07-21:58:38  359.1193    0.1239   38.8395   94.3410     6864.7895     6860.6136     6868.9653 -93.675782 -26.708820  -0.000561   0.000236
1 42036U 17008CS  19129.22684848  .00002104  00000-0  83694-4 0  9996 | 2 42036  97.4088 197.2144 0005985 315.5780  44.4978 15.26383592122990 | 2019/05/09-05:26:39  111.1225    0.1239   44.5459   94.3406     6864.7709     6860.6623     6868.8795 -93.045277 -28.827952  -0.000532   0.000274
1 42036U 17008CS  19130.40686116  .00002301  00000-0  91255-4 0  9999 | 2 42036  97.4088 198.3850 0005928 310.3852  49.6869 15.26389870123178 | 2019/05/10-09:45:52  175.9232    0.1239   49.7387   94.3402     6864.7521     6860.6827     6868.8215 -92.436920 -30.722795  -0.000507   0.000307
1 42036U 17008CS  19131.84909139  .00003565  00000-0  13979-3 0  9990 | 2 42036  97.4087 199.8155 0005843 304.0167  56.0516 15.26401455123395 | 2019/05/11-20:22:41  335.1209    0.1239   56.1072   94.3395     6864.7174     6860.7063     6868.7284 -91.641043 -33.020813  -0.000472   0.000345
1 42036U 17008CS  19132.89797892 +.00003140 +00000-0 +12343-3 0  9990 | 2 42036 097.4087 200.8559 0005814 299.2398 060.8258 15.26408207123551 | 2019/05/12-21:33:05  352.7166    0.1238   60.8840   94.3391     6864.6971     6860.7060     6868.6882 -91.026363 -34.679333  -0.000446   0.000373
1 42036U 17008CS  19134.34019003  .00003400  00000-0  13337-3 0  9996 | 2 42036  97.4089 202.2864 0005730 292.5998  67.4634 15.26420423123776 | 2019/05/14-08:09:52  151.9060    0.1239   67.5241   94.3384     6864.6605     6860.7270     6868.5939 -90.132432 -36.941014  -0.000404   0.000406
1 42036U 17008CS  19135.91349773 +.00003282 +00000-0 +12880-3 0  9990 | 2 42036 097.4089 203.8468 0005717 285.3909 074.6698 15.26433132124019 | 2019/05/15-21:55:26  358.2896    0.1239   74.7330   94.3376     6864.6224     6860.6979     6868.5469 -89.093077 -39.381689  -0.000362   0.000443
1 42036U 17008CS  19137.35568691  .00003377  00000-0  13240-3 0  9998 | 2 42036  97.4089 205.2771 0005688 278.6677  81.3918 15.26444243124235 | 2019/05/17-08:32:11  157.4701    0.1240   81.4563   94.3369     6864.5891     6860.6845     6868.4936 -88.082318 -41.593258  -0.000318   0.000472
1 42036U 17008CS  19138.73231604  .00002289  00000-0  90638-4 0  9990 | 2 42036  97.4086 206.6428 0005722 272.3027  87.7557 15.26448891124440 | 2019/05/18-17:34:32  293.0488    0.1239   87.8212   94.3366     6864.5751     6860.6472     6868.5030 -87.065707 -43.680636  -0.000277   0.000501
1 42036U 17008CS  19139.84672580 +.00002100 +00000-0 +83377-4 0  9999 | 2 42036 097.4083 207.7483 0005735 267.0338 093.0244 15.26453837124618 | 2019/05/19-20:19:17  334.2295    0.1238   93.0900   94.3363     6864.5603     6860.6235     6868.4971 -86.206487 -45.352161  -0.000240   0.000521
1 42036U 17008CS  19141.22334479  .00002046  00000-0  81263-4 0  9997 | 2 42036  97.4080 209.1136 0005773 260.7615  99.2971 15.26460134124822 | 2019/05/21-05:21:36  109.8035    0.1239   99.3624   94.3359     6864.5414     6860.5785     6868.5043 -85.101158 -47.393158  -0.000196   0.000543
1 42036U 17008CS  19142.40330026  .00001613  00000-0  64654-4 0  9996 | 2 42036  97.4078 210.2840 0005805 255.3795 104.6800 15.26463682125003 | 2019/05/22-09:40:45  174.5792    0.1238  104.7443   94.3357     6864.5308     6860.5459     6868.5157 -84.115182 -49.121438  -0.000157   0.000559
1 42036U 17008CS  19143.77991193  .00001655  00000-0  66274-4 0  9991 | 2 42036  97.4081 211.6493 0005878 249.5712 110.4896 15.26468068125216 | 2019/05/23-18:43:04  310.1496    0.1239  110.5527   94.3354     6864.5176     6860.4827     6868.5526 -82.921154 -51.111840  -0.000114   0.000577
1 42036U 17008CS  19144.82875529  .00001621  00000-0  64957-4 0  9991 | 2 42036  97.4081 212.6896 0005944 244.9578 115.1043 15.26471971125377 | 2019/05/24-19:53:24  327.7254    0.1238  115.1660   94.3352     6864.5059     6860.4257     6868.5862 -81.979517 -52.608904  -0.000079   0.000589
1 42036U 17008CS  19146.13980669  .00001557  00000-0  62486-4 0  9992 | 2 42036  97.4080 213.9899 0006023 239.0336 121.0311 15.26476251125571 | 2019/05/26-03:21:19   79.6932    0.1238  121.0902   94.3349     6864.4931     6860.3586     6868.6276 -80.764492 -54.455626  -0.000032   0.000601
1 42036U 17008CS  19147.25419708  .00001892  00000-0  75331-4 0  9992 | 2 42036  97.4079 215.0951 0006095 234.2318 125.8355 15.26481959125747 | 2019/05/27-06:06:02  120.8644    0.1239  125.8921   94.3346     6864.4760     6860.2921     6868.6599 -79.699036 -56.003238   0.000007   0.000609
1 42036U 17008CS  19148.76189717  .00001791  00000-0  71424-4 0  9990 | 2 42036  97.4079 216.5905 0006215 227.8604 132.2107 15.26486844125972 | 2019/05/28-18:17:07  303.6233    0.1238  132.2634   94.3343     6864.4614     6860.1951     6868.7276 -78.210393 -58.064046   0.000060   0.000619
1 42036U 17008CS  19150.13848750  .00002229  00000-0  88222-4 0  9994 | 2 42036  97.4078 217.9558 0006337 221.6784 138.3973 15.26493736126186 | 2019/05/30-03:19:25   79.1827    0.1239  138.4455   94.3338     6864.4407     6860.0907     6868.7907 -76.804634 -59.910998   0.000114   0.000623
1 42036U 17008CS  19151.18731381  .00002159  00000-0  85521-4 0  9992 | 2 42036  97.4079 218.9961 0006445 217.3855 142.6936 15.26498425126342 | 2019/05/31-04:29:43   96.7503    0.1238  142.7383   94.3335     6864.4266     6860.0025     6868.8508 -75.704329 -61.295625   0.000152   0.000626
1 42036U 17008CS  19152.76054754  .00001680  00000-0  67155-4 0  9990 | 2 42036  97.4078 220.5565 0006598 211.1231 148.9618 15.26504327126580 | 2019/06/01-18:15:11  303.0989    0.1239  149.0008   94.3332     6864.4089     6859.8798     6868.9381 -74.007054 -63.334316   0.000207   0.000626
1 42036U 17008CS  19153.80936605  .00001699  00000-0  67857-4 0  9999 | 2 42036  97.4077 221.5968 0006697 207.1049 152.9841 15.26509035126741 | 2019/06/02-19:25:29  320.6629    0.1238  153.0189   94.3329     6864.3948     6859.7977     6868.9919 -72.844904 -64.667457   0.000243   0.000624
1 42036U 17008CS  19154.85818249  .00001811  00000-0  72154-4 0  9990 | 2 42036  97.4075 222.6371 0006810 203.0737 157.0197 15.26513222126906 | 2019/06/03-20:35:46  338.2259    0.1238  157.0501   94.3326     6864.3823     6859.7076     6869.0569 -71.658669 -65.979210   0.000280   0.000621
1 42036U 17008CS  19156.89025501 +.00002330 +00000-0 +91970-4 0  9991 | 2 42036 097.4071 224.6527 0007026 195.4832 164.6193 15.26523268127213 | 2019/06/05-21:21:58  349.7502    0.1238  164.6406   94.3320     6864.3522     6859.5293     6869.1751 -69.293454 -68.458457   0.000350   0.000609
1 42036U 17008CS  19158.13571304  .00002133  00000-0  84439-4 0  9990 | 2 42036  97.4070 225.8880 0007165 190.9252 169.1833 15.26528181127408 | 2019/06/07-03:15:25   78.1014    0.1239  169.1987   94.3317     6864.3374     6859.4191     6869.2557 -67.801427 -69.936330   0.000392   0.000600
1 42036U 17008CS  19159.31561688  .00002037  00000-0  80726-4 0  9993 | 2 42036  97.4069 227.0583 0007304 186.6462 173.4681 15.26532837127581 | 2019/06/08-07:34:29  142.8536    0.1238  173.4776   94.3314     6864.3235     6859.3098     6869.3372 -66.358824 -71.306456   0.000432   0.000589
1 42036U 17008CS  19160.49551550  .00003007  00000-0  11780-3 0  9992 | 2 42036  97.4069 228.2286 0007440 182.5463 177.5739 15.26541509127766 | 2019/06/09-11:53:32  207.6039    0.1238  177.5775   94.3309     6864.2975     6859.1904     6869.4045 -64.888607 -72.646905   0.000470   0.000576
1 42036U 17008CS  19161.93760940  .00002236  00000-0  88329-4 0  9994 | 2 42036  97.4070 229.6590 0007594 177.5261 182.6016 15.26545554127984 | 2019/06/10-22:30:09    6.7412    0.1238  182.5977   94.3306     6864.2853     6859.0726     6869.4981 -63.054996 -74.244132   0.000516   0.000557
1 42036U 17008CS  19163.37969742  .00002055  00000-0  81393-4 0  9998 | 2 42036  97.4072 231.0893 0007759 172.6115 187.5240 15.26551182128209 | 2019/06/12-09:06:45  165.8762    0.1239  187.5124   94.3303     6864.2685     6858.9425     6869.5945 -61.182279 -75.795062   0.000561   0.000536
1 42036U 17008CS  19164.49403469  .00001998  00000-0  79168-4 0  9993 | 2 42036  97.4073 232.1944 0007881 168.8836 191.2578 15.26555394128375 | 2019/06/13-11:51:24  207.0249    0.1238  191.2402   94.3300     6864.2559     6858.8461     6869.6656 -59.709144 -76.961031   0.000594   0.000518
1 42036U 17008CS  19165.73946633  .00001998  00000-0  79175-4 0  9994 | 2 42036  97.4072 233.4297 0007964 164.8693 195.2785 15.26560562128566 | 2019/06/14-17:44:49  295.3662    0.1238  195.2545   94.3297     6864.2404     6858.7737     6869.7070 -58.036052 -78.230297   0.000625   0.000494
1 42036U 17008CS  19166.85379676 +.00001880 +00000-0 +74658-4 0  9996 | 2 42036 097.4071 234.5348 0008068 161.4011 198.7524 15.26564364128739 | 2019/06/15-20:29:28  336.5127    0.1238  198.7227   94.3295     6864.2290     6858.6909     6869.7670 -56.516415 -79.334973   0.000653   0.000473
1 42036U 17008CS  19168.16477083  .00001787  00000-0  71101-4 0  9999 | 2 42036  97.4070 235.8351 0008208 157.1750 202.9855 15.26568649128931 | 2019/06/17-03:57:16   88.4482    0.1238  202.9488   94.3292     6864.2161     6858.5820     6869.8503 -54.701491 -80.596963   0.000688   0.000447
1 42036U 17008CS  19169.73793456  .00001626  00000-0  64922-4 0  9993 | 2 42036  97.4070 237.3954 0008373 152.1053 208.0636 15.26573280129179 | 2019/06/18-17:42:37  294.7690    0.1238  208.0185   94.3289     6864.2022     6858.4548     6869.9496 -52.486634 -82.056547   0.000729   0.000412
1 42036U 17008CS  19170.85225571 +.00001500 +00000-0 +60095-4 0  9994 | 2 42036 097.4069 238.5007 0008453 148.6783 211.4961 15.26576360129348 | 2019/06/19-20:27:14  335.9122    0.1238  211.4455   94.3287     6864.1930     6858.3907     6869.9953 -50.893951 -83.053657   0.000752   0.000386
1 42036U 17008CS  19172.16321883 +.00001455 +00000-0 +58356-4 0  9999 | 2 42036 097.4068 239.8009 0008570 144.6111 215.5698 15.26580299129544 | 2019/06/21-03:55:02   87.8443    0.1238  215.5127   94.3285     6864.1812     6858.2986     6870.0638 -48.996241 -84.187012   0.000780   0.000354
1 42036U 17008CS  19173.73636993 +.00001516 +00000-0 +60684-4 0  9999 | 2 42036 097.4067 241.3612 0008708 139.7585 220.4299 15.26585401129782 | 2019/06/22-17:40:22  294.1615    0.1237  220.3652   94.3282     6864.1659     6858.1886     6870.1432 -46.685698 -85.489829   0.000812   0.000314
1 42036U 17008CS  19174.91623020 +.00001501 +00000-0 +60105-4 0  9999 | 2 42036 097.4066 242.5314 0008782 136.2955 223.8981 15.26588831129963 | 2019/06/23-21:59:22  358.8987    0.1239  223.8284   94.3280     6864.1556     6858.1275     6870.1837 -44.930005 -86.425346   0.000831   0.000283
1 42036U 17008CS  19176.42382493 +.00001576 +00000-0 +62967-4 0  9993 | 2 42036 097.4067 244.0267 0008895 131.7738 228.4263 15.26593947130197 | 2019/06/25-10:10:18  181.6170    0.1239  228.3501   94.3276     6864.1403     6858.0346     6870.2459 -42.659484 -87.568451   0.000856   0.000242
1 42036U 17008CS  19178.19360408  .00001510  00000-0  60446-4 0  9999 | 2 42036  97.4066 245.7819 0009008 126.5893 233.6176 15.26599101130467 | 2019/06/27-04:38:47   98.7198    0.1239  233.5346   94.3273     6864.1248     6857.9416     6870.3080 -39.957274 -88.833901   0.000880   0.000193
1 42036U 17008CS  19179.76673527  .00001514  00000-0  60563-4 0  9996 | 2 42036  97.4065 247.3421 0009079 121.9973 238.2149 15.26604156130704 | 2019/06/28-18:24:05  305.0321    0.1238  238.1265   94.3270     6864.1097     6857.8778     6870.3416 -37.523718 -89.888802   0.000896   0.000147
1 42036U 17008CS  19180.88103358 +.00001521 +00000-0 +60817-4 0  9991 | 2 42036 097.4064 248.4472 0009157 118.8065 241.4094 15.26607616130872 | 2019/06/29-21:08:41  346.1690    0.1238  241.3173   94.3268     6864.0993     6857.8139     6870.3848 -35.783067 -90.595689   0.000908   0.000116
1 42036U 17008CS  19182.71634176  .00001660  00000-0  66137-4 0  9997 | 2 42036  97.4064 250.2675 0009210 113.5641 246.6566 15.26614455131152 | 2019/07/01-17:11:31  286.8638    0.1238  246.5597   94.3264     6864.0788     6857.7570     6870.4006 -32.887248 -91.686617   0.000919   0.000062
1 42036U 17008CS  19184.15836351  .00001732  00000-0  68854-4 0  9994 | 2 42036  97.4064 251.6977 0009247 109.4229 250.8010 15.26619975131375 | 2019/07/03-03:48:02   85.9796    0.1239  250.7010   94.3260     6864.0623     6857.7151     6870.4095 -30.588587 -92.478890   0.000925   0.000018
1 42036U 17008CS  19185.66592630  .00001896  00000-0  75118-4 0  9992 | 2 42036  97.4063 253.1929 0009290 105.0516 255.1752 15.26626292131604 | 2019/07/04-15:58:56  268.6900    0.1239  255.0723   94.3256     6864.0433     6857.6666     6870.4200 -28.165073 -93.245461   0.000929  -0.000028
1 42036U 17008CS  19186.78020766  .00001855  00000-0  73518-4 0  9999 | 2 42036  97.4062 254.2980 0009298 101.8600 258.3682 15.26630389131775 | 2019/07/05-18:43:29  309.8231    0.1239  258.2639   94.3254     6864.0310     6857.6489     6870.4132 -26.361434 -93.771225   0.000928  -0.000062
1 42036U 17008CS  19187.82894077  .00001628  00000-0  64866-4 0  9993 | 2 42036  97.4062 255.3382 0009293  98.8692 261.3599 15.26633115131933 | 2019/07/06-19:53:40  327.3596    0.1238  261.2546   94.3252     6864.0229     6857.6441     6870.4016 -24.654775 -94.234335   0.000925  -0.000094
1 42036U 17008CS  19189.13985379  .00001543  00000-0  61607-4 0  9991 | 2 42036  97.4061 256.6384 0009299  95.2087 265.0213 15.26637317132138 | 2019/07/08-03:21:23   79.2793    0.1239  264.9152   94.3250     6864.0103     6857.6274     6870.3931 -22.510149 -94.769412   0.000921  -0.000132
1 42036U 17008CS  19190.77848851  .00001821  00000-0  72189-4 0  9992 | 2 42036  97.4061 258.2636 0009290  90.5381 269.6923 15.26644724132387 | 2019/07/09-18:41:01  309.1773    0.1239  269.5858   94.3245     6863.9881     6857.6114     6870.3647 -19.813312 -95.369707   0.000911  -0.000180
1 42036U 17008CS  19191.82721032  .00001925  00000-0  76173-4 0  9992 | 2 42036  97.4060 259.3037 0009281  87.4940 272.7361 15.26649396132548 | 2019/07/10-19:51:10  326.7110    0.1239  272.6299   94.3242     6863.9741     6857.6036     6870.3445 -18.078861 -95.713550   0.000904  -0.000212
1 42036U 17008CS  19193.72801069  .00002076  00000-0  81904-4 0  9998 | 2 42036  97.4060 261.1887 0009270  82.3617 277.8675 15.26658530132831 | 2019/07/12-17:28:20  290.9886    0.1240  277.7623   94.3236     6863.9467     6857.5838     6870.3096 -14.920723 -96.256433   0.000889  -0.000263
1 42036U 17008CS  19194.77672321  .00001763  00000-0  69968-4 0  9999 | 2 42036  97.4061 262.2288 0009232  79.3668 280.8610 15.26662386132993 | 2019/07/13-18:38:28  308.5200    0.1239  280.7571   94.3234     6863.9351     6857.5984     6870.2719 -13.171014 -96.511516   0.000876  -0.000291
1 42036U 17008CS  19195.82543289  .00001680  00000-0  66802-4 0  9998 | 2 42036  97.4061 263.2690 0009194  76.3578 283.8684 15.26666487133154 | 2019/07/14-19:48:37  326.0506    0.1239  283.7661   94.3232     6863.9228     6857.6122     6870.2335 -11.416782 -96.734717   0.000862  -0.000320
1 42036U 17008CS  19196.87414040 +.00001812 +00000-0 +71814-4 0  9992 | 2 42036 097.4059 264.3092 0009147 073.0486 287.1755 15.26670245133310 | 2019/07/15-20:58:45  343.5808    0.1239  287.0753   94.3229     6863.9116     6857.6332     6870.1900  -9.658766 -96.925836   0.000844  -0.000352
1 42036U 17008CS  19197.92284511 +.00001675 +00000-0 +66597-4 0  9996 | 2 42036 097.4058 265.3492 0009099 070.0439 290.1779 15.26673645133479 | 2019/07/16-22:08:53    1.1105    0.1239  290.0800   94.3227     6863.9014     6857.6559     6870.1469  -7.897922 -97.085080   0.000827  -0.000379
1 42036U 17008CS  19199.62698593  .00001474  00000-0  58927-4 0  9999 | 2 42036  97.4057 267.0393 0009018  65.1223 295.0952 15.26678415133730 | 2019/07/18-15:02:51  254.5951    0.1239  295.0016   94.3224     6863.8871     6857.6972     6870.0769  -5.031099 -97.275683   0.000797  -0.000421
1 42036U 17008CS  19200.80677258  .00001400  00000-0  56096-4 0  9991 | 2 42036  97.4056 268.2094 0008957  61.6104 298.6037 15.26681611133915 | 2019/07/19-19:21:45  319.3144    0.1239  298.5135   94.3222     6863.8775     6857.7295     6870.0255  -3.043611 -97.358037   0.000774  -0.000450
1 42036U 17008CS  19201.85546959 +.00001374 +00000-0 +55093-4 0  9996 | 2 42036 097.4054 269.2494 0008887 058.5108 301.6998 15.26684581134077 | 2019/07/20-20:31:52  336.8425    0.1239  301.6131   94.3220     6863.8686     6857.7687     6869.9685  -1.276017 -97.397042   0.000752  -0.000474
1 42036U 17008CS  19203.42851130  .00001436  00000-0  57461-4 0  9991 | 2 42036  97.4053 270.8095 0008771  53.9344 306.2706 15.26689460134310 | 2019/07/22-10:17:03  183.1335    0.1239  306.1895   94.3217     6863.8540     6857.8337     6869.8743   1.376139 -97.395578   0.000716  -0.000506
1 42036U 17008CS  19204.80491951  .00001419  00000-0  56803-4 0  9995 | 2 42036  97.4052 272.1745 0008675  49.7908 310.4089 15.26693044134525 | 2019/07/23-19:19:05  318.6374    0.1240  310.3332   94.3215     6863.8432     6857.8889     6869.7976   3.695853 -97.335059   0.000683  -0.000535
1 42036U 17008CS  19205.85360910 +.00001388 +00000-0 +55618-4 0  9999 | 2 42036 097.4051 273.2145 0008591 046.5580 313.6372 15.26695697134681 | 2019/07/24-20:29:11  336.1638    0.1239  313.5659   94.3214     6863.8353     6857.9386     6869.7320   5.461911 -97.251843   0.000656  -0.000555
1 42036U 17008CS  19207.81989656  .00001411  00000-0  56480-4 0  9996 | 2 42036  97.4051 275.1645 0008431  40.5452 319.6413 15.26701208134983 | 2019/07/26-19:40:39  324.0240    0.1239  319.5787   94.3210     6863.8188     6858.0319     6869.6057   8.767971 -97.009671   0.000604  -0.000589
1 42036U 17008CS  19208.86858055 +.00001331 +00000-0 +53456-4 0  9991 | 2 42036 097.4050 276.2045 0008334 037.3086 322.8730 15.26703571135149 | 2019/07/27-20:50:45  341.5488    0.1239  322.8153   94.3209     6863.8117     6858.0914     6869.5320  10.527283 -96.834448   0.000574  -0.000604
1 42036U 17008CS  19210.17943241  .00001313  00000-0  52749-4 0  9994 | 2 42036  97.4049 277.5045 0008211  33.1356 327.0396 15.26707127135347 | 2019/07/29-04:18:22   93.4539    0.1240  326.9884   94.3206     6863.8010     6858.1652     6869.4369  12.721475 -96.570589   0.000535  -0.000623
1 42036U 17008CS  19211.42473866  .00001393  00000-0  55788-4 0  9998 | 2 42036  97.4049 278.7395 0008092  29.2288 330.9402 15.26711005135537 | 2019/07/30-10:11:37  181.7628    0.1239  330.8951   94.3204     6863.7894     6858.2352     6869.3436  14.799920 -96.273968   0.000498  -0.000638
1 42036U 17008CS  19212.73558389 +.00001523 +00000-0 +60735-4 0  9990 | 2 42036 097.4048 280.0394 0007969 024.9222 335.2400 15.26715451135730 | 2019/07/31-17:39:14  293.6660    0.1239  335.2017   94.3201     6863.7761     6858.3063     6869.2458  16.980126 -95.913348   0.000457  -0.000653
1 42036U 17008CS  19214.17750977  .00001437  00000-0  57450-4 0  9991 | 2 42036  97.4047 281.4693 0007814  20.1109 340.0436 15.26719252135957 | 2019/08/02-04:15:36   92.7583    0.1239  340.0130   94.3199     6863.7647     6858.4014     6869.1280  19.368228 -95.459663   0.000409  -0.000666
1 42036U 17008CS  19215.22618093  .00001526  00000-0  60840-4 0  9996 | 2 42036  97.4047 282.5092 0007691  16.6528 343.4961 15.26722736136110 | 2019/08/03-05:25:42  110.2793    0.1238  343.4710   94.3197     6863.7543     6858.4753     6869.0332  21.097505 -95.092433   0.000375  -0.000672
1 42036U 17008CS  19216.86472504 +.00001601 +00000-0 +63686-4 0  9997 | 2 42036 097.4044 284.1341 0007508 011.1027 349.0376 15.26727940136364 | 2019/08/04-20:45:12  340.1539    0.1239  349.0212   94.3194     6863.7387     6858.5854     6868.8920  23.785394 -94.455662   0.000320  -0.000679
1 42036U 17008CS  19218.76542544  .00002075  00000-0  81675-4 0  9994 | 2 42036  97.4043 286.0189 0007293   4.4206 355.7096 15.26737521136650 | 2019/08/06-18:22:12  304.4047    0.1239  355.7033   94.3188     6863.7099     6858.7042     6868.7156  26.879148 -93.622161   0.000255  -0.000683
1 42036U 17008CS  19220.14178967  .00001867  00000-0  73779-4 0  9997 | 2 42036  97.4041 287.3838 0007145 359.5465   0.5766 15.26741556136865 | 2019/08/08-03:24:10   79.8947    0.1239    0.5774   94.3185     6863.6978     6858.7937     6868.6020  29.101518 -92.955152   0.000208  -0.000684
1 42036U 17008CS  19221.71477180  .00001677  00000-0  66527-4 0  9992 | 2 42036  97.4041 288.9436 0006972 353.7597   6.3554 15.26746597137102 | 2019/08/09-17:09:16  286.1669    0.1240    6.3643   94.3182     6863.6827     6858.8974     6868.4681  31.621000 -92.128557   0.000153  -0.000680
1 42036U 17008CS  19224.40193520  .00001453  00000-0  58026-4 0  9991 | 2 42036  97.4040 291.6084 0006678 343.4913  16.6107 15.26755757137513 | 2019/08/12-09:38:47  173.5426    0.1239   16.6326   94.3176     6863.6553     6859.0717     6868.2388  35.870081 -90.558691   0.000059  -0.000665
1 42036U 17008CS  19225.45058032  .00001446  00000-0  57755-4 0  9995 | 2 42036  97.4039 292.6482 0006567 339.3388  20.7584 15.26759263137679 | 2019/08/13-10:48:50  191.0534    0.1239   20.7851   94.3174     6863.6448     6859.1374     6868.1521  37.507499 -89.892754   0.000023  -0.000656
1 42036U 17008CS  19226.69584429 +.00001347 +00000-0 +53981-4 0  9993 | 2 42036 097.4038 293.8830 0006443 334.4667 025.6252 15.26762600137863 | 2019/08/14-16:42:00  279.3463    0.1239   25.6572   94.3172     6863.6348     6859.2125     6868.0570  39.435906 -89.063514  -0.000019  -0.000644
1 42036U 17008CS  19228.13772488  .00001373  00000-0  54945-4 0  9998 | 2 42036  97.4037 295.3127 0006317 328.6753  31.4108 15.26767117138087 | 2019/08/16-03:18:19   78.4206    0.1239   31.4486   94.3169     6863.6212     6859.2855     6867.9570  41.645755 -88.051757  -0.000066  -0.000628
1 42036U 17008CS  19229.18636296  .00001366  00000-0  54683-4 0  9991 | 2 42036  97.4035 296.3526 0006234 324.3256  35.7565 15.26770213138241 | 2019/08/17-04:28:21   95.9280    0.1239   35.7983   94.3167     6863.6120     6859.3332     6867.8907  43.236831 -87.281260  -0.000101  -0.000615
1 42036U 17008CS  19230.75931662 +.00001389 +00000-0 +55558-4 0  9998 | 2 42036 097.4033 297.9122 0006103 317.7662 042.3106 15.26774870138484 | 2019/08/18-18:13:24  302.1874    0.1239   42.3577   94.3165     6863.5980     6859.4092     6867.7869  45.596236 -86.071982  -0.000151  -0.000591
1 42036U 17008CS  19232.13564779  .00001361  00000-0  54473-4 0  9998 | 2 42036  97.4030 299.2769 0006010 311.8014  48.2711 15.26778452138696 | 2019/08/20-03:15:19   77.6628    0.1239   48.3225   94.3162     6863.5873     6859.4623     6867.7123  47.633069 -84.961375  -0.000195  -0.000569
1 42036U 17008CS  19233.18427893  .00001330  00000-0  53289-4 0  9999 | 2 42036  97.4029 300.3167 0005939 307.0556  53.0139 15.26781113138851 | 2019/08/21-04:25:21   95.1668    0.1239   53.0683   94.3161     6863.5793     6859.5030     6867.6556  49.166963 -84.082903  -0.000228  -0.000548
1 42036U 17008CS  19234.62614356 +.00001291 +00000-0 +51814-4 0  9999 | 2 42036 097.4028 301.7463 0005843 300.5728 059.4933 15.26784826139078 | 2019/08/22-15:01:38  254.2330    0.1238   59.5510   94.3158     6863.5682     6859.5578     6867.5785  51.249361 -82.829997  -0.000271  -0.000517
1 42036U 17008CS  19235.67477009 +.00001303 +00000-0 +52254-4 0  9990 | 2 42036 097.4028 302.7860 0005790 295.8338 064.2303 15.26787697139236 | 2019/08/23-16:11:40  271.7345    0.1239   64.2901   94.3157     6863.5596     6859.5856     6867.5336  52.743889 -81.886431  -0.000301  -0.000494
1 42036U 17008CS  19236.72339513  .00001279  00000-0  51361-4 0  9994 | 2 42036  97.4026 303.8257 0005752 291.0449  69.0174 15.26790277139399 | 2019/08/24-17:21:41  289.2352    0.1239   69.0790   94.3155     6863.5518     6859.6039     6867.4997  54.220939 -80.915735  -0.000331  -0.000470
1 42036U 17008CS  19237.77201813  .00001359  00000-0  54380-4 0  9994 | 2 42036  97.4026 304.8654 0005733 286.3831  73.6778 15.26793493139554 | 2019/08/25-18:31:42  306.7347    0.1240   73.7409   94.3153     6863.5422     6859.6073     6867.4771  55.680244 -79.918564  -0.000359  -0.000447
1 42036U 17008CS  19239.14833260  .00001477  00000-0  58875-4 0  9998 | 2 42036  97.4025 306.2300 0005717 280.1087  79.9506 15.26797893139763 | 2019/08/27-03:33:35   82.2015    0.1238   80.0151   94.3150     6863.5290     6859.6051     6867.4529  57.567615 -78.569820  -0.000395  -0.000414
1 42036U 17008CS  19240.72125854  .00001520  00000-0  60481-4 0  9992 | 2 42036  97.4023 307.7894 0005707 272.6835  87.3750 15.26802753140006 | 2019/08/28-17:18:36  288.4466    0.1238   87.4403   94.3147     6863.5144     6859.5974     6867.4314  59.684317 -76.973959  -0.000434  -0.000370
1 42036U 17008CS  19242.16310300  .00001570  00000-0  62356-4 0  9992 | 2 42036  97.4021 309.2189 0005728 266.1002  93.9582 15.26807464140229 | 2019/08/30-03:54:52   87.5023    0.1239   94.0237   94.3144     6863.5003     6859.5689     6867.4317  61.585877 -75.460910  -0.000467  -0.000331
1 42036U 17008CS  19243.73601679  .00002383  00000-0  93202-4 0  9995 | 2 42036  97.4020 310.7782 0005765 258.7818 101.2773 15.26817575140462 | 2019/08/31-17:39:51  293.7416    0.1239  101.3421   94.3138     6863.4700     6859.5132     6867.4268  63.616415 -73.757043  -0.000501  -0.000284
1 42036U 17008CS  19245.17784762  .00003659  00000-0  14156-3 0  9997 | 2 42036  97.4015 312.2079 0005810 251.8937 108.1669 15.26827276140682 | 2019/09/02-04:16:06   92.7907    0.1238  108.2301   94.3132     6863.4409     6859.4533     6867.4286  65.436541 -72.146457  -0.000530  -0.000237
1 42036U 17008CS  19246.42305659  .00003007  00000-0  11681-3 0  9997 | 2 42036  97.4011 313.4424 0005891 246.4234 113.6387 15.26833691140871 | 2019/09/03-10:09:12  181.0572    0.1239  113.7005   94.3128     6863.4217     6859.3785     6867.4650  66.975432 -70.719628  -0.000554  -0.000200
1 42036U 17008CS  19247.73379650  .00002186  00000-0  85682-4 0  9994 | 2 42036  97.4009 314.7417 0005970 240.4966 119.5678 15.26839720141078 | 2019/09/04-17:36:40  292.9139    0.1239  119.6273   94.3125     6863.4037     6859.3062     6867.5011  68.561647 -69.182627  -0.000576  -0.000157
1 42036U 17008CS  19248.78238477  .00002006  00000-0  78819-4 0  9996 | 2 42036  97.4008 315.7811 0006037 235.9369 124.1298 15.26844681141237 | 2019/09/05-18:46:38  310.3975    0.1239  124.1870   94.3121     6863.3888     6859.2454     6867.5322  69.805263 -67.927469  -0.000591  -0.000123
1 42036U 17008CS  19249.83096986  .00001972  00000-0  77511-4 0  9999 | 2 42036  97.4008 316.8206 0006112 231.5468 128.5223 15.26849485141393 | 2019/09/06-19:56:35  327.8798    0.1239  128.5771   94.3119     6863.3744     6859.1795     6867.5693  71.026095 -66.649903  -0.000605  -0.000089
1 42036U 17008CS  19250.87955188 +.00001941 +00000-0 +76349-4 0  9997 | 2 42036 097.4009 317.8600 0006198 227.1770 132.8948 15.26854072141552 | 2019/09/07-21:06:33  345.3608    0.1238  132.9468   94.3116     6863.3606     6859.1067     6867.6146  72.223509 -65.350594  -0.000617  -0.000054
1 42036U 17008CS  19252.19027544  .00001940  00000-0  76274-4 0  9996 | 2 42036  97.4010 319.1593 0006311 221.7255 138.3503 15.26859583141757 | 2019/09/09-04:33:59   97.2099    0.1238  138.3983   94.3112     6863.3441     6859.0127     6867.6756  73.686847 -63.696180  -0.000631  -0.000010
1 42036U 17008CS  19253.43545799  .00002254  00000-0  88161-4 0  9998 | 2 42036  97.4011 320.3937 0006424 216.6096 143.4705 15.26866049141942 | 2019/09/10-10:27:03  185.4642    0.1239  143.5143   94.3108     6863.3248     6858.9158     6867.7338  75.042010 -62.094049  -0.000642   0.000034
1 42036U 17008CS  19255.13938471  .00001894  00000-0  74502-4 0  9993 | 2 42036  97.4010 322.0830 0006582 210.0906 149.9955 15.26872841142200 | 2019/09/12-03:20:42   78.8620    0.1238  150.0332   94.3104     6863.3044     6858.7870     6867.8218  76.839823 -59.854794  -0.000652   0.000090
1 42036U 17008CS  19256.25348691  .00001830  00000-0  72080-4 0  9995 | 2 42036  97.4008 323.1874 0006704 205.6219 154.4688 15.26877108142373 | 2019/09/13-06:05:01  119.9279    0.1238  154.5019   94.3101     6863.2916     6858.6905     6867.8928  77.979043 -58.362528  -0.000658   0.000130
1 42036U 17008CS  19257.36758655  .00001804  00000-0  71091-4 0  9995 | 2 42036  97.4006 324.2920 0006819 201.3542 158.7413 15.26881000142542 | 2019/09/14-08:49:19  160.9925    0.1238  158.7696   94.3099     6863.2800     6858.5999     6867.9600  79.089486 -56.848308  -0.000661   0.000169
1 42036U 17008CS  19258.80935797  .00001723  00000-0  68020-4 0  9997 | 2 42036  97.4001 325.7209 0006928 196.2423 163.8595 15.26885934142766 | 2019/09/15-19:25:28  320.0161    0.1239  163.8816   94.3096     6863.2652     6858.5103     6868.0200  80.482073 -54.858139  -0.000659   0.000215
1 42036U 17008CS  19260.18558907  .00001937  00000-0  76101-4 0  9991 | 2 42036  97.3998 327.0849 0007087 191.3809 168.7271 15.26892361142976 | 2019/09/17-04:27:14   95.4455    0.1239  168.7430   94.3092     6863.2459     6858.3819     6868.1099  81.764861 -52.926633  -0.000659   0.000260
1 42036U 17008CS  19261.23414294  .00002014  00000-0  78989-4 0  9991 | 2 42036  97.3997 328.1243 0007204 187.5819 172.5312 15.26896816143131 | 2019/09/18-05:37:09  112.9139    0.1238  172.5419   94.3089     6863.2326     6858.2883     6868.1768  82.711409 -51.434661  -0.000657   0.000296
1 42036U 17008CS  19262.74143607  .00001733  00000-0  68358-4 0  9991 | 2 42036  97.3995 329.6184 0007377 182.1270 177.9939 15.26900599143365 | 2019/09/19-17:47:40  295.5232    0.1239  177.9969   94.3087     6863.2212     6858.1582     6868.2842  84.024224 -49.260455  -0.000650   0.000349
1 42036U 17008CS  19264.11765453  .00001745  00000-0  68785-4 0  9990 | 2 42036  97.3994 330.9825 0007510 177.4693 182.6585 15.26905828143579 | 2019/09/21-02:49:25   70.9473    0.1238  182.6545   94.3084     6863.2056     6858.0513     6868.3598  85.173008 -47.246183  -0.000640   0.000393
1 42036U 17008CS  19265.16619908  .00001703  00000-0  67175-4 0  9995 | 2 42036  97.3992 332.0218 0007621 173.8556 186.2778 15.26909524143736 | 2019/09/22-03:59:19   88.4120    0.1239  186.2683   94.3081     6863.1945     6857.9640     6868.4249  86.015781 -45.693431  -0.000631   0.000428
1 42036U 17008CS  19266.41134232  .00001946  00000-0  76383-4 0  9996 | 2 42036  97.3992 333.2560 0007744 169.6077 190.5323 15.26915333143926 | 2019/09/23-09:52:19  176.6500    0.1238  190.5161   94.3078     6863.1771     6857.8622     6868.4919  86.980025 -43.830120  -0.000617   0.000468
1 42036U 17008CS  19267.78754827  .00002028  00000-0  79450-4 0  9995 | 2 42036  97.3990 334.6200 0007879 165.0531 195.0943 15.26920980144130 | 2019/09/24-18:54:04  312.0692    0.1239  195.0708   94.3074     6863.1601     6857.7527     6868.5676  87.998532 -41.747138  -0.000601   0.000510
1 42036U 17008CS  19269.16374917  .00002102  00000-0  82237-4 0  9997 | 2 42036  97.3988 335.9838 0008018 160.7498 199.4046 15.26926776144342 | 2019/09/26-03:55:47   87.4872    0.1239  199.3741   94.3071     6863.1428     6857.6399     6868.6456  88.967027 -39.640817  -0.000584   0.000550
1 42036U 17008CS  19270.40887977  .00002454  00000-0  95536-4 0  9997 | 2 42036  97.3987 337.2178 0008123 156.7110 203.4499 15.26933349144539 | 2019/09/27-09:48:47  175.7209    0.1239  203.4129   94.3067     6863.1231     6857.5482     6868.6980  89.799994 -37.715618  -0.000564   0.000585
1 42036U 17008CS  19271.71953569  .00003705  00000-0  14276-3 0  9994 | 2 42036  97.3988 338.5169 0008294 152.6428 207.5249 15.26942955144733 | 2019/09/28-17:16:07  287.5430    0.1238  207.4810   94.3061     6863.0943     6857.4021     6868.7866  90.632080 -35.670048  -0.000546   0.000624
1 42036U 17008CS  19272.83358828  .00003160  00000-0  12214-3 0  9990 | 2 42036  97.3984 339.6211 0008378 149.1148 211.0585 15.26947616144903 | 2019/09/29-20:00:22  328.5902    0.1238  211.0090   94.3058     6863.0803     6857.3304     6868.8302  91.302263 -33.916739  -0.000524   0.000654
1 42036U 17008CS  19273.94763427 +.00003016 +00000-0 +11668-3 0  9990 | 2 42036 097.3980 340.7252 0008470 145.8178 214.3608 15.26954872145079 | 2019/09/30-22:44:35    9.6354    0.1239  214.3061   94.3053     6863.0586     6857.2456     6868.8716  91.938475 -32.151007  -0.000504   0.000680
1 42036U 17008CS  19275.25827000  .00002827  00000-0  10952-3 0  9998 | 2 42036  97.3976 342.0239 0008570 141.7602 218.4247 15.26963187145277 | 2019/10/02-06:11:54  121.4511    0.1239  218.3637   94.3048     6863.0337     6857.1521     6868.9153  92.643169 -30.058872  -0.000477   0.000712
1 42036U 17008CS  19276.69996178  .00002584  00000-0  10030-3 0  9997 | 2 42036  97.3972 343.4525 0008679 137.4561 222.7352 15.26971389145494 | 2019/10/03-16:47:56  280.4462    0.1239  222.6678   94.3043     6863.0091     6857.0527     6868.9655  93.363392 -27.739710  -0.000446   0.000745
1 42036U 17008CS  19277.81399140  .00002439  00000-0  94822-4 0  9999 | 2 42036  97.3971 344.5565 0008730 134.2053 225.9905 15.26977166145665 | 2019/10/04-19:32:08  321.4864    0.1239  225.9186   94.3040     6862.9918     6857.0004     6868.9832  93.880433 -25.935679  -0.000420   0.000765
1 42036U 17008CS  19278.86248660 +.00002375 +00000-0 +92390-4 0  9992 | 2 42036 097.3972 345.5955 0008792 131.0720 229.1280 15.26982018145826 | 2019/10/05-20:41:58  338.9349    0.1239  229.0519   94.3037     6862.9773     6856.9433     6869.0112  94.335385 -24.229108  -0.000395   0.000786
1 42036U 17008CS  19280.17310104  .00002274  00000-0  88575-4 0  9990 | 2 42036  97.3972 346.8943 0008870 127.2258 232.9791 15.26987821146026 | 2019/10/07-04:09:15   90.7442    0.1238  232.8980   94.3033     6862.9599     6856.8724     6869.0473  94.860335 -22.084640  -0.000362   0.000810
1 42036U 17008CS  19281.68030023  .00002088  00000-0  81530-4 0  9993 | 2 42036  97.3974 348.3878 0008932 122.8048 237.4052 15.26994848146251 | 2019/10/08-16:19:37  273.3229    0.1238  237.3190   94.3029     6862.9388     6856.8088     6869.0688  95.403910 -19.604782  -0.000323   0.000833
1 42036U 17008CS  19282.72878238  .00002483  00000-0  96402-4 0  9990 | 2 42036  97.3975 349.4269 0008978 119.7261 240.4873 15.27001084146415 | 2019/10/09-17:29:26  290.7674    0.1239  240.3978   94.3025     6862.9201     6856.7586     6869.0817  95.743847 -17.871453  -0.000295   0.000848
1 42036U 17008CS  19283.77725988  .00002868  00000-0  11089-3 0  9993 | 2 42036  97.3974 350.4660 0009017 116.6961 243.5202 15.27007998146576 | 2019/10/10-18:39:15  308.2107    0.1239  243.4278   94.3021     6862.8994     6856.7111     6869.0877  96.052097 -16.132209  -0.000266   0.000862
1 42036U 17008CS  19284.89126352 +.00002642 +00000-0 +10235-3 0  9999 | 2 42036 097.3973 351.5700 0009043 113.4610 246.7580 15.27013303146747 | 2019/10/11-21:23:25  349.2433    0.1238  246.6628   94.3017     6862.8835     6856.6774     6869.0896  96.344991 -14.278541  -0.000235   0.000873
1 42036U 17008CS  19286.79161258  .00002298  00000-0  89375-4 0  9993 | 2 42036  97.3969 353.4533 0009092 107.9000 252.3231 15.27022226147035 | 2019/10/13-18:59:55  313.3547    0.1239  252.2239   94.3012     6862.8568     6856.6171     6869.0965  96.761800 -11.104513  -0.000179   0.000891
1 42036U 17008CS  19287.90560499 +.00002327 +00000-0 +90436-4 0  9990 | 2 42036 097.3965 354.5572 0009121 104.7373 255.4878 15.27027628147208 | 2019/10/14-21:44:04  354.3840    0.1239  255.3866   94.3008     6862.8406     6856.5810     6869.1002  96.957377  -9.238250  -0.000147   0.000900
1 42036U 17008CS  19289.41276511  .00002265  00000-0  88082-4 0  9992 | 2 42036  97.3960 356.0506 0009126 100.3734 259.8534 15.27034554147433 | 2019/10/16-09:54:22  176.9521    0.1239  259.7505   94.3004     6862.8198     6856.5568     6869.0829  97.164710  -6.708194  -0.000102   0.000907
1 42036U 17008CS  19290.65780561  .00002164  00000-0  84265-4 0  9992 | 2 42036  97.3956 357.2842 0009140  96.7892 263.4388 15.27039786147624 | 2019/10/17-15:47:14  265.1590    0.1240  263.3348   94.3001     6862.8042     6856.5316     6869.0768  97.286210  -4.614789  -0.000065   0.000912
1 42036U 17008CS  19291.77178538  .00002111  00000-0  82274-4 0  9991 | 2 42036  97.3954 358.3879 0009140  93.5653 266.6631 15.27044543147795 | 2019/10/18-18:31:22  306.1857    0.1238  266.5585   94.2998     6862.7899     6856.5173     6869.0625  97.356851  -2.740000  -0.000031   0.000913
1 42036U 17008CS  19293.14787248  .00002184  00000-0  84987-4 0  9991 | 2 42036  97.3952 359.7513 0009119  89.5635 270.6649 15.27051137148000 | 2019/10/20-03:32:56   81.5699    0.1239  270.5604   94.2994     6862.7702     6856.5120     6869.0283  97.394282  -0.422756   0.000011   0.000912
1 42036U 17008CS  19294.26184296  .00002717  00000-0  10503-3 0  9993 | 2 42036  97.3952   0.8548 0009115  86.3688 273.8593 15.27058107148176 | 2019/10/21-06:17:03  122.5941    0.1239  273.7551   94.2990     6862.7493     6856.4939     6869.0047  97.384361   1.452992   0.000044   0.000910
1 42036U 17008CS  19295.31028323  .00002197  00000-0  85472-4 0  9998 | 2 42036  97.3953   1.8935 0009091  83.4014 276.8259 15.27061060148334 | 2019/10/22-07:26:48  140.0281    0.1238  276.7224   94.2988     6862.7404     6856.5015     6868.9793  97.342119   3.218115   0.000075   0.000906
1 42036U 17008CS  19296.35871999  .00002266  00000-0  88044-4 0  9993 | 2 42036  97.3953   2.9323 0009049  80.3838 279.8422 15.27065967148492 | 2019/10/23-08:36:33  157.4612    0.1238  279.7400   94.2985     6862.7257     6856.5156     6868.9358  97.267778   4.982349   0.000105   0.000899
1 42036U 17008CS  19297.73478869  .00002606  00000-0  10083-3 0  9990 | 2 42036  97.3955   4.2958 0008993  76.4811 283.7429 15.27072711148707 | 2019/10/24-17:38:05  292.8408    0.1239  283.6428   94.2981     6862.7055     6856.5339     6868.8772  97.121880   7.295471   0.000144   0.000888
1 42036U 17008CS  19299.11084713  .00004035  00000-0  15453-3 0  9999 | 2 42036  97.3953   5.6593 0008931  72.4692 287.7522 15.27085424148916 | 2019/10/26-02:39:37   68.2172    0.1239  287.6547   94.2973     6862.6674     6856.5384     6868.7965  96.920583   9.604432   0.000184   0.000874
1 42036U 17008CS  19300.15926576  .00004880  00000-0  18623-3 0  9998 | 2 42036  97.3954   6.6982 0008880  69.2630 290.9559 15.27095653149078 | 2019/10/27-03:49:20   85.6449    0.1238  290.8608   94.2966     6862.6368     6856.5428     6868.7308  96.730610  11.360154   0.000215   0.000861
1 42036U 17008CS  19301.73188163  .00003718  00000-0  14250-3 0  9996 | 2 42036  97.3949   8.2564 0008790  64.6982 295.5167 15.27106769149319 | 2019/10/28-17:33:54  291.7824    0.1240  295.4258   94.2960     6862.6035     6856.5713     6868.6357  96.385436  13.986216   0.000258   0.000840
1 42036U 17008CS  19302.78028554  .00002996  00000-0  11536-3 0  9990 | 2 42036  97.3944   9.2951 0008718  61.5111 298.7005 15.27113156149476 | 2019/10/29-18:43:36  309.2058    0.1239  298.6128   94.2956     6862.5844     6856.6015     6868.5672  96.115566  15.731087   0.000287   0.000823
1 42036U 17008CS  19303.89420910 +.00003439 +00000-0 +13199-3 0  9995 | 2 42036 097.3941 010.3986 0008651 058.1156 302.0924 15.27122038149648 | 2019/10/30-21:27:39  350.2163    0.1240  302.0084   94.2950     6862.5577     6856.6209     6868.4945  95.794488  17.579159   0.000317   0.000805
1 42036U 17008CS  19305.72889459  .00002981  00000-0  11472-3 0  9999 | 2 42036  97.3936  12.2160 0008526  52.5670 307.6344 15.27133415149926 | 2019/11/01-17:29:36  290.7007    0.1240  307.5570   94.2943     6862.5237     6856.6727     6868.3746  95.188301  20.608265   0.000363   0.000771
1 42036U 17008CS  19306.77728104  .00002508  00000-0  96959-4 0  9993 | 2 42036  97.3935  13.2546 0008444  49.4675 310.7298 15.27138260150088 | 2019/11/02-18:39:17  308.1186    0.1239  310.6564   94.2940     6862.5091     6856.7144     6868.3038  94.799020  22.330239   0.000387   0.000750
1 42036U 17008CS  19307.82566363  .00002383  00000-0  92251-4 0  9999 | 2 42036  97.3935  14.2931 0008350  46.2693 313.9236 15.27143627150246 | 2019/11/03-19:48:57  325.5356    0.1239  313.8546   94.2937     6862.4931     6856.7629     6868.2232  94.378730  24.044733   0.000410   0.000727
1 42036U 17008CS  19308.87404323 +.00002339 +00000-0 +90588-4 0  9994 | 2 42036 097.3936 015.3318 0008276 042.8593 317.3289 15.27148410150405 | 2019/11/04-20:58:37  342.9516    0.1239  317.2646   94.2934     6862.4787     6856.7993     6868.1581  93.927441  25.751681   0.000436   0.000703
1 42036U 17008CS  19310.18451336  .00002487  00000-0  96130-4 0  9990 | 2 42036  97.3936  16.6300 0008169  38.7240 321.4583 15.27154623150602 | 2019/11/06-04:25:41   94.7202    0.1239  321.3999   94.2930     6862.4601     6856.8542     6868.0661  93.319904  27.873085   0.000464   0.000672
1 42036U 17008CS  19311.23288553  .00002580  00000-0  99624-4 0  9991 | 2 42036  97.3937  17.6687 0008070  35.3945 324.7828 15.27159763150763 | 2019/11/07-05:35:21  112.1338    0.1239  324.7294   94.2927     6862.4447     6856.9067     6867.9827  92.799389  29.560214   0.000485   0.000645
1 42036U 17008CS  19312.93648327  .00002377  00000-0  91982-4 0  9991 | 2 42036  97.3938  19.3566 0007915  29.9653 330.2037 15.27167016151025 | 2019/11/08-22:28:32    5.4285    0.1239  330.1586   94.2922     6862.4230     6856.9914     6867.8546  91.888517  32.280841   0.000516   0.000600
1 42036U 17008CS  19314.18141472  .00002447  00000-0  94596-4 0  9991 | 2 42036  97.3936  20.5901 0007790  26.0186 334.1444 15.27172848151215 | 2019/11/10-04:21:14   93.6034    0.1240  334.1054   94.2919     6862.4055     6857.0597     6867.7513  91.172128  34.251372   0.000535   0.000566
1 42036U 17008CS  19315.42634174  .00002412  00000-0  93251-4 0  9994 | 2 42036  97.3933  21.8233 0007663  21.8811 338.2754 15.27178255151409 | 2019/11/11-10:13:55  181.7775    0.1240  338.2429   94.2915     6862.3893     6857.1307     6867.6480  90.413583  36.205510   0.000554   0.000529
1 42036U 17008CS  19316.67126216  .00002855  00000-0  10987-3 0  9990 | 2 42036  97.3930  23.0566 0007532  17.6055 342.5444 15.27186257151592 | 2019/11/12-16:06:37  269.9492    0.1240  342.5185   94.2911     6862.3654     6857.1966     6867.5341  89.613093  38.143020   0.000571   0.000491
1 42036U 17008CS  19317.71961214  .00002705  00000-0  10420-3 0  9997 | 2 42036  97.3927  24.0952 0007427  14.0817 346.0628 15.27191481151754 | 2019/11/13-17:16:14  287.3553    0.1240  346.0423   94.2907     6862.3497     6857.2530     6867.4464  88.906716  39.760958   0.000584   0.000459
1 42036U 17008CS  19318.76795826  .00002540  00000-0  98014-4 0  9990 | 2 42036  97.3923  25.1337 0007312  10.4416 349.6974 15.27196851151914 | 2019/11/14-18:25:51  304.7602    0.1240  349.6824   94.2904     6862.3336     6857.3159     6867.3514  88.171113  41.365625   0.000595   0.000425
1 42036U 17008CS  19320.14390734  .00002448  00000-0  94536-4 0  9996 | 2 42036  97.3919  26.4966 0007180   5.5143 354.6174 15.27203687152124 | 2019/11/16-03:27:13   80.1025    0.1240  354.6097   94.2900     6862.3131     6857.3860     6867.2403  87.161936  43.450881   0.000609   0.000381
1 42036U 17008CS  19321.45433025  .00002407  00000-0  92999-4 0  9998 | 2 42036  97.3917  27.7945 0007040   0.8437 359.2813 15.27209279152328 | 2019/11/17-10:54:14  191.8551    0.1240  359.2803   94.2896     6862.2964     6857.4653     6867.1274  86.155205  45.413918   0.000618   0.000337
1 42036U 17008CS  19322.83026920  .00002313  00000-0  89465-4 0  9993 | 2 42036  97.3916  29.1574 0006909 355.7648   4.3532 15.27215004152532 | 2019/11/18-19:55:35  327.1934    0.1240    4.3592   94.2893     6862.2792     6857.5381     6867.0204  85.050581  47.450210   0.000627   0.000291
1 42036U 17008CS  19323.87859967 +.00002577 +00000-0 +99339-4 0  9996 | 2 42036 097.3917 030.1958 0006818 351.8064 008.3062 15.27220572152694 | 2019/11/19-21:05:11  344.5927    0.1239    8.3175   94.2889     6862.2626     6857.5839     6866.9413  84.176783  48.983797   0.000632   0.000255
1 42036U 17008CS  19325.25452903  .00002651  00000-0  10210-3 0  9992 | 2 42036  97.3918  31.5588 0006666 346.6251  13.4811 15.27226638152902 | 2019/11/21-06:06:31  119.9268    0.1240   13.4989   94.2886     6862.2444     6857.6700     6866.8188  82.987894  50.972269   0.000633   0.000208
1 42036U 17008CS  19326.43389136  .00003333  00000-0  12760-3 0  9990 | 2 42036  97.3919  32.7270 0006536 342.0373  18.0634 15.27234580153084 | 2019/11/22-10:24:48  184.4970    0.1239   18.0866   94.2881     6862.2206     6857.7355     6866.7058  81.931531  52.653646   0.000632   0.000167
1 42036U 17008CS  19327.61324887  .00003161  00000-0  12114-3 0  9995 | 2 42036  97.3920  33.8954 0006456 337.3113  22.7840 15.27240566153269 | 2019/11/23-14:43:04  249.0652    0.1240   22.8127   94.2877     6862.2027     6857.7724     6866.6329  80.840917  54.313422   0.000633   0.000125
1 42036U 17008CS  19328.79259910  .00003614  00000-0  13807-3 0  9992 | 2 42036  97.3920  35.0636 0006341 332.6374  27.4530 15.27249758153440 | 2019/11/24-19:01:20  313.6304    0.1239   27.4865   94.2871     6862.1751     6857.8238     6866.5264  79.716799  55.950279   0.000628   0.000085
1 42036U 17008CS  19329.90642408 +.00003045 +00000-0 +11676-3 0  9994 | 2 42036 097.3917 036.1671 0006249 328.0798 032.0062 15.27256559153611 | 2019/11/25-21:45:15  354.6061    0.1240   32.0442   94.2867     6862.1548     6857.8666     6866.4429  78.624252  57.474952   0.000623   0.000046
1 42036U 17008CS  19331.21680093  .00002651  00000-0  10200-3 0  9997 | 2 42036  97.3912  37.4649 0006147 322.6865  37.3946 15.27263270153816 | 2019/11/27-05:12:11  106.3404    0.1239   37.4374   94.2863     6862.1347     6857.9165     6866.3528  77.301940  59.240661   0.000615   0.000002
1 42036U 17008CS  19332.26509813  .00002425  00000-0  93503-4 0  9990 | 2 42036  97.3909  38.5033 0006068 318.2433  41.8343 15.27268364153972 | 2019/11/28-06:21:44  123.7258    0.1240   41.8807   94.2860     6862.1194     6857.9555     6866.2833  76.215421  60.631651   0.000606  -0.000034
1 42036U 17008CS  19333.31339253  .00002301  00000-0  88859-4 0  9997 | 2 42036  97.3906  39.5416 0005984 313.6928  46.3814 15.27272917154130 | 2019/11/29-07:31:17  141.1101    0.1239   46.4311   94.2857     6862.1058     6857.9995     6866.2121  75.103984  62.002586   0.000594  -0.000070
1 42036U 17008CS  19334.42720160  .00002434  00000-0  93821-4 0  9993 | 2 42036  97.3903  40.6447 0005918 308.7068  51.3642 15.27278563154308 | 2019/11/30-10:15:10  182.0793    0.1240   51.4172   94.2854     6862.0889     6858.0279     6866.1498  73.896192  63.436767   0.000582  -0.000109
1 42036U 17008CS  19335.80307938  .00002062  00000-0  79884-4 0  9990 | 2 42036  97.3901  42.0075 0005866 302.8194  57.2480 15.27283294154511 | 2019/12/01-19:16:26  317.3922    0.1240   57.3046   94.2851     6862.0747     6858.0494     6866.1000  72.366418  65.176170   0.000566  -0.000154
1 42036U 17008CS  19336.91688138 +.00002100 +00000-0 +81310-4 0  9997 | 2 42036 097.3899 043.1105 0005804 297.7999 062.2652 15.27287930154686 | 2019/12/02-22:00:18  358.3581    0.1240   62.3241   94.2848     6862.0608     6858.0781     6866.0435  71.098235  66.556995   0.000548  -0.000190
1 42036U 17008CS  19338.29274979 +.00002010 +00000-0 +77914-4 0  9999 | 2 42036 097.3901 044.4733 0005794 291.7120 068.3502 15.27293476154895 | 2019/12/04-07:01:33  133.6669    0.1239   68.4119   94.2844     6862.0442     6858.0683     6866.0201  69.495335  68.229246   0.000530  -0.000234
1 42036U 17008CS  19339.47206225  .00001962  00000-0  76120-4 0  9992 | 2 42036  97.3901  45.6414 0005775 286.4770  73.5834 15.27297843155074 | 2019/12/05-11:19:46  198.2155    0.1239   73.6469   94.2842     6862.0311     6858.0683     6865.9939  68.089987  69.631783   0.000510  -0.000270
1 42036U 17008CS  19340.84792224 +.00001916 +00000-0 +74390-4 0  9990 | 2 42036 097.3901 047.0042 0005779 280.3220 079.7367 15.27303128155280 | 2019/12/06-20:21:00  333.5201    0.1239   79.8019   94.2838     6862.0153     6858.0497     6865.9808  66.414667  71.231479   0.000486  -0.000312
1 42036U 17008CS  19342.15826051  .00001975  00000-0  76583-4 0  9993 | 2 42036  97.3900  48.3021 0005783 274.4583  85.5995 15.27308673155485 | 2019/12/08-03:47:53   85.2364    0.1239   85.6656   94.2835     6861.9987     6858.0304     6865.9670  64.784119  72.717467   0.000460  -0.000350
1 42036U 17008CS  19343.46859376  .00002160  00000-0  83493-4 0  9999 | 2 42036  97.3898  49.5999 0005787 268.4915  91.5661 15.27314998155680 | 2019/12/09-11:14:46  196.9503    0.1239   91.6324   94.2831     6861.9797     6858.0087     6865.9507  63.120397  74.165953   0.000431  -0.000387
1 42036U 17008CS  19344.64789095  .00002215  00000-0  85523-4 0  9997 | 2 42036  97.3900  50.7682 0005767 262.6737  97.3846 15.27319389155861 | 2019/12/10-15:32:57  261.4907    0.1238   97.4501   94.2828     6861.9666     6858.0093     6865.9239  61.595212  75.437669   0.000397  -0.000419
1 42036U 17008CS  19345.69615076  .00002277  00000-0  87837-4 0  9998 | 2 42036  97.3898  51.8063 0005805 257.9134 102.1455 15.27324362156020 | 2019/12/11-16:42:27  278.8587    0.1239  102.2105   94.2825     6861.9517     6857.9683     6865.9350  60.218254  76.541067   0.000371  -0.000447
1 42036U 17008CS  19346.80992298 +.00002275 +00000-0 +87744-4 0  9991 | 2 42036 097.3894 052.9095 0005848 253.0246 107.0353 15.27329637156190 | 2019/12/12-19:26:17  319.8103    0.1240  107.0994   94.2822     6861.9359     6857.9230     6865.9487  58.733184  77.685960   0.000343  -0.000474
1 42036U 17008CS  19347.92369198 +.00002105 +00000-0 +81389-4 0  9993 | 2 42036 097.3890 054.0125 0005897 248.0169 112.0444 15.27334053156369 | 2019/12/13-22:10:06    0.7605    0.1239  112.1070   94.2819     6861.9226     6857.8762     6865.9691  57.226627  78.801843   0.000313  -0.000500
1 42036U 17008CS  19349.49606569  .00002155  00000-0  83215-4 0  9998 | 2 42036  97.3886  55.5695 0005989 241.0990 118.9648 15.27341223156604 | 2019/12/15-11:54:20  206.8054    0.1238  119.0248   94.2815     6861.9012     6857.7916     6866.0108  55.064114  80.327348   0.000269  -0.000535
1 42036U 17008CS  19350.80637225  .00001987  00000-0  76940-4 0  9997 | 2 42036  97.3884  56.8671 0006059 235.5376 124.5291 15.27346221156807 | 2019/12/16-19:21:10  318.5067    0.1239  124.5863   94.2812     6861.8862     6857.7286     6866.0438  53.230834  81.553533   0.000231  -0.000560
1 42036U 17008CS  19352.11667453  .00001720  00000-0  66959-4 0  9993 | 2 42036  97.3885  58.1648 0006166 230.4079 129.6616 15.27350083157001 | 2019/12/18-02:48:00   70.2065    0.1239  129.7160   94.2809     6861.8746     6857.6436     6866.1057  51.370275  82.738231   0.000196  -0.000584
1 42036U 17008CS  19353.16491219  .00002512  00000-0  96516-4 0  9996 | 2 42036  97.3883  59.2027 0006238 225.5104 134.5625 15.27357730157164 | 2019/12/19-03:57:28   87.5640    0.1238  134.6134   94.2805     6861.8517     6857.5713     6866.1322  49.863042  83.654994   0.000158  -0.000603
1 42036U 17008CS  19354.21314671  .00002270  00000-0  87449-4 0  9995 | 2 42036  97.3884  60.2409 0006332 221.3008 138.7752 15.27361885157324 | 2019/12/20-05:06:55  104.9203    0.1238  138.8230   94.2802     6861.8393     6857.4944     6866.1842  48.339160  84.544817   0.000127  -0.000620
1 42036U 17008CS  19355.32689178  .00002394  00000-0  92082-4 0  9991 | 2 42036  97.3885  61.3439 0006422 216.8289 143.2509 15.27367739157493 | 2019/12/21-07:50:43  145.8595    0.1238  143.2949   94.2798     6861.8218     6857.4151     6866.2284  46.702781  85.459758   0.000091  -0.000636
1 42036U 17008CS  19356.44063326  .00002202  00000-0  84912-4 0  9997 | 2 42036  97.3886  62.4471 0006529 212.4177 147.6662 15.27372586157661 | 2019/12/22-10:34:30  186.7969    0.1239  147.7062   94.2795     6861.8072     6857.3272     6866.2873  45.048789  86.343187   0.000055  -0.000651
1 42036U 17008CS  19357.75091247  .00002153  00000-0  83066-4 0  9999 | 2 42036  97.3884  63.7446 0006653 207.5490 152.5397 15.27378750157867 | 2019/12/23-18:01:18  298.4866    0.1238  152.5748   94.2792     6861.7888     6857.2236     6866.3539  43.082020  87.340941   0.000015  -0.000665
1 42036U 17008CS  19358.86464636 +.00002111 +00000-0 +81461-4 0  9999 | 2 42036 097.3882 064.8477 0006756 203.2478 156.8456 15.27383270158030 | 2019/12/24-20:45:05  339.4207    0.1238  156.8760   94.2789     6861.7752     6857.1394     6866.4111  41.392503  88.153969  -0.000022  -0.000675
1 42036U 17008CS  19359.91286364 +.00002114 +00000-0 +81581-4 0  9992 | 2 42036 097.3879 065.8857 0006865 199.1786 160.9195 15.27387515158194 | 2019/12/25-21:54:31  356.7694    0.1238  160.9452   94.2786     6861.7625     6857.0519     6866.4731  39.788632  88.889076  -0.000059  -0.000684
1 42036U 17008CS  19361.22313058  .00002078  00000-0  80219-4 0  9996 | 2 42036  97.3875  67.1833 0006993 194.4495 165.6545 15.27393157158398 | 2019/12/27-05:21:18  108.4535    0.1238  165.6743   94.2783     6861.7456     6856.9472     6866.5440  37.765340  89.766944  -0.000102  -0.000692
1 42036U 17008CS  19362.46788005  .00002072  00000-0  79984-4 0  9992 | 2 42036  97.3872  68.4159 0007115 189.8747 170.2353 15.27398290158588 | 2019/12/28-11:13:44  196.5516    0.1238  170.2491   94.2780     6861.7303     6856.8481     6866.6124  35.825490  90.558274  -0.000144  -0.000697
1 42036U 17008CS  19363.77813840  .00002026  00000-0  78232-4 0  9997 | 2 42036  97.3870  69.7131 0007211 185.5490 174.5671 15.27403535158786 | 2019/12/29-18:40:31  308.2327    0.1239  174.5749   94.2776     6861.7145     6856.7666     6866.6625  33.766138  91.345912  -0.000183  -0.000697
1 42036U 17008CS  19365.74351700 +.00002128 +00000-0 +82008-4 0  9997 | 2 42036 097.3868 071.6593 0007413 178.6329 181.4932 15.27412224159081 | 2019/12/31-17:50:39  295.7500    0.1239  181.4910   94.2771     6861.6885     6856.6020     6866.7751  30.644393  92.439764  -0.000250  -0.000698
1 42036U 17008CS  20001.92274047 +.00001827 +00000-0 +70804-4 0  9990 | 2 42036 097.3867 072.8270 0007537 174.5786 185.5536 15.27415105159260 | 2020/01/01-22:08:44    0.2589    0.1238  185.5452   94.2769     6861.6799     6856.5082     6866.8515  28.754188  93.044968  -0.000290  -0.000696
1 42036U 17008CS  20003.75708055 +.00001893 +00000-0 +73249-4 0  9993 | 2 42036 097.3866 074.6434 0007711 168.4055 191.7363 15.27422549159544 | 2020/01/03-18:10:11  300.6034    0.1238  191.7183   94.2765     6861.6576     6856.3666     6866.9486  25.790481  93.909536  -0.000349  -0.000687
1 42036U 17008CS  20004.93629467 +.00001964 +00000-0 +75862-4 0  9995 | 2 42036 097.3865 075.8111 0007824 164.5072 195.6408 15.27427401159724 | 2020/01/04-22:28:15    5.1088    0.1239  195.6167   94.2762     6861.6431     6856.2745     6867.0116  23.871337  94.415516  -0.000387  -0.000680
1 42036U 17008CS  20006.70510660  .00002767  00000-0  10574-3 0  9996 | 2 42036  97.3866  77.5627 0008008 158.6856 201.4718 15.27438100159992 | 2020/01/06-16:55:21  281.8636    0.1238  201.4382   94.2755     6861.6110     6856.1163     6867.1058  20.974259  95.101158  -0.000445  -0.000666
1 42036U 17008CS  20007.88430839 +.00002297 +00000-0 +88235-4 0  9993 | 2 42036 097.3865 078.7305 0008100 155.0033 205.1600 15.27442958160177 | 2020/01/07-21:13:24  346.3648    0.1239  205.1206   94.2752     6861.5965     6856.0386     6867.1544  19.031670  95.508774  -0.000479  -0.000653
1 42036U 17008CS  20009.84963491  .00002439  00000-0  93488-4 0  9990 | 2 42036  97.3863  80.6763 0008018 150.3950 209.7767 15.27452895160477 | 2020/01/09-20:23:28  333.8653    0.1261  209.7311   94.2746     6861.5667     6856.0651     6867.0683  15.777751  96.099709  -0.000504  -0.000624
1 42036U 17008CS  20011.15984320  .00002779  00000-0  10609-3 0  9991 | 2 42036  97.3856  81.9739 0008361 144.6936 215.4858 15.27461794160672 | 2020/01/11-03:50:10   85.5263    0.1238  215.4302   94.2740     6861.5401     6855.8031     6867.2770  13.597385  96.431666  -0.000574  -0.000608
1 42036U 17008CS  20012.47004577  .00002565  00000-0  98106-4 0  9996 | 2 42036  97.3852  83.2710 0008454 140.6985 219.4869 15.27468728160877 | 2020/01/12-11:16:51  197.1876    0.1238  219.4253   94.2736     6861.5193     6855.7186     6867.3200  11.410956  96.714359  -0.000608  -0.000587
1 42036U 17008CS  20014.10779130  .00002447  00000-0  93692-4 0  9996 | 2 42036  97.3847  84.8923 0008592 135.8337 224.3590 15.27476875161121 | 2020/01/14-02:35:13   66.7616    0.1239  224.2902   94.2731     6861.4949     6855.5995     6867.3903   8.669980  96.997996  -0.000651  -0.000561
1 42036U 17008CS  20015.28696333  .00001858  00000-0  71802-4 0  9993 | 2 42036  97.3845  86.0598 0008644 132.2762 227.9212 15.27480563161301 | 2020/01/15-06:53:13  131.2536    0.1239  227.8477   94.2729     6861.4839     6855.5528     6867.4149   6.691802  97.154313  -0.000678  -0.000536
1 42036U 17008CS  20017.12122458  .00001873  00000-0  72330-4 0  9994 | 2 42036  97.3845  87.8759 0008753 126.7259 233.4785 15.27487625161582 | 2020/01/17-02:54:33   71.5725    0.1238  233.3979   94.2724     6861.4627     6855.4569     6867.4686   3.609464  97.317586  -0.000720  -0.000497
1 42036U 17008CS  20018.16937047  .00001640  00000-0  63684-4 0  9991 | 2 42036  97.3846  88.9137 0008759 123.6427 236.5649 15.27490318161748 | 2020/01/18-04:03:53   88.8971    0.1239  236.4812   94.2723     6861.4546     6855.4447     6867.4646   1.846254  97.367097  -0.000738  -0.000471
1 42036U 17008CS  20019.41404018  .00001919  00000-0  74030-4 0  9993 | 2 42036  97.3845  90.1460 0008819 119.9338 240.2778 15.27496367161933 | 2020/01/19-09:56:13  176.9687    0.1239  240.1901   94.2719     6861.4365     6855.3854     6867.4876  -0.248153  97.384184  -0.000763  -0.000442
1 42036U 17008CS  20020.72421535  .00001836  00000-0  70918-4 0  9991 | 2 42036  97.3843  91.4431 0008874 116.1362 244.0791 15.27500491162134 | 2020/01/20-17:22:52  288.6223    0.1239  243.9877   94.2717     6861.4242     6855.3354     6867.5130  -2.452544  97.353412  -0.000787  -0.000411
1 42036U 17008CS  20022.16540325  .00001767  00000-0  68363-4 0  9994 | 2 42036  97.3840  92.8699 0008922 111.9355 248.2834 15.27505152162358 | 2020/01/22-03:58:10   87.4401    0.1240  248.1885   94.2714     6861.4102     6855.2885     6867.5320  -4.875848  97.261861  -0.000810  -0.000374
1 42036U 17008CS  20023.21353621  .00001952  00000-0  75230-4 0  9999 | 2 42036  97.3837  93.9074 0008966 108.9197 251.3015 15.27509968162514 | 2020/01/23-05:07:29  104.7612    0.1239  251.2042   94.2711     6861.3958     6855.2439     6867.5477  -6.636129  97.157330  -0.000826  -0.000348
1 42036U 17008CS  20024.45819131 +.00001922 +00000-0 +74079-4 0  9996 | 2 42036 097.3835 095.1396 0009000 105.3559 254.8676 15.27514171162700 | 2020/01/24-10:59:47  192.8293    0.1240  254.7681   94.2708     6861.3832     6855.2080     6867.5585  -8.723876  96.991959  -0.000843  -0.000315
1 42036U 17008CS  20025.63733419  .00001885  00000-0  72712-4 0  9991 | 2 42036  97.3834  96.3070 0008983 101.9382 258.2865 15.27518445162881 | 2020/01/25-15:17:45  257.3144    0.1239  258.1857   94.2705     6861.3704     6855.2069     6867.5340 -10.698126  96.793991  -0.000853  -0.000281
1 42036U 17008CS  20027.14401182  .00001681  00000-0  65142-4 0  9991 | 2 42036  97.3831  97.7986 0008991  97.5604 262.6657 15.27523059163117 | 2020/01/27-03:27:22   79.7104    0.1239  262.5635   94.2703     6861.3566     6855.1876     6867.5256 -13.214046  96.482419  -0.000867  -0.000238
1 42036U 17008CS  20028.19213178  .00001778  00000-0  68718-4 0  9992 | 2 42036  97.3828  98.8361 0008986  94.5312 265.6954 15.27527625163272 | 2020/01/28-04:36:40   97.0287    0.1239  265.5927   94.2700     6861.3429     6855.1773     6867.5085 -14.958821  96.227041  -0.000874  -0.000208
1 42036U 17008CS  20029.43676982 +.00002041 +00000-0 +78465-4 0  9990 | 2 42036 097.3827 100.0683 0008980 090.9478 269.2790 15.27534037163465 | 2020/01/29-10:28:56  185.0927    0.1239  269.1761   94.2696     6861.3237     6855.1623     6867.4852 -17.024639  95.883012  -0.000881  -0.000172
1 42036U 17008CS  20031.20545959  .00002565  00000-0  97890-4 0  9991 | 2 42036  97.3821 101.8190 0008978  85.9561 274.2704 15.27542553163738 | 2020/01/31-04:55:51  101.8139    0.1239  274.1678   94.2691     6861.2982     6855.1382     6867.4583 -19.945865  95.317553  -0.000890  -0.000121
1 42036U 17008CS  20032.45008596  .00002517  00000-0  96070-4 0  9996 | 2 42036  97.3822 103.0512 0008956  82.3789 277.8467 15.27548602163927 | 2020/02/01-10:48:07  189.8749    0.1239  277.7450   94.2687     6861.2801     6855.1352     6867.4251 -21.991011  94.866687  -0.000892  -0.000085
1 42036U 17008CS  20033.49818764  .00002537  00000-0  96822-4 0  9994 | 2 42036  97.3822 104.0887 0008914  79.3817 280.8425 15.27554491164084 | 2020/02/02-11:57:23  207.1885    0.1239  280.7422   94.2683     6861.2625     6855.1464     6867.3786 -23.705138  94.452948  -0.000890  -0.000054
1 42036U 17008CS  20034.93932143  .00002289  00000-0  87602-4 0  9992 | 2 42036  97.3822 105.5153 0008867  75.2751 284.9470 15.27561416164300 | 2020/02/03-22:32:37    5.9926    0.1239  284.8488   94.2679     6861.2417     6855.1579     6867.3256 -26.049319  93.833501  -0.000887  -0.000012
1 42036U 17008CS  20035.98741551 +.00002134 +00000-0 +81852-4 0  9999 | 2 42036 097.3822 106.5529 0008837 072.2314 287.9889 15.27565578164464 | 2020/02/04-23:41:52   23.3037    0.1240  287.8926   94.2676     6861.2293     6855.1660     6867.2925 -27.744236  93.346399  -0.000884   0.000019
1 42036U 17008CS  20037.23202245 +.00002183 +00000-0 +83653-4 0  9996 | 2 42036 097.3819 107.7848 0008769 068.5138 291.7036 15.27571483164653 | 2020/02/06-05:34:06  111.3599    0.1240  291.6102   94.2673     6861.2116     6855.1950     6867.2282 -29.744591  92.728064  -0.000875   0.000057
1 42036U 17008CS  20038.73864447  .00002689  00000-0  10238-3 0  9999 | 2 42036  97.3816 109.2761 0008689  64.0424 296.1710 15.27580519164884 | 2020/02/07-17:43:38  293.7416    0.1240  296.0816   94.2667     6861.1845     6855.2229     6867.1462 -32.147679  91.922265  -0.000863   0.000101
1 42036U 17008CS  20040.17975402  .00002549  00000-0  97152-4 0  9990 | 2 42036  97.3812 110.7025 0008594  59.6980 300.5109 15.27587507165104 | 2020/02/09-04:18:50   92.5395    0.1240  300.4260   94.2663     6861.1636     6855.2671     6867.0601 -34.425779  91.093160  -0.000847   0.000143
1 42036U 17008CS  20041.42434290  .00002382  00000-0  90962-4 0  9991 | 2 42036  97.3808 111.9343 0008496  55.9314 304.2730 15.27593638165299 | 2020/02/10-10:11:03  180.5910    0.1239  304.1925   94.2659     6861.1453     6855.3160     6866.9745 -36.375932  90.331676  -0.000831   0.000179
1 42036U 17008CS  20042.47241390  .00002407  00000-0  91880-4 0  9992 | 2 42036  97.3804 112.9717 0008431  52.7712 307.4296 15.27598922165458 | 2020/02/11-11:20:16  197.8957    0.1240  307.3528   94.2656     6861.1294     6855.3448     6866.9141 -38.005274  89.657914  -0.000817   0.000208
1 42036U 17008CS  20043.65149053  .00002113  00000-0  80995-4 0  9995 | 2 42036  97.3801 114.1386 0008346  49.3338 310.8626 15.27603186165636 | 2020/02/12-15:38:08  262.3630    0.1240  310.7902   94.2653     6861.1167     6855.3904     6866.8430 -39.823138  88.865075  -0.000800   0.000237
1 42036U 17008CS  20044.76506041  .00001915  00000-0  73630-4 0  9999 | 2 42036  97.3803 115.2407 0008263  45.5456 314.6457 15.27606452165803 | 2020/02/13-18:21:41  303.2487    0.1239  314.5783   94.2651     6861.1069     6855.4376     6866.7762 -41.525095  88.082855  -0.000780   0.000272
1 42036U 17008CS  20046.14064231  .00001780  00000-0  68646-4 0  9994 | 2 42036  97.3801 116.6022 0008155  41.1988 318.9866 15.27611125166019 | 2020/02/15-03:22:31   78.4585    0.1240  318.9252   94.2648     6861.0929     6855.4977     6866.6881 -43.606168  87.071155  -0.000755   0.000308
1 42036U 17008CS  20047.18870184  .00001750  00000-0  67517-4 0  9994 | 2 42036  97.3799 117.6393 0008054  37.9221 322.2584 15.27614835166171 | 2020/02/16-04:31:43   95.7607    0.1240  322.2019   94.2646     6861.0818     6855.5559     6866.6077 -45.174904  86.267450  -0.000733   0.000333
1 42036U 17008CS  20048.43326989  .00001816  00000-0  69971-4 0  9991 | 2 42036  97.3798 118.8711 0007945  34.0835 326.0913 15.27619401166367 | 2020/02/17-10:23:54  183.8058    0.1240  326.0405   94.2643     6861.0681     6855.6170     6866.5192 -47.018934  85.276288  -0.000708   0.000361
1 42036U 17008CS  20049.74333579  .00002136  00000-0  81792-4 0  9990 | 2 42036  97.3796 120.1677 0007834  29.7945 330.3739 15.27626062166569 | 2020/02/18-17:50:24  295.4306    0.1240  330.3295   94.2639     6861.0482     6855.6732     6866.4231 -48.936427  84.190335  -0.000678   0.000392
1 42036U 17008CS  20050.85688671 +.00003687 +00000-0 +13913-3 0  9991 | 2 42036 097.3796 121.2700 0007710 026.4896 333.6735 15.27635700166730 | 2020/02/19-20:33:55  336.3095    0.1239  333.6343   94.2633     6861.0193     6855.7295     6866.3092 -50.546989  83.233337  -0.000652   0.000411
1 42036U 17008CS  20052.42894736  .00003140  00000-0  11889-3 0  9991 | 2 42036  97.3794 122.8258 0007554  21.3385 338.8168 15.27645661166976 | 2020/02/21-10:17:41  182.2528    0.1240  338.7855   94.2627     6860.9895     6855.8067     6866.1723 -52.788074  81.830110  -0.000612   0.000442
1 42036U 17008CS  20053.67348812  .00002916  00000-0  11059-3 0  9997 | 2 42036  97.3789 124.0572 0007398  17.1745 342.9743 15.27652957167165 | 2020/02/22-16:09:49  270.2893    0.1240  342.9495   94.2622     6860.9676     6855.8919     6866.0434 -54.534158  80.676364  -0.000577   0.000463
1 42036U 17008CS  20054.85252230 +.00002623 +00000-0 +99723-4 0  9996 | 2 42036 097.3785 125.2240 0007294 013.1508 346.9920 15.27658541167340 | 2020/02/23-20:27:37  334.7429    0.1240  346.9732   94.2619     6860.9509     6855.9465     6865.9553 -56.165441  79.548825  -0.000545   0.000485
1 42036U 17008CS  20056.42456011  .00002475  00000-0  94223-4 0  9999 | 2 42036  97.3780 126.7795 0007131   7.5630 352.5715 15.27666556167585 | 2020/02/25-10:11:21  180.6788    0.1239  352.5609   94.2614     6860.9269     6856.0344     6865.8195 -58.303818  77.994485  -0.000498   0.000510
1 42036U 17008CS  20057.86558919  .00002109  00000-0  80704-4 0  9991 | 2 42036  97.3775 128.2053 0006959   2.4958 357.6315 15.27671806167808 | 2020/02/26-20:46:26  339.4510    0.1240  357.6282   94.2611     6860.9112     6856.1367     6865.6857 -60.226142  76.519209  -0.000454   0.000528
1 42036U 17008CS  20058.91360709  .00001778  00000-0  68443-4 0  9993 | 2 42036  97.3773 129.2424 0006835 358.7539   1.3682 15.27675004167965 | 2020/02/27-21:55:35  356.7385    0.1240    1.3701   94.2609     6860.9016     6856.2122     6865.5911 -61.601134  75.416437  -0.000421   0.000539
1 42036U 17008CS  20060.15812440 +.00002118 +00000-0 +81000-4 0  9999 | 2 42036 097.3775 130.4739 0006771 353.8572 006.2583 15.27681510168157 | 2020/02/29-03:47:41   84.7665    0.1240    6.2668   94.2605     6860.8822     6856.2367     6865.5277 -63.207890  74.075233  -0.000382   0.000559
1 42036U 17008CS  20061.33713638 +.00003072 +00000-0 +11624-3 0  9993 | 2 42036 097.3769 131.6405 0006605 349.5601 010.5500 15.27689265168336 | 2020/03/01-08:05:28  149.2117    0.1240   10.5639   94.2600     6860.8589     6856.3273     6865.3905 -64.702532  72.772543  -0.000342   0.000565
1 42036U 17008CS  20062.84364604 +.00002703 +00000-0 +10258-3 0  9997 | 2 42036 097.3768 133.1312 0006437 343.7353 016.3679 15.27694898168566 | 2020/03/02-20:14:51  331.5563    0.1240   16.3887   94.2597     6860.8421     6856.4257     6865.2584 -66.573721  71.064624  -0.000291   0.000574
1 42036U 17008CS  20064.21914843 +.00002196 +00000-0 +83839-4 0  9998 | 2 42036 097.3769 134.4924 0006321 338.1340 021.9629 15.27700052168776 | 2020/03/04-05:15:34  106.7380    0.1240   21.9900   94.2593     6860.8266     6856.4899     6865.1634 -68.243158  69.463170  -0.000243   0.000583
1 42036U 17008CS  20065.26714599  .00002513  00000-0  95552-4 0  9998 | 2 42036  97.3768 135.5294 0006217 334.0701  26.0226 15.27706087168938 | 2020/03/05-06:24:41  124.0173    0.1240   26.0539   94.2590     6860.8086     6856.5432     6865.0739 -69.489059  68.216654  -0.000209   0.000586
1 42036U 17008CS  20066.44614040  .00002157  00000-0  82370-4 0  9997 | 2 42036  97.3767 136.6959 0006092 329.2546  30.8336 15.27709977169118 | 2020/03/06-10:42:26  188.4553    0.1240   30.8694   94.2587     6860.7969     6856.6173     6864.9765 -70.863330  66.787799  -0.000167   0.000586
1 42036U 17008CS  20067.88712679  .00002381  00000-0  90650-4 0  9992 | 2 42036  97.3764 138.1217 0005982 323.1069  36.9758 15.27717690169339 | 2020/03/07-21:17:27  347.2104    0.1240   37.0171   94.2583     6860.7738     6856.6697     6864.8779 -72.503003  65.003675  -0.000116   0.000587
1 42036U 17008CS  20069.13161045  .00002156  00000-0  82313-4 0  9994 | 2 42036  97.3760 139.3529 0005902 317.7865  42.2920 15.27722739169521 | 2020/03/09-03:09:31   75.2242    0.1240   42.3375   94.2579     6860.7587     6856.7095     6864.8079 -73.882685  63.430547  -0.000073   0.000586
1 42036U 17008CS  20070.17959346 +.00002267 +00000-0 +86390-4 0  9991 | 2 42036 097.3756 140.3897 0005830 313.2949 046.7804 15.27727637169689 | 2020/03/10-04:18:36   92.4974    0.1240   46.8291   94.2576     6860.7441     6856.7442     6864.7439 -75.018030  62.083030  -0.000037   0.000582
1 42036U 17008CS  20073.84750999 +.00002009 +00000-0 +76839-4 0  9992 | 2 42036 097.3746 144.0185 0005626 296.6880 063.3783 15.27742536170240 | 2020/03/13-20:20:24  332.9428    0.1240   63.4360   94.2567     6860.6994     6856.8396     6864.5593 -78.796183  57.209915   0.000091   0.000555
1 42036U 17008CS  20075.61595661 +.00002105 +00000-0 +80383-4 0  9998 | 2 42036 097.3744 145.7681 0005588 288.6140 071.4492 15.27750513170515 | 2020/03/15-14:46:58  249.5802    0.1239   71.5099   94.2562     6860.6756     6856.8418     6864.5093 -80.505989  54.777363   0.000150   0.000538
1 42036U 17008CS  20076.72941897 +.00001998 +00000-0 +76403-4 0  9994 | 2 42036 097.3747 146.8696 0005607 283.7814 076.2802 15.27754648170681 | 2020/03/16-17:30:21  290.4242    0.1240   76.3426   94.2560     6860.6632     6856.8164     6864.5100 -81.544383  53.219788   0.000186   0.000529
1 42036U 17008CS  20077.84287747 +.00002462 +00000-0 +93494-4 0  9991 | 2 42036 097.3743 147.9713 0005553 278.2940 081.7670 15.27760918170858 | 2020/03/17-20:13:44  331.2656    0.1240   81.8300   94.2556     6860.6444     6856.8347     6864.4541 -82.552232  51.641875   0.000224   0.000508
1 42036U 17008CS  20079.15282299 +.00002862 +00000-0 +10822-3 0  9991 | 2 42036 097.3743 149.2671 0005564 272.1068 087.9534 15.27768736171058 | 2020/03/19-03:40:03   82.8422    0.1239   88.0171   94.2551     6860.6210     6856.8038     6864.4383 -83.698953  49.761829   0.000267   0.000488
1 42036U 17008CS  20080.46276274 +.00002941 +00000-0 +11112-3 0  9994 | 2 42036 097.3742 150.5630 0005582 266.0760 093.9841 15.27775834171255 | 2020/03/20-11:06:22  194.4158    0.1239   94.0479   94.2547     6860.5998     6856.7702     6864.4293 -84.802861  47.856134   0.000307   0.000466
1 42036U 17008CS  20081.70719919 +.00002992 +00000-0 +11297-3 0  9990 | 2 42036 097.3740 151.7940 0005628 260.4630 099.5973 15.27783217171448 | 2020/03/21-16:58:22  282.4083    0.1239   99.6609   94.2542     6860.5777     6856.7165     6864.4388 -85.811223  46.023145   0.000345   0.000445
1 42036U 17008CS  20083.73758279  .00002754  00000-0  10415-3 0  9994 | 2 42036  97.3734 153.8023 0005700 251.0454 109.0168 15.27794615171758 | 2020/03/23-17:42:07  293.3375    0.1239  109.0785   94.2535     6860.5435     6856.6330     6864.4540 -87.370824  42.987419   0.000404   0.000402
1 42036U 17008CS  20084.85101261 +.00002357 +00000-0 +89539-4 0  9994 | 2 42036 097.3731 154.9036 0005754 245.8865 114.1773 15.27799654171923 | 2020/03/24-20:25:27  334.1667    0.1239  114.2374   94.2532     6860.5285     6856.5809     6864.4760 -88.180636  41.300072   0.000436   0.000376
1 42036U 17008CS  20086.29191594  .00002480  00000-0  94016-4 0  9995 | 2 42036  97.3727 156.3288 0005859 239.5243 120.5419 15.27807754172143 | 2020/03/26-07:00:21  132.8846    0.1240  120.5997   94.2527     6860.5042     6856.4846     6864.5238 -89.180201  39.093918   0.000475   0.000343
1 42036U 17008CS  20088.12578395  .00002400  00000-0  91048-4 0  9991 | 2 42036  97.3722 158.1427 0005982 231.6657 128.4045 15.27816284172423 | 2020/03/28-03:01:07   73.0667    0.1239  128.4582   94.2522     6860.4787     6856.3747     6864.5826 -90.372499  36.251300   0.000519   0.000297
1 42036U 17008CS  20089.43568407  .00002388  00000-0  90618-4 0  9996 | 2 42036  97.3720 159.4383 0006097 226.0260 134.0478 15.27822015172626 | 2020/03/29-10:27:23  184.6226    0.1240  134.0980   94.2518     6860.4615     6856.2787     6864.6443 -91.168870  34.198590   0.000550   0.000262
1 42036U 17008CS  20090.74557816  .00002628  00000-0  99421-4 0  9992 | 2 42036  97.3718 160.7340 0006206 220.7579 139.3197 15.27829259172822 | 2020/03/30-17:53:37  296.1761    0.1239  139.3660   94.2514     6860.4398     6856.1822     6864.6974 -91.918679  32.128241   0.000577   0.000227
1 42036U 17008CS  20092.05546453  .00003224  00000-0  12131-3 0  9998 | 2 42036  97.3717 162.0297 0006317 215.5297 144.5522 15.27838757173025 | 2020/04/01-01:19:52   47.7263    0.1239  144.5942   94.2508     6860.4114     6856.0777     6864.7451 -92.621575  30.041503   0.000602   0.000191
1 42036U 17008CS  20093.16886186 +.00002771 +00000-0 +10463-3 0  9993 | 2 42036 097.3717 163.1310 0006431 211.1234 148.9626 15.27845686173193 | 2020/04/02-04:03:09   88.5413    0.1240  149.0006   94.2504     6860.3907     6855.9787     6864.8026 -93.181867  28.255755   0.000623   0.000158
1 42036U 17008CS  20094.41324102  .00003106  00000-0  11689-3 0  9991 | 2 42036  97.3717 164.3617 0006554 206.1198 153.9711 15.27854632173388 | 2020/04/03-09:55:04  176.5087    0.1238  154.0040   94.2498     6860.3639     6855.8676     6864.8602 -93.767252  26.247866   0.000644   0.000119
1 42036U 17008CS  20095.72310791  .00002562  00000-0  96865-4 0  9990 | 2 42036  97.3717 165.6572 0006690 201.3001 158.7961 15.27860735173586 | 2020/04/04-17:21:16  288.0511    0.1239  158.8238   94.2494     6860.3456     6855.7560     6864.9352 -94.336717  24.121190   0.000664   0.000081
1 42036U 17008CS  20096.77099644  .00002684  00000-0  10135-3 0  9997 | 2 42036  97.3715 166.6936 0006816 197.3950 162.7057 15.27867259173743 | 2020/04/05-18:30:14  305.2829    0.1239  162.7289   94.2490     6860.3261     6855.6501     6865.0021 -94.757384  22.410873   0.000680   0.000049
1 42036U 17008CS  20097.94986680  .00002460  00000-0  93079-4 0  9993 | 2 42036  97.3713 167.8596 0006940 193.1996 166.9063 15.27873069173927 | 2020/04/06-22:47:48    9.6670    0.1239  166.9243   94.2487     6860.3087     6855.5476     6865.0697 -95.193609  20.477959   0.000694   0.000013
1 42036U 17008CS  20099.12873315  .00002330  00000-0  88301-4 0  9993 | 2 42036  97.3710 169.0255 0007056 188.8803 171.2313 15.27878532174105 | 2020/04/08-03:05:22   74.0492    0.1239  171.2436   94.2483     6860.2923     6855.4517     6865.1330 -95.590280  18.536721   0.000705  -0.000026
1 42036U 17008CS  20100.17661012  .00002362  00000-0  89445-4 0  9995 | 2 42036  97.3707 170.0618 0007174 185.1155 175.0013 15.27883965174269 | 2020/04/09-04:14:19   91.2763    0.1240  175.0085   94.2480     6860.2761     6855.3545     6865.1976 -95.909602  16.804805   0.000715  -0.000060
1 42036U 17008CS  20101.42095828  .00002873  00000-0  10818-3 0  9994 | 2 42036  97.3705 171.2924 0007304 180.8682 179.2546 15.27892552174452 | 2020/04/10-10:06:10  179.2315    0.1239  179.2557   94.2475     6860.2504     6855.2396     6865.2611 -96.248190  14.741109   0.000724  -0.000100
1 42036U 17008CS  20102.46882570  .00002859  00000-0  10767-3 0  9994 | 2 42036  97.3703 172.3288 0007412 177.2778 182.8503 15.27898746174613 | 2020/04/11-11:15:06  196.4549    0.1239  182.8461   94.2471     6860.2318     6855.1470     6865.3166 -96.498877  12.997771   0.000729  -0.000134
1 42036U 17008CS  20103.71316286  .00002769  00000-0  10433-3 0  9999 | 2 42036  97.3701 173.5595 0007559 173.0710 187.0635 15.27905905174807 | 2020/04/12-17:06:57  284.4057    0.1239  187.0529   94.2466     6860.2104     6855.0248     6865.3960 -96.755585  10.922136   0.000735  -0.000175
1 42036U 17008CS  20104.76102132  .00002611  00000-0  98524-4 0  9992 | 2 42036  97.3699 174.5959 0007668 169.6877 190.4521 15.27911472174969 | 2020/04/13-18:15:52  301.6258    0.1239  190.4362   94.2463     6860.1937     6854.9333     6865.4541 -96.937113   9.170254   0.000738  -0.000208
1 42036U 17008CS  20106.00534780  .00002557  00000-0  96492-4 0  9990 | 2 42036  97.3698 175.8265 0007788 165.5617 194.5847 15.27918463175157 | 2020/04/15-00:07:42   29.5726    0.1239  194.5622   94.2459     6860.1728     6854.8301     6865.5155 -97.111599   7.086274   0.000738  -0.000249
1 42036U 17008CS  20107.24966853 +.00002759 +00000-0 +10388-3 0  9990 | 2 42036 097.3697 177.0571 0007917 161.5078 198.6450 15.27926147175345 | 2020/04/16-05:59:31  117.5175    0.1238  198.6160   94.2454     6860.1498     6854.7186     6865.5810 -97.241288   4.999030   0.000737  -0.000289
1 42036U 17008CS  20108.69045407  .00002516  00000-0  94947-4 0  9998 | 2 42036  97.3696 178.4821 0008056 156.9592 203.2011 15.27933553175560 | 2020/04/17-16:34:15  276.1879    0.1240  203.1648   94.2449     6860.1276     6854.6011     6865.6542 -97.335433   2.579248   0.000733  -0.000335
1 42036U 17008CS  20110.13123255  .00002494  00000-0  94130-4 0  9997 | 2 42036  97.3696 179.9068 0008172 152.4394 207.7280 15.27941068175780 | 2020/04/19-03:08:58   74.8565    0.1239  207.6845   94.2445     6860.1051     6854.4991     6865.7112 -97.369471   0.158386   0.000724  -0.000379
1 42036U 17008CS  20111.17906768 +.00002512 +00000-0 +94786-4 0  9998 | 2 42036 097.3696 180.9429 0008274 149.2495 210.9231 15.27946143175941 | 2020/04/20-04:17:51   92.0686    0.1239  210.8744   94.2442     6860.0900     6854.4139     6865.7660 -97.356415  -1.602311   0.000718  -0.000411
1 42036U 17008CS  20112.75081042  .00003244  00000-0  12156-3 0  9995 | 2 42036  97.3694 182.4971 0008398 144.5604 215.6195 15.27957830176188 | 2020/04/21-18:01:10  297.8837    0.1239  215.5635   94.2434     6860.0550     6854.2939     6865.8160 -97.276941  -4.242270   0.000705  -0.000457
1 42036U 17008CS  20113.86412086  .00003411  00000-0  12762-3 0  9993 | 2 42036  97.3691 183.5980 0008498 141.1393 219.0459 15.27966076176358 | 2020/04/22-20:44:20  338.6666    0.1239  218.9846   94.2429     6860.0303     6854.2006     6865.8599 -97.177178  -6.110464   0.000694  -0.000491
1 42036U 17008CS  20115.04291418  .00002844  00000-0  10685-3 0  9990 | 2 42036  97.3688 184.7635 0008582 137.7200 222.4703 15.27973331176538 | 2020/04/24-01:01:47   43.0235    0.1240  222.4040   94.2425     6860.0086     6854.1213     6865.8958 -97.032485  -8.085799   0.000681  -0.000523
1 42036U 17008CS  20116.41816672  .00002353  00000-0  88842-4 0  9993 | 2 42036  97.3685 186.1236 0008668 133.6807 226.5153 15.27979970176743 | 2020/04/25-10:02:09  178.1041    0.1240  226.4433   94.2421     6859.9887     6854.0425     6865.9349 -96.812924 -10.386651   0.000662  -0.000559
1 42036U 17008CS  20117.46597480  .00002441  00000-0  92056-4 0  9992 | 2 42036  97.3683 187.1598 0008728 130.5470 229.6531 15.27985439176901 | 2020/04/26-11:11:00  195.3075    0.1239  229.5769   94.2417     6859.9723     6853.9850     6865.9597 -96.609060 -12.135704   0.000646  -0.000587
1 42036U 17008CS  20118.71024086 +.00002750 +00000-0 +10332-3 0  9997 | 2 42036 097.3681 188.3902 0008804 126.8802 233.3245 15.27993063177090 | 2020/04/27-17:02:44  283.2347    0.1238  233.2436   94.2413     6859.9495     6853.9100     6865.9890 -96.325999 -14.207351   0.000625  -0.000620
1 42036U 17008CS  20119.75803892 +.00002892 +00000-0 +10852-3 0  9996 | 2 42036 097.3680 189.4263 0008845 123.8494 236.3588 15.27999629177255 | 2020/04/28-18:11:34  300.4351    0.1239  236.2745   94.2409     6859.9299     6853.8623     6865.9975 -96.053248 -15.946814   0.000606  -0.000644
1 42036U 17008CS  20121.13326703 +.00002998 +00000-0 +11235-3 0  9995 | 2 42036 097.3680 190.7863 0008904 119.8768 240.3357 15.28008334177468 | 2020/04/30-03:11:54   75.5084    0.1239  240.2471   94.2403     6859.9038     6853.7958     6866.0119 -95.647705 -18.222074   0.000580  -0.000675
1 42036U 17008CS  20122.18105560 +.00002573 +00000-0 +96774-4 0  9998 | 2 42036 097.3680 191.8224 0008963 116.8621 243.3536 15.28013021177620 | 2020/05/01-04:20:43   92.7058    0.1239  243.2618   94.2400     6859.8898     6853.7413     6866.0383 -95.302568 -19.948632   0.000560  -0.000700
1 42036U 17008CS  20123.29432660 +.00002589 +00000-0 +97341-4 0  9993 | 2 42036 097.3681 192.9231 0008996 113.7006 246.5178 15.28019227177799 | 2020/05/02-07:03:49  133.4772    0.1239  246.4233   94.2397     6859.8712     6853.7001     6866.0423 -94.901874 -21.775703   0.000537  -0.000722
1 42036U 17008CS  20124.86599625 +.00002549 +00000-0 +95884-4 0  9998 | 2 42036 097.3682 194.4773 0009029 109.1394 251.0824 15.28027140178035 | 2020/05/03-20:47:02  339.2698    0.1240  250.9846   94.2392     6859.8475     6853.6538     6866.0413 -94.276444 -24.341701   0.000500  -0.000752
1 42036U 17008CS  20126.17571441  .00002203  00000-0  83223-4 0  9991 | 2 42036  97.3680 195.7725 0009055 105.5399 254.6841 15.28032862178235 | 2020/05/05-04:13:01   90.7619    0.1240  254.5841   94.2388     6859.8304     6853.6188     6866.0420 -93.701955 -26.466412   0.000471  -0.000774
1 42036U 17008CS  20127.41994040  .00002868  00000-0  10747-3 0  9990 | 2 42036  97.3679 197.0028 0009059 101.9811 258.2444 15.28041861178426 | 2020/05/06-10:04:42  178.6778    0.1239  258.1428   94.2383     6859.8035     6853.5892     6866.0178 -93.111995 -28.472169   0.000439  -0.000792
1 42036U 17008CS  20128.66416092  .00002835  00000-0  10627-3 0  9995 | 2 42036  97.3677 198.2332 0009067  98.4234 261.8033 15.28048691178616 | 2020/05/07-15:56:23  266.5919    0.1239  261.7005   94.2378     6859.7830     6853.5633     6866.0028 -92.478956 -30.464925   0.000407  -0.000810
1 42036U 17008CS  20129.71192143  .00002542  00000-0  95538-4 0  9990 | 2 42036  97.3674 199.2692 0009073  95.5138 264.7137 15.28053530178773 | 2020/05/08-17:05:10  283.7816    0.1240  264.6102   94.2375     6859.7685     6853.5447     6865.9924 -91.912731 -32.131923   0.000380  -0.000824
1 42036U 17008CS  20130.75967821  .00002231  00000-0  84169-4 0  9992 | 2 42036  97.3672 200.3053 0009054  92.5666 267.6610 15.28058135178930 | 2020/05/09-18:13:56  300.9706    0.1239  267.5573   94.2373     6859.7548     6853.5439     6865.9656 -91.316494 -33.788600   0.000352  -0.000834
1 42036U 17008CS  20132.13485403  .00002123  00000-0  80194-4 0  9991 | 2 42036  97.3669 201.6652 0009037  88.5546 271.6728 15.28064275179149 | 2020/05/11-03:14:11   76.0296    0.1239  271.5693   94.2369     6859.7364     6853.5372     6865.9355 -90.488608 -35.946142   0.000312  -0.000848
1 42036U 17008CS  20133.18260417 +.00001978 +00000-0 +74903-4 0  9991 | 2 42036 097.3668 202.7012 0009030 085.5962 274.6309 15.28068009179307 | 2020/05/12-04:22:57   93.2167    0.1240  274.5278   94.2366     6859.7252     6853.5309     6865.9195 -89.823795 -37.576318   0.000283  -0.000857
1 42036U 17008CS  20134.42680295  .00002220  00000-0  83735-4 0  9993 | 2 42036  97.3667 203.9315 0008996  82.0544 278.1716 15.28074041179497 | 2020/05/13-10:14:35  181.1254    0.1239  278.0695   94.2363     6859.7072     6853.5362     6865.8782 -88.996190 -39.496234   0.000248  -0.000865
1 42036U 17008CS  20135.67099825 +.00001974 +00000-0 +74744-4 0  9999 | 2 42036 097.3671 205.1616 0008946 078.2140 282.0103 15.28078225179687 | 2020/05/14-16:06:14  269.0337    0.1240  281.9100   94.2360     6859.6946     6853.5580     6865.8313 -88.128151 -41.397840   0.000207  -0.000870
1 42036U 17008CS  20136.84970573 +.00001900 +00000-0 +72016-4 0  9996 | 2 42036 097.3670 206.3271 0008903 074.7816 285.4407 15.28082510179866 | 2020/05/15-20:23:34  333.3666    0.1239  285.3423   94.2357     6859.6818     6853.5746     6865.7890 -87.267780 -43.181794   0.000172  -0.000874
1 42036U 17008CS  20137.89744254 +.00001916 +00000-0 +72612-4 0  9996 | 2 42036 097.3670 207.3631 0008847 071.8314 288.3889 15.28086758180029 | 2020/05/16-21:32:19  350.5506    0.1241  288.2927   94.2355     6859.6691     6853.6004     6865.7378 -86.472760 -44.752591   0.000141  -0.000873
1 42036U 17008CS  20139.92742397 +.00002100 +00000-0 +79300-4 0  9995 | 2 42036 097.3668 209.3704 0008748 065.8864 294.3290 15.28095883180338 | 2020/05/18-22:15:29    1.3423    0.1240  294.2376   94.2349     6859.6418     6853.6410     6865.6426 -84.851983 -47.753898   0.000080  -0.000871
1 42036U 17008CS  20141.43353190  .00002453  00000-0  92165-4 0  9998 | 2 42036  97.3669 210.8595 0008656  61.8856 298.3257 15.28102946180560 | 2020/05/20-10:24:17  183.5407    0.1239  298.2383   94.2345     6859.6207     6853.6830     6865.5583 -83.582443 -49.942851   0.000041  -0.000865
1 42036U 17008CS  20142.67770274  .00002156  00000-0  81305-4 0  9995 | 2 42036  97.3668 212.0897 0008569  58.1730 302.0343 15.28107684180755 | 2020/05/21-16:15:53  271.4423    0.1240  301.9510   94.2342     6859.6065     6853.7285     6865.4845 -82.490851 -51.725751   0.000004  -0.000857
1 42036U 17008CS  20143.85638626 +.00002285 +00000-0 +85998-4 0  9995 | 2 42036 097.3666 213.2552 0008499 054.6974 305.5059 15.28113437180932 | 2020/05/22-20:33:11  335.7686    0.1240  305.4266   94.2338     6859.5893     6853.7593     6865.4192 -81.421494 -53.392837  -0.000030  -0.000849
1 42036U 17008CS  20144.90410124 +.00002317 +00000-0 +87156-4 0  9997 | 2 42036 097.3664 214.2912 0008408 051.5807 308.6187 15.28118479181097 | 2020/05/23-21:41:54  352.9466    0.1241  308.5434   94.2335     6859.5742     6853.8066     6865.3417 -80.442643 -54.856148  -0.000061  -0.000839
1 42036U 17008CS  20146.73759371  .00002266  00000-0  85282-4 0  9991 | 2 42036  97.3660 216.1040 0008247  46.0114 314.1804 15.28127417181378 | 2020/05/25-17:42:08  293.0059    0.1240  314.1126   94.2330     6859.5474     6853.8904     6865.2045 -78.666738 -57.373185  -0.000113  -0.000817
1 42036U 17008CS  20148.44011322 +.00002223 +00000-0 +83689-4 0  9990 | 2 42036 097.3658 217.7875 0008102 040.8857 319.2989 15.28135280181630 | 2020/05/27-10:33:45  185.9147    0.1240  319.2383   94.2325     6859.5239     6853.9663     6865.0815 -76.947092 -59.659400  -0.000159  -0.000794
1 42036U 17008CS  20149.74973800 +.00001979 +00000-0 +74784-4 0  9995 | 2 42036 097.3658 219.0825 0007977 036.6871 323.4913 15.28140554181834 | 2020/05/28-17:59:37  297.3816    0.1240  323.4369   94.2322     6859.5081     6854.0363     6864.9799 -75.579131 -61.383173  -0.000196  -0.000773
1 42036U 17008CS  20151.32128156 +.00002093 +00000-0 +78949-4 0  9993 | 2 42036 097.3660 220.6365 0007802 031.7441 328.4267 15.28147313182074 | 2020/05/30-07:42:38  143.1399    0.1239  328.3798   94.2318     6859.4879     6854.1361     6864.8397 -73.886830 -63.410365  -0.000236  -0.000744
1 42036U 17008CS  20152.43445296 +.00002618 +00000-0 +98040-4 0  9990 | 2 42036 097.3660 221.7372 0007680 028.1794 331.9860 15.28154183182249 | 2020/05/31-10:25:36  183.8835    0.1240  331.9446   94.2313     6859.4673     6854.1993     6864.7354 -72.655105 -64.818005  -0.000264  -0.000721
1 42036U 17008CS  20153.67858145 +.00002236 +00000-0 +84120-4 0  9998 | 2 42036 097.3662 222.9674 0007555 024.0284 336.1307 15.28159175182439 | 2020/06/01-16:17:09  271.7721    0.1240  336.0956   94.2310     6859.4524     6854.2701     6864.6347 -71.246901 -66.363062  -0.000295  -0.000695
1 42036U 17008CS  20154.72626386 +.00002466 +00000-0 +92475-4 0  9992 | 2 42036 097.3662 224.0033 0007448 020.6332 339.5207 15.28165468182593 | 2020/06/02-17:25:49  288.9397    0.1240  339.4908   94.2306     6859.4336     6854.3246     6864.5425 -70.035487 -67.640280  -0.000319  -0.000673
1 42036U 17008CS  20155.83942207 +.00002558 +00000-0 +95813-4 0  9999 | 2 42036 097.3662 225.1039 0007311 016.9085 343.2397 15.28171807182768 | 2020/06/03-20:08:46  329.6790    0.1240  343.2155   94.2302     6859.4146     6854.3997     6864.4295 -68.723338 -68.973036  -0.000343  -0.000646
1 42036U 17008CS  20157.47641154 +.00002396 +00000-0 +89892-4 0  9998 | 2 42036 097.3661 226.7226 0007136 011.1886 348.9511 15.28180341183015 | 2020/06/05-11:26:01  198.9985    0.1240  348.9354   94.2297     6859.3890     6854.4942     6864.2839 -66.747503 -70.886729  -0.000379  -0.000605
1 42036U 17008CS  20158.72051827 +.00002309 +00000-0 +86721-4 0  9991 | 2 42036 097.3659 227.9528 0006997 006.9077 353.2258 15.28186152183202 | 2020/06/06-17:17:32  286.8792    0.1240  353.2163   94.2294     6859.3717     6854.5722     6864.1712 -65.210089 -72.303270  -0.000403  -0.000572
1 42036U 17008CS  20160.16105639  .00002813  00000-0  10503-3 0  9997 | 2 42036  97.3656 229.3773 0006832   1.6049 358.5212 15.28194725183423 | 2020/06/08-03:51:55   85.4756    0.1241  358.5192   94.2288     6859.3460     6854.6597     6864.0323 -63.392306 -73.901797  -0.000430  -0.000531
1 42036U 17008CS  20161.33967424  .00002234  00000-0  83958-4 0  9997 | 2 42036  97.3654 230.5428 0006703 357.2962   2.8240 15.28198428183607 | 2020/06/09-08:09:07  149.7802    0.1240    2.8278   94.2286     6859.3349     6854.7371     6863.9327 -61.875871 -75.175779  -0.000450  -0.000497
1 42036U 17008CS  20162.45280918 +.00002379 +00000-0 +89225-4 0  9990 | 2 42036 097.3653 231.6434 0006572 353.2557 006.8593 15.28204087183777 | 2020/06/10-10:52:02  190.5105    0.1240    6.8683   94.2283     6859.3180     6854.8100     6863.8259 -60.420424 -76.350337  -0.000466  -0.000464
1 42036U 17008CS  20163.50046192 +.00002448 +00000-0 +91709-4 0  9998 | 2 42036 097.3653 232.6794 0006448 349.1988 010.9112 15.28209418183935 | 2020/06/11-12:00:39  207.6671    0.1240   10.9252   94.2279     6859.3020     6854.8792     6863.7249 -59.030085 -77.430296  -0.000480  -0.000430
1 42036U 17008CS  20164.61358930 +.00002256 +00000-0 +84723-4 0  9992 | 2 42036 097.3653 233.7801 0006328 344.8733 015.2316 15.28214301184104 | 2020/06/12-14:43:34  248.3945    0.1240   15.2507   94.2276     6859.2874     6854.9469     6863.6280 -57.531783 -78.549956  -0.000494  -0.000395
1 42036U 17008CS  20165.72671348 +.00002004 +00000-0 +75548-4 0  9992 | 2 42036 097.3654 234.8807 0006212 340.5954 019.5048 15.28218485184277 | 2020/06/13-17:26:28  289.1205    0.1240   19.5286   94.2274     6859.2749     6855.0139     6863.5359 -56.012446 -79.640611  -0.000506  -0.000361
1 42036U 17008CS  20166.83983460 +.00001918 +00000-0 +72439-4 0  9995 | 2 42036 097.3655 235.9813 0006096 336.0488 024.0467 15.28222688184444 | 2020/06/14-20:09:21  329.8453    0.1240   24.0752   94.2271     6859.2623     6855.0809     6863.4437 -54.472439 -80.701884  -0.000517  -0.000323
1 42036U 17008CS  20167.88747526 +.00001971 +00000-0 +74352-4 0  9997 | 2 42036 097.3656 237.0172 0006056 331.6204 028.4705 15.28226939184603 | 2020/06/15-21:17:57  346.9973    0.1240   28.5036   94.2268     6859.2496     6855.0956     6863.4036 -53.004591 -81.673579  -0.000532  -0.000290
1 42036U 17008CS  20169.45893125 +.00001921 +00000-0 +72511-4 0  9999 | 2 42036 097.3656 238.5710 0005919 325.1237 034.9614 15.28232823184844 | 2020/06/17-11:00:51  192.7223    0.1240   35.0003   94.2265     6859.2320     6855.1720     6863.2920 -50.770473 -83.080799  -0.000542  -0.000238
1 42036U 17008CS  20170.83395154 +.00001657 +00000-0 +62893-4 0  9990 | 2 42036 097.3656 239.9307 0005806 319.1736 040.9068 15.28236344185059 | 2020/06/18-20:00:53  327.7299    0.1240   40.9504   94.2263     6859.2215     6855.2390     6863.2039 -48.784752 -84.262139  -0.000549  -0.000190
1 42036U 17008CS  20172.14349011  .00001754  00000-0  66434-4 0  9990 | 2 42036  97.3655 241.2256 0005713 313.5280  46.5485 15.28241547185254 | 2020/06/20-03:26:37   79.1635    0.1240   46.5960   94.2259     6859.2059     6855.2872     6863.1246 -46.868060 -85.342987  -0.000552  -0.000145
1 42036U 17008CS  20173.45302475 +.00001787 +00000-0 +67622-4 0  9994 | 2 42036 097.3655 242.5205 0005621 307.6528 052.4202 15.28246405185452 | 2020/06/21-10:52:21  190.5953    0.1241   52.4713   94.2256     6859.1914     6855.3358     6863.0469 -44.927481 -86.380334  -0.000553  -0.000099
1 42036U 17008CS  20174.63160307  .00001680  00000-0  63737-4 0  9996 | 2 42036  97.3654 243.6858 0005551 302.2672  57.8029 15.28249972185638 | 2020/06/22-15:09:30  254.8828    0.1239   57.8567   94.2254     6859.1807     6855.3732     6862.9882 -43.161435 -87.276066  -0.000552  -0.000058
1 42036U 17008CS  20176.07208363  .00001597  00000-0  60690-4 0  9993 | 2 42036  97.3653 245.1101 0005478 295.7640  64.3034 15.28254415185855 | 2020/06/24-01:43:48   53.4540    0.1240   64.3600   94.2251     6859.1674     6855.4099     6862.9248 -40.978710 -88.321838  -0.000548  -0.000008
1 42036U 17008CS  20177.11970317  .00001541  00000-0  58667-4 0  9994 | 2 42036  97.3653 246.1460 0005440 290.8024  69.2633 15.28257624186018 | 2020/06/25-02:52:22   70.5954    0.1240   69.3216   94.2250     6859.1578     6855.4264     6862.8892 -39.375252 -89.048252  -0.000543   0.000029
1 42036U 17008CS  20178.16732052  .00001569  00000-0  59654-4 0  9999 | 2 42036  97.3653 247.1820 0005409 285.9239  74.1404 15.28261239186172 | 2020/06/26-04:00:56   87.7357    0.1239   74.2000   94.2247     6859.1470     6855.4369     6862.8571 -37.758768 -89.745624  -0.000537   0.000065
1 42036U 17008CS  20179.47683833  .00001736  00000-0  65726-4 0  9999 | 2 42036  97.3653 248.4769 0005390 279.8525  80.2106 15.28266548186374 | 2020/06/27-11:26:38  199.1591    0.1240   80.2715   94.2244     6859.1311     6855.4340     6862.8282 -35.721022 -90.575991  -0.000528   0.000109
1 42036U 17008CS  20180.72087763  .00001678  00000-0  63603-4 0  9996 | 2 42036  97.3652 249.7070 0005384 273.8324  86.2300 15.28270210186560 | 2020/06/28-17:18:03  287.0100    0.1240   86.2916   94.2242     6859.1201     6855.4272     6862.8131 -33.768302 -91.321870  -0.000516   0.000153
1 42036U 17008CS  20182.09586398  .00001658  00000-0  62871-4 0  9990 | 2 42036  97.3651 251.0666 0005396 267.2886  92.7736 15.28274780186773 | 2020/06/30-02:18:02   62.0010    0.1240   92.8354   94.2239     6859.1065     6855.4053     6862.8076 -31.591944 -92.097295  -0.000502   0.000199
1 42036U 17008CS  20183.14346943  .00001732  00000-0  65560-4 0  9998 | 2 42036  97.3651 252.1025 0005411 262.3738  97.6887 15.28278890186939 | 2020/07/01-03:26:35   79.1353    0.1239   97.7501   94.2236     6859.0942     6855.3827     6862.8056 -29.921765 -92.653390  -0.000488   0.000233
1 42036U 17008CS  20184.19107221  .00001796  00000-0  67855-4 0  9997 | 2 42036  97.3650 253.1384 0005441 257.5096 102.5535 15.28283085187099 | 2020/07/02-04:35:08   96.2684    0.1239  102.6143   94.2234     6859.0816     6855.3496     6862.8136 -28.241776 -93.179103  -0.000474   0.000267
1 42036U 17008CS  20185.30414794  .00001702  00000-0  64438-4 0  9998 | 2 42036  97.3651 254.2391 0005488 252.2419 107.8222 15.28286546187267 | 2020/07/03-07:17:58  136.9710    0.1240  107.8821   94.2232     6859.0713     6855.3070     6862.8355 -26.446653 -93.704521  -0.000458   0.000303
1 42036U 17008CS  20186.41722087  .00001667  00000-0  63187-4 0  9998 | 2 42036  97.3651 255.3396 0005535 247.0504 113.0152 15.28290282187436 | 2020/07/04-10:00:47  177.6724    0.1240  113.0736   94.2229     6859.0601     6855.2636     6862.8566 -24.642071 -94.195175  -0.000438   0.000338
1 42036U 17008CS  20187.46481546  .00001819  00000-0  68683-4 0  9991 | 2 42036  97.3650 256.3755 0005597 242.3529 117.7143 15.28295033187595 | 2020/07/05-11:09:20  194.8015    0.1240  117.7711   94.2226     6859.0459     6855.2069     6862.8849 -22.935076 -94.625184  -0.000421   0.000369
1 42036U 17008CS  20188.83977986 +.00001821 +00000-0 +68746-4 0  9994 | 2 42036 097.3650 257.7351 0005693 236.2601 123.8096 15.28300147187804 | 2020/07/06-20:09:16  329.7818    0.1239  123.8638   94.2223     6859.0306     6855.1257     6862.9354 -20.683422 -95.142731  -0.000395   0.000410
1 42036U 17008CS  20189.88736867 +.00001835 +00000-0 +69242-4 0  9998 | 2 42036 097.3649 258.7709 0005761 231.6443 128.4279 15.28304101187964 | 2020/07/07-21:17:48  346.9080    0.1239  128.4796   94.2221     6859.0187     6855.0673     6862.9702 -18.960115 -95.500983  -0.000373   0.000439
1 42036U 17008CS  20191.45874696 +.00001751 +00000-0 +66194-4 0  9997 | 2 42036 097.3648 260.3247 0005890 224.9364 135.1400 15.28309590188205 | 2020/07/09-11:00:35  192.5950    0.1240  135.1876   94.2217     6859.0023     6854.9624     6863.0423 -16.363560 -95.979884  -0.000340   0.000481
1 42036U 17008CS  20192.83369851 +.00001679 +00000-0 +63558-4 0  9992 | 2 42036 097.3647 261.6842 0006009 219.1812 140.8993 15.28314301188415 | 2020/07/10-20:00:31  327.5692    0.1239  140.9427   94.2215     6858.9882     6854.8666     6863.1098 -14.081766 -96.341002  -0.000308   0.000516
1 42036U 17008CS  20193.94675143 +.00001712 +00000-0 +64762-4 0  9995 | 2 42036 097.3646 262.7848 0006108 214.6415 145.4427 15.28318437188586 | 2020/07/11-22:43:19    8.2610    0.1239  145.4824   94.2212     6858.9758     6854.7864     6863.1653 -12.228646 -96.593610  -0.000281   0.000542
1 42036U 17008CS  20195.45264284  .00001732  00000-0  65464-4 0  9995 | 2 42036  97.3645 264.2738 0006263 208.5295 151.5603 15.28323514188812 | 2020/07/13-10:51:48  190.3716    0.1240  151.5945   94.2209     6858.9607     6854.6649     6863.2564  -9.714519 -96.878656  -0.000243   0.000577
1 42036U 17008CS  20196.89305465 +.00001884 +00000-0 +70948-4 0  9992 | 2 42036 097.3645 265.6980 0006408 202.9921 157.1033 15.28329586189030 | 2020/07/14-21:25:59  348.9098    0.1239  157.1318   94.2205     6858.9425     6854.5473     6863.3377  -7.303655 -97.090177  -0.000205   0.000607
1 42036U 17008CS  20197.94062381 +.00001935 +00000-0 +72794-4 0  9994 | 2 42036 097.3644 266.7338 0006517 198.9649 161.1348 15.28333728189194 | 2020/07/15-22:34:29    6.0271    0.1238  161.1589   94.2203     6858.9301     6854.4601     6863.4001  -5.547344 -97.206241  -0.000176   0.000627
1 42036U 17008CS  20199.44650023  .00001843  00000-0  69447-4 0  9996 | 2 42036  97.3644 268.2229 0006692 193.3640 166.7424 15.28338839189424 | 2020/07/17-10:42:57  188.1311    0.1240  166.7600   94.2199     6858.9148     6854.3248     6863.5048  -3.019394 -97.317571  -0.000134   0.000656
1 42036U 17008CS  20200.69048108  .00001710  00000-0  64624-4 0  9996 | 2 42036  97.3644 269.4529 0006822 188.7910 171.3211 15.28342811189615 | 2020/07/18-16:34:17  275.9547    0.1239  171.3329   94.2197     6858.9029     6854.2238     6863.5821  -0.929689 -97.359961  -0.000098   0.000675
1 42036U 17008CS  20201.86898564 +.00001656 +00000-0 +62645-4 0  9995 | 2 42036 097.3643 270.6181 0006957 184.5295 175.5883 15.28346926189792 | 2020/07/19-20:51:20  340.2070    0.1239  175.5944   94.2194     6858.8906     6854.1189     6863.6623   1.050334 -97.358635  -0.000062   0.000693
1 42036U 17008CS  20203.24390415  .00001587  00000-0  60145-4 0  9997 | 2 42036  97.3643 271.9776 0007106 179.7685 180.3559 15.28351445190004 | 2020/07/21-05:51:13  115.1667    0.1239  180.3554   94.2192     6858.8771     6854.0032     6863.7510   3.359923 -97.306309  -0.000022   0.000710
1 42036U 17008CS  20204.29145846  .00001619  00000-0  61303-4 0  9992 | 2 42036  97.3643 273.0135 0007219 176.1629 183.9668 15.28355106190165 | 2020/07/22-06:59:42  132.2776    0.1240  183.9611   94.2189     6858.8661     6853.9147     6863.8175   5.118563 -97.229662   0.000010   0.000722
1 42036U 17008CS  20205.46995397  .00001755  00000-0  66199-4 0  9995 | 2 42036  97.3642 274.1787 0007342 172.1429 187.9927 15.28359744190344 | 2020/07/23-11:16:44  196.5265    0.1239  187.9810   94.2187     6858.8523     6853.8165     6863.8880   7.094680 -97.105370   0.000047   0.000733
1 42036U 17008CS  20206.84486176 +.00001799 +00000-0 +67805-4 0  9991 | 2 42036 097.3640 275.5381 0007497 167.5924 192.5502 15.28364567190559 | 2020/07/24-20:16:36  331.4821    0.1239  192.5315   94.2184     6858.8378     6853.6958     6863.9799   9.396370 -96.909529   0.000090   0.000744
1 42036U 17008CS  20208.41617693  .00002452  00000-0  91396-4 0  9995 | 2 42036  97.3634 277.0919 0007702 162.4402 197.7106 15.28373221190790 | 2020/07/26-09:59:17  177.1423    0.1240  197.6838   94.2178     6858.8119     6853.5293     6864.0946  12.020601 -96.618512   0.000140   0.000757
1 42036U 17008CS  20209.72560045  .00002126  00000-0  79597-4 0  9995 | 2 42036  97.3635 278.3866 0007819 158.2121 201.9453 15.28378559190990 | 2020/07/27-17:24:51  288.5241    0.1239  201.9118   94.2175     6858.7960     6853.4331     6864.1589  14.200628 -96.322341   0.000181   0.000761
1 42036U 17008CS  20211.16595986  .00002102  00000-0  78681-4 0  9995 | 2 42036  97.3635 279.8106 0007975 153.8338 206.3306 15.28385456191213 | 2020/07/29-03:58:58   87.0421    0.1239  206.2901   94.2171     6858.7753     6853.3055     6864.2452  16.589942 -95.939694   0.000225   0.000765
1 42036U 17008CS  20212.47537288  .00002033  00000-0  76183-4 0  9999 | 2 42036  97.3638 281.1052 0008085 149.7529 210.4179 15.28390761191412 | 2020/07/30-11:24:32  198.4205    0.1239  210.3710   94.2167     6858.7595     6853.2142     6864.3048  18.753341 -95.540681   0.000265   0.000764
1 42036U 17008CS  20213.71931111  .00002126  00000-0  79534-4 0  9996 | 2 42036  97.3639 282.3350 0008197 145.9116 214.2652 15.28396072191601 | 2020/07/31-17:15:48  286.2285    0.1240  214.2124   94.2164     6858.7436     6853.1215     6864.3657  20.799576 -95.116280   0.000304   0.000761
1 42036U 17008CS  20214.89777488 +.00002272 +00000-0 +84802-4 0  9997 | 2 42036 097.3638 283.5003 0008292 142.3415 217.8407 15.28401387191789 | 2020/08/01-21:32:47  350.4663    0.1240  217.7825   94.2161     6858.7277     6853.0404     6864.4149  22.729623 -94.673511   0.000339   0.000757
1 42036U 17008CS  20216.14170359  .00002616  00000-0  97212-4 0  9992 | 2 42036  97.3637 284.7303 0008388 138.6281 221.5596 15.28408347191974 | 2020/08/03-03:24:03   78.2712    0.1240  221.4959   94.2157     6858.7068     6852.9538     6864.4599  24.756613 -94.163688   0.000376   0.000750
1 42036U 17008CS  20217.25468714  .00003186  00000-0  11778-3 0  9995 | 2 42036  97.3634 285.8308 0008479 135.3295 224.8629 15.28416060192142 | 2020/08/04-06:06:44  118.9371    0.1239  224.7944   94.2152     6858.6838     6852.8683     6864.4993  26.560488 -93.670551   0.000409   0.000743
1 42036U 17008CS  20218.43313455  .00003048  00000-0  11278-3 0  9999 | 2 42036  97.3632 286.9961 0008554 131.9078 228.2893 15.28422892192323 | 2020/08/05-10:23:42  183.1697    0.1240  228.2162   94.2148     6858.6633     6852.7964     6864.5302  28.459907 -93.110829   0.000442   0.000732
1 42036U 17008CS  20220.13532683  .00002525  00000-0  93867-4 0  9999 | 2 42036  97.3628 288.6790 0008634 126.9187 233.2845 15.28431869192586 | 2020/08/07-03:14:52   75.9477    0.1239  233.2052   94.2142     6858.6365     6852.7147     6864.5582  31.181975 -92.234480   0.000488   0.000712
1 42036U 17008CS  20221.18282515  .00002534  00000-0  94166-4 0  9994 | 2 42036  97.3626 289.7148 0008687 123.8388 236.3680 15.28437390192744 | 2020/08/08-04:23:16   93.0401    0.1240  236.2852   94.2139     6858.6200     6852.6619     6864.5780  32.844147 -91.655539   0.000516   0.000699
1 42036U 17008CS  20222.23031961  .00002393  00000-0  89053-4 0  9990 | 2 42036  97.3624 290.7504 0008733 120.8946 239.3154 15.28442401192905 | 2020/08/09-05:31:39  110.1318    0.1240  239.2294   94.2136     6858.6050     6852.6154     6864.5946  34.495261 -91.046768   0.000542   0.000685
1 42036U 17008CS  20223.73608614  .00002512  00000-0  93329-4 0  9995 | 2 42036  97.3624 292.2390 0008795 116.4978 243.7164 15.28450614193130 | 2020/08/10-17:39:57  292.1991    0.1239  243.6261   94.2131     6858.5804     6852.5483     6864.6125  36.848837 -90.119921   0.000580   0.000661
1 42036U 17008CS  20224.91450727 +.00002422 +00000-0 +90056-4 0  9990 | 2 42036 097.3623 293.4038 0008854 113.2454 246.9719 15.28456048193319 | 2020/08/11-21:56:53  356.4243    0.1240  246.8786   94.2127     6858.5641     6852.4916     6864.6367  38.673158 -89.352136   0.000608   0.000644
1 42036U 17008CS  20226.15839106 +.00002329 +00000-0 +86705-4 0  9992 | 2 42036 097.3624 294.6336 0008866 109.7653 250.4544 15.28462055193500 | 2020/08/13-03:48:04   84.2163    0.1240  250.3587   94.2123     6858.5462     6852.4654     6864.6270  40.582004 -88.501626   0.000633   0.000620
1 42036U 17008CS  20227.33680333  .00002227  00000-0  83006-4 0  9997 | 2 42036  97.3625 295.7985 0008896 106.3838 253.8380 15.28467153193682 | 2020/08/14-08:04:59  148.4392    0.1239  253.7401   94.2120     6858.5309     6852.4296     6864.6323  42.372893 -87.658396   0.000659   0.000597
1 42036U 17008CS  20228.64614577  .00002213  00000-0  82480-4 0  9999 | 2 42036  97.3626 297.0930 0008922 102.6526 257.5712 15.28472794193880 | 2020/08/15-15:30:26  259.7966    0.1240  257.4714   94.2117     6858.5141     6852.3949     6864.6332  44.342447 -86.678851   0.000686   0.000570
1 42036U 17008CS  20229.75908294  .00002146  00000-0  80048-4 0  9997 | 2 42036  97.3625 298.1933 0008924  99.5695 260.6554 15.28477377194058 | 2020/08/16-18:13:04  300.4495    0.1240  260.5545   94.2114     6858.5003     6852.3798     6864.6209  45.998690 -85.811287   0.000705   0.000547
1 42036U 17008CS  20230.87201694 +.00002028 +00000-0 +75770-4 0  9997 | 2 42036 097.3624 299.2937 0008926 096.3772 263.8484 15.28481511194227 | 2020/08/17-20:55:42  341.1016    0.1239  263.7467   94.2111     6858.4880     6852.3661     6864.6099  47.638114 -84.911996   0.000725   0.000521
1 42036U 17008CS  20232.44321207  .00002392  00000-0  88879-4 0  9993 | 2 42036  97.3622 300.8471 0008920  91.9586 268.2676 15.28488938194463 | 2020/08/19-10:38:13  186.7265    0.1240  268.1654   94.2107     6858.4658     6852.3480     6864.5835  49.922351 -83.589215   0.000750   0.000483
1 42036U 17008CS  20233.68706999  .00002245  00000-0  83561-4 0  9995 | 2 42036  97.3618 302.0769 0008897  88.4352 271.7907 15.28493781194656 | 2020/08/20-16:29:22  274.5119    0.1240  271.6888   94.2104     6858.4513     6852.3493     6864.5532  51.704666 -82.498168   0.000766   0.000452
1 42036U 17008CS  20234.73452607  .00001931  00000-0  72259-4 0  9999 | 2 42036  97.3615 303.1124 0008880  85.4052 274.8202 15.28497108194813 | 2020/08/21-17:37:43  291.5935    0.1240  274.7188   94.2102     6858.4413     6852.3510     6864.5316  53.186956 -81.550042   0.000780   0.000424
1 42036U 17008CS  20235.78197908  .00001966  00000-0  73498-4 0  9999 | 2 42036  97.3616 304.1477 0008820  82.1566 278.0675 15.28501536194972 | 2020/08/22-18:46:02  308.6750    0.1240  277.9674   94.2099     6858.4281     6852.3789     6864.4772  54.651810 -80.575808   0.000791   0.000391
1 42036U 17008CS  20236.82942895 +.00002285 +00000-0 +85001-4 0  9996 | 2 42036 097.3611 305.1835 0008810 079.4637 280.7595 15.28506846195132 | 2020/08/23-19:54:22  325.7544    0.1240  280.6603   94.2096     6858.4122     6852.3699     6864.4544  56.099171 -79.574285   0.000801   0.000367
1 42036U 17008CS  20238.13873590 +.00002547 +00000-0 +94409-4 0  9990 | 2 42036 097.3609 306.4777 0008761 075.6335 284.5877 15.28513868195335 | 2020/08/25-03:19:46   77.1033    0.1240  284.4905   94.2092     6858.3912     6852.3825     6864.3998  57.882016 -78.286762   0.000812   0.000330
1 42036U 17008CS  20239.44803790 +.00002287 +00000-0 +85019-4 0  9998 | 2 42036 097.3610 307.7719 0008711 071.9552 288.2637 15.28519111195536 | 2020/08/26-10:45:10  188.4506    0.1241  288.1689   94.2088     6858.3755     6852.4012     6864.3498  59.635507 -76.959539   0.000820   0.000294
1 42036U 17008CS  20240.75733502 +.00002205 +00000-0 +82078-4 0  9999 | 2 42036 097.3610 309.0659 0008619 068.1828 292.0328 15.28524687195731 | 2020/08/27-18:10:33  299.7974    0.1240  291.9412   94.2085     6858.3588     6852.4476     6864.2700  61.358248 -75.593185   0.000823   0.000256
1 42036U 17008CS  20242.45941246  .00003080  00000-0  11354-3 0  9994 | 2 42036  97.3612 310.7485 0008536  63.1449 297.0663 15.28535386195994 | 2020/08/29-11:01:33  192.5447    0.1241  296.9792   94.2078     6858.3268     6852.4725     6864.1811  63.551542 -73.759100   0.000829   0.000205
1 42036U 17008CS  20243.76869596  .00002973  00000-0  10965-3 0  9993 | 2 42036  97.3614 312.0428 0008440  59.2551 300.9519 15.28541900196198 | 2020/08/30-18:26:55  303.8871    0.1240  300.8689   94.2074     6858.3073     6852.5189     6864.0957  65.201523 -72.304935   0.000828   0.000165
1 42036U 17008CS  20245.14343422  .00003302  00000-0  12148-3 0  9994 | 2 42036  97.3613 313.4020 0008346  55.0570 305.1453 15.28551984196401 | 2020/09/01-03:26:32   78.7934    0.1241  305.0671   94.2068     6858.2772     6852.5533     6864.0011  66.898203 -70.737919   0.000826   0.000123
1 42036U 17008CS  20246.45270085  .00003394  00000-0  12473-3 0  9995 | 2 42036  97.3609 314.6963 0008230  51.2869 308.9106 15.28561430196601 | 2020/09/02-10:51:53  190.1304    0.1241  308.8372   94.2062     6858.2489     6852.6046     6863.8933  68.478672 -69.208499   0.000819   0.000086
1 42036U 17008CS  20247.69649686  .00002622  00000-0  96959-4 0  9994 | 2 42036  97.3605 315.9258 0008126  47.6203 312.5724 15.28568541196790 | 2020/09/03-16:42:57  277.8982    0.1241  312.5038   94.2058     6858.2276     6852.6546     6863.8006  69.947638 -67.722928   0.000811   0.000050
1 42036U 17008CS  20248.74389987  .00002405  00000-0  89144-4 0  9993 | 2 42036  97.3602 316.9612 0008031  44.3993 315.7890 15.28573618196955 | 2020/09/04-17:51:12  294.9646    0.1241  315.7248   94.2055     6858.2125     6852.7046     6863.7203  71.159761 -66.447700   0.000803   0.000019
1 42036U 17008CS  20249.92222354 +.00002362 +00000-0 +87581-4 0  9993 | 2 42036 097.3599 318.1260 0007932 040.7132 319.4700 15.28579941197134 | 2020/09/05-22:08:00  359.1629    0.1241  319.4109   94.2051     6858.1935     6852.7536     6863.6335  72.495595 -64.987220   0.000793  -0.000016
1 42036U 17008CS  20251.16600535  .00002182  00000-0  81090-4 0  9992 | 2 42036  97.3596 319.3554 0007813  36.7633 323.4141 15.28585525197329 | 2020/09/07-03:59:02   86.9267    0.1240  323.3607   94.2047     6858.1768     6852.8185     6863.5351  73.873009 -63.416641   0.000780  -0.000053
1 42036U 17008CS  20252.21339677  .00002060  00000-0  76704-4 0  9996 | 2 42036  97.3594 320.3905 0007710  33.3263 326.8461 15.28590228197482 | 2020/09/08-05:07:17  103.9898    0.1240  326.7977   94.2044     6858.1628     6852.8751     6863.4504  75.006416 -62.071655   0.000766  -0.000084
1 42036U 17008CS  20253.32624679  .00002181  00000-0  81048-4 0  9999 | 2 42036  97.3593 321.4904 0007606  29.8767 330.2906 15.28595531197659 | 2020/09/09-07:49:47  144.6179    0.1241  330.2474   94.2041     6858.1469     6852.9306     6863.3632  76.184026 -60.620355   0.000752  -0.000114
1 42036U 17008CS  20254.63547826  .00002054  00000-0  76457-4 0  9999 | 2 42036  97.3593 322.7844 0007456  25.6840 334.4769 15.28600551197859 | 2020/09/10-15:15:05  255.9441    0.1241  334.4401   94.2038     6858.1319     6853.0185     6863.2453  77.533566 -58.884459   0.000731  -0.000149
1 42036U 17008CS  20256.07562803  .00001952  00000-0  72782-4 0  9994 | 2 42036  97.3593 324.2077 0007338  20.5637 339.5897 15.28605821198079 | 2020/09/12-01:48:54   54.4017    0.1241  339.5604   94.2035     6858.1161     6853.0837     6863.1486  78.972259 -56.940457   0.000708  -0.000193
1 42036U 17008CS  20257.18846743 +.00001945 +00000-0 +72530-4 0  9998 | 2 42036 097.3591 325.3075 0007218 016.8462 343.3016 15.28610200198240 | 2020/09/13-04:31:23   95.0265    0.1240  343.2778   94.2032     6858.1030     6853.1529     6863.0532  80.050458 -55.414064   0.000687  -0.000221
1 42036U 17008CS  20258.43222457 +.00002086 +00000-0 +77579-4 0  9992 | 2 42036 097.3591 326.5369 0007086 012.6478 347.4938 15.28616050198431 | 2020/09/14-10:22:24  182.7818    0.1240  347.4762   94.2029     6858.0855     6853.2259     6862.9452  81.220964 -53.683791   0.000662  -0.000252
1 42036U 17008CS  20259.74143908 +.00002227 +00000-0 +82652-4 0  9995 | 2 42036 097.3594 327.8310 0006908 008.4246 351.7109 15.28621371198634 | 2020/09/15-17:47:40  294.1015    0.1241  351.6995   94.2025     6858.0696     6853.3321     6862.8072  82.412917 -51.835932   0.000632  -0.000278
1 42036U 17008CS  20261.31248904  .00002154  00000-0  80003-4 0  9990 | 2 42036  97.3591 329.3839 0006730   2.8209 357.3068 15.28628051198878 | 2020/09/17-07:29:59  139.6828    0.1241  357.3032   94.2021     6858.0496     6853.4342     6862.6651  83.787140 -49.583360   0.000595  -0.000314
1 42036U 17008CS  20263.14537183 +.00002101 +00000-0 +78105-4 0  9995 | 2 42036 097.3584 331.1956 0006526 355.7852 004.3332 15.28635972199153 | 2020/09/19-03:29:20   79.5248    0.1241    4.3389   94.2016     6858.0260     6853.5504     6862.5015  85.312214 -46.909319   0.000547  -0.000356
1 42036U 17008CS  20264.45456996  .00001826  00000-0  68193-4 0  9991 | 2 42036  97.3583 332.4891 0006423 350.7632   9.3488 15.28639474199351 | 2020/09/20-10:54:34  190.8395    0.1240    9.3608   94.2014     6858.0155     6853.6106     6862.4204  86.349313 -44.971488   0.000515  -0.000384
1 42036U 17008CS  20265.76376317  .00001702  00000-0  63767-4 0  9999 | 2 42036  97.3580 333.7828 0006285 345.7117  14.3944 15.28644057199558 | 2020/09/21-18:19:49  302.1516    0.1240   14.4123   94.2011     6858.0018     6853.6915     6862.3120  87.342373 -43.010349   0.000478  -0.000408
1 42036U 17008CS  20267.13841055  .00002131  00000-0  79122-4 0  9997 | 2 42036  97.3578 335.1414 0006161 340.3204  19.7797 15.28651902199768 | 2020/09/23-03:19:18   77.0270    0.1240   19.8036   94.2006     6857.9783     6853.7531     6862.2035  88.337405 -40.927302   0.000439  -0.000432
1 42036U 17008CS  20268.44759267 +.00003513 +00000-0 +12869-3 0  9994 | 2 42036 097.3575 336.4351 0005984 335.2482 024.8470 15.28661896199962 | 2020/09/24-10:44:32  188.3341    0.1240   24.8758   94.2000     6857.9484     6853.8446     6862.0522  89.238645 -38.922320   0.000398  -0.000447
1 42036U 17008CS  20269.75676656  .00003990  00000-0  14575-3 0  9994 | 2 42036  97.3576 337.7288 0005887 329.6522  30.4377 15.28671687200163 | 2020/09/25-18:09:44  299.6387    0.1241   30.4719   94.1994     6857.9191     6853.8819     6861.9564  90.094756 -36.897659   0.000357  -0.000468
1 42036U 17008CS  20271.13138815  .00004494  00000-0  16375-3 0  9999 | 2 42036  97.3577 339.0871 0005762 323.8447  36.2403 15.28683913200373 | 2020/09/27-03:09:11   74.5040    0.1241   36.2794   94.1987     6857.8826     6853.9311     6861.8341  90.944177 -34.751668   0.000313  -0.000484
1 42036U 17008CS  20272.44054013  .00006362  00000-0  23056-3 0  9991 | 2 42036  97.3578 340.3810 0005686 318.1146  41.9658 15.28700863200571 | 2020/09/28-10:34:22  185.7998    0.1240   42.0094   94.1976     6857.8319     6853.9325     6861.7312  91.705806 -32.689239   0.000271  -0.000500
1 42036U 17008CS  20273.88059458 +.00005586 +00000-0 +20272-3 0  9992 | 2 42036 097.3577 341.8043 0005576 311.8114 048.2649 15.28713245200799 | 2020/09/29-21:08:03  344.2196    0.1240   48.3126   94.1969     6857.7948     6853.9709     6861.6188  92.489376 -30.401268   0.000223  -0.000511
1 42036U 17008CS  20274.92789804 +.00004644 +00000-0 +16894-3 0  9992 | 2 42036 097.3574 342.8394 0005524 306.9233 053.1500 15.28722027200953 | 2020/09/30-22:16:10    1.2490    0.1240   53.2007   94.1963     6857.7686     6853.9804     6861.5568  93.023193 -28.725405   0.000187  -0.000520
1 42036U 17008CS  20276.43338699  .00003719  00000-0  13581-3 0  9994 | 2 42036  97.3571 344.3273 0005455 300.0513  60.0186 15.28732895201189 | 2020/10/02-10:24:04  183.2244    0.1241   60.0728   94.1957     6857.7361     6853.9952     6861.4770  93.737419 -26.300214   0.000135  -0.000528
1 42036U 17008CS  20277.61158863  .00003327  00000-0  12172-3 0  9998 | 2 42036  97.3567 345.4917 0005401 294.7433  65.3245 15.28740762201368 | 2020/10/03-14:40:41  247.3760    0.1241   65.3808   94.1952     6857.7126     6854.0087     6861.4164  94.252127 -24.389825   0.000096  -0.000532
1 42036U 17008CS  20278.72432917  .00002829  00000-0  10390-3 0  9992 | 2 42036  97.3563 346.5913 0005394 289.6363  70.4294 15.28747229201533 | 2020/10/04-17:23:02  287.9618    0.1240   70.4877   94.1948     6857.6932     6853.9942     6861.3923  94.702433 -22.576499   0.000059  -0.000536
1 42036U 17008CS  20279.77161054  .00002689  00000-0  98857-4 0  9998 | 2 42036  97.3560 347.6261 0005370 284.7045  75.3600 15.28752867201691 | 2020/10/05-18:31:07  304.9818    0.1240   75.4195   94.1944     6857.6764     6853.9938     6861.3589  95.094420 -20.862456   0.000022  -0.000537
1 42036U 17008CS  20281.14615782  .00003465  00000-0  12658-3 0  9991 | 2 42036  97.3557 348.9843 0005374 278.2932  81.7699 15.28765083201901 | 2020/10/07-03:30:28   79.8168    0.1241   81.8309   94.1937     6857.6398     6853.9545     6861.3251  95.561908 -18.602530  -0.000026  -0.000537
1 42036U 17008CS  20282.19342697  .00003185  00000-0  11655-3 0  9994 | 2 42036  97.3554 350.0191 0005360 273.2228  86.8399 15.28771775202062 | 2020/10/08-04:38:32   96.8315    0.1240   86.9012   94.1933     6857.6198     6853.9441     6861.2955  95.881983 -16.873626  -0.000063  -0.000532
1 42036U 17008CS  20283.43705296 +.00002713 +00000-0 +99642-4 0  9999 | 2 42036 097.3554 351.2477 0005380 267.2799 092.7826 15.28779084202253 | 2020/10/09-10:29:21  184.5343    0.1241   92.8442   94.1928     6857.5980     6853.9086     6861.2873  96.221736 -14.813896  -0.000107  -0.000527
1 42036U 17008CS  20284.74612818  .00002485  00000-0  91483-4 0  9992 | 2 42036  97.3554 352.5411 0005414 261.3230  98.7396 15.28785248202457 | 2020/10/10-17:54:25  295.7981    0.1239   98.8009   94.1924     6857.5795     6853.8668     6861.2922  96.531602 -12.638188  -0.000150  -0.000520
1 42036U 17008CS  20285.79338396  .00002646  00000-0  97203-4 0  9999 | 2 42036  97.3556 353.5759 0005445 256.5614 103.5019 15.28791120202612 | 2020/10/11-19:02:28  312.8069    0.1240  103.5626   94.1921     6857.5620     6853.8280     6861.2959  96.744299 -10.892819  -0.000185  -0.000512
1 42036U 17008CS  20286.84063629 +.00002719 +00000-0 +99802-4 0  9998 | 2 42036 097.3557 354.6108 0005493 251.7311 108.3332 15.28796597202778 | 2020/10/12-20:10:30  329.8141    0.1240  108.3929   94.1917     6857.5456     6853.7787     6861.3124  96.925357  -9.143711  -0.000220  -0.000503
1 42036U 17008CS  20288.28060138  .00002781  00000-0  10199-3 0  9990 | 2 42036  97.3557 356.0337 0005576 245.3890 114.6770 15.28804796202992 | 2020/10/14-06:44:03  128.1962    0.1240  114.7350   94.1912     6857.5211     6853.6973     6861.3448  97.122524  -6.734066  -0.000267  -0.000490
1 42036U 17008CS  20289.45874982 +.00002792 +00000-0 +10238-3 0  9996 | 2 42036 097.3556 357.1978 0005630 240.0246 120.0436 15.28810935203175 | 2020/10/15-11:00:35  192.3246    0.1240  120.0994   94.1908     6857.5027     6853.6419     6861.3635  97.239188  -4.759532  -0.000305  -0.000473
1 42036U 17008CS  20291.16051111 +.00002786 +00000-0 +10211-3 0  9992 | 2 42036 097.3552 358.8795 0005755 232.7447 127.3269 15.28820045203431 | 2020/10/17-03:51:08   84.9509    0.1240  127.3793   94.1903     6857.4755     6853.5290     6861.4219  97.336584  -1.903797  -0.000357  -0.000451
1 42036U 17008CS  20292.46955053  .00003214  00000-0  11737-3 0  9995 | 2 42036  97.3547   0.1728 0005842 227.1835 132.8914 15.28828857203633 | 2020/10/18-11:16:09  196.1988    0.1239  132.9404   94.1897     6857.4491     6853.4430     6861.4552  97.354257   0.293614  -0.000396  -0.000430
1 42036U 17008CS  20293.90948618 +.00003635 +00000-0 +13234-3 0  9995 | 2 42036 097.3540 001.5955 0005981 221.0326 139.0465 15.28838741203852 | 2020/10/19-21:49:39  354.5680    0.1240  139.0914   94.1891     6857.4196     6853.3181     6861.5210  97.316256   2.710640  -0.000440  -0.000405
1 42036U 17008CS  20295.21851009 +.00004093 +00000-0 +14863-3 0  9996 | 2 42036 097.3538 002.8886 0006093 215.9842 144.0988 15.28849098204052 | 2020/10/21-05:14:39  105.8098    0.1239  144.1397   94.1885     6857.3886     6853.2104     6861.5668  97.230103   4.906069  -0.000474  -0.000382
1 42036U 17008CS  20296.59297626 +.00004626 +00000-0 +16757-3 0  9993 | 2 42036 097.3536 004.2465 0006222 210.2671 149.8210 15.28859742204262 | 2020/10/22-14:13:53  240.6094    0.1239  149.8568   94.1878     6857.3568     6853.0901     6861.6234  97.086336   7.208798  -0.000513  -0.000353
1 42036U 17008CS  20297.77108217 +.00004597 +00000-0 +16651-3 0  9991 | 2 42036 097.3537 005.4104 0006329 205.7502 154.3424 15.28869019204442 | 2020/10/23-18:30:21  304.7203    0.1240  154.3738   94.1873     6857.3290     6852.9890     6861.6690  96.919976   9.179385  -0.000542  -0.000327
1 42036U 17008CS  20299.14552770 +.00005733 +00000-0 +20688-3 0  9999 | 2 42036 097.3539 006.7684 0006469 200.3352 159.7632 15.28884032204655 | 2020/10/25-03:29:33   79.5116    0.1240  159.7888   94.1863     6857.2841     6852.8482     6861.7201  96.675408  11.473771  -0.000576  -0.000295
1 42036U 17008CS  20300.19271643 +.00005412 +00000-0 +19538-3 0  9990 | 2 42036 097.3539 007.8030 0006580 196.6938 163.4087 15.28893526204815 | 2020/10/26-04:37:30   96.4930    0.1240  163.4302   94.1858     6857.2557     6852.7437     6861.7678  96.452474  13.217491  -0.000599  -0.000273
1 42036U 17008CS  20301.43624298 +.00005079 +00000-0 +18344-3 0  9999 | 2 42036 097.3541 009.0317 0006705 192.1503 167.9576 15.28905860205007 | 2020/10/27-10:28:11  184.1541    0.1239  167.9736   94.1850     6857.2189     6852.6211     6861.8166  96.147069  15.282734  -0.000625  -0.000242
1 42036U 17008CS  20302.48341657 +.00004369 +00000-0 +15815-3 0  9991 | 2 42036 097.3542 010.0665 0006820 188.3708 171.7420 15.28914103205166 | 2020/10/28-11:36:07  201.1291    0.1240  171.7532   94.1845     6857.1942     6852.5176     6861.8708  95.855485  17.016645  -0.000647  -0.000216
1 42036U 17008CS  20303.92326869 +.00004641 +00000-0 +16776-3 0  9999 | 2 42036 097.3540 011.4893 0006951 183.4857 176.6336 15.28928270205382 | 2020/10/29-22:09:30  359.4657    0.1240  176.6383   94.1836     6857.1519     6852.3855     6861.9183  95.403213  19.391450  -0.000671  -0.000180
1 42036U 17008CS  20305.16676728  .00004010  00000-0  14526-3 0  9990 | 2 42036  97.3536  12.7180 0007091 179.1600 180.9654 15.28938815205572 | 2020/10/31-04:00:08   87.1161    0.1240  180.9640   94.1830     6857.1203     6852.2579     6861.9827  94.965071  21.432655  -0.000694  -0.000146
1 42036U 17008CS  20306.47570334  .00005212  00000-0  18790-3 0  9993 | 2 42036  97.3533  14.0114 0007213 174.7528 185.3789 15.28953334205770 | 2020/11/01-11:25:00  198.3235    0.1240  185.3712   94.1821     6857.0769     6852.1309     6862.0229  94.456803  23.570689  -0.000713  -0.000110
1 42036U 17008CS  20307.91551797 +.00005684 +00000-0 +20455-3 0  9999 | 2 42036 097.3527 015.4339 0007349 170.0704 190.0682 15.28969687205999 | 2020/11/02-21:58:20  356.6465    0.1239  190.0535   94.1811     6857.0280     6851.9888     6862.0673  93.841978  25.908133  -0.000732  -0.000070
1 42036U 17008CS  20309.42076616 +.00004049 +00000-0 +14645-3 0  9997 | 2 42036 097.3523 016.9209 0007481 164.9384 195.2080 15.28980502206225 | 2020/11/04-10:05:54  178.5247    0.1239  195.1855   94.1804     6856.9957     6851.8660     6862.1254  93.137674  28.334503  -0.000748  -0.000024
1 42036U 17008CS  20310.46788891 +.00003578 +00000-0 +12970-3 0  9993 | 2 42036 097.3520 017.9553 0007580 161.5492 198.6024 15.28987498206381 | 2020/11/05-11:13:45  195.4814    0.1239  198.5747   94.1800     6856.9748     6851.7772     6862.1724  92.610696  30.011180  -0.000758   0.000007
1 42036U 17008CS  20311.90767311 +.00004806 +00000-0 +17321-3 0  9997 | 2 42036 097.3517 019.3774 0007703 157.0334 203.1252 15.29001565206603 | 2020/11/06-21:47:02  353.7937    0.1240  203.0906   94.1791     6856.9327     6851.6508     6862.2146  91.837077  32.300229  -0.000769   0.000048
1 42036U 17008CS  20316.16150525 +.00004637 +00000+0 +16699-3 0  9991 | 2 42036  97.3523  23.5800 0008025 143.7415 216.4370 15.29041402207251 | 2020/11/11-03:52:34   85.1436    0.1239  216.3824   94.1767     6856.8136     6851.3110     6862.3162  89.223619  38.943757  -0.000783   0.000176
1 42036U 17008CS  20317.27402826 +.00004969 +00000+0 +17869-3 0  9996 | 2 42036  97.3524  24.6793 0008117 140.3460 219.8375 15.29051754207422 | 2020/11/12-06:34:36  125.6441    0.1240  219.7780   94.1760     6856.7827     6851.2170     6862.3483  88.460143  40.648406  -0.000784   0.000210
1 42036U 17008CS  20318.45198561 +.00004514 +00000-0 +16253-3 0  9998 | 2 42036 097.3523 025.8432 0008185 136.9123 223.2759 15.29061353207607 | 2020/11/13-10:50:51  189.7012    0.1240  223.2117   94.1754     6856.7540     6851.1417     6862.3662  87.616131  42.436822  -0.000782   0.000243
1 42036U 17008CS  20319.76081707 +.00004823 +00000-0 +17340-3 0  9997 | 2 42036 097.3520 027.1364 0008270 132.8639 227.3297 15.29074476207809 | 2020/11/14-18:15:34  300.8720    0.1240  227.2601   94.1746     6856.7147     6851.0442     6862.3852  86.635805  44.403256  -0.000777   0.000283
1 42036U 17008CS  20321.46228150 +.00004411 +00000-0 +15873-3 0  9994 | 2 42036 097.3513 028.8174 0008353 127.8406 232.3591 15.29089551208068 | 2020/11/16-11:05:41  193.3891    0.1240  232.2834   94.1737     6856.6697     6850.9423     6862.3971  85.295348  46.925252  -0.000767   0.000331
1 42036U 17008CS  20322.77108840  .00004402  00000-0  15835-3 0  9990 | 2 42036  97.3508  30.1104 0008401 123.9954 236.2085 15.29101940208260 | 2020/11/17-18:30:22  304.5524    0.1239  236.1285   94.1729     6856.6326     6850.8724     6862.3929  84.214320  48.837758  -0.000756   0.000367
1 42036U 17008CS  20324.14532517  .00004524  00000-0  16259-3 0  9991 | 2 42036  97.3504  31.4679 0008484 119.8926 240.3158 15.29114299208472 | 2020/11/19-03:29:16   79.2702    0.1240  240.2314   94.1722     6856.5957     6850.7786     6862.4128  83.033345  50.818933  -0.000745   0.000407
1 42036U 17008CS  20325.65042856  .00005004  00000-0  17950-3 0  9993 | 2 42036  97.3502  32.9545 0008531 115.5694 244.6428 15.29129099208703 | 2020/11/20-15:36:37  261.1005    0.1239  244.5545   94.1713     6856.5515     6850.7021     6862.4008  81.686827  52.955866  -0.000728   0.000445
1 42036U 17008CS  20326.76288758  .00005100  00000-0  18283-3 0  9996 | 2 42036  97.3502  34.0535 0008575 112.1967 248.0183 15.29139605208877 | 2020/11/21-18:18:33  301.5804    0.1239  247.9272   94.1706     6856.5200     6850.6406     6862.3995  80.656107  54.512877  -0.000713   0.000476
1 42036U 17008CS  20328.46427212 +.00007768 +00000-0 +27676-3 0  9993 | 2 42036 097.3505 035.7345 0008581 107.2751 252.9429 15.29166969209130 | 2020/11/23-11:08:33  194.0718    0.1240  252.8489   94.1689     6856.4383     6850.5547     6862.3218  79.022517  56.855622  -0.000685   0.000516
1 42036U 17008CS  20329.83844639 +.00005940 +00000-0 +21217-3 0  9996 | 2 42036 097.3507 037.0921 0008596 103.3092 256.9107 15.29184948209345 | 2020/11/24-20:07:21  328.7695    0.1240  256.8148   94.1678     6856.3845     6850.4908     6862.2783  77.653450  58.712013  -0.000662   0.000548
1 42036U 17008CS  20330.95086203 +.00006712 +00000-0 +23927-3 0  9994 | 2 42036 097.3509 038.1914 0008621 100.0592 260.1621 15.29200179209511 | 2020/11/25-22:49:14    9.2349    0.1240  260.0648   94.1669     6856.3390     6850.4281     6862.2498  76.512911  60.191130  -0.000643   0.000574
1 42036U 17008CS  20332.12869984  .00008120  00000-0  28871-3 0  9998 | 2 42036  97.3508  39.3553 0008603  96.6777 263.5443 15.29220171209699 | 2020/11/27-03:05:19   73.2528    0.1241  263.4464   94.1656     6856.2792     6850.3808     6862.1777  75.274416  61.732816  -0.000619   0.000597
1 42036U 17008CS  20333.17565379  .00008231  00000-0  29243-3 0  9992 | 2 42036  97.3508  40.3898 0008590  93.5773 266.6450 15.29238179209857 | 2020/11/28-04:12:56   90.1534    0.1240  266.5467   94.1645     6856.2254     6850.3359     6862.1149  74.147595  63.081792  -0.000596   0.000618
1 42036U 17008CS  20334.22259538  .00008521  00000-0  30247-3 0  9994 | 2 42036  97.3505  41.4243 0008579  90.4498 269.7726 15.29256430210017 | 2020/11/29-05:20:32  107.0497    0.1241  269.6743   94.1634     6856.1708     6850.2889     6862.0528  72.996377  64.410005  -0.000573   0.000639
1 42036U 17008CS  20335.46582131  .00007751  00000-0  27522-3 0  9995 | 2 42036  97.3501  42.6527 0008559  86.8624 273.3595 15.29277711210200 | 2020/11/30-11:10:46  194.6085    0.1240  273.2616   94.1621     6856.1072     6850.2391     6861.9754  71.598486  65.959827  -0.000545   0.000660
1 42036U 17008CS  20336.77446028  .00008039  00000-0  28513-3 0  9995 | 2 42036  97.3496  43.9457 0008545  82.9907 277.2305 15.29301785210408 | 2020/12/01-18:35:13  305.7161    0.1240  277.1333   94.1606     6856.0353     6850.1768     6861.8938  70.091499  67.558318  -0.000513   0.000683
1 42036U 17008CS  20338.14851303  .00007898  00000-0  28001-3 0  9998 | 2 42036  97.3490  45.3032 0008535  79.0597 281.1603 15.29322522210618 | 2020/12/03-03:33:51   80.3731    0.1240  281.0643   94.1593     6855.9733     6850.1217     6861.8249  68.470906  69.199442  -0.000482   0.000705
1 42036U 17008CS  20339.45711706  .00006724  00000-0  23868-3 0  9998 | 2 42036  97.3487  46.5961 0008461  75.2251 284.9927 15.29340825210819 | 2020/12/04-10:58:14  191.4697    0.1241  284.8990   94.1582     6855.9186     6850.1178     6861.7194  66.891890  70.726547  -0.000446   0.000719
1 42036U 17008CS  20341.15827881  .00007701  00000-0  27274-3 0  9991 | 2 42036  97.3484  48.2767 0008388  70.0567 290.1576 15.29366175211074 | 2020/12/06-03:47:55   83.8876    0.1240  290.0673   94.1567     6855.8429     6850.0922     6861.5935  64.788663  72.657691  -0.000398   0.000738
1 42036U 17008CS  20342.46684686  .00006938  00000-0  24589-3 0  9997 | 2 42036  97.3485  49.5696 0008326  66.2861 293.9252 15.29383239211270 | 2020/12/07-11:12:15  194.9719    0.1241  293.8380   94.1556     6855.7919     6850.0837     6861.5000  63.132826  74.101125  -0.000363   0.000749
1 42036U 17008CS  20344.29881893  .00006113  00000-0  21685-3 0  9998 | 2 42036  97.3489  51.3797 0008234  60.7549 299.4514 15.29404584211557 | 2020/12/09-07:10:17  134.4825    0.1241  299.3692   94.1543     6855.7281     6850.0831     6861.3731  60.760944  76.058635  -0.000310   0.000763
1 42036U 17008CS  20345.34564869  .00007841  00000-0  27722-3 0  9993 | 2 42036  97.3491  52.4141 0008189  57.6119 302.5913 15.29419738211716 | 2020/12/10-08:17:44  151.3417    0.1241  302.5122   94.1534     6855.6828     6850.0687     6861.2969  59.378100  77.143298  -0.000280   0.000769
1 42036U 17008CS  20346.45789511  .00006705  00000-0  23739-3 0  9991 | 2 42036  97.3491  53.5133 0008091  54.1306 306.0685 15.29431489211881 | 2020/12/11-10:59:22  191.7516    0.1241  305.9935   94.1526     6855.6477     6850.1008     6861.1946  57.887296  78.268181  -0.000245   0.000771
1 42036U 17008CS  20347.76640851  .00005641  00000-0  20006-3 0  9991 | 2 42036  97.3491  54.8064 0007997  50.2172 309.9772 15.29445295212082 | 2020/12/12-18:23:37  302.8177    0.1241  309.9069   94.1518     6855.6064     6850.1240     6861.0888  56.106281  79.554588  -0.000207   0.000772
1 42036U 17008CS  20349.14033496  .00005276  00000-0  18721-3 0  9991 | 2 42036  97.3487  56.1641 0007902  46.0624 314.1267 15.29459117212292 | 2020/12/14-03:22:04   77.4331    0.1241  314.0617   94.1509     6855.5651     6850.1478     6860.9824  54.205331  80.861310  -0.000167   0.000772
1 42036U 17008CS  20350.44882530  .00004786  00000-0  17005-3 0  9996 | 2 42036  97.3481  57.4570 0007783  41.8937 318.2898 15.29470814212492 | 2020/12/15-10:46:18  188.4920    0.1241  318.2304   94.1502     6855.5302     6850.1945     6860.8658  52.366699  82.063277  -0.000126   0.000768
1 42036U 17008CS  20351.75730701  .00004274  00000-0  15209-3 0  9999 | 2 42036  97.3477  58.7499 0007681  37.9071 322.2709 15.29480771212694 | 2020/12/16-18:10:31  299.5477    0.1241  322.2170   94.1496     6855.5004     6850.2347     6860.7661  50.501529  83.223616  -0.000089   0.000763
1 42036U 17008CS  20352.93493242  .00004544  00000-0  16148-3 0  9999 | 2 42036  97.3472  59.9133 0007574  34.1013 326.0713 15.29490830212877 | 2020/12/17-22:26:18    3.4956    0.1241  326.0228   94.1490     6855.4703     6850.2780     6860.6627  48.801115  84.231399  -0.000053   0.000756
1 42036U 17008CS  20354.11255086  .00004139  00000-0  14729-3 0  9996 | 2 42036  97.3471  61.0767 0007464  30.2240 329.9430 15.29499377213054 | 2020/12/19-02:42:04   67.4411    0.1241  329.9001   94.1485     6855.4448     6850.3279     6860.5617  47.080792  85.204794  -0.000017   0.000746
1 42036U 17008CS  20355.15931649  .00004346  00000-0  15447-3 0  9995 | 2 42036  97.3470  62.1107 0007366  26.8643 333.2977 15.29508361213218 | 2020/12/20-03:49:24   84.2795    0.1240  333.2597   94.1479     6855.4180     6850.3683     6860.4677  45.535496  86.040438   0.000013   0.000736
1 42036U 17008CS  20356.46776504  .00004628  00000-0  16429-3 0  9991 | 2 42036  97.3470  63.4037 0007246  22.5842 337.5716 15.29519769213419 | 2020/12/21-11:13:34  195.3239    0.1241  337.5399   94.1472     6855.3839     6850.4165     6860.3513  43.582383  87.046047   0.000051   0.000723
1 42036U 17008CS  20357.77620031  .00006283  00000-0  22194-3 0  9994 | 2 42036  97.3470  64.6965 0007103  17.9959 342.1532 15.29537251213617 | 2020/12/22-18:37:43  306.3641    0.1241  342.1282   94.1461     6855.3316     6850.4623     6860.2010  41.607382  88.007182   0.000090   0.000705
1 42036U 17008CS  20358.95378119  .00006352  00000-0  22425-3 0  9996 | 2 42036  97.3473  65.8603 0006988  14.2793 345.8643 15.29551043213795 | 2020/12/23-22:53:26   10.2956    0.1240  345.8447   94.1453     6855.2904     6850.4999     6860.0809  39.811430  88.834379   0.000120   0.000688
1 42036U 17008CS  20360.13135002  .00006791  00000-0  23947-3 0  9998 | 2 42036  97.3473  67.0241 0006871  10.1046 350.0331 15.29566679213977 | 2020/12/25-03:09:08   74.2232    0.1241  350.0195   94.1443     6855.2437     6850.5335     6859.9539  37.998925  89.624653   0.000153   0.000670
1 42036U 17008CS  20361.43974806  .00004573  00000-0  16208-3 0  9993 | 2 42036  97.3475  68.3172 0006740   5.3537 354.7774 15.29577723214179 | 2020/12/26-10:33:14  185.2496    0.1241  354.7704   94.1436     6855.2107     6850.5903     6859.8311  35.966768  90.459534   0.000189   0.000647
1 42036U 17008CS  20362.81355398  .00005235  00000-0  18510-3 0  9999 | 2 42036  97.3472  69.6747 0006606   0.4841 359.6404 15.29592994214387 | 2020/12/27-19:31:31  319.8229    0.1240  359.6399   94.1427     6855.1651     6850.6366     6859.6936  33.813527  91.285940   0.000224   0.000621
1 42036U 17008CS  20364.12192829  .00005384  00000-0  19021-3 0  9996 | 2 42036  97.3469  70.9676 0006467 355.3800   4.7379 15.29607248214581 | 2020/12/29-02:55:34   70.8409    0.1240    4.7440   94.1418     6855.1225     6850.6893     6859.5557  31.745095  92.025366   0.000259   0.000592
1 42036U 17008CS  20365.16861862  .00005541  00000-0  19560-3 0  9994 | 2 42036  97.3466  72.0018 0006364 351.6418   8.4715 15.29619536214747 | 2020/12/30-04:02:48   87.6515    0.1241    8.4823   94.1411     6855.0858     6850.7232     6859.4484  30.078845  92.583063   0.000283   0.000570
1 42036U 17008CS  20366.47696970  .00005712  00000-0  20145-3 0  9996 | 2 42036  97.3461  73.2947 0006242 346.7956  13.3121 15.29634719214941 | 2020/12/31-11:26:50  198.6602    0.1242   13.3286   94.1401     6855.0404     6850.7615     6859.3193  27.982051  93.237696   0.000311   0.000541
1 42036U 17008CS  21001.71989256  .00004391  00000-0  15545-3 0  9992 | 2 42036  97.3455  74.5227 0006139 341.6626  18.4392 15.29645764215132 | 2021/01/01-17:16:38  286.1154    0.1241   18.4615   94.1394     6855.0074     6850.7991     6859.2157  25.977287  93.815388   0.000342   0.000510
1 42036U 17008CS  21002.76655835  .00004029  00000-0  14282-3 0  9996 | 2 42036  97.3454  75.5568 0006039 337.6626  22.4351 15.29654001215295 | 2021/01/02-18:23:50  302.9167    0.1241   22.4615   94.1389     6854.9828     6850.8431     6859.1225  24.279900  94.268835   0.000362   0.000484
1 42036U 17008CS  21003.94405108  .00003865  00000-0  13708-3 0  9992 | 2 42036  97.3451  76.7201 0005926 332.9711  27.1220 15.29662492215476 | 2021/01/03-22:39:26    6.8160    0.1241   27.1530   94.1384     6854.9574     6850.8952     6859.0197  22.360979  94.742045   0.000383   0.000452
1 42036U 17008CS  21005.18695342  .00003814  00000-0  13528-3 0  9995 | 2 42036  97.3450  77.9482 0005819 327.6331  32.4552 15.29671180215661 | 2021/01/05-04:29:12   94.2626    0.1241   32.4910   94.1379     6854.9315     6850.9426     6858.9204  20.325240  95.199441   0.000407   0.000416
1 42036U 17008CS  21006.42984795  .00004680  00000-0  16531-3 0  9995 | 2 42036  97.3452  79.1763 0005745 322.3886  37.6952 15.29682454215852 | 2021/01/06-10:18:58  181.7061    0.1241   37.7355   94.1372     6854.8978     6850.9597     6858.8359  18.280223  95.613396   0.000430   0.000381
1 42036U 17008CS  21007.47648891  .00004346  00000-0  15369-3 0  9992 | 2 42036  97.3453  80.2106 0005657 318.0072  42.0735 15.29690613216012 | 2021/01/07-11:26:08  198.4973    0.1242   42.1170   94.1367     6854.8734     6850.9956     6858.7512  16.551348  95.927891   0.000444   0.000350
1 42036U 17008CS  21008.58853874  .00003441  00000-0  12219-3 0  9990 | 2 42036  97.3454  81.3095 0005582 313.0170  47.0602 15.29698036216186 | 2021/01/08-14:07:29  238.8359    0.1240   47.1070   94.1362     6854.8513     6851.0249     6858.6776  14.708590  96.227773   0.000461   0.000315
1 42036U 17008CS  21009.83141161  .00003303  00000-0  11738-3 0  9990 | 2 42036  97.3455  82.5378 0005497 307.6588  52.4153 15.29706778216376 | 2021/01/09-19:57:13  326.2699    0.1240   52.4652   94.1357     6854.8251     6851.0570     6858.5932  12.642462  96.521057   0.000475   0.000276
1 42036U 17008CS  21011.46676159  .00003275  00000-0  11637-3 0  9998 | 2 42036  97.3452  84.1538 0005444 300.2504  59.8197 15.29717059216629 | 2021/01/11-11:12:08  194.9958    0.1240   59.8736   94.1351     6854.7944     6851.0627     6858.5262   9.915434  96.838898   0.000496   0.000225
1 42036U 17008CS  21012.84044437  .00004127  00000-0  14589-3 0  9995 | 2 42036  97.3448  85.5111 0005392 293.9943  66.0732 15.29729557216837 | 2021/01/12-20:10:14  329.5209    0.1240   66.1297   94.1343     6854.7571     6851.0610     6858.4532   7.618784  97.046196   0.000508   0.000180
1 42036U 17008CS  21014.47576821  .00003178  00000-0  11290-3 0  9994 | 2 42036  97.3442  87.1268 0005339 286.5192  73.5461 15.29740903217085 | 2021/01/14-11:25:06  198.2358    0.1240   73.6048   94.1336     6854.7232     6851.0635     6858.3829   4.879454  97.221830   0.000519   0.000126
1 42036U 17008CS  21016.17649394  .00002853  00000-0  10162-3 0  9995 | 2 42036  97.3436  88.8070 0005337 278.6100  81.4535 15.29750851217348 | 2021/01/16-04:14:09   90.4950    0.1240   81.5140   94.1330     6854.6935     6851.0351     6858.3518   2.026720  97.322499   0.000529   0.000069
1 42036U 17008CS  21017.48473771  .00002944  00000-0  10472-3 0  9999 | 2 42036  97.3433  90.0996 0005345 272.4587  87.6042 15.29758482217548 | 2021/01/17-11:38:01  201.4602    0.1241   87.6654   94.1325     6854.6707     6851.0069     6858.3345  -0.169216  97.343153   0.000534   0.000024
1 42036U 17008CS  21018.72756359  .00003047  00000-0  10830-3 0  9996 | 2 42036  97.3432  91.3274 0005343 266.6056  93.4574 15.29765629217731 | 2021/01/18-17:27:41  288.8746    0.1241   93.5185   94.1321     6854.6493     6850.9869     6858.3118  -2.254997  97.317078   0.000534  -0.000019
1 42036U 17008CS  21019.83956000  .00003168  00000-0  11245-3 0  9999 | 2 42036  97.3430  92.4260 0005364 261.4095  98.6538 15.29772719217909 | 2021/01/19-20:08:57  329.1905    0.1241   98.7146   94.1316     6854.6282     6850.9513     6858.3050  -4.120435  97.255754   0.000533  -0.000058
1 42036U 17008CS  21020.88613935  .00003691  00000-0  13057-3 0  9997 | 2 42036  97.3430  93.4600 0005380 256.4763 103.5879 15.29781188218064 | 2021/01/20-21:16:02  345.9557    0.1241  103.6478   94.1311     6854.6029     6850.9151     6858.2906  -5.874815  97.165561   0.000530  -0.000094
1 42036U 17008CS  21022.19435622  .00003322  00000-0  11772-3 0  9991 | 2 42036  97.3430  94.7527 0005455 250.5002 109.5650 15.29790189218266 | 2021/01/22-04:39:52   96.9095    0.1241  109.6239   94.1306     6854.5760     6850.8368     6858.3151  -8.065371  97.008296   0.000528  -0.000139
1 42036U 17008CS  21023.43715515  .00003361  00000-0  11905-3 0  9992 | 2 42036  97.3432  95.9807 0005516 244.9552 115.1117 15.29799214218457 | 2021/01/23-10:29:30  184.3124    0.1241  115.1689   94.1300     6854.5490     6850.7680     6858.3300 -10.142524  96.813366   0.000521  -0.000180
1 42036U 17008CS  21024.74535712  .00003813  00000-0  13466-3 0  9992 | 2 42036  97.3431  97.2733 0005580 239.0978 120.9715 15.29809270218651 | 2021/01/24-17:53:18  295.2595    0.1241  121.0263   94.1294     6854.5190     6850.6941     6858.3438 -12.323867  96.559833   0.000511  -0.000224
1 42036U 17008CS  21026.18436606  .00005771  00000-0  20232-3 0  9998 | 2 42036  97.3430  98.6952 0005686 233.3795 126.6923 15.29826927218875 | 2021/01/26-04:25:29   93.2967    0.1240  126.7445   94.1283     6854.4662     6850.5688     6858.3637 -14.716121  96.224194   0.000502  -0.000266
1 42036U 17008CS  21027.29631577  .00005868  00000-0  20559-3 0  9994 | 2 42036  97.3428  99.7939 0005757 228.4412 131.6335 15.29840609219045 | 2021/01/27-07:06:41  133.5930    0.1240  131.6828   94.1275     6854.4254     6850.4793     6858.3714 -16.558457  95.924127   0.000489  -0.000303
1 42036U 17008CS  21028.47366366  .00005891  00000-0  20629-3 0  9990 | 2 42036  97.3423 100.9571 0005844 223.4035 136.6746 15.29855041219227 | 2021/01/28-11:22:04  197.4321    0.1240  136.7205   94.1266     6854.3822     6850.3765     6858.3879 -18.502236  95.567728   0.000475  -0.000341
1 42036U 17008CS  21029.65100340  .00003992  00000-0  14061-3 0  9992 | 2 42036  97.3418 102.1201 0005962 218.6288 141.4527 15.29863413219405 | 2021/01/29-15:37:26  261.2684    0.1240  141.4952   94.1260     6854.3572     6850.2707     6858.4438 -20.438037  95.172016   0.000462  -0.000377
1 42036U 17008CS  21031.74403562  .00002957  00000-0  10478-3 0  9995 | 2 42036  97.3411 104.1877 0006145 209.9780 150.1109 15.29876980219724 | 2021/01/31-17:51:24  294.7480    0.1240  150.1460   94.1252     6854.3167     6850.1047     6858.5287 -23.858232  94.372001   0.000428  -0.000441
1 42036U 17008CS  21033.18298486  .00003228  00000-0  11412-3 0  9993 | 2 42036  97.3409 105.6092 0006270 204.6315 155.4627 15.29886854219949 | 2021/02/02-04:23:29   92.7612    0.1240  155.4925   94.1246     6854.2872     6849.9896     6858.5849 -26.191951  93.750907   0.000405  -0.000479
1 42036U 17008CS  21034.36029887  .00003763  00000-0  13256-3 0  9993 | 2 42036  97.3407 106.7723 0006398 200.0471 160.0519 15.29896876220123 | 2021/02/03-08:38:49  156.5868    0.1240  160.0769   94.1240     6854.2573     6849.8719     6858.6426 -28.089503  93.199741   0.000383  -0.000512
1 42036U 17008CS  21035.47219864  .00004976  00000-0  17436-3 0  9993 | 2 42036  97.3407 107.8708 0006504 195.9274 164.1764 15.29909499220291 | 2021/02/04-11:19:57  196.8634    0.1241  164.1967   94.1232     6854.2196     6849.7616     6858.6776 -29.871097  92.644101   0.000362  -0.000540
1 42036U 17008CS  21036.71490212  .00003910  00000-0  13753-3 0  9994 | 2 42036  97.3408 109.0988 0006651 191.4313 168.6778 15.29918241220484 | 2021/02/05-17:09:27  284.2282    0.1241  168.6928   94.1227     6854.1935     6849.6348     6858.7522 -31.849726  91.982750   0.000338  -0.000573
1 42036U 17008CS  21037.76138439  .00002503  00000-0  88972-4 0  9993 | 2 42036  97.3409 110.1327 0006754 187.4992 172.6149 15.29922621220649 | 2021/02/06-18:16:23  300.9544    0.1240  172.6248   94.1224     6854.1804     6849.5511     6858.8097 -33.504310  91.393173   0.000313  -0.000598
1 42036U 17008CS  21039.13488275  .00004638  00000-0  16255-3 0  9997 | 2 42036  97.3406 111.4895 0006878 182.9206 177.1996 15.29937917220852 | 2021/02/08-03:14:13   75.4047    0.1240  177.2034   94.1215     6854.1347     6849.4204     6858.8490 -35.658851  90.573941   0.000284  -0.000626
1 42036U 17008CS  21040.18135174  .00003390  00000-0  11951-3 0  9993 | 2 42036  97.3406 112.5234 0006982 179.4627 180.6622 15.29943412221016 | 2021/02/09-04:21:08   92.1263    0.1240  180.6613   94.1211     6854.1183     6849.3328     6858.9038 -37.287360  89.915767   0.000261  -0.000647
1 42036U 17008CS  21041.81644942  .00002637  00000-0  93483-4 0  9996 | 2 42036  97.3402 114.1387 0007151 173.6721 186.4612 15.29953488221263 | 2021/02/10-19:35:41  320.7494    0.1241  186.4520   94.1205     6854.0882     6849.1869     6858.9896 -39.806976  88.828594   0.000219  -0.000681
1 42036U 17008CS  21042.86290694  .00002645  00000-0  93751-4 0  9990 | 2 42036  97.3398 115.1723 0007243 170.2313 189.9070 15.29959410221429 | 2021/02/11-20:42:35  337.4670    0.1240  189.8927   94.1201     6854.0705     6849.1061     6859.0349 -41.402686  88.095711   0.000192  -0.000698
1 42036U 17008CS  21044.49798876  .00003404  00000-0  11987-3 0  9990 | 2 42036  97.3392 116.7873 0007408 164.9495 195.1968 15.29971035221679 | 2021/02/13-11:57:06  206.0850    0.1241  195.1746   94.1194     6854.0358     6848.9583     6859.1133 -43.868800  86.893315   0.000151  -0.000725
1 42036U 17008CS  21045.60983731  .00003326  00000-0  11714-3 0  9991 | 2 42036  97.3388 117.8855 0007520 161.3326 198.8192 15.29977992221841 | 2021/02/14-14:38:09  246.3427    0.1240  198.7914   94.1190     6854.0150     6848.8608     6859.1692 -45.525955  86.036210   0.000120  -0.000742
1 42036U 17008CS  21046.91788728  .00002892  00000-0  10216-3 0  9998 | 2 42036  97.3383 119.1775 0007655 157.2165 202.9417 15.29986071222044 | 2021/02/15-22:01:45  357.2316    0.1240  202.9075   94.1185     6853.9909     6848.7442     6859.2376 -47.454059  84.987393   0.000085  -0.000761
1 42036U 17008CS  21048.42213437  .00003425  00000-0  12049-3 0  9995 | 2 42036  97.3382 120.6633 0007789 152.3375 207.8281 15.29998282222275 | 2021/02/17-10:07:52  178.7500    0.1240  207.7865   94.1178     6853.9544     6848.6159     6859.2930 -49.641708  83.728287   0.000041  -0.000778
1 42036U 17008CS  21049.46855961  .00003785  00000-0  13281-3 0  9992 | 2 42036  97.3380 121.6970 0007870 149.1668 211.0036 15.30007550222432 | 2021/02/18-11:14:43  195.4560    0.1240  210.9572   94.1172     6853.9268     6848.5327     6859.3208 -51.144023  82.818930   0.000012  -0.000787
1 42036U 17008CS  21050.64578086  .00003491  00000-0  12268-3 0  9992 | 2 42036  97.3380 122.8599 0007971 145.6764 214.4994 15.30017020222615 | 2021/02/19-15:29:55  259.2477    0.1241  214.4477   94.1166     6853.8985     6848.4352     6859.3617 -52.814303  81.763902  -0.000020  -0.000797
1 42036U 17008CS  21052.14999411  .00004685  00000-0  16364-3 0  9995 | 2 42036  97.3379 124.3458 0008091 140.9296 219.2531 15.30034396222846 | 2021/02/21-03:35:59   80.7543    0.1241  219.1945   94.1155     6853.8466     6848.3011     6859.3920 -54.916702  80.366801  -0.000067  -0.000806
1 42036U 17008CS  21053.45798811  .00006273  00000-0  21805-3 0  9992 | 2 42036  97.3380 125.6380 0008153 137.1436 223.0442 15.30055680223045 | 2021/02/22-10:59:30  191.6240    0.1241  222.9805   94.1142     6853.7830     6848.1951     6859.3709 -56.715165  79.108004  -0.000102  -0.000809
1 42036U 17008CS  21054.63517071  .00005511  00000-0  19182-3 0  9999 | 2 42036  97.3381 126.8008 0008232 133.6638 226.5287 15.30070224223225 | 2021/02/23-15:14:38  255.4025    0.1241  226.4603   94.1133     6853.7396     6848.0976     6859.3816 -58.308907  77.940856  -0.000136  -0.000812
1 42036U 17008CS  21056.00853615  .00006107  00000-0  21212-3 0  9998 | 2 42036  97.3377 128.1573 0008313 129.4959 230.7018 15.30087781223439 | 2021/02/25-00:12:17   29.8060    0.1240  230.6281   94.1122     6853.6872     6847.9897     6859.3846 -60.137427  76.538342  -0.000178  -0.000812
1 42036U 17008CS  21057.18569201  .00006721  00000-0  23306-3 0  9991 | 2 42036  97.3373 129.3200 0008337 126.1627 234.0387 15.30105673223614 | 2021/02/26-04:27:23   93.5760    0.1241  233.9614   94.1111     6853.6337     6847.9199     6859.3476 -61.677873  75.301992  -0.000209  -0.000807
1 42036U 17008CS  21058.42823439  .00005207  00000-0  18110-3 0  9990 | 2 42036  97.3369 130.5471 0008425 122.4418 237.7638 15.30118082223806 | 2021/02/27-10:16:39  180.8847    0.1240  237.6822   94.1104     6853.5967     6847.8225     6859.3708 -63.276083  73.963568  -0.000246  -0.000806
1 42036U 17008CS  21059.47457880  .00004476  00000-0  15600-3 0  9997 | 2 42036  97.3365 131.5806 0008453 119.3718 240.8368 15.30126679223967 | 2021/02/28-11:23:23  197.5635    0.1241  240.7523   94.1099     6853.5710     6847.7777     6859.3643 -64.599605  72.809926  -0.000276  -0.000799
1 42036U 17008CS  21060.65170849  .00005152  00000-0  17910-3 0  9994 | 2 42036  97.3361 132.7432 0008469 116.0321 244.1793 15.30139023224149 | 2021/03/01-15:38:27  261.3250    0.1241  244.0920   94.1091     6853.5341     6847.7299     6859.3384 -66.063334  71.483930  -0.000307  -0.000789
1 42036U 17008CS  21061.89422222  .00006429  00000-0  22269-3 0  9997 | 2 42036  97.3356 133.9704 0008526 112.4955 247.7189 15.30155261224336 | 2021/03/02-21:27:40  348.6244    0.1240  247.6285   94.1081     6853.4857     6847.6424     6859.3289 -67.578808  70.052293  -0.000340  -0.000782
1 42036U 17008CS  21063.46369071  .00007545  00000-0  26068-3 0  9995 | 2 42036  97.3351 135.5207 0008543 108.0722 252.1450 15.30180718224571 | 2021/03/04-11:07:42  193.6269    0.1241  252.0519   94.1065     6853.4096     6847.5548     6859.2645 -69.448947  68.197987  -0.000380  -0.000765
1 42036U 17008CS  21064.70617142  .00005111  00000-0  17740-3 0  9992 | 2 42036  97.3351 136.7481 0008542 104.5254 255.6935 15.30193660224765 | 2021/03/05-16:56:53  280.9155    0.1241  255.5987   94.1057     6853.3710     6847.5169     6859.2251 -70.893850  66.694706  -0.000411  -0.000749
1 42036U 17008CS  21066.14482103  .00005352  00000-0  18556-3 0  9992 | 2 42036  97.3352 138.1691 0008573 100.4191 259.8016 15.30208406224989 | 2021/03/07-03:28:32   78.8246    0.1240  259.7049   94.1048     6853.3270     6847.4516     6859.2023 -72.526056  64.916195  -0.000447  -0.000732
1 42036U 17008CS  21067.19110259  .00005283  00000-0  18314-3 0  9993 | 2 42036  97.3351 139.2025 0008560  97.4932 262.7281 15.30219085225146 | 2021/03/08-04:35:11   95.4832    0.1240  262.6308   94.1042     6853.2951     6847.4287     6859.1615 -73.684964  63.597545  -0.000470  -0.000715
1 42036U 17008CS  21068.43355374  .00004824  00000-0  16739-3 0  9999 | 2 42036  97.3352 140.4297 0008559  93.8826 266.3393 15.30229928225334 | 2021/03/09-10:24:19  182.7625    0.1240  266.2414   94.1035     6853.2627     6847.3970     6859.1284 -75.030212  62.004907  -0.000499  -0.000695
1 42036U 17008CS  21069.47982170  .00004452  00000-0  15466-3 0  9997 | 2 42036  97.3351 141.4632 0008535  90.8409 269.3810 15.30238178225496 | 2021/03/10-11:30:56  199.4167    0.1241  269.2832   94.1030     6853.2381     6847.3888     6859.0873 -76.136310  60.641438  -0.000522  -0.000675
1 42036U 17008CS  21070.72225765  .00003979  00000-0  13846-3 0  9990 | 2 42036  97.3348 142.6902 0008504  87.3641 272.8573 15.30247131225685 | 2021/03/11-17:20:03  286.6917    0.1241  272.7600   94.1024     6853.2113     6847.3834     6859.0393 -77.417162  58.997002  -0.000546  -0.000652
1 42036U 17008CS  21071.76851309  .00004387  00000-0  15236-3 0  9993 | 2 42036  97.3345 143.7234 0008483  84.3437 275.8771 15.30256440225842 | 2021/03/12-18:26:39  303.3423    0.1241  275.7804   94.1019     6853.1836     6847.3700     6858.9971 -78.468154  57.591265  -0.000567  -0.000631
1 42036U 17008CS  21073.14170988  .00006000  00000-0  20726-3 0  9998 | 2 42036  97.3340 145.0796 0008423  80.4124 279.8069 15.30274424226059 | 2021/03/14-03:24:03   77.6920    0.1242  279.7118   94.1008     6853.1299     6847.3575     6858.9023 -79.808830  55.717666  -0.000590  -0.000601
1 42036U 17008CS  21074.18794217  .00007149  00000-0  24632-3 0  9995 | 2 42036  97.3336 146.1128 0008365  77.4517 282.7659 15.30292342226217 | 2021/03/15-04:30:38   94.3353    0.1241  282.6724   94.0997     6853.0764     6847.3438     6858.8090 -80.800210  54.269290  -0.000606  -0.000576
1 42036U 17008CS  21075.43033132  .00005245  00000-0  18136-3 0  9993 | 2 42036  97.3332 147.3398 0008329  73.7954 286.4202 15.30305287226408 | 2021/03/16-10:19:40  181.5950    0.1240  286.3286   94.0989     6853.0377     6847.3298     6858.7456 -81.943444  52.526411  -0.000627  -0.000548
1 42036U 17008CS  21076.47654635  .00004822  00000-0  16689-3 0  9996 | 2 42036  97.3329 148.3731 0008288  70.7823 289.4314 15.30315189226568 | 2021/03/17-11:26:13  198.2322    0.1241  289.3418   94.0983     6853.0082     6847.3284     6858.6879 -82.877099  51.039984  -0.000643  -0.000523
1 42036U 17008CS  21077.71891951  .00004212  00000-0  14607-3 0  9999 | 2 42036  97.3327 149.6000 0008201  67.1435 293.0671 15.30324439226759 | 2021/03/18-17:15:14  285.4872    0.1241  292.9806   94.0977     6852.9805     6847.3604     6858.6007 -83.950784  49.253633  -0.000657  -0.000491
1 42036U 17008CS  21078.76512191  .00004713  00000-0  16311-3 0  9991 | 2 42036  97.3326 150.6333 0008130  64.0054 296.2023 15.30334175226915 | 2021/03/19-18:21:46  302.1209    0.1241  296.1187   94.0971     6852.9515     6847.3800     6858.5229 -84.825261  47.731647  -0.000669  -0.000462
1 42036U 17008CS  21080.13824963  .00006827  00000-0  23490-3 0  9992 | 2 42036  97.3325 151.9895 0008040  59.9165 300.2872 15.30353145227127 | 2021/03/21-03:19:04   76.4481    0.1241  300.2076   94.0959     6852.8948     6847.3851     6858.4046 -85.931121  45.710589  -0.000683  -0.000425
1 42036U 17008CS  21081.18442867  .00008355  00000-0  28670-3 0  9990 | 2 42036  97.3324 153.0227 0007949  56.7624 303.4377 15.30372263227284 | 2021/03/22-04:25:34   93.0741    0.1240  303.3616   94.0948     6852.8378     6847.3905     6858.2851 -86.741303  44.153622  -0.000690  -0.000395
1 42036U 17008CS  21082.68829329  .00006418  00000-0  22077-3 0  9991 | 2 42036  97.3326 154.5080 0007841  52.3308 307.8643 15.30390379227519 | 2021/03/23-16:31:08  274.4674    0.1241  307.7933   94.0936     6852.7837     6847.4104     6858.1570 -87.856822  41.890498  -0.000700  -0.000354
1 42036U 17008CS  21084.12675475  .00006067  00000-0  20874-3 0  9996 | 2 42036  97.3325 155.9287 0007721  48.0192 312.1705 15.30408055227735 | 2021/03/25-03:02:31   72.3160    0.1241  312.1049   94.0926     6852.7309     6847.4399     6858.0219 -88.868329  39.699315  -0.000706  -0.000313
1 42036U 17008CS  21085.76134679  .00007446  00000-0  25535-3 0  9994 | 2 42036  97.3322 157.5429 0007587  42.9785 317.2048 15.30433252227989 | 2021/03/26-18:16:20  300.7725    0.1242  317.1457   94.0910     6852.6557     6847.4566     6857.8548 -89.951091  37.180080  -0.000711  -0.000266
1 42036U 17008CS  21086.93823924  .00006650  00000-0  22828-3 0  9990 | 2 42036  97.3319 158.7052 0007457  39.1795 320.9985 15.30446908228169 | 2021/03/27-22:31:03    4.4567    0.1242  320.9447   94.0902     6852.6149     6847.5050     6857.7249 -90.686486  35.347702  -0.000710  -0.000229
1 42036U 17008CS  21088.11512102  .00006141  00000-0  21092-3 0  9992 | 2 42036  97.3315 159.8674 0007334  35.2855 324.8870 15.30460222228346 | 2021/03/29-02:45:46   68.1375    0.1241  324.8386   94.0893     6852.5752     6847.5495     6857.6009 -91.384406  33.500915  -0.000708  -0.000192
1 42036U 17008CS  21089.16123121  .00004979  00000-0  17149-3 0  9992 | 2 42036  97.3311 160.9006 0007234  32.0355 328.1324 15.30468611228502 | 2021/03/30-03:52:10   84.7396    0.1241  328.0886   94.0888     6852.5502     6847.5930     6857.5073 -91.973251  31.847515  -0.000705  -0.000162
1 42036U 17008CS  21090.27271591  .00004940  00000-0  17009-3 0  9994 | 2 42036  97.3307 161.9983 0007124  28.4223 331.7405 15.30478974228674 | 2021/03/31-06:32:42  124.8771    0.1241  331.7018   94.0882     6852.5192     6847.6375     6857.4010 -92.566104  30.079587  -0.000701  -0.000129
1 42036U 17008CS  21091.84185659  .00005333  00000-0  18335-3 0  9997 | 2 42036  97.3303 163.5480 0006949  23.2501 336.9053 15.30495456228913 | 2021/04/01-20:12:16  329.7720    0.1241  336.8740   94.0872     6852.4700     6847.7083     6857.2318 -93.345338  27.565108  -0.000690  -0.000082
1 42036U 17008CS  21093.47636097  .00005186  00000-0  17826-3 0  9995 | 2 42036  97.3301 165.1624 0006780  17.8511 342.2966 15.30511457229163 | 2021/04/03-11:25:57  198.1979    0.1241  342.2730   94.0862     6852.4223     6847.7763     6857.0682 -94.084681  24.924309  -0.000677  -0.000036
1 42036U 17008CS  21094.84933258  .00004122  00000-0  14221-3 0  9991 | 2 42036  97.3301 166.5183 0006637  12.8588 347.2821 15.30521854229378 | 2021/04/04-20:23:02  332.4719    0.1241  347.2653   94.0856     6852.3912     6847.8433     6856.9392 -94.648114  22.691032  -0.000664   0.000007
1 42036U 17008CS  21096.15691584  .00003835  00000-0  13245-3 0  9995 | 2 42036  97.3302 167.8097 0006493   8.2548 351.8799 15.30531856229572 | 2021/04/06-03:45:57   83.2055    0.1242  351.8694   94.0849     6852.3614     6847.9121     6856.8106 -95.135565  20.552179  -0.000648   0.000045
1 42036U 17008CS  21097.46449066  .00003788  00000-0  13081-3 0  9991 | 2 42036  97.3302 169.1010 0006334   3.5364 356.5920 15.30541503229770 | 2021/04/07-11:08:51  193.9362    0.1241  356.5877   94.0843     6852.3326     6847.9923     6856.6729 -95.574559  18.403029  -0.000628   0.000081
1 42036U 17008CS  21098.83743313  .00004433  00000-0  15259-3 0  9992 | 2 42036  97.3302 170.4568 0006200 358.2917   1.8302 15.30555026229981 | 2021/04/08-20:05:54  328.1995    0.1242    1.8325   94.0835     6852.2922     6848.0438     6856.5407 -95.983236  16.136491  -0.000608   0.000121
1 42036U 17008CS  21099.88347760  .00004201  00000-0  14470-3 0  9991 | 2 42036  97.3301 171.4898 0006072 354.5256   5.5917 15.30563620230141 | 2021/04/09-21:12:12  344.7781    0.1241    5.5985   94.0830     6852.2666     6848.1059     6856.4273 -96.258450  14.403441  -0.000589   0.000147
1 42036U 17008CS  21101.45253450  .00004181  00000-0  14396-3 0  9994 | 2 42036  97.3297 173.0391 0005884 348.4437  11.6668 15.30575682230382 | 2021/04/11-10:51:38  189.6426    0.1241   11.6804   94.0822     6852.2306     6848.1987     6856.2624 -96.612291  11.795579  -0.000558   0.000187
1 42036U 17008CS  21102.49856557  .00004025  00000-0  13867-3 0  9995 | 2 42036  97.3294 174.0720 0005777 344.4063  15.7000 15.30583435230546 | 2021/04/12-11:57:56  206.2161    0.1242   15.7179   94.0818     6852.2074     6848.2489     6856.1660 -96.808928  10.052047  -0.000537   0.000212
1 42036U 17008CS  21104.26372852  .00004388  00000-0  15088-3 0  9992 | 2 42036  97.3289 175.8152 0005632 337.0889  23.0100 15.30599277230816 | 2021/04/14-06:19:46  121.6788    0.1241   23.0352   94.0808     6852.1602     6848.3010     6856.0193 -97.069409   7.102442  -0.000501   0.000257
1 42036U 17008CS  21105.44049348  .00005714  00000-0  19560-3 0  9997 | 2 42036  97.3286 176.9773 0005499 332.0060  28.0885 15.30613124230993 | 2021/04/15-10:34:18  185.3164    0.1242   28.1182   94.0799     6852.1188     6848.3509     6855.8868 -97.193189   5.132293  -0.000471   0.000283
1 42036U 17008CS  21106.48650103  .00004287  00000-0  14737-3 0  9994 | 2 42036  97.3283 178.0101 0005408 327.6202  32.4706 15.30618926231151 | 2021/04/16-11:40:33  201.8810    0.1241   32.5039   94.0796     6852.1015     6848.3959     6855.8071 -97.269607   3.379562  -0.000446   0.000305
1 42036U 17008CS  21107.85936928  .00007104  00000-0  24231-3 0  9999 | 2 42036  97.3280 179.3659 0005303 321.3015  38.7846 15.30642169231360 | 2021/04/17-20:37:29  336.1156    0.1242   38.8227   94.0782     6852.0322     6848.3985     6855.6658 -97.322040   1.077120  -0.000410   0.000336
1 42036U 17008CS  21109.16684263  .00007049  00000-0  24028-3 0  9999 | 2 42036  97.3279 180.6571 0005219 315.5448  44.5373 15.30665667231567 | 2021/04/19-04:00:15   86.8075    0.1241   44.5793   94.0767     6851.9620     6848.3860     6855.5381 -97.321499  -1.116186  -0.000377   0.000361
1 42036U 17008CS  21110.47429871  .00007695  00000-0  26189-3 0  9994 | 2 42036  97.3280 181.9483 0005138 309.6416  50.4372 15.30686602231763 | 2021/04/20-11:22:59  197.4925    0.1242   50.4826   94.0754     6851.8995     6848.3790     6855.4201 -97.271736  -3.308928  -0.000341   0.000384
1 42036U 17008CS  21111.71636640  .00005864  00000-0  20011-3 0  9990 | 2 42036  97.3281 183.1750 0005077 303.9158  56.1600 15.30702867231957 | 2021/04/21-17:11:34  284.6374    0.1241   56.2083   94.0744     6851.8510     6848.3723     6855.3297 -97.178704  -5.390599  -0.000306   0.000405
1 42036U 17008CS  21112.76230962  .00004959  00000-0  16959-3 0  9993 | 2 42036  97.3283 184.2079 0005024 298.9655  61.1083 15.30713237232115 | 2021/04/22-18:17:43  301.1770    0.1242   61.1587   94.0738     6851.8201     6848.3777     6855.2624 -97.065939  -7.141533  -0.000275   0.000421
1 42036U 17008CS  21114.13509912  .00004968  00000-0  16980-3 0  9994 | 2 42036  97.3283 185.5636 0004995 292.2131  67.8580 15.30727358232327 | 2021/04/24-03:14:32   75.3813    0.1241   67.9110   94.0729     6851.7779     6848.3555     6855.2004 -96.869805  -9.436038  -0.000233   0.000442
1 42036U 17008CS  21115.18102407  .00005890  00000-0  20075-3 0  9993 | 2 42036  97.3282 186.5965 0005001 287.0735  72.9958 15.30741244232486 | 2021/04/25-04:20:40   91.9141    0.1241   73.0506   94.0721     6851.7365     6848.3099     6855.1630 -96.683866 -11.180720  -0.000201   0.000458
1 42036U 17008CS  21116.42304535  .00007810  00000-0  26514-3 0  9995 | 2 42036  97.3280 187.8230 0004983 281.3098  78.7583 15.30762847232671 | 2021/04/26-10:09:11  179.0407    0.1241   78.8143   94.0707     6851.6720     6848.2578     6855.0862 -96.422196 -13.247633  -0.000163   0.000471
1 42036U 17008CS  21117.46894541  .00006993  00000-0  23758-3 0  9999 | 2 42036  97.3276 188.8559 0004983 276.1455  83.9218 15.30778598232831 | 2021/04/27-11:15:16  195.5635    0.1241   83.9786   94.0698     6851.6250     6848.2109     6855.0392 -96.167324 -14.983576  -0.000129   0.000481
1 42036U 17008CS  21118.97241061  .00005028  00000-0  17148-3 0  9993 | 2 42036  97.3270 190.3407 0004993 268.8090  91.2579 15.30795604233064 | 2021/04/28-23:20:16   16.8084    0.1241   91.3151   94.0687     6851.5743     6848.1533     6854.9953 -95.746193 -17.470301  -0.000079   0.000493
1 42036U 17008CS  21120.47586290  .00004736  00000-0  16161-3 0  9996 | 2 42036  97.3266 191.8256 0005023 261.5455  98.5217 15.30808904233299 | 2021/04/30-11:25:14  198.0479    0.1241   98.5786   94.0679     6851.5346     6848.0931     6854.9761 -95.260933 -19.945470  -0.000030   0.000501
1 42036U 17008CS  21121.78320203  .00004593  00000-0  15675-3 0  9991 | 2 42036  97.3266 193.1170 0005092 255.5703 104.4973 15.30820489233494 | 2021/05/01-18:47:48  308.6868    0.1241  104.5538   94.0672     6851.5000     6848.0112     6854.9888 -94.787220 -22.087326   0.000012   0.000509
1 42036U 17008CS  21123.15589624  .00005052  00000-0  17208-3 0  9993 | 2 42036  97.3263 194.4726 0005169 249.3962 110.6725 15.30834796233709 | 2021/05/03-03:44:29   82.8530    0.1241  110.7279   94.0663     6851.4573     6847.9158     6854.9989 -94.237870 -24.323496   0.000055   0.000514
1 42036U 17008CS  21124.26711613  .00004632  00000-0  15794-3 0  9992 | 2 42036  97.3266 195.5701 0005242 244.3182 115.7518 15.30844666233879 | 2021/05/04-06:24:38  122.8886    0.1241  115.8059   94.0657     6851.4279     6847.8364     6855.0194 -93.754984 -26.124129   0.000092   0.000516
1 42036U 17008CS  21125.44369497  .00003803  00000-0  13010-3 0  9990 | 2 42036  97.3268 196.7321 0005335 238.9489 121.1229 15.30853183234059 | 2021/05/05-10:38:55  186.4529    0.1241  121.1752   94.0652     6851.4025     6847.7473     6855.0577 -93.206115 -28.020103   0.000132   0.000517
1 42036U 17008CS  21126.88172760  .00003312  00000-0  11360-3 0  9995 | 2 42036  97.3269 198.1523 0005436 232.4310 127.6438 15.30862491234273 | 2021/05/06-21:09:41  344.1388    0.1241  127.6931   94.0646     6851.3747     6847.6503     6855.0991 -92.483110 -30.321606   0.000181   0.000513
1 42036U 17008CS  21127.92756395  .00003233  00000-0  11091-3 0  9996 | 2 42036  97.3269 199.1850 0005525 227.8703 132.2069 15.30869266234437 | 2021/05/07-22:15:41    0.6357    0.1241  132.2538   94.0642     6851.3545     6847.5691     6855.1399 -91.921601 -31.983507   0.000215   0.000509
1 42036U 17008CS  21129.23485294  .00003163  00000-0  10853-3 0  9996 | 2 42036  97.3267 200.4760 0005632 222.4194 137.6612 15.30877764234632 | 2021/05/09-05:38:11  111.2538    0.1240  137.7046   94.0637     6851.3291     6847.4705     6855.1878 -91.177482 -34.046339   0.000257   0.000501
1 42036U 17008CS  21130.47677038  .00003436  00000-0  11765-3 0  9999 | 2 42036  97.3267 201.7025 0005740 217.0753 143.0093 15.30886844234825 | 2021/05/10-11:26:32  198.3377    0.1242  143.0489   94.0631     6851.3020     6847.3694     6855.2347 -90.427837 -35.990177   0.000298   0.000491
1 42036U 17008CS  21131.84940704  .00003598  00000-0  12302-3 0  9991 | 2 42036  97.3264 203.0581 0005873 211.6345 148.4544 15.30897383235032 | 2021/05/11-20:23:08  332.4799    0.1241  148.4896   94.0625     6851.2706     6847.2468     6855.2944 -89.550815 -38.119281   0.000339   0.000479
1 42036U 17008CS  21133.48348242  .00005873  00000-0  19907-3 0  9998 | 2 42036  97.3260 204.6718 0006058 205.0775 155.0173 15.30917385235281 | 2021/05/13-11:36:12  200.7381    0.1241  155.0466   94.0612     6851.2109     6847.0605     6855.3614 -88.441473 -40.625806   0.000391   0.000462
1 42036U 17008CS  21134.85608818  .00004693  00000-0  15951-3 0  9992 | 2 42036  97.3256 206.0274 0006215 200.2103 159.8893 15.30932915235496 | 2021/05/14-20:32:46  334.8687    0.1241  159.9138   94.0603     6851.1646     6846.9066     6855.4226 -87.455257 -42.706563   0.000430   0.000449
1 42036U 17008CS  21135.90187430  .00004146  00000-0  14118-3 0  9998 | 2 42036  97.3256 207.0604 0006307 196.3711 163.7328 15.30943695235658 | 2021/05/15-21:38:41  351.3451    0.1241  163.7530   94.0596     6851.1324     6846.8114     6855.4534 -86.671118 -44.276289   0.000458   0.000434
1 42036U 17008CS  21136.94765365  .00004189  00000-0  14257-3 0  9993 | 2 42036  97.3254 208.0933 0006425 192.4591 167.6493 15.30953698235814 | 2021/05/16-22:44:37    7.8191    0.1241  167.6650   94.0590     6851.1026     6846.7008     6855.5044 -85.858710 -45.831380   0.000488   0.000418
1 42036U 17008CS  21137.99342566  .00004177  00000-0  14210-3 0  9999 | 2 42036  97.3253 209.1262 0006553 188.7599 171.3529 15.30964149235970 | 2021/05/17-23:50:31   24.2905    0.1241  171.3642   94.0584     6851.0714     6846.5819     6855.5609 -85.018491 -47.371619   0.000517   0.000402
1 42036U 17008CS  21139.16990889  .00005362  00000-0  18161-3 0  9993 | 2 42036  97.3254 210.2881 0006683 184.6123 175.5058 15.30980403236158 | 2021/05/19-04:04:40   87.8168    0.1241  175.5118   94.0574     6851.0229     6846.4444     6855.6015 -84.040514 -49.085899   0.000548   0.000382
1 42036U 17008CS  21140.47710083  .00005280  00000-0  17879-3 0  9999 | 2 42036  97.3255 211.5793 0006816 179.9458 180.1785 15.30994838236359 | 2021/05/20-11:27:01  198.3970    0.1241  180.1783   94.0565     6850.9799     6846.3102     6855.6495 -82.913169 -50.967238   0.000581   0.000356
1 42036U 17008CS  21141.71891914  .00005124  00000-0  17350-3 0  9991 | 2 42036  97.3257 212.8058 0006957 175.9811 184.1487 15.31010653236543 | 2021/05/21-17:15:14  285.4435    0.1240  184.1429   94.0555     6850.9327     6846.1665     6855.6989 -81.803396 -52.730412   0.000610   0.000335
1 42036U 17008CS  21142.76465222  .00004702  00000-0  15935-3 0  9994 | 2 42036  97.3260 213.8386 0007053 172.4507 187.6842 15.31022615236706 | 2021/05/22-18:21:05  301.9003    0.1241  187.6734   94.0548     6850.8970     6846.0651     6855.7289 -80.839901 -54.196501   0.000632   0.000312
1 42036U 17008CS  21143.94109382  .00004219  00000-0  14321-3 0  9998 | 2 42036  97.3260 215.0005 0007190 168.5531 191.5875 15.31033137236883 | 2021/05/23-22:35:10    5.4112    0.1241  191.5710   94.0541     6850.8656     6845.9398     6855.7914 -79.724305 -55.824596   0.000659   0.000287
1 42036U 17008CS  21145.44431324  .00004891  00000-0  16552-3 0  9993 | 2 42036  97.3259 216.4852 0007333 163.9348 196.2127 15.31048015237110 | 2021/05/25-10:39:48  186.5602    0.1241  196.1893   94.0532     6850.8212     6845.7975     6855.8449 -78.251044 -57.871452   0.000687   0.000256
1 42036U 17008CS  21146.62073769  .00003796  00000-0  12901-3 0  9996 | 2 42036  97.3257 217.6472 0007460 160.1541 199.9992 15.31055363237297 | 2021/05/26-14:53:51  250.0648    0.1241  199.9700   94.0528     6850.7993     6845.6886     6855.9100 -77.061199 -59.446308   0.000710   0.000228
1 42036U 17008CS  21148.18928896  .00005549  00000-0  18725-3 0  9997 | 2 42036  97.3252 219.1966 0007586 155.3156 204.8449 15.31074306237532 | 2021/05/28-04:32:34   94.7327    0.1240  204.8084   94.0516     6850.7428     6845.5458     6855.9398 -75.425277 -61.507903   0.000734   0.000190
1 42036U 17008CS  21149.49639959  .00004283  00000-0  14507-3 0  9999 | 2 42036  97.3249 220.4878 0007717 151.1686 208.9983 15.31087943237734 | 2021/05/29-11:54:48  205.2833    0.1241  208.9555   94.0508     6850.7021     6845.4154     6855.9888 -74.019892 -63.191707   0.000756   0.000156
1 42036U 17008CS  21150.73814493  .00004262  00000-0  14432-3 0  9990 | 2 42036  97.3248 221.7145 0007805 147.5067 212.6656 15.31100287237921 | 2021/05/30-17:42:55  292.3034    0.1241  212.6174   94.0500     6850.6653     6845.3183     6856.0122 -72.650025 -64.761799   0.000770   0.000125
1 42036U 17008CS  21151.84917337  .00003856  00000-0  13077-3 0  9996 | 2 42036  97.3248 222.8120 0007882 144.1566 216.0205 15.31108820238096 | 2021/05/31-20:22:48  332.2664    0.1240  215.9674   94.0495     6850.6398     6845.2402     6856.0395 -71.396261 -66.141444   0.000782   0.000096
1 42036U 17008CS  21153.41767368  .00004287  00000-0  14505-3 0  9994 | 2 42036  97.3250 224.3613 0007997 139.3757 220.8083 15.31122060238334 | 2021/06/02-10:01:27  176.9163    0.1242  220.7485   94.0487     6850.6003     6845.1219     6856.0788 -69.582032 -68.047751   0.000798   0.000052
1 42036U 17008CS  21154.46333408  .00004122  00000-0  13953-3 0  9998 | 2 42036  97.3250 225.3941 0008088 136.4708 223.7173 15.31129247238498 | 2021/06/03-11:07:12  193.3478    0.1241  223.6533   94.0482     6850.5789     6845.0382     6856.1197 -68.344181 -69.290898   0.000808   0.000026
1 42036U 17008CS  21155.90110706  .00004357  00000-0  14728-3 0  9993 | 2 42036  97.3252 226.8143 0008174 132.3096 227.8839 15.31141488238711 | 2021/06/04-21:37:35  350.9376    0.1241  227.8145   94.0475     6850.5424     6844.9428     6856.1420 -66.605975 -70.963643   0.000817  -0.000012
1 42036U 17008CS  21157.46957391  .00004321  00000-0  14602-3 0  9997 | 2 42036  97.3254 228.3636 0008264 127.7698 232.4293 15.31154426238951 | 2021/06/06-11:16:11  195.5767    0.1241  232.3543   94.0467     6850.5038     6844.8425     6856.1651 -64.663108 -72.738682   0.000825  -0.000056
1 42036U 17008CS  21158.64591482  .00003743  00000-0  12678-3 0  9991 | 2 42036  97.3255 229.5256 0008327 124.4464 235.7566 15.31163325239136 | 2021/06/07-15:30:07  259.0530    0.1242  235.6778   94.0461     6850.4773     6844.7729     6856.1817 -63.174783 -74.035125   0.000828  -0.000087
1 42036U 17008CS  21159.88759808  .00004523  00000-0  15260-3 0  9993 | 2 42036  97.3253 230.7520 0008389 120.7974 239.4094 15.31176862239323 | 2021/06/08-21:18:08  346.0527    0.1241  239.3267   94.0453     6850.4369     6844.6901     6856.1837 -61.575605 -75.370146   0.000830  -0.000123
1 42036U 17008CS  21161.45602626  .00003900  00000-0  13189-3 0  9990 | 2 42036  97.3252 232.3013 0008431 116.4019 243.8088 15.31190595239564 | 2021/06/10-10:56:40  190.6795    0.1240  243.7221   94.0445     6850.3959     6844.6204     6856.1715 -59.515244 -77.007339   0.000827  -0.000165
1 42036U 17008CS  21162.50163707  .00004236  00000-0  14298-3 0  9994 | 2 42036  97.3250 233.3342 0008443 113.3829 246.8301 15.31200960239723 | 2021/06/11-12:02:21  207.0948    0.1241  246.7412   94.0438     6850.3650     6844.5812     6856.1488 -58.117279 -78.067519   0.000822  -0.000194
1 42036U 17008CS  21163.67793953  .00005091  00000-0  17123-3 0  9995 | 2 42036  97.3247 234.4963 0008479 110.0606 250.1549 15.31214779239901 | 2021/06/12-16:16:13  270.5585    0.1241  250.0635   94.0430     6850.3238     6844.5154     6856.1322 -56.521858 -79.229899   0.000817  -0.000226
1 42036U 17008CS  21164.72353261  .00004634  00000-0  15603-3 0  9999 | 2 42036  97.3244 235.5293 0008467 107.1726 253.0443 15.31226454240060 | 2021/06/13-17:21:53  286.9682    0.1241  252.9515   94.0423     6850.2890     6844.4888     6856.0891 -55.084123 -80.235766   0.000808  -0.000252
1 42036U 17008CS  21165.89981607  .00004106  00000-0  13850-3 0  9995 | 2 42036  97.3243 236.6914 0008489 103.9006 256.3180 15.31237996240247 | 2021/06/14-21:35:44  350.4259    0.1241  256.2235   94.0416     6850.2546     6844.4394     6856.0697 -53.445470 -81.336345   0.000801  -0.000282
1 42036U 17008CS  21167.46818071  .00004948  00000-0  16630-3 0  9997 | 2 42036  97.3243 238.2407 0008486  99.4630 260.7571 15.31254605240486 | 2021/06/16-11:14:10  195.0322    0.1241  260.6611   94.0405     6850.2050     6844.3919     6856.0181 -51.226834 -82.751621   0.000785  -0.000322
1 42036U 17008CS  21168.64444208  .00005286  00000-0  17741-3 0  9995 | 2 42036  97.3242 239.4028 0008469  96.1563 264.0643 15.31268527240662 | 2021/06/17-15:27:59  258.4831    0.1241  263.9678   94.0397     6850.1635     6844.3621     6855.9649 -49.537955 -83.773450   0.000771  -0.000350
1 42036U 17008CS  21170.47416349  .00004524  00000-0  15213-3 0  9990 | 2 42036  97.3246 241.2103 0008467  91.0698 269.1513 15.31285676240949 | 2021/06/19-11:22:47  197.1782    0.1241  269.0543   94.0386     6850.1124     6844.3124     6855.9123 -46.871151 -85.294624   0.000750  -0.000394
1 42036U 17008CS  21172.49990540  .00003562  00000-0  12028-3 0  9996 | 2 42036  97.3250 243.2114 0008424  85.3715 274.8489 15.31300626241250 | 2021/06/21-11:59:51  206.4416    0.1242  274.7527   94.0377     6850.0678     6844.2973     6855.8383 -43.864371 -86.879644   0.000719  -0.000439
1 42036U 17008CS  21173.61078685  .00004593  00000-0  15428-3 0  9990 | 2 42036  97.3251 244.3089 0008397  82.1656 278.0539 15.31311812241422 | 2021/06/22-14:39:31  246.3573    0.1242  277.9586   94.0370     6850.0344     6844.2824     6855.7864 -42.192291 -87.703966   0.000700  -0.000464
1 42036U 17008CS  21174.85235094  .00005105  00000-0  17114-3 0  9990 | 2 42036  97.3250 245.5355 0008335  78.5253 281.6924 15.31324091241616 | 2021/06/23-20:27:23  333.3193    0.1242  281.5989   94.0363     6849.9978     6844.2883     6855.7073 -40.305140 -88.586970   0.000675  -0.000489
1 42036U 17008CS  21176.28993924  .00005243  00000-0  17562-3 0  9992 | 2 42036  97.3247 246.9559 0008256  74.6904 285.5250 15.31338461241830 | 2021/06/25-06:57:30  130.8499    0.1242  285.4338   94.0354     6849.9549     6844.2996     6855.6103 -38.096733 -89.558563   0.000647  -0.000512
1 42036U 17008CS  21177.46613886  .00004806  00000-0  16116-3 0  9997 | 2 42036  97.3245 248.1181 0008192  71.3692 288.8439 15.31348074242017 | 2021/06/26-11:11:14  194.2812    0.1242  288.7550   94.0348     6849.9263     6844.3148     6855.5377 -36.272321 -90.312663   0.000623  -0.000532
1 42036U 17008CS  21178.70767225  .00004990  00000-0  16715-3 0  9991 | 2 42036  97.3242 249.3449 0008108  67.7231 292.4870 15.31361191242205 | 2021/06/27-16:59:02  281.2331    0.1242  292.4011   94.0340     6849.8872     6844.3333     6855.4410 -34.330301 -91.068273   0.000594  -0.000552
1 42036U 17008CS  21179.94919555  .00005126  00000-0  17159-3 0  9998 | 2 42036  97.3240 250.5717 0008041  64.0555 296.1514 15.31373876242399 | 2021/06/28-22:46:50    8.1816    0.1242  296.0687   94.0332     6849.8493     6844.3414     6855.3573 -32.372588 -91.782223   0.000565  -0.000572
1 42036U 17008CS  21181.19070924  .00004911  00000-0  16443-3 0  9992 | 2 42036  97.3239 251.7983 0007946  60.4308 299.7725 15.31385439242586 | 2021/06/30-04:34:37   95.1272    0.1242  299.6934   94.0325     6849.8148     6844.3720     6855.2577 -30.400396 -92.454083   0.000534  -0.000588
1 42036U 17008CS  21182.43221108  .00007424  00000-0  24708-3 0  9997 | 2 42036  97.3238 253.0249 0007867  56.8171 303.3824 15.31404032242778 | 2021/07/01-10:22:23  182.0688    0.1242  303.3071   94.0314     6849.7594     6844.3707     6855.1481 -28.414275 -93.083570   0.000504  -0.000604
1 42036U 17008CS  21183.47767624  .00006587  00000-0  21946-3 0  9990 | 2 42036  97.3240 254.0579 0007780  53.7648 306.4311 15.31415670242930 | 2021/07/02-11:27:51  198.4373    0.1241  306.3593   94.0306     6849.7247     6844.3956     6855.0538 -26.731576 -93.580895   0.000477  -0.000615
1 42036U 17008CS  21184.71915369  .00005938  00000-0  19802-3 0  9996 | 2 42036  97.3242 255.2844 0007659  49.6705 310.5204 15.31430896243129 | 2021/07/03-17:15:34  285.3713    0.1241  310.4536   94.0297     6849.6793     6844.4331     6854.9255 -24.722419 -94.131833   0.000439  -0.000628
1 42036U 17008CS  21185.89528028  .00005771  00000-0  19243-3 0  9992 | 2 42036  97.3245 256.4465 0007568  46.1331 314.0535 15.31443744243302 | 2021/07/04-21:29:12  348.7784    0.1242  313.9911   94.0289     6849.6410     6844.4572     6854.8248 -22.808309 -94.614160   0.000408  -0.000638
1 42036U 17008CS  21187.13673711  .00005828  00000-0  19424-3 0  9995 | 2 42036  97.3246 257.6731 0007434  42.2681 317.9132 15.31456762243498 | 2021/07/06-03:16:54   75.7052    0.1242  317.8561   94.0281     6849.6022     6844.5102     6854.6942 -20.777739 -95.080825   0.000371  -0.000644
1 42036U 17008CS  21188.44352031  .00005329  00000-0  17777-3 0  9994 | 2 42036  97.3246 258.9643 0007290  38.1379 322.0377 15.31471262243694 | 2021/07/07-10:38:40  186.1496    0.1242  321.9863   94.0272     6849.5589     6844.5656     6854.5523 -18.629933 -95.524884   0.000332  -0.000649
1 42036U 17008CS  21189.55427577  .00005261  00000-0  17546-3 0  9994 | 2 42036  97.3246 260.0618 0007173  34.6067 325.5640 15.31484399243860 | 2021/07/08-13:18:09  226.0238    0.1242  325.5175   94.0264     6849.5198     6844.6066     6854.4329 -16.796849 -95.864194   0.000299  -0.000652
1 42036U 17008CS  21190.73036143  .00004363  00000-0  14590-3 0  9999 | 2 42036  97.3244 261.2241 0007049  30.7799 329.3855 15.31494549244043 | 2021/07/09-17:31:43  289.4169    0.1242  329.3443   94.0258     6849.4895     6844.6613     6854.3177 -14.848798 -96.184989   0.000264  -0.000654
1 42036U 17008CS  21192.16778957  .00004037  00000-0  13516-3 0  9999 | 2 42036  97.3241 262.6445 0006894  26.1354 334.0235 15.31506277244265 | 2021/07/11-04:01:37   86.8939    0.1243  333.9889   94.0251     6849.4545     6844.7325     6854.1765 -12.459952 -96.523210   0.000222  -0.000653
1 42036U 17008CS  21193.27852275  .00003752  00000-0  12575-3 0  9995 | 2 42036  97.3238 263.7422 0006783  22.4980 337.6558 15.31513994244439 | 2021/07/12-06:41:04  126.7600    0.1242  337.6262   94.0246     6849.4315     6844.7856     6854.0775 -10.608508 -96.743897   0.000190  -0.000651
1 42036U 17008CS  21194.32391339  .00003948  00000-0  13216-3 0  9991 | 2 42036  97.3236 264.7753 0006659  18.9793 341.1696 15.31521881244593 | 2021/07/13-07:46:26  143.1028    0.1243  341.1450   94.0241     6849.4080     6844.8470     6853.9690  -8.862471 -96.919243   0.000158  -0.000647
1 42036U 17008CS  21195.43463605  .00003434  00000-0  11527-3 0  9993 | 2 42036  97.3234 265.8728 0006526  15.3025 344.8412 15.31528248244766 | 2021/07/14-10:25:52  182.9655    0.1241  344.8216   94.0237     6849.3890     6844.9191     6853.8589  -7.004458 -97.071014   0.000126  -0.000640
1 42036U 17008CS  21197.72139645  .00003826  00000-0  12807-3 0  9998 | 2 42036  97.3232 268.1324 0006252   7.1871 352.9459 15.31547530245112 | 2021/07/16-17:18:48  286.2043    0.1242  352.9371   94.0225     6849.3315     6845.0493     6853.6137  -3.171763 -97.271502   0.000058  -0.000623
1 42036U 17008CS  21199.15877356  .00003625  00000-0  12142-3 0  9994 | 2 42036  97.3234 269.5528 0006101   1.8895 358.2369 15.31559702245332 | 2021/07/18-03:48:38   83.6630    0.1242  358.2347   94.0218     6849.2952     6845.1165     6853.4740  -0.759612 -97.320436   0.000015  -0.000610
1 42036U 17008CS  21200.72680978  .00004069  00000-0  13595-3 0  9998 | 2 42036  97.3237 271.1020 0005941 355.8390   4.2801 15.31572732245577 | 2021/07/19-17:26:36  288.1596    0.1242    4.2852   94.0210     6849.2564     6845.1873     6853.3255   1.871763 -97.305699  -0.000032  -0.000593
1 42036U 17008CS  21202.09883072  .00004442  00000-0  14813-3 0  9999 | 2 42036  97.3240 272.4578 0005773 350.3621   9.7509 15.31584665245789 | 2021/07/21-02:22:18   62.0898    0.1242    9.7621   94.0203     6849.2208     6845.2668     6853.1749   4.173598 -97.234469  -0.000072  -0.000573
1 42036U 17008CS  21203.14417035  .00005624  00000-0  18677-3 0  9993 | 2 42036  97.3240 273.4908 0005671 346.3298  13.7789 15.31598178245946 | 2021/07/22-03:27:36   78.4137    0.1242   13.7944   94.0194     6849.1805     6845.2964     6853.0647   5.925890 -97.143424  -0.000100  -0.000558
1 42036U 17008CS  21204.77749414  .00007275  00000-0  24068-3 0  9997 | 2 42036  97.3238 275.1050 0005505 339.5517  20.5503 15.31622764246191 | 2021/07/23-18:39:35  306.4127    0.1242   20.5725   94.0179     6849.1072     6845.3368     6852.8777   8.659990 -96.937746  -0.000146  -0.000531
1 42036U 17008CS  21206.14946726  .00006712  00000-0  22214-3 0  9991 | 2 42036  97.3236 276.4609 0005369 333.9532  26.1439 15.31640802246403 | 2021/07/25-03:35:13   80.3243    0.1242   26.1710   94.0168     6849.0535     6845.3762     6852.7307  10.951353 -96.705486  -0.000180  -0.000506
1 42036U 17008CS  21207.45609545  .00005706  00000-0  18914-3 0  9995 | 2 42036  97.3231 277.7524 0005263 328.1131  31.9792 15.31654313246602 | 2021/07/26-10:56:46  190.7116    0.1243   32.0112   94.0160     6849.0132     6845.4086     6852.6178  13.128150 -96.433591  -0.000215  -0.000480
1 42036U 17008CS  21208.50138980  .00005106  00000-0  16947-3 0  9990 | 2 42036  97.3229 278.7855 0005181 323.6667  36.4222 15.31664472246762 | 2021/07/27-12:02:00  207.0181    0.1242   36.4575   94.0154     6848.9829     6845.4344     6852.5314  14.864685 -96.181017  -0.000240  -0.000459
1 42036U 17008CS  21209.74266712  .00006076  00000-0  20109-3 0  9994 | 2 42036  97.3225 280.0121 0005101 317.9853  42.0997 15.31679092246952 | 2021/07/28-17:49:26  293.8787    0.1242   42.1389   94.0145     6848.9393     6845.4457     6852.4330  16.920115 -95.840381  -0.000270  -0.000433
1 42036U 17008CS  21211.44123588  .00005753  00000-0  19042-3 0  9992 | 2 42036  97.3224 281.6907 0005019 309.8469  50.2330 15.31699997247219 | 2021/07/30-10:35:22  185.3642    0.1241   50.2772   94.0132     6848.8770     6845.4396     6852.3145  19.720277 -95.303516  -0.000312  -0.000393
1 42036U 17008CS  21212.61715569  .00005427  00000-0  17971-3 0  9995 | 2 42036  97.3225 282.8528 0004950 304.4008  55.6765 15.31713059247391 | 2021/07/31-14:48:42  248.6949    0.1242   55.7234   94.0124     6848.8381     6845.4479     6852.2282  21.649102 -94.884063  -0.000336  -0.000364
1 42036U 17008CS  21213.66241058  .00004532  00000-0  15044-3 0  9993 | 2 42036  97.3226 283.8856 0004919 299.3745  60.7006 15.31721737247557 | 2021/08/01-15:53:52  264.9863    0.1243   60.7498   94.0119     6848.8122     6845.4433     6852.1811  23.355873 -94.478525  -0.000358  -0.000337
1 42036U 17008CS  21215.16495304  .00004776  00000-0  15834-3 0  9992 | 2 42036  97.3229 285.3704 0004868 292.1049  67.9676 15.31736376247782 | 2021/08/03-03:57:31   85.9003    0.1242   68.0193   94.0110     6848.7686     6845.4346     6852.1025  25.796215 -93.841900  -0.000386  -0.000296
1 42036U 17008CS  21216.66747945  .00005465  00000-0  18071-3 0  9991 | 2 42036  97.3230 286.8553 0004830 284.7848  75.2858 15.31753818248016 | 2021/08/04-16:01:10  266.8078    0.1241   75.3393   94.0099     6848.7166     6845.4086     6852.0245  28.219352 -93.142012  -0.000411  -0.000253
1 42036U 17008CS  21218.16999183  .00003996  00000-0  13278-3 0  9992 | 2 42036  97.3230 288.3402 0004809 277.3821  82.6874 15.31765723248244 | 2021/08/06-04:04:47   87.7094    0.1242   82.7421   94.0092     6848.6811     6845.3876     6851.9746  30.623511 -92.379472  -0.000433  -0.000209
1 42036U 17008CS  21219.47651414  .00005052  00000-0  16713-3 0  9991 | 2 42036  97.3229 289.6314 0004799 271.1278  88.9414 15.31779322248445 | 2021/08/07-11:26:10  198.0543    0.1242   88.9964   94.0083     6848.6406     6845.3539     6851.9272  32.697360 -91.665858  -0.000449  -0.000170
1 42036U 17008CS  21220.65237447  .00005046  00000-0  16687-3 0  9992 | 2 42036  97.3227 290.7938 0004871 265.5387  94.5299 15.31790788248620 | 2021/08/08-15:39:25  261.3612    0.1242   94.5855   94.0076     6848.6064     6845.2704     6851.9423  34.550123 -90.983498  -0.000467  -0.000137
1 42036U 17008CS  21221.82822590  .00004313  00000-0  14294-3 0  9999 | 2 42036  97.3224 291.9560 0004903 259.9070 100.1618 15.31801209248803 | 2021/08/09-19:52:38  324.6643    0.1241  100.2171   94.0070     6848.5753     6845.2175     6851.9332  36.388306 -90.263729  -0.000480  -0.000101
1 42036U 17008CS  21223.13471909  .00003384  00000-0  11268-3 0  9994 | 2 42036  97.3219 293.2473 0004957 253.6361 106.4336 15.31810159249001 | 2021/08/11-03:13:59   74.9974    0.1242  106.4881   94.0064     6848.5486     6845.1538     6851.9435  38.413008 -89.420317  -0.000492  -0.000059
1 42036U 17008CS  21224.17990755  .00003747  00000-0  12447-3 0  9997 | 2 42036  97.3216 294.2803 0005017 248.7410 111.3296 15.31819243249164 | 2021/08/12-04:19:04   91.2615    0.1241  111.3831   94.0059     6848.5216     6845.0857     6851.9575  40.018736 -88.712990  -0.000501  -0.000026
1 42036U 17008CS  21225.42106252  .00003917  00000-0  12994-3 0  9993 | 2 42036  97.3214 295.5069 0005095 242.8687 117.2036 15.31828760249359 | 2021/08/13-10:06:19  178.0724    0.1242  117.2555   94.0053     6848.4932     6845.0039     6851.9825  41.908521 -87.835817  -0.000509   0.000014
1 42036U 17008CS  21226.46623993  .00003758  00000-0  12475-3 0  9991 | 2 42036  97.3212 296.5397 0005169 238.1892 121.8846 15.31835921249515 | 2021/08/14-11:11:23  194.3321    0.1241  121.9349   94.0048     6848.4719     6844.9319     6852.0118  43.484845 -87.065976  -0.000515   0.000047
1 42036U 17008CS  21227.90334988  .00004031  00000-0  13358-3 0  9990 | 2 42036  97.3213 297.9598 0005289 231.8828 128.1937 15.31847570249734 | 2021/08/15-21:40:49  351.6854    0.1241  128.2413   94.0041     6848.4371     6844.8150     6852.0593  45.629281 -85.961643  -0.000521   0.000093
1 42036U 17008CS  21229.47109256  .00004240  00000-0  14030-3 0  9992 | 2 42036  97.3216 299.5090 0005410 224.9705 135.1099 15.31861605249973 | 2021/08/17-11:18:22  196.0649    0.1241  135.1536   94.0033     6848.3953     6844.6903     6852.1003  47.936753 -84.696880  -0.000521   0.000145
1 42036U 17008CS  21230.51624596  .00004375  00000-0  14464-3 0  9998 | 2 42036  97.3217 300.5418 0005523 220.4243 139.6589 15.31871653250131 | 2021/08/18-12:23:23  212.3146    0.1241  139.6998   94.0027     6848.3654     6844.5830     6852.1477  49.455660 -83.819157  -0.000522   0.000180
1 42036U 17008CS  21232.14928530  .00004736  00000-0  15629-3 0  9999 | 2 42036  97.3218 302.1558 0005661 213.8502 146.2379 15.31887548250380 | 2021/08/20-03:34:58   80.1995    0.1241  146.2739   94.0017     6848.3180     6844.4411     6852.1948  51.796933 -82.393025  -0.000517   0.000230
1 42036U 17008CS  21233.45570443  .00004950  00000-0  16318-3 0  9994 | 2 42036  97.3217 303.4470 0005800 208.5836 151.5089 15.31900550250580 | 2021/08/21-10:56:12  190.5025    0.1242  151.5406   94.0009     6848.2792     6844.3072     6852.2512  53.640352 -81.204839  -0.000512   0.000272
1 42036U 17008CS  21234.50083109  .00004863  00000-0  16030-3 0  9993 | 2 42036  97.3216 304.4799 0005905 204.5688 155.5273 15.31911587250740 | 2021/08/22-12:01:11  206.7417    0.1241  155.5553   94.0002     6848.2463     6844.2024     6852.2902  55.095421 -80.224612  -0.000506   0.000304
1 42036U 17008CS  21235.67659134  .00004676  00000-0  15417-3 0  9999 | 2 42036  97.3212 305.6420 0006024 200.0641 160.0365 15.31922263250929 | 2021/08/23-16:14:17  270.0077    0.1242  160.0601   93.9995     6848.2145     6844.0892     6852.3399  56.710898 -79.090392  -0.000498   0.000339
1 42036U 17008CS  21236.91766318  .00003959  00000-0  13088-3 0  9995 | 2 42036  97.3207 306.8687 0006155 195.5731 164.5323 15.31931300251111 | 2021/08/24-22:01:26  356.7853    0.1242  164.5511   93.9990     6848.1876     6843.9725     6852.4026  58.390793 -77.857781  -0.000488   0.000375
1 42036U 17008CS  21238.15872468  .00005919  00000-0  19432-3 0  9994 | 2 42036  97.3202 308.0952 0006294 191.0793 169.0311 15.31947884251300 | 2021/08/26-03:48:33   83.5592    0.1241  169.0448   93.9980     6848.1382     6843.8279     6852.4484  60.043639 -76.589704  -0.000476   0.000411
1 42036U 17008CS  21239.66104606  .00006746  00000-0  22094-3 0  9990 | 2 42036  97.3198 309.5799 0006453 186.0865 174.0299 15.31966768251538 | 2021/08/27-15:51:54  264.3849    0.1241  174.0376   93.9968     6848.0819     6843.6628     6852.5010  62.007665 -75.007952  -0.000462   0.000451
1 42036U 17008CS  21240.83675667  .00014063  00000-0  45706-3 0  9997 | 2 42036  97.3198 310.7417 0006566 182.0537 178.0679 15.31998715251719 | 2021/08/28-20:04:55  327.6326    0.1241  178.0704   93.9949     6847.9867     6843.4903     6852.4831  63.515768 -73.735275  -0.000446   0.000482
1 42036U 17008CS  21241.88181575  .00016729  00000-0  54259-3 0  9997 | 2 42036  97.3198 311.7744 0006665 178.5967 181.5294 15.32025832251871 | 2021/08/29-21:09:48  343.8467    0.1241  181.5274   93.9932     6847.9059     6843.3417     6852.4700  64.834385 -72.578551  -0.000432   0.000508
1 42036U 17008CS  21243.12281042  .00010132  00000-0  32973-3 0  9997 | 2 42036  97.3198 313.0007 0006800 174.5036 185.6282 15.32036264252067 | 2021/08/31-02:56:50   70.5960    0.1242  185.6206   93.9926     6847.8748     6843.2182     6852.5313  66.372814 -71.174385  -0.000414   0.000539
1 42036U 17008CS  21244.42910812  .00006984  00000-0  22805-3 0  9998 | 2 42036  97.3200 314.2915 0006953 169.9589 190.1793 15.32047681252267 | 2021/09/01-10:17:54  180.8535    0.1241  190.1652   93.9919     6847.8408     6843.0795     6852.6021  67.959442 -69.661300  -0.000391   0.000575
1 42036U 17008CS  21245.47413507  .00006843  00000-0  22341-3 0  9992 | 2 42036  97.3202 315.3243 0007051 166.6379 193.5051 15.32060950252422 | 2021/09/02-11:22:45  197.0556    0.1241  193.4862   93.9910     6847.8012     6842.9728     6852.6296  69.204173 -68.425169  -0.000373   0.000598
1 42036U 17008CS  21246.64977911  .00006456  00000-0  21083-3 0  9998 | 2 42036  97.3202 316.4861 0007152 163.0808 197.0674 15.32075675252600 | 2021/09/03-15:35:40  260.2793    0.1242  197.0434   93.9901     6847.7574     6842.8598     6852.6549  70.577325 -67.007929  -0.000353   0.000622
1 42036U 17008CS  21248.41322402  .00006699  00000-0  21851-3 0  9996 | 2 42036  97.3201 318.2292 0007318 157.3264 202.8303 15.32098479252873 | 2021/09/05-09:55:02  175.1060    0.1242  202.7978   93.9887     6847.6894     6842.6783     6852.7005  72.582848 -64.830024  -0.000316   0.000660
1 42036U 17008CS  21249.45821481  .00006729  00000-0  21935-3 0  9999 | 2 42036  97.3198 319.2621 0007412 154.2878 205.8733 15.32113180253033 | 2021/09/06-10:59:49  191.2953    0.1241  205.8363   93.9878     6847.6456     6842.5701     6852.7211  73.739487 -63.510877  -0.000296   0.000679
1 42036U 17008CS  21250.50319632  .00006818  00000-0  22213-3 0  9996 | 2 42036  97.3196 320.2950 0007472 151.0338 209.1320 15.32127489253193 | 2021/09/07-12:04:36  207.4811    0.1242  209.0904   93.9870     6847.6030     6842.4864     6852.7195  74.872232 -62.171163  -0.000272   0.000696
1 42036U 17008CS  21251.87471882  .00008461  00000-0  27482-3 0  9992 | 2 42036  97.3190 321.6507 0007573 146.9463 213.2254 15.32149413253401 | 2021/09/08-20:59:35  341.2194    0.1242  213.1779   93.9856     6847.5376     6842.3520     6852.7233  76.321724 -60.381969  -0.000242   0.000718
1 42036U 17008CS  21253.44214866  .00007569  00000-0  24594-3 0  9993 | 2 42036  97.3184 323.1999 0007640 142.3504 217.8274 15.32173784253643 | 2021/09/10-10:36:41  185.4838    0.1241  217.7737   93.9841     6847.4650     6842.2336     6852.6965  77.925794 -58.296154  -0.000205   0.000736
1 42036U 17008CS  21254.74831973  .00009523  00000-0  30846-3 0  9990 | 2 42036  97.3181 324.4906 0007744 138.4811 221.7021 15.32198393253843 | 2021/09/11-17:57:34  295.6967    0.1242  221.6431   93.9826     6847.3917     6842.0891     6852.6943  79.218903 -56.525906  -0.000174   0.000755
1 42036U 17008CS  21255.85854914  .00008496  00000-0  27534-3 0  9991 | 2 42036  97.3179 325.5878 0007800 135.3516 224.8356 15.32216945254010 | 2021/09/12-20:36:18  335.3724    0.1242  224.7726   93.9815     6847.3364     6841.9955     6852.6774  80.286604 -54.998499  -0.000148   0.000766
1 42036U 17008CS  21257.16468455  .00008309  00000-0  26914-3 0  9992 | 2 42036  97.3179 326.8784 0007871 131.3725 228.8195 15.32238559254218 | 2021/09/14-03:57:08   85.5731    0.1242  228.7517   93.9801     6847.2720     6841.8826     6852.6615  81.504985 -53.176226  -0.000113   0.000779
1 42036U 17008CS  21258.47080244  .00007230  00000-0  23442-3 0  9998 | 2 42036  97.3182 328.1690 0007939 127.7137 232.4826 15.32257266254414 | 2021/09/15-11:17:57  195.7680    0.1242  232.4105   93.9790     6847.2163     6841.7803     6852.6523  82.682269 -51.327132  -0.000081   0.000790
1 42036U 17008CS  21259.97282019  .00005581  00000-0  18145-3 0  9999 | 2 42036  97.3184 329.6535 0008029 123.5096 236.6914 15.32274212254648 | 2021/09/16-23:20:51   16.4857    0.1242  236.6146   93.9780     6847.1658     6841.6682     6852.6634  83.984398 -49.167997  -0.000044   0.000802
1 42036U 17008CS  21261.14830032  .00007191  00000-0  23290-3 0  9991 | 2 42036  97.3185 330.8153 0008065 119.9981 240.2063 15.32291130254825 | 2021/09/18-03:33:33   79.6519    0.1242  240.1261   93.9769     6847.1154     6841.5932     6852.6376  84.964142 -47.455083  -0.000011   0.000806
1 42036U 17008CS  21262.45437415  .00005253  00000-0  17076-3 0  9996 | 2 42036  97.3183 332.1064 0008109 116.4589 243.7485 15.32305203255020 | 2021/09/19-10:54:17  189.8317    0.1241  243.6652   93.9761     6847.0735     6841.5212     6852.6258  86.011655 -45.528527   0.000020   0.000811
1 42036U 17008CS  21263.49922233  .00005428  00000-0  17627-3 0  9994 | 2 42036  97.3184 333.1393 0008128 113.2597 246.9501 15.32320050255180 | 2021/09/20-11:58:52  205.9716    0.1241  246.8644   93.9751     6847.0293     6841.4640     6852.5945  86.818489 -43.970682   0.000051   0.000811
1 42036U 17008CS  21265.13178249  .00006930  00000-0  22421-3 0  9994 | 2 42036  97.3176 334.7529 0008142 108.6472 251.5654 15.32341018255431 | 2021/09/22-03:09:46   73.6860    0.1241  251.4769   93.9739     6846.9668     6841.3920     6852.5416  88.021505 -41.508191   0.000094   0.000809
1 42036U 17008CS  21266.43781037  .00009487  00000-0  30570-3 0  9997 | 2 42036  97.3171 336.0439 0008139 104.9271 255.2873 15.32365933255631 | 2021/09/23-10:30:26  183.8505    0.1242  255.1971   93.9723     6846.8926     6841.3199     6852.4653  88.933897 -39.514301   0.000128   0.000804
1 42036U 17008CS  21267.67851749  .00009802  00000-0  31551-3 0  9993 | 2 42036  97.3166 337.2702 0008145 101.4418 258.7739 15.32389505255824 | 2021/09/24-16:17:03  270.5004    0.1242  258.6824   93.9709     6846.8224     6841.2457     6852.3991  89.758725 -37.601753   0.000159   0.000799
1 42036U 17008CS  21268.98450287  .00010412  00000-0  33471-3 0  9992 | 2 42036  97.3162 338.5608 0008110  97.7720 262.4443 15.32416078256027 | 2021/09/25-23:37:41   20.6512    0.1242  262.3522   93.9693     6846.7432     6841.1905     6852.2959  90.582499 -35.570404   0.000192   0.000788
1 42036U 17008CS  21270.61695428  .00009790  00000-0  31458-3 0  9993 | 2 42036  97.3152 340.1719 0007989  90.6600 269.5625 15.32447571256279 | 2021/09/27-14:48:24  248.3254    0.1310  269.4710   93.9673     6846.6494     6841.1796     6852.1192  91.545822 -33.009250   0.000262   0.000755
1 42036U 17008CS  21272.44526042  .00010234  00000-0  32835-3 0  9996 | 2 42036  97.3162 341.9810 0007996  87.8900 272.3258 15.32483515256553 | 2021/09/29-10:41:10  186.5153    0.1242  272.2342   93.9651     6846.5424     6841.0679     6852.0169  92.543229 -30.103050   0.000275   0.000751
1 42036U 17008CS  21274.14293198  .00012951  00000-0  41425-3 0  9991 | 2 42036  97.3163 343.6587 0007925  83.0182 277.1961 15.32521959256814 | 2021/10/01-03:25:49   77.6741    0.1242  277.1060   93.9628     6846.4279     6841.0021     6851.8537  93.384987 -27.380767   0.000314   0.000728
1 42036U 17008CS  21275.18762972  .00009874  00000-0  31628-3 0  9991 | 2 42036  97.3164 344.6913 0007912  80.0767 280.1368 15.32545453256978 | 2021/10/02-04:30:11   93.7632    0.1242  280.0475   93.9613     6846.3579     6840.9411     6851.7747  93.863355 -25.693428   0.000337   0.000716
1 42036U 17008CS  21276.42818537  .00010279  00000-0  32884-3 0  9994 | 2 42036  97.3165 345.9177 0007861  76.4780 283.7337 15.32576226257161 | 2021/10/03-10:16:35  180.3614    0.1242  283.6462   93.9594     6846.2663     6840.8844     6851.6481  94.391869 -23.678602   0.000364   0.000697
1 42036U 17008CS  21277.92988259  .00009711  00000-0  31052-3 0  9994 | 2 42036  97.3164 347.4022 0007801  72.2594 287.9499 15.32607004257396 | 2021/10/04-22:19:01    0.9705    0.1242  287.8648   93.9576     6846.1746     6840.8339     6851.5153  94.973521 -21.225268   0.000394   0.000673
1 42036U 17008CS  21278.97452454  .00008467  00000-0  27095-3 0  9992 | 2 42036  97.3162 348.4350 0007742  69.1685 291.0386 15.32625449257551 | 2021/10/05-23:23:18   17.0406    0.1243  290.9558   93.9564     6846.1197     6840.8194     6851.4199  95.340477 -19.509903   0.000415   0.000654
1 42036U 17008CS  21280.47617362  .00010515  00000-0  33548-3 0  9998 | 2 42036  97.3155 349.9196 0007662  64.7038 295.4997 15.32656924257784 | 2021/10/07-11:25:41  197.6334    0.1242  295.4204   93.9545     6846.0259     6840.7805     6851.2714  95.813252 -17.033125   0.000444   0.000625
1 42036U 17008CS  21281.91250381  .00009137  00000-0  29164-3 0  9999 | 2 42036  97.3148 351.3396 0007557  60.2292 299.9701 15.32685605258007 | 2021/10/08-21:54:00  354.7122    0.1242  299.8950   93.9527     6845.9405     6840.7671     6851.1140  96.205236 -14.653428   0.000470   0.000592
1 42036U 17008CS  21283.15295130  .00010011  00000-0  31903-3 0  9995 | 2 42036  97.3143 352.5657 0007471  56.6032 303.5924 15.32709279258194 | 2021/10/10-03:40:14   81.2735    0.1242  303.5210   93.9513     6845.8700     6840.7555     6850.9846  96.496264 -12.591423   0.000488   0.000565
1 42036U 17008CS  21284.45866241  .00016336  00000-0  51808-3 0  9998 | 2 42036  97.3140 353.8562 0007350  52.2379 307.9528 15.32746483258390 | 2021/10/11-11:00:28  191.3309    0.1242  307.8863   93.9490     6845.7593     6840.7276     6850.7909  96.755069 -10.414950   0.000510   0.000530
1 42036U 17008CS  21285.96019957  .00017839  00000-0  56479-3 0  9997 | 2 42036  97.3140 355.3403 0007232  47.7018 312.4837 15.32782860258628 | 2021/10/12-23:02:41   11.8853    0.1243  312.4225   93.9468     6845.6509     6840.7002     6850.6017  96.992355  -7.905545   0.000529   0.000494
1 42036U 17008CS  21287.13528227  .00010475  00000-0  33266-3 0  9991 | 2 42036  97.3144 356.5018 0007131  43.9387 316.2421 15.32811022258806 | 2021/10/14-03:14:48   74.9165    0.1242  316.1855   93.9450     6845.5671     6840.6855     6850.4487  97.133076  -5.937850   0.000543   0.000463
1 42036U 17008CS  21288.17978487  .00009550  00000-0  30333-3 0  9997 | 2 42036  97.3146 357.5344 0007032  40.5862 319.5903 15.32831173258969 | 2021/10/15-04:18:53   90.9387    0.1242  319.5380   93.9438     6845.5071     6840.6933     6850.3209  97.224509  -4.186431   0.000553   0.000434
1 42036U 17008CS  21290.72570914  .00008503  00000-0  27005-3 0  9993 | 2 42036  97.3146   0.0515 0006775  32.3423 327.8233 15.32873024259357 | 2021/10/17-17:25:01  287.4746    0.1242  327.7819   93.9412     6845.3825     6840.7448     6850.0202  97.314561   0.087471   0.000572   0.000363
1 42036U 17008CS  21291.77016723  .00011174  00000-0  35374-3 0  9998 | 2 42036  97.3146   1.0843 0006676  28.9464 331.2147 15.32897999259516 | 2021/10/18-18:29:02  303.4807    0.1242  331.1778   93.9397     6845.3081     6840.7382     6849.8781  97.297174   1.841530   0.000578   0.000334
1 42036U 17008CS  21293.46737603  .00009154  00000-0  28999-3 0  9993 | 2 42036  97.3142   2.7626 0006504  23.1667 336.9868 15.32934373259779 | 2021/10/20-11:13:01  194.4780    0.1243  336.9576   93.9375     6845.1999     6840.7477     6849.6520  97.201103   4.690329   0.000585   0.000284
1 42036U 17008CS  21295.16455233  .00008670  00000-0  27456-3 0  9997 | 2 42036  97.3135   4.4406 0006315  17.6196 342.5265 15.32962470260035 | 2021/10/22-03:56:57   85.4637    0.1244  342.5048   93.9358     6845.1162     6840.7935     6849.4389  97.021378   7.534549   0.000585   0.000237
1 42036U 17008CS  21296.73115117  .00007589  00000-0  24051-3 0  9991 | 2 42036  97.3129   5.9896 0006153  11.8623 348.2764 15.32984749260274 | 2021/10/23-17:32:51  289.4418    0.1244  348.2621   93.9344     6845.0499     6840.8381     6849.2617  96.781655  10.154401   0.000586   0.000189
1 42036U 17008CS  21298.16717785  .00008254  00000-0  26115-3 0  9992 | 2 42036  97.3125   7.4093 0006007   6.8100 353.3223 15.33008489260498 | 2021/10/25-04:00:44   86.4135    0.1243  353.3143   93.9329     6844.9792     6840.8675     6849.0910  96.499964  12.549085   0.000582   0.000148
1 42036U 17008CS  21299.92953870  .00011563  00000-0  36429-3 0  9990 | 2 42036  97.3122   9.1515 0005836   0.4515 359.6732 15.33047776260768 | 2021/10/26-22:18:32    0.8659    0.1243  359.6728   93.9305     6844.8623     6840.8676     6848.8570  96.073537  15.477071   0.000575   0.000097
1 42036U 17008CS  21301.16969007  .00012692  00000-0  39921-3 0  9993 | 2 42036  97.3122  10.3775 0005741 355.8224   4.2969 15.33078669260950 | 2021/10/28-04:04:21   87.3221    0.1242    4.3018   93.9286     6844.7703     6840.8408     6848.6999  95.720395  17.529127   0.000571   0.000062
1 42036U 17008CS  21302.40981841  .00012788  00000-0  40184-3 0  9990 | 2 42036  97.3123  11.6036 0005637 351.1123   9.0019 15.33106789261142 | 2021/10/29-09:50:08  173.7696    0.1243    9.0120   93.9269     6844.6866     6840.8283     6848.5450  95.323491  19.573344   0.000563   0.000027
1 42036U 17008CS  21303.45411636  .00015533  00000-0  48696-3 0  9993 | 2 42036  97.3124  12.6362 0005560 347.1211  12.9888 15.33137726261304 | 2021/10/30-10:53:55  189.7179    0.1242   13.0031   93.9250     6844.5946     6840.7890     6848.4002  94.955371  21.288040   0.000556  -0.000002
1 42036U 17008CS  21304.49839272  .00017918  00000-0  56059-3 0  9999 | 2 42036  97.3127  13.6688 0005460 342.8474  17.2583 15.33172043261469 | 2021/10/31-11:57:41  205.6583    0.1243   17.2769   93.9229     6844.4924     6840.7553     6848.2295  94.556604  22.995873   0.000545  -0.000033
1 42036U 17008CS  21305.99949494  .00015716  00000-0  49134-3 0  9993 | 2 42036  97.3130  15.1536 0005337 336.8733  23.2268 15.33223938261698 | 2021/11/01-23:59:16   26.0554    0.1242   23.2509   93.9197     6844.3380     6840.6852     6847.9908  93.929282  25.438357   0.000529  -0.000074
1 42036U 17008CS  21307.43528425  .00018489  00000-0  57650-3 0  9993 | 2 42036  97.3127  16.5737 0005219 330.9968  29.0984 15.33275263261918 | 2021/11/03-10:26:48  182.9396    0.1243   29.1275   93.9166     6844.1852     6840.6133     6847.7572  93.269709  27.758297   0.000510  -0.000112
1 42036U 17008CS  21309.13203940  .00027369  00000-0  84931-3 0  9993 | 2 42036  97.3138  18.2549 0003022 335.1954  24.8092 15.33355733262175 | 2021/11/05-03:10:08   73.8532    0.0191   24.8237   93.9117     6843.9458     6841.8775     6846.0140  92.416224  30.483064   0.000300  -0.000034
1 42036U 17008CS  21310.17618703  .00014364  00000-0  44704-3 0  9991 | 2 42036  97.3117  19.2848 0005077 319.0195  41.0666 15.33389653262339 | 2021/11/06-04:13:42   89.6641    0.1243   41.1048   93.9096     6843.8449     6840.3702     6847.3195  91.851404  32.138551   0.000472  -0.000188
1 42036U 17008CS  21311.41606185  .00011727  00000-0  36518-3 0  9994 | 2 42036  97.3111  20.5111 0005013 313.4829  46.5997 15.33420176262527 | 2021/11/07-09:59:07  176.0184    0.1244   46.6415   93.9077     6843.7540     6840.3233     6847.1848  91.141997  34.096723   0.000451  -0.000220
1 42036U 17008CS  21312.46014767  .00008002  00000-0  24988-3 0  9999 | 2 42036  97.3106  21.5436 0004934 308.9492  51.1311 15.33441618262681 | 2021/11/08-11:02:36  191.8882    0.1243   51.1751   93.9064     6843.6902     6840.3136     6847.0669  90.512326  35.733341   0.000429  -0.000243
1 42036U 17008CS  21314.74403911  .00010270  00000-0  31949-3 0  9990 | 2 42036  97.3105  23.8022 0004865 298.2630  61.8122 15.33487781263033 | 2021/11/10-17:51:24  294.0867    0.1244   61.8614   93.9036     6843.5529     6840.2235     6846.8823  89.033675  39.272613   0.000384  -0.000299
1 42036U 17008CS  21315.91858670  .00008459  00000-0  26348-3 0  9999 | 2 42036  97.3106  24.9639 0004867 292.7758  67.2971 15.33507759263212 | 2021/11/11-22:02:45  356.9221    0.1244   67.3486   93.9024     6843.4935     6840.1627     6846.8242  88.219249  41.069661   0.000360  -0.000327
1 42036U 17008CS  21317.41937730  .00007350  00000-0  22911-3 0  9992 | 2 42036  97.3110  26.4484 0004809 285.7650  74.3062 15.33529994263441 | 2021/11/13-10:03:54  177.2032    0.1243   74.3593   93.9010     6843.4273     6840.1363     6846.7183  87.126026  43.341508   0.000323  -0.000356
1 42036U 17008CS  21318.46339233  .00007448  00000-0  23202-3 0  9994 | 2 42036  97.3111  27.4812 0004816 280.7150  79.3550 15.33545985263609 | 2021/11/14-11:07:17  193.0460    0.1242   79.4092   93.9000     6843.3797     6840.0840     6846.6755  86.330739  44.904941   0.000298  -0.000378
1 42036U 17008CS  21319.63789738  .00007365  00000-0  22934-3 0  9992 | 2 42036  97.3113  28.6432 0004819 275.0880  84.9813 15.33562996263786 | 2021/11/15-15:18:34  255.8642    0.1243   85.0363   93.8990     6843.3291     6840.0313     6846.6269  85.402518  46.646532   0.000268  -0.000401
1 42036U 17008CS  21320.74713820  .00010132  00000-0  31427-3 0  9998 | 2 42036  97.3112  29.7407 0004816 269.9141  90.1550 15.33585340263952 | 2021/11/16-17:55:52  295.1869    0.1243   90.2102   93.8976     6843.2627     6839.9669     6846.5584  84.493305  48.273709   0.000238  -0.000419
1 42036U 17008CS  21321.92161150  .00008711  00000-0  27040-3 0  9998 | 2 42036  97.3109  30.9027 0004868 264.4464  95.6224 15.33605676264139 | 2021/11/17-22:07:07  357.9932    0.1243   95.6779   93.8964     6843.2022     6839.8709     6846.5334  83.496713  49.977096   0.000208  -0.000440
1 42036U 17008CS  21323.16131654  .00007078  00000-0  22008-3 0  9996 | 2 42036  97.3106  32.1293 0004893 258.3958 101.6735 15.33624858264322 | 2021/11/19-03:52:17   84.2818    0.1242  101.7284   93.8952     6843.1451     6839.7967     6846.4934  82.407488  51.752863   0.000172  -0.000458
1 42036U 17008CS  21324.46625488  .00007518  00000-0  23345-3 0  9997 | 2 42036  97.3101  33.4203 0004951 252.2213 107.8490 15.33643425264523 | 2021/11/20-11:11:24  194.0538    0.1243  107.9030   93.8941     6843.0899     6839.7019     6846.4779  81.220145  53.596116   0.000133  -0.000477
1 42036U 17008CS  21325.64068509  .00008377  00000-0  25968-3 0  9990 | 2 42036  97.3097  34.5820 0005006 246.8034 113.2682 15.33662585264708 | 2021/11/21-15:22:35  256.8433    0.1243  113.3209   93.8929     6843.0329     6839.6072     6846.4585  80.116509  55.231538   0.000099  -0.000491
1 42036U 17008CS  21327.14132351  .00007676  00000-0  23798-3 0  9994 | 2 42036  97.3090  36.0664 0005067 239.8109 120.2632 15.33686981264930 | 2021/11/23-03:23:30   77.0653    0.1242  120.3133   93.8914     6842.9603     6839.4930     6846.4276  78.658297  57.287991   0.000052  -0.000504
1 42036U 17008CS  21328.44620591  .00007797  00000-0  24150-3 0  9993 | 2 42036  97.3089  37.3571 0005158 234.1544 125.9220 15.33709635265131 | 2021/11/24-10:42:32  186.8161    0.1242  125.9698   93.8900     6842.8929     6839.3634     6846.4225  77.347844  59.045177   0.000014  -0.000516
1 42036U 17008CS  21330.46873773  .00008437  00000-0  26083-3 0  9999 | 2 42036  97.3089  39.3577 0005324 225.7849 134.2957 15.33743972265444 | 2021/11/26-11:14:58  194.9163    0.1242  134.3393   93.8879     6842.7908     6839.1477     6846.4339  75.239433  61.709398  -0.000045  -0.000530
1 42036U 17008CS  21332.16501972  .00008585  00000-0  26511-3 0  9997 | 2 42036  97.3091  41.0358 0005438 218.7502 141.3352 15.33773420265706 | 2021/11/28-03:57:37   85.5669    0.1243  141.3741   93.8861     6842.7032     6838.9821     6846.4243  73.400206  63.886389  -0.000096  -0.000535
1 42036U 17008CS  21333.46982493  .00013463  00000-0  41370-3 0  9993 | 2 42036  97.3093  42.3268 0005537 213.4073 146.6821 15.33808805265904 | 2021/11/29-11:16:32  195.2878    0.1242  146.7169   93.8839     6842.5980     6838.8092     6846.3867  71.942343  65.524035  -0.000136  -0.000537
1 42036U 17008CS  21335.16603161  .00012040  00000-0  36980-3 0  9995 | 2 42036  97.3122  44.0083 0005857 206.2015 153.8996 15.33847523266164 | 2021/12/01-03:59:05   85.9009    0.1306  153.9291   93.8816     6842.4828     6838.4752     6846.4905  69.990745  67.608874  -0.000198  -0.000551
1 42036U 17008CS  21336.47077467  .00013884  00000-0  42551-3 0  9992 | 2 42036  97.3097  45.2965 0005788 201.7630 158.3368 15.33882487266366 | 2021/12/02-11:17:54  195.6075    0.1243  158.3613   93.8794     6842.3788     6838.4185     6846.3392  68.451353  69.163502  -0.000226  -0.000533
1 42036U 17008CS  21338.16689737  .00011971  00000-0  36681-3 0  9991 | 2 42036  97.3092  46.9750 0005931 195.1354 164.9713 15.33923563266627 | 2021/12/04-04:00:19   86.1980    0.1243  164.9889   93.8769     6842.2567     6838.1985     6846.3148  66.395761  71.138480  -0.000277  -0.000524
1 42036U 17008CS  21339.66728024  .00009412  00000-0  28874-3 0  9992 | 2 42036  97.3085  48.4596 0006070 189.4939 170.6190 15.33952344266851 | 2021/12/05-16:00:53  266.3239    0.1242  170.6303   93.8751     6842.1711     6838.0179     6846.3243  64.529935  72.834275  -0.000322  -0.000515
1 42036U 17008CS  21341.16763656  .00008545  00000-0  26215-3 0  9993 | 2 42036  97.3077  49.9438 0006198 184.1219 175.9974 15.33977826267083 | 2021/12/07-04:01:23   86.4404    0.1243  176.0024   93.8736     6842.0953     6837.8546     6846.3360  62.621270  74.480635  -0.000364  -0.000502
1 42036U 17008CS  21342.73320166  .00006883  00000-0  21151-3 0  9999 | 2 42036  97.3073  51.4926 0006359 178.4158 181.7107 15.33999411267320 | 2021/12/08-17:35:48  290.0310    0.1243  181.7085   93.8723     6842.0311     6837.6803     6846.3820  60.585054  76.145663  -0.000410  -0.000486
1 42036U 17008CS  21344.42920853  .00005287  00000-0  16296-3 0  9997 | 2 42036  97.3075  53.1707 0006521 172.4170 187.7173 15.34017462267582 | 2021/12/10-10:18:03  180.5792    0.1243  187.7073   93.8712     6841.9775     6837.5158     6846.4391  58.329327  77.887350  -0.000456  -0.000466
1 42036U 17008CS  21345.47289509  .00006140  00000-0  18876-3 0  9994 | 2 42036  97.3076  54.2037 0006612 168.9455 191.1934 15.34030107267741 | 2021/12/11-11:20:58  196.2975    0.1242  191.1787   93.8704     6841.9399     6837.4160     6846.4638  56.915731  78.926349  -0.000482  -0.000452
1 42036U 17008CS  21346.64703267  .00005990  00000-0  18414-3 0  9996 | 2 42036  97.3076  55.3654 0006715 165.2474 194.8966 15.34043260267922 | 2021/12/12-15:31:43  258.9775    0.1242  194.8768   93.8696     6841.9008     6837.3064     6846.4951  55.303871  80.064042  -0.000510  -0.000437
1 42036U 17008CS  21348.14730234  .00006068  00000-0  18637-3 0  9991 | 2 42036  97.3078  56.8502 0006870 160.1285 200.0227 15.34062586268156 | 2021/12/14-03:32:06   79.0613    0.1243  199.9958   93.8684     6841.8433     6837.1429     6846.5436  53.210812  81.470347  -0.000549  -0.000413
1 42036U 17008CS  21349.45186779  .00007160  00000-0  21932-3 0  9991 | 2 42036  97.3079  58.1414 0006974 156.0243 204.1326 15.34082679268359 | 2021/12/15-10:50:41  188.6938    0.1243  204.1000   93.8672     6841.7835     6837.0121     6846.5550  51.361519  82.648786  -0.000577  -0.000392
1 42036U 17008CS  21350.49550416  .00011481  00000-0  34980-3 0  9998 | 2 42036  97.3079  59.1743 0007017 152.4867 207.6749 15.34109257268513 | 2021/12/16-11:53:31  204.3939    0.1243  207.6376   93.8655     6841.7045     6836.9037     6846.5054  49.863302  83.561226  -0.000597  -0.000368
1 42036U 17008CS  21351.73480108  .00011068  00000-0  33700-3 0  9996 | 2 42036  97.3076  60.4008 0007108 148.5478 211.6191 15.34137573268703 | 2021/12/17-17:38:06  290.5305    0.1242  211.5764   93.8638     6841.6203     6836.7573     6846.4834  48.063116  84.609136  -0.000622  -0.000344
1 42036U 17008CS  21352.84362396  .00013315  00000-0  40443-3 0  9996 | 2 42036  97.3072  61.4983 0007184 144.9055 215.2663 15.34167993268878 | 2021/12/18-20:14:49  329.6973    0.1243  215.2188   93.8620     6841.5299     6836.6149     6846.4449  46.433520  85.513855  -0.000643  -0.000319
1 42036U 17008CS  21354.14809140  .00023007  00000-0  69515-3 0  9994 | 2 42036  97.3068  62.7892 0007261 140.7306 219.4465 15.34217997269074 | 2021/12/20-03:33:15   79.2951    0.1243  219.3937   93.8589     6841.3812     6836.4137     6846.3488  44.495049  86.537876  -0.000666  -0.000290
1 42036U 17008CS  21355.45250950  .00022459  00000-0  67743-3 0  9999 | 2 42036  97.3062  64.0801 0007344 136.5254 223.6569 15.34276258269279 | 2021/12/21-10:51:36  188.8752    0.1242  223.5988   93.8553     6841.2081     6836.1839     6846.2322  42.533921  87.517782  -0.000687  -0.000258
1 42036U 17008CS  21357.14818166  .00020981  00000-0  63170-3 0  9994 | 2 42036  97.3056  65.7583 0007408 131.1287 229.0597 15.34347488269539 | 2021/12/23-03:33:22   79.3042    0.1243  228.9956   93.8510     6840.9963     6835.9285     6846.0641  39.952392  88.725341  -0.000709  -0.000215
1 42036U 17008CS  21358.45248756  .00020199  00000-0  60719-3 0  9998 | 2 42036  97.3055  67.0490 0007497 127.1672 233.0256 15.34405361269735 | 2021/12/24-10:51:34  188.8448    0.1242  232.9570   93.8474     6840.8243     6835.6957     6845.9529  37.943672  89.602668  -0.000727  -0.000184
1 42036U 17008CS  21359.75675099  .00020737  00000-0  62229-3 0  9992 | 2 42036  97.3053  68.3401 0007538 123.2062 236.9904 15.34454253269933 | 2021/12/25-18:09:43  298.3703    0.1242  236.9180   93.8444     6840.6790     6835.5225     6845.8355  35.915035  90.434682  -0.000739  -0.000151
1 42036U 17008CS  21361.45222949  .00018047  00000-0  54098-3 0  9990 | 2 42036  97.3053  70.0184 0007568 117.6412 242.5600 15.34516883270194 | 2021/12/27-10:51:12  188.7308    0.1243  242.4831   93.8406     6840.4929     6835.3160     6845.6697  33.251007  91.447755  -0.000750  -0.000101
1 42036U 17008CS  21362.69118815  .00021136  00000-0  63189-3 0  9997 | 2 42036  97.3054  71.2450 0007593 113.9344 246.2695 15.34568253270389 | 2021/12/28-16:35:18  274.7478    0.1243  246.1899   93.8375     6840.3402     6835.1463     6845.5341  31.285836  92.138685  -0.000756  -0.000069
1 42036U 17008CS  21363.73449039  .00018855  00000-0  56341-3 0  9994 | 2 42036  97.3057  72.2784 0007641 110.7962 249.4100 15.34607725270540 | 2021/12/29-17:37:39  290.3293    0.1243  249.3281   93.8351     6840.2229     6834.9963     6845.4495  29.619095  92.688233  -0.000763  -0.000041
1 42036U 17008CS  21364.84297104  .00014676  00000-0  43878-3 0  9999 | 2 42036  97.3059  73.3762 0007667 107.4512 252.7570 15.34642709270710 | 2021/12/30-20:13:52  329.3751    0.1243  252.6731   93.8329     6840.1190     6834.8746     6845.3633  27.837896  93.238885  -0.000767  -0.000011
1 42036U 17008CS  22001.14703696  .00012566  00000-0  37572-3 0  9999 | 2 42036  97.3057  74.6675 0007700 103.5041 256.7061 15.34677285270915 | 2022/01/01-03:31:43   78.8308    0.1243  256.6202   93.8308     6840.0162     6834.7494     6845.2830  25.729586  93.842355  -0.000770   0.000025
1 42036U 17008CS  22002.77707763  .00011216  00000-0  33522-3 0  9990 | 2 42036  97.3051  76.2816 0007725  98.7782 261.4337 15.34719629271164 | 2022/01/02-18:38:59  305.6363    0.1244  261.3462   93.8282     6839.8904     6834.6066     6845.1742  23.075918  94.529279  -0.000770   0.000067
1 42036U 17008CS  22003.95067856  .00011233  00000-0  33541-3 0  9993 | 2 42036  97.3048  77.4438 0007707  95.0329 265.1794 15.34749734271348 | 2022/01/03-22:48:58    8.1268    0.1243  265.0914   93.8264     6839.8010     6834.5295     6845.0724  21.153785  94.977584  -0.000764   0.000101
1 42036U 17008CS  22005.18945666  .00008336  00000-0  24938-3 0  9994 | 2 42036  97.3042  78.6702 0007709  91.3691 268.8436 15.34776025271539 | 2022/01/05-04:32:49   94.0811    0.1244  268.7553   93.8248     6839.7228     6834.4501     6844.9956  19.116008  95.407995  -0.000759   0.000133
1 42036U 17008CS  22006.42821690  .00007135  00000-0  21369-3 0  9993 | 2 42036  97.3037  79.8967 0007717  88.2587 271.9540 15.34795695271723 | 2022/01/06-10:16:37  180.0293    0.1243  271.8656   93.8236     6839.6644     6834.3862     6844.9426  17.069349  95.794819  -0.000755   0.000158
1 42036U 17008CS  22007.47137263  .00007196  00000-0  21537-3 0  9999 | 2 42036  97.3035  80.9296 0007701  85.3248 274.8874 15.34810600271887 | 2022/01/07-11:18:46  195.5612    0.1243  274.7995   93.8227     6839.6201     6834.3529     6844.8873  15.339695  96.086757  -0.000748   0.000183
1 42036U 17008CS  22008.77530335  .00008185  00000-0  24450-3 0  9996 | 2 42036  97.3034  82.2208 0007678  81.5735 278.6378 15.34830334272086 | 2022/01/08-18:36:26  304.9711    0.1243  278.5508   93.8214     6839.5615     6834.3101     6844.8129  13.170589  96.407921  -0.000737   0.000214
1 42036U 17008CS  22010.14440596  .00011396  00000-0  33902-3 0  9999 | 2 42036  97.3035  83.5766 0007632  77.5940 282.6157 15.34862414272290 | 2022/01/10-03:27:56   77.8433    0.1243  282.5303   93.8195     6839.4662     6834.2463     6844.6861  10.885808  96.692659  -0.000722   0.000246
1 42036U 17008CS  22011.44828587  .00010996  00000-0  32689-3 0  9999 | 2 42036  97.3036  84.8680 0007592  73.7135 286.4943 15.34893145272491 | 2022/01/11-10:45:31  187.2358    0.1244  286.4109   93.8176     6839.3749     6834.1824     6844.5674   8.703863  96.913535  -0.000707   0.000277
1 42036U 17008CS  22013.46925124  .00011443  00000-0  33961-3 0  9990 | 2 42036  97.3038  86.8698 0007505  67.6952 292.5086 15.34938516272800 | 2022/01/13-11:15:43  194.7774    0.1243  292.4291   93.8148     6839.2401     6834.1073     6844.3730   5.313286  97.158625  -0.000678   0.000322
1 42036U 17008CS  22014.51230510  .00013170  00000-0  39008-3 0  9992 | 2 42036  97.3038  87.9028 0007463  64.5324 295.6691 15.34966102272966 | 2022/01/14-12:17:43  210.2742    0.1244  295.5920   93.8131     6839.1582     6834.0541     6844.2622   3.560820  97.238624  -0.000662   0.000345
1 42036U 17008CS  22015.55533491  .00019983  00000-0  58938-3 0  9992 | 2 42036  97.3035  88.9359 0007399  61.3193 298.8794 15.35009166273125 | 2022/01/15-13:19:40  225.7627    0.1244  298.8051   93.8105     6839.0303     6833.9701     6844.0905   1.807021  97.286719  -0.000642   0.000367
1 42036U 17008CS  22016.92425456  .00020965  00000-0  61675-3 0  9999 | 2 42036  97.3031  90.2919 0007315  57.2295 302.9652 15.35081312273330 | 2022/01/16-22:10:55  358.5711    0.1243  302.8948   93.8061     6838.8160     6833.8134     6843.8186  -0.495720  97.301837  -0.000617   0.000393
1 42036U 17008CS  22018.42349143  .00020358  00000-0  59793-3 0  9998 | 2 42036  97.3027  91.7769 0007212  52.4424 307.7474 15.35138299273568 | 2022/01/18-10:09:49  178.2939    0.1244  307.6820   93.8026     6838.6467     6833.7147     6843.5788  -3.017141  97.255911  -0.000585   0.000422
1 42036U 17008CS  22019.46640628  .00025023  00000-0  73292-3 0  9999 | 2 42036  97.3023  92.8099 0007135  49.3337 310.8525 15.35184057273727 | 2022/01/19-11:11:37  193.7418    0.1243  310.7906   93.7998     6838.5108     6833.6316     6843.3901  -4.769987  97.185312  -0.000563   0.000438
1 42036U 17008CS  22020.77001322  .00013499  00000-0  39661-3 0  9993 | 2 42036  97.3018  94.1009 0007035  45.4251 314.7565 15.35218127273923 | 2022/01/20-18:28:49  303.0388    0.1243  314.6992   93.7977     6838.4097     6833.5989     6843.2205  -6.958355  97.052674  -0.000535   0.000457
1 42036U 17008CS  22022.13876619  .00014132  00000-0  41455-3 0  9993 | 2 42036  97.3013  95.4567 0006901  40.6285 319.5472 15.35257427274136 | 2022/01/22-03:19:49   75.7891    0.1244  319.4959   93.7953     6838.2930     6833.5739     6843.0121  -9.252719  96.860364  -0.000497   0.000479
1 42036U 17008CS  22023.44230696  .00015410  00000-0  45119-3 0  9998 | 2 42036  97.3010  96.7481 0006802  36.4003 323.7702 15.35297851274333 | 2022/01/23-10:36:55  185.0624    0.1244  323.7241   93.7929     6838.1729     6833.5216     6842.8243 -11.433302  96.626933  -0.000465   0.000496
1 42036U 17008CS  22024.74581640  .00011703  00000-0  34303-3 0  9994 | 2 42036  97.3009  98.0395 0006682  32.1774 327.9877 15.35330638274536 | 2022/01/24-17:53:58  294.3246    0.1245  327.9471   93.7909     6838.0756     6833.5064     6842.6448 -13.608092  96.344616  -0.000431   0.000510
1 42036U 17008CS  22026.44032935  .00016309  00000-0  47599-3 0  9999 | 2 42036  97.3010  99.7185 0006529  26.6372 333.5206 15.35387563274791 | 2022/01/26-10:34:04  184.3478    0.1244  333.4872   93.7874     6837.9066     6833.4421     6842.3710 -16.425152  95.904635  -0.000387   0.000526
1 42036U 17008CS  22027.74375741  .00013238  00000-0  38646-3 0  9999 | 2 42036  97.3014 101.0102 0006399  21.9492 338.2025 15.35428623274993 | 2022/01/27-17:51:00  293.5810    0.1245  338.1753   93.7849     6837.7847     6833.4092     6842.1602 -18.582986  95.510393  -0.000348   0.000537
1 42036U 17008CS  22029.17748766  .00013609  00000-0  39662-3 0  9990 | 2 42036  97.3013 102.4310 0006252  17.1923 342.9531 15.35474960275217 | 2022/01/29-04:15:34   89.7225    0.1244  342.9321   93.7821     6837.6471     6833.3722     6841.9220 -20.945440  95.020164  -0.000309   0.000543
1 42036U 17008CS  22030.74149983  .00020186  00000-0  58549-3 0  9994 | 2 42036  97.3010 103.9808 0006111  11.7789 348.3596 15.35542450275453 | 2022/01/30-17:47:45  292.7656    0.1244  348.3455   93.7779     6837.4467     6833.2684     6841.6251 -23.507604  94.418627  -0.000266   0.000550
1 42036U 17008CS  22032.50093257  .00030900  00000-0  89144-3 0  9992 | 2 42036  97.3001 105.7240 0005897   5.3354 354.7951 15.35626709275726 | 2022/02/01-12:01:20  206.1604    0.1244  354.7890   93.7728     6837.1966     6833.1647     6841.2285 -26.368685  93.658966  -0.000212   0.000550
1 42036U 17008CS  22033.67384384  .00019748  00000-0  57069-3 0  9993 | 2 42036  97.2997 106.8865 0005844   0.9331 359.1922 15.35662669275904 | 2022/02/02-16:10:20  268.4072    0.1244  359.1913   93.7706     6837.0899     6833.0943     6841.0855 -28.263300  93.104337  -0.000179   0.000556
1 42036U 17008CS  22035.17250269  .00029187  00000-0  83921-3 0  9998 | 2 42036  97.2989 108.3718 0005766 355.3586   4.7604 15.35743535276139 | 2022/02/04-04:08:24   87.9225    0.1245    4.7659   93.7657     6836.8499     6832.9078     6840.7920 -30.666860  92.339697  -0.000137   0.000560
1 42036U 17008CS  22036.73622679  .00026379  00000-0  75668-3 0  9998 | 2 42036  97.2986 109.9214 0005591 349.3124  10.8000 15.35839998276374 | 2022/02/05-17:40:09  290.8615    0.1244   10.8120   93.7598     6836.5636     6832.7413     6840.3859 -33.152622  91.476342  -0.000090   0.000552
1 42036U 17008CS  22038.16956711  .00023102  00000-0  66189-3 0  9993 | 2 42036  97.2983 111.3424 0005505 343.8122  16.2945 15.35904198276590 | 2022/02/07-04:04:10   86.8615    0.1244   16.3122   93.7558     6836.3731     6832.6097     6840.1365 -35.410802  90.625793  -0.000049   0.000548
1 42036U 17008CS  22039.47255504  .00021832  00000-0  62467-3 0  9993 | 2 42036  97.2984 112.6339 0005367 338.6651  21.4369 15.35957691276791 | 2022/02/08-11:20:28  195.9346    0.1245   21.4594   93.7526     6836.2144     6832.5454     6839.8834 -37.444461  89.804738  -0.000012   0.000537
1 42036U 17008CS  22040.71034974  .00021231  00000-0  60656-3 0  9999 | 2 42036  97.2985 113.8612 0005277 333.8361  26.2615 15.36010801276986 | 2022/02/09-17:02:54  281.5378    0.1244   26.2883   93.7493     6836.0568     6832.4494     6839.6642 -39.359420  88.982213   0.000021   0.000527
1 42036U 17008CS  22041.75267033  .00026833  00000-0  76430-3 0  9998 | 2 42036  97.2984 114.8948 0005221 329.4725  30.6214 15.36059100277140 | 2022/02/10-18:03:50  296.7707    0.1244   30.6519   93.7464     6835.9135     6832.3445     6839.4825 -40.958101  88.257649   0.000051   0.000520
1 42036U 17008CS  22043.44634450  .00031799  00000-0  90138-3 0  9995 | 2 42036  97.2984 116.5742 0005130 322.4127  37.6758 15.36175907277402 | 2022/02/12-10:42:44  186.4888    0.1244   37.7117   93.7393     6835.5670     6832.0603     6839.0736 -43.527063  87.019385   0.000098   0.000504
1 42036U 17008CS  22045.13990951  .00025447  00000-0  72033-3 0  9991 | 2 42036  97.2982 118.2539 0005091 314.9458  45.1373 15.36264718277666 | 2022/02/14-03:21:28   76.1671    0.1245   45.1787   93.7338     6835.3035     6831.8237     6838.7834 -46.058986  85.705948   0.000147   0.000487
1 42036U 17008CS  22046.18205823  .00019849  00000-0  56200-3 0  9991 | 2 42036  97.2977 119.2873 0005048 310.2971  49.7831 15.36307702277821 | 2022/02/15-04:22:09   91.3374    0.1244   49.8273   93.7312     6835.1760     6831.7256     6838.6264 -47.596978  84.860887   0.000176   0.000473
1 42036U 17008CS  22047.74522968  .00020943  00000-0  59160-3 0  9991 | 2 42036  97.2971 120.8371 0004952 302.6201  57.4565 15.36369930278068 | 2022/02/16-17:53:07  294.0736    0.1245   57.5044   93.7274     6834.9915     6831.6068     6838.3761 -49.874391  83.542030   0.000221   0.000443
1 42036U 17008CS  22048.91756362  .00016940  00000-0  47847-3 0  9999 | 2 42036  97.2968 122.0000 0004956 297.7387  62.3355 15.36416650278244 | 2022/02/17-22:01:17  356.1088    0.1245   62.3858   93.7246     6834.8529     6831.4655     6838.2402 -51.559449  82.512366   0.000250   0.000428
1 42036U 17008CS  22050.48062214  .00020690  00000-0  58244-3 0  9990 | 2 42036  97.2962 123.5502 0004910 290.8502  69.2216 15.36480389278482 | 2022/02/19-11:32:05  198.8027    0.1244   69.2742   93.7207     6834.6639     6831.3080     6838.0197 -53.772437  81.086840   0.000286   0.000399
1 42036U 17008CS  22051.71799567  .00018871  00000-0  53064-3 0  9998 | 2 42036  97.2957 124.7774 0004880 284.4559  75.6144 15.36534471278671 | 2022/02/20-17:13:54  284.2511    0.1245   75.6686   93.7174     6834.5035     6831.1683     6837.8387 -55.496458  79.916184   0.000319   0.000370
1 42036U 17008CS  22052.75996351  .00018414  00000-0  51722-3 0  9995 | 2 42036  97.2955 125.8111 0004884 279.8143  80.2550 15.36573504278838 | 2022/02/21-18:14:20  299.3539    0.1245   80.3102   93.7150     6834.3877     6831.0498     6837.7257 -56.929036  78.901832   0.000342   0.000349
1 42036U 17008CS  22054.12750385  .00018546  00000-0  52000-3 0  9999 | 2 42036  97.2953 127.1678 0004901 273.7541  86.3143 15.36628384279040 | 2022/02/23-03:03:36   71.6605    0.1244   86.3703   93.7117     6834.2250     6830.8756     6837.5745 -58.781089  77.531664   0.000370   0.000321
1 42036U 17008CS  22055.16940716  .00018120  00000-0  50747-3 0  9997 | 2 42036  97.2953 128.2015 0004903 269.0325  91.0358 15.36668864279203 | 2022/02/24-04:03:56   86.7390    0.1245   91.0920   93.7092     6834.1050     6830.7542     6837.4558 -60.170232  76.458607   0.000390   0.000297
1 42036U 17008CS  22056.73221126  .00019734  00000-0  55126-3 0  9996 | 2 42036  97.2954 129.7520 0004941 262.1312  97.9371 15.36730739279440 | 2022/02/25-17:34:23  289.3384    0.1244   97.9932   93.7054     6833.9215     6830.5449     6837.2982 -62.217085  74.802602   0.000420   0.000261
1 42036U 17008CS  22057.77404988  .00015598  00000-0  43598-3 0  9994 | 2 42036  97.2954 130.7856 0004982 257.7650 102.3037 15.36762079279604 | 2022/02/26-18:34:37  304.3932    0.1245  102.3595   93.7035     6833.8286     6830.4240     6837.2333 -63.556306  73.668113   0.000438   0.000238
1 42036U 17008CS  22059.14142503  .00021978  00000-0  61179-3 0  9993 | 2 42036  97.2954 132.1426 0005024 251.2481 108.8219 15.36817679279815 | 2022/02/28-03:23:39   76.6377    0.1245  108.8764   93.7001     6833.6638     6830.2306     6837.0970 -65.283083  72.142318   0.000461   0.000199
1 42036U 17008CS  22060.18320131  .00019549  00000-0  54387-3 0  9998 | 2 42036  97.2952 133.1762 0005087 246.5827 113.4883 15.36858219279978 | 2022/03/01-04:23:48   91.6694    0.1244  113.5417   93.6976     6833.5436     6830.0674     6837.0199 -66.573680  70.952808   0.000479   0.000172
1 42036U 17008CS  22061.42027500  .00017322  00000-0  48161-3 0  9990 | 2 42036  97.2948 134.4035 0005148 241.1337 118.9392 15.36903476280169 | 2022/03/02-10:05:11  177.0060    0.1245  118.9908   93.6949     6833.4095     6829.8916     6836.9273 -68.077851  69.510318   0.000496   0.000138
1 42036U 17008CS  22062.46199348  .00017341  00000-0  48156-3 0  9990 | 2 42036  97.2943 135.4372 0005236 236.7179 123.3565 15.36940829280324 | 2022/03/03-11:05:16  192.0162    0.1245  123.4066   93.6926     6833.2988     6829.7209     6836.8767 -69.320416  68.270497   0.000512   0.000110
1 42036U 17008CS  22063.76410482  .00018855  00000-0  52244-3 0  9993 | 2 42036  97.2936 136.7289 0005336 231.3283 128.7485 15.36991764280521 | 2022/03/04-18:20:18  300.7656    0.1245  128.7962   93.6895     6833.1478     6829.5016     6836.7940 -70.841279  66.690013   0.000528   0.000075
1 42036U 17008CS  22065.13125897  .00038373  00000-0  10551-2 0  9990 | 2 42036  97.2929 138.0858 0005425 226.1464 133.9333 15.37085172280733 | 2022/03/06-03:09:00   72.9289    0.1244  133.9780   93.6838     6832.8710     6829.1641     6836.5778 -72.400123  64.993311   0.000541   0.000040
1 42036U 17008CS  22066.17284500  .00029320  00000-0  80597-3 0  9992 | 2 42036  97.2926 139.1195 0005490 221.8831 138.1995 15.37148936280894 | 2022/03/07-04:08:53   87.8899    0.1245  138.2414   93.6799     6832.6820     6828.9309     6836.4331 -73.560625  63.676404   0.000549   0.000010
1 42036U 17008CS  22067.47477259  .00027996  00000-0  76803-3 0  9993 | 2 42036  97.2925 140.4116 0005612 216.7451 143.3410 15.37220351281093 | 2022/03/08-11:23:40  196.5714    0.1245  143.3794   93.6756     6832.4704     6828.6360     6836.3048 -74.977714  62.001395   0.000561  -0.000028
1 42036U 17008CS  22068.71155046  .00022755  00000-0  62386-3 0  9997 | 2 42036  97.2925 141.6394 0005727 211.9449 148.1449 15.37280100281289 | 2022/03/09-17:04:37  281.7990    0.1244  148.1795   93.6719     6832.2933     6828.3805     6836.2062 -76.289035  60.380574   0.000569  -0.000064
1 42036U 17008CS  22069.75301004  .00026410  00000-0  72213-3 0  9991 | 2 42036  97.2925 142.6733 0005802 207.9417 152.1517 15.37333165281440 | 2022/03/10-18:04:20  296.7135    0.1244  152.1827   93.6687     6832.1361     6828.1721     6836.1001 -77.366121  58.994186   0.000572  -0.000095
1 42036U 17008CS  22070.92459769  .00036099  00000-0  98231-3 0  9996 | 2 42036  97.2924 143.8365 0005849 203.9101 156.1873 15.37419043281629 | 2022/03/11-22:11:25  358.4726    0.1244  156.2143   93.6635     6831.8817     6827.8857     6835.8777 -78.547695  57.411416   0.000572  -0.000124
1 42036U 17008CS  22072.42153143  .00030374  00000-0  82470-3 0  9998 | 2 42036  97.2924 145.3226 0005969 198.9321 161.1703 15.37522373281856 | 2022/03/13-10:07:00  177.3531    0.1245  161.1924   93.6572     6831.5756     6827.4978     6835.6534 -80.010208  55.355016   0.000575  -0.000162
1 42036U 17008CS  22073.72312328  .00033848  00000-0  91507-3 0  9994 | 2 42036  97.2924 146.6149 0006058 194.2886 165.8188 15.37633682282056 | 2022/03/14-17:21:17  285.9118    0.1244  165.8358   93.6504     6831.2459     6827.1075     6835.3843 -81.238277  53.536468   0.000572  -0.000198
1 42036U 17008CS  22074.76433756  .00023971  00000-0  64823-3 0  9995 | 2 42036  97.2922 147.6489 0006179 190.9917 169.1194 15.37694473282211 | 2022/03/15-18:20:38  300.7375    0.1245  169.1328   93.6467     6831.0659     6826.8449     6835.2868 -82.190984  52.061639   0.000575  -0.000225
1 42036U 17008CS  22075.93565949  .00026100  00000-0  70397-3 0  9995 | 2 42036  97.2918 148.8122 0006255 187.1858 172.9298 15.37756495282399 | 2022/03/16-22:27:20    2.4001    0.1244  172.9386   93.6429     6830.8822     6826.6095     6835.1549 -83.230658  50.382059   0.000571  -0.000254
1 42036U 17008CS  22077.17200831  .00022285  00000-0  60060-3 0  9995 | 2 42036  97.2913 150.0402 0006328 183.1112 177.0095 15.37812963282585 | 2022/03/18-04:07:41   87.4711    0.1245  177.0133   93.6395     6830.7150     6826.3925     6835.0374 -84.290848  48.586522   0.000565  -0.000286
1 42036U 17008CS  22078.47338113  .00021429  00000-0  57662-3 0  9997 | 2 42036  97.2907 151.3324 0006446 179.0556 181.0702 15.37867939282787 | 2022/03/19-11:21:40  195.9508    0.1244  181.0688   93.6361     6830.5522     6826.1492     6834.9551 -85.364571  46.673015   0.000560  -0.000319
1 42036U 17008CS  22079.64457521  .00025410  00000-0  68172-3 0  9994 | 2 42036  97.2902 152.4958 0006555 175.4258 184.7048 15.37924808282969 | 2022/03/20-15:28:11  257.5668    0.1244  184.6986   93.6327     6830.3838     6825.9065     6834.8611 -86.294168  44.929941   0.000555  -0.000348
1 42036U 17008CS  22080.75066383  .00020493  00000-0  54971-3 0  9998 | 2 42036  97.2897 153.5946 0006647 171.4706 188.6653 15.37972845283136 | 2022/03/21-18:00:57  295.7448    0.1244  188.6538   93.6297     6830.2416     6825.7015     6834.7816 -87.139451  43.266636   0.000545  -0.000381
1 42036U 17008CS  22082.18201844  .00025048  00000-0  66952-3 0  9993 | 2 42036  97.2894 155.0169 0006686 166.7815 193.3607 15.38041970283351 | 2022/03/23-04:22:06   91.0147    0.1245  193.3430   93.6255     6830.0369     6825.4703     6834.6035 -88.186265  41.090267   0.000525  -0.000413
1 42036U 17008CS  22083.74342116  .00027383  00000-0  72956-3 0  9999 | 2 42036  97.2894 156.5681 0006811 162.2106 197.9379 15.38123585283595 | 2022/03/24-17:50:31  293.1012    0.1245  197.9139   93.6206     6829.7953     6825.1435     6834.4471 -89.266271  38.687986   0.000512  -0.000449
1 42036U 17008CS  22084.91441618  .00028723  00000-0  76343-3 0  9999 | 2 42036  97.2894 157.7319 0006869 158.8073 201.3458 15.38187643283776 | 2022/03/25-21:56:45  354.6452    0.1245  201.3172   93.6167     6829.6057     6824.9144     6834.2969 -90.033638  36.866941   0.000499  -0.000472
1 42036U 17008CS  22086.47566457  .00031868  00000-0  84384-3 0  9999 | 2 42036  97.2898 159.2830 0006928 153.9779 206.1816 15.38282344284013 | 2022/03/27-11:24:57  196.6759    0.1245  206.1466   93.6109     6829.3254     6824.5940     6834.0567 -90.998955  34.416498   0.000475  -0.000505
1 42036U 17008CS  22088.42706604  .00036124  00000-0  95109-3 0  9993 | 2 42036  97.2898 161.2222 0006965 147.8265 212.3406 15.38432184284310 | 2022/03/29-10:14:58  179.1570    0.1244  212.2979   93.6018     6828.8819     6824.1256     6833.6382 -92.111458  31.317478   0.000439  -0.000541
1 42036U 17008CS  22089.46773387  .00038101  00000-0  10000-2 0  9993 | 2 42036  97.2895 162.2565 0006940 144.7684 215.4022 15.38517339284473 | 2022/03/30-11:13:32  193.7854    0.1246  215.3562   93.5966     6828.6299     6823.8909     6833.3690 -92.661475  29.649583   0.000418  -0.000554
1 42036U 17008CS  22090.76848521  .00054860  00000-0  14300-2 0  9998 | 2 42036  97.2890 163.5497 0006899 141.4732 218.7007 15.38643111284676 | 2022/03/31-18:26:37  302.0415    0.1245  218.6513   93.5890     6828.2578     6823.5470     6832.9686 -93.306547  27.550642   0.000396  -0.000565
1 42036U 17008CS  22092.71938697  .00053867  00000-0  13943-2 0  9997 | 2 42036  97.2877 165.4892 0006887 135.2883 224.8919 15.38863537284975 | 2022/04/02-17:15:55  284.3432    0.1245  224.8362   93.5755     6827.6057     6822.9036     6832.3079 -94.184264  24.376648   0.000352  -0.000592
1 42036U 17008CS  22093.75975761  .00045690  00000-0  11804-2 0  9994 | 2 42036  97.2873 166.5238 0006818 132.7139 227.4682 15.38963002285130 | 2022/04/03-18:14:03  298.8656    0.1246  227.4107   93.5695     6827.3116     6822.6567     6831.9664 -94.608670  22.671972   0.000333  -0.000595
1 42036U 17008CS  22095.19015597  .00044217  00000-0  11374-2 0  9992 | 2 42036  97.2871 167.9463 0006834 128.4173 231.7687 15.39103700285350 | 2022/04/05-04:33:49   93.7924    0.1245  231.7072   93.5609     6826.8955     6822.2300     6831.5610 -95.142144  20.316306   0.000303  -0.000612
1 42036U 17008CS  22096.68544227  .00043845  00000-0  11231-2 0  9992 | 2 42036  97.2866 169.4339 0006764 124.7221 235.4663 15.39235209285588 | 2022/04/06-16:27:02  272.0793    0.1246  235.4025   93.5530     6826.5066     6821.8892     6831.1241 -95.637010  17.839419   0.000277  -0.000617
1 42036U 17008CS  22097.72556682  .00047205  00000-0  12048-2 0  9997 | 2 42036  97.2867 170.4690 0006740 121.7288 238.4615 15.39329378285744 | 2022/04/07-17:24:48  286.5124    0.1245  238.3957   93.5472     6826.2282     6821.6273     6830.8291 -95.943770  16.108850   0.000255  -0.000624
1 42036U 17008CS  22099.15563142  .00038711  00000-0  98545-3 0  9994 | 2 42036  97.2866 171.8921 0006586 117.5922 242.5994 15.39454377285969 | 2022/04/09-03:44:06   81.3208    0.1246  242.5324   93.5396     6825.8587     6821.3632     6830.3542 -96.314145  13.721082   0.000220  -0.000621
1 42036U 17008CS  22100.71556699  .00048318  00000-0  12220-2 0  9997 | 2 42036  97.2871 173.4448 0006535 113.0089 247.1847 15.39604453286204 | 2022/04/10-17:10:24  282.8804    0.1246  247.1157   93.5305     6825.4151     6820.9547     6829.8755 -96.651069  11.106333   0.000185  -0.000627
1 42036U 17008CS  22101.75544157  .00039867  00000-0  10068-2 0  9995 | 2 42036  97.2870 174.4798 0006476 109.7046 250.4899 15.39693231286364 | 2022/04/11-18:07:50  297.2243    0.1246  250.4200   93.5251     6825.1527     6820.7328     6829.5727 -96.835817   9.358686   0.000159  -0.000628
1 42036U 17008CS  22103.18518319  .00049636  00000-0  12469-2 0  9997 | 2 42036  97.2871 175.9033 0006404 105.5487 254.6466 15.39804765286583 | 2022/04/13-04:26:39   91.9162    0.1245  254.5758   93.5183     6824.8231     6820.4525     6829.1938 -97.038522   6.950190   0.000127  -0.000628
1 42036U 17008CS  22104.93972984  .00048702  00000-0  12184-2 0  9990 | 2 42036  97.2868 177.6500 0006260 101.1864 259.0086 15.39936096286858 | 2022/04/14-22:33:12    3.5360    0.1246  258.9382   93.5104     6824.4351     6820.1630     6828.7072 -97.204981   3.989123   0.000096  -0.000619
1 42036U 17008CS  22106.43420200  .00031701  00000-0  79222-3 0  9994 | 2 42036  97.2865 179.1381 0006240  96.7581 263.4375 15.40063393287081 | 2022/04/16-10:25:15  181.5303    0.1246  263.3665   93.5026     6824.0590     6819.8008     6828.3173 -97.275493   1.463425   0.000064  -0.000621
1 42036U 17008CS  22107.73365785  .00035866  00000-0  89289-3 0  9994 | 2 42036  97.2858 180.4324 0006088  92.5271 267.6672 15.40155546287285 | 2022/04/17-17:36:28  289.3222    0.1246  267.5975   93.4970     6823.7868     6819.6325     6827.9412 -97.283030  -0.734190   0.000031  -0.000608
1 42036U 17008CS  22109.16297041  .00038211  00000-0  94766-3 0  9995 | 2 42036  97.2853 181.8561 0005967  88.5101 271.6829 15.40258332287501 | 2022/04/19-03:54:40   83.8611    0.1247  271.6146   93.4908     6823.4833     6819.4117     6827.5548 -97.234257  -3.151012   0.000004  -0.000597
1 42036U 17008CS  22110.46225672  .00037950  00000-0  93812-3 0  9991 | 2 42036  97.2848 183.1506 0005921  84.9319 275.2604 15.40360161287707 | 2022/04/20-11:05:38  191.5910    0.1247  275.1928   93.4846     6823.1825     6819.1425     6827.2225 -97.137756  -5.346834  -0.000020  -0.000592
1 42036U 17008CS  22112.15120102  .00042406  00000-0  10426-2 0  9992 | 2 42036  97.2844 184.8336 0005744  79.3672 280.8221 15.40501247287962 | 2022/04/22-03:37:43   79.5957    0.1246  280.7574   93.4761     6822.7659     6818.8469     6826.6849 -96.938419  -8.197398  -0.000058  -0.000571
1 42036U 17008CS  22113.19047112  .00045889  00000-0  11242-2 0  9991 | 2 42036  97.2846 185.8697 0005613  75.9265 284.2605 15.40593228288123 | 2022/04/23-04:34:16   93.7235    0.1247  284.1982   93.4705     6822.4944     6818.6649     6826.3238 -96.774541  -9.948954  -0.000080  -0.000556
1 42036U 17008CS  22114.42451923  .00051702  00000-0  12604-2 0  9991 | 2 42036  97.2850 187.0999 0005464  72.3231 287.8612 15.40714619288312 | 2022/04/24-10:11:18  177.9696    0.1247  287.8016   93.4631     6822.1360     6818.4084     6825.8636 -96.539034 -12.024401  -0.000100  -0.000537
1 42036U 17008CS  22115.46364383  .00045855  00000-0  11154-2 0  9990 | 2 42036  97.2849 188.1353 0005385  68.1806 292.0013 15.40810418288473 | 2022/04/25-11:07:38  192.0457    0.1247  291.9441   93.4573     6821.8532     6818.1796     6825.5268 -96.305889 -13.766899  -0.000127  -0.000523
1 42036U 17008CS  22117.15207597  .00046709  00000-0  11299-2 0  9990 | 2 42036  97.2850 189.8189 0005147  61.6575 298.5190 15.40975691288738 | 2022/04/27-03:38:59   79.8673    0.1247  298.4672   93.4473     6821.3654     6817.8545     6824.8764 -95.859940 -16.590453  -0.000164  -0.000488
1 42036U 17008CS  22118.19101682  .00065001  00000-0  15613-2 0  9993 | 2 42036  97.2851 190.8547 0005009  58.1928 301.9806 15.41104157288891 | 2022/04/28-04:35:03   93.8773    0.1247  301.9319   93.4395     6820.9863     6817.5697     6824.4030 -95.544466 -18.320634  -0.000179  -0.000468
1 42036U 17008CS  22119.42464332  .00067234  00000-0  16063-2 0  9994 | 2 42036  97.2847 192.0854 0004849  53.0103 307.1587 15.41257329289087 | 2022/04/29-10:11:29  177.9725    0.1247  307.1144   93.4302     6820.5344     6817.2271     6823.8417 -95.128542 -20.368439  -0.000204  -0.000440
1 42036U 17008CS  22120.46339143  .00057798  00000-0  13772-2 0  9999 | 2 42036  97.2843 193.1216 0004758  49.4640 310.7021 15.41380754289241 | 2022/04/30-11:07:17  191.9123    0.1247  310.6607   93.4227     6820.1703     6816.9253     6823.4154 -94.744251 -22.085333  -0.000219  -0.000422
1 42036U 17008CS  22121.50206125  .00052193  00000-0  12403-2 0  9992 | 2 42036  97.2841 194.1575 0004607  45.5924 314.5699 15.41489626289402 | 2022/05/01-12:02:58  205.8251    0.1247  314.5323   93.4161     6819.8492     6816.7073     6822.9911 -94.329294 -23.794545  -0.000232  -0.000398
1 42036U 17008CS  22122.73539852  .00040061  00000-0  95075-3 0  9992 | 2 42036  97.2839 195.3882 0004461  40.7792 319.3788 15.41591186289598 | 2022/05/02-17:38:58  289.8158    0.1247  319.3455   93.4100     6819.5496     6816.5074     6822.5919 -93.796279 -25.815018  -0.000248  -0.000371
1 42036U 17008CS  22124.16337275  .00042118  00000-0  99538-3 0  9999 | 2 42036  97.2834 196.8133 0004274  34.3364 325.8159 15.41708079289814 | 2022/05/04-03:55:15   83.8746    0.1248  325.7884   93.4029     6819.2049     6816.2904     6822.1195 -93.124766 -28.139614  -0.000268  -0.000333
1 42036U 17008CS  22125.46143573  .00058334  00000-0  13695-2 0  9995 | 2 42036  97.2832 198.1091 0004134  29.2762 330.8716 15.41829262290017 | 2022/05/05-11:04:28  191.1654    0.1247  330.8485   93.3956     6818.8476     6816.0287     6821.6665 -92.464411 -30.238283  -0.000280  -0.000304
1 42036U 17008CS  22126.49982663  .00049284  00000-0  11561-2 0  9994 | 2 42036  97.2829 199.1458 0004015  25.5132 334.6313 15.41897161290174 | 2022/05/06-11:59:45  204.9762    0.1248  334.6116   93.3914     6818.6474     6815.9097     6821.3851 -91.901895 -31.906179  -0.000286  -0.000282
1 42036U 17008CS  22127.73284676  .00057378  00000-0  13397-2 0  9993 | 2 42036  97.2825 200.3765 0003891  18.9093 341.2299 15.41999587290362 | 2022/05/07-17:35:17  288.8533    0.1248  341.2155   93.3852     6818.3455     6815.6925     6820.9985 -91.195036 -33.872559  -0.000301  -0.000246
1 42036U 17008CS  22129.09557717  .00050411  00000-0  11747-2 0  9991 | 2 42036  97.2828 201.7376 0003776  13.5079 346.6269 15.42092618290574 | 2022/05/09-02:17:37   59.4228    0.1248  346.6169   93.3796     6818.0713     6815.4968     6820.6458 -90.364994 -36.029309  -0.000308  -0.000218
1 42036U 17008CS  22130.19867265  .00031255  00000-0  72915-3 0  9996 | 2 42036  97.2831 202.8393 0003683   8.1580 351.9726 15.42163109290743 | 2022/05/10-04:46:05   96.5269    0.1247  351.9667   93.3753     6817.8635     6815.3525     6820.3745 -89.655826 -37.760223  -0.000316  -0.000190
1 42036U 17008CS  22131.43147896  .00032852  00000-0  76407-3 0  9999 | 2 42036  97.2829 204.0703 0003559   2.6519 357.4747 15.42245208290938 | 2022/05/11-10:21:19  180.3253    0.1248  357.4729   93.3704     6817.6215     6815.1951     6820.0479 -88.823735 -39.677534  -0.000318  -0.000160
1 42036U 17008CS  22132.46957653  .00041719  00000-0  96592-3 0  9992 | 2 42036  97.2830 205.1071 0003492 357.8890   2.2342 15.42330900291091 | 2022/05/12-11:16:11  194.0302    0.1248    2.2358   93.3652     6817.3690     6814.9884     6819.7496 -88.091335 -41.278309  -0.000321  -0.000136
1 42036U 17008CS  22133.63736312  .00038796  00000-0  89572-3 0  9990 | 2 42036  97.2833 206.2739 0003426 351.9251   8.1941 15.42431798291277 | 2022/05/13-15:17:48  254.4216    0.1248    8.1997   93.3591     6817.0717     6814.7362     6819.4072 -87.232784 -43.063695  -0.000325  -0.000107
1 42036U 17008CS  22134.74019880  .00048514  00000-0  11141-2 0  9992 | 2 42036  97.2834 207.3755 0003352 345.8492  14.2662 15.42542109291441 | 2022/05/14-17:45:53  291.4317    0.1249   14.2757   93.3524     6816.7467     6814.4617     6819.0317 -86.388835 -44.732863  -0.000326  -0.000077
1 42036U 17008CS  22135.77808480  .00056538  00000-0  12916-2 0  9994 | 2 42036  97.2830 208.4127 0003334 340.1414  19.9703 15.42660470291602 | 2022/05/15-18:40:26  305.0601    0.1248   19.9834   93.3452     6816.3980     6814.1254     6818.6706 -85.564594 -46.289117  -0.000330  -0.000050
1 42036U 17008CS  22137.14019449  .00050533  00000-0  11498-2 0  9999 | 2 42036  97.2824 209.7741 0003288 331.8694  28.2376 15.42809414291811 | 2022/05/17-03:21:52   75.4055    0.1248   28.2554   93.3362     6815.9593     6813.7182     6818.2004 -84.440152 -48.308654  -0.000329  -0.000009
1 42036U 17008CS  22138.17790142  .00063530  00000-0  14364-2 0  9995 | 2 42036  97.2818 210.8115 0003252 325.4923  34.6113 15.42938748291977 | 2022/05/18-04:16:10   88.9688    0.1248   34.6325   93.3284     6815.5784     6813.3620     6817.7948 -83.551165 -49.829222  -0.000325   0.000021
1 42036U 17008CS  22139.47491668  .00066314  00000-0  14914-2 0  9994 | 2 42036  97.2821 212.1095 0003528 318.4873  41.6107 15.43084373292176 | 2022/05/19-11:23:52  195.8803    0.1249   41.6376   93.3196     6815.1496     6812.7452     6817.5540 -82.401227 -51.709233  -0.000348   0.000058
1 42036U 17008CS  22141.16083177  .00073952  00000-0  16487-2 0  9998 | 2 42036  97.2816 213.7950 0003620 308.0567  52.0354 15.43311853292430 | 2022/05/21-03:51:35   82.7918    0.1248   52.0681   93.3058     6814.4799     6812.0130     6816.9467 -80.844221 -54.110273  -0.000344   0.000113
1 42036U 17008CS  22142.19819485  .00062637  00000-0  13922-2 0  9990 | 2 42036  97.2817 214.8328 0003624 303.8553  56.2350 15.43452231292599 | 2022/05/22-04:45:24   96.2290    0.1248   56.2695   93.2973     6814.0667     6811.5973     6816.5361 -79.850995 -55.565707  -0.000338   0.000132
1 42036U 17008CS  22143.42994286  .00061968  00000-0  13703-2 0  9993 | 2 42036  97.2813 216.0654 0003771 298.4097  61.6771 15.43606996292783 | 2022/05/23-10:19:07  179.6432    0.1248   61.7151   93.2880     6813.6112     6811.0418     6816.1806 -78.636905 -57.270310  -0.000340   0.000162
1 42036U 17008CS  22144.46711312  .00050089  00000-0  11055-2 0  9995 | 2 42036  97.2817 217.1041 0003784 292.8589  67.2260 15.43719325292941 | 2022/05/24-11:12:38  193.0100    0.1249   67.2660   93.2812     6813.2807     6810.7025     6815.8588 -77.586121 -58.686651  -0.000328   0.000189
1 42036U 17008CS  22145.69865973  .00053911  00000-0  11839-2 0  9991 | 2 42036  97.2818 218.3368 0003944 287.9615  72.1203 15.43849723293130 | 2022/05/25-16:46:04  276.3511    0.1248   72.1633   93.2733     6812.8970     6810.2100     6815.5840 -76.305717 -60.342242  -0.000328   0.000219
1 42036U 17008CS  22147.44858743  .00041341  00000-0  90493-3 0  9991 | 2 42036  97.2825 220.0883 0004037 278.9601  81.1190 15.44007698293402 | 2022/05/27-10:45:57  186.3011    0.1248   81.1647   93.2638     6812.4323     6809.6821     6815.1825 -74.426260 -62.646760  -0.000305   0.000265
1 42036U 17008CS  22148.74470910  .00054498  00000-0  11848-2 0  9994 | 2 42036  97.2822 221.3860 0004178 273.1737  86.9034 15.44145237293605 | 2022/05/28-17:52:22  292.8867    0.1249   86.9512   93.2555     6812.0278     6809.1817     6814.8738 -72.988173 -64.316041  -0.000293   0.000298
1 42036U 17008CS  22149.78152938  .00039072  00000-0  84915-3 0  9993 | 2 42036  97.2820 222.4244 0004225 268.3653  91.7111 15.44231832293761 | 2022/05/29-18:45:24  306.1262    0.1248   91.7595   93.2502     6811.7731     6808.8951     6814.6511 -71.810471 -65.628072  -0.000276   0.000320
1 42036U 17008CS  22151.14227116  .00033693  00000-0  73048-3 0  9995 | 2 42036  97.2817 223.7876 0004362 262.3230  97.7523 15.44333876293976 | 2022/05/31-03:24:52   75.9724    0.1248   97.8018   93.2441     6811.4730     6808.5019     6814.4442 -70.228633 -67.317667  -0.000257   0.000352
1 42036U 17008CS  22152.17897185  .00032416  00000-0  70135-3 0  9994 | 2 42036  97.2815 224.8263 0004449 258.1001 101.9749 15.44402326294135 | 2022/06/01-04:17:43   89.1680    0.1249  102.0248   93.2400     6811.2718     6808.2415     6814.3021 -68.996633 -68.579551  -0.000242   0.000373
1 42036U 17008CS  22153.47478658  .00027241  00000-0  58856-3 0  9994 | 2 42036  97.2812 226.1247 0004582 251.7137 108.3613 15.44476952294335 | 2022/06/02-11:23:41  195.6402    0.1248  108.4111   93.2354     6811.0524     6807.9316     6814.1732 -67.424738 -70.125150  -0.000214   0.000405
1 42036U 17008CS  22154.64096718  .00025734  00000-0  55497-3 0  9990 | 2 42036  97.2808 227.2931 0004706 246.4924 113.5830 15.44543229294516 | 2022/06/03-15:22:59  255.4458    0.1248  113.6324   93.2314     6810.8575     6807.6523     6814.0627 -65.980524 -71.485134  -0.000190   0.000431
1 42036U 17008CS  22156.19580069  .00023925  00000-0  51478-3 0  9994 | 2 42036  97.2804 228.8512 0004817 240.9790 119.0977 15.44624425294754 | 2022/06/05-04:41:57   95.1590    0.1249  119.1459   93.2265     6810.6188     6807.3382     6813.8995 -64.012141 -73.252454  -0.000163   0.000453
1 42036U 17008CS  22157.42665297  .00026582  00000-0  57026-3 0  9995 | 2 42036  97.2804 230.0840 0004916 235.6163 124.4621 15.44689912294947 | 2022/06/06-10:14:22  178.2445    0.1248  124.5085   93.2226     6810.4264     6807.0784     6813.7744 -62.421315 -74.612704  -0.000133   0.000473
1 42036U 17008CS  22158.46311601  .00029008  00000-0  62059-3 0  9995 | 2 42036  97.2807 231.1235 0005065 231.3155 128.7641 15.44754462295101 | 2022/06/07-11:06:53  191.3521    0.1248  128.8093   93.2187     6810.2366     6806.7872     6813.6860 -61.057629 -75.733088  -0.000109   0.000495
1 42036U 17008CS  22160.47113299  .00029009  00000-0  61785-3 0  9998 | 2 42036  97.2809 233.1366 0005216 223.6009 136.4829 15.44885052295418 | 2022/06/09-11:18:25  194.2001    0.1249  136.5240   93.2108     6809.8528     6806.3008     6813.4049 -58.359714 -77.831339  -0.000061   0.000518
1 42036U 17008CS  22161.83130957  .00031757  00000-0  67393-3 0  9993 | 2 42036  97.2813 234.5002 0005355 219.3969 140.6891 15.44973137295627 | 2022/06/10-19:57:05  323.8385    0.1249  140.7280   93.2055     6809.5940     6805.9475     6813.2405 -56.491262 -79.198413  -0.000036   0.000534
1 42036U 17008CS  22162.86758208  .00033919  00000-0  71779-3 0  9997 | 2 42036  97.2815 235.5391 0005459 216.0135 144.0747 15.45042384295782 | 2022/06/11-20:49:19  336.8769    0.1249  144.1114   93.2013     6809.3905     6805.6733     6813.1078 -55.046124 -80.209815  -0.000015   0.000546
1 42036U 17008CS  22164.16285335  .00043797  00000-0  92188-3 0  9990 | 2 42036  97.2816 236.8378 0005589 212.0579 148.0331 15.45145037295988 | 2022/06/13-03:54:30   83.1498    0.1249  148.0670   93.1951     6809.0889     6805.2833     6812.8945 -53.214111 -81.436896   0.000011   0.000559
1 42036U 17008CS  22165.45802767  .00040397  00000-0  84743-3 0  9998 | 2 42036  97.2814 238.1369 0005715 207.6874 152.4071 15.45262107296181 | 2022/06/14-10:59:33  189.3865    0.1248  152.4374   93.1881     6808.7450     6804.8538     6812.6362 -51.354021 -82.622245   0.000042   0.000570
1 42036U 17008CS  22166.81785803  .00054904  00000-0  11439-2 0  9990 | 2 42036  97.2808 239.5014 0005849 203.6424 156.4557 15.45391748296391 | 2022/06/15-19:37:42  318.8976    0.1249  156.4825   93.1803     6808.3642     6804.3820     6812.3465 -49.371690 -83.821180   0.000070   0.000581
1 42036U 17008CS  22170.44352711  .00052449  00000-0  10806-2 0  9991 | 2 42036  97.2799 243.1400 0006090 193.0514 167.0579 15.45729950296955 | 2022/06/19-10:38:40  184.0623    0.1249  167.0735   93.1599     6807.3711     6803.2254     6811.5168 -43.952227 -86.784680   0.000145   0.000591
1 42036U 17008CS  22171.73821664  .00047136  00000-0  96812-3 0  9991 | 2 42036  97.2800 244.4397 0006147 189.5629 170.5505 15.45846035297152 | 2022/06/20-17:43:01  290.1229    0.1250  170.5621   93.1529     6807.0303     6802.8460     6811.2146 -41.972504 -87.759372   0.000169   0.000591
1 42036U 17008CS  22172.77389676  .00042849  00000-0  87791-3 0  9990 | 2 42036  97.2803 245.4792 0006222 186.8003 173.3163 15.45938673297314 | 2022/06/21-18:34:24  302.9458    0.1249  173.3246   93.1473     6806.7584     6802.5232     6810.9935 -40.373616 -88.506654   0.000189   0.000593
1 42036U 17008CS  22174.13313541  .00046050  00000-0  93907-3 0  9994 | 2 42036  97.2805 246.8438 0006298 182.9987 177.1226 15.46059655297529 | 2022/06/23-03:11:42   72.2422    0.1249  177.1262   93.1400     6806.4033     6802.1166     6810.6899 -38.254502 -89.443215   0.000217   0.000591
1 42036U 17008CS  22175.42755428  .00039243  00000-0  79850-3 0  9998 | 2 42036  97.2808 248.1438 0006388 179.0863 181.0399 15.46158484297724 | 2022/06/24-10:15:40  178.2039    0.1249  181.0386   93.1340     6806.1132     6801.7655     6810.4610 -36.215539 -90.288365   0.000247   0.000589
1 42036U 17008CS  22176.46303469  .00036147  00000-0  73416-3 0  9999 | 2 42036  97.2810 249.1837 0006439 176.0266 184.1036 15.46228840297885 | 2022/06/25-11:06:46  190.9536    0.1249  184.0983   93.1298     6805.9068     6801.5244     6810.2891 -34.571031 -90.930945   0.000270   0.000585
1 42036U 17008CS  22177.82201376  .00042014  00000-0  84879-3 0  9999 | 2 42036  97.2806 250.5486 0006478 172.1399 187.9954 15.46352386298090 | 2022/06/26-19:43:41  320.1555    0.1250  187.9851   93.1224     6805.5442     6801.1356     6809.9529 -32.395137 -91.728241   0.000297   0.000576
1 42036U 17008CS  22178.92207174  .00026171  00000-0  52925-3 0  9996 | 2 42036  97.2806 251.6540 0006587 168.7947 191.3451 15.46418583298266 | 2022/06/27-22:07:46  356.1508    0.1250  191.3303   93.1184     6805.3500     6800.8673     6809.8327 -30.619517 -92.336127   0.000325   0.000573
1 42036U 17008CS  22180.47501723  .00024698  00000-0  49816-3 0  9993 | 2 42036  97.2804 253.2143 0006676 164.6053 195.5401 15.46504438298506 | 2022/06/29-11:24:01  195.1759    0.1249  195.5196   93.1132     6805.0982     6800.5551     6809.6412 -28.093885 -93.135438   0.000356   0.000565
1 42036U 17008CS  22181.83378045  .00021224  00000-0  42758-3 0  9993 | 2 42036  97.2801 254.5799 0006715 160.4765 199.6743 15.46569631298715 | 2022/06/30-20:00:38  324.2989    0.1249  199.6484   93.1093     6804.9069     6800.3374     6809.4764 -25.866226 -93.778229   0.000385   0.000550
1 42036U 17008CS  22183.45128135  .00029507  00000-0  59139-3 0  9999 | 2 42036  97.2798 256.2054 0006770 156.4379 203.7183 15.46654821298968 | 2022/07/02-10:49:50  186.5626    0.1250  203.6871   93.1042     6804.6570     6800.0503     6809.2638 -23.195583 -94.473935   0.000411   0.000538
1 42036U 17008CS  22184.74519889  .00027571  00000-0  55104-3 0  9999 | 2 42036  97.2795 257.5059 0006820 152.8424 207.3184 15.46749582299164 | 2022/07/03-17:53:05  292.3432    0.1250  207.2826   93.0985     6804.3791     6799.7385     6809.0197 -21.045357 -94.975755   0.000435   0.000525
1 42036U 17008CS  22186.16842493  .00034767  00000-0  69141-3 0  9998 | 2 42036  97.2792 258.9363 0006856 148.7414 211.4245 15.46848640299389 | 2022/07/05-04:02:31   84.6719    0.1250  211.3836   93.0925     6804.0886     6799.4237     6808.7535 -18.667900 -95.471212   0.000462   0.000507
1 42036U 17008CS  22187.46219523  .00027071  00000-0  53793-3 0  9990 | 2 42036  97.2795 260.2371 0006876 145.2249 214.9452 15.46921027299588 | 2022/07/06-11:05:33  190.3994    0.1250  214.9001   93.0881     6803.8764     6799.1980     6808.5547 -16.495821 -95.870689   0.000482   0.000490
1 42036U 17008CS  22189.46739946  .00052356  00000-0  10294-2 0  9990 | 2 42036  97.2798 262.2534 0006885 139.4745 220.7018 15.47090265299899 | 2022/07/08-11:13:03  192.2268    0.1249  220.6504   93.0780     6803.3802     6798.6960     6808.0643 -13.112552 -96.392015   0.000514   0.000458
1 42036U 17008CS  22190.50224021  .00035725  00000-0  70213-3 0  9999 | 2 42036  97.2799 263.2938 0006849 136.6277 223.5513 15.47185507300054 | 2022/07/09-12:03:13  204.7464    0.1250  223.4973   93.0722     6803.1010     6798.4415     6807.7604 -11.360172 -96.614313   0.000525   0.000440
1 42036U 17008CS  22191.73104453  .00040913  00000-0  80061-3 0  9998 | 2 42036  97.2800 264.5298 0006812 133.1797 227.0024 15.47284224300242 | 2022/07/10-17:32:42  287.0880    0.1250  226.9453   93.0663     6802.8116     6798.1775     6807.4457  -9.273510 -96.836979   0.000539   0.000417
1 42036U 17008CS  22193.15376567  .00055769  00000-0  10835-2 0  9999 | 2 42036  97.2801 265.9610 0006697 129.1480 231.0367 15.47422040300460 | 2022/07/12-03:41:25   79.2361    0.1251  230.9771   93.0580     6802.4077     6797.8521     6806.9632  -6.851970 -97.038489   0.000548   0.000385
1 42036U 17008CS  22194.44702955  .00051598  00000-0  99836-3 0  9991 | 2 42036  97.2801 267.2624 0006618 125.5321 234.6548 15.47560665300665 | 2022/07/13-10:43:43  184.7822    0.1251  234.5930   93.0497     6802.0014     6797.4999     6806.5030  -4.646288 -97.169079   0.000556   0.000358
1 42036U 17008CS  22195.67552695  .00046126  00000-0  88971-3 0  9990 | 2 42036  97.2796 268.4991 0006429 121.7434 238.4443 15.47677840300852 | 2022/07/14-16:12:45  267.0146    0.1249  238.3815   93.0426     6801.6581     6797.2853     6806.0309  -2.548011 -97.246225   0.000555   0.000324
1 42036U 17008CS  22196.83928128  .00049631  00000-0  95301-3 0  9996 | 2 42036  97.2792 269.6703 0006354 118.9244 241.2644 15.47791807301032 | 2022/07/15-20:08:33  325.9410    0.1250  241.2006   93.0358     6801.3242     6797.0027     6805.6458  -0.559776 -97.277589   0.000558   0.000304
1 42036U 17008CS  22198.45544941  .00046600  00000-0  88978-3 0  9998 | 2 42036  97.2787 271.2977 0006199 114.7753 245.4143 15.47970644301289 | 2022/07/17-10:55:50  187.7263    0.1250  245.3497   93.0250     6800.8004     6796.5846     6805.0162   2.203090 -97.253750   0.000557   0.000272
1 42036U 17008CS  22199.87753049  .00053043  00000-0  10066-2 0  9997 | 2 42036  97.2786 272.7293 0005994 110.7188 249.4705 15.48119034301507 | 2022/07/18-21:03:38  339.6458    0.1250  249.4062   93.0161     6800.3658     6796.2897     6804.4419   4.632140 -97.168253   0.000550   0.000239
1 42036U 17008CS  22201.42871618  .00064878  00000-0  12203-2 0  9998 | 2 42036  97.2783 274.2915 0005900 106.4072 253.7828 15.48323591301748 | 2022/07/20-10:17:21  178.0387    0.1251  253.7179   93.0038     6799.7668     6795.7550     6803.7787   7.279412 -97.005556   0.000552   0.000209
1 42036U 17008CS  22202.46273486  .00045664  00000-0  85847-3 0  9999 | 2 42036  97.2788 275.3334 0005803 103.4136 256.7762 15.48425109301906 | 2022/07/21-11:06:20  190.2629    0.1251  256.7115   92.9977     6799.4696     6795.5239     6803.4154   9.042164 -96.857649   0.000550   0.000187
1 42036U 17008CS  22204.46594070  .00055420  00000-0  10325-2 0  9995 | 2 42036  97.2789 277.3516 0005630  97.7350 262.4540 15.48640849302215 | 2022/07/23-11:10:57  191.3740    0.1250  262.3900   92.9848     6798.8381     6795.0104     6802.6659  12.447599 -96.479229   0.000544   0.000147
1 42036U 17008CS  22205.49975258  .00042370  00000-0  78860-3 0  9999 | 2 42036  97.2791 278.3934 0005539  94.6906 265.4977 15.48731622302378 | 2022/07/24-11:59:38  203.5242    0.1250  265.4344   92.9793     6798.5725     6794.8067     6802.3382  14.199740 -96.237159   0.000540   0.000125
1 42036U 17008CS  22206.85654929  .00032425  00000-0  60268-3 0  9992 | 2 42036  97.2790 279.7611 0005447  90.5856 269.6019 15.48825959302584 | 2022/07/25-20:33:25  331.9414    0.1251  269.5395   92.9736     6798.2964     6794.5934     6801.9994  16.492724 -95.870715   0.000536   0.000098
1 42036U 17008CS  22208.47167817  .00033640  00000-0  62273-3 0  9995 | 2 42036  97.2788 281.3894 0005327  86.4511 273.7349 15.48935879302835 | 2022/07/27-11:19:12  193.3530    0.1251  273.6740   92.9671     6797.9748     6794.3535     6801.5960  19.210227 -95.363159   0.000528   0.000073
1 42036U 17008CS  22209.82830101  .00030498  00000-0  56325-3 0  9997 | 2 42036  97.2784 282.7573 0005211  82.1663 278.0180 15.49022590303046 | 2022/07/28-19:52:45  321.7081    0.1252  277.9589   92.9618     6797.7211     6794.1788     6801.2634  21.481182 -94.877004   0.000519   0.000045
1 42036U 17008CS  22211.44323839  .00026031  00000-0  47986-3 0  9994 | 2 42036  97.2777 284.3860 0005060  77.9057 282.2761 15.49107297303293 | 2022/07/30-10:38:15  183.0512    0.1251  282.2194   92.9568     6797.4733     6794.0337     6800.9128  24.168957 -94.227451   0.000506   0.000020
1 42036U 17008CS  22212.99349682  .00029244  00000-0  53714-3 0  9994 | 2 42036  97.2773 285.9496 0004920  72.6605 287.5184 15.49189031303536 | 2022/07/31-23:50:38   21.1115    0.1251  287.4646   92.9519     6797.2342     6793.8899     6800.5784  26.730993 -93.532492   0.000492  -0.000012
1 42036U 17008CS  22214.15613472  .00024837  00000-0  45573-3 0  9992 | 2 42036  97.2771 287.1222 0004769  69.1687 291.0075 15.49251502303719 | 2022/08/02-03:44:50   79.6372    0.1252  290.9565   92.9481     6797.0515     6793.8099     6800.2930  28.639413 -92.965683   0.000476  -0.000031
1 42036U 17008CS  22215.18954944  .00031127  00000-0  56901-3 0  9995 | 2 42036  97.2768 288.1645 0004653  65.5244 294.6492 15.49314719303875 | 2022/08/03-04:32:57   91.6454    0.1251  294.6007   92.9443     6796.8666     6793.7040     6800.0291  30.325679 -92.429049   0.000462  -0.000051
1 42036U 17008CS  22216.41667561  .00029298  00000-0  53447-3 0  9996 | 2 42036  97.2769 289.4018 0004478  61.6073 298.5630 15.49387012304061 | 2022/08/04-10:00:00  173.3863    0.1252  298.5179   92.9400     6796.6551     6793.6116     6799.6987  32.314488 -91.752761   0.000442  -0.000070
1 42036U 17008CS  22217.64374126  .00030622  00000-0  55691-3 0  9990 | 2 42036  97.2771 290.6394 0004334  57.3970 302.7700 15.49466457304252 | 2022/08/05-15:26:59  255.1051    0.1252  302.7282   92.9352     6796.4228     6793.4772     6799.3684  34.288743 -91.033600   0.000424  -0.000090
1 42036U 17008CS  22218.99989625  .00035018  00000-0  63422-3 0  9990 | 2 42036  97.2773 292.0073 0004227  51.7016 308.4615 15.49559294304467 | 2022/08/06-23:59:51   23.2936    0.1252  308.4236   92.9296     6796.1513     6793.2786     6799.0241  36.452209 -90.189298   0.000406  -0.000119
1 42036U 17008CS  22220.42052884  .00061949  00000-0  11113-2 0  9990 | 2 42036  97.2776 293.4406 0004011  46.0206 314.1375 15.49703511304688 | 2022/08/08-10:05:33  174.6933    0.1251  314.1045   92.9210     6795.7297     6793.0039     6798.4555  38.696846 -89.249569   0.000376  -0.000141
1 42036U 17008CS  22221.45361963  .00049867  00000-0  89248-3 0  9995 | 2 42036  97.2779 294.4833 0003841  41.4342 318.7200 15.49824535304841 | 2022/08/09-10:53:12  186.5854    0.1252  318.6910   92.9137     6795.3759     6792.7658     6797.9860  40.314685 -88.530876   0.000351  -0.000157
1 42036U 17008CS  22223.19680087  .00039602  00000-0  70586-3 0  9990 | 2 42036  97.2780 296.2426 0003597  33.8639 326.2842 15.49992958305115 | 2022/08/11-04:43:23   94.0956    0.1252  326.2613   92.9036     6794.8836     6792.4395     6797.3278  43.013691 -87.251543   0.000312  -0.000179
1 42036U 17008CS  22224.74613727  .00047682  00000-0  84410-3 0  9997 | 2 42036  97.2775 297.8073 0003503  26.5071 333.6359 15.50146988305357 | 2022/08/12-17:54:26  291.8242    0.1252  333.6181   92.8944     6794.4335     6792.0534     6796.8136  45.379890 -86.044045   0.000285  -0.000204
1 42036U 17008CS  22226.16622826  .00045677  00000-0  80514-3 0  9998 | 2 42036  97.2772 299.2418 0003256  19.2051 340.9323 15.50279370305573 | 2022/08/14-03:59:22   83.0278    0.1252  340.9201   92.8865     6794.0467     6791.8346     6796.2589  47.519559 -84.880770   0.000244  -0.000216
1 42036U 17008CS  22227.65074206  .00043203  00000-0  75827-3 0  9990 | 2 42036  97.2766 300.7413 0003150  11.6250 348.5074 15.50413879305806 | 2022/08/15-15:37:04  257.4215    0.1252  348.5002   92.8784     6793.6538     6791.5138     6795.7938  49.724158 -83.607685   0.000212  -0.000233
1 42036U 17008CS  22229.19966753  .00044281  00000-0  77333-3 0  9999 | 2 42036  97.2761 302.3058 0003065   3.8909 356.2366 15.50550162306047 | 2022/08/17-04:47:31   95.0017    0.1252  356.2343   92.8703     6793.2557     6791.1736     6795.3378  51.988036 -82.218512   0.000181  -0.000247
1 42036U 17008CS  22230.42579163  .00071062  00000-0  12294-2 0  9993 | 2 42036  97.2763 303.5450 0002993 356.9062   3.2171 15.50699250306235 | 2022/08/18-10:13:08  176.3799    0.1252    3.2190   92.8613     6792.8203     6790.7872     6794.8534  53.754081 -81.075134   0.000152  -0.000258
1 42036U 17008CS  22231.45822171  .00047919  00000-0  82843-3 0  9999 | 2 42036  97.2763 304.5882 0002944 350.4792   9.6404 15.50819926306390 | 2022/08/19-10:59:50  188.0329    0.1253    9.6461   92.8541     6792.4679     6790.4682     6794.4676  55.221247 -80.083035   0.000125  -0.000267
1 42036U 17008CS  22232.74865717  .00047577  00000-0  81880-3 0  9995 | 2 42036  97.2763 305.8918 0002928 342.8767  17.2386 15.50949388306595 | 2022/08/20-17:58:03  292.5623    0.1252   17.2485   92.8464     6792.0899     6790.1012     6794.0786  57.028855 -78.806016   0.000094  -0.000277
1 42036U 17008CS  22234.42607917  .00039600  00000-0  67922-3 0  9997 | 2 42036  97.2767 307.5875 0002815 332.6614  27.4490 15.51085008306852 | 2022/08/22-10:13:33  176.3967    0.1253   27.4639   92.8382     6791.6940     6789.7821     6793.6058  59.336092 -77.084269   0.000050  -0.000277
1 42036U 17008CS  22235.45827154  .00029296  00000-0  50238-3 0  9990 | 2 42036  97.2768 308.6313 0002775 326.1054  34.0020 15.51150647307017 | 2022/08/23-10:59:54  187.9626    0.1252   34.0198   92.8343     6791.5024     6789.6177     6793.3870  60.730533 -75.990646   0.000023  -0.000277
1 42036U 17008CS  22237.20000631  .00025704  00000-0  43968-3 0  9990 | 2 42036  97.2767 310.3929 0002771 316.3255  43.7778 15.51246807307289 | 2022/08/25-04:48:00   94.9463    0.1253   43.7998   92.8286     6791.2217     6789.3398     6793.1035  63.037785 -74.087746  -0.000016  -0.000277
1 42036U 17008CS  22239.19963824  .00033488  00000-0  56930-3 0  9993 | 2 42036  97.2764 312.4153 0002735 304.9948  55.1048 15.51370001307595 | 2022/08/27-04:47:28   94.7660    0.1253   55.1305   92.8212     6790.8622     6789.0049     6792.7195  65.612889 -71.816759  -0.000060  -0.000267
1 42036U 17008CS  22240.74761436  .00040810  00000-0  68970-3 0  9995 | 2 42036  97.2764 313.9814 0002601 294.8834  65.2148 15.51495894307836 | 2022/08/28-17:56:33  291.9985    0.1253   65.2419   92.8137     6790.4948     6788.7286     6792.2610  67.551146 -69.996719  -0.000094  -0.000243
1 42036U 17008CS  22242.16648290  .00036988  00000-0  62311-3 0  9999 | 2 42036  97.2755 315.4166 0002872 286.2837  73.8100 15.51605323308059 | 2022/08/30-03:59:44   82.7590    0.1253   73.8416   92.8071     6790.1755     6788.2254     6792.1257  69.282476 -68.282219  -0.000136  -0.000253
1 42036U 17008CS  22243.19831942  .00046347  00000-0  77675-3 0  9990 | 2 42036  97.2751 316.4606 0002936 281.0800  79.0123 15.51703342308210 | 2022/08/31-04:45:34   94.1945    0.1253   79.0453   92.8012     6789.8896     6787.8961     6791.8831  70.514802 -67.008266  -0.000158  -0.000248
1 42036U 17008CS  22245.19733383  .00038199  00000-0  63736-3 0  9991 | 2 42036  97.2749 318.4837 0003171 270.6064  89.4825 15.51868305308522 | 2022/09/02-04:44:09   93.7904    0.1252   89.5188   92.7914     6789.4084     6787.2555     6791.5613  72.836253 -64.477023  -0.000208  -0.000240
1 42036U 17008CS  22246.74480511  .00056772  00000-0  93919-3 0  9998 | 2 42036  97.2749 320.0497 0003290 263.5408  96.5470 15.52019682308766 | 2022/09/03-17:52:31  290.8404    0.1253   96.5845   92.7823     6788.9669     6786.7333     6791.2005  74.571106 -62.462439  -0.000238  -0.000227
1 42036U 17008CS  22248.16315159  .00077553  00000-0  12693-2 0  9990 | 2 42036  97.2746 321.4848 0003410 257.1456 102.9416 15.52233796308984 | 2022/09/05-03:54:56   81.4086    0.1253  102.9797   92.7695     6788.3426     6786.0278     6790.6574  76.111828 -60.575056  -0.000266  -0.000213
1 42036U 17008CS  22249.19454788  .00066753  00000-0  10879-2 0  9990 | 2 42036  97.2755 322.5292 0003603 253.1052 106.9806 15.52395682309140 | 2022/09/06-04:40:08   92.6849    0.1253  107.0201   92.7599     6787.8706     6785.4250     6790.3163  77.204012 -59.178234  -0.000293  -0.000210
1 42036U 17008CS  22250.67701750  .00067910  00000-0  10992-2 0  9991 | 2 42036  97.2756 324.0314 0003702 249.9897 110.0958 15.52581826309379 | 2022/09/07-16:14:54  266.3332    0.1253  110.1356   92.7487     6787.3281     6784.8154     6789.8408  78.728937 -57.134026  -0.000307  -0.000207
1 42036U 17008CS  22251.70819348  .00062436  00000-0  10065-2 0  9998 | 2 42036  97.2752 325.0759 0003809 247.0868 112.9983 15.52717507309538 | 2022/09/08-16:59:47  277.5288    0.1253  113.0385   92.7406     6786.9327     6784.3475     6789.5178  79.757021 -55.689157  -0.000322  -0.000203
1 42036U 17008CS  22252.73927601  .00066798  00000-0  10706-2 0  9991 | 2 42036  97.2750 326.1213 0003942 243.2237 116.8613 15.52860158309690 | 2022/09/09-17:44:33  288.6895    0.1253  116.9016   92.7321     6786.5170     6783.8418     6789.1923  80.759609 -54.224636  -0.000344  -0.000193
1 42036U 17008CS  22254.15685995  .00066688  00000-0  10611-2 0  9999 | 2 42036  97.2748 327.5586 0004159 238.7773 121.3073 15.53062118309917 | 2022/09/11-03:45:52   78.9801    0.1253  121.3480   92.7201     6785.9287     6783.1064     6788.7509  82.094147 -52.181776  -0.000373  -0.000185
1 42036U 17008CS  22255.18771030  .00073348  00000-0  11592-2 0  9999 | 2 42036  97.2745 328.6040 0004221 235.9823 124.1030 15.53223337310071 | 2022/09/12-04:30:18   90.0562    0.1253  124.1430   92.7104     6785.4591     6782.5949     6788.3232  83.032265 -50.675155  -0.000384  -0.000176
1 42036U 17008CS  22256.47611433  .00076799  00000-0  12039-2 0  9992 | 2 42036  97.2735 329.9111 0004241 232.6507 127.4361 15.53435659310275 | 2022/09/13-11:25:36  193.8429    0.1254  127.4747   92.6978     6784.8408     6781.9633     6787.7182  84.165756 -48.767400  -0.000392  -0.000163
1 42036U 17008CS  22257.50671435  .00083286  00000-0  12968-2 0  9995 | 2 42036  97.2740 330.9571 0004254 228.6669 131.4219 15.53597757310434 | 2022/09/14-12:09:40  204.8268    0.1253  131.4584   92.6881     6784.3688     6781.4828     6787.2549  85.042423 -47.223059  -0.000401  -0.000143
1 42036U 17008CS  22259.18120314  .00071203  00000-0  10996-2 0  9991 | 2 42036  97.2734 332.6558 0004371 223.6790 136.4118 15.53871438310693 | 2022/09/16-04:20:55   87.5925    0.1253  136.4463   92.6718     6783.5722     6780.6071     6786.5373  86.404377 -44.681070  -0.000419  -0.000123
1 42036U 17008CS  22260.72664426  .00066367  00000-0  10178-2 0  9997 | 2 42036  97.2725 334.2241 0004428 220.5684 139.5241 15.54083242310938 | 2022/09/17-17:26:22  283.9045    0.1254  139.5570   92.6591     6782.9558     6779.9523     6785.9593  87.594058 -42.299177  -0.000428  -0.000113
1 42036U 17008CS  22261.75682232  .00076822  00000-0  11700-2 0  9995 | 2 42036  97.2727 335.2696 0004511 217.6112 142.4827 15.54232742311093 | 2022/09/18-18:09:49  294.7371    0.1254  142.5142   92.6502     6782.5209     6779.4613     6785.5805  88.351464 -40.693942  -0.000440  -0.000101
1 42036U 17008CS  22262.98002429  .00077376  00000-0  11704-2 0  9994 | 2 42036  97.2727 336.5113 0004613 213.4028 146.6935 15.54418393311289 | 2022/09/19-23:31:14   15.0514    0.1253  146.7225   92.6392     6781.9808     6778.8523     6785.1093  89.212557 -38.769805  -0.000454  -0.000079
1 42036U 17008CS  22264.13871498  .00071565  00000-0  10765-2 0  9993 | 2 42036  97.2729 337.6878 0004666 208.9509 151.1487 15.54594011311467 | 2022/09/21-03:19:44   72.1423    0.1254  151.1745   92.6287     6781.4700     6778.3058     6784.6343  89.989971 -36.929963  -0.000463  -0.000054
1 42036U 17008CS  22265.74780462  .00069219  00000-0  10336-2 0  9998 | 2 42036  97.2731 339.3231 0004664 205.1852 154.9175 15.54804749311715 | 2022/09/22-17:56:50  291.3622    0.1253  154.9401   92.6161     6780.8573     6777.6947     6784.0199  91.007396 -34.346905  -0.000465  -0.000037
1 42036U 17008CS  22267.16361175  .00080135  00000-0  11851-2 0  9995 | 2 42036  97.2728 340.7616 0004738 201.7668 158.3386 15.55027006311933 | 2022/09/24-03:55:36   81.0070    0.1254  158.3586   92.6029     6780.2111     6776.9987     6783.4236  91.840673 -32.051339  -0.000473  -0.000021
1 42036U 17008CS  22268.19315330  .00083751  00000-0  12296-2 0  9992 | 2 42036  97.2727 341.8085 0004608 200.0301 160.0773 15.55213166312098 | 2022/09/25-04:38:08   91.6078    0.1254  160.0953   92.5918     6779.6701     6776.5460     6782.7941  92.410853 -30.367952  -0.000461  -0.000015
1 42036U 17008CS  22269.47992093  .00070022  00000-0  10229-2 0  9992 | 2 42036  97.2718 343.1168 0004635 195.3831 164.7284 15.55402833312290 | 2022/09/26-11:31:05  194.8001    0.1255  164.7424   92.5805     6779.1189     6775.9768     6782.2610  93.079267 -28.249835  -0.000463   0.000012
1 42036U 17008CS  22271.15245447  .00091644  00000-0  13189-2 0  9995 | 2 42036  97.2708 344.8181 0004726 190.5438 169.5719 15.55728207312554 | 2022/09/28-03:39:32   76.8552    0.1255  169.5817   92.5612     6778.1736     6774.9703     6781.3770  93.875978 -25.473697  -0.000471   0.000038
1 42036U 17008CS  22272.43879256  .00083091  00000-0  11882-2 0  9993 | 2 42036  97.2704 346.1275 0004715 188.6642 171.4532 15.55934195312754 | 2022/09/29-10:31:51  179.8937    0.1254  171.4612   92.5489     6777.5754     6774.3798     6780.7710  94.433185 -23.321756  -0.000470   0.000043
1 42036U 17008CS  22273.46772574  .00094420  00000-0  13381-2 0  9996 | 2 42036  97.2701 347.1752 0004756 184.6165 175.5047 15.56136871312913 | 2022/09/30-11:13:31  190.2723    0.1255  175.5090   92.5368     6776.9869     6773.7638     6780.2100  94.843539 -21.591099  -0.000471   0.000068
1 42036U 17008CS  22274.75369190  .00096292  00000-0  13508-2 0  9995 | 2 42036  97.2700 348.4841 0004659 182.5468 177.5764 15.56406896313118 | 2022/10/01-18:05:18  293.1767    0.1255  177.5787   92.5208     6776.2030     6773.0460     6779.3601  95.311891 -19.418969  -0.000460   0.000073
1 42036U 17008CS  22276.16798804  .00156323  00000-0  21473-2 0  9992 | 2 42036  97.2700 349.9239 0004601 179.5153 180.6108 15.56764426313336 | 2022/10/03-04:01:54   82.2746    0.1255  180.6102   92.4995     6775.1655     6772.0483     6778.2828  95.769731 -17.017974  -0.000452   0.000084
1 42036U 17008CS  22277.19635039  .00154461  00000-0  20991-2 0  9991 | 2 42036  97.2704 350.9717 0004478 177.7233 182.4044 15.57061292313492 | 2022/10/04-04:42:44   92.4493    0.1255  182.4022   92.4819     6774.3043     6771.2708     6777.3379  96.065312 -15.263894  -0.000439   0.000088
1 42036U 17008CS  22279.18825204  .00166716  00000-0  22145-2 0  9996 | 2 42036  97.2707 353.0028 0004231 173.2021 186.9293 15.57635194313805 | 2022/10/06-04:31:04   89.4624    0.1256  186.9235   92.4478     6772.6402     6769.7747     6775.5058  96.546238 -11.849598  -0.000411   0.000101
1 42036U 17008CS  22281.17937234  .00163276  00000-0  21194-2 0  9996 | 2 42036  97.2702 355.0351 0003932 169.6749 190.4589 15.58266083314115 | 2022/10/08-04:18:17   86.1935    0.1256  190.4507   92.4104     6770.8121     6768.1498     6773.4744  96.905233  -8.418293  -0.000379   0.000104
1 42036U 17008CS  22282.20672451  .00174439  00000-0  22318-2 0  9990 | 2 42036  97.2698 356.0843 0003811 166.6284 193.5074 15.58614742314272 | 2022/10/09-04:57:40   96.0017    0.1256  193.4972   92.3897     6769.8023     6767.2224     6772.3823  97.042734  -6.642425  -0.000364   0.000113
1 42036U 17008CS  22284.19654596  .00164762  00000-0  20565-2 0  9990 | 2 42036  97.2692 358.1182 0003500 161.5932 198.5452 15.59306617314583 | 2022/10/11-04:43:01   92.2622    0.1256  198.5324   92.3487     6767.7996     6765.4309     6770.1684  97.216742  -3.194097  -0.000328   0.000121
1 42036U 17008CS  22285.47986262  .00184900  00000-0  22688-2 0  9994 | 2 42036  97.2682 359.4310 0003268 159.3930 200.7459 15.59691680314785 | 2022/10/12-11:31:00  194.2078    0.1256  200.7326   92.3259     6766.6857     6764.4743     6768.8970  97.263404  -0.965947  -0.000305   0.000118
1 42036U 17008CS  22286.95528579  .00141884  00000-0  17218-2 0  9998 | 2 42036  97.2678   0.9405 0003188 153.7039 206.4381 15.60129045315019 | 2022/10/13-22:55:36    5.3018    0.1257  206.4218   92.3001     6765.4210     6763.2642     6767.5778  97.254696   1.596562  -0.000288   0.000137
1 42036U 17008CS  22288.17377668  .00173114  00000-0  20596-2 0  9999 | 2 42036  97.2676   2.1882 0003104 150.0410 210.1026 15.60545537315208 | 2022/10/15-04:10:14   83.9102    0.1258  210.0848   92.2754     6764.2172     6762.1176     6766.3168  97.196673   3.713873  -0.000275   0.000145
1 42036U 17008CS  22289.19962734  .00148671  00000-0  17519-2 0  9997 | 2 42036  97.2666   3.2379 0002758 151.9840 208.1566 15.60879820315369 | 2022/10/16-04:47:27   93.1809    0.1257  208.1417   92.2557     6763.2514     6761.3861     6765.1167  97.111326   5.493806  -0.000250   0.000116
1 42036U 17008CS  22290.73803128  .00142231  00000-0  16498-2 0  9991 | 2 42036  97.2664   4.8150 0002425 148.9389 211.2013 15.61314280315600 | 2022/10/17-17:42:45  286.9459    0.1258  211.1869   92.2300     6761.9967     6760.3569     6763.6365  96.923139   8.164417  -0.000217   0.000107
1 42036U 17008CS  22292.14787310  .00126977  00000-0  14551-2 0  9999 | 2 42036  97.2669   6.2607 0002440 145.2636 214.8782 15.61681666315821 | 2022/10/19-03:32:56   74.4313    0.1258  214.8622   92.2083     6760.9361     6759.2865     6762.5858  96.686799  10.607200  -0.000214   0.000116
1 42036U 17008CS  22293.17301091  .00117008  00000-0  13297-2 0  9992 | 2 42036  97.2667   7.3122 0002411 140.3100 219.8335 15.61932732315982 | 2022/10/20-04:09:08   83.4381    0.1258  219.8158   92.1935     6760.2116     6758.5817     6761.8415  96.475665  12.379698  -0.000204   0.000129
1 42036U 17008CS  22294.19797858  .00127388  00000-0  14307-2 0  9990 | 2 42036  97.2672   8.3643 0002198 138.0988 222.0438 15.62204036316146 | 2022/10/21-04:45:05   92.3855    0.1257  222.0269   92.1775     6759.4289     6757.9432     6760.9146  96.232585  14.149129  -0.000183   0.000121
1 42036U 17008CS  22295.47894472  .00141418  00000-0  15661-2 0  9996 | 2 42036  97.2669   9.6804 0002073 133.4269 226.7162 15.62521283316341 | 2022/10/22-11:29:40  193.4793    0.1258  226.6989   92.1587     6758.5139     6757.1129     6759.9150  95.881921  16.355641  -0.000166   0.000124
1 42036U 17008CS  22296.75959723  .00145668  00000-0  15863-2 0  9994 | 2 42036  97.2666  10.9960 0001812 130.6817 229.4599 15.62941159316548 | 2022/10/23-18:13:49  294.4624    0.1258  229.4441   92.1340     6757.3035     6756.0790     6758.5279  95.480834  18.552676  -0.000142   0.000112
1 42036U 17008CS  22298.48800055  .00112599  00000-0  12107-2 0  9994 | 2 42036  97.2659  12.7731 0001670 125.6739 234.4675 15.63377772316811 | 2022/10/25-11:42:43  196.6143    0.1258  234.4519   92.1083     6756.0453     6754.9170     6757.1736  94.858886  21.504581  -0.000125   0.000111
1 42036U 17008CS  22299.76800748  .00109988  00000-0  11691-2 0  9990 | 2 42036  97.2658  14.0897 0001540 119.0501 241.0912 15.63681520317018 | 2022/10/26-18:25:55  297.3619    0.1259  241.0758   92.0904     6755.1704     6754.1301     6756.2106  94.339636  23.678450  -0.000105   0.000112
1 42036U 17008CS  22301.17569543  .00135416  00000-0  14116-2 0  9994 | 2 42036  97.2647  15.5378 0001518 115.1189 245.0228 15.64095602317239 | 2022/10/28-04:13:00   84.0686    0.1259  245.0070   92.0660     6753.9780     6752.9528     6755.0033  93.710058  26.054690  -0.000099   0.000115
1 42036U 17008CS  22302.19922021  .00184160  00000-0  18811-2 0  9997 | 2 42036  97.2644  16.5911 0001378 107.9007 252.2403 15.64456108317396 | 2022/10/29-04:46:52   92.4937    0.1260  252.2253   92.0448     6752.9404     6752.0099     6753.8710  93.214985  27.772828  -0.000078   0.000114
1 42036U 17008CS  22303.47826117  .00174967  00000-0  17547-2 0  9997 | 2 42036  97.2640  17.9083 0001515  95.4365 264.7068 15.64951544317599 | 2022/10/30-11:28:41  192.8896    0.1260  264.6895   92.0156     6751.5151     6750.4923     6752.5380  92.551547  29.908142  -0.000060   0.000139
1 42036U 17008CS  22305.20432740  .00187588  00000-0  18277-2 0  9999 | 2 42036  97.2640  19.6878 0000906  79.2924 280.8438 15.65641648317866 | 2022/11/01-04:54:13   94.2024    0.1260  280.8336   91.9751     6749.5310     6748.9195     6750.1425  91.578170  32.767734  -0.000014   0.000089
1 42036U 17008CS  22306.48240253  .00218224  00000-0  20753-2 0  9990 | 2 42036  97.2641  21.0069 0000747  62.9941 297.1396 15.66154650318067 | 2022/11/02-11:34:39  194.2526    0.1261  297.1320   91.9449     6748.0570     6747.5530     6748.5611  90.799662  34.867271   0.000008   0.000074
1 42036U 17008CS  22308.14320891  .00290384  00000-0  26457-2 0  9996 | 2 42036  97.2651  22.7228 0000803  44.8640 315.2686 15.67003082318327 | 2022/11/04-03:26:13   72.0650    0.1261  315.2621   91.8952     6745.6211     6745.0794     6746.1627  89.715816  37.570894   0.000031   0.000074
1 42036U 17008CS  22309.16479039  .00226991  00000-0  20442-2 0  9999 | 2 42036  97.2642  23.7787 0000883  15.9679 344.1609 15.67487405318485 | 2022/11/05-03:57:17   79.7892    0.1260  344.1581   91.8668     6744.2315     6743.6360     6744.8270  89.007406  39.217424   0.000068   0.000056
1 42036U 17008CS  22310.18606704  .00200926  00000-0  17827-2 0  9997 | 2 42036  97.2636  24.8350 0001115   4.7845 355.3427 15.67936600318642 | 2022/11/06-04:27:56   87.4007    0.1262  355.3417   91.8404     6742.9433     6742.1915     6743.6952  88.268767  40.851348   0.000097   0.000055
1 42036U 17008CS  22311.65365239  .00249040  00000-0  21405-2 0  9992 | 2 42036  97.2635  26.3546 0001308 352.5920   7.5323 15.68573255318877 | 2022/11/07-15:41:15  255.6612    0.1263    7.5343   91.8032     6741.1186     6740.2369     6742.0004  87.154301  43.177728   0.000124   0.000042
1 42036U 17008CS  22312.67415588  .00235104  00000-0  19749-2 0  9992 | 2 42036  97.2625  27.4124 0001472 349.8406  10.2826 15.69177761319031 | 2022/11/08-16:10:47  262.9917    0.1262   10.2856   91.7678     6739.3872     6738.3952     6740.3793  86.341455  44.778869   0.000141   0.000044
1 42036U 17008CS  22314.14048219  .00249307  00000-0  20248-2 0  9995 | 2 42036  97.2621  28.9332 0001836 339.6677  20.4512 15.69956755319263 | 2022/11/10-03:22:17   70.7979    0.1263   20.4586   91.7223     6737.1577     6735.9208     6738.3947  85.122267  47.054391   0.000182   0.000027
1 42036U 17008CS  22315.16017602  .00190297  00000-0  15319-2 0  9996 | 2 42036  97.2615  29.9920 0001995 330.9789  29.1363 15.70346813319422 | 2022/11/11-03:50:39   77.8376    0.1263   29.1474   91.6995     6736.0421     6734.6982     6737.3859  84.237719  48.618989   0.000199   0.000003
1 42036U 17008CS  22316.43440209  .00251968  00000-0  19646-2 0  9990 | 2 42036  97.2608  31.3154 0002129 326.2382  33.8745 15.70935457319623 | 2022/11/12-10:25:32  176.4941    0.1263   33.8881   91.6651     6734.3592     6732.9255     6735.7930  83.091765  50.551180   0.000213  -0.000009
1 42036U 17008CS  22317.77183092  .00231375  00000-0  17648-2 0  9992 | 2 42036  97.2608  32.7054 0002279 321.4968  38.6133 15.71523657319833 | 2022/11/13-18:31:26  297.8993    0.1264   38.6296   91.6308     6732.6788     6731.1444     6734.2131  81.841059  52.551919   0.000227  -0.000023
1 42036U 17008CS  22319.17240882  .00209059  00000-0  15590-2 0  9997 | 2 42036  97.2600  34.1626 0002457 315.3202  44.7863 15.72127332320052 | 2022/11/15-04:08:16   82.0342    0.1263   44.8061   91.5956     6730.9551     6729.3013     6732.6089  80.477524  54.615709   0.000242  -0.000045
1 42036U 17008CS  22320.19068839  .00189293  00000-0  13911-2 0  9993 | 2 42036  97.2601  35.2225 0002548 315.5321  44.5738 15.72532242320212 | 2022/11/16-04:34:35   88.5592    0.1264   44.5943   91.5720     6729.7997     6728.0849     6731.5144  79.453572  56.095070   0.000251  -0.000041
1 42036U 17008CS  22321.20870584  .00188741  00000-0  13634-2 0  9993 | 2 42036  97.2603  36.2833 0002616 312.3106  47.7936 15.72940838320378 | 2022/11/17-05:00:32   94.9898    0.1264   47.8158   91.5483     6728.6342     6726.8739     6730.3944  78.401606  57.556530   0.000256  -0.000052
1 42036U 17008CS  22322.48086071  .00196837  00000-0  13909-2 0  9994 | 2 42036  97.2601  37.6098 0002727 309.0632  51.0389 15.73436909320576 | 2022/11/18-11:32:26  192.8950    0.1264   51.0632   91.5194     6727.2198     6725.3853     6729.0543  77.048019  59.355959   0.000265  -0.000063
1 42036U 17008CS  22324.13403410  .00201818  00000-0  13829-2 0  9995 | 2 42036  97.2605  39.3346 0002870 305.9771  54.1227 15.74143892320834 | 2022/11/20-03:13:00   67.9444    0.1265   54.1494   91.4783     6725.2054     6723.2753     6727.1356  75.226871  61.648380   0.000278  -0.000073
1 42036U 17008CS  22325.15100011  .00205717  00000-0  13830-2 0  9993 | 2 42036  97.2606  40.3964 0003047 304.3595  55.7381 15.74577131320999 | 2022/11/21-03:37:26   73.9949    0.1265   55.7670   91.4531     6723.9718     6721.9230     6726.0206  74.071633  63.031877   0.000294  -0.000080
1 42036U 17008CS  22326.16767711  .00202563  00000-0  13360-2 0  9995 | 2 42036  97.2599  41.4596 0003102 297.7977  62.2974 15.75030263321155 | 2022/11/22-04:01:27   79.9400    0.1266   62.3289   91.4268     6722.6821     6720.5967     6724.7674  72.888782  64.394981   0.000290  -0.000110
1 42036U 17008CS  22327.18407272  .00187513  00000-0  12165-2 0  9990 | 2 42036  97.2596  42.5226 0003198 296.9606  63.1333 15.75453848321314 | 2022/11/23-04:25:03   85.7825    0.1266   63.1660   91.4022     6721.4770     6719.3275     6723.6265  71.681375  65.735913   0.000300  -0.000112
1 42036U 17008CS  22328.20019679  .00204435  00000-0  12995-2 0  9998 | 2 42036  97.2599  43.5855 0003278 294.6891  65.4033 15.75876802321474 | 2022/11/24-04:48:17   91.5273    0.1266   65.4375   91.3777     6720.2743     6718.0714     6722.4772  70.449855  67.054501   0.000305  -0.000121
1 42036U 17008CS  22329.46996498  .00223649  00000-0  13843-2 0  9991 | 2 42036  97.2591  44.9151 0003304 291.9122  68.1792 15.76434614321673 | 2022/11/25-11:16:44  188.5668    0.1266   68.2144   91.3454     6718.6889     6716.4691     6720.9088  68.874400  68.670588   0.000304  -0.000130
1 42036U 17008CS  22330.48541084  .00271485  00000-0  16305-2 0  9999 | 2 42036  97.2577  45.9789 0003312 290.0649  70.0261 15.76992711321836 | 2022/11/26-11:38:59  194.0648    0.1267   70.0618   91.3130     6717.1037     6714.8790     6719.3284  67.586635  69.936449   0.000303  -0.000134
1 42036U 17008CS  22331.69079571  .00262083  00000-0  15314-2 0  9993 | 2 42036  97.2575  47.2427 0003478 287.6723  72.4163 15.77641031322022 | 2022/11/27-16:34:44  267.9300    0.1266   72.4543   91.2755     6715.2633     6712.9277     6717.5989  66.027562  71.409960   0.000315  -0.000147
1 42036U 17008CS  22332.95908265  .00241678  00000-0  13728-2 0  9998 | 2 42036  97.2576  48.5735 0003651 284.5748  75.5113 15.78332859322222 | 2022/11/28-23:01:04    4.4351    0.1266   75.5518   91.2355     6713.3008     6710.8498     6715.7519  64.351340  72.924247   0.000326  -0.000165
1 42036U 17008CS  22334.16341627  .00301283  00000-0  16449-2 0  9998 | 2 42036  97.2571  49.8389 0003730 282.5672  77.5178 15.79062948322412 | 2022/11/30-03:55:19   77.9179    0.1267   77.5595   91.1933     6711.2314     6708.7281     6713.7347  62.724894  74.327190   0.000331  -0.000173
1 42036U 17008CS  22335.17716401  .00332471  00000-0  17581-2 0  9997 | 2 42036  97.2565  50.9053 0003773 281.6040  78.4804 15.79692929322573 | 2022/12/01-04:15:06   82.8005    0.1268   78.5228   91.1570     6709.4470     6706.9155     6711.9785  61.330340  75.481231   0.000335  -0.000174
1 42036U 17008CS  22336.50704693  .00346412  00000-0  17550-2 0  9991 | 2 42036  97.2565  52.3050 0003892 280.9884  79.0946 15.80603690322782 | 2022/12/02-12:10:08  201.4709    0.1268   79.1384   91.1044     6706.8694     6704.2590     6709.4797  59.468264  76.956821   0.000348  -0.000175
1 42036U 17008CS  22337.70960952  .00349704  00000-0  17049-2 0  9996 | 2 42036  97.2567  53.5720 0003988 279.6687  80.4131 15.81437130322971 | 2022/12/03-17:01:50  274.3129    0.1269   80.4582   91.0564     6704.5127     6701.8390     6707.1865  57.752211  78.253101   0.000356  -0.000180
1 42036U 17008CS  22338.78505096  .00417916  00000-0  19502-2 0  9996 | 2 42036  97.2559  54.7073 0004210 280.2714  79.8080 15.82216621323140 | 2022/12/04-18:50:28  301.3989    0.1269   79.8555   91.0116     6702.3105     6699.4889     6705.1322  56.189950  79.381356   0.000381  -0.000178
1 42036U 17008CS  22339.79670189  .00448779  00000-0  20053-2 0  9998 | 2 42036  97.2551  55.7770 0004144 281.4659  78.6145 15.83076463323300 | 2022/12/05-19:07:15  305.5197    0.1270   78.6611   90.9621     6699.8834     6697.1070     6702.6599  54.697761  80.415853   0.000382  -0.000160
1 42036U 17008CS  22341.43944927  .00375569  00000-0  15870-2 0  9993 | 2 42036  97.2540  57.5154 0004155 284.5600  75.5209 15.84447449323568 | 2022/12/07-10:32:48  176.7890    0.1270   75.5670   90.8834     6696.0180     6693.2358     6698.8002  52.232488  82.037234   0.000395  -0.000128
1 42036U 17008CS  22343.20676160  .00571073  00000-0  21543-2 0  9993 | 2 42036  97.2542  59.3899 0004384 282.5737  77.5044 15.86360271323848 | 2022/12/09-04:57:44   92.8917    0.1272   77.5535   90.7738     6690.6343     6687.7011     6693.5675  49.521171  83.702049   0.000417  -0.000136
1 42036U 17008CS  22344.78293785  .00587877  00000-0  20400-2 0  9995 | 2 42036  97.2532  61.0656 0004522 283.0838  76.9929 15.88042423324091 | 2022/12/10-18:47:25  300.1944    0.1272   77.0434   90.6777     6685.9087     6682.8853     6688.9321  47.051868  85.113492   0.000435  -0.000124
1 42036U 17008CS  22346.16855167  .00585217  13355-3  20080-2 0  9997 | 2 42036  97.2502  62.5421 0004158 286.7819  73.2998 15.89640731324316 | 2022/12/12-04:02:42   78.8996    0.1273   73.3454   90.5865     6681.4264     6678.6482     6684.2045  44.841749  86.294953   0.000409  -0.000077
1 42036U 17008CS  22347.17529168  .00700941  19897-3  22388-2 0  9991 | 2 42036  97.2504  63.6174 0004565 285.2539  74.8230 15.91070519324477 | 2022/12/13-04:12:25   81.2478    0.1274   74.8735   90.5051     6677.4230     6674.3748     6680.4712  43.214493  87.121455   0.000448  -0.000088
1 42036U 17008CS  22348.49522459  .00772394  25175-3  22261-2 0  9990 | 2 42036  97.2495  65.0302 0004626 289.1376  70.9397 15.93079005324680 | 2022/12/14-11:53:07  196.3114    0.1274   70.9898   90.3910     6671.8094     6668.7230     6674.8958  41.052952  88.159630   0.000460  -0.000047
1 42036U 17008CS  22349.75070343  .00894212  35732-3  23032-2 0  9991 | 2 42036  97.2476  66.3774 0005194 292.1883  67.8841 15.95232734324887 | 2022/12/15-18:01:00  288.1790    0.1276   67.9393   90.2690     6665.8030     6662.3408     6669.2652  38.968130  89.098712   0.000519  -0.000013
1 42036U 17008CS  22350.75384680  .01053287  52980-3  24644-2 0  9999 | 2 42036  97.2474  67.4572 0005341 294.9239  65.1483 15.97057424325047 | 2022/12/16-18:05:32  289.2197    0.1278   65.2039   90.1658     6660.7247     6657.1673     6664.2822  37.282073  89.817058   0.000534   0.000022
1 42036U 17008CS  22351.75571632  .01051743  54641-3  21920-2 0  9990 | 2 42036  97.2477  68.5380 0005697 292.5459  67.5216 15.99151922325209 | 2022/12/17-18:08:13  289.8041    0.1278   67.5819   90.0477     6654.9075     6651.1162     6658.6988  35.581384  90.504587   0.000570   0.000011
1 42036U 17008CS  22352.75620176  .01169903  72674-3  21441-2 0  9991 | 2 42036  97.2472  69.6217 0005880 295.8553  64.2119 16.01462801325368 | 2022/12/18-18:08:55  289.8816    0.1279   64.2726   89.9178     6648.5041     6644.5947     6652.4134  33.863132  91.160881   0.000585   0.000056
1 42036U 17008CS  22354.19142430  .01555691  15938-2  22078-2 0  9992 | 2 42036  97.2460  71.1834 0006579 300.1088  59.9541 16.06000403325593 | 2022/12/20-04:35:39   86.4190    0.1282   60.0194   89.6637     6635.9750     6631.6092     6640.3408  31.365720  92.048770   0.000645   0.000129
1 42036U 17008CS  22355.31136149  .01992475  35773-2  21738-2 0  9993 | 2 42036  97.2439  72.4084 0006455 300.3846  59.6800 16.10707028325774 | 2022/12/21-07:28:21  129.4735    0.1285   59.7439   89.4017     6623.0414     6618.7663     6627.3166  29.390038  92.696288   0.000629   0.000143
1 42036U 17008CS  22356.48961113  .03309780  23140-5  21758-2 0  9992 | 2 42036  97.2424  73.7105 0007654 296.6062  63.4441 16.17115102325963 | 2022/12/22-11:45:02  193.5169    0.1288   63.5226   89.0475     6605.5333     6600.4774     6610.5892  27.275600  93.338770   0.000753   0.000137
1 42036U 17008CS  22357.96834619  .11735706  23866-5  13915-2 0  9997 | 2 42036  97.2334  75.3661 0009326 291.6794  68.3511 16.36523485326201 | 2022/12/23-23:14:25    5.6833    0.1299   68.4505   87.9914     6553.2039     6547.0924     6559.3154  24.565229  94.079135   0.000926   0.000114
