# SPACE DATA - HISTORICAL TLEs
# ----------------------------
# NORAD_ID    : 41763
# OBJECT_NAME : FLOCK 2EP 16
# --------------------------------------------------------------------+-----------------------------------------------------------------------+----------------------------------------------------------------------------------------------------------------------------------------
#                  LINE 1                                             |                 LINE 2                                                |      DERIVED PARAMETERS
# --------------------------------------------------------------------+-----------------------------------------------------------------------+----------------------------------------------------------------------------------------------------------------------------------------
# NORAD  COSPAR     TLE_EPOCH      MEANMOT1 MEANMOT2   BSTAR  #  REV  |   NORAD    INC     RAAN     ECC    ARGPER  MEANANOM   MEANMOT     REV |  CAL_DATE              LONG     ARGLAT     PERIOD        SMA         PERIGEE        APOGEE      INC_X      INC_Y      ECC_X      ECC_Y
# ------ ------   -------------- ----------  -------  ------- -- ----     -----  ------- -------- ------- -------- -------- -----------  ----   ------------------- ---------  --------  --------  ------------  ------------   ----------- ---------- ----------  ---------  ---------   
1 42041U 17008CX  17060.46881088  .00013735  00000-0  59798-3 0  9994 | 2 42041  97.5072 122.0854 0006552 228.1861 131.8911 15.22325126  2152 | 2017/03/01-11:15:05  206.0628    0.1331  131.9470   94.5921     6876.9663     6872.4605     6881.4721 -51.794138  82.613687   0.000646  -0.000111
1 42041U 17008CX  17061.84915527  .00005810  00000-0  25496-3 0  9996 | 2 42041  97.5063 123.4606 0006685 225.5153 134.5054 15.22330749  2362 | 2017/03/02-20:22:47  343.0286    0.0753  134.5600   94.5918     6876.9494     6872.3521     6881.5466 -53.761408  81.346110   0.000656  -0.000128
1 42041U 17008CX  17063.09804131  .00005960  00000-0  26133-3 0  9998 | 2 42041  97.5071 124.7088 0006524 220.5779 139.4929 15.22346362  2554 | 2017/03/04-02:21:10   72.5602    0.1193  139.5414   94.5908     6876.9024     6872.4159     6881.3889 -55.521107  80.156355   0.000631  -0.000166
1 42041U 17008CX  17064.60983861  .00004189  00000-0  18461-3 0  9991 | 2 42041  97.5080 126.2195 0006379 213.3496 146.7279 15.22351689  2786 | 2017/03/05-14:38:10  256.7799    0.1176  146.7680   94.5905     6876.8863     6872.4996     6881.2731 -57.615554  78.665482   0.000598  -0.000223
1 42041U 17008CX  17065.79297735  .00003885  00000-0  17140-3 0  9995 | 2 42041  97.5081 127.4021 0006530 205.9684 154.1214 15.22358889  2964 | 2017/03/06-19:01:53  322.6811    0.1224  154.1540   94.5900     6876.8646     6872.3741     6881.3552 -59.226903  77.459690   0.000584  -0.000293
1 42041U 17008CX  17067.10757049  .00002811  00000-0  12490-3 0  9992 | 2 42041  97.5083 128.7162 0006581 200.7663 159.2820 15.22358989  3165 | 2017/03/08-02:34:54   75.9578    0.0750  159.3087   94.5900     6876.8643     6872.3387     6881.3900 -60.987862  76.081201   0.000567  -0.000334
1 42041U 17008CX  17068.81655485 +.00001920 +00000-0 +86290-4 0  9992 | 2 42041 097.5095 130.4231 0006461 195.3199 164.7824 15.22360087003421 | 2017/03/09-19:35:50  331.1157    0.1217  164.8018   94.5900     6876.8610     6872.4179     6881.3042 -63.227781  74.231734   0.000534  -0.000364
1 42041U 17008CX  17070.45978880  .00001901  00000-0  85442-4 0  9999 | 2 42041  97.5090 132.0668 0007198 187.3102 172.8051 15.22366539  3678 | 2017/03/11-11:02:05  202.6429    0.1256  172.8154   94.5896     6876.8416     6871.8917     6881.7916 -65.330695  72.387190   0.000546  -0.000469
1 42041U 17008CX  17071.70864451 +.00001447 +00000-0 +65781-4 0  9995 | 2 42041 097.5082 133.3137 0007544 183.3707 176.7466 15.22368092003866 | 2017/03/12-17:00:26  292.2130    0.1222  176.7515   94.5895     6876.8369     6871.6490     6882.0248 -66.889879  70.947820   0.000549  -0.000518
1 42041U 17008CX  17072.95749665  .00001589  00000-0  71886-4 0  9992 | 2 42041  97.5080 134.5607 0007762 179.0879 181.0418 15.22373048  4058 | 2017/03/13-22:58:47   21.7713    0.1281  181.0402   94.5892     6876.8220     6871.4842     6882.1598 -68.417902  69.475181   0.000536  -0.000562
1 42041U 17008CX  17074.73217226 +.00001863 +00000-0 +83750-4 0  9991 | 2 42041 097.5073 136.3322 0007700 172.6865 187.4507 15.22381223004323 | 2017/03/15-17:34:19  300.6247    0.1258  187.4393   94.5887     6876.7974     6871.5023     6882.0925 -70.532423  67.326450   0.000485  -0.000598
1 42041U 17008CX  17076.76972015 +.00004343 +00000-0 +19090-3 0  9991 | 2 42041 097.5064 138.3675 0008040 168.2882 191.8542 15.22411453004635 | 2017/03/17-18:28:23  314.1097    0.1235  191.8353   94.5868     6876.7064     6871.1775     6882.2352 -72.878367  64.778404   0.000480  -0.000645
1 42041U 17008CX  17078.74153566 +.00003750 +00000-0 +16520-3 0  9999 | 2 42041 097.5061 140.3370 0008017 160.3646 199.7841 15.22423049004938 | 2017/03/19-17:47:48  303.9310    0.1176  199.7530   94.5861     6876.6714     6871.1584     6882.1845 -75.061355  62.235299   0.000409  -0.000689
1 42041U 17008CX  17079.79316493 +.00003380 +00000-0 +14920-3 0  9996 | 2 42041 097.5056 141.3858 0008234 156.8232 203.3295 15.22427930005092 | 2017/03/20-19:02:09  322.5013    0.1154  203.2922   94.5858     6876.6567     6870.9945     6882.3190 -76.187544  60.850638   0.000389  -0.000726
1 42041U 17008CX  17081.76496906 +.00002208 +00000-0 +98533-4 0  9995 | 2 42041 097.5055 143.3547 0008436 151.3700 208.7983 15.22430774005398 | 2017/03/22-18:21:33  312.3098    0.1218  208.7518   94.5856     6876.6482     6870.8470     6882.4493 -78.233131  58.197077   0.000353  -0.000766
1 42041U 17008CX  17083.86820629 +.00002432 +00000-0 +10815-3 0  9996 | 2 42041 097.5053 145.4569 0008528 145.0013 215.1778 15.22442447005712 | 2017/03/24-20:50:13  349.4353    0.1228  215.1215   94.5849     6876.6130     6870.7486     6882.4774 -80.315104  55.288042   0.000298  -0.000799
1 42041U 17008CX  17084.91981876 +.00002473 +00000-0 +10992-3 0  9996 | 2 42041 097.5053 146.5071 0008759 141.9995 218.1826 15.22448020005879 | 2017/03/25-22:04:32    7.9991    0.1201  218.1206   94.5845     6876.5962     6870.5730     6882.6195 -81.314956  53.806705   0.000278  -0.000831
1 42041U 17008CX  17086.89158590 +.00002236 +00000-0 +99653-4 0  9993 | 2 42041 097.5051 148.4769 0009044 137.1173 223.0733 15.22455914006171 | 2017/03/27-21:23:53  357.8004    0.1199  223.0026   94.5840     6876.5725     6870.3533     6882.7916 -83.116218  50.979789   0.000243  -0.000871
1 42041U 17008CX  17088.92905787 +.00004218 +00000-0 +18509-3 0  9999 | 2 42041 097.5039 150.5081 0009650 133.7269 226.4694 15.22473480006484 | 2017/03/29-22:17:50   11.2616    0.1162  226.3893   94.5829     6876.5196     6869.8837     6883.1554 -84.869862  48.001220   0.000237  -0.000935
1 42041U 17008CX  17090.83506654 +.00003260 +00000-0 +14370-3 0  9990 | 2 42041 097.5038 152.4132 0009619 126.3146 233.8982 15.22485027006772 | 2017/03/31-20:02:29  337.3818    0.1238  233.8092   94.5822     6876.4848     6869.8703     6883.0993 -86.418621  45.153216   0.000146  -0.000951
1 42041U 17008CX  17092.74105512 +.00003422 +00000-0 +15065-3 0  9992 | 2 42041 097.5033 154.3164 0009660 120.4777 239.7374 15.22499178007069 | 2017/04/02-17:47:07  303.5108    0.1195  239.6418   94.5813     6876.4422     6869.7996     6883.0848 -87.870082  42.258042   0.000081  -0.000963
1 42041U 17008CX  17094.90992660 +.00003011 +00000-0 +13290-3 0  9992 | 2 42041 097.5033 156.4817 0009349 113.9888 246.2328 15.22509859007397 | 2017/04/04-21:50:17    4.2705    0.1236  246.1348   94.5807     6876.4100     6869.9813     6882.8388 -89.403961  38.907907   0.000008  -0.000935
1 42041U 17008CX  17096.88160978 +.00002694 +00000-0 +11918-3 0  9991 | 2 42041 097.5033 158.4505 0009362 108.3251 251.9004 15.22520921007690 | 2017/04/06-21:09:31  354.0471    0.1236  251.7985   94.5800     6876.3767     6869.9391     6882.8144 -90.687877  35.813441  -0.000053  -0.000935
1 42041U 17008CX  17097.93316865 +.00002154 +00000-0 +95923-4 0  9996 | 2 42041 097.5032 159.5004 0009406 105.4511 254.7765 15.22525182007858 | 2017/04/07-22:23:45   12.5928    0.1236  254.6725   94.5797     6876.3639     6869.8960     6882.8318 -91.328774  34.145703  -0.000083  -0.000937
1 42041U 17008CX  17099.90483085 +.00002253 +00000-0 +10013-3 0  9990 | 2 42041 097.5026 161.4687 0009424 099.8693 260.3607 15.22535771008154 | 2017/04/09-21:42:57    2.3639    0.1236  260.2543   94.5791     6876.3320     6869.8518     6882.8123 -92.447107  30.988536  -0.000142  -0.000932
1 42041U 17008CX  17101.94220186 +.00001826 +00000-0 +81715-4 0  9992 | 2 42041 097.5021 163.5027 0009408 094.1170 266.1141 15.22544921008468 | 2017/04/11-22:36:46   15.7904    0.1235  266.0065   94.5785     6876.3045     6869.8352     6882.7737 -93.488243  27.687687  -0.000202  -0.000919
1 42041U 17008CX  17103.91384113 +.00001861 +00000-0 +83226-4 0  9990 | 2 42041 097.5020 165.4710 0009360 088.2589 271.9719 15.22552427008760 | 2017/04/13-21:55:55    5.5559    0.1236  271.8647   94.5780     6876.2819     6869.8457     6882.7181 -94.383963  24.460326  -0.000262  -0.000899
1 42041U 17008CX  17105.95118860 +.00001821 +00000-0 +81491-4 0  9998 | 2 42041 097.5012 167.5050 0009331 082.7294 277.5003 15.22561941009075 | 2017/04/15-22:49:42   18.9762    0.1237  277.3943   94.5774     6876.2532     6869.8370     6882.6695 -95.191873  21.094815  -0.000316  -0.000878
1 42041U 17008CX  17107.92280360 +.00002562 +00000-0 +11334-3 0  9993 | 2 42041 097.5011 169.4733 0009272 077.0816 283.1455 15.22573072009379 | 2017/04/17-22:08:50    8.7352    0.1236  283.0420   94.5767     6876.2197     6869.8441     6882.5953 -95.860145  17.812837  -0.000369  -0.000851
1 42041U 17008CX  17109.82868663 +.00002476 +00000-0 +10962-3 0  9992 | 2 42041 097.5011 171.3759 0009178 071.5857 288.6376 15.22581579009663 | 2017/04/19-19:53:18  334.8329    0.1236  288.5379   94.5762     6876.1941     6869.8831     6882.5051 -96.398694  14.620409  -0.000417  -0.000817
1 42041U 17008CX  17110.88020272 +.00002463 +00000-0 +10903-3 0  9997 | 2 42041 097.5011 172.4256 0009125 068.5314 291.6894 15.22587151009822 | 2017/04/20-21:07:29  353.3679    0.1236  291.5922   94.5759     6876.1773     6869.9028     6882.4518 -96.650357  12.851961  -0.000443  -0.000798
1 42041U 17008CX  17111.93171544 +.00002910 +00000-0 +12824-3 0  9994 | 2 42041 097.5011 173.4752 0009072 065.5228 294.6954 15.22593487009982 | 2017/04/21-22:21:40   11.9019    0.1237  294.6009   94.5755     6876.1582     6869.9202     6882.3963 -96.869562  11.079368  -0.000467  -0.000778
1 42041U 17008CX  17113.90328500 +.00004791 +00000-0 +20898-3 0  9998 | 2 42041 097.5009 175.4434 0008941 059.7067 300.5053 15.22611947010282 | 2017/04/23-21:40:43    1.6482    0.1237  300.4170   94.5743     6876.1027     6869.9547     6882.2506 -97.192733   7.745849  -0.000511  -0.000734
1 42041U 17008CX  17115.87483367 +.00003307 +00000-0 +14519-3 0  9994 | 2 42041 097.5004 177.4115 0008802 053.6962 306.5086 15.22624320010582 | 2017/04/25-20:59:45  351.3881    0.1237  306.4275   94.5736     6876.0654     6870.0131     6882.1177 -97.400916   4.403360  -0.000553  -0.000685
1 42041U 17008CX  17116.92631959 +.00002823 +00000-0 +12436-3 0  9991 | 2 42041 097.5001 178.4612 0008717 050.6893 309.5115 15.22630190010743 | 2017/04/26-22:13:54    9.9137    0.1237  309.4344   94.5732     6876.0477     6870.0539     6882.0416 -97.464938   2.618258  -0.000570  -0.000659
1 42041U 17008CX  17118.89784614 +.00001957 +00000-0 +87142-4 0  9990 | 2 42041 097.4996 180.4293 0008537 044.7050 315.4873 15.22638302011046 | 2017/04/28-21:32:53  359.6469    0.1237  315.4187   94.5727     6876.0233     6870.1533     6881.8934 -97.496863  -0.730528  -0.000602  -0.000605
1 42041U 17008CX  17120.93507967 +.00001796 +00000-0 +80233-4 0  9997 | 2 42041 097.4999 182.4628 0008372 038.0927 322.0899 15.22645850011351 | 2017/04/30-22:26:30   13.0351    0.1236  322.0309   94.5722     6876.0006     6870.2440     6881.7572 -97.409842  -4.189642  -0.000636  -0.000544
1 42041U 17008CX  17122.57800229 +.00001645 +00000-0 +73729-4 0  9991 | 2 42041 097.4997 184.1027 0008217 032.9600 327.2147 15.22651916011601 | 2017/05/02-13:52:19  244.4746    0.1237  327.1637   94.5718     6875.9823     6870.3323     6881.6323 -97.249848  -6.975562  -0.000656  -0.000495
1 42041U 17008CX  17123.89233633 +.00001484 +00000-0 +66820-4 0  9991 | 2 42041 097.4995 185.4146 0008095 028.7565 331.4116 15.22655961011801 | 2017/05/03-21:24:57  357.6251    0.1237  331.3672   94.5716     6875.9702     6870.4041     6881.5363 -97.064453  -9.200248  -0.000670  -0.000455
1 42041U 17008CX  17124.94380168 +.00001336 +00000-0 +60422-4 0  9992 | 2 42041 097.4994 186.4642 0007991 025.3893 334.7734 15.22658463011962 | 2017/05/04-22:39:04   16.1448    0.1236  334.7343   94.5714     6875.9626     6870.4680     6881.4572 -96.879537 -10.976715  -0.000679  -0.000422
1 42041U 17008CX  17126.52099573 +.00001277 +00000-0 +57901-4 0  9997 | 2 42041 097.4993 188.0385 0007818 020.2783 339.8762 15.22662886012202 | 2017/05/06-12:30:14  223.9231    0.1236  339.8453   94.5712     6875.9493     6870.5737     6881.3249 -96.541304 -13.634154  -0.000688  -0.000371
1 42041U 17008CX  17127.57245618 +.00001201 +00000-0 +54614-4 0  9991 | 2 42041 097.4991 189.0880 0007701 016.7881 343.3608 15.22665487012367 | 2017/05/07-13:44:20  242.4413    0.1236  343.3355   94.5710     6875.9415     6870.6463     6881.2366 -96.275185 -15.400106  -0.000693  -0.000336
1 42041U 17008CX  17128.88677947 +.00001107 +00000-0 +50586-4 0  9999 | 2 42041 097.4990 190.3998 0007555 012.4162 347.7259 15.22668370012569 | 2017/05/08-21:16:57  355.5881    0.1237  347.7075   94.5708     6875.9328     6870.7380     6881.1276 -95.897296 -17.600101  -0.000696  -0.000293
1 42041U 17008CX  17129.93823609 +.00001059 +00000-0 +48531-4 0  9997 | 2 42041 097.4988 191.4493 0007451 008.8021 351.3345 15.22670705012726 | 2017/05/09-22:31:03   14.1049    0.1237  351.3216   94.5707     6875.9258     6870.8025     6881.0490 -95.558646 -19.353584  -0.000699  -0.000258
1 42041U 17008CX  17131.12112244 +.00001207 +00000-0 +54888-4 0  9994 | 2 42041 097.4987 192.6300 0007324 004.6597 355.4706 15.22674509012908 | 2017/05/11-02:54:24   79.9355    0.1237  355.4640   94.5704     6875.9143     6870.8784     6880.9502 -95.139466 -21.318500  -0.000699  -0.000218
1 42041U 17008CX  17132.50115432 +.00001080 +00000-0 +49428-4 0  9992 | 2 42041 097.4986 194.0073 0007171 359.8012 000.3220 15.22677149013111 | 2017/05/12-12:01:39  216.7370    0.1237    0.3225   94.5703     6875.9064     6870.9757     6880.8371 -94.599469 -23.599099  -0.000696  -0.000171
1 42041U 17008CX  17133.55260548 +.00000994 +00000-0 +45723-4 0  9994 | 2 42041 097.4984 195.0567 0007068 355.9944 004.1234 15.22679095013270 | 2017/05/13-13:15:45  235.2518    0.1236    4.1292   94.5702     6875.9005     6871.0406     6880.7604 -94.151204 -25.327627  -0.000694  -0.000135
1 42041U 17008CX  17134.86691712 +.00000992 +00000-0 +45655-4 0  9992 | 2 42041 097.4983 196.3685 0006935 351.2224 008.8890 15.22681973013475 | 2017/05/14-20:48:21  348.3940    0.1237    8.9013   94.5700     6875.8919     6871.1234     6880.6603 -93.546602 -27.476386  -0.000687  -0.000092
1 42041U 17008CX  17135.91836456 +.00001116 +00000-0 +50943-4 0  9990 | 2 42041 097.4981 197.4179 0006820 347.2867 012.8196 15.22684987013634 | 2017/05/15-22:02:26    6.9071    0.1237   12.8370   94.5698     6875.8828     6871.1934     6880.5721 -93.027506 -29.184974  -0.000680  -0.000056
1 42041U 17008CX  17137.56124771 +.00001284 +00000-0 +58150-4 0  9997 | 2 42041 097.4980 199.0575 0006647 341.0330 019.0658 15.22689681013880 | 2017/05/17-13:28:11  238.3323    0.1237   19.0907   94.5695     6875.8686     6871.2983     6880.4390 -92.154268 -31.834743  -0.000665  -0.000001
1 42041U 17008CX  17138.61269017 +.00001414 +00000-0 +63755-4 0  9999 | 2 42041 097.4980 200.1069 0006547 336.9972 023.0970 15.22692975014047 | 2017/05/18-14:42:16  256.8431    0.1237   23.1265   94.5693     6875.8587     6871.3571     6880.3604 -91.555776 -33.517159  -0.000654   0.000033
1 42041U 17008CX  17139.92699037 +.00001514 +00000-0 +68025-4 0  9999 | 2 42041 097.4979 201.4186 0006427 331.6713 028.4173 15.22696976014242 | 2017/05/19-22:14:51    9.9805    0.1237   28.4524   94.5690     6875.8467     6871.4276     6880.2658 -90.764433 -35.604187  -0.000638   0.000077
1 42041U 17008CX  17141.56985901 +.00001713 +00000-0 +76537-4 0  9998 | 2 42041 097.4978 203.0583 0006293 324.9820 035.1002 15.22703517014498 | 2017/05/21-13:40:35  241.3992    0.1237   35.1417   94.5686     6875.8270     6871.5000     6880.1540 -89.708389 -38.186726  -0.000616   0.000130
1 42041U 17008CX  17142.88414965 +.00001649 +00000-0 +73811-4 0  9991 | 2 42041 097.4976 204.3700 0006191 319.5518 040.5258 15.22707641014699 | 2017/05/22-21:13:10  354.5322    0.1237   40.5719   94.5684     6875.8146     6871.5578     6880.0714 -88.810548 -40.230195  -0.000595   0.000171
1 42041U 17008CX  17144.19843603 +.00001686 +00000-0 +75381-4 0  9997 | 2 42041 097.4975 205.6816 0006106 313.9775 046.0957 15.22712426014895 | 2017/05/24-04:45:44  107.6635    0.1236   46.1461   94.5681     6875.8002     6871.6018     6879.9985 -87.866330 -42.252461  -0.000573   0.000212
1 42041U 17008CX  17145.57843256 +.00001569 +00000-0 +70353-4 0  9998 | 2 42041 097.4975 207.0588 0006009 307.9030 052.1663 15.22716911015106 | 2017/05/25-13:52:56  244.4491    0.1237   52.2207   94.5678     6875.7867     6871.6550     6879.9183 -86.825438 -44.352067  -0.000544   0.000254
1 42041U 17008CX  17146.89271134 +.00001453 +00000-0 +65369-4 0  9997 | 2 42041 097.4973 208.3706 0005942 302.1821 057.8839 15.22720991015302 | 2017/05/26-21:25:30  357.5764    0.1237   57.9416   94.5676     6875.7744     6871.6888     6879.8600 -85.787144 -46.328063  -0.000517   0.000292
1 42041U 17008CX  17147.94413216 +.00001325 +00000-0 +59875-4 0  9996 | 2 42041 097.4973 209.4199 0005893 297.5709 062.4928 15.22723671015463 | 2017/05/27-22:39:33   16.0772    0.1236   62.5527   94.5674     6875.7663     6871.7144     6879.8182 -84.924366 -47.891289  -0.000494   0.000321
1 42041U 17008CX  17149.58696723 +.00003483 +00000-0 +15233-3 0  9990 | 2 42041 097.4963 211.0595 0005769 289.7899 070.2715 15.22737765015714 | 2017/05/29-14:05:13  247.4798    0.1236   70.3337   94.5665     6875.7239     6871.7573     6879.6905 -83.518449 -50.301065  -0.000447   0.000364
1 42041U 17008CX  17150.90122210 +.00003010 +00000-0 +13202-3 0  9993 | 2 42041 097.4962 212.3712 0005773 283.7146 076.3448 15.22749264015911 | 2017/05/30-21:37:45    0.5973    0.1237   76.4091   94.5658     6875.6893     6871.7199     6879.6586 -82.345013 -52.199692  -0.000416   0.000400
1 42041U 17008CX  17152.87259735 +.00001255 +00000-0 +56810-4 0  9996 | 2 42041 097.4965 214.3386 0005759 274.6914 085.3664 15.22755124016215 | 2017/06/01-20:56:32  350.2696    0.1236   85.4322   94.5654     6875.6716     6871.7119     6879.6313 -80.504660 -54.996066  -0.000363   0.000447
1 42041U 17008CX  17153.92399597 +.00001402 +00000-0 +63135-4 0  9996 | 2 42041 097.4967 215.3877 0005784 270.2613 089.7960 15.22757417016370 | 2017/06/02-22:10:33    8.7608    0.1236   89.8623   94.5653     6875.6647     6871.6879     6879.6416 -79.484393 -56.460941  -0.000337   0.000470
1 42041U 17008CX  17155.56679995 +.00001480 +00000-0 +66452-4 0  9992 | 2 42041 097.4967 217.0272 0005812 262.8343 097.2232 15.22763466016622 | 2017/06/04-13:36:11  240.1498    0.1236   97.2893   94.5649     6875.6465     6871.6504     6879.6427 -77.836463 -58.711937  -0.000289   0.000504
1 42041U 17008CX  17156.88103821 +.00002031 +00000-0 +90017-4 0  9995 | 2 42041 097.4967 218.3387 0005834 256.5745 103.4842 15.22769927016820 | 2017/06/05-21:08:41  353.2583    0.1237  103.5492   94.5645     6875.6271     6871.6158     6879.6383 -76.472274 -60.478077  -0.000246   0.000529
1 42041U 17008CX  17157.93242671 +.00001764 +00000-0 +78597-4 0  9990 | 2 42041 097.4965 219.3880 0005885 252.1541 107.9053 15.22772521016983 | 2017/06/06-22:22:41   11.7444    0.1236  107.9695   94.5644     6875.6193     6871.5730     6879.6656 -75.351778 -61.868223  -0.000216   0.000547
1 42041U 17008CX  17159.50950141 +.00002771 +00000-0 +12167-3 0  9992 | 2 42041 097.4964 220.9617 0005942 244.7317 115.3304 15.22782094017226 | 2017/06/08-12:13:40  219.4693    0.1236  115.3919   94.5638     6875.5905     6871.5050     6879.6759 -73.624208 -63.914193  -0.000161   0.000572
1 42041U 17008CX  17160.88943769 +.00001639 +00000-0 +73221-4 0  9994 | 2 42041 097.4960 222.3388 0006040 238.7351 121.3294 15.22785246017434 | 2017/06/09-21:20:47  356.2270    0.1236  121.3885   94.5636     6875.5810     6871.4281     6879.7338 -72.066622 -65.664846  -0.000116   0.000593
1 42041U 17008CX  17161.94081607 +.00001198 +00000-0 +54332-4 0  9998 | 2 42041 097.4962 223.3880 0006112 234.5575 125.5091 15.22786852017598 | 2017/06/10-22:34:46   14.7082    0.1236  125.5661   94.5635     6875.5761     6871.3738     6879.7785 -70.852298 -66.973584  -0.000084   0.000605
1 42041U 17008CX  17163.51787983 +.00001285 +00000-0 +58030-4 0  9999 | 2 42041 097.4961 224.9618 0006225 227.8756 132.1951 15.22791708017836 | 2017/06/12-12:25:44  222.4277    0.1235  132.2479   94.5632     6875.5615     6871.2815     6879.8416 -68.986102 -68.894175  -0.000031   0.000622
1 42041U 17008CX  17164.56925331 +.00001295 +00000-0 +58467-4 0  9991 | 2 42041 097.4960 226.0111 0006310 223.5241 136.5498 15.22794456017997 | 2017/06/13-13:39:43  240.9060    0.1236  136.5995   94.5630     6875.5533     6871.2148     6879.8917 -67.712824 -70.145873   0.000005   0.000631
1 42041U 17008CX  17165.88346768 +.00001331 +00000-0 +60012-4 0  9998 | 2 42041 097.4959 227.3225 0006412 218.2062 141.8721 15.22798097018196 | 2017/06/14-21:12:11  354.0027    0.1236  141.9174   94.5628     6875.5423     6871.1337     6879.9509 -66.089645 -71.677119   0.000050   0.000639
1 42041U 17008CX  17166.93483761 +.00001077 +00000-0 +49116-4 0  9999 | 2 42041 097.4958 228.3716 0006512 213.9218 146.1603 15.22799301018351 | 2017/06/15-22:26:09   12.4792    0.1236  146.2018   94.5627     6875.5387     6871.0613     6880.0160 -64.766147 -72.875079   0.000087   0.000645
1 42041U 17008CX  17168.11762523 +.00001402 +00000-0 +63013-4 0  9991 | 2 42041 097.4957 229.5519 0006631 209.3036 150.7829 15.22804427018530 | 2017/06/17-02:49:22   78.2639    0.1236  150.8200   94.5624     6875.5232     6870.9641     6880.0824 -63.251212 -74.193637   0.000128   0.000651
1 42041U 17008CX  17169.56325167 +.00001376 +00000-0 +61906-4 0  9999 | 2 42041 097.4957 230.9945 0006773 203.6950 156.3975 15.22808320018752 | 2017/06/18-13:31:04  238.6657    0.1236  156.4286   94.5621     6875.5115     6870.8547     6880.1683 -61.363305 -75.762499   0.000179   0.000653
1 42041U 17008CX  17170.87745395 +.00001327 +00000-0 +59801-4 0  9991 | 2 42041 097.4956 232.3060 0006906 198.7483 161.3500 15.22811834018954 | 2017/06/19-21:03:32  351.7566    0.1236  161.3753   94.5619     6875.5009     6870.7527     6880.2492 -59.613117 -77.147056   0.000224   0.000653
1 42041U 17008CX  17172.52020228 +.00001430 +00000-0 +64199-4 0  9997 | 2 42041 097.4956 233.9453 0007082 192.6721 167.4338 15.22816848019206 | 2017/06/21-12:29:05  223.1182    0.1235  167.4514   94.5616     6875.4858     6870.6166     6880.3551 -57.381752 -78.820851   0.000281   0.000650
1 42041U 17008CX  17173.57155629 +.00002014 +00000-0 +89127-4 0  9994 | 2 42041 097.4955 234.9945 0007186 188.9965 171.1144 15.22823103019361 | 2017/06/22-13:43:02  241.5877    0.1236  171.1271   94.5612     6875.4670     6870.5263     6880.4077 -55.928788 -79.858270   0.000315   0.000646
1 42041U 17008CX  17174.88574689 +.00001798 +00000-0 +79879-4 0  9991 | 2 42041 097.4954 236.3058 0007326 184.3527 175.7647 15.22826728019567 | 2017/06/23-21:15:28  354.6739    0.1236  175.7709   94.5610     6875.4561     6870.4192     6880.4931 -54.086568 -81.117175   0.000359   0.000639
1 42041U 17008CX  17175.93709691 +.00001384 +00000-0 +62210-4 0  9993 | 2 42041 097.4954 237.3549 0007449 180.7019 179.4209 15.22828776019723 | 2017/06/24-22:29:25   13.1416    0.1237  179.4218   94.5609     6875.4499     6870.3284     6880.5715 -52.592309 -82.093861   0.000394   0.000632
1 42041U 17008CX  17177.11986321 +.00001175 +00000-0 +53279-4 0  9995 | 2 42041 097.4953 238.5352 0007586 176.6325 183.4964 15.22831519019905 | 2017/06/26-02:52:36   78.9169    0.1236  183.4911   94.5607     6875.4417     6870.2260     6880.6574 -50.890074 -83.159689   0.000433   0.000623
1 42041U 17008CX  17178.89400865 +.00001158 +00000-0 +52534-4 0  9999 | 2 42041 097.4951 240.3056 0007774 170.6570 189.4812 15.22836088020175 | 2017/06/27-21:27:22  357.5782    0.1235  189.4665   94.5604     6875.4279     6870.0830     6880.7729 -48.296515 -84.692037   0.000490   0.000604
1 42041U 17008CX  17180.53673149 +.00001087 +00000-0 +49501-4 0  9991 | 2 42041 097.4950 241.9447 0007944 165.2238 194.9232 15.22839948020428 | 2017/06/29-12:52:53  228.9297    0.1236  194.8998   94.5602     6875.4163     6869.9545     6880.8782 -45.854193 -86.038759   0.000540   0.000583
1 42041U 17008CX  17181.91661611 +.00000959 +00000-0 +44023-4 0  9996 | 2 42041 097.4949 243.3216 0008078 160.8307 199.3234 15.22842450020639 | 2017/06/30-21:59:55    5.6643    0.1235  199.2928   94.5600     6875.4088     6869.8548     6880.9627 -43.773472 -87.115663   0.000580   0.000563
1 42041U 17008CX  17183.55933136 +.00001219 +00000-0 +55102-4 0  9992 | 2 42041 097.4948 244.9608 0008238 155.6159 204.5468 15.22847753020881 | 2017/07/02-13:25:26  237.0131    0.1235  204.5076   94.5597     6875.3928     6869.7289     6881.0568 -41.263527 -88.332086   0.000626   0.000536
1 42041U 17008CX  17184.93920940 +.00001156 +00000-0 +52390-4 0  9990 | 2 42041 097.4948 246.3376 0008372 151.2483 208.9216 15.22850437021096 | 2017/07/03-22:32:27   13.7452    0.1235  208.8752   94.5595     6875.3847     6869.6287     6881.1408 -39.129225 -89.298039   0.000663   0.000511
1 42041U 17008CX  17186.18766827 +.00001058 +00000-0 +48205-4 0  9992 | 2 42041 097.4947 247.5833 0008488 147.4531 212.7230 15.22852649021282 | 2017/07/05-04:30:14  103.1691    0.1236  212.6705   94.5594     6875.3781     6869.5423     6881.2139 -37.178613 -90.127506   0.000695   0.000487
1 42041U 17008CX  17187.56754090 +.00000959 +00000-0 +43993-4 0  9992 | 2 42041 097.4947 248.9602 0008605 143.2434 216.9394 15.22855346021495 | 2017/07/06-13:37:15  239.8997    0.1236  216.8802   94.5592     6875.3700     6869.4537     6881.2862 -35.002193 -90.994852   0.000728   0.000459
1 42041U 17008CX  17188.88170290 +.00000981 +00000-0 +44923-4 0  9991 | 2 42041 097.4946 250.2714 0008699 139.2257 220.9632 15.22858312021693 | 2017/07/07-21:09:39  352.9760    0.1236  220.8979   94.5590     6875.3610     6869.3802     6881.3419 -32.910781 -91.771878   0.000757   0.000428
1 42041U 17008CX  17189.93303063 +.00001085 +00000-0 +49358-4 0  9997 | 2 42041 097.4945 251.3204 0008780 136.0673 224.1263 15.22861145021858 | 2017/07/08-22:23:33   11.4365    0.1236  224.0563   94.5589     6875.3525     6869.3160     6881.3891 -31.225121 -92.358916   0.000780   0.000404
1 42041U 17008CX  17191.57572558 +.00001354 +00000-0 +60813-4 0  9995 | 2 42041 097.4944 252.9595 0008891 131.2574 228.9430 15.22866591022104 | 2017/07/10-13:49:02  242.7799    0.1236  228.8662   94.5585     6875.3361     6869.2233     6881.4490 -28.570500 -93.214186   0.000811   0.000365
1 42041U 17008CX  17192.88987839 +.00001339 +00000-0 +60179-4 0  9990 | 2 42041 097.4942 254.2706 0008969 127.3239 232.8816 15.22869780022308 | 2017/07/11-21:21:25  355.8540    0.1236  232.7997   94.5583     6875.3265     6869.1600     6881.4930 -26.430131 -93.843312   0.000834   0.000330
1 42041U 17008CX  17193.94119863 +.00001238 +00000-0 +55884-4 0  9997 | 2 42041 097.4941 255.3196 0009023 124.2263 235.9830 15.22871897022466 | 2017/07/12-22:35:19   14.3128    0.1237  235.8974   94.5582     6875.3202     6869.1166     6881.5238 -24.707641 -94.311357   0.000850   0.000302
1 42041U 17008CX  17195.51817533 +.00001235 +00000-0 +55719-4 0  9995 | 2 42041 097.4940 256.8930 0009107 119.7538 240.4605 15.22875974022702 | 2017/07/14-12:26:10  222.0003    0.1236  240.3698   94.5579     6875.3079     6869.0465     6881.5692 -22.108744 -94.954113   0.000873   0.000261
1 42041U 17008CX  17196.89802635 +.00001482 +00000-0 +66274-4 0  9996 | 2 42041 097.4939 258.2698 0009156 115.7151 244.5032 15.22880828022914 | 2017/07/15-21:33:09  358.7259    0.1236  244.4085   94.5576     6875.2933     6868.9983     6881.5883 -19.820842 -95.457817   0.000888   0.000221
1 42041U 17008CX  17198.54069848 +.00001828 +00000-0 +80991-4 0  9997 | 2 42041 097.4938 259.9087 0009203 110.9781 249.2441 15.22888031023160 | 2017/07/17-12:58:36  230.0642    0.1236  249.1455   94.5572     6875.2716     6868.9443     6881.5989 -17.082594 -95.985551   0.000904   0.000174
1 42041U 17008CX  17199.92053962 +.00001995 +00000-0 +88092-4 0  9995 | 2 42041 097.4938 261.2853 0009290 107.2708 252.9546 15.22892600023378 | 2017/07/18-22:05:34    6.7872    0.1237  252.8529   94.5569     6875.2578     6868.8707     6881.6450 -14.771717 -96.368239   0.000919   0.000138
1 42041U 17008CX  17201.49749414 +.00001486 +00000-0 +66409-4 0  9998 | 2 42041 097.4936 262.8587 0009271 102.6643 257.5630 15.22896068023617 | 2017/07/20-11:56:23  214.4699    0.1236  257.4593   94.5567     6875.2474     6868.8734     6881.6215 -12.120086 -96.737302   0.000923   0.000089
1 42041U 17008CX  17202.54879435 +.00001462 +00000-0 +65360-4 0  9991 | 2 42041 097.4936 263.9076 0009288 099.6075 260.6211 15.22899418023773 | 2017/07/21-13:10:15  232.9240    0.1236  260.5161   94.5565     6875.2373     6868.8516     6881.6230 -10.347208 -96.942959   0.000927   0.000057
1 42041U 17008CX  17203.60009237 +.00001380 +00000-0 +61889-4 0  9995 | 2 42041 097.4935 264.9565 0009299 096.6482 263.5813 15.22902585023935 | 2017/07/22-14:24:07  251.3777    0.1236  263.4754   94.5563     6875.2278     6868.8345     6881.6211  -8.570853 -97.116029   0.000930   0.000026
1 42041U 17008CX  17204.91421172 +.00001350 +00000-0 +60583-4 0  9993 | 2 42041 097.4934 266.2676 0009292 092.9172 267.3128 15.22906659024130 | 2017/07/23-21:56:27    4.4443    0.1236  267.2064   94.5560     6875.2155     6868.8271     6881.6040  -6.346489 -97.286613   0.000929  -0.000013
1 42041U 17008CX  17206.16262227 +.00001249 +00000-0 +56284-4 0  9996 | 2 42041 097.4933 267.5131 0009280 089.3503 270.8797 15.22909682024325 | 2017/07/25-03:54:10   93.8571    0.1237  270.7734   94.5558     6875.2064     6868.8262     6881.5866  -4.230328 -97.401478   0.000927  -0.000051
1 42041U 17008CX  17207.21391338 +.00001277 +00000-0 +57456-4 0  9992 | 2 42041 097.4932 268.5620 0009266 086.3476 273.8820 15.22912598024485 | 2017/07/26-05:08:02  112.3096    0.1237  273.7761   94.5557     6875.1977     6868.8271     6881.5682  -2.446611 -97.462496   0.000923  -0.000082
1 42041U 17008CX  17208.85655237 +.00000897 +00000-0 +41254-4 0  9990 | 2 42041 097.4930 270.2008 0009232 081.7968 278.4315 15.22915270024739 | 2017/07/27-20:33:26  343.6412    0.1236  278.3268   94.5555     6875.1896     6868.8424     6881.5368   0.341675 -97.492401   0.000914  -0.000129
1 42041U 17008CX  17209.90783891 +.00000954 +00000-0 +43690-4 0  9995 | 2 42041 097.4929 271.2496 0009201 078.7733 281.4537 15.22918183024894 | 2017/07/28-21:47:17    2.0930    0.1236  281.3503   94.5553     6875.1808     6868.8550     6881.5067   2.126116 -97.469714   0.000906  -0.000159
1 42041U 17008CX  17211.87899770 +.00000902 +00000-0 +41481-4 0  9997 | 2 42041 097.4927 273.2161 0009140 073.0823 287.1415 15.22922133025195 | 2017/07/30-21:05:45  351.6898    0.1237  287.0414   94.5551     6875.1690     6868.8851     6881.4529   5.469542 -97.339153   0.000888  -0.000216
1 42041U 17008CX  17213.52162580 +.00000953 +00000-0 +43662-4 0  9992 | 2 42041 097.4927 274.8548 0009063 068.4818 291.7384 15.22925787025449 | 2017/08/01-12:31:08  223.0198    0.1237  291.6419   94.5548     6875.1580     6868.9270     6881.3889   8.250894 -97.142932   0.000868  -0.000260
1 42041U 17008CX  17214.90143071 +.00000998 +00000-0 +45550-4 0  9996 | 2 42041 097.4926 276.2313 0008991 064.3497 295.8667 15.22928765025652 | 2017/08/02-21:38:03  359.7369    0.1236  295.7739   94.5547     6875.1490     6868.9676     6881.3304  10.582084 -96.916596   0.000848  -0.000299
1 42041U 17008CX  17215.95270882 +.00001056 +00000-0 +48026-4 0  9990 | 2 42041 097.4925 277.2801 0008938 061.2263 298.9870 15.22931209025817 | 2017/08/03-22:51:54   18.1875    0.1237  298.8974   94.5545     6875.1416     6868.9966     6881.2866  12.354259 -96.706566   0.000832  -0.000327
1 42041U 17008CX  17217.59532554 +.00001315 +00000-0 +59040-4 0  9995 | 2 42041 097.4925 278.9187 0008836 056.4069 303.8010 15.22936705026065 | 2017/08/05-14:17:16  249.5154    0.1237  303.7168   94.5542     6875.1251     6869.0502     6881.2000  15.114538 -96.313749   0.000803  -0.000369
1 42041U 17008CX  17218.90941549 +.00001244 +00000-0 +56024-4 0  9999 | 2 42041 097.4923 280.2296 0008728 052.5441 307.6588 15.22939788026269 | 2017/08/06-21:49:33    2.5771    0.1237  307.5796   94.5540     6875.1158     6869.1152     6881.1164  17.313967 -95.942562   0.000776  -0.000399
1 42041U 17008CX  17220.28920656 +.00001185 +00000-0 +53505-4 0  9994 | 2 42041 097.4922 281.6060 0008627 048.3533 311.8440 15.22943258026479 | 2017/08/08-06:56:27  139.2911    0.1236  311.7703   94.5538     6875.1054     6869.1742     6881.0365  19.613530 -95.498893   0.000747  -0.000432
1 42041U 17008CX  17221.60328997 +.00001157 +00000-0 +52315-4 0  9998 | 2 42041 097.4920 282.9169 0008525 044.4326 315.7593 15.22946679026679 | 2017/08/09-14:28:44  252.3508    0.1237  315.6911   94.5535     6875.0951     6869.2341     6880.9561  21.793130 -95.024994   0.000718  -0.000460
1 42041U 17008CX  17222.91737075 +.00001102 +00000-0 +49972-4 0  9999 | 2 42041 097.4918 284.2277 0008407 040.4189 319.7670 15.22949942026871 | 2017/08/10-22:01:00    5.4103    0.1236  319.7047   94.5533     6875.0853     6869.3054     6880.8652  23.961149 -94.501399   0.000686  -0.000486
1 42041U 17008CX  17224.55996769 +.00001163 +00000-0 +52565-4 0  9997 | 2 42041 097.4916 285.8662 0008258 035.2508 324.9273 15.22954463027125 | 2017/08/12-13:26:21  236.7335    0.1237  324.8729   94.5531     6875.0717     6869.3942     6880.7491  26.653406 -93.777439   0.000643  -0.000518
1 42041U 17008CX  17225.61122763 +.00001168 +00000-0 +52764-4 0  9996 | 2 42041 097.4915 286.9148 0008162 031.9849 328.1881 15.22956870027282 | 2017/08/13-14:40:10  255.1798    0.1237  328.1388   94.5529     6875.0644     6869.4530     6880.6758  28.365087 -93.273868   0.000615  -0.000537
1 42041U 17008CX  17226.85959692 +.00001146 +00000-0 +51833-4 0  9994 | 2 42041 097.4913 288.1600 0008027 028.0405 332.1263 15.22959524027471 | 2017/08/14-20:37:49  344.5842    0.1238  332.0833   94.5527     6875.0564     6869.5378     6880.5750  30.385273 -92.635246   0.000579  -0.000556
1 42041U 17008CX  17227.91085360 +.00001133 +00000-0 +51272-4 0  9997 | 2 42041 097.4913 289.2086 0007928 024.6151 335.5462 15.22961924027633 | 2017/08/15-21:51:37    3.0296    0.1237  335.5086   94.5526     6875.0492     6869.5987     6880.4997  32.075456 -92.063667   0.000549  -0.000572
1 42041U 17008CX  17229.42203178  .00001304  00000-0  58520-4 0  9997 | 2 42041  97.4912 290.7160 0007785  19.6358 340.5177 15.22966321 27866 | 2017/08/17-10:07:43  187.0437    0.1237  340.4879   94.5523     6875.0360     6869.6838     6880.3882  34.486153 -91.187934   0.000504  -0.000593
1 42041U 17008CX  17230.53898628  .00001411  00000-0  63105-4 0  9995 | 2 42041  97.4911 291.8301 0007674  15.8878 344.2598 15.22969814 28034 | 2017/08/18-12:56:08  229.1400    0.1237  344.2359   94.5521     6875.0255     6869.7496     6880.3014  36.252607 -90.500072   0.000469  -0.000607
1 42041U 17008CX  17231.85304701  .00001418  00000-0  63387-4 0  9994 | 2 42041  97.4909 293.1407 0007519  11.4388 348.7017 15.22973639 28236 | 2017/08/19-20:28:23  342.1936    0.1236  348.6848   94.5519     6875.0140     6869.8446     6880.1833  38.312989 -89.647033   0.000427  -0.000619
1 42041U 17008CX  17232.90429289 +.00001596 +00000-0 +70951-4 0  9992 | 2 42041 097.4908 294.1892 0007417 007.7626 352.3724 15.22977729028391 | 2017/08/20-21:42:10    0.6353    0.1237  352.3611   94.5516     6875.0016     6869.9025     6880.1008  39.946962 -88.930851   0.000393  -0.000629
1 42041U 17008CX  17234.21834625 +.00001815 +00000-0 +80263-4 0  9993 | 2 42041 097.4907 295.4999 0007286 003.1771 356.9510 15.22983245028592 | 2017/08/22-05:14:25  113.6859    0.1237  356.9466   94.5513     6874.9850     6869.9759     6879.9942  41.970675 -87.993744   0.000350  -0.000639
1 42041U 17008CX  17235.46669279  .00001834  00000-0  81034-4 0  9990 | 2 42041  97.4905 296.7450 0007142 358.7865   1.3353 15.22987757 28789 | 2017/08/23-11:12:02  203.0823    0.1237    1.3372   94.5510     6874.9715     6870.0614     6879.8816  43.872725 -87.060793   0.000308  -0.000644
1 42041U 17008CX  17236.51792831 +.00002071 +00000-0 +91114-4 0  9992 | 2 42041 097.4900 297.7937 0006993 355.1692 004.9476 15.22993105028944 | 2017/08/24-12:25:49  221.5195    0.1237    4.9545   94.5507     6874.9554     6870.1477     6879.7630  45.458551 -86.242798   0.000273  -0.000644
1 42041U 17008CX  17237.89767049 +.00001578 +00000-0 +70145-4 0  9999 | 2 42041 097.4901 299.1696 0006884 349.7665 010.3430 15.22996564029158 | 2017/08/25-21:32:38  358.2180    0.1237   10.3572   94.5504     6874.9450     6870.2122     6879.6777  47.516327 -85.126484   0.000223  -0.000651
1 42041U 17008CX  17239.21170783  .00001468  00000-0  65451-4 0  9992 | 2 42041  97.4899 300.4801 0006759 344.7771  15.3261 15.23000636 29358 | 2017/08/27-05:04:51  111.2624    0.1237   15.3466   94.5502     6874.9327     6870.2859     6879.5795  49.450686 -84.017321   0.000178  -0.000652
1 42041U 17008CX  17240.52574140  .00001527  00000-0  67966-4 0  9992 | 2 42041  97.4898 301.7907 0006619 339.6653  20.4319 15.23005436 29551 | 2017/08/28-12:37:04  224.3051    0.1237   20.4584   94.5499     6874.9183     6870.3678     6879.4688  51.359366 -82.864206   0.000131  -0.000649
1 42041U 17008CX  17241.70836806  .00001591  00000-0  70673-4 0  9993 | 2 42041  97.4897 302.9701 0006507 334.9801  25.1119 15.23009921 29737 | 2017/08/29-17:00:03  290.0421    0.1237   25.1436   94.5496     6874.9048     6870.4313     6879.3783  53.054021 -81.789440   0.000090  -0.000644
1 42041U 17008CX  17242.82529081  .00001744  00000-0  77161-4 0  9990 | 2 42041  97.4896 304.0840 0006412 330.5715  29.5160 15.23014344 29902 | 2017/08/30-19:48:25  332.1258    0.1237   29.5522   94.5493     6874.8915     6870.4833     6879.2996  54.633926 -80.742531   0.000052  -0.000639
1 42041U 17008CX  17243.94221043 +.00002015 +00000-0 +88697-4 0  9999 | 2 42041 097.4895 305.1979 0006328 326.0372 034.0459 15.23019430030074 | 2017/08/31-22:36:46   14.2083    0.1237   34.0865   94.5490     6874.8761     6870.5257     6879.2266  56.193178 -79.665107   0.000014  -0.000633
1 42041U 17008CX  17245.45333224  .00002448  00000-0  10707-3 0  9998 | 2 42041  97.4897 306.7048 0006155 319.6990  40.3789 15.23025935 30301 | 2017/09/02-10:52:47  198.1999    0.1236   40.4246   94.5486     6874.8566     6870.6251     6879.0880  58.268844 -78.159986  -0.000039  -0.000614
1 42041U 17008CX  17246.70164351  .00002356  00000-0  10314-3 0  9992 | 2 42041  97.4896 307.9498 0006072 314.2682  45.8056 15.23031884 30496 | 2017/09/03-16:50:21  287.5814    0.1237   45.8555   94.5483     6874.8387     6870.6643     6879.0131  59.953259 -76.875411  -0.000082  -0.000602
1 42041U 17008CX  17247.88424925 +.00002116 +00000-0 +92922-4 0  9998 | 2 42041 097.4894 309.1293 0006013 309.0830 050.9871 15.23037411030677 | 2017/09/04-21:13:19  353.3093    0.1237   51.0407   94.5479     6874.8220     6870.6882     6878.9559  61.522887 -75.624847  -0.000123  -0.000589
1 42041U 17008CX  17248.93544955 +.00002820 +00000-0 +12279-3 0  9999 | 2 42041 097.4891 310.1776 0005957 304.4676 055.5997 15.23045424030836 | 2017/09/05-22:27:02   11.7320    0.1236   55.6560   94.5474     6874.7979     6870.7026     6878.8932  62.895973 -74.486383  -0.000158  -0.000574
1 42041U 17008CX  17250.51224302  .00003650  00000-0  15799-3 0  9999 | 2 42041  97.4886 311.7501 0005898 297.5715  62.4922 15.23056584 31074 | 2017/09/07-12:17:37  219.3629    0.1237   62.5522   94.5467     6874.7643     6870.7096     6878.8191  64.915998 -72.731976  -0.000208  -0.000552
1 42041U 17008CX  17251.56343132 +.00004523 +00000-0 +19495-3 0  9995 | 2 42041 097.4881 312.7985 0005860 292.6171 067.4445 15.23065763031239 | 2017/09/08-13:31:20  237.7805    0.1236   67.5065   94.5461     6874.7367     6870.7081     6878.7653  66.235569 -71.531664  -0.000244  -0.000533
1 42041U 17008CX  17252.61461113 +.00006018 +00000-0 +25826-3 0  9998 | 2 42041 097.4877 313.8467 0005825 288.0121 072.0481 15.23079358031390 | 2017/09/09-14:45:02  256.1946    0.1237   72.1116   94.5453     6874.6958     6870.6913     6878.7003  67.532774 -70.307724  -0.000275  -0.000514
1 42041U 17008CX  17253.92857960 +.00003228 +00000-0 +13995-3 0  9996 | 2 42041 097.4877 315.1569 0005815 282.0143 078.0442 15.23083072031598 | 2017/09/10-22:17:09    9.2098    0.1237   78.1094   94.5451     6874.6846     6870.6870     6878.6823  69.122726 -68.745185  -0.000315  -0.000489
1 42041U 17008CX  17255.50533383  .00002580  00000-0  11245-3 0  9998 | 2 42041  97.4876 316.7291 0005817 274.7899  85.2674 15.23091557 31835 | 2017/09/12-12:07:40  216.8245    0.1237   85.3338   94.5445     6874.6591     6870.6601     6878.6581  70.982767 -66.822742  -0.000362  -0.000455
1 42041U 17008CX  17256.55649935 +.00002852 +00000-0 +12398-3 0  9997 | 2 42041 097.4877 317.7771 0005830 269.8802 090.1766 15.23097431031995 | 2017/09/13-13:21:21  235.2326    0.1236   90.2434   94.5442     6874.6414     6870.6335     6878.6493  72.193158 -65.513355  -0.000393  -0.000431
1 42041U 17008CX  17257.87045213  .00002314  00000-0  10115-3 0  9990 | 2 42041  97.4877 319.0874 0005865 264.6483  95.4084 15.23102008 32191 | 2017/09/14-20:53:27  348.2405    0.1236   95.4753   94.5439     6874.6277     6870.5957     6878.6596  73.672378 -63.845379  -0.000424  -0.000405
1 42041U 17008CX  17258.92161142 +.00002254 +00000-0 +98584-4 0  9997 | 2 42041 097.4878 320.1354 0005874 259.2511 100.8065 15.23106056032355 | 2017/09/15-22:07:07    6.6450    0.1237  100.8726   94.5436     6874.6155     6870.5773     6878.6536  74.827865 -62.487293  -0.000454  -0.000373
1 42041U 17008CX  17260.43264577  .00002248  00000-0  98329-4 0  9992 | 2 42041  97.4878 321.6421 0005947 252.3894 107.6693 15.23113297 32587 | 2017/09/17-10:23:00  190.5990    0.1236  107.7342   94.5432     6874.5937     6870.5054     6878.6820  76.445025 -60.498176  -0.000493  -0.000333
1 42041U 17008CX  17261.48379609  .00002117  00000-0  92759-4 0  9997 | 2 42041  97.4876 322.6903 0005995 247.7138 112.3463 15.23118180 32745 | 2017/09/18-11:36:39  208.9995    0.1236  112.4098   94.5429     6874.5790     6870.4577     6878.7003  77.538798 -59.089483  -0.000517  -0.000303
1 42041U 17008CX  17262.60063947 +.00002293 +00000-0 +10019-3 0  9990 | 2 42041 097.4874 323.8040 0006048 242.9039 117.1581 15.23123897032919 | 2017/09/19-14:24:55  251.0484    0.1236  117.2197   94.5425     6874.5618     6870.4041     6878.7195  78.672482 -57.571119  -0.000540  -0.000272
1 42041U 17008CX  17263.84887025  .00002651  00000-0  11532-3 0  9997 | 2 42041  97.4869 325.0487 0006131 237.5935 122.4709 15.23131348 33103 | 2017/09/20-20:22:22  340.3947    0.1236  122.5301   94.5421     6874.5394     6870.3246     6878.7542  79.904092 -55.848292  -0.000566  -0.000236
1 42041U 17008CX  17264.90001043 +.00002244 +00000-0 +98070-4 0  9994 | 2 42041 097.4867 326.0965 0006206 233.6856 126.3808 15.23133746033269 | 2017/09/21-21:36:00  358.7914    0.1236  126.4380   94.5419     6874.5322     6870.2658     6878.7985  80.911837 -54.377673  -0.000584  -0.000210
1 42041U 17008CX  17266.21393003  .00001653  00000-0  73041-4 0  9994 | 2 42041  97.4865 327.4065 0006301 228.0749 131.9950 15.23138702 33467 | 2017/09/23-05:08:03  111.7840    0.1235  132.0486   94.5416     6874.5172     6870.1856     6878.8489  82.133694 -52.513561  -0.000607  -0.000168
1 42041U 17008CX  17267.46214983  .00002052  00000-0  89907-4 0  9993 | 2 42041  97.4862 328.6509 0006403 223.0442 137.0294 15.23145384 33651 | 2017/09/24-11:05:29  201.1253    0.1236  137.0794   94.5412     6874.4971     6870.0954     6878.8989  83.254512 -50.717308  -0.000627  -0.000130
1 42041U 17008CX  17268.51327666  .00005039  00000-0  21625-3 0  9993 | 2 42041  97.4855 329.6992 0006497 218.3203 141.7572 15.23157828 33810 | 2017/09/25-12:19:07  219.5148    0.1236  141.8033   94.5404     6874.4597     6869.9934     6878.9260  84.167860 -49.185303  -0.000643  -0.000091
1 42041U 17008CX  17269.56439566 +.00004560 +00000-0 +19594-3 0  9992 | 2 42041 097.4855 330.7471 0006616 214.2931 145.7879 15.23166901033974 | 2017/09/26-13:32:43  237.9023    0.1236  145.8305   94.5399     6874.4324     6869.8843     6878.9805  85.053298 -47.637791  -0.000659  -0.000058
1 42041U 17008CX  17270.94398401 +.00003359 +00000-0 +14511-3 0  9997 | 2 42041 097.4856 332.1224 0006721 209.0487 151.0376 15.23174541034187 | 2017/09/27-22:39:20   14.5333    0.1236  151.0749   94.5394     6874.4094     6869.7891     6879.0297  86.172250 -45.582733  -0.000672  -0.000014
1 42041U 17008CX  17272.12647957 +.00004733 +00000-0 +20311-3 0  9994 | 2 42041 097.4857 333.3012 0006834 204.3025 155.7890 15.23185476034368 | 2017/09/29-03:02:07   80.2132    0.1236  155.8211   94.5387     6874.3765     6869.6786     6879.0745  87.091853 -43.800353  -0.000683   0.000029
1 42041U 17008CX  17273.57172788 +.00008853 +00000-0 +37674-3 0  9996 | 2 42041 097.4859 334.7420 0006993 198.9163 161.1815 15.23217796034588 | 2017/09/30-13:43:17  240.4800    0.1236  161.2073   94.5367     6874.2793     6869.4721     6879.0865  88.165817 -41.596748  -0.000695   0.000077
1 42041U 17008CX  17274.88556791 +.00007998 +00000-0 +34043-3 0  9997 | 2 42041 097.4859 336.0521 0007113 194.2696 165.8341 15.23240647034788 | 2017/10/01-21:15:13  353.4414    0.1236  165.8540   94.5353     6874.2105     6869.3209     6879.1001  89.093820 -39.570090  -0.000701   0.000120
1 42041U 17008CX  17276.39647089  .00003243  00000-0  13988-3 0  9990 | 2 42041  97.4857 337.5586 0007300 188.7620 171.3490 15.23248318 35013 | 2017/10/03-09:30:55  177.3419    0.1236  171.3616   94.5348     6874.1874     6869.1693     6879.2056  90.103151 -37.214028  -0.000709   0.000173
1 42041U 17008CX  17277.57891047  .00002473  00000-0  10737-3 0  9999 | 2 42041  97.4853 338.7375 0007416 184.7662 175.3506 15.23254143 35192 | 2017/10/04-13:53:37  243.0009    0.1237  175.3575   94.5345     6874.1699     6869.0720     6879.2678  90.849356 -35.352202  -0.000711   0.000211
1 42041U 17008CX  17278.89272730 +.00002353 +00000-0 +10230-3 0  9992 | 2 42041 097.4848 340.0475 0007551 180.3362 179.7871 15.23260720035395 | 2017/10/05-21:25:31  355.9534    0.1236  179.7874   94.5340     6874.1501     6868.9595     6879.3408  91.633357 -33.265810  -0.000711   0.000254
1 42041U 17008CX  17279.94377243 +.00004798 +00000-0 +20530-3 0  9993 | 2 42041 097.4845 341.0955 0007649 176.7362 183.3926 15.23274565035555 | 2017/10/06-22:39:01   14.3121    0.1236  183.3874   94.5332     6874.1085     6868.8505     6879.3665  92.226178 -31.584171  -0.000708   0.000289
1 42041U 17008CX  17281.52032488 +.00004861 +00000-0 +20785-3 0  9992 | 2 42041 097.4838 342.6672 0007815 171.4542 188.6829 15.23292079035793 | 2017/10/08-12:29:16  221.8449    0.1236  188.6694   94.5321     6874.0558     6868.6837     6879.4279  93.057100 -29.042510  -0.000703   0.000341
1 42041U 17008CX  17282.57135291 +.00003330 +00000-0 +14333-3 0  9996 | 2 42041 097.4836 343.7148 0007914 168.1244 192.0181 15.23298019035951 | 2017/10/09-13:42:44  240.1980    0.1236  191.9992   94.5317     6874.0379     6868.5978     6879.4780  93.572339 -27.336232  -0.000698   0.000373
1 42041U 17008CX  17283.88513288 +.00003491 +00000-0 +15007-3 0  9994 | 2 42041 097.4835 345.0243 0008029 163.9145 196.2348 15.23306193036159 | 2017/10/10-21:14:35  353.1374    0.1236  196.2091   94.5312     6874.0133     6868.4942     6879.5325  94.172522 -25.190649  -0.000688   0.000414
1 42041U 17008CX  17284.93615186 +.00003505 +00000-0 +15063-3 0  9999 | 2 42041 097.4837 346.0720 0008061 160.5043 199.6504 15.23313610036319 | 2017/10/11-22:28:03   11.4871    0.1237  199.6194   94.5308     6873.9910     6868.4499     6879.5321  94.617579 -23.464560  -0.000673   0.000444
1 42041U 17008CX  17286.51267642 +.00002624 +00000-0 +11352-3 0  9993 | 2 42041 097.4836 347.6436 0008289 155.5227 204.6405 15.23316915036553 | 2017/10/13-12:18:15  219.0097    0.1236  204.6009   94.5306     6873.9811     6868.2832     6879.6789  95.225432 -20.860716  -0.000663   0.000497
1 42041U 17008CX  17287.56368646 +.00003010 +00000-0 +12973-3 0  9995 | 2 42041 097.4837 348.6912 0008383 152.3396 207.8288 15.23323943036712 | 2017/10/14-13:31:42  237.3564    0.1236  207.7840   94.5301     6873.9599     6868.1975     6879.7224  95.591010 -19.116237  -0.000652   0.000527
1 42041U 17008CX  17288.94313095 +.00002540 +00000-0 +10993-3 0  9993 | 2 42041 097.4837 350.0664 0008479 147.9814 212.1939 15.23330831036923 | 2017/10/15-22:38:06   13.9340    0.1236  212.1422   94.5297     6873.9392     6868.1108     6879.7676  96.022257 -16.816598  -0.000631   0.000567
1 42041U 17008CX  17290.51963248 +.00001943 +00000-0 +84771-4 0  9992 | 2 42041 097.4836 351.6381 0008611 143.1206 217.0624 15.23336720037161 | 2017/10/17-12:28:16  221.4490    0.1236  217.0030   94.5293     6873.9215     6868.0024     6879.8406  96.447277 -14.176568  -0.000606   0.000611
1 42041U 17008CX  17291.57063068 +.00001931 +00000-0 +84287-4 0  9999 | 2 42041 097.4830 352.6856 0008633 140.0021 220.1853 15.23339910037329 | 2017/10/18-13:41:42  239.7924    0.1236  220.1215   94.5291     6873.9119     6867.9776     6879.8461  96.689730 -12.410940  -0.000585   0.000635
1 42041U 17008CX  17292.88437337  .00001773  00000-0  77634-4 0  9990 | 2 42041  97.4828 353.9951 0008719 136.0067 224.1865 15.23345116 37520 | 2017/10/19-21:13:29  352.7193    0.1236  224.1169   94.5288     6873.8962     6867.9029     6879.8896  96.947907 -10.198018  -0.000560   0.000668
1 42041U 17008CX  17294.13242491  .00001840  00000-0  80416-4 0  9992 | 2 42041  97.4825 355.2392 0008790 132.2594 227.9390 15.23350500 37711 | 2017/10/21-03:10:41   81.9987    0.1237  227.8643   94.5285     6873.8800     6867.8379     6879.9222  97.146173  -8.090663  -0.000535   0.000697
1 42041U 17008CX  17295.18341308  .00002124  00000-0  92350-4 0  9991 | 2 42041  97.4821 356.2870 0008900 129.2044 230.9985 15.23355247 37872 | 2017/10/22-04:24:06  100.3381    0.1237  230.9193   94.5282     6873.8658     6867.7480     6879.9835  97.277480  -6.312817  -0.000517   0.000725
1 42041U 17008CX  17296.49714343  .00002225  00000-0  96585-4 0  9995 | 2 42041  97.4817 357.5964 0008967 125.4266 234.7809 15.23361066 38078 | 2017/10/23-11:55:53  213.2619    0.1236  234.6970   94.5278     6873.8482     6867.6845     6880.0120  97.395935  -4.088229  -0.000489   0.000752
1 42041U 17008CX  17297.61381058 +.00002631 +00000-0 +11364-3 0  9995 | 2 42041 097.4815 358.7094 0009019 122.1270 238.0843 15.23367030038242 | 2017/10/24-14:43:53  255.2459    0.1236  237.9966   94.5274     6873.8303     6867.6308     6880.0298  97.456771  -2.195606  -0.000462   0.000774
1 42041U 17008CX  17298.92752974 +.00003232 +00000-0 +13885-3 0  9997 | 2 42041 097.4814 000.0187 0009063 118.2447 241.9705 15.23375483038445 | 2017/10/25-22:15:38    8.1665    0.1236  241.8789   94.5269     6873.8049     6867.5752     6880.0346  97.481395   0.031816  -0.000429   0.000798
1 42041U 17008CX  17300.17555602  .00003905  00000-0  16708-3 0  9991 | 2 42041  97.4813   1.2624 0009110 114.6998 245.5188 15.23384506 38639 | 2017/10/27-04:12:48   97.4389    0.1236  245.4238   94.5264     6873.7777     6867.5157     6880.0397  97.457640   2.147635  -0.000399   0.000819
1 42041U 17008CX  17301.48925491  .00004261  00000-0  18196-3 0  9992 | 2 42041  97.4814   2.5717 0009144 110.8421 249.3796 15.23398664 38832 | 2017/10/28-11:44:31  210.3530    0.1237  249.2816   94.5255     6873.7351     6867.4498     6880.0205  97.383222   4.373948  -0.000363   0.000839
1 42041U 17008CX  17302.54020981  .00002552  00000-0  11018-3 0  9997 | 2 42041  97.4815   3.6193 0009169 107.9527 252.2710 15.23402504 38999 | 2017/10/29-12:57:54  228.6830    0.1237  252.1710   94.5252     6873.7236     6867.4211     6880.0261  97.287075   6.153685  -0.000337   0.000853
1 42041U 17008CX  17303.85389997  .00002154  00000-0  93478-4 0  9996 | 2 42041  97.4812   4.9287 0009152 103.9283 256.2972 15.23406306 39192 | 2017/10/30-20:29:36  341.5951    0.1236  256.1953   94.5250     6873.7122     6867.4213     6880.0030  97.120752   8.375194  -0.000296   0.000866
1 42041U 17008CX  17305.16758478  .00001666  00000-0  72953-4 0  9998 | 2 42041  97.4810   6.2379 0009162 100.0887 260.1383 15.23410676 39393 | 2017/11/01-04:01:19   94.5058    0.1236  260.0349   94.5247     6873.6990     6867.4013     6879.9967  96.903845  10.591987  -0.000258   0.000879
1 42041U 17008CX  17306.34989769  .00001609  00000-0  70540-4 0  9995 | 2 42041  97.4809   7.4162 0009182  96.6867 263.5415 15.23415127 39573 | 2017/11/02-08:23:51  160.1243    0.1237  263.4370   94.5245     6873.6856     6867.3742     6879.9970  96.665444  12.582443  -0.000224   0.000891
1 42041U 17008CX  17307.46652258  .00001758  00000-0  76804-4 0  9993 | 2 42041  97.4807   8.5290 0009176  93.4917 266.7369 15.23420363 39749 | 2017/11/03-11:11:47  202.0966    0.1236  266.6319   94.5241     6873.6699     6867.3626     6879.9772  96.402653  14.457360  -0.000191   0.000897
1 42041U 17008CX  17308.51746088 +.00002013 +00000-0 +87500-4 0  9995 | 2 42041 097.4806 009.5767 0009199 090.5868 269.6422 15.23425728039906 | 2017/11/04-12:25:08  220.4222    0.1236  269.5368   94.5238     6873.6537     6867.3307     6879.9768  96.122088  16.217630  -0.000162   0.000905
1 42041U 17008CX  17309.56839584 +.00002142 +00000-0 +92901-4 0  9999 | 2 42041 097.4802 010.6241 0009174 087.6282 272.6005 15.23430598040063 | 2017/11/05-13:38:29  238.7475    0.1237  272.4955   94.5235     6873.6391     6867.3332     6879.9450  95.809183  17.971916  -0.000132   0.000908
1 42041U 17008CX  17310.61932775 +.00002993 +00000-0 +12856-3 0  9997 | 2 42041 097.4799 011.6713 0009152 084.6337 275.5944 15.23437560040225 | 2017/11/06-14:51:49  257.0722    0.1237  275.4900   94.5231     6873.6181     6867.3274     6879.9089  95.464432  19.719869  -0.000101   0.000910
1 42041U 17008CX  17311.93298527 +.00004073 +00000-0 +17378-3 0  9998 | 2 42041 097.4795 012.9804 0009116 080.6774 279.5494 15.23447917040420 | 2017/11/07-22:23:29    9.9759    0.1238  279.4464   94.5224     6873.5870     6867.3210     6879.8530  94.988602  21.895623  -0.000058   0.000910
1 42041U 17008CX  17313.37800046 +.00003333 +00000-0 +14274-3 0  9993 | 2 42041 097.4794 014.4202 0009071 076.6186 283.6061 15.23454821040642 | 2017/11/09-09:04:19  170.1680    0.1236  283.5050   94.5220     6873.5662     6867.3312     6879.8012  94.408353  24.275427  -0.000016   0.000907
1 42041U 17008CX  17314.82300825 +.00003121 +00000-0 +13383-3 0  9999 | 2 42041 097.4794 015.8601 0009009 072.3698 287.8522 15.23462382040865 | 2017/11/10-19:45:07  330.3579    0.1237  287.7539   94.5215     6873.5435     6867.3511     6879.7359  93.768540  26.640088   0.000028   0.000900
1 42041U 17008CX  17315.93960111 +.00002607 +00000-0 +11229-3 0  9997 | 2 42041 097.4795 016.9728 0008963 069.0665 291.1531 15.23466422041030 | 2017/11/11-22:33:01   12.3216    0.1238  291.0573   94.5213     6873.5313     6867.3706     6879.6921  93.233629  28.455990   0.000062   0.000894
1 42041U 17008CX  17317.45027685 +.00002592 +00000-0 +11164-3 0  9997 | 2 42041 097.4796 018.4784 0008889 064.6738 295.5419 15.23474282041260 | 2017/11/13-10:48:23  196.1521    0.1238  295.4500   94.5208     6873.5077     6867.3978     6879.6176  92.453865  30.895879   0.000106   0.000883
1 42041U 17008CX  17318.82958517 +.00002695 +00000-0 +11595-3 0  9998 | 2 42041 097.4795 019.8529 0008805 060.5730 299.6385 15.23480803041472 | 2017/11/14-19:54:36  332.6923    0.1238  299.5508   94.5204     6873.4881     6867.4360     6879.5402  91.686061  33.104669   0.000146   0.000868
1 42041U 17008CX  17319.94616341 +.00002663 +00000-0 +11457-3 0  9990 | 2 42041 097.4790 020.9655 0008757 056.8985 303.3091 15.23486699041641 | 2017/11/15-22:42:28   14.6523    0.1237  303.2252   94.5200     6873.4703     6867.4512     6879.4894  91.025505  34.878546   0.000184   0.000856
1 42041U 17008CX  17321.39114238 +.00002113 +00000-0 +91529-4 0  9999 | 2 42041 097.4788 022.4054 0008638 052.6051 307.5971 15.23490953041869 | 2017/11/17-09:23:14  174.8345    0.1237  307.5186   94.5198     6873.4576     6867.5203     6879.3948  90.120137  37.154777   0.000223   0.000834
1 42041U 17008CX  17322.63907485 +.00002195 +00000-0 +94940-4 0  9991 | 2 42041 097.4788 023.6493 0008545 049.1928 311.0048 15.23495752042059 | 2017/11/18-15:20:16  264.0809    0.1237  310.9309   94.5195     6873.4431     6867.5698     6879.3165  89.292327  39.102389   0.000252   0.000816
1 42041U 17008CX  17323.75563615  .00003490  00000-0  14913-3 0  9998 | 2 42041  97.4782  24.7617 0008449  45.7541 314.4388 15.23507369 42220 | 2017/11/19-18:08:06  306.0358    0.1237  314.3696   94.5187     6873.4082     6867.6008     6879.2155  88.515826  40.828274   0.000282   0.000797
1 42041U 17008CX  17324.87219383  .00003980  00000-0  16959-3 0  9998 | 2 42041  97.4779  25.8742 0008356  42.3129 317.8751 15.23516019 42390 | 2017/11/20-20:55:57  347.9895    0.1237  317.8108   94.5182     6873.3822     6867.6388     6879.1256  87.706167  42.539032   0.000310   0.000776
1 42041U 17008CX  17326.12010361  .00004348  00000-0  18492-3 0  9996 | 2 42041  97.4774  27.1177 0008251  38.8134 321.3694 15.23525080 42587 | 2017/11/22-02:52:56   77.2287    0.1237  321.3103   94.5176     6873.3549     6867.6837     6879.0261  86.761908  44.432138   0.000337   0.000753
1 42041U 17008CX  17327.17096561  .00005172  00000-0  21932-3 0  9997 | 2 42041  97.4771  28.1648 0008168  35.2797 324.8979 15.23537713 42749 | 2017/11/23-04:06:11   95.5329    0.1237  324.8440   94.5169     6873.3169     6867.7028     6878.9310  85.935188  46.010092   0.000365   0.000731
1 42041U 17008CX  17328.22182278 +.00003203 +00000-0 +13700-3 0  9992 | 2 42041 097.4772 029.2118 0008071 031.6484 328.5237 15.23542887042904 | 2017/11/24-05:19:25  113.8358    0.1238  328.4754   94.5165     6873.3014     6867.7539     6878.8488  85.080204  47.572717   0.000393   0.000705
1 42041U 17008CX  17329.40403316  .00002173  00000-0  93907-4 0  9995 | 2 42041  97.4774  30.3898 0007949  27.8024 332.3636 15.23547138 43084 | 2017/11/25-09:41:48  179.4249    0.1237  332.3213   94.5163     6873.2886     6867.8250     6878.7521  84.084370  49.311887   0.000419   0.000676
1 42041U 17008CX  17330.45488362  .00001638  00000-0  71506-4 0  9992 | 2 42041  97.4774  31.4368 0007862  24.5119 335.6490 15.23550610 43242 | 2017/11/26-10:55:01  197.7249    0.1237  335.6118   94.5161     6873.2781     6867.8744     6878.6819  83.169276  50.840093   0.000440   0.000651
1 42041U 17008CX  17331.83412143  .00001873  00000-0  81337-4 0  9993 | 2 42041  97.4773  32.8111 0007753  19.6094 340.5439 15.23556250 43455 | 2017/11/27-20:01:08  334.2433    0.1237  340.5143   94.5157     6873.2612     6867.9323     6878.5900  81.925932  52.820126   0.000473   0.000614
1 42041U 17008CX  17333.14767678  .00001531  00000-0  67040-4 0  9991 | 2 42041  97.4772  34.1199 0007635  15.1827 344.9638 15.23559648 43654 | 2017/11/29-03:32:39   87.1159    0.1238  344.9411   94.5155     6873.2509     6868.0032     6878.4987  80.698017  54.677551   0.000498   0.000579
1 42041U 17008CX  17334.72393758  .00001703  00000-0  74225-4 0  9994 | 2 42041  97.4770  35.6904 0007469   9.9729 350.1655 15.23566459 43891 | 2017/11/30-17:22:28  294.5610    0.1238  350.1509   94.5151     6873.2305     6868.0968     6878.3641  79.168995  56.868583   0.000522   0.000534
1 42041U 17008CX  17336.16883867  .00001593  00000-0  69610-4 0  9998 | 2 42041  97.4767  37.1299 0007308   4.9039 355.2269 15.23571015 44119 | 2017/12/02-04:03:07   94.7177    0.1238  355.2199   94.5148     6873.2168     6868.1938     6878.2397  77.715154  58.839288   0.000543   0.000489
1 42041U 17008CX  17337.41670468  .00001304  00000-0  57506-4 0  9999 | 2 42041  97.4765  38.3731 0007154   0.5082 359.6161 15.23573608 44300 | 2017/12/03-10:00:03  183.9427    0.1238  359.6156   94.5146     6873.2090     6868.2919     6878.1260  76.420113  60.511440   0.000557   0.000449
1 42041U 17008CX  17338.46753736  .00001127  00000-0  50123-4 0  9996 | 2 42041  97.4764  39.4201 0007073 356.6276   3.4912 15.23575881 44463 | 2017/12/04-11:13:15  202.2367    0.1237    3.4961   94.5145     6873.2021     6868.3407     6878.0635  75.301577  61.897666   0.000572   0.000416
1 42041U 17008CX  17339.84675080  .00001263  00000-0  55774-4 0  9992 | 2 42041  97.4762  40.7942 0006934 351.5400   8.5719 15.23581062 44678 | 2017/12/05-20:19:19  338.7458    0.1238    8.5838   94.5142     6873.1865     6868.4207     6877.9524  73.795449  63.685488   0.000586   0.000371
1 42041U 17008CX  17341.16028288  .00001376  00000-0  60503-4 0  9993 | 2 42041  97.4759  42.1028 0006811 346.6783  13.4273 15.23586211 44871 | 2017/12/07-03:50:48   91.6097    0.1237   13.4454   94.5139     6873.1711     6868.4897     6877.8524  72.321569  65.353972   0.000597   0.000328
1 42041U 17008CX  17342.21110616 +.00001498 +00000-0 +65609-4 0  9994 | 2 42041 097.4758 043.1497 0006695 342.7894 017.3115 15.23590324045038 | 2017/12/08-05:03:59  109.8996    0.1237   17.3343   94.5136     6873.1587     6868.5571     6877.7603  71.115352  66.664370   0.000602   0.000293
1 42041U 17008CX  17343.39327985 +.00001475 +00000-0 +64643-4 0  9995 | 2 42041 097.4757 044.3275 0006616 338.1777 021.9177 15.23594069045215 | 2017/12/09-09:26:19  175.4751    0.1237   21.9460   94.5134     6873.1474     6868.6001     6877.6947  69.729967  68.111995   0.000611   0.000253
1 42041U 17008CX  17344.70680373 +.00001305 +00000-0 +57528-4 0  9990 | 2 42041 097.4757 045.6360 0006507 332.9010 027.1886 15.23597245045411 | 2017/12/10-16:57:47  288.3356    0.1237   27.2227   94.5132     6873.1379     6868.6655     6877.6102  68.156402  69.686562   0.000617   0.000207
1 42041U 17008CX  17345.75761980 +.00001487 +00000-0 +65112-4 0  9999 | 2 42041 097.4757 046.6829 0006416 328.7420 031.3434 15.23601526045570 | 2017/12/11-18:10:58  306.6224    0.1237   31.3817   94.5129     6873.1250     6868.7152     6877.5348  66.871793  70.920204   0.000618   0.000171
1 42041U 17008CX  17347.59654353 +.00001458 +00000-0 +63908-4 0  9997 | 2 42041 097.4754 048.5148 0006269 321.2099 038.8687 15.23606710045851 | 2017/12/13-14:19:01  248.6224    0.1237   38.9138   94.5126     6873.1094     6868.8007     6877.4182  64.570294  73.021440   0.000618   0.000106
1 42041U 17008CX  17348.71303010 +.00001296 +00000-0 +57127-4 0  9999 | 2 42041 097.4753 049.6271 0006192 316.5571 043.5177 15.23608992046027 | 2017/12/14-17:06:45  290.5495    0.1237   43.5666   94.5124     6873.1025     6868.8467     6877.3584  63.140565  74.261048   0.000616   0.000067
1 42041U 17008CX  17349.89518953 +.00001251 +00000-0 +55247-4 0  9995 | 2 42041 097.4751 050.8048 0006134 311.5643 048.5067 15.23612201046203 | 2017/12/15-21:29:04  356.1182    0.1237   48.5594   94.5122     6873.0929     6868.8769     6877.3088  61.600791  75.542952   0.000613   0.000025
1 42041U 17008CX  17350.94599587 +.00001175 +00000-0 +52048-4 0  9996 | 2 42041 097.4749 051.8515 0006078 307.0306 053.0375 15.23614831046364 | 2017/12/16-22:42:14   14.4004    0.1238   53.0932   94.5121     6873.0850     6868.9075     6877.2624  60.210419  76.655473   0.000608  -0.000012
1 42041U 17008CX  17352.39084923 +.00001841 +00000-0 +79876-4 0  9998 | 2 42041 097.4746 053.2908 0005999 300.7612 059.3034 15.23623260046585 | 2017/12/18-09:22:49  174.5360    0.1237   59.3625   94.5116     6873.0596     6868.9365     6877.1828  58.265820  78.143405   0.000597  -0.000062
1 42041U 17008CX  17353.63867502 +.00001614 +00000-0 +70386-4 0  9993 | 2 42041 097.4744 054.5338 0005958 295.2489 064.8130 15.23625919046771 | 2017/12/19-15:19:41  263.7429    0.1237   64.8748   94.5114     6873.0516     6868.9567     6877.1466  56.556849  79.388800   0.000586  -0.000106
1 42041U 17008CX  17354.75514741 +.00001524 +00000-0 +66601-4 0  9996 | 2 42041 097.4742 055.6460 0005905 290.3729 069.6873 15.23629053046941 | 2017/12/20-18:07:24  305.6629    0.1237   69.7508   94.5112     6873.0422     6868.9837     6877.1007  55.005118  80.471465   0.000573  -0.000143
1 42041U 17008CX  17356.39700618 +.00003559 +00000-0 +15147-3 0  9996 | 2 42041 097.4735 057.2814 0005818 282.9681 077.0906 15.23644531047197 | 2017/12/22-09:31:41  176.7164    0.1237   77.1556   94.5102     6872.9957     6868.9970     6876.9944  52.685740  82.007902   0.000548  -0.000197
1 42041U 17008CX  17357.71048433 +.00003980 +00000-0 +16899-3 0  9996 | 2 42041 097.4733 058.5897 0005863 276.9699 083.0871 15.23655049047398 | 2017/12/23-17:03:05  289.5566    0.1237   83.1538   94.5096     6872.9640     6868.9344     6876.9937  50.799484  83.189282   0.000534  -0.000243
1 42041U 17008CX  17358.76126072 +.00004384 +00000-0 +18578-3 0  9993 | 2 42041 097.4733 059.6363 0005861 272.2889 087.7677 15.23663953047552 | 2017/12/24-18:16:12  307.8256    0.1237   87.8348   94.5090     6872.9373     6868.9090     6876.9655  49.271507  84.103287   0.000517  -0.000276
1 42041U 17008CX  17359.87770197 +.00005486 +00000-0 +23161-3 0  9997 | 2 42041 097.4734 060.7484 0005859 267.3875 092.6691 15.23676845047721 | 2017/12/25-21:03:53  349.7327    0.1237   92.7362   94.5082     6872.8985     6868.8717     6876.9253  47.629949  85.043822   0.000498  -0.000309
1 42041U 17008CX  17361.45384560 +.00003298 +00000-0 +14041-3 0  9995 | 2 42041 097.4735 062.3185 0005888 260.3235 099.7337 15.23684279047964 | 2017/12/27-10:53:32  197.1273    0.1237   99.8002   94.5078     6872.8761     6868.8294     6876.9229  45.281913  86.317041   0.000468  -0.000357
1 42041U 17008CX  17362.89863715 +.00002069 +00000-0 +89207-4 0  9990 | 2 42041 097.4736 063.7577 0005946 253.8701 106.1882 15.23688973048183 | 2017/12/28-21:34:02  357.2360    0.1237  106.2536   94.5075     6872.8620     6868.7754     6876.9486  43.099722  87.427208   0.000439  -0.000401
1 42041U 17008CX  17364.47476286  .00003059  00000-0  13039-3 0  9998 | 2 42041  97.4737  65.3279 0006014 246.9209 113.1394 15.23701246 48426 | 2017/12/30-11:23:39  204.6225    0.1237  113.2028   94.5067     6872.8251     6868.6918     6876.9584  40.687923  88.575477   0.000404  -0.000445
1 42041U 17008CX  17365.85386739  .00002892  00000-0  12341-3 0  9993 | 2 42041  97.4732  66.7015 0006090 241.1215 118.9411 15.23707972 48630 | 2017/12/31-20:29:34  341.0836    0.1236  119.0021   94.5063     6872.8049     6868.6193     6876.9904  38.552742  89.524917   0.000373  -0.000481
1 42041U 17008CX  18001.90460876 +.00002703 +00000-0 +11553-3 0  9997 | 2 42041 097.4728 067.7481 0006165 236.6205 123.4442 15.23712872048791 | 2018/01/01-21:42:38  359.3374    0.1236  123.5031   94.5060     6872.7902     6868.5531     6877.0272  36.910933  90.213800   0.000348  -0.000509
1 42041U 17008CX  18003.48071806  .00001676  00000-0  72788-4 0  9999 | 2 42041  97.4724  69.3176 0006262 230.4062 129.6622 15.23715315 49038 | 2018/01/03-11:32:14  206.7171    0.1236  129.7174   94.5058     6872.7828     6868.4791     6877.0865  34.426031  91.190554   0.000310  -0.000544
1 42041U 17008CX  18004.59712622 +.00001406 +00000-0 +61528-4 0  9991 | 2 42041 097.4722 070.4295 0006352 225.5836 134.4882 15.23717873049207 | 2018/01/04-14:19:51  248.6091    0.1237  134.5401   94.5057     6872.7751     6868.4095     6877.1407  32.649920  91.841235   0.000279  -0.000571
1 42041U 17008CX  18005.71353000 +.00001631 +00000-0 +70860-4 0  9996 | 2 42041 097.4720 071.5413 0006420 221.0707 139.0047 15.23723390049376 | 2018/01/05-17:07:28  290.4994    0.1236  139.0529   94.5053     6872.7585     6868.3462     6877.1708  30.861682  92.457273   0.000247  -0.000593
1 42041U 17008CX  18007.15828274  .00002017  00000-0  86915-4 0  9993 | 2 42041  97.4718  72.9804 0006523 215.4161 144.6643 15.23730867 49592 | 2018/01/07-03:47:55   90.5903    0.1236  144.7075   94.5049     6872.7360     6868.2530     6877.2191  28.529881  93.202992   0.000206  -0.000619
1 42041U 17008CX  18008.73437020  .00002631  00000-0  11242-3 0  9995 | 2 42041  97.4715  74.5500 0006658 208.7494 151.3377 15.23739616 49830 | 2018/01/08-17:37:29  297.9590    0.1237  151.3743   94.5043     6872.7097     6868.1339     6877.2856  25.966149  93.949201   0.000153  -0.000648
1 42041U 17008CX  18009.85076220  .00002120  00000-0  91162-4 0  9993 | 2 42041  97.4715  75.6619 0006803 204.6876 155.4036 15.23742073 50003 | 2018/01/09-20:25:05  339.8445    0.1236  155.4360   94.5042     6872.7023     6868.0268     6877.3778  24.138166  94.435387   0.000122  -0.000669
1 42041U 17008CX  18011.16416222  .00001741  00000-0  75408-4 0  9993 | 2 42041  97.4713  76.9700 0006908 200.0259 160.0708 15.23745177 50205 | 2018/01/11-03:56:23   92.6494    0.1237  160.0978   94.5040     6872.6930     6867.9454     6877.4407  21.975997  94.961623   0.000084  -0.000686
1 42041U 17008CX  18012.21488067  .00001553  00000-0  67572-4 0  9990 | 2 42041  97.4713  78.0164 0007003 196.1891 163.9123 15.23747325 50363 | 2018/01/12-05:09:25  110.8926    0.1236  163.9345   94.5039     6872.6866     6867.8736     6877.4995  20.238132  95.347115   0.000051  -0.000698
1 42041U 17008CX  18013.79095240  .00001747  00000-0  75645-4 0  9996 | 2 42041  97.4711  79.5860 0007168 190.4387 169.6702 15.23753367 50605 | 2018/01/13-18:58:58  318.2548    0.1236  169.6849   94.5035     6872.6684     6867.7421     6877.5947  17.618825  95.865491   0.000000  -0.000717
1 42041U 17008CX  18014.84166124  .00003029  00000-0  12889-3 0  9998 | 2 42041  97.4712  80.6327 0007290 186.5520 173.5623 15.23761687 50765 | 2018/01/14-20:11:59  336.4935    0.1237  173.5717   94.5030     6872.6434     6867.6332     6877.6535  15.864693  96.171442  -0.000036  -0.000728
1 42041U 17008CX  18016.15504067  .00003205  00000-0  13615-3 0  9990 | 2 42041  97.4708  81.9406 0007423 182.0108 178.1101 15.23770362 50967 | 2018/01/16-03:43:15   89.2901    0.1237  178.1129   94.5024     6872.6173     6867.5157     6877.7188  13.665373  96.508105  -0.000078  -0.000738
1 42041U 17008CX  18017.46841354  .00002878  00000-0  12257-3 0  9994 | 2 42041  97.4705  83.2485 0007562 177.5733 182.5542 15.23777472 51163 | 2018/01/17-11:14:30  202.0844    0.1236  182.5503   94.5020     6872.5959     6867.3988     6877.7930  11.458963  96.794579  -0.000121  -0.000747
1 42041U 17008CX  18018.65044418  .00002559  00000-0  10927-3 0  9990 | 2 42041  97.4700  84.4256 0007679 173.5465 186.5872 15.23783008 51346 | 2018/01/18-15:36:38  267.5972    0.1236  186.5771   94.5016     6872.5793     6867.3018     6877.8567   9.468062  97.009055  -0.000160  -0.000751
1 42041U 17008CX  18019.83246966  .00003090  00000-0  13129-3 0  9991 | 2 42041  97.4696  85.6026 0007792 169.6157 190.5242 15.23790899 51520 | 2018/01/19-19:58:45  333.1082    0.1236  190.5079   94.5012     6872.5555     6867.2004     6877.9106   7.473363  97.182672  -0.000199  -0.000753
1 42041U 17008CX  18020.88315450 +.00003344 +00000-0 +14183-3 0  9996 | 2 42041 097.4694 086.6488 0007889 166.1637 193.9817 15.23797610051683 | 2018/01/20-21:11:44  351.3387    0.1236  193.9599   94.5007     6872.5354     6867.1136     6877.9571   5.697684  97.302725  -0.000233  -0.000754
1 42041U 17008CX  18022.45917256  .00003555  00000-0  15052-3 0  9993 | 2 42041  97.4692  88.2181 0008035 161.1020 199.0517 15.23808120 51924 | 2018/01/22-11:01:12  198.6810    0.1237  199.0217   94.5001     6872.5038     6866.9817     6878.0258   3.030806  97.422067  -0.000284  -0.000752
1 42041U 17008CX  18023.83817973  .00003058  00000-0  12985-3 0  9991 | 2 42041  97.4691  89.5913 0008163 156.7700 203.3907 15.23815594 52136 | 2018/01/23-20:06:58  335.1026    0.1236  203.3536   94.4996     6872.4813     6866.8713     6878.0913   0.695257  97.466620  -0.000327  -0.000748
1 42041U 17008CX  18025.15151292  .00002771  00000-0  11791-3 0  9998 | 2 42041  97.4691  90.8991 0008275 152.6590 207.5084 15.23823100 52339 | 2018/01/25-03:38:10   87.8825    0.1236  207.4646   94.4992     6872.4587     6866.7718     6878.1457  -1.529447  97.457100  -0.000368  -0.000741
1 42041U 17008CX  18026.46483913  .00003017  00000-0  12809-3 0  9996 | 2 42041  97.4692  92.2069 0008390 148.6102 211.5637 15.23831797 52536 | 2018/01/26-11:09:22  200.6601    0.1236  211.5134   94.4986     6872.4326     6866.6666     6878.1985  -3.753358  97.396906  -0.000409  -0.000733
1 42041U 17008CX  18027.84382393  .00002887  00000-0  12268-3 0  9992 | 2 42041  97.4691  93.5802 0008495 144.3399 215.8407 15.23839834 52746 | 2018/01/27-20:15:06  337.0738    0.1236  215.7837   94.4981     6872.4084     6866.5703     6878.2465  -6.086519  97.278876  -0.000451  -0.000720
1 42041U 17008CX  18028.89447443 +.00002820 +00000-0 +11986-3 0  9999 | 2 42041 097.4689 094.6265 0008564 141.2092 218.9761 15.23845913052901 | 2018/01/28-21:28:02  355.2926    0.1236  218.9144   94.4977     6872.3901     6866.5046     6878.2756  -7.861835  97.151315  -0.000481  -0.000709
1 42041U 17008CX  18029.94512115 +.00002614 +00000-0 +11131-3 0  9998 | 2 42041 097.4687 095.6726 0008634 138.0762 222.1137 15.23851137053065 | 2018/01/29-22:40:58   13.5103    0.1236  222.0474   94.4974     6872.3744     6866.4408     6878.3080  -9.634185  96.991391  -0.000511  -0.000696
1 42041U 17008CX  18031.12709440 +.00002637 +00000-0 +11226-3 0  9990 | 2 42041 097.4683 096.8495 0008717 134.4842 225.7109 15.23857227053242 | 2018/01/31-03:03:00   79.0035    0.1237  225.6395   94.4970     6872.3561     6866.3655     6878.3467 -11.624243  96.772654  -0.000545  -0.000681
1 42041U 17008CX  18032.44039268 +.00002597 +00000-0 +11057-3 0  9997 | 2 42041 097.4678 098.1571 0008789 130.6169 229.5834 15.23863549053448 | 2018/02/01-10:34:09  191.7726    0.1237  229.5068   94.4966     6872.3371     6866.2970     6878.3772 -13.829492  96.481694  -0.000579  -0.000661
1 42041U 17008CX  18033.49102747 +.00002435 +00000-0 +10384-3 0  9999 | 2 42041 097.4675 099.2032 0008852 127.5406 232.6636 15.23868240053605 | 2018/02/02-11:47:04  209.9866    0.1236  232.5830   94.4964     6872.3230     6866.2396     6878.4064 -15.588593  96.212833  -0.000607  -0.000645
1 42041U 17008CX  18034.54165871  .00002270  00000-0  96989-4 0  9996 | 2 42041  97.4672 100.2492 0008916 124.4381 235.7700 15.23872895 53768 | 2018/02/03-12:59:59  228.1995    0.1237  235.6856   94.4961     6872.3090     6866.1816     6878.4363 -17.342320  95.911934  -0.000634  -0.000627
1 42041U 17008CX  18035.85494392  .00002140  00000-0  91593-4 0  9996 | 2 42041  97.4669 101.5567 0008960 120.6264 239.5858 15.23877940 53962 | 2018/02/04-20:31:07  340.9651    0.1237  239.4973   94.4958     6872.2938     6866.1363     6878.4514 -19.526282  95.490947  -0.000664  -0.000602
1 42041U 17008CX  18036.90556925 +.00001986 +00000-0 +85208-4 0  9997 | 2 42041 097.4672 102.6028 0008946 117.4618 242.7529 15.23881612054122 | 2018/02/05-21:44:01  359.1771    0.1236  242.6618   94.4955     6872.2828     6866.1348     6878.4307 -21.266459  95.118835  -0.000685  -0.000576
1 42041U 17008CX  18038.48150285  .00001887  00000-0  81086-4 0  9991 | 2 42041  97.4670 104.1717 0008997 112.7913 247.4275 15.23887036 54366 | 2018/02/07-11:33:21  206.4935    0.1236  247.3323   94.4952     6872.2665     6866.0835     6878.4495 -23.862701  94.500728  -0.000719  -0.000541
1 42041U 17008CX  18039.72911158  .00002155  00000-0  92177-4 0  9995 | 2 42041  97.4668 105.4138 0009040 109.1516 251.0700 15.23893227 54557 | 2018/02/08-17:29:55  295.6175    0.1236  250.9720   94.4948     6872.2479     6866.0354     6878.4604 -25.905537  93.961057  -0.000744  -0.000513
1 42041U 17008CX  18041.17370863  .00001689  00000-0  72886-4 0  9995 | 2 42041  97.4666 106.8520 0009073 105.1106 255.1135 15.23895549 54772 | 2018/02/10-04:10:08   95.6556    0.1236  255.0130   94.4947     6872.2409     6866.0057     6878.4761 -28.255617  93.281071  -0.000770  -0.000480
1 42041U 17008CX  18042.74962834  .00001537  00000-0  66601-4 0  9994 | 2 42041  97.4663 108.4209 0009104 100.5691 259.6572 15.23899570 55014 | 2018/02/11-17:59:27  302.9689    0.1237  259.5546   94.4944     6872.2288     6865.9723     6878.4853 -30.798877  92.472206  -0.000796  -0.000441
1 42041U 17008CX  18044.12855409  .00001345  00000-0  58642-4 0  9990 | 2 42041  97.4660 109.7935 0009127  96.7441 263.4835 15.23902576 55224 | 2018/02/13-03:05:07   79.3674    0.1237  263.3796   94.4942     6872.2198     6865.9475     6878.4920 -33.005026  91.707630  -0.000817  -0.000408
1 42041U 17008CX  18045.17915973  .00001750  00000-0  75369-4 0  9994 | 2 42041  97.4659 110.8396 0009098  93.6412 266.5866 15.23908290 55381 | 2018/02/14-04:17:59   97.5746    0.1237  266.4825   94.4939     6872.2026     6865.9503     6878.4549 -34.673785  91.089683  -0.000828  -0.000377
1 42041U 17008CX  18046.68939862  .00002631  00000-0  11177-3 0  9999 | 2 42041  97.4655 112.3430 0009093  89.1803 271.0476 15.23918931 55619 | 2018/02/15-16:32:44  281.2457    0.1237  270.9434   94.4932     6872.1706     6865.9217     6878.4195 -37.051550  90.148246  -0.000846  -0.000334
1 42041U 17008CX  18047.73999515  .00003335  00000-0  14085-3 0  9990 | 2 42041  97.4652 113.3890 0009090  86.4700 273.7577 15.23925351 55772 | 2018/02/16-17:45:35  299.4502    0.1238  273.6538   94.4928     6872.1513     6865.9045     6878.3981 -38.690925  89.456568  -0.000855  -0.000309
1 42041U 17008CX  18048.79058662  .00003399  00000-0  14347-3 0  9997 | 2 42041  97.4649 114.4348 0009068  83.4457 276.7812 15.23931517 55933 | 2018/02/17-18:58:26  317.6536    0.1237  276.6780   94.4924     6872.1328     6865.9011     6878.3644 -40.317085  88.735221  -0.000863  -0.000278
1 42041U 17008CX  18049.84117624  .00002511  00000-0  10676-3 0  9994 | 2 42041  97.4645 115.4806 0009026  80.3614 279.8642 15.23933686 56096 | 2018/02/18-20:11:17  335.8569    0.1237  279.7623   94.4923     6872.1262     6865.9235     6878.3290 -41.929760  87.984226  -0.000868  -0.000246
1 42041U 17008CX  18050.89176320 +.00001837 +00000-0 +78908-4 0  9992 | 2 42041 097.4643 116.5263 0008984 077.3980 282.8261 15.23935903056250 | 2018/02/19-21:24:08  354.0595    0.1237  282.7257   94.4922     6872.1196     6865.9457     6878.2935 -43.528391  87.204180  -0.000872  -0.000216
1 42041U 17008CX  18052.73028599  .00001244  00000-0  54405-4 0  9999 | 2 42041  97.4646 118.3564 0008899  71.8872 288.3333 15.23938880 56530 | 2018/02/21-17:31:36  295.9133    0.1237  288.2365   94.4920     6872.1106     6865.9951     6878.2261 -46.291269  85.769847  -0.000876  -0.000158
1 42041U 17008CX  18053.84652925 +.00001027 +00000-0 +45410-4 0  9993 | 2 42041 097.4644 119.4674 0008842 068.8150 291.4031 15.23940925056707 | 2018/02/22-20:19:00  337.7525    0.1237  291.3087   94.4919     6872.1045     6866.0282     6878.1808 -47.945493  84.855989  -0.000875  -0.000127
1 42041U 17008CX  18055.22541441 +.00001222 +00000-0 +53473-4 0  9992 | 2 42041 097.4641 120.8398 0008782 064.7199 295.4947 15.23945840056918 | 2018/02/24-05:24:35  114.1414    0.1237  295.4038   94.4915     6872.0897     6866.0546     6878.1248 -49.963939  83.683066  -0.000874  -0.000085
1 42041U 17008CX  18056.40731137 +.00001512 +00000-0 +65452-4 0  9998 | 2 42041 097.4639 122.0162 0008734 061.2470 298.9644 15.23951135057095 | 2018/02/25-09:46:31  179.6160    0.1238  298.8768   94.4912     6872.0738     6866.0717     6878.0758 -51.671366  82.639468  -0.000872  -0.000050
1 42041U 17008CX  18057.91750526 +.00002198 +00000-0 +93768-4 0  9990 | 2 42041 097.4636 123.5194 0008632 056.6112 303.5950 15.23960875057321 | 2018/02/26-22:01:12    3.2763    0.1238  303.5126   94.4906     6872.0445     6866.1126     6877.9764 -53.821281  81.255295  -0.000863  -0.000002
1 42041U 17008CX  18059.55901044 +.00003273 +00000-0 +13814-3 0  9993 | 2 42041 097.4635 125.1534 0008503 052.0787 308.1218 15.23973554057574 | 2018/02/28-13:24:58  234.2079    0.1238  308.0451   94.4898     6872.0064     6866.1631     6877.8497 -56.116318  79.687469  -0.000849   0.000041
1 42041U 17008CX  18061.13484429  .00002709  00000-0  11480-3 0  9993 | 2 42041  97.4629 126.7217 0008371  47.4030 312.7912 15.23981788 57811 | 2018/03/02-03:14:10   81.4993    0.1238  312.7208   94.4893     6871.9816     6866.2291     6877.7342 -58.275872  78.121314  -0.000833   0.000086
1 42041U 17008CX  18062.84198683  .00002643  00000-0  11207-3 0  9990 | 2 42041  97.4622 128.4208 0008226  42.1061 318.0807 15.23991621 58076 | 2018/03/03-20:12:27  336.0615    0.1238  318.0177   94.4887     6871.9521     6866.2992     6877.6049 -60.566153  76.358506  -0.000811   0.000135
1 42041U 17008CX  18063.89253186 +.00002296 +00000-0 +97730-4 0  9996 | 2 42041 097.4620 129.4663 0008119 038.7511 321.4307 15.23995925058234 | 2018/03/04-21:25:14  354.2527    0.1237  321.3726   94.4884     6871.9391     6866.3598     6877.5185 -61.949212  75.240525  -0.000795   0.000166
1 42041U 17008CX  18065.40268710  .00001550  00000-0  66924-4 0  9997 | 2 42041  97.4617 130.9692 0007979  34.1220 326.0529 15.23999343 58469 | 2018/03/06-09:39:52  177.9011    0.1238  326.0018   94.4882     6871.9289     6866.4457     6877.4120 -63.901079  73.589640  -0.000771   0.000205
1 42041U 17008CX  18066.84718093  .00001394  00000-0  60480-4 0  9997 | 2 42041  97.4620 132.4067 0007856  29.1666 331.0009 15.24002259 58683 | 2018/03/07-20:19:56  337.9125    0.1238  330.9572   94.4880     6871.9201     6866.5215     6877.3187 -65.727275  71.963649  -0.000745   0.000248
1 42041U 17008CX  18067.89771976 +.00001202 +00000-0 +52560-4 0  9990 | 2 42041 097.4618 133.4521 0007762 025.8289 334.3334 15.24004119058848 | 2018/03/08-21:32:42  356.1017    0.1237  334.2948   94.4879     6871.9145     6866.5805     6877.2485 -67.029150  70.752354  -0.000726   0.000275
1 42041U 17008CX  18069.21089036  .00001169  00000-0  51222-4 0  9993 | 2 42041  97.4615 134.7589 0007627  21.6892 338.4667 15.24007292 59049 | 2018/03/10-05:03:40  108.8371    0.1238  338.4346   94.4877     6871.9050     6866.6638     6877.1462 -68.625082  69.205073  -0.000699   0.000305
1 42041U 17008CX  18070.26141767 +.00002287 +00000-0 +97318-4 0  9998 | 2 42041 097.4614 135.8043 0007546 017.9680 342.1822 15.24017982059208 | 2018/03/11-06:16:26  127.0227    0.1237  342.1557   94.4871     6871.8728     6866.6873     6877.0583 -69.876211  67.941443  -0.000677   0.000333
1 42041U 17008CX  18071.83720436 +.00003017 +00000-0 +12738-3 0  9992 | 2 42041 097.4613 137.3727 0007318 012.8435 347.2987 15.24029761059444 | 2018/03/12-20:05:34  334.2986    0.1237  347.2802   94.4863     6871.8374     6866.8086     6876.8662 -71.709538  66.003387  -0.000635   0.000364
1 42041U 17008CX  18073.93823568 +.00003628 +00000-0 +15251-3 0  9996 | 2 42041 097.4610 139.4634 0007124 005.4669 354.6645 15.24044447059769 | 2018/03/14-22:31:03   10.6609    0.1238  354.6569   94.4854     6871.7933     6866.8978     6876.6887 -74.069478  63.343184  -0.000583   0.000409
1 42041U 17008CX  18075.18571275  .00004381  00000-0  18348-3 0  9997 | 2 42041  97.4605 140.7047 0006980   0.9926 359.1324 15.24055119 59954 | 2018/03/16-04:27:25   99.7473    0.1238  359.1312   94.4848     6871.7612     6866.9647     6876.5577 -75.423917  61.723430  -0.000548   0.000433
1 42041U 17008CX  18076.23621195  .00005879  00000-0  24506-3 0  9997 | 2 42041  97.4602 141.7499 0006844 357.0570   3.0626 15.24067668 60115 | 2018/03/17-05:40:08  117.9226    0.1238    3.0668   94.4840     6871.7235     6867.0205     6876.4265 -76.537040  60.337154  -0.000515   0.000451
1 42041U 17008CX  18077.54932728  .00003979  00000-0  16683-3 0  9995 | 2 42041  97.4599 143.0565 0006693 352.3651   7.7483 15.24075577 60311 | 2018/03/18-13:11:01  230.6380    0.1237    7.7586   94.4835     6871.6997     6867.1005     6876.2989 -77.892737  58.576050  -0.000477   0.000470
1 42041U 17008CX  18078.73112649  .00002985  00000-0  12589-3 0  9996 | 2 42041  97.4594 144.2325 0006565 348.1558  11.9524 15.24080506 60490 | 2018/03/19-17:32:49  296.0798    0.1238   11.9680   94.4832     6871.6849     6867.1736     6876.1961 -79.078118  56.964778  -0.000443   0.000485
1 42041U 17008CX  18079.91292251 +.00002087 +00000-0 +88909-4 0  9998 | 2 42041 097.4591 145.4083 0006459 343.5160 016.5866 15.24083170060671 | 2018/03/20-21:54:36    1.5210    0.1237   16.6077   94.4830     6871.6769     6867.2385     6876.1153 -80.230146  55.329919  -0.000406   0.000502
1 42041U 17008CX  18081.22602641  .00001834  00000-0  78481-4 0  9996 | 2 42041  97.4595 146.7149 0006388 338.1788  21.9176 15.24086628 60876 | 2018/03/22-05:25:28  114.2322    0.1237   21.9449   94.4828     6871.6665     6867.2769     6876.0561 -81.471280  53.486304  -0.000365   0.000524
1 42041U 17008CX  18082.40781596  .00001631  00000-0  70102-4 0  9991 | 2 42041  97.4594 147.8908 0006260 333.4085  26.6830 15.24090213 61052 | 2018/03/23-09:47:15  179.6703    0.1237   26.7152   94.4826     6871.6557     6867.3541     6875.9574 -82.551677  51.803043  -0.000325   0.000535
1 42041U 17008CX  18083.72091336  .00001588  00000-0  68353-4 0  9999 | 2 42041  97.4591 149.1973 0006135 328.0531  32.0333 15.24094147 61254 | 2018/03/24-17:18:06  292.3782    0.1237   32.0706   94.4824     6871.6439     6867.4281     6875.8596 -83.711107  49.907182  -0.000281   0.000545
1 42041U 17008CX  18084.83704101 +.00001859 +00000-0 +79481-4 0  9998 | 2 42041 097.4589 150.3078 0006054 323.4452 036.6372 15.24099770061421 | 2018/03/25-20:05:20  334.1778    0.1238   36.6786   94.4820     6871.6270     6867.4669     6875.7871 -84.662445  48.275332  -0.000244   0.000554
1 42041U 17008CX  18086.15013001  .00001726  00000-0  73992-4 0  9991 | 2 42041  97.4587 151.6143 0005961 317.8693  42.2085 15.24103607 61627 | 2018/03/27-03:36:11   86.8822    0.1237   42.2544   94.4818     6871.6154     6867.5193     6875.7116 -85.740973  46.332319  -0.000199   0.000562
1 42041U 17008CX  18087.59452391 +.00001665 +00000-0 +71487-4 0  9998 | 2 42041 097.4585 153.0514 0005846 311.6283 048.4453 15.24108230061840 | 2018/03/28-14:16:06  246.8547    0.1238   48.4955   94.4815     6871.6016     6867.5844     6875.6187 -86.875817  44.167315  -0.000148   0.000566
1 42041U 17008CX  18089.17021931  .00001677  00000-0  71982-4 0  9999 | 2 42041  97.4581 154.6190 0005766 304.7308  55.3385 15.24114444 62087 | 2018/03/30-04:05:06   94.0949    0.1237   55.3929   94.4811     6871.5829     6867.6207     6875.5450 -88.051199  41.774007  -0.000094   0.000569
1 42041U 17008CX  18090.22068138  .00001402  00000-0  60630-4 0  9991 | 2 42041  97.4580 155.6641 0005722 300.0217  60.0452 15.24116435 62246 | 2018/03/31-05:17:46  112.2539    0.1237   60.1020   94.4810     6871.5769     6867.6450     6875.5088 -88.798394  40.161013  -0.000057   0.000569
1 42041U 17008CX  18091.40244811  .00001416  00000-0  61211-4 0  9997 | 2 42041  97.4578 156.8397 0005655 294.6872  65.3776 15.24120232 62421 | 2018/04/01-09:39:31  177.6812    0.1237   65.4365   94.4807     6871.5655     6867.6796     6875.4513 -89.603489  38.330635  -0.000015   0.000565
1 42041U 17008CX  18092.64986624  .00001326  00000-0  57498-4 0  9991 | 2 42041  97.4576 158.0807 0005623 288.9426  71.1201 15.24123439 62616 | 2018/04/02-15:35:48  266.7424    0.1237   71.1811   94.4805     6871.5558     6867.6920     6875.4197 -90.412445  36.380951   0.000029   0.000562
1 42041U 17008CX  18093.76597521  .00001294  00000-0  56174-4 0  9993 | 2 42041  97.4574 159.1910 0005597 283.8869  76.1746 15.24126325 62780 | 2018/04/03-18:23:00  308.5326    0.1238   76.2369   94.4804     6871.5472     6867.7012     6875.3932 -91.100243  34.622112   0.000067   0.000556
1 42041U 17008CX  18095.14469529  .00001304  00000-0  56580-4 0  9996 | 2 42041  97.4572 160.5626 0005573 277.4839  82.5765 15.24129973 62995 | 2018/04/05-03:28:21   84.8602    0.1237   82.6398   94.4801     6871.5362     6867.7067     6875.3657 -91.902689  32.431491   0.000115   0.000545
1 42041U 17008CX  18097.24559696  .00001206  00000-0  52539-4 0  9995 | 2 42041  97.4569 162.6524 0005568 267.7187  92.3413 15.24134646 63312 | 2018/04/07-05:53:39  121.1662    0.1237   92.4050   94.4798     6871.5222     6867.6961     6875.3482 -93.023919  29.058525   0.000187   0.000524
1 42041U 17008CX  18098.42735134  .00001160  00000-0  50651-4 0  9991 | 2 42041  97.4568 163.8280 0005588 262.3623  97.6979 15.24137191 63493 | 2018/04/08-10:15:23  186.5868    0.1237   97.7614   94.4797     6871.5145     6867.6747     6875.3543 -93.600426  27.143842   0.000226   0.000511
1 42041U 17008CX  18099.60910324  .00001335  00000-0  57856-4 0  9996 | 2 42041  97.4567 165.0036 0005618 256.9628 103.0982 15.24140983 63672 | 2018/04/09-14:37:06  252.0058    0.1237  103.1609   94.4794     6871.5031     6867.6427     6875.3635 -94.137528  25.217735   0.000264   0.000496
1 42041U 17008CX  18100.72519910  .00001570  00000-0  67490-4 0  9994 | 2 42041  97.4566 166.1138 0005658 251.9038 108.1583 15.24145363 63849 | 2018/04/10-17:24:17  293.7891    0.1237  108.2199   94.4792     6871.4899     6867.6021     6875.3778 -94.608364  23.389022   0.000300   0.000480
1 42041U 17008CX  18101.90694493 +.00001683 +00000-0 +72142-4 0  9990 | 2 42041 097.4563 167.2893 0005717 246.7873 113.2762 15.24149512064028 | 2018/04/11-21:46:00  359.2055    0.1237  113.3364   94.4789     6871.4775     6867.5490     6875.4059 -95.067984  21.443152   0.000335   0.000463
1 42041U 17008CX  18103.48260077  .00001717  00000-0  73519-4 0  9999 | 2 42041  97.4561 168.8565 0005831 239.7480 120.3180 15.24154909 64267 | 2018/04/13-11:34:56  206.4249    0.1237  120.3757   94.4786     6871.4613     6867.4545     6875.4680 -95.618684  18.835041   0.000386   0.000437
1 42041U 17008CX  18104.72999214  .00001426  00000-0  61555-4 0  9993 | 2 42041  97.4559 170.0972 0005910 234.1811 125.8877 15.24157361 64455 | 2018/04/14-17:31:11  295.4718    0.1236  125.9425   94.4784     6871.4539     6867.3929     6875.5149 -96.003897  16.760197   0.000423   0.000413
1 42041U 17008CX  18106.17433345  .00001615  00000-0  69316-4 0  9995 | 2 42041  97.4557 171.5339 0006027 228.1797 131.8926 15.24163799 64670 | 2018/04/16-04:11:02   95.4181    0.1237  131.9440   94.4780     6871.4345     6867.2931     6875.5759 -96.393739  14.347839   0.000464   0.000385
1 42041U 17008CX  18107.48736582  .00001800  00000-0  76881-4 0  9990 | 2 42041  97.4555 172.8398 0006117 222.6916 137.3846 15.24170046 64876 | 2018/04/17-11:41:48  208.0942    0.1236  137.4320   94.4776     6871.4158     6867.2125     6875.6190 -96.695496  12.147247   0.000498   0.000355
1 42041U 17008CX  18108.80039402  .00002112  00000-0  89671-4 0  9992 | 2 42041  97.4548 174.1458 0006252 216.7677 143.3132 15.24176806 65076 | 2018/04/18-19:12:34  320.7678    0.1237  143.3560   94.4772     6871.3954     6867.0994     6875.6914 -96.946541   9.940134   0.000536   0.000321
1 42041U 17008CX  18110.17906830  .00002194  00000-0  93017-4 0  9992 | 2 42041  97.4545 175.5171 0006381 211.2692 148.8166 15.24182807 65288 | 2018/04/20-04:17:51   97.0732    0.1236  148.8544   94.4769     6871.3774     6866.9928     6875.7620 -97.156358   7.617196   0.000570   0.000288
1 42041U 17008CX  18111.49208358  .00003353  00000-0  14056-3 0  9991 | 2 42041  97.4545 176.8231 0006542 206.1393 153.9515 15.24193652 65486 | 2018/04/21-11:48:36  209.7419    0.1237  153.9844   94.4762     6871.3448     6866.8496     6875.8400 -97.304731   5.400827   0.000602   0.000255
1 42041U 17008CX  18112.60814080 +.00003047 +00000-0 +12796-3 0  9999 | 2 42041 097.4543 177.9333 0006665 201.6472 158.4485 15.24200280065654 | 2018/04/22-14:35:43  251.5074    0.1237  158.4765   94.4758     6871.3249     6866.7452     6875.9046 -97.390908   3.514485   0.000628   0.000223
1 42041U 17008CX  18113.92114312 +.00002225 +00000-0 +94236-4 0  9993 | 2 42041 097.4544 179.2392 0006815 196.8092 163.2921 15.24205824065855 | 2018/04/23-22:06:26    4.1709    0.1237  163.3145   94.4754     6871.3082     6866.6254     6875.9910 -97.445809   1.294007   0.000655   0.000188
1 42041U 17008CX  18115.16849230  .00002056  00000-0  87310-4 0  9992 | 2 42041  97.4544 180.4796 0006918 192.6304 167.4761 15.24209728 66048 | 2018/04/25-04:02:37   93.2005    0.1237  167.4933   94.4752     6871.2965     6866.5429     6876.0501 -97.450986  -0.815742   0.000674   0.000157
1 42041U 17008CX  18116.61278428 +.00001893 +00000-0 +80569-4 0  9995 | 2 42041 097.4544 181.9162 0007119 187.0518 173.0621 15.24217085066267 | 2018/04/26-14:42:24  253.1251    0.1237  173.0719   94.4747     6871.2744     6866.3827     6876.1660 -97.399904  -3.258657   0.000703   0.000111
1 42041U 17008CX  18117.72882526 +.00001795 +00000-0 +76563-4 0  9998 | 2 42041 097.4542 183.0260 0007205 183.3504 176.7686 15.24220812066439 | 2018/04/27-17:29:30  294.8850    0.1236  176.7732   94.4745     6871.2632     6866.3124     6876.2139 -97.318318  -5.144521   0.000716   0.000080
1 42041U 17008CX  18119.17310871  .00001854  00000-0  78974-4 0  9992 | 2 42041  97.4539 184.4623 0007365 178.4535 181.6727 15.24226708 66654 | 2018/04/29-04:09:16   94.8071    0.1237  181.6702   94.4741     6871.2455     6866.1848     6876.3061 -97.158492  -7.582217   0.000736   0.000037
1 42041U 17008CX  18120.48608958  .00001825  00000-0  77777-4 0  9992 | 2 42041  97.4538 185.7681 0007505 173.9266 186.2064 15.24231697 66858 | 2018/04/30-11:39:58  207.4618    0.1237  186.1971   94.4738     6871.2305     6866.0736     6876.3873 -96.960374  -9.794338   0.000750  -0.000004
1 42041U 17008CX  18121.60212063 +.00001781 +00000-0 +75940-4 0  9996 | 2 42041 097.4537 186.8780 0007622 170.1549 189.9839 15.24235525067026 | 2018/05/01-14:27:03  249.2173    0.1237  189.9688   94.4736     6871.2190     6865.9817     6876.4562 -96.752365 -11.670630   0.000761  -0.000039
1 42041U 17008CX  18122.71814857 +.00001807 +00000-0 +76982-4 0  9994 | 2 42041 097.4535 187.9879 0007742 166.4926 193.6520 15.24239678067195 | 2018/05/02-17:14:08  290.9716    0.1237  193.6311   94.4733     6871.2065     6865.8868     6876.5262 -96.507951 -13.542525   0.000771  -0.000074
1 42041U 17008CX  18123.76852581 +.00001705 +00000-0 +72808-4 0  9996 | 2 42041 097.4534 189.0325 0007851 163.0339 197.1162 15.24242668067357 | 2018/05/03-18:26:40  309.0926    0.1236  197.0897   94.4731     6871.1975     6865.8029     6876.5921 -96.244924 -15.299666   0.000778  -0.000108
1 42041U 17008CX  18124.95019791 +.00001581 +00000-0 +67740-4 0  9997 | 2 42041 097.4532 190.2076 0007969 159.1433 201.0131 15.24245689067530 | 2018/05/04-22:48:17   14.4779    0.1237  200.9804   94.4730     6871.1884     6865.7128     6876.6641 -95.910721 -17.270197   0.000783  -0.000147
1 42041U 17008CX  18126.13186512  .00002011  00000-0  85319-4 0  9996 | 2 42041  97.4531 191.3827 0008089 155.3587 204.8038 15.24252235 67719 | 2018/05/06-03:09:53   79.8616    0.1236  204.7649   94.4726     6871.1687     6865.6107     6876.7268 -95.536277 -19.233475   0.000787  -0.000186
1 42041U 17008CX  18127.70741555  .00002996  00000-0  12562-3 0  9995 | 2 42041  97.4526 192.9496 0008288 150.4396 209.7312 15.24261170 67950 | 2018/05/07-16:58:40  287.0375    0.1237  209.6841   94.4720     6871.1419     6865.4471     6876.8367 -94.974143 -21.838530   0.000794  -0.000237
1 42041U 17008CX  18128.82342383  .00002795  00000-0  11738-3 0  9996 | 2 42041  97.4527 194.0594 0008389 146.9907 213.1856 15.24267035 68121 | 2018/05/08-19:45:43  328.7852    0.1237  213.1330   94.4716     6871.1243     6865.3601     6876.8885 -94.533446 -23.673960   0.000793  -0.000272
1 42041U 17008CX  18129.87378125 +.00002062 +00000-0 +87345-4 0  9990 | 2 42041 097.4528 195.1040 0008488 143.8131 216.3682 15.24270536068284 | 2018/05/09-20:58:14  346.8995    0.1237  216.3106   94.4714     6871.1137     6865.2815     6876.9459 -94.086239 -25.393462   0.000792  -0.000305
1 42041U 17008CX  18130.92413539 +.00001885 +00000-0 +80090-4 0  9999 | 2 42041 097.4528 196.1485 0008581 140.7044 219.4818 15.24274891068442 | 2018/05/10-22:10:45    5.0129    0.1237  219.4193   94.4711     6871.1007     6865.2046     6876.9968 -93.607709 -27.104337   0.000789  -0.000337
1 42041U 17008CX  18132.43401432  .00001732  00000-0  73837-4 0  9998 | 2 42041  97.4526 197.6498 0008639 136.2499 223.9424 15.24280432 68674 | 2018/05/12-10:24:58  188.5501    0.1237  223.8738   94.4708     6871.0840     6865.1481     6877.0199 -92.865262 -29.547459   0.000776  -0.000380
1 42041U 17008CX  18133.48436247  .00001549  00000-0  66341-4 0  9994 | 2 42041  97.4526 198.6943 0008716 133.0850 227.1118 15.24283334 68830 | 2018/05/13-11:37:28  206.6617    0.1237  227.0387   94.4706     6871.0753     6865.0865     6877.0641 -92.311212 -31.235386   0.000768  -0.000412
1 42041U 17008CX  18134.73164700  .00001460  00000-0  62672-4 0  9990 | 2 42041  97.4524 199.9346 0008799 129.4320 230.7698 15.24287517 69023 | 2018/05/14-17:33:34  295.6682    0.1238  230.6918   94.4704     6871.0627     6865.0169     6877.1086 -91.613287 -33.226134   0.000757  -0.000448
1 42041U 17008CX  18135.84763573  .00001447  00000-0  62123-4 0  9992 | 2 42041  97.4523 201.0444 0008860 126.1941 234.0117 15.24291335 69192 | 2018/05/15-20:20:35  337.4103    0.1237  233.9296   94.4701     6871.0512     6864.9635     6877.1390 -90.952469 -34.994273   0.000745  -0.000479
1 42041U 17008CX  18137.16056028  .00001417  00000-0  60909-4 0  9996 | 2 42041  97.4522 202.3499 0008927 122.3338 237.8765 15.24295676 69391 | 2018/05/17-03:51:12   90.0473    0.1237  237.7899   94.4699     6871.0382     6864.9044     6877.1720 -90.131483 -37.057349   0.000728  -0.000516
1 42041U 17008CX  18138.40783443  .00001576  00000-0  67401-4 0  9992 | 2 42041  97.4521 203.5902 0008993 118.6735 241.5407 15.24300758 69588 | 2018/05/18-09:47:16  179.0511    0.1236  241.4501   94.4695     6871.0229     6864.8438     6877.2020 -89.308144 -38.999579   0.000711  -0.000550
1 42041U 17008CX  18139.85204284  .00001436  00000-0  61680-4 0  9991 | 2 42041  97.4519 205.0262 0009058 114.5942 245.6240 15.24304742 69801 | 2018/05/19-20:26:56  338.9496    0.1237  245.5295   94.4693     6871.0110     6864.7872     6877.2347 -88.302574 -41.225336   0.000690  -0.000587
1 42041U 17008CX  18140.90237315 +.00001452 +00000-0 +62317-4 0  9996 | 2 42041 097.4518 206.0707 0009089 111.5817 248.6390 15.24308338069968 | 2018/05/20-21:39:25  357.0568    0.1237  248.5420   94.4691     6871.0001     6864.7551     6877.2452 -87.536317 -42.828105   0.000672  -0.000612
1 42041U 17008CX  18142.21528228  .00001604  00000-0  68520-4 0  9999 | 2 42041  97.4517 207.3763 0009133 107.7490 252.4744 15.24313650 70160 | 2018/05/22-05:10:00  109.6899    0.1236  252.3746   94.4687     6870.9842     6864.7089     6877.2595 -86.537662 -44.811460   0.000647  -0.000644
1 42041U 17008CX  18143.33125168  .00001714  00000-0  73005-4 0  9995 | 2 42041  97.4516 208.4860 0009168 104.5802 255.6452 15.24318192 70335 | 2018/05/23-07:57:00  151.4271    0.1237  255.5435   94.4685     6870.9705     6864.6712     6877.2698 -85.653493 -46.478957   0.000626  -0.000670
1 42041U 17008CX  18144.70979872  .00001545  00000-0  66078-4 0  9990 | 2 42041  97.4515 209.8567 0009196 100.7207 259.5066 15.24322032 70546 | 2018/05/24-17:02:06  287.6902    0.1237  259.4030   94.4682     6870.9590     6864.6405     6877.2775 -84.517076 -48.514520   0.000598  -0.000698
1 42041U 17008CX  18145.82576170  .00001604  00000-0  68481-4 0  9994 | 2 42041  97.4515 210.9664 0009204  97.4772 262.7512 15.24326205 70713 | 2018/05/25-19:49:05  329.4260    0.1238  262.6466   94.4680     6870.9465     6864.6224     6877.2705 -83.561659 -50.142238   0.000572  -0.000721
1 42041U 17008CX  18147.13865685  .00001486  00000-0  63658-4 0  9991 | 2 42041  97.4514 212.2719 0009208  93.8072 266.4218 15.24329761 70911 | 2018/05/27-03:19:39   82.0562    0.1237  266.3165   94.4677     6870.9358     6864.6090     6877.2625 -82.397478 -52.032980   0.000542  -0.000744
1 42041U 17008CX  18148.18897097  .00001340  00000-0  57671-4 0  9996 | 2 42041  97.4513 213.3163 0009198  90.9014 269.3277 15.24332107 71070 | 2018/05/28-04:32:07  100.1600    0.1237  269.2223   94.4676     6870.9287     6864.6088     6877.2486 -81.435290 -53.526157   0.000517  -0.000761
1 42041U 17008CX  18149.37057184  .00001268  00000-0  54722-4 0  9996 | 2 42041  97.4512 214.4912 0009186  87.5770 272.6519 15.24335138 71254 | 2018/05/29-08:53:37  165.5263    0.1237  272.5467   94.4674     6870.9196     6864.6080     6877.2312 -80.320563 -55.184632   0.000488  -0.000778
1 42041U 17008CX  18150.48652626  .00001192  00000-0  51624-4 0  9996 | 2 42041  97.4512 215.6007 0009181  84.4030 275.8254 15.24337676 71421 | 2018/05/30-11:40:35  207.2608    0.1237  275.7207   94.4673     6870.9120     6864.6038     6877.2202 -79.236952 -56.729550   0.000459  -0.000795
1 42041U 17008CX  18151.60247896 +.00001194 +00000-0 +51724-4 0  9993 | 2 42041 097.4511 216.7104 0009167 081.3071 278.9204 15.24340325071597 | 2018/05/31-14:27:34  248.9949    0.1237  278.8166   94.4671     6870.9040     6864.6055     6877.2026 -78.123346 -58.253409   0.000431  -0.000809
1 42041U 17008CX  18152.91535822 +.00001790 +00000-0 +76049-4 0  9996 | 2 42041 097.4509 218.0157 0009119 077.4028 282.8228 15.24347740071792 | 2018/06/01-21:58:06    1.6221    0.1237  282.7209   94.4666     6870.8817     6864.6162     6877.1473 -76.775914 -60.017805   0.000391  -0.000824
1 42041U 17008CX  18154.42516564  .00001829  00000-0  77627-4 0  9992 | 2 42041  97.4508 219.5169 0009067  73.0817 287.1413 15.24352867 72027 | 2018/06/03-10:12:14  185.1423    0.1237  287.0420   94.4663     6870.8663     6864.6365     6877.0962 -75.177146 -62.008508   0.000348  -0.000837
1 42041U 17008CX  18155.47546391  .00001635  00000-0  69692-4 0  9997 | 2 42041  97.4508 220.5611 0009026  70.1380 290.0829 15.24355243 72181 | 2018/06/04-11:24:40  203.2428    0.1237  289.9857   94.4662     6870.8592     6864.6576     6877.0608 -74.034636 -63.368218   0.000319  -0.000844
1 42041U 17008CX  18156.85397601  .00001436  00000-0  61562-4 0  9995 | 2 42041  97.4507 221.9318 0008953  66.1785 294.0390 15.24359037 72396 | 2018/06/05-20:29:43  339.4986    0.1238  293.9453   94.4659     6870.8478     6864.6963     6876.9993 -72.497549 -65.120997   0.000278  -0.000851
1 42041U 17008CX  18158.36376836  .00001588  00000-0  67766-4 0  9990 | 2 42041  97.4506 223.4329 0008880  61.7962 298.4171 15.24365618 72624 | 2018/06/07-08:43:49  163.0151    0.1238  298.3276   94.4655     6870.8280     6864.7267     6876.9293 -70.766678 -66.997736   0.000233  -0.000857
1 42041U 17008CX  18159.41405476  .00001743  00000-0  74092-4 0  9993 | 2 42041  97.4506 224.4772 0008822  58.6661 301.5439 15.24370482 72789 | 2018/06/08-09:56:14  181.1124    0.1238  301.4577   94.4652     6870.8134     6864.7520     6876.8748 -69.533859 -68.276364   0.000201  -0.000859
1 42041U 17008CX  18160.85819557  .00001581  00000-0  67456-4 0  9998 | 2 42041  97.4505 225.9131 0008720  54.5256 305.6794 15.24374754 73006 | 2018/06/09-20:35:48  340.9956    0.1238  305.5982   94.4650     6870.8006     6864.8092     6876.7919 -67.801048 -69.997271   0.000158  -0.000858
1 42041U 17008CX  18161.90847746 +.00001382 +00000-0 +59315-4 0  9990 | 2 42041 097.4505 226.9574 0008633 051.4369 308.7641 15.24377266073165 | 2018/06/10-21:48:12  359.0920    0.1238  308.6869   94.4648     6870.7930     6864.8615     6876.7246 -66.514053 -71.221350   0.000126  -0.000854
1 42041U 17008CX  18163.48389678  .00001180  00000-0  51065-4 0  9990 | 2 42041  97.4504 228.5238 0008521  46.7095 313.4852 15.24381080 73401 | 2018/06/12-11:36:48  206.2356    0.1238  313.4143   94.4646     6870.7816     6864.9270     6876.6362 -64.542266 -73.012851   0.000078  -0.000849
1 42041U 17008CX  18164.79674379  .00001025  00000-0  44742-4 0  9992 | 2 42041  97.4503 229.8290 0008415  42.7802 317.4089 15.24383558 73606 | 2018/06/13-19:07:18  318.8550    0.1238  317.3436   94.4644     6870.7741     6864.9924     6876.5559 -62.862364 -74.463979   0.000038  -0.000841
1 42041U 17008CX  18165.84701918  .00001034  00000-0  45106-4 0  9994 | 2 42041  97.4502 230.8734 0008319  39.4870 320.6972 15.24386098 73767 | 2018/06/14-20:19:42  336.9498    0.1238  320.6368   94.4643     6870.7665     6865.0507     6876.4823 -61.494587 -75.597336   0.000005  -0.000832
1 42041U 17008CX  18166.89729122 +.00001331 +00000-0 +57214-4 0  9990 | 2 42041 097.4502 231.9176 0008220 036.2400 323.9393 15.24390611073921 | 2018/06/15-21:32:05  355.0436    0.1238  323.8838   94.4640     6870.7529     6865.1052     6876.4007 -60.106710 -76.705442  -0.000026  -0.000822
1 42041U 17008CX  18168.47269438  .00001902  00000-0  80511-4 0  9995 | 2 42041  97.4501 233.4839 0008072  31.3148 328.8569 15.24398300 74162 | 2018/06/17-11:20:40  202.1829    0.1238  328.8090   94.4635     6870.7298     6865.1838     6876.2759 -57.987550 -78.319640  -0.000073  -0.000804
1 42041U 17008CX  18169.85116761  .00001855  00000-0  78577-4 0  9994 | 2 42041  97.4500 234.8545 0007938  26.9414 333.2234 15.24402997 74376 | 2018/06/18-20:25:40  338.4282    0.1238  333.1824   94.4632     6870.7157     6865.2617     6876.1697 -56.097559 -79.684167  -0.000113  -0.000786
1 42041U 17008CX  18171.16399533  .00001613  00000-0  68720-4 0  9992 | 2 42041  97.4499 236.1598 0007804  22.6748 337.4833 15.24406737 74570 | 2018/06/20-03:56:09   91.0416    0.1238  337.4490   94.4630     6870.7045     6865.3426     6876.0664 -54.267756 -80.941298  -0.000151  -0.000766
1 42041U 17008CX  18172.41117962  .00001161  00000-0  50293-4 0  9999 | 2 42041  97.4499 237.3998 0007645  18.7235 341.4282 15.24408355 74769 | 2018/06/21-09:52:05  180.0236    0.1238  341.4003   94.4629     6870.6996     6865.4470     6875.9523 -52.503446 -82.096719  -0.000183  -0.000742
1 42041U 17008CX  18173.72400253  .00001182  00000-0  51147-4 0  9994 | 2 42041  97.4498 238.7051 0007506  14.3743 345.7706 15.24411754 74962 | 2018/06/22-17:22:33  292.6353    0.1237  345.7494   94.4627     6870.6894     6865.5323     6875.8465 -50.619622 -83.271348  -0.000218  -0.000718
1 42041U 17008CX  18175.16810018  .00002933  00000-0  12247-3 0  9990 | 2 42041  97.4500 240.1407 0007355   9.5173 350.6203 15.24422289 75180 | 2018/06/24-04:02:03   92.5056    0.1239  350.6066   94.4620     6870.6577     6865.6044     6875.7111 -48.517608 -84.513574  -0.000256  -0.000690
1 42041U 17008CX  18176.21835022  .00002187  00000-0  92064-4 0  9996 | 2 42041  97.4500 241.1849 0007212   5.8575 354.2746 15.24425066 75344 | 2018/06/25-05:14:25  110.5921    0.1238  354.2663   94.4618     6870.6494     6865.6943     6875.6045 -46.969400 -85.383710  -0.000281  -0.000664
1 42041U 17008CX  18177.39987716  .00002139  00000-0  90115-4 0  9996 | 2 42041  97.4497 242.3599 0007108   1.4721 358.6536 15.24430401 75527 | 2018/06/26-09:35:49  175.9377    0.1238  358.6517   94.4615     6870.6334     6865.7497     6875.5170 -45.208490 -86.328654  -0.000313  -0.000638
1 42041U 17008CX  18178.71268231  .00001714  00000-0  72764-4 0  9995 | 2 42041  97.4496 243.6650 0006961 356.8231   3.2961 15.24433443 75723 | 2018/06/27-17:06:15  288.5429    0.1238    3.3007   94.4613     6870.6242     6865.8416     6875.4069 -43.230469 -87.335852  -0.000343  -0.000606
1 42041U 17008CX  18179.82856401 +.00001371 +00000-0 +58797-4 0  9999 | 2 42041 097.4495 244.7745 0006846 352.7117 007.4020 15.24435459075898 | 2018/06/28-19:53:07  330.2562    0.1238    7.4121   94.4612     6870.6182     6865.9145     6875.3218 -41.531218 -88.156469  -0.000368  -0.000577
1 42041U 17008CX  18181.14136288 +.00001280 +00000-0 +55105-4 0  9990 | 2 42041 097.4494 246.0797 0006717 347.8243 012.2831 15.24439166076097 | 2018/06/30-03:23:33   82.8589    0.1238   12.2995   94.4610     6870.6070     6865.9920     6875.2220 -39.512368 -89.079506  -0.000396  -0.000543
1 42041U 17008CX  18182.19159932 +.00001742 +00000-0 +73920-4 0  9995 | 2 42041 097.4496 247.1240 0006654 343.5336 016.5684 15.24443603076252 | 2018/07/01-04:35:54  100.9402    0.1238   16.5902   94.4607     6870.5937     6866.0220     6875.1654 -37.882368 -89.785025  -0.000422  -0.000515
1 42041U 17008CX  18183.37311233 +.00001448 +00000-0 +61918-4 0  9997 | 2 42041 097.4493 248.2986 0006512 339.0211 021.0758 15.24446727076436 | 2018/07/02-08:57:16  166.2800    0.1238   21.1027   94.4605     6870.5843     6866.1102     6875.0584 -36.033775 -90.542438  -0.000441  -0.000479
1 42041U 17008CX  18184.75154286  .00001031  00000-0  44917-4 0  9991 | 2 42041  97.4492 249.6691 0006371 333.7122  26.3791 15.24448484 76648 | 2018/07/03-18:02:13  302.5087    0.1238   26.4116   94.4604     6870.5790     6866.2018     6874.9563 -33.857888 -91.378280  -0.000463  -0.000438
1 42041U 17008CX  18186.12997011  .00001089  00000-0  47280-4 0  9994 | 2 42041  97.4491 251.0395 0006238 328.2088  31.8772 15.24452276 76854 | 2018/07/05-03:07:09   78.7361    0.1238   31.9150   94.4602     6870.5676     6866.2818     6874.8535 -31.662794 -92.161785  -0.000483  -0.000395
1 42041U 17008CX  18187.18019825  .00001184  00000-0  51149-4 0  9994 | 2 42041  97.4490 252.0836 0006137 323.7843  36.2978 15.24455442 77015 | 2018/07/06-04:19:29   96.8132    0.1238   36.3395   94.4600     6870.5581     6866.3417     6874.7746 -29.978137 -92.723346  -0.000497  -0.000360
1 42041U 17008CX  18188.29606424  .00001216  00000-0  52477-4 0  9995 | 2 42041  97.4490 253.1929 0006048 319.1520  40.9263 15.24458225 77181 | 2018/07/07-07:06:19  138.5193    0.1237   40.9717   94.4598     6870.5498     6866.3945     6874.7051 -28.177420 -93.286337  -0.000511  -0.000324
1 42041U 17008CX  18189.74012115  .00001504  00000-0  64173-4 0  9990 | 2 42041  97.4489 254.6286 0005940 313.2117  46.8623 15.24463815 77409 | 2018/07/08-17:45:46  298.3717    0.1237   46.9120   94.4594     6870.5330     6866.4519     6874.6141 -25.831252 -93.962942  -0.000525  -0.000277
1 42041U 17008CX  18191.18417570  .00001385  00000-0  59326-4 0  9996 | 2 42041  97.4488 256.0642 0005846 306.8544  53.2157 15.24467055 77625 | 2018/07/10-04:25:12   98.2230    0.1238   53.2694   94.4592     6870.5232     6866.5067     6874.5397 -23.469036 -94.580511  -0.000538  -0.000228
1 42041U 17008CX  18192.36567245  .00001223  00000-0  52714-4 0  9997 | 2 42041  97.4489 257.2389 0005783 301.4227  58.6444 15.24469308 77807 | 2018/07/11-08:46:34  163.5546    0.1237   58.7010   94.4591     6870.5165     6866.5432     6874.4897 -21.525135 -95.041868  -0.000548  -0.000185
1 42041U 17008CX  18193.41589071 +.00001089 +00000-0 +47275-4 0  9991 | 2 42041 097.4489 258.2830 0005736 296.7591 063.3059 15.24471017077969 | 2018/07/12-09:58:52  181.6263    0.1237   63.3646   94.4590     6870.5113     6866.5704     6874.4523 -19.789711 -95.418318  -0.000554  -0.000149
1 42041U 17008CX  18194.59738383 +.00001063 +00000-0 +46195-4 0  9995 | 2 42041 097.4489 259.4576 0005680 291.2544 068.8087 15.24473630078140 | 2018/07/13-14:20:13  246.9557    0.1238   68.8694   94.4588     6870.5035     6866.6010     6874.4059 -17.829553 -95.803941  -0.000558  -0.000106
1 42041U 17008CX  18195.91015181 +.00001005 +00000-0 +43822-4 0  9996 | 2 42041 097.4487 260.7627 0005651 285.0435 075.0176 15.24476202078347 | 2018/07/14-21:50:37  359.5430    0.1237   75.0802   94.4587     6870.4957     6866.6132     6874.3783 -15.642834 -96.184983  -0.000562  -0.000057
1 42041U 17008CX  18197.48546998  .00001066  00000-0  46312-4 0  9999 | 2 42041  97.4486 262.3288 0005616 277.8216  82.2384 15.24480100 78583 | 2018/07/16-11:39:04  206.6452    0.1238   82.3022   94.4584     6870.4840     6866.6256     6874.3425 -13.008223 -96.576476  -0.000562  -0.000001
1 42041U 17008CX  18198.60131839 +.00001042 +00000-0 +45337-4 0  9998 | 2 42041 097.4485 263.4381 0005611 272.7699 087.2896 15.24482480078757 | 2018/07/17-14:25:53  248.3417    0.1237   87.3538   94.4583     6870.4769     6866.6219     6874.3319 -11.136080 -96.810113  -0.000560   0.000037
1 42041U 17008CX  18199.91407882 +.00000995 +00000-0 +43440-4 0  9996 | 2 42041 097.4483 264.7431 0005629 266.7564 093.3030 15.24485229078952 | 2018/07/18-21:56:16    0.9245    0.1238   93.3674   94.4581     6870.4686     6866.6012     6874.3360  -8.928363 -97.038423  -0.000557   0.000083
1 42041U 17008CX  18201.48938807  .00001046  00000-0  45478-4 0  9999 | 2 42041  97.4481 266.3092 0005662 259.5188 100.5412 15.24489081 79192 | 2018/07/20-11:44:43  208.0218    0.1238  100.6050   94.4579     6870.4571     6866.5670     6874.3471  -6.272936 -97.245989  -0.000549   0.000139
1 42041U 17008CX  18202.60522870 +.00001268 +00000-0 +54517-4 0  9993 | 2 42041 097.4480 267.4184 0005687 254.3026 105.7584 15.24493166079361 | 2018/07/21-14:31:31  249.7141    0.1237  105.8211   94.4576     6870.4448     6866.5376     6874.3520  -4.389270 -97.349099  -0.000540   0.000178
1 42041U 17008CX  18203.91797829 +.00001560 +00000-0 +66408-4 0  9993 | 2 42041 097.4479 268.7235 0005758 248.4234 111.6390 15.24498651079561 | 2018/07/22-22:01:53    2.2913    0.1237  111.7003   94.4573     6870.4283     6866.4723     6874.3843  -2.170875 -97.423716  -0.000531   0.000224
1 42041U 17008CX  18205.49327496 +.00001560 +00000-0 +66374-4 0  9999 | 2 42041 097.4479 270.2896 0005842 241.3765 118.6885 15.24503254079806 | 2018/07/24-11:50:18  209.3821    0.1237  118.7472   94.4570     6870.4145     6866.4008     6874.4282   0.492546 -97.446655  -0.000514   0.000277
1 42041U 17008CX  18206.93729324 +.00001335 +00000-0 +57225-4 0  9990 | 2 42041 097.4479 271.7251 0005917 235.0932 124.9750 15.24506202080029 | 2018/07/25-22:29:42    9.2133    0.1237  125.0305   94.4568     6870.4056     6866.3404     6874.4708   2.933584 -97.403734  -0.000495   0.000324
1 42041U 17008CX  18208.84076819 +.00000907 +00000-0 +39802-4 0  9991 | 2 42041 097.4478 273.6173 0006078 226.8056 133.2675 15.24508594080313 | 2018/07/27-20:10:42  334.4433    0.1238  133.3182   94.4567     6870.3984     6866.2226     6874.5743   6.148163 -97.253657  -0.000468   0.000387
1 42041U 17008CX  18209.89095956 +.00000791 +00000-0 +35087-4 0  9992 | 2 42041 097.4477 274.6612 0006153 222.5186 137.5575 15.24510114080476 | 2018/07/28-21:22:58  352.5004    0.1237  137.6051   94.4566     6870.3939     6866.1665     6874.6212   7.918949 -97.125406  -0.000451   0.000418
1 42041U 17008CX  18211.46624414  .00000886  00000-0  38934-4 0  9994 | 2 42041  97.4475 276.2272 0006295 215.9872 144.0943 15.24513631 80715 | 2018/07/30-11:11:23  199.5842    0.1238  144.1366   94.4564     6870.3833     6866.0584     6874.7082  10.570257 -96.872519  -0.000423   0.000466
1 42041U 17008CX  18212.84461575  .00000872  00000-0  38365-4 0  9997 | 2 42041  97.4473 277.5974 0006428 210.5631 149.5233 15.24516155 80927 | 2018/07/31-20:16:14  335.7814    0.1237  149.5606   94.4562     6870.3757     6865.9594     6874.7920  12.883645 -96.591863  -0.000397   0.000505
1 42041U 17008CX  18213.89480230 +.00000836 +00000-0 +36912-4 0  9998 | 2 42041 097.4472 278.6412 0006528 206.4572 153.6333 15.24517849081080 | 2018/08/01-21:28:30  353.8358    0.1237  153.6665   94.4561     6870.3706     6865.8856     6874.8556  14.641081 -96.341038  -0.000375   0.000534
1 42041U 17008CX  18214.94498767 +.00000839 +00000-0 +37031-4 0  9995 | 2 42041 097.4471 279.6851 0006638 202.3344 157.7605 15.24519685081246 | 2018/08/02-22:40:46   11.8893    0.1237  157.7893   94.4560     6870.3651     6865.8046     6874.9257  16.393822 -96.058211  -0.000352   0.000563
1 42041U 17008CX  18216.45462664 +.00000906 +00000-0 +39733-4 0  9996 | 2 42041 097.4470 281.1856 0006798 196.5880 163.5136 15.24522856081477 | 2018/08/04-10:54:39  195.3401    0.1237  163.5357   94.4558     6870.3556     6865.6851     6875.0260  18.903530 -95.595891  -0.000317   0.000601
1 42041U 17008CX  18217.83298995 +.00000915 +00000-0 +40114-4 0  9998 | 2 42041 097.4468 282.5557 0006937 191.5727 168.5353 15.24525625081683 | 2018/08/05-19:59:30  331.5330    0.1238  168.5511   94.4556     6870.3473     6865.5813     6875.1132  21.183825 -95.116373  -0.000284   0.000633
1 42041U 17008CX  18219.80207724  .00000844  00000-0  37223-4 0  9995 | 2 42041  97.4467 284.5129 0007170 184.3616 175.7560 15.24528739 81988 | 2018/08/07-19:14:59  320.3785    0.1237  175.7621   94.4554     6870.3379     6865.4119     6875.2639  24.419946 -94.337297  -0.000232   0.000678
1 42041U 17008CX  18220.85225513  .00000867  00000-0  38151-4 0  9994 | 2 42041  97.4467 285.5567 0007287 180.7245 179.3983 15.24530794 82144 | 2018/08/08-20:27:14  338.4286    0.1237  179.3992   94.4553     6870.3317     6865.3253     6875.3381  26.134411 -93.876791  -0.000204   0.000699
1 42041U 17008CX  18222.16497565  .00000878  00000-0  38613-4 0  9993 | 2 42041  97.4465 286.8615 0007414 176.2422 183.8873 15.24533304 82349 | 2018/08/10-03:57:33   90.9904    0.1237  183.8815   94.4551     6870.3242     6865.2305     6875.4178  28.265253 -93.257149  -0.000168   0.000722
1 42041U 17008CX  18223.60896575 +.00000929 +00000-0 +40655-4 0  9993 | 2 42041 097.4465 288.2967 0007572 171.3241 188.8129 15.24536215082562 | 2018/08/11-14:36:54  250.8074    0.1237  188.7996   94.4550     6870.3154     6865.1132     6875.5176  30.592137 -92.519952  -0.000127   0.000747
1 42041U 17008CX  18224.79040998 +.00000973 +00000-0 +42461-4 0  9990 | 2 42041 097.4463 289.4710 0007684 167.4637 192.6793 15.24538770082746 | 2018/08/12-18:58:11  316.1115    0.1237  192.6600   94.4548     6870.3078     6865.0286     6875.5869  32.481746 -91.873378  -0.000093   0.000763
1 42041U 17008CX  18225.90621665 +.00000930 +00000-0 +40680-4 0  9994 | 2 42041 097.4462 290.5800 0007797 163.8675 196.2812 15.24540831082917 | 2018/08/13-21:44:57  357.7870    0.1237  196.2562   94.4547     6870.3016     6864.9448     6875.6584  34.253789 -91.227407  -0.000060   0.000777
1 42041U 17008CX  18227.80964842  .00000975  00000-0  42531-4 0  9998 | 2 42041  97.4461 292.4717 0007980 157.7771 202.3813 15.24544719 83209 | 2018/08/15-19:25:53  322.9971    0.1236  202.3465   94.4544     6870.2899     6864.8074     6875.7724  37.246536 -90.046865  -0.000003   0.000798
1 42041U 17008CX  18228.85981465 +.00001066 +00000-0 +46198-4 0  9999 | 2 42041 097.4460 293.5155 0008085 154.5208 205.6429 15.24547552083367 | 2018/08/16-20:38:07  341.0430    0.1236  205.6028   94.4543     6870.2814     6864.7268     6875.8360  38.880676 -89.353321   0.000028   0.000808
1 42041U 17008CX  18230.43506109  .00001123  00000-0  48502-4 0  9999 | 2 42041  97.4457 295.0810 0008215 149.6280 210.5434 15.24551484 83605 | 2018/08/18-10:26:29  188.1111    0.1236  210.4956   94.4540     6870.2696     6864.6256     6875.9135  41.307145 -88.257488   0.000076   0.000818
1 42041U 17008CX  18231.48522333  .00001152  00000-0  49673-4 0  9994 | 2 42041  97.4457 296.1247 0008312 146.3871 213.7895 15.24554039 83761 | 2018/08/19-11:38:43  206.1557    0.1237  213.7366   94.4539     6870.2619     6864.5513     6875.9725  42.907901 -87.490436   0.000108   0.000824
1 42041U 17008CX  18232.60101849 +.00001190 +00000-0 +51225-4 0  9992 | 2 42041 097.4456 297.2336 0008417 142.9686 217.2134 15.24556969083931 | 2018/08/20-14:25:27  247.8275    0.1237  217.1551   94.4537     6870.2531     6864.4704     6876.0358  44.593000 -86.643576   0.000143   0.000829
1 42041U 17008CX  18234.89823779  .00000977  00000-0  42554-4 0  9995 | 2 42041  97.4454 299.5165 0008587 136.0626 224.1296 15.24561479 84287 | 2018/08/22-21:33:27  354.7976    0.1237  224.0611   94.4534     6870.2395     6864.3401     6876.1390  48.008833 -84.798337   0.000214   0.000832
1 42041U 17008CX  18235.94839296 +.00000930 +00000-0 +40658-4 0  9995 | 2 42041 097.4454 300.5601 0008666 132.9566 227.2399 15.24563496084448 | 2018/08/23-22:45:41   12.8406    0.1236  227.1670   94.4533     6870.2335     6864.2797     6876.1872  49.545323 -83.909874   0.000246   0.000831
1 42041U 17008CX  18237.39235367  .00000972  00000-0  42377-4 0  9991 | 2 42041  97.4452 301.9951 0008759 128.7187 231.4835 15.24566787 84666 | 2018/08/25-09:24:59  172.6490    0.1237  231.4050   94.4531     6870.2236     6864.2060     6876.2412  51.631021 -82.642632   0.000289   0.000827
1 42041U 17008CX  18238.44250453  .00001053  00000-0  45638-4 0  9995 | 2 42041  97.4451 303.0387 0008817 125.6331 234.5729 15.24569613 84828 | 2018/08/26-10:37:12  190.6910    0.1237  234.4906   94.4529     6870.2151     6864.1576     6876.2726  53.127593 -81.688471   0.000321   0.000821
1 42041U 17008CX  18239.49264783  .00001860  00000-0  78383-4 0  9991 | 2 42041  97.4449 304.0823 0008854 122.5239 237.6855 15.24578215 84984 | 2018/08/27-11:49:24  208.7306    0.1237  237.5998   94.4524     6870.1893     6864.1064     6876.2721  54.606481 -80.707130   0.000352   0.000813
1 42041U 17008CX  18240.73969209  .00001895  00000-0  79771-4 0  9995 | 2 42041  97.4447 305.3215 0008929 118.9165 241.2969 15.24582993 85178 | 2018/08/28-17:45:09  297.6525    0.1237  241.2072   94.4521     6870.1749     6864.0405     6876.3093  56.339002 -79.507147   0.000388   0.000804
1 42041U 17008CX  18241.85546617  .00001279  00000-0  54803-4 0  9998 | 2 42041  97.4442 306.4305 0009004 115.7822 244.4346 15.24586075 85343 | 2018/08/29-20:31:52  339.3185    0.1238  244.3416   94.4519     6870.1657     6863.9798     6876.3515  57.866972 -78.401439   0.000420   0.000797
1 42041U 17008CX  18242.90560348 +.00001032 +00000-0 +44767-4 0  9997 | 2 42041 097.4439 307.4740 0009046 112.8552 247.3642 15.24588635085500 | 2018/08/30-21:44:04  357.3569    0.1238  247.2686   94.4517     6870.1580     6863.9432     6876.3727  59.285001 -77.334354   0.000448   0.000786
1 42041U 17008CX  18244.41517377  .00001117  00000-0  48215-4 0  9995 | 2 42041  97.4442 308.9737 0009063 108.4254 251.7969 15.24591730 85731 | 2018/09/01-09:57:51  180.7876    0.1237  251.6983   94.4515     6870.1487     6863.9222     6876.3751  61.288855 -75.756507   0.000488   0.000764
1 42041U 17008CX  18245.79347371  .00000959  00000-0  41811-4 0  9990 | 2 42041  97.4440 310.3433 0009096 104.5254 255.6993 15.24594595 85947 | 2018/09/02-19:02:36  316.9620    0.1237  255.5983   94.4513     6870.1401     6863.8910     6876.3891  63.081929 -74.269801   0.000523   0.000744
1 42041U 17008CX  18246.84360553  .00000931  00000-0  40672-4 0  9998 | 2 42041  97.4439 311.3867 0009107 101.5781 258.6479 15.24596703 86106 | 2018/09/03-20:14:47  334.9999    0.1237  258.5456   94.4512     6870.1337     6863.8771     6876.3904  64.423838 -73.108705   0.000549   0.000727
1 42041U 17008CX  18247.89373573 +.00000955 +00000-0 +41611-4 0  9990 | 2 42041 097.4438 312.4301 0009115 098.6794 261.5477 15.24598988086264 | 2018/09/04-21:26:58  353.0373    0.1238  261.4444   94.4511     6870.1269     6863.8647     6876.3890  65.744381 -71.923366   0.000572   0.000709
1 42041U 17008CX  18249.46892459 +.00001429 +00000-0 +60831-4 0  9996 | 2 42041 097.4437 313.9953 0009101 094.0999 266.1279 15.24605832086509 | 2018/09/06-11:15:15  200.0920    0.1238  266.0239   94.4506     6870.1063     6863.8538     6876.3588  67.684332 -70.100684   0.000608   0.000677
1 42041U 17008CX  18250.58468154 +.00001322 +00000-0 +56501-4 0  9993 | 2 42041 097.4435 315.1039 0009090 090.9722 269.2557 15.24608273086675 | 2018/09/07-14:01:56  241.7555    0.1237  269.1515   94.4505     6870.0990     6863.8540     6876.3439  69.027795 -68.777898   0.000631   0.000655
1 42041U 17008CX  18251.83170201 +.00001136 +00000-0 +48944-4 0  9990 | 2 42041 097.4434 316.3429 0009076 087.4424 272.7852 15.24610450086862 | 2018/09/08-19:57:39  330.6733    0.1237  272.6813   94.4504     6870.0924     6863.8571     6876.3277  70.498764 -67.269164   0.000655   0.000628
1 42041U 17008CX  18253.40688202  .00000941  00000-0  41038-4 0  9990 | 2 42041  97.4432 317.9079 0009060  82.9116 277.3152 15.24613479 87105 | 2018/09/10-09:45:54  177.7265    0.1238  277.2122   94.4502     6870.0833     6863.8590     6876.3076  72.309507 -65.318546   0.000686   0.000592
1 42041U 17008CX  18254.45699945  .00000918  00000-0  40107-4 0  9992 | 2 42041  97.4430 318.9512 0009021  79.9405 280.2850 15.24616007 87265 | 2018/09/11-10:58:04  195.7618    0.1238  280.1833   94.4500     6870.0757     6863.8782     6876.2732  73.486690 -63.990973   0.000702   0.000566
1 42041U 17008CX  18255.83527035  .00001681  00000-0  70994-4 0  9990 | 2 42041  97.4428 320.3205 0008970  75.8735 284.3499 15.24625067 87474 | 2018/09/12-20:02:47  331.9306    0.1238  284.2503   94.4495     6870.0485     6863.8861     6876.2109  74.994712 -62.216496   0.000724   0.000530
1 42041U 17008CX  18257.14790692  .00002125  00000-0  88952-4 0  9994 | 2 42041  97.4422 321.6248 0008941  72.3374 287.8839 15.24632076 87674 | 2018/09/14-03:32:59   84.4714    0.1238  287.7864   94.4490     6870.0275     6863.8850     6876.1700  76.391006 -60.492947   0.000742   0.000499
1 42041U 17008CX  18258.19801186  .00001980  00000-0  83102-4 0  9991 | 2 42041  97.4420 322.6680 0008899  69.2604 290.9586 15.24636319 87832 | 2018/09/15-04:45:08  102.5033    0.1237  290.8633   94.4488     6870.0147     6863.9011     6876.1283  77.479536 -59.092004   0.000755   0.000471
1 42041U 17008CX  18259.51064084  .00001364  00000-0  58153-4 0  9990 | 2 42041  97.4420 323.9720 0008815  65.5846 294.6310 15.24638351 88033 | 2018/09/16-12:15:19  215.0429    0.1237  294.5391   94.4486     6870.0086     6863.9527     6876.0645  78.804235 -57.313488   0.000767   0.000435
1 42041U 17008CX  18260.69200410  .00001265  00000-0  54116-4 0  9991 | 2 42041  97.4421 325.1455 0008739  61.8541 298.3578 15.24641151 88218 | 2018/09/17-16:36:29  280.3283    0.1237  298.2696   94.4485     6870.0002     6863.9965     6876.0039  79.961569 -55.687614   0.000779   0.000397
1 42041U 17008CX  18261.74210291  .00001087  00000-0  46927-4 0  9999 | 2 42041  97.4421 326.1887 0008685  58.8317 301.3771 15.24643096 88372 | 2018/09/18-17:48:37  298.3588    0.1238  301.2921   94.4483     6869.9944     6864.0278     6875.9609  80.962179 -54.222582   0.000787   0.000367
1 42041U 17008CX  18263.12035572  .00001014  00000-0  43969-4 0  9993 | 2 42041  97.4419 327.5579 0008588  54.7188 305.4852 15.24646003 88584 | 2018/09/20-02:53:18   74.5239    0.1238  305.4050   94.4482     6869.9856     6864.0857     6875.8856  82.234531 -52.272420   0.000795   0.000326
1 42041U 17008CX  18264.76112961 +.00000984 +00000-0 +42742-4 0  9995 | 2 42041 097.4419 329.1879 0008477 049.7009 310.4968 15.24649392088834 | 2018/09/21-18:16:01  305.1960    0.1238  310.4229   94.4479     6869.9754     6864.1518     6875.7991  83.688146 -49.912104   0.000802   0.000274
1 42041U 17008CX  18265.87685043 +.00001293 +00000-0 +55252-4 0  9998 | 2 42041 097.4418 330.2962 0008384 046.3016 313.8915 15.24654343089008 | 2018/09/22-21:02:39  346.8515    0.1238  313.8222   94.4476     6869.9606     6864.2008     6875.7203  84.637816 -48.283998   0.000803   0.000239
1 42041U 17008CX  18267.45198178 +.00001738 +00000-0 +73243-4 0  9996 | 2 42041 097.4415 331.8609 0008238 041.5071 318.6791 15.24661621089244 | 2018/09/24-10:50:51  193.8935    0.1238  318.6167   94.4472     6869.9387     6864.2793     6875.5982  85.924424 -45.954752   0.000801   0.000190
1 42041U 17008CX  18268.83021897  .00001578  00000-0  66759-4 0  9998 | 2 42041  97.4412 333.2299 0008125  37.2044 322.9755 15.24664822 89456 | 2018/09/25-19:55:30  330.0547    0.1238  322.9194   94.4470     6869.9291     6864.3473     6875.5109  86.997549 -43.888655   0.000799   0.000147
1 42041U 17008CX  18269.94592922 +.00001668 +00000-0 +70405-4 0  9996 | 2 42041 097.4409 334.3381 0008027 033.7794 326.3954 15.24669861089626 | 2018/09/26-22:42:08   11.7069    0.1238  326.3444   94.4467     6869.9140     6864.3995     6875.4284  87.829836 -42.197737   0.000795   0.000113
1 42041U 17008CX  18271.71793609  .00001419  00000-0  60332-4 0  9991 | 2 42041  97.4406 336.0982 0007849  28.1179 332.0481 15.24674476 89891 | 2018/09/28-17:13:49  289.6247    0.1238  332.0059   94.4464     6869.9001     6864.5079     6875.2923  89.084214 -39.480038   0.000783   0.000058
1 42041U 17008CX  18272.83364151  .00001311  00000-0  55955-4 0  9997 | 2 42041  97.4404 337.2063 0007737  24.5732 335.5873 15.24677264 90065 | 2018/09/29-20:00:26  331.2757    0.1238  335.5506   94.4462     6869.8917     6864.5765     6875.2070  89.830866 -37.749797   0.000773   0.000024
1 42041U 17008CX  18273.88371544 +.00001241 +00000-0 +53125-4 0  9996 | 2 42041 097.4404 338.2493 0007626 021.1256 339.0295 15.24679775090228 | 2018/09/30-21:12:33  349.2997    0.1238  338.9982   94.4461     6869.8842     6864.6452     6875.1231  90.503133 -36.108371   0.000763  -0.000008
1 42041U 17008CX  18275.13067533 +.00001180 +00000-0 +50640-4 0  9997 | 2 42041 097.4401 339.4878 0007486 017.0401 343.1086 15.24682919090414 | 2018/10/02-03:08:10   78.2023    0.1238  343.0837   94.4459     6869.8747     6864.7319     6875.0175  91.262164 -34.143675   0.000747  -0.000045
1 42041U 17008CX  18276.18074541 +.00001133 +00000-0 +48725-4 0  9999 | 2 42041 097.4400 340.5308 0007372 013.4188 346.7244 15.24685224090574 | 2018/10/03-04:20:16   96.2250    0.1238  346.7050   94.4457     6869.8678     6864.8033     6874.9323  91.868458 -32.476760   0.000733  -0.000078
1 42041U 17008CX  18277.82147690 +.00001073 +00000-0 +46318-4 0  9996 | 2 42041 097.4399 342.1604 0007219 007.7696 352.3652 15.24688639090825 | 2018/10/04-19:42:55  326.8843    0.1238  352.3542   94.4455     6869.8576     6864.8982     6874.8169  92.754783 -29.851035   0.000711  -0.000126
1 42041U 17008CX  18279.65909087  .00001299  00000-0  55457-4 0  9999 | 2 42041  97.4397 343.9854 0007023   1.3795 358.7461 15.24694153 91100 | 2018/10/06-15:49:05  268.4208    0.1238  358.7443   94.4452     6869.8410     6865.0163     6874.6657  93.658204 -26.881888   0.000680  -0.000177
1 42041U 17008CX  18280.97166515  .00001855  00000-0  77902-4 0  9994 | 2 42041  97.4395 345.2890 0006900 356.6222   3.4968 15.24701487 91304 | 2018/10/07-23:19:11   20.9443    0.1238    3.5016   94.4447     6869.8190     6865.0788     6874.5591  94.245337 -24.744142   0.000656  -0.000214
1 42041U 17008CX  18282.15297937  .00002006  00000-0  84017-4 0  9993 | 2 42041  97.4394 346.4621 0006778 352.2145   7.8986 15.24706255 91482 | 2018/10/09-03:40:17   86.2145    0.1238    7.9093   94.4444     6869.8046     6865.1483     6874.4610  94.732074 -22.809445   0.000631  -0.000246
1 42041U 17008CX  18283.46554790  .00001916  00000-0  80361-4 0  9998 | 2 42041  97.4392 347.7656 0006623 347.3581  12.7489 15.24710147 91680 | 2018/10/10-11:10:23  198.7355    0.1238   12.7657   94.4442     6869.7929     6865.2431     6874.3428  95.226243 -20.648496   0.000601  -0.000279
1 42041U 17008CX  18284.71248418  .00001551  00000-0  65598-4 0  9994 | 2 42041  97.4390 349.0040 0006510 342.3241  17.7769 15.24712824 91874 | 2018/10/11-17:05:58  287.6292    0.1238   17.7997   94.4440     6869.7849     6865.3127     6874.2571  95.650069 -18.585560   0.000571  -0.000312
1 42041U 17008CX  18285.76253327  .00001384  00000-0  58829-4 0  9998 | 2 42041  97.4388 350.0468 0006412 338.3237  21.7728 15.24715479 92036 | 2018/10/12-18:18:02  305.6436    0.1238   21.8001   94.4439     6869.7769     6865.3720     6874.1818  95.972274 -16.841684   0.000546  -0.000336
1 42041U 17008CX  18286.81257954  .00001397  00000-0  59370-4 0  9991 | 2 42041  97.4386 351.0896 0006328 334.3077  25.7845 15.24719182 92190 | 2018/10/13-19:30:06  323.6567    0.1238   25.8161   94.4436     6869.7658     6865.4186     6874.1130  96.262688 -15.092237   0.000521  -0.000359
1 42041U 17008CX  18288.19076053  .00001602  00000-0  67645-4 0  9996 | 2 42041  97.4384 352.4581 0006201 328.6592  31.4275 15.24725394 92409 | 2018/10/15-04:34:41   99.7973    0.1238   31.4646   94.4432     6869.7471     6865.4872     6874.0071  96.595474 -12.788906   0.000483  -0.000389
1 42041U 17008CX  18289.37205664  .00001469  00000-0  62249-4 0  9995 | 2 42041  97.4382 353.6311 0006119 323.7666  36.3156 15.24728527 92589 | 2018/10/16-08:55:45  165.0597    0.1238   36.3572   94.4430     6869.7377     6865.5341     6873.9413  96.836838 -10.808771   0.000450  -0.000414
1 42041U 17008CX  18290.48772333  .00001319  00000-0  56182-4 0  9994 | 2 42041  97.4382 354.7389 0006038 319.1127  40.9657 15.24730962 92759 | 2018/10/17-11:42:19  206.6954    0.1238   41.0111   94.4429     6869.7304     6865.5825     6873.8784  97.027711  -8.934551   0.000418  -0.000435
1 42041U 17008CX  18291.73464194  .00001345  00000-0  57221-4 0  9990 | 2 42041  97.4381 355.9771 0005942 313.7987  46.2759 15.24734682 92949 | 2018/10/18-17:37:53  295.5807    0.1238   46.3251   94.4427     6869.7192     6865.6373     6873.8012  97.198021  -6.835787   0.000380  -0.000457
1 42041U 17008CX  18292.85030380  .00001307  00000-0  55719-4 0  9998 | 2 42041  97.4379 357.0850 0005876 308.9223  51.1490 15.24737587 93116 | 2018/10/19-20:24:26  337.2140    0.1238   51.2015   94.4425     6869.7105     6865.6739     6873.7472  97.311823  -4.955146   0.000345  -0.000475
1 42041U 17008CX  18293.90033524 +.00001504 +00000-0 +63632-4 0  9990 | 2 42041 097.4379 358.1276 0005824 304.3541 055.7145 15.24741903093277 | 2018/10/20-21:36:28  355.2204    0.1238   55.7697   94.4422     6869.6976     6865.6966     6873.6985  97.385875  -3.183659   0.000313  -0.000491
1 42041U 17008CX  18295.80351371  .00001546  00000-0  65335-4 0  9992 | 2 42041  97.4377   0.0174 0005730 295.9147  64.1500 15.24747429 93568 | 2018/10/22-19:17:03  320.3546    0.1238   64.2091   94.4419     6869.6810     6865.7446     6873.6173  97.437696   0.029591   0.000251  -0.000515
1 42041U 17008CX  18296.85354024 +.00001657 +00000-0 +69798-4 0  9996 | 2 42041 097.4374 001.0600 0005694 291.1089 068.9539 15.24751008093722 | 2018/10/23-20:29:05  338.3584    0.1237   69.0148   94.4416     6869.6702     6865.7586     6873.5818  97.420726   1.802537   0.000215  -0.000527
1 42041U 17008CX  18297.90356235 +.00001780 +00000-0 +74766-4 0  9997 | 2 42041 097.4372 002.1025 0005670 286.2950 073.7664 15.24755738093883 | 2018/10/24-21:41:07  356.3602    0.1238   73.8288   94.4414     6869.6560     6865.7609     6873.5511  97.371605   3.574709   0.000179  -0.000538
1 42041U 17008CX  18299.41296793  .00001510  00000-0  63848-4 0  9997 | 2 42041  97.4370   3.6012 0005630 279.4539  80.6062 15.24758850 94110 | 2018/10/26-09:54:40  179.7366    0.1238   80.6699   94.4412     6869.6467     6865.7790     6873.5143  97.244602   6.120157   0.000127  -0.000548
1 42041U 17008CX  18300.72548944  .00001596  00000-0  67339-4 0  9995 | 2 42041  97.4367   4.9044 0005630 273.5782  86.4812 15.24763787 94314 | 2018/10/27-17:24:42  292.2355    0.1238   86.5456   94.4409     6869.6318     6865.7642     6873.4994  97.079958   8.330198   0.000083  -0.000557
1 42041U 17008CX  18302.43176183 +.00001415 +00000-0 +59990-4 0  9991 | 2 42041 097.4366 006.5984 0005664 265.7811 094.2779 15.24768851094571 | 2018/10/29-10:21:44  186.4818    0.1237   94.3426   94.4405     6869.6166     6865.7257     6873.5076  96.791178  11.196382   0.000024  -0.000566
1 42041U 17008CX  18303.80990227 +.00001180 +00000-0 +50535-4 0  9991 | 2 42041 097.4364 007.9667 0005691 259.4222 100.6375 15.24771614094786 | 2018/10/30-19:26:15  322.6017    0.1238  100.7016   94.4404     6869.6083     6865.6988     6873.5178  96.496021  13.504445  -0.000026  -0.000569
1 42041U 17008CX  18304.85991232 +.00001101 +00000-0 +47347-4 0  9994 | 2 42041 097.4362 009.0090 0005727 254.5947 105.4658 15.24773919094942 | 2018/10/31-20:38:16  340.5971    0.1237  105.5290   94.4402     6869.6014     6865.6672     6873.5356  96.234203  15.257496  -0.000064  -0.000569
1 42041U 17008CX  18306.17242037  .00001295  00000-0  55145-4 0  9992 | 2 42041  97.4361  10.3120 0005799 248.6590 111.4029 15.24778919 95144 | 2018/11/02-04:08:17   93.0893    0.1238  111.4648   94.4399     6869.5864     6865.6027     6873.5701  95.862270  17.441868  -0.000111  -0.000569
1 42041U 17008CX  18307.48492538  .00001439  00000-0  60956-4 0  9996 | 2 42041  97.4360  11.6150 0005843 243.0369 117.0272 15.24783496 95343 | 2018/11/03-11:38:17  205.5796    0.1237  117.0868   94.4396     6869.5726     6865.5587     6873.5865  95.440762  19.617215  -0.000155  -0.000563
1 42041U 17008CX  18308.73180130  .00001622  00000-0  68319-4 0  9992 | 2 42041  97.4359  12.8528 0005919 237.7575 122.3090 15.24788423 95539 | 2018/11/04-17:33:47  294.4437    0.1238  122.3663   94.4393     6869.5578     6865.4917     6873.6239  94.994622  21.674327  -0.000197  -0.000558
1 42041U 17008CX  18310.17554675  .00001849  00000-0  77442-4 0  9990 | 2 42041  97.4357  14.2861 0006024 231.5546 128.5151 15.24795177 95755 | 2018/11/06-04:12:47   94.1786    0.1237  128.5691   94.4389     6869.5375     6865.3993     6873.6758  94.422562  24.043615  -0.000247  -0.000550
1 42041U 17008CX  18311.48804042  .00001575  00000-0  66416-4 0  9996 | 2 42041  97.4356  15.5891 0006116 226.0070 134.0664 15.24798162 95954 | 2018/11/07-11:42:46  206.6632    0.1237  134.1167   94.4387     6869.5286     6865.3272     6873.7300  93.851306  26.184510  -0.000291  -0.000538
1 42041U 17008CX  18312.73490613  .00001310  00000-0  55726-4 0  9999 | 2 42041  97.4353  16.8269 0006208 220.7662 139.3112 15.24800823 96140 | 2018/11/08-17:38:15  295.5221    0.1238  139.3576   94.4386     6869.5206     6865.2560     6873.7852  93.263480  28.205690  -0.000333  -0.000524
1 42041U 17008CX  18313.91614423  .00001320  00000-0  56115-4 0  9991 | 2 42041  97.4350  17.9995 0006316 216.0318 144.0495 15.24804527 96323 | 2018/11/09-21:59:14    0.7556    0.1238  144.0920   94.4383     6869.5095     6865.1707     6873.8482  92.666454  30.108262  -0.000371  -0.000511
1 42041U 17008CX  18314.96613114  .00001336  00000-0  56764-4 0  9990 | 2 42041  97.4348  19.0418 0006413 211.8350 148.2501 15.24807948 96481 | 2018/11/10-23:11:13   18.7397    0.1237  148.2887   94.4381     6869.4992     6865.0938     6873.9046  92.103246  31.788870  -0.000405  -0.000498
1 42041U 17008CX  18316.14736412  .00001351  00000-0  57354-4 0  9992 | 2 42041  97.4346  20.2143 0006511 207.1959 152.8939 15.24811621 96669 | 2018/11/12-03:32:12   83.9706    0.1238  152.9279   94.4379     6869.4882     6865.0154     6873.9609  91.433292  33.666813  -0.000441  -0.000479
1 42041U 17008CX  18317.19734709 +.00001350 +00000-0 +57279-4 0  9990 | 2 42041 097.4345 021.2565 0006613 203.1855 156.9085 15.24814599096823 | 2018/11/13-04:44:10  101.9530    0.1237  156.9382   94.4377     6869.4792     6864.9364     6874.0220  90.805714  35.324271  -0.000472  -0.000463
1 42041U 17008CX  18318.37857613  .00001202  00000-0  51320-4 0  9998 | 2 42041  97.4343  22.4290 0006733 198.7112 161.3879 15.24817009 97008 | 2018/11/14-09:05:08  167.1821    0.1237  161.4125   94.4376     6869.4720     6864.8468     6874.0972  90.063691  37.174915  -0.000507  -0.000443
1 42041U 17008CX  18319.82229723  .00001295  00000-0  55068-4 0  9999 | 2 42041  97.4343  23.8621 0006871 193.3351 166.7706 15.24821303 97224 | 2018/11/15-19:44:06  326.9050    0.1237  166.7886   94.4373     6869.4591     6864.7391     6874.1791  89.105786  39.415754  -0.000547  -0.000415
1 42041U 17008CX  18320.87227456 +.00001248 +00000-0 +53176-4 0  9993 | 2 42041 097.4342 024.9044 0006972 189.5480 170.5626 15.24823557097380 | 2018/11/16-20:56:04  344.8846    0.1237  170.5757   94.4372     6869.4523     6864.6629     6874.2417  88.373957  41.030074  -0.000575  -0.000394
1 42041U 17008CX  18321.92224851 +.00001563 +00000-0 +65847-4 0  9994 | 2 42041 097.4341 025.9465 0007075 185.8598 174.2558 15.24828226097542 | 2018/11/17-22:08:02    2.8630    0.1237  174.2639   94.4369     6869.4383     6864.5782     6874.2984  87.613033  42.630508  -0.000601  -0.000373
1 42041U 17008CX  18323.82532229  .00001732  00000-0  72634-4 0  9996 | 2 42041  97.4340  27.8354 0007270 179.3057 180.8192 15.24834290 97831 | 2018/11/19-19:48:27  327.9471    0.1237  180.8180   94.4365     6869.4201     6864.4260     6874.4141  86.160170  45.495158  -0.000647  -0.000332
1 42041U 17008CX  18325.13778300  .00001846  00000-0  77230-4 0  9997 | 2 42041  97.4338  29.1381 0007388 174.7919 185.3396 15.24838597 98032 | 2018/11/21-03:18:24   80.4173    0.1236  185.3317   94.4362     6869.4071     6864.3320     6874.4823  85.103419  47.442106  -0.000675  -0.000300
1 42041U 17008CX  18326.18774636  .00001918  00000-0  80100-4 0  9991 | 2 42041  97.4336  30.1802 0007499 171.3371 188.7997 15.24843226 98194 | 2018/11/22-04:30:21   98.3916    0.1237  188.7866   94.4359     6869.3932     6864.2419     6874.5446  84.226337  48.981941  -0.000698  -0.000275
1 42041U 17008CX  18327.30333235  .00001667  00000-0  69989-4 0  9995 | 2 42041  97.4334  31.2874 0007600 167.6355 192.5071 15.24845239 98368 | 2018/11/23-07:16:47  139.9891    0.1238  192.4883   94.4358     6869.3872     6864.1665     6874.6079  83.263959  50.600204  -0.000719  -0.000246
1 42041U 17008CX  18328.61578210 +.00001681 +00000-0 +70564-4 0  9991 | 2 42041 097.4332 032.5901 0007706 163.3025 196.8467 15.24849642098565 | 2018/11/24-14:46:43  252.4554    0.1236  196.8211   94.4355     6869.3740     6864.0804     6874.6675  82.091902  52.479978  -0.000741  -0.000211
1 42041U 17008CX  18329.73136027 +.00001709 +00000-0 +71646-4 0  9994 | 2 42041 097.4330 033.6973 0007814 159.6339 200.5211 15.24854083098734 | 2018/11/25-17:33:09  294.0501    0.1236  200.4897   94.4353     6869.3606     6863.9929     6874.7283  81.062333  54.056337  -0.000760  -0.000180
1 42041U 17008CX  18331.37191400  .00001382  00000-0  58518-4 0  9993 | 2 42041  97.4328  35.3254 0007980 154.5065 205.6567 15.24857553 98988 | 2018/11/27-08:55:33  164.6301    0.1236  205.6171   94.4351     6869.3502     6863.8685     6874.8319  79.493603  56.337532  -0.000786  -0.000136
1 42041U 17008CX  18332.42186548  .00001382  00000-0  58477-4 0  9991 | 2 42041  97.4327  36.3674 0008098 151.1914 208.9772 15.24860579 99146 | 2018/11/28-10:07:29  182.6001    0.1237  208.9323   94.4349     6869.3411     6863.7783     6874.9039  78.455861  57.773774  -0.000803  -0.000107
1 42041U 17008CX  18333.73430192  .00001499  00000-0  63174-4 0  9992 | 2 42041  97.4326  37.6700 0008210 147.0857 213.0893 15.24864967 99343 | 2018/11/29-17:37:23  295.0619    0.1237  213.0380   94.4346     6869.3279     6863.6882     6874.9677  77.122153  59.542297  -0.000818  -0.000068
1 42041U 17008CX  18334.78424973  .00001498  00000-0  63144-4 0  9994 | 2 42041  97.4324  38.7120 0008290 143.7801 216.4000 15.24867660 99507 | 2018/11/30-18:49:19  313.0308    0.1238  216.3437   94.4344     6869.3199     6863.6252     6875.0145  76.026447  60.934817  -0.000828  -0.000036
1 42041U 17008CX  18336.16230079  .00001845  00000-0  77097-4 0  9998 | 2 42041  97.4323  40.0797 0008374 139.6484 220.5376 15.24873805 99719 | 2018/12/02-03:53:42   89.1139    0.1237  220.4753   94.4340     6869.3014     6863.5490     6875.0538  74.550282  62.732037  -0.000837   0.000004
1 42041U 17008CX  18337.67159232  .00001386  00000-0  58636-4 0  9994 | 2 42041  97.4321  41.5773 0008480 135.1526 225.0398 15.24875653 99945 | 2018/12/03-16:07:05  272.4425    0.1237  224.9711   94.4339     6869.2958     6863.4707     6875.1210  72.885161  64.658854  -0.000847   0.000048
1 42041U 17008CX  18339.18087996  .00001164  00000-0  49684-4 0  9996 | 2 42041  97.4319  43.0752 0008584 130.7087 229.4898 15.24878495100172 | 2018/12/05-04:20:28   95.7697    0.1238  229.4151   94.4338     6869.2873     6863.3907     6875.1839  71.169907  66.541863  -0.000853   0.000093
1 42041U 17008CX  18340.42767948  .00001146  00000-0  48966-4 0  9999 | 2 42041  97.4318  44.3124 0008664 127.0823 233.1208 15.24881775100367 | 2018/12/06-10:15:51  184.6046    0.1237  233.0414   94.4336     6869.2775     6863.3259     6875.2290  69.716503  68.062948  -0.000857   0.000130
1 42041U 17008CX  18341.60885582  .00001183  00000-0  50458-4 0  9995 | 2 42041  97.4316  45.4845 0008720 123.4820 236.7253 15.24885024100547 | 2018/12/07-14:36:45  249.8160    0.1238  236.6418   94.4333     6869.2677     6863.2777     6875.2577  68.309508  69.474656  -0.000856   0.000167
1 42041U 17008CX  18342.79002955  .00001120  00000-0  47893-4 0  9991 | 2 42041  97.4314  46.6566 0008773 120.2357 239.9750 15.24887707100723 | 2018/12/08-18:57:38  315.0273    0.1237  239.8880   94.4332     6869.2596     6863.2332     6875.2861  66.873934  70.857284  -0.000854   0.000199
1 42041U 17008CX  18344.16806243  .00001051  00000-0  45113-4 0  9992 | 2 42041  97.4312  48.0240 0008804 116.1968 244.0176 15.24890902100936 | 2018/12/10-04:02:00   91.1062    0.1238  243.9270   94.4330     6869.2501     6863.2024     6875.2977  65.163863  72.432794  -0.000847   0.000239
1 42041U 17008CX  18345.41485100  .00001168  00000-0  49807-4 0  9999 | 2 42041  97.4310  49.2611 0008869 112.6073 247.6104 15.24894780101128 | 2018/12/11-09:57:23  179.9386    0.1238  247.5165   94.4327     6869.2384     6863.1461     6875.3307  63.584735  73.822634  -0.000843   0.000276
1 42041U 17008CX  18346.72725746  .00001057  00000-0  45376-4 0  9991 | 2 42041  97.4308  50.5634 0008911 108.8712 251.3493 15.24897590101327 | 2018/12/12-17:27:15  292.3934    0.1238  251.2526   94.4326     6869.2300     6863.1088     6875.3511  61.890382  75.248531  -0.000834   0.000313
1 42041U 17008CX  18348.17090099  .00000987  00000-0  42531-4 0  9999 | 2 42041  97.4307  51.9959 0008920 104.6364 255.5864 15.24901022101546 | 2018/12/14-04:06:05   92.0932    0.1238  255.4874   94.4324     6869.2197     6863.0923     6875.3470  59.989822  76.772147  -0.000819   0.000354
1 42041U 17008CX  18349.22082197  .00000936  00000-0  40477-4 0  9997 | 2 42041  97.4307  53.0377 0008939 101.5736 258.6506 15.24903218101706 | 2018/12/15-05:17:59  110.0564    0.1238  258.5502   94.4322     6869.2131     6863.0727     6875.3535  58.584047  77.850181  -0.000808   0.000383
1 42041U 17008CX  18350.46760155  .00000801  00000-0  35045-4 0  9998 | 2 42041  97.4307  54.2749 0008937  98.1161 262.1091 15.24905054101892 | 2018/12/16-11:13:20  198.8878    0.1238  262.0077   94.4321     6869.2076     6863.0685     6875.3466  56.889485  79.096952  -0.000792   0.000414
1 42041U 17008CX  18351.84561840  .00000865  00000-0  37640-4 0  9994 | 2 42041  97.4305  55.6422 0008930  94.1641 266.0617 15.24908218102102 | 2018/12/17-20:17:41  334.9642    0.1237  265.9596   94.4319     6869.1981     6863.0639     6875.3322  54.985792  80.431741  -0.000772   0.000449
1 42041U 17008CX  18352.89553390 +.00000961 +00000-0 +41488-4 0  9993 | 2 42041 097.4303 056.6839 0008935 091.1593 269.0669 15.24910927102268 | 2018/12/18-21:29:34  352.9265    0.1238  268.9645   94.4317     6869.1899     6863.0523     6875.3275  53.514338  81.417928  -0.000756   0.000476
1 42041U 17008CX  18354.47040071 +.00001473 +00000-0 +62027-4 0  9997 | 2 42041 097.4302 058.2465 0008919 086.4752 273.7505 15.24918004102508 | 2018/12/20-11:17:22  199.8687    0.1237  273.6485   94.4313     6869.1687     6863.0421     6875.2953  51.274189  82.846855  -0.000728   0.000515
1 42041U 17008CX  18355.71716793 +.00001393 +00000-0 +58825-4 0  9998 | 2 42041 097.4300 059.4835 0008882 082.8427 277.3820 15.24921108102697 | 2018/12/21-17:12:43  288.6978    0.1237  277.2810   94.4311     6869.1593     6863.0582     6875.2605  49.473636  83.934285  -0.000703   0.000543
1 42041U 17008CX  18356.83269422  .00001278  00000-0  54183-4 0  9999 | 2 42041  97.4298  60.5903 0008838  79.5344 280.6889 15.24923605102869 | 2018/12/22-19:59:04  330.2814    0.1238  280.5894   94.4310     6869.1518     6863.0809     6875.2228  47.843024  84.874089  -0.000678   0.000567
1 42041U 17008CX  18357.88259965  .00001084  00000-0  46393-4 0  9995 | 2 42041  97.4296  61.6319 0008811  76.5364 283.6855 15.24925450103025 | 2018/12/23-21:10:56  348.2419    0.1238  283.5874   94.4308     6869.1463     6863.0939     6875.1987  46.292153  85.729596  -0.000657   0.000588
1 42041U 17008CX  18359.19497893  .00000897  00000-0  38881-4 0  9999 | 2 42041  97.4294  62.9340 0008765  72.8799 287.3398 15.24927838103227 | 2018/12/25-04:40:46  100.6921    0.1238  287.2439   94.4307     6869.1391     6863.1183     6875.1599  44.331991  86.759222  -0.000629   0.000611
1 42041U 17008CX  18360.76983090  .00000928  00000-0  40148-4 0  9997 | 2 42041  97.4292  64.4964 0008713  68.3396 291.8769 15.24931427103467 | 2018/12/26-18:28:33  307.6319    0.1238  291.7842   94.4305     6869.1284     6863.1433     6875.1134  41.949877  87.935527  -0.000592   0.000639
1 42041U 17008CX  18362.14782179  .00001195  00000-0  50848-4 0  9991 | 2 42041  97.4290  65.8635 0008650  64.1797 296.0332 15.24936236103673 | 2018/12/28-03:32:51   83.7033    0.1238  295.9441   94.4302     6869.1139     6863.1721     6875.0557  39.839877  88.911159  -0.000557   0.000662
1 42041U 17008CX  18363.39457098  .00001718  00000-0  71834-4 0  9997 | 2 42041  97.4290  67.1003 0008584  60.4776 299.7317 15.24942802103869 | 2018/12/29-09:28:10  172.5287    0.1238  299.6462   94.4298     6869.0942     6863.1978     6874.9906  37.911487  89.750371  -0.000523   0.000680
1 42041U 17008CX  18364.77255111  .00001907  00000-0  79378-4 0  9993 | 2 42041  97.4288  68.4674 0008476  56.1757 304.0286 15.24949078104076 | 2018/12/30-18:32:28  308.5976    0.1238  303.9481   94.4294     6869.0753     6863.2531     6874.8976  35.759346  90.629136  -0.000482   0.000697
1 42041U 17008CX  19001.15052924  .00001618  00000-0  67799-4 0  9994 | 2 42041  97.4287  69.8344 0008385  52.1343 308.0652 15.24952058104286 | 2019/01/01-03:36:45   84.6658    0.1238  307.9895   94.4292     6869.0664     6863.3067     6874.8261  33.587051  91.456337  -0.000444   0.000711
1 42041U 17008CX  19002.20041484  .00001334  00000-0  56384-4 0  9993 | 2 42041  97.4285  70.8760 0008295  49.1732 311.0223 15.24954040104445 | 2019/01/02-04:48:35  102.6218    0.1237  310.9505   94.4291     6869.0604     6863.3626     6874.7583  31.918910  92.051593  -0.000415   0.000718
1 42041U 17008CX  19003.77523967  .00001148  00000-0  48944-4 0  9993 | 2 42041  97.4283  72.4383 0008191  44.3339 315.8553 15.24957792104688 | 2019/01/03-18:36:20  309.5550    0.1238  315.7899   94.4288     6869.0492     6863.4227     6874.6756  29.397299  92.887418  -0.000369   0.000731
1 42041U 17008CX  19005.15320960  .00000800  00000-0  34991-4 0  9996 | 2 42041  97.4281  73.8053 0008085  40.0598 320.1235 15.24958927104897 | 2019/01/05-03:40:37   85.6212    0.1239  320.0641   94.4288     6869.0458     6863.4921     6874.5994  27.172919  93.562103  -0.000327   0.000739
1 42041U 17008CX  19006.66241032  .00000968  00000-0  41702-4 0  9998 | 2 42041  97.4278  75.3024 0007950  35.4440 324.7325 15.24963200105129 | 2019/01/06-15:53:52  268.9307    0.1239  324.6799   94.4285     6869.0329     6863.5721     6874.4938  24.719131  94.239805  -0.000282   0.000743
1 42041U 17008CX  19007.84352153  .00001024  00000-0  43941-4 0  9997 | 2 42041  97.4275  76.4740 0007842  31.6194 328.5514 15.24966198105308 | 2019/01/07-20:14:40  334.1290    0.1239  328.5045   94.4283     6869.0239     6863.6372     6874.4106  22.786985  94.725240  -0.000244   0.000745
1 42041U 17008CX  19009.15586556  .00000976  00000-0  42041-4 0  9994 | 2 42041  97.4273  77.7759 0007728  27.4412 332.7232 15.24968786105500 | 2019/01/09-03:44:26   86.5709    0.1238  332.6826   94.4282     6869.0162     6863.7078     6874.3245  20.628857  95.218323  -0.000203   0.000746
1 42041U 17008CX  19010.73067510  .00000941  00000-0  40635-4 0  9993 | 2 42041  97.4271  79.3380 0007568  22.3944 337.7623 15.24972005105746 | 2019/01/10-17:32:10  293.5001    0.1239  337.7295   94.4280     6869.0065     6863.8080     6874.2050  18.025463  95.745091  -0.000154   0.000741
1 42041U 17008CX  19011.78054591  .00000966  00000-0  41630-4 0  9997 | 2 42041  97.4269  80.3793 0007469  18.7967 341.3545 15.24974500105901 | 2019/01/11-18:43:59  311.4526    0.1238  341.3271   94.4278     6868.9990     6863.8686     6874.1295  16.282467  96.056661  -0.000119   0.000737
1 42041U 17008CX  19013.15849906  .00000996  00000-0  42827-4 0  9994 | 2 42041  97.4268  81.7460 0007331  13.8766 346.2672 15.24977626106118 | 2019/01/13-03:48:14   87.5146    0.1238  346.2472   94.4276     6868.9896     6863.9540     6874.0253  13.986758  96.417592  -0.000072   0.000730
1 42041U 17008CX  19014.66768303  .00001031  00000-0  44222-4 0  9994 | 2 42041  97.4267  83.2430 0007170   8.7916 351.3446 15.24980942106348 | 2019/01/14-16:01:27  270.8190    0.1238  351.3322   94.4274     6868.9797     6864.0546     6873.9047  11.463101  96.749983  -0.000025   0.000717
1 42041U 17008CX  19015.84878169  .00000974  00000-0  41953-4 0  9990 | 2 42041  97.4265  84.4144 0007049   4.6023 355.5278 15.24983018106526 | 2019/01/15-20:22:14  336.0133    0.1238  355.5215   94.4273     6868.9734     6864.1315     6873.8154   9.482791  96.963909   0.000012   0.000705
1 42041U 17008CX  19017.22672829  .00000895  00000-0  38772-4 0  9996 | 2 42041  97.4263  85.7812 0006919 359.6269   0.4963 15.24985235106733 | 2019/01/17-05:26:29  112.0724    0.1239    0.4970   94.4271     6868.9668     6864.2141     6873.7194   7.167208  97.162313   0.000055   0.000690
1 42041U 17008CX  19018.40782335  .00000948  00000-0  40904-4 0  9990 | 2 42041  97.4262  86.9526 0006784 355.4167   4.7008 15.24987722106918 | 2019/01/18-09:47:15  177.2650    0.1239    4.7072   94.4270     6868.9593     6864.2994     6873.6192   5.179380  97.288429   0.000090   0.000672
1 42041U 17008CX  19019.72014970  .00000846  00000-0  36795-4 0  9999 | 2 42041  97.4259  88.2541 0006636 350.5307   9.5804 15.24989494107112 | 2019/01/19-17:17:00  289.7009    0.1238    9.5931   94.4269     6868.9540     6864.3957     6873.5122   2.968274  97.380672   0.000129   0.000651
1 42041U 17008CX  19020.77000928 +.00000765 +00000-0 +33547-4 0  9996 | 2 42041 097.4257 089.2954 0006539 346.5036 013.6026 15.24990928107278 | 2019/01/20-18:28:48  307.6488    0.1238   13.6202   94.4268     6868.9497     6864.4581     6873.4413   1.198071  97.418333   0.000160   0.000634
1 42041U 17008CX  19022.14794830  .00000798  00000-0  34869-4 0  9995 | 2 42041  97.4256  90.6621 0006420 341.2346  18.8654 15.24993440107488 | 2019/01/22-03:33:02   83.7045    0.1238   18.8892   94.4266     6868.9421     6864.5323     6873.3520  -1.125808  97.419095   0.000199   0.000610
1 42041U 17008CX  19023.39465333  .00000927  00000-0  40039-4 0  9996 | 2 42041  97.4254  91.8985 0006305 336.2853  23.8093 15.24996196107676 | 2019/01/23-09:28:18  172.5161    0.1238   23.8385   94.4265     6868.9339     6864.6030     6873.2647  -3.227607  97.371922   0.000234   0.000585
1 42041U 17008CX  19024.77258763  .00000978  00000-0  42077-4 0  9996 | 2 42041  97.4251  93.2651 0006187 330.7128  29.3762 15.24999108107884 | 2019/01/24-18:32:31  308.5696    0.1238   29.4110   94.4263     6868.9251     6864.6753     6873.1749  -5.548935  97.266949   0.000271   0.000556
1 42041U 17008CX  19025.82244068 +.00000987 +00000-0 +42426-4 0  9994 | 2 42041 097.4250 094.3062 0006112 326.5116 033.5735 15.25001192108043 | 2019/01/25-19:44:18  326.5143    0.1239   33.6123   94.4262     6868.9189     6864.7206     6873.1171  -7.315315  97.149971   0.000298   0.000534
1 42041U 17008CX  19026.93790815  .00000974  00000-0  41921-4 0  9998 | 2 42041  97.4248  95.4124 0006016 321.9345  38.1467 15.25003294108214 | 2019/01/26-22:30:35    8.0797    0.1238   38.1893   94.4260     6868.9125     6864.7802     6873.0449  -9.189475  96.990439   0.000325   0.000507
1 42041U 17008CX  19028.38145178 +.00000924 +00000-0 +39922-4 0  9998 | 2 42041 097.4247 096.8439 0005915 315.7717 044.3047 15.25006046108433 | 2019/01/28-09:09:17  167.7516    0.1238   44.3521   94.4259     6868.9043     6864.8413     6872.9672 -11.609589  96.730500   0.000359   0.000470
1 42041U 17008CX  19029.82499250  .00000927  00000-0  40027-4 0  9992 | 2 42041  97.4245  98.2755 0005824 309.6809  50.3915 15.25009161108657 | 2019/01/29-19:47:59  327.4214    0.1238   50.4429   94.4257     6868.8949     6864.8945     6872.8954 -14.022606  96.410060   0.000390   0.000433
1 42041U 17008CX  19031.13729855  .00001187  00000-0  50428-4 0  9991 | 2 42041  97.4242  99.5767 0005748 303.9555  56.1136 15.25013698108852 | 2019/01/31-03:17:42   79.8472    0.1238   56.1683   94.4254     6868.8813     6864.9331     6872.8295 -16.208247  96.066474   0.000417   0.000396
1 42041U 17008CX  19032.18714047  .00001486  00000-0  62407-4 0  9996 | 2 42041  97.4241 100.6178 0005716 299.3143  60.7523 15.25018205109016 | 2019/02/01-04:29:28   97.7865    0.1238   60.8095   94.4251     6868.8678     6864.9415     6872.7940 -17.951044  95.756020   0.000438   0.000367
1 42041U 17008CX  19033.30259438  .00001870  00000-0  77783-4 0  9999 | 2 42041  97.4240 101.7238 0005688 294.1713  65.8930 15.25023777109184 | 2019/02/02-07:15:44  139.3456    0.1238   65.9525   94.4248     6868.8510     6864.9440     6872.7580 -19.795976  95.391588   0.000461   0.000333
1 42041U 17008CX  19034.48365986  .00002598  00000-0  10689-3 0  9994 | 2 42041  97.4240 102.8953 0005603 288.5466  71.5163 15.25030268109364 | 2019/02/03-11:36:28  204.5232    0.1238   71.5772   94.4244     6868.8315     6864.9829     6872.6802 -21.742129  94.966918   0.000478   0.000292
1 42041U 17008CX  19035.79595085  .00001705  00000-0  71137-4 0  9999 | 2 42041  97.4235 104.1963 0005619 282.9477  77.1133 15.25032013109562 | 2019/02/04-19:06:10  316.9423    0.1238   77.1761   94.4242     6868.8263     6864.9667     6872.6859 -23.892605  94.448302   0.000500   0.000256
1 42041U 17008CX  19036.84578128  .00001524  00000-0  63915-4 0  9999 | 2 42041  97.4232 105.2372 0005615 278.1239  81.9362 15.25034836109724 | 2019/02/05-20:17:55  334.8760    0.1238   81.9999   94.4241     6868.8178     6864.9610     6872.6747 -25.604344  93.998391   0.000515   0.000223
1 42041U 17008CX  19037.89561003 +.00001296 +00000-0 +54774-4 0  9998 | 2 42041 097.4231 106.2781 0005625 273.3609 086.6985 15.25037240109889 | 2019/02/06-21:29:40  352.8089    0.1238   86.7629   94.4239     6868.8106     6864.9469     6872.6743 -27.307678  93.517652   0.000530   0.000189
1 42041U 17008CX  19038.94543720 +.00001204 +00000-0 +51066-4 0  9991 | 2 42041 097.4229 107.3190 0005622 268.5782 091.4812 15.25039901110046 | 2019/02/07-22:41:25   10.7406    0.1238   91.5456   94.4238     6868.8026     6864.9410     6872.6643 -29.001966  93.005954   0.000541   0.000154
1 42041U 17008CX  19040.45456006  .00001259  00000-0  53290-4 0  9991 | 2 42041  97.4226 108.8153 0005650 261.4755  98.5843 15.25044322110271 | 2019/02/09-10:54:33  194.0156    0.1238   98.6483   94.4235     6868.7893     6864.9085     6872.6702 -31.420588  92.216645   0.000556   0.000101
1 42041U 17008CX  19041.76683688  .00001374  00000-0  57863-4 0  9992 | 2 42041  97.4225 110.1164 0005696 255.5688 104.4918 15.25048672110471 | 2019/02/10-18:24:14  306.4268    0.1238  104.5550   94.4232     6868.7763     6864.8638     6872.6887 -33.506372  91.479323   0.000567   0.000056
1 42041U 17008CX  19042.81665749  .00001269  00000-0  53681-4 0  9994 | 2 42041  97.4223 111.1573 0005732 250.9009 109.1608 15.25050699110639 | 2019/02/11-19:35:59  324.3549    0.1237  109.2228   94.4231     6868.7702     6864.8330     6872.7074 -35.162597  90.855359   0.000573   0.000021
1 42041U 17008CX  19043.86647583 +.00001339 +00000-0 +56473-4 0  9996 | 2 42041 097.4222 112.1982 0005790 246.1725 113.8906 15.25053820110798 | 2019/02/12-20:47:43  342.2820    0.1237  113.9512   94.4229     6868.7608     6864.7838     6872.7378 -36.807247  90.201506   0.000579  -0.000016
1 42041U 17008CX  19044.91629204 +.00001305 +00000-0 +55103-4 0  9995 | 2 42041 097.4220 113.2389 0005842 241.5327 118.5322 15.25056609110954 | 2019/02/13-21:59:27    0.2081    0.1237  118.5910   94.4227     6868.7525     6864.7397     6872.7652 -38.439394  89.517926   0.000582  -0.000053
1 42041U 17008CX  19046.49101402  .00001102  00000-0  46952-4 0  9992 | 2 42041  97.4217 114.8001 0005941 234.5486 125.5197 15.25059500111194 | 2019/02/15-11:47:03  207.0955    0.1237  125.5751   94.4225     6868.7438     6864.6631     6872.8245 -40.863889  88.437154   0.000584  -0.000110
1 42041U 17008CX  19047.73766727  .00000975  00000-0  41860-4 0  9997 | 2 42041  97.4215 116.0360 0006018 229.3380 130.7335 15.25061378111384 | 2019/02/16-17:42:14  295.8803    0.1237  130.7857   94.4224     6868.7381     6864.6045     6872.8717 -42.761783  87.535013   0.000582  -0.000152
1 42041U 17008CX  19048.91870501 +.00000943 +00000-0 +40599-4 0  9997 | 2 42041 097.4212 117.2068 0006113 224.4132 135.6616 15.25063690111561 | 2019/02/17-22:02:56    1.0439    0.1237  135.7105   94.4223     6868.7312     6864.5323     6872.9300 -44.541312  86.642725   0.000580  -0.000193
1 42041U 17008CX  19050.49341853  .00001090  00000-0  46477-4 0  9991 | 2 42041  97.4210 118.7680 0006247 218.1771 141.9025 15.25067970111808 | 2019/02/19-11:50:31  207.9269    0.1237  141.9466   94.4220     6868.7183     6864.4275     6873.0092 -46.885237  85.396872   0.000575  -0.000245
1 42041U 17008CX  19051.60883891  .00001099  00000-0  46809-4 0  9996 | 2 42041  97.4207 119.8737 0006349 213.5646 146.5191 15.25070316111973 | 2019/02/20-14:36:43  249.4678    0.1238  146.5592   94.4219     6868.7113     6864.3504     6873.0722 -48.524253  84.475971   0.000568  -0.000284
1 42041U 17008CX  19052.78986982  .00001177  00000-0  49945-4 0  9992 | 2 42041  97.4205 121.0444 0006461 208.8941 151.1940 15.25073382112152 | 2019/02/21-18:57:24  314.6279    0.1237  151.2296   94.4217     6868.7021     6864.2642     6873.1400 -50.239962  83.466760   0.000559  -0.000324
1 42041U 17008CX  19054.16773736  .00001063  00000-0  45377-4 0  9996 | 2 42041  97.4202 122.4103 0006593 203.6515 156.4421 15.25075749112366 | 2019/02/23-04:01:32   90.6470    0.1238  156.4723   94.4215     6868.6950     6864.1665     6873.2235 -52.215140  82.245210   0.000547  -0.000368
1 42041U 17008CX  19055.67682814  .00000942  00000-0  40537-4 0  9997 | 2 42041  97.4200 123.9062 0006736 197.8558 162.2444 15.25078070112599 | 2019/02/24-16:14:37  273.9046    0.1237  162.2679   94.4214     6868.6880     6864.0613     6873.3148 -54.344278  80.853917   0.000529  -0.000417
1 42041U 17008CX  19056.92346593 +.00000939 +00000-0 +40401-4 0  9993 | 2 42041 097.4198 125.1419 0006868 193.2920 166.8138 15.25080525112783 | 2019/02/25-22:09:47    2.6816    0.1237  166.8317   94.4212     6868.6806     6863.9632     6873.3981 -56.075169  79.662996   0.000514  -0.000456
1 42041U 17008CX  19058.76061288  .00001102  00000-0  46902-4 0  9997 | 2 42041  97.4195 126.9628 0007038 186.6827 173.4318 15.25085000113062 | 2019/02/27-18:15:16  304.0357    0.1237  173.4410   94.4210     6868.6672     6863.8330     6873.5014 -58.577992  77.840721   0.000486  -0.000509
1 42041U 17008CX  19060.13846830  .00001384  00000-0  58181-4 0  9999 | 2 42041  97.4194 128.3286 0007181 181.8599 178.2613 15.25089751113270 | 2019/03/01-03:19:23   80.0492    0.1237  178.2638   94.4207     6868.6529     6863.7206     6873.5853 -60.416656  76.422295   0.000463  -0.000549
1 42041U 17008CX  19061.18826117  .00001456  00000-0  61051-4 0  9991 | 2 42041  97.4191 129.3691 0007287 178.3362 181.7902 15.25092690113438 | 2019/03/02-04:31:05   97.9637    0.1238  181.7876   94.4205     6868.6441     6863.6389     6873.6493 -61.794268  75.312346   0.000446  -0.000577
1 42041U 17008CX  19062.43488752  .00001328  00000-0  55928-4 0  9993 | 2 42041  97.4190 130.6045 0007446 174.1993 185.9332 15.25095305113626 | 2019/03/03-10:26:14  186.7364    0.1237  185.9244   94.4203     6868.6363     6863.5219     6873.7507 -63.403583  73.962472   0.000425  -0.000611
1 42041U 17008CX  19063.81273481  .00001287  00000-0  54268-4 0  9997 | 2 42041  97.4187 131.9700 0007566 169.6187 190.5208 15.25098781113839 | 2019/03/04-19:30:20  322.7470    0.1237  190.5050   94.4201     6868.6258     6863.4290     6873.8226 -65.147918  72.430324   0.000396  -0.000644
1 42041U 17008CX  19064.86252048  .00001211  00000-0  51255-4 0  9999 | 2 42041  97.4184 133.0104 0007686 166.1733 193.9717 15.25101408113999 | 2019/03/05-20:42:01  340.6587    0.1238  193.9505   94.4200     6868.6179     6863.3387     6873.8972 -66.452120  71.235247   0.000375  -0.000671
1 42041U 17008CX  19066.17474761  .00001437  00000-0  60270-4 0  9990 | 2 42041  97.4181 134.3109 0007797 161.9982 198.1533 15.25107119114198 | 2019/03/07-04:11:38   93.0468    0.1237  198.1255   94.4196     6868.6008     6863.2453     6873.9562 -68.051553  69.708481   0.000346  -0.000699
1 42041U 17008CX  19067.42136049  .00001571  00000-0  65609-4 0  9993 | 2 42041  97.4179 135.5463 0007897 157.8852 202.2728 15.25111869114383 | 2019/03/08-10:06:45  181.8143    0.1237  202.2385   94.4193     6868.5865     6863.1624     6874.0107 -69.538515  68.224938   0.000314  -0.000725
1 42041U 17008CX  19068.60236077 +.00001450 +00000-0 +60749-4 0  9992 | 2 42041 097.4177 136.7167 0008027 154.2280 205.9359 15.25114503114565 | 2019/03/09-14:27:23  246.9621    0.1237  205.8957   94.4191     6868.5786     6863.0652     6874.0920 -70.917419  66.790179   0.000287  -0.000750
1 42041U 17008CX  19069.91457977 +.00001491 +00000-0 +62408-4 0  9990 | 2 42041 097.4175 138.0171 0008165 150.3413 209.8289 15.25118500114769 | 2019/03/10-21:56:59  359.3477    0.1237  209.7824   94.4189     6868.5666     6862.9584     6874.1748 -72.414762  65.163421   0.000257  -0.000775
1 42041U 17008CX  19071.48924002  .00001025  00000-0  43774-4 0  9991 | 2 42041  97.4174 139.5775 0008301 145.4632 214.7147 15.25119931115009 | 2019/03/12-11:44:30  206.2093    0.1238  214.6606   94.4188     6868.5623     6862.8607     6874.2639 -74.162282  63.167284   0.000215  -0.000802
1 42041U 17008CX  19072.67023175  .00001278  00000-0  53871-4 0  9993 | 2 42041  97.4171 140.7478 0008400 141.7592 218.4243 15.25124279115182 | 2019/03/13-16:05:08  271.3545    0.1237  218.3645   94.4185     6868.5493     6862.7797     6874.3189 -75.436719  61.639215   0.000182  -0.000820
1 42041U 17008CX  19073.71999797  .00001491  00000-0  62351-4 0  9991 | 2 42041  97.4170 141.7880 0008452 138.5606 221.6274 15.25128795115341 | 2019/03/14-17:16:47  289.2603    0.1237  221.5631   94.4183     6868.5357     6862.7304     6874.3410 -76.543202  60.259523   0.000152  -0.000831
1 42041U 17008CX  19074.76976264  .00001579  00000-0  65873-4 0  9990 | 2 42041  97.4168 142.8283 0008520 135.3885 224.8040 15.25132570115507 | 2019/03/15-18:28:27  307.1655    0.1238  224.7353   94.4180     6868.5244     6862.6724     6874.3764 -77.624478  58.859777   0.000122  -0.000843
1 42041U 17008CX  19076.14757623  .00001519  00000-0  63457-4 0  9990 | 2 42041  97.4166 144.1936 0008584 131.2407 228.9571 15.25136393115714 | 2019/03/17-03:32:30   83.1658    0.1237  228.8830   94.4178     6868.5129     6862.6170     6874.4088 -79.004714  56.993413   0.000081  -0.000855
1 42041U 17008CX  19077.65660469  .00001527  00000-0  63771-4 0  9996 | 2 42041  97.4163 145.6887 0008675 126.8094 233.3941 15.25141439115948 | 2019/03/18-15:45:30  266.4026    0.1238  233.3144   94.4175     6868.4978     6862.5393     6874.4562 -80.464611  54.912493   0.000038  -0.000867
1 42041U 17008CX  19079.62489618  .00001322  00000-0  55600-4 0  9995 | 2 42041  97.4158 147.6390 0008827 121.3098 238.9005 15.25146436116244 | 2019/03/20-14:59:51  254.9705    0.1237  238.8139   94.4172     6868.4827     6862.4199     6874.5456 -82.286391  52.141997  -0.000016  -0.000883
1 42041U 17008CX  19080.74025587  .00001479  00000-0  61855-4 0  9993 | 2 42041  97.4156 148.7439 0008890 118.0405 242.1733 15.25151243116419 | 2019/03/21-17:45:58  296.4910    0.1238  242.0833   94.4169     6868.4683     6862.3622     6874.5744 -83.276372  50.545475  -0.000050  -0.000888
1 42041U 17008CX  19081.92122318 +.00001683 +00000-0 +69976-4 0  9993 | 2 42041 097.4154 149.9141 0008914 114.6218 245.5950 15.25156213116590 | 2019/03/22-22:06:33    1.6300    0.1238  245.5020   94.4166     6868.4534     6862.3309     6874.5759 -84.291092  48.834127  -0.000085  -0.000887
1 42041U 17008CX  19083.49584326  .00001214  00000-0  51275-4 0  9991 | 2 42041  97.4152 151.4743 0008938 110.2474 249.9725 15.25158309116839 | 2019/03/24-11:54:00  208.4820    0.1237  249.8763   94.4164     6868.4471     6862.3081     6874.5861 -85.589286  46.520912  -0.000129  -0.000884
1 42041U 17008CX  19084.80802365  .00001326  00000-0  55733-4 0  9990 | 2 42041  97.4150 152.7744 0008975 106.3862 253.8364 15.25162420117035 | 2019/03/25-19:23:33  320.8574    0.1239  253.7377   94.4162     6868.4348     6862.2703     6874.5992 -86.622592  44.566902  -0.000169  -0.000881
1 42041U 17008CX  19085.85776678  .00001196  00000-0  50519-4 0  9995 | 2 42041  97.4148 153.8144 0008996 103.4049 256.8192 15.25163996117194 | 2019/03/26-20:35:11  338.7581    0.1238  256.7189   94.4161     6868.4300     6862.2512     6874.6089 -87.417051  42.987235  -0.000199  -0.000877
1 42041U 17008CX  19087.16994268  .00001217  00000-0  51365-4 0  9992 | 2 42041  97.4146 155.1144 0009009  99.6034 260.6222 15.25167111117395 | 2019/03/28-04:04:43   91.1333    0.1238  260.5204   94.4159     6868.4207     6862.2329     6874.6084 -88.369635  40.992827  -0.000237  -0.000869
1 42041U 17008CX  19088.54772451  .00001195  00000-0  50483-4 0  9998 | 2 42041  97.4144 156.4793 0009032  95.6654 264.5614 15.25170115117607 | 2019/03/29-13:08:43  227.1267    0.1238  264.4584   94.4157     6868.4117     6862.2081     6874.6152 -89.320817  38.876174  -0.000277  -0.000860
1 42041U 17008CX  19089.85989496  .00001127  00000-0  47775-4 0  9997 | 2 42041  97.4142 157.7792 0009012  91.9622 268.2648 15.25172763117801 | 2019/03/30-20:38:14  339.5013    0.1238  268.1616   94.4155     6868.4037     6862.2139     6874.5935 -90.179574  36.839798  -0.000312  -0.000845
1 42041U 17008CX  19090.90962899 +.00001144 +00000-0 +48436-4 0  9997 | 2 42041 097.4140 158.8190 0008994 089.0252 271.2016 15.25175416117966 | 2019/03/31-21:49:51  357.4006    0.1238  271.0986   94.4154     6868.3957     6862.2183     6874.5732 -90.833068  35.197176  -0.000339  -0.000833
1 42041U 17008CX  19092.48422682  .00001143  00000-0  48387-4 0  9997 | 2 42041  97.4138 160.3788 0008984  84.5668 275.6595 15.25179284118209 | 2019/04/02-11:37:17  204.2485    0.1238  275.5570   94.4151     6868.3841     6862.2136     6874.5547 -91.757299  32.711565  -0.000380  -0.000814
1 42041U 17008CX  19093.92760100 +.00001671 +00000-0 +69424-4 0  9998 | 2 42041 097.4135 161.8085 0008951 080.3118 279.9131 15.25186635118425 | 2019/04/03-22:15:44    3.8576    0.1238  279.8120   94.4147     6868.3621     6862.2142     6874.5099 -92.544615  30.411909  -0.000419  -0.000791
1 42041U 17008CX  19095.50218542  .00001978  00000-0  81621-4 0  9995 | 2 42041  97.4133 163.3682 0008889  75.6150 284.6074 15.25193733118668 | 2019/04/05-12:03:08  210.7027    0.1238  284.5088   94.4142     6868.3408     6862.2355     6874.4460 -93.337904  27.881655  -0.000458  -0.000762
1 42041U 17008CX  19096.55190359  .00002599  00000-0  10635-3 0  9992 | 2 42041  97.4130 164.4079 0008870  73.0900 287.1310 15.25200669118828 | 2019/04/06-13:14:44  228.5976    0.1238  287.0338   94.4138     6868.3199     6862.2277     6874.4121 -93.828166  26.183350  -0.000477  -0.000748
1 42041U 17008CX  19097.86404549  .00002348  00000-0  96336-4 0  9991 | 2 42041  97.4125 165.7078 0008796  69.3467 290.8714 15.25206409119028 | 2019/04/07-20:44:13  340.9650    0.1239  290.7772   94.4135     6868.3027     6862.2613     6874.3441 -94.397520  24.047941  -0.000504  -0.000721
1 42041U 17008CX  19098.91375606 +.00002069 +00000-0 +85227-4 0  9996 | 2 42041 097.4128 166.7476 0008719 066.0562 294.1588 15.25209386119189 | 2019/04/08-21:55:48  358.8588    0.1238  294.0676   94.4133     6868.2938     6862.3053     6874.2822 -94.818664  22.331024  -0.000527  -0.000695
1 42041U 17008CX  19100.22588931  .00001720  00000-0  71323-4 0  9996 | 2 42041  97.4126 168.0473 0008633  62.2053 298.0059 15.25214910119384 | 2019/04/10-05:25:16  111.2242    0.1238  297.9185   94.4129     6868.2772     6862.3478     6874.2066 -95.300588  20.174551  -0.000552  -0.000664
1 42041U 17008CX  19101.40680560  .00001825  00000-0  75473-4 0  9994 | 2 42041  97.4125 169.2170 0008562  58.7691 301.4385 15.25220119119568 | 2019/04/11-09:45:48  176.3519    0.1238  301.3547   94.4126     6868.2615     6862.3809     6874.1421 -95.692468  18.224891  -0.000573  -0.000636
1 42041U 17008CX  19102.45650680  .00001855  00000-0  76672-4 0  9995 | 2 42041  97.4119 170.2569 0008496  55.9697 304.2347 15.25224048119728 | 2019/04/12-10:57:22  194.2423    0.1239  304.1542   94.4124     6868.2497     6862.4145     6874.0850 -96.006874  16.485095  -0.000588  -0.000613
1 42041U 17008CX  19103.50620425  .00001692  00000-0  70183-4 0  9996 | 2 42041  97.4122 171.2965 0008406  52.4566 307.7434 15.25227390119886 | 2019/04/13-12:08:56  212.1328    0.1238  307.6672   94.4122     6868.2397     6862.4663     6874.0132 -96.290464  14.740531  -0.000607  -0.000581
1 42041U 17008CX  19104.75271767  .00001540  00000-0  64148-4 0  9991 | 2 42041  97.4120 172.5311 0008319  48.8373 311.3582 15.25230938120071 | 2019/04/14-18:03:54  300.8761    0.1239  311.2866   94.4119     6868.2291     6862.5154     6873.9427 -96.585514  12.662393  -0.000624  -0.000550
1 42041U 17008CX  19106.72089022 +.00001215 +00000-0 +51187-4 0  9999 | 2 42041 097.4116 174.4805 0008153 042.9573 317.2301 15.25235901120370 | 2019/04/16-17:18:04  289.4169    0.1239  317.1666   94.4116     6868.2142     6862.6145     6873.8138 -96.959953   9.369488  -0.000647  -0.000496
1 42041U 17008CX  19107.77057903 +.00001156 +00000-0 +48847-4 0  9991 | 2 42041 097.4115 175.5202 0008068 039.7207 320.4620 15.25238922120539 | 2019/04/17-18:29:38  307.3045    0.1238  320.4031   94.4114     6868.2051     6862.6638     6873.7464 -97.113901   7.608581  -0.000659  -0.000466
1 42041U 17008CX  19109.14829291  .00001202  00000-0  50660-4 0  9999 | 2 42041  97.4113 176.8847 0007953  35.5245 324.6521 15.25243088120742 | 2019/04/19-03:33:32   83.2810    0.1238  324.5993   94.4112     6868.1926     6862.7303     6873.6549 -97.267345   5.293861  -0.000671  -0.000426
1 42041U 17008CX  19110.32918842  .00001186  00000-0  50015-4 0  9997 | 2 42041  97.4112 178.0542 0007847  31.7988 328.3722 15.25246057120924 | 2019/04/20-07:54:01  148.4034    0.1238  328.3250   94.4110     6868.1837     6862.7942     6873.5731 -97.355032   3.307509  -0.000681  -0.000391
1 42041U 17008CX  19111.77250148  .00001154  00000-0  48763-4 0  9997 | 2 42041  97.4110 179.4836 0007705  27.0364 333.1274 15.25249741121146 | 2019/04/21-18:32:24  307.9965    0.1239  333.0875   94.4108     6868.1726     6862.8807     6873.4645 -97.407044   0.877942  -0.000689  -0.000344
1 42041U 17008CX  19113.15020627  .00001194  00000-0  50352-4 0  9999 | 2 42041  97.4108 180.8480 0007564  22.5759 337.5810 15.25253455121359 | 2019/04/23-03:36:17   83.9707    0.1238  337.5479   94.4105     6868.1615     6862.9664     6873.3565 -97.400131  -1.441665  -0.000694  -0.000301
1 42041U 17008CX  19114.19988400  .00001402  00000-0  58591-4 0  9991 | 2 42041  97.4107 181.8875 0007462  19.0768 341.0748 15.25257200121515 | 2019/04/24-04:47:49  101.8551    0.1238  341.0470   94.4103     6868.1502     6863.0252     6873.2752 -97.357847  -3.208429  -0.000697  -0.000267
1 42041U 17008CX  19115.77439773  .00001283  00000-0  53866-4 0  9997 | 2 42041  97.4105 183.4468 0007298  13.8304 346.3132 15.25260458121754 | 2019/04/25-18:35:07  308.6806    0.1238  346.2934   94.4101     6868.1404     6863.1281     6873.1528 -97.234290  -5.856488  -0.000697  -0.000217
1 42041U 17008CX  19117.15209419  .00001131  00000-0  47804-4 0  9990 | 2 42041  97.4104 184.8112 0007141   9.1701 350.9666 15.25262915121966 | 2019/04/27-03:39:00   84.6518    0.1238  350.9537   94.4100     6868.1331     6863.2285     6873.0376 -97.067173  -8.170067  -0.000693  -0.000173
1 42041U 17008CX  19118.20176568  .00001172  00000-0  49457-4 0  9996 | 2 42041  97.4102 185.8506 0007010   5.5622 354.5693 15.25265597122127 | 2019/04/28-04:50:32  102.5339    0.1239  354.5617   94.4098     6868.1250     6863.3105     6872.9396 -96.902798  -9.929496  -0.000687  -0.000139
1 42041U 17008CX  19119.77626962  .00001109  00000-0  46925-4 0  9994 | 2 42041  97.4101 187.4098 0006837 359.9996   0.1241 15.25269048122360 | 2019/04/29-18:37:49  309.3558    0.1239    0.1243   94.4096     6868.1147     6863.4189     6872.8104 -96.596640 -12.562514  -0.000678  -0.000088
1 42041U 17008CX  19121.15395747  .00001113  00000-0  47113-4 0  9998 | 2 42041  97.4100 188.7741 0006687 355.0350   5.0821 15.25272316122575 | 2019/05/01-03:41:41   85.3237    0.1239    5.0889   94.4094     6868.1048     6863.5121     6872.6975 -96.270053 -14.858834  -0.000667  -0.000044
1 42041U 17008CX  19122.33482951  .00001395  00000-0  58314-4 0  9990 | 2 42041  97.4098 189.9435 0006566 350.6784   9.4331 15.25276864122758 | 2019/05/02-08:02:09  150.4377    0.1238    9.4454   94.4091     6868.0912     6863.5816     6872.6008 -95.946560 -16.820428  -0.000657  -0.000007
1 42041U 17008CX  19123.77811563  .00001212  00000-0  51038-4 0  9998 | 2 42041  97.4097 191.3727 0006412 345.1733  14.9315 15.25279390122975 | 2019/05/03-18:40:29  310.0208    0.1237   14.9504   94.4089     6868.0836     6863.6798     6872.4874 -95.497084 -19.208242  -0.000640   0.000039
1 42041U 17008CX  19125.15579360  .00001260  00000-0  52909-4 0  9999 | 2 42041  97.4096 192.7369 0006281 339.8239  20.2750 15.25283357123181 | 2019/05/05-03:44:20   85.9845    0.1239   20.3000   94.4087     6868.0717     6863.7579     6872.3855 -95.012618 -21.476326  -0.000623   0.000081
1 42041U 17008CX  19126.20545110  .00001154  00000-0  48706-4 0  9994 | 2 42041  97.4094 193.7763 0006167 335.7126  24.3820 15.25285544123342 | 2019/05/06-04:55:50  103.8607    0.1238   24.4112   94.4086     6868.0651     6863.8296     6872.3007 -94.607211 -23.196269  -0.000606   0.000113
1 42041U 17008CX  19127.38631305  .00001229  00000-0  51673-4 0  9996 | 2 42041  97.4094 194.9456 0006052 330.8042  29.2856 15.25289255123526 | 2019/05/07-09:16:17  168.9704    0.1237   29.3195   94.4083     6868.0540     6863.8974     6872.2105 -94.114150 -25.122062  -0.000587   0.000149
1 42041U 17008CX  19128.43596631  .00001121  00000-0  47409-4 0  9998 | 2 42041  97.4093 195.9849 0005950 326.3886  33.6974 15.25291564123687 | 2019/05/08-10:27:47  186.8447    0.1239   33.7353   94.4082     6868.0471     6863.9606     6872.1336 -93.642902 -26.824964  -0.000567   0.000180
1 42041U 17008CX  19130.14164944  .00001099  00000-0  46513-4 0  9996 | 2 42041  97.4092 197.6739 0005817 319.3399  40.7404 15.25295783123949 | 2019/05/10-03:23:58   80.8885    0.1238   40.7839   94.4079     6868.0344     6864.0393     6872.0295 -92.811474 -29.573342  -0.000536   0.000227
1 42041U 17008CX  19131.19129785  .00001124  00000-0  47520-4 0  9994 | 2 42041  97.4090 198.7133 0005746 314.7801  45.2969 15.25298687124106 | 2019/05/11-04:35:28   98.7604    0.1238   45.3437   94.4077     6868.0257     6864.0793     6871.9720 -92.259554 -31.252008  -0.000514   0.000256
1 42041U 17008CX  19132.43775062  .00001700  00000-0  70352-4 0  9996 | 2 42041  97.4089 199.9476 0005669 309.2356  50.8378 15.25305786124290 | 2019/05/12-10:30:21  187.4813    0.1238   50.8882   94.4073     6868.0044     6864.1109     6871.8978 -91.564855 -33.232079  -0.000487   0.000290
1 42041U 17008CX  19133.48739403  .00001361  00000-0  56886-4 0  9990 | 2 42041  97.4088 200.9870 0005606 304.4406  55.6302 15.25307064124453 | 2019/05/13-11:41:50  205.3507    0.1238   55.6832   94.4072     6868.0005     6864.1503     6871.8507 -90.946867 -34.887558  -0.000462   0.000318
1 42041U 17008CX  19135.12745478  .00001689  00000-0  69903-4 0  9999 | 2 42041  97.4086 202.6109 0005525 297.0042  63.0631 15.25314605124703 | 2019/05/15-03:03:32   75.7687    0.1238   63.1196   94.4068     6867.9779     6864.1833     6871.7725 -89.921492 -37.450777  -0.000421   0.000358
1 42041U 17008CX  19136.17709045  .00001496  00000-0  62236-4 0  9993 | 2 42041  97.4085 203.6503 0005490 292.1822  67.8833 15.25317521124867 | 2019/05/16-04:15:00   93.6345    0.1238   67.9416   94.4066     6867.9691     6864.1986     6871.7397 -89.227249 -39.075746  -0.000394   0.000383
1 42041U 17008CX  19137.42352949  .00001607  00000-0  66627-4 0  9991 | 2 42041  97.4085 204.8844 0005437 286.3892  73.6748 15.25322738125059 | 2019/05/17-10:09:52  182.3485    0.1238   73.7346   94.4063     6867.9535     6864.2194     6871.6876 -88.364960 -40.988409  -0.000359   0.000409
1 42041U 17008CX  19138.86677241  .00001150  00000-0  48501-4 0  9999 | 2 42041  97.4083 206.3136 0005409 279.6698  80.3929 15.25324866125270 | 2019/05/18-20:48:09  341.9106    0.1238   80.4540   94.4061     6867.9471     6864.2322     6871.6620 -87.314972 -43.179538  -0.000318   0.000438
1 42041U 17008CX  19140.17880816  .00001003  00000-0  42643-4 0  9998 | 2 42041  97.4082 207.6127 0005422 273.5400  86.5218 15.25327954125474 | 2019/05/20-04:17:29   94.2384    0.1238   86.5838   94.4059     6867.9378     6864.2140     6871.6616 -86.313490 -45.147966  -0.000280   0.000464
1 42041U 17008CX  19141.49084150  .00000942  00000-0  40247-4 0  9990 | 2 42041  97.4081 208.9116 0005445 267.2083  92.8532 15.25331042125671 | 2019/05/21-11:46:48  206.5650    0.1238   92.9155   94.4057     6867.9286     6864.1890     6871.6681 -85.267804 -47.092883  -0.000240   0.000489
1 42041U 17008CX  19142.80287288  .00000901  00000-0  38586-4 0  9991 | 2 42041  97.4080 210.2106 0005452 261.0110  99.0511 15.25333744125875 | 2019/05/22-19:16:08  318.8899    0.1238   99.1128   94.4056     6867.9204     6864.1761     6871.6648 -84.178214 -49.013741  -0.000197   0.000508
1 42041U 17008CX  19144.18050032  .00001120  00000-0  47270-4 0  9993 | 2 42041  97.4079 211.5747 0005513 254.8301 105.2328 15.25338847126087 | 2019/05/24-04:19:55   94.8288    0.1238  105.2937   94.4053     6867.9051     6864.1189     6871.6914 -82.987462 -51.003727  -0.000156   0.000529
1 42041U 17008CX  19145.42692445  .00001112  00000-0  46982-4 0  9991 | 2 42041  97.4078 212.8087 0005549 249.0411 111.0233 15.25341767126270 | 2019/05/25-10:14:46  183.5345    0.1237  111.0826   94.4051     6867.8964     6864.0854     6871.7074 -81.869730 -52.779037  -0.000114   0.000543
1 42041U 17008CX  19146.73894829  .00000944  00000-0  40288-4 0  9991 | 2 42041  97.4077 214.1077 0005612 243.1056 116.9609 15.25343659126479 | 2019/05/26-17:44:05  295.8552    0.1238  117.0182   94.4050     6867.8907     6864.0364     6871.7449 -80.652113 -54.621394  -0.000070   0.000557
1 42041U 17008CX  19147.91976793 +.00000899 +00000-0 +38516-4 0  9993 | 2 42041 097.4076 215.2769 0005697 237.8609 122.2076 15.25345796126657 | 2019/05/27-22:04:27    0.9429    0.1237  122.2628   94.4048     6867.8843     6863.9716     6871.7969 -79.520691 -56.255668  -0.000031   0.000569
1 42041U 17008CX  19149.23178736  .00001022  00000-0  43387-4 0  9992 | 2 42041  97.4076 216.5758 0005771 232.1919 127.8797 15.25349112126853 | 2019/05/29-05:33:46  113.2611    0.1238  127.9319   94.4046     6867.8743     6863.9109     6871.8378 -78.225046 -58.043799   0.000012   0.000577
1 42041U 17008CX  19150.41260246  .00001180  00000-0  49629-4 0  9992 | 2 42041  97.4076 217.7449 0005854 227.0481 133.0266 15.25352432127032 | 2019/05/30-09:54:08  178.3462    0.1237  133.0756   94.4044     6867.8644     6863.8439     6871.8848 -77.024482 -59.627760   0.000053   0.000583
1 42041U 17008CX  19152.77422469  .00001115  00000-0  47064-4 0  9999 | 2 42041  97.4075 220.0831 0006062 217.1549 142.9270 15.25358129127392 | 2019/06/01-18:34:53  308.5125    0.1238  142.9689   94.4041     6867.8473     6863.6840     6872.0105 -74.527585 -62.720492   0.000134   0.000591
1 42041U 17008CX  19154.15183003  .00001395  00000-0  58159-4 0  9998 | 2 42041  97.4074 221.4469 0006172 211.7485 148.3382 15.25364387127605 | 2019/06/03-03:38:38   84.4397    0.1238  148.3753   94.4037     6867.8285     6863.5896     6872.0673 -73.013616 -64.476457   0.000178   0.000591
1 42041U 17008CX  19155.85743411 +.00001341 +00000-0 +55996-4 0  9998 | 2 42041 097.4073 223.1356 0006344 204.9455 155.1477 15.25369281127867 | 2019/06/04-20:34:42  338.4431    0.1237  155.1782   94.4034     6867.8138     6863.4568     6872.1707 -71.081769 -66.600032   0.000237   0.000589
1 42041U 17008CX  19157.75983390 +.00001163 +00000-0 +48955-4 0  9990 | 2 42041 097.4071 225.0190 0006545 197.5357 162.5656 15.25373400128155 | 2019/06/06-18:14:09  303.2906    0.1238  162.5881   94.4031     6867.8014     6863.3064     6872.2964 -68.854377 -68.900058   0.000302   0.000581
1 42041U 17008CX  19158.80943276 +.00000892 +00000-0 +38201-4 0  9997 | 2 42041 097.4071 226.0582 0006675 193.6954 166.4104 15.25373979128315 | 2019/06/07-19:25:34  321.1370    0.1238  166.4284   94.4031     6867.7997     6863.2154     6872.3839 -67.593448 -70.137500   0.000336   0.000577
1 42041U 17008CX  19159.85902762 +.00001205 +00000-0 +50609-4 0  9993 | 2 42041 097.4071 227.0975 0006772 190.0372 170.0731 15.25378364128472 | 2019/06/08-20:36:59  338.9819    0.1237  170.0865   94.4028     6867.7865     6863.1356     6872.4374 -66.310159 -71.351986   0.000367   0.000569
1 42041U 17008CX  19161.63021670 +.00001174 +00000-0 +49343-4 0  9990 | 2 42041 097.4070 228.8510 0006983 183.7013 176.4174 15.25382456128748 | 2019/06/10-15:07:30  256.5938    0.1237  176.4224   94.4026     6867.7742     6862.9785     6872.5700 -64.095702 -73.347561   0.000425   0.000554
1 42041U 17008CX  19162.74540803 +.00001103 +00000-0 +46539-4 0  9993 | 2 42041 097.4070 229.9551 0007102 179.7452 180.3791 15.25384564128911 | 2019/06/11-17:53:23  298.0522    0.1238  180.3786   94.4024     6867.7679     6862.8904     6872.6454 -62.670468 -74.569002   0.000459   0.000542
1 42041U 17008CX  19164.64778626 +.00001259 +00000-0 +52725-4 0  9996 | 2 42041 097.4068 231.8385 0007315 173.2019 186.9319 15.25390549129200 | 2019/06/13-15:32:48  262.8905    0.1237  186.9218   94.4021     6867.7499     6862.7262     6872.7737 -60.185733 -76.588264   0.000517   0.000518
1 42041U 17008CX  19165.82857072 +.00001165 +00000-0 +48998-4 0  9993 | 2 42041 097.4068 233.0076 0007433 169.2993 190.8405 15.25392858129382 | 2019/06/14-19:53:08  327.9617    0.1238  190.8245   94.4019     6867.7430     6862.6382     6872.8478 -58.610556 -77.800304   0.000550   0.000500
1 42041U 17008CX  19166.87815424 +.00001203 +00000-0 +50465-4 0  9999 | 2 42041 097.4068 234.0467 0007544 165.7610 194.3842 15.25395734129545 | 2019/06/15-21:04:32  345.8018    0.1237  194.3627   94.4017     6867.7344     6862.5534     6872.9154 -57.190031 -78.850397   0.000580   0.000483
1 42041U 17008CX  19168.84611686  .00001443  00000-0  59970-4 0  9998 | 2 42041  97.4067 235.9950 0007763 159.6142 200.5407 15.25402663129846 | 2019/06/17-20:18:24  334.2500    0.1237  200.5095   94.4013     6867.7136     6862.3822     6873.0450 -54.476182 -80.749060   0.000631   0.000452
1 42041U 17008CX  19170.15809030  .00001081  00000-0  45633-4 0  9996 | 2 42041  97.4066 237.2939 0007897 155.4601 204.7014 15.25403855130047 | 2019/06/19-03:47:39   86.5481    0.1237  204.6636   94.4012     6867.7100     6862.2866     6873.1334 -52.631699 -81.963101   0.000664   0.000427
1 42041U 17008CX  19171.40446325  .00000888  00000-0  38009-4 0  9992 | 2 42041  97.4065 238.5277 0008027 151.4613 208.7066 15.25405446130230 | 2019/06/20-09:42:25  175.2306    0.1238  208.6625   94.4011     6867.7052     6862.1925     6873.2179 -50.854598 -83.077290   0.000695   0.000401
1 42041U 17008CX  19172.71643264  .00000826  00000-0  35555-4 0  9993 | 2 42041  97.4064 239.8267 0008120 147.4651 212.7089 15.25407689130436 | 2019/06/21-17:11:39  287.5277    0.1238  212.6587   94.4010     6867.6985     6862.1219     6873.2751 -48.958126 -84.208721   0.000722   0.000372
1 42041U 17008CX  19173.76600624  .00000851  00000-0  36521-4 0  9994 | 2 42041  97.4064 240.8657 0008201 144.2321 215.9467 15.25409799130596 | 2019/06/22-18:23:02  305.3649    0.1237  215.8916   94.4009     6867.6922     6862.0600     6873.3244 -47.423122 -85.082632   0.000743   0.000348
1 42041U 17008CX  19174.88117676 +.00000871 +00000-0 +37325-4 0  9993 | 2 42041 097.4063 241.9697 0008313 140.8605 219.3235 15.25411875130760 | 2019/06/23-21:08:53  346.8162    0.1237  219.2632   94.4007     6867.6859     6861.9768     6873.3950 -45.774964 -85.980463   0.000766   0.000323
1 42041U 17008CX  19176.19314083  .00000856  00000-0  36720-4 0  9991 | 2 42041  97.4062 243.2685 0008427 137.0872 223.1025 15.25414034130963 | 2019/06/25-04:38:07   99.1119    0.1238  223.0366   94.4006     6867.6795     6861.8921     6873.4668 -43.814291 -86.995837   0.000790   0.000293
1 42041U 17008CX  19178.16108353  .00000710  00000-0  30924-4 0  9990 | 2 42041  97.4061 245.2167 0008578 131.2503 228.9475 15.25416643131267 | 2019/06/27-03:51:57   87.5547    0.1237  228.8734   94.4004     6867.6716     6861.7805     6873.5627 -40.831417 -88.434969   0.000823   0.000243
1 42041U 17008CX  19179.40744587  .00000675  00000-0  29552-4 0  9998 | 2 42041  97.4061 246.4505 0008674 127.5363 232.6664 15.25418157131450 | 2019/06/28-09:46:43  176.2349    0.1237  232.5874   94.4003     6867.6671     6861.7101     6873.6241 -38.917750 -89.293656   0.000842   0.000210
1 42041U 17008CX  19180.71940373  .00000684  00000-0  29882-4 0  9991 | 2 42041  97.4060 247.7493 0008767 123.8128 236.3946 15.25420191131657 | 2019/06/29-17:15:56  288.5294    0.1238  236.3110   94.4002     6867.6610     6861.6401     6873.6818 -36.883749 -90.152748   0.000859   0.000176
1 42041U 17008CX  19181.83456481  .00000848  00000-0  36372-4 0  9991 | 2 42041  97.4061 248.8534 0008763 120.4934 239.7170 15.25423326131828 | 2019/06/30-20:01:46  329.9794    0.1237  239.6303   94.4000     6867.6516     6861.6334     6873.6697 -35.139785 -90.846815   0.000865   0.000142
1 42041U 17008CX  19182.88412683  .00000981  00000-0  41633-4 0  9997 | 2 42041  97.4062 249.8924 0008803 117.5752 242.6381 15.25426171131988 | 2019/07/01-21:13:08  347.8143    0.1238  242.5486   94.3998     6867.6430     6861.5974     6873.6886 -33.486718 -91.469161   0.000873   0.000114
1 42041U 17008CX  19184.19607694  .00001194  00000-0  50061-4 0  9993 | 2 42041  97.4061 251.1912 0008850 114.0065 246.2101 15.25430248132184 | 2019/07/03-04:42:21  100.1074    0.1238  246.1173   94.3996     6867.6308     6861.5529     6873.7086 -31.404807 -92.204590   0.000881   0.000080
1 42041U 17008CX  19185.24563307  .00001469  00000-0  60913-4 0  9994 | 2 42041  97.4060 252.2302 0008889 111.0094 249.2096 15.25434833132347 | 2019/07/04-05:53:42  117.9407    0.1238  249.1144   94.3993     6867.6170     6861.5124     6873.7216 -29.727669 -92.758798   0.000887   0.000050
1 42041U 17008CX  19186.49197970  .00001327  00000-0  55321-4 0  9991 | 2 42041  97.4059 253.4639 0008947 107.4941 252.7275 15.25437441132533 | 2019/07/05-11:48:27  206.6176    0.1237  252.6296   94.3992     6867.6092     6861.4647     6873.7536 -27.723609 -93.377250   0.000895   0.000015
1 42041U 17008CX  19187.73832446  .00001078  00000-0  45466-4 0  9995 | 2 42041  97.4058 254.6977 0008977 103.9114 256.3123 15.25439165132724 | 2019/07/06-17:43:11  295.2943    0.1238  256.2124   94.3990     6867.6040     6861.4390     6873.7691 -25.706537 -93.952455   0.000897  -0.000022
1 42041U 17008CX  19188.78787623  .00000984  00000-0  41732-4 0  9994 | 2 42041  97.4057 255.7367 0008980 100.9631 259.2618 15.25441122132887 | 2019/07/07-18:54:32  313.1272    0.1238  259.1607   94.3989     6867.5981     6861.4310     6873.7653 -23.998648 -94.403047   0.000897  -0.000052
1 42041U 17008CX  19190.16541022  .00001047  00000-0  44236-4 0  9993 | 2 42041  97.4056 257.1003 0009001  97.0909 263.1353 15.25444634133093 | 2019/07/09-03:58:11   89.0323    0.1238  263.0329   94.3987     6867.5876     6861.4061     6873.7691 -21.745314 -94.947313   0.000895  -0.000091
1 42041U 17008CX  19191.41174666  .00001283  00000-0  53565-4 0  9995 | 2 42041  97.4056 258.3341 0009013  93.5822 266.6447 15.25448929133283 | 2019/07/10-09:52:54  177.7074    0.1238  266.5416   94.3984     6867.5747     6861.3850     6873.7645 -19.695848 -95.393524   0.000892  -0.000127
1 42041U 17008CX  19193.70762079  .00001380  00000-0  57389-4 0  9996 | 2 42041  97.4055 260.6069 0008995  87.0384 273.1883 15.25456070133636 | 2019/07/12-16:58:58  284.2124    0.1238  273.0854   94.3980     6867.5533     6861.3759     6873.7306 -15.897274 -96.099470   0.000879  -0.000192
1 42041U 17008CX  19195.15073550  .00001426  00000-0  59172-4 0  9999 | 2 42041  97.4054 262.0354 0008982  82.9132 277.3127 15.25461041133854 | 2019/07/14-03:37:03   83.7284    0.1238  277.2106   94.3977     6867.5384     6861.3699     6873.7068 -13.496613 -96.465815   0.000867  -0.000233
1 42041U 17008CX  19196.20027092  .00001441  00000-0  59758-4 0  9993 | 2 42041  97.4055 263.0744 0008951  79.8513 280.3735 15.25464541134019 | 2019/07/15-04:48:23  101.5577    0.1239  280.2726   94.3975     6867.5279     6861.3807     6873.6750 -11.745194 -96.694787   0.000856  -0.000263
1 42041U 17008CX  19197.24980484  .00001176  00000-0  49277-4 0  9991 | 2 42041  97.4054 264.1133 0008919  76.7900 283.4332 15.25466311134173 | 2019/07/16-05:59:43  119.3871    0.1238  283.3338   94.3974     6867.5225     6861.3974     6873.6477  -9.990057 -96.891747   0.000843  -0.000292
1 42041U 17008CX  19198.43052871  .00001040  00000-0  43904-4 0  9994 | 2 42041  97.4054 265.2821 0008869  73.4597 286.7615 15.25468558134354 | 2019/07/17-10:19:57  184.4447    0.1239  286.6642   94.3972     6867.5158     6861.4250     6873.6066  -8.011581 -97.075365   0.000827  -0.000322
1 42041U 17008CX  19199.80803639  .00001126  00000-0  47307-4 0  9998 | 2 42041  97.4052 266.6457 0008823  69.7511 290.4675 15.25472450134563 | 2019/07/18-19:23:34  320.3442    0.1238  290.3727   94.3970     6867.5041     6861.4449     6873.5633  -5.699192 -97.238327   0.000808  -0.000353
1 42041U 17008CX  19200.85756510 +.00000971 +00000-0 +41199-4 0  9991 | 2 42041 097.4050 267.6846 0008770 066.7819 293.4341 15.25473852134721 | 2019/07/19-20:34:53  338.1727    0.1238  293.3419   94.3969     6867.4999     6861.4771     6873.5227  -3.935197 -97.325476   0.000791  -0.000378
1 42041U 17008CX  19202.43185408  .00001021  00000-0  43143-4 0  9997 | 2 42041  97.4049 269.2429 0008684  62.2189 297.9929 15.25477750134967 | 2019/07/21-10:21:52  184.9143    0.1239  297.9050   94.3967     6867.4882     6861.5245     6873.4519  -1.287060 -97.396396   0.000763  -0.000415
1 42041U 17008CX  19203.80935448  .00001071  00000-0  45150-4 0  9991 | 2 42041  97.4048 270.6064 0008610  58.1648 302.0427 15.25480955135176 | 2019/07/22-19:25:28  320.8130    0.1238  301.9590   94.3965     6867.4786     6861.5657     6873.3915   1.030882 -97.399345   0.000736  -0.000446
1 42041U 17008CX  19204.85887722  .00001005  00000-0  42528-4 0  9991 | 2 42041  97.4047 271.6452 0008534  55.1082 305.0957 15.25482664135339 | 2019/07/23-20:36:46  338.6404    0.1238  305.0156   94.3964     6867.4735     6861.6128     6873.3342   2.796510 -97.364548   0.000714  -0.000468
1 42041U 17008CX  19206.17077732  .00001084  00000-0  45641-4 0  9996 | 2 42041  97.4046 272.9438 0008432  51.1359 309.0630 15.25486055135538 | 2019/07/25-04:05:55   90.9239    0.1238  308.9879   94.3961     6867.4633     6861.6726     6873.2539   5.002350 -97.276064   0.000683  -0.000495
1 42041U 17008CX  19207.81065024  .00001034  00000-0  43647-4 0  9998 | 2 42041  97.4046 274.5669 0008310  46.3271 313.8655 15.25489038135787 | 2019/07/26-19:27:20  321.2777    0.1239  313.7968   94.3960     6867.4543     6861.7475     6873.1612   7.755653 -97.095345   0.000645  -0.000524
1 42041U 17008CX  19209.18813992  .00001059  00000-0  44635-4 0  9990 | 2 42041  97.4045 275.9304 0008192  42.1260 318.0606 15.25492170135994 | 2019/07/28-04:30:55   97.1742    0.1238  317.9978   94.3958     6867.4449     6861.8191     6873.0708  10.063861 -96.883205   0.000609  -0.000548
1 42041U 17008CX  19210.76241047  .00001072  00000-0  45157-4 0  9997 | 2 42041  97.4045 277.4887 0008065  37.2875 322.8921 15.25495739136238 | 2019/07/29-18:17:52  303.9120    0.1238  322.8363   94.3955     6867.4342     6861.8956     6872.9728  12.694792 -96.573697   0.000568  -0.000573
1 42041U 17008CX  19212.73024491 +.00001100 +00000-0 +46276-4 0  9993 | 2 42041 097.4045 279.4365 0007881 031.1734 328.9971 15.25499754136539 | 2019/07/31-17:31:33  292.3333    0.1239  328.9505   94.3953     6867.4222     6862.0100     6872.8344  15.969898 -96.086414   0.000513  -0.000598
1 42041U 17008CX  19213.77975314 +.00001175 +00000-0 +49200-4 0  9999 | 2 42041 097.4044 280.4752 0007774 027.6836 332.4814 15.25502670136699 | 2019/08/01-18:42:50  310.1575    0.1238  332.4402   94.3951     6867.4134     6862.0747     6872.7522  17.709086 -95.781029   0.000480  -0.000611
1 42041U 17008CX  19215.87876676 +.00001083 +00000-0 +45591-4 0  9990 | 2 42041 097.4043 282.5529 0007529 020.9724 339.1822 15.25506557137011 | 2019/08/03-21:05:25  345.8040    0.1239  339.1515   94.3949     6867.4018     6862.2313     6872.5722  21.169940 -95.075924   0.000416  -0.000628
1 42041U 17008CX  19217.78099079  .00001415  00000-0  58676-4 0  9993 | 2 42041  97.4041 284.4357 0007326  14.5529 345.5918 15.25512944137302 | 2019/08/05-18:44:37  310.6067    0.1238  345.5709   94.3945     6867.3826     6862.3515     6872.4136  24.282194 -94.328860   0.000355  -0.000641
1 42041U 17008CX  19218.89608520  .00001345  00000-0  55892-4 0  9992 | 2 42041  97.4040 285.5393 0007210  10.7160 349.4231 15.25515232137476 | 2019/08/06-21:30:21  352.0417    0.1239  349.4079   94.3943     6867.3757     6862.4243     6872.3271  26.094462 -93.843584   0.000319  -0.000647
1 42041U 17008CX  19219.94558326  .00001286  00000-0  53595-4 0  9999 | 2 42041  97.4038 286.5781 0007088   7.1855 352.9483 15.25517649137639 | 2019/08/07-22:41:38    9.8620    0.1238  352.9383   94.3942     6867.3685     6862.5009     6872.2361  27.791452 -93.354890   0.000286  -0.000649
1 42041U 17008CX  19221.12626600  .00001237  00000-0  51633-4 0  9990 | 2 42041  97.4037 287.7466 0006962   2.9737 357.1541 15.25520679137812 | 2019/08/09-03:01:49   74.9090    0.1238  357.1501   94.3940     6867.3594     6862.5783     6872.1404  29.689406 -92.768637   0.000246  -0.000651
1 42041U 17008CX  19222.17576019  .00001226  00000-0  51219-4 0  9992 | 2 42041  97.4037 288.7853 0006865 359.1480   0.9745 15.25523493137970 | 2019/08/10-04:13:05   92.7279    0.1238    0.9758   94.3938     6867.3509     6862.6365     6872.0654  31.366213 -92.215191   0.000211  -0.000653
1 42041U 17008CX  19224.47152153  .00001063  00000-0  44772-4 0  9991 | 2 42041  97.4035 291.0576 0006587 350.8046   9.3071 15.25528923138322 | 2019/08/12-11:18:59  199.2033    0.1239    9.3193   94.3935     6867.3346     6862.8111     6871.8582  34.997692 -90.898863   0.000135  -0.000645
1 42041U 17008CX  19225.65219631  .00000954  00000-0  40470-4 0  9996 | 2 42041  97.4035 292.2261 0006471 346.3034  13.8027 15.25531140138501 | 2019/08/13-15:39:09  264.2471    0.1238   13.8204   94.3934     6867.3280     6862.8841     6871.7718  36.844092 -90.166261   0.000096  -0.000640
1 42041U 17008CX  19226.70168406  .00000819  00000-0  35160-4 0  9996 | 2 42041  97.4034 293.2648 0006370 342.2622  17.8393 15.25532516138661 | 2019/08/14-16:50:25  282.0630    0.1239   17.8617   94.3933     6867.3239     6862.9494     6871.6983  38.472509 -89.483453   0.000061  -0.000634
1 42041U 17008CX  19228.14472779  .00000781  00000-0  33652-4 0  9999 | 2 42041  97.4032 294.6929 0006221 336.7146  23.3809 15.25534915138883 | 2019/08/16-03:28:24   81.5590    0.1238   23.4092   94.3931     6867.3167     6863.0445     6871.5888  40.690624 -88.496647   0.000015  -0.000622
1 42041U 17008CX  19229.71895500 +.00000739 +00000-0 +31964-4 0  9991 | 2 42041 097.4030 296.2508 0006049 330.2303 029.8590 15.25537284139122 | 2019/08/17-17:15:17  288.2807    0.1238   29.8935   94.3930     6867.3095     6863.1555     6871.4636  43.081465 -87.357494  -0.000037  -0.000604
1 42041U 17008CX  19231.75232608 +.00000898 +00000-0 +38265-4 0  9999 | 2 42041 097.4027 298.2630 0005896 321.8465 038.2355 15.25542018139438 | 2019/08/19-18:03:20  300.2936    0.1238   38.2773   94.3927     6867.2953     6863.2464     6871.3443  46.122080 -85.790674  -0.000101  -0.000581
1 42041U 17008CX  19233.72010055 +.00000910 +00000-0 +38730-4 0  9990 | 2 42041 097.4024 300.2103 0005728 313.1791 046.8968 15.25545763139732 | 2019/08/21-17:16:56  288.6907    0.1238   46.9447   94.3924     6867.2841     6863.3505     6871.2177  49.010483 -84.173631  -0.000164  -0.000549
1 42041U 17008CX  19235.49109303  .00000936  00000-0  39731-4 0  9991 | 2 42041  97.4023 301.9628 0005618 305.4261  54.6452 15.25549436140003 | 2019/08/23-11:47:10  206.2457    0.1238   54.6977   94.3922     6867.2731     6863.4150     6871.1311  51.561714 -82.635330  -0.000216  -0.000519
1 42041U 17008CX  19236.80293710  .00000947  00000-0  40181-4 0  9996 | 2 42041  97.4022 303.2610 0005538 299.4175  60.6510 15.25551966140200 | 2019/08/24-19:16:13  318.5072    0.1238   60.7063   94.3921     6867.2655     6863.4624     6871.0686  53.420604 -81.445857  -0.000254  -0.000492
1 42041U 17008CX  19237.85241058  .00000998  00000-0  42170-4 0  9996 | 2 42041  97.4021 304.2995 0005507 294.5232  65.5432 15.25554342140367 | 2019/08/25-20:27:28  336.3156    0.1239   65.6007   94.3919     6867.2584     6863.4766     6871.0402  54.887918 -80.464188  -0.000285  -0.000471
1 42041U 17008CX  19238.90188307 +.00001021 +00000-0 +43097-4 0  9997 | 2 42041 097.4020 305.3380 0005473 289.6858 070.3790 15.25556490140522 | 2019/08/26-21:38:42  354.1232    0.1239   70.4381   94.3918     6867.2519     6863.4935     6871.0104  56.337198 -79.456087  -0.000314  -0.000448
1 42041U 17008CX  19240.80404751  .00001080  00000-0  45420-4 0  9990 | 2 42041  97.4018 307.2201 0005420 280.5958  79.4669 15.25560706140817 | 2019/08/28-19:17:49  318.8973    0.1238   79.5280   94.3915     6867.2393     6863.5172     6870.9613  58.916256 -77.562784  -0.000364  -0.000402
1 42041U 17008CX  19241.91910685 +.00001126 +00000-0 +47198-4 0  9996 | 2 42041 097.4016 308.3235 0005422 275.4367 084.6253 15.25563429140983 | 2019/08/29-22:03:30    0.3150    0.1239   84.6872   94.3914     6867.2311     6863.5077     6870.9545  60.398816 -76.413708  -0.000392  -0.000375
1 42041U 17008CX  19243.23093854  .00001538  00000-0  63436-4 0  9993 | 2 42041  97.4015 309.6214 0005428 269.5898  90.4718 15.25568820141186 | 2019/08/31-05:32:33  112.5699    0.1238   90.5340   94.3910     6867.2149     6863.4874     6870.9424  62.114079 -75.025951  -0.000421  -0.000343
1 42041U 17008CX  19244.80512796  .00002033  00000-0  82910-4 0  9997 | 2 42041  97.4012 311.1789 0005433 262.2467  97.8154 15.25577013141422 | 2019/09/01-19:19:23  319.2717    0.1238   97.8771   94.3905     6867.1903     6863.4594     6870.9213  64.130151 -73.309737  -0.000453  -0.000299
1 42041U 17008CX  19245.85458630 +.00001705 +00000-0 +70005-4 0  9996 | 2 42041 097.4011 312.2174 0005495 257.5611 102.5013 15.25578802141589 | 2019/09/02-20:30:36  337.0723    0.1239  102.5628   94.3904     6867.1850     6863.4114     6870.9585  65.448234 -72.135310  -0.000477  -0.000273
1 42041U 17008CX  19247.42876763  .00001530  00000-0  63081-4 0  9994 | 2 42041  97.4009 313.7749 0005557 250.2367 109.8272 15.25583820141827 | 2019/09/04-10:17:25  183.7702    0.1238  109.8871   94.3901     6867.1699     6863.3538     6870.9860  67.384565 -70.329622  -0.000508  -0.000226
1 42041U 17008CX  19248.80617093  .00001485  00000-0  61301-4 0  9998 | 2 42041  97.4007 315.1377 0005616 243.9933 116.0728 15.25588864142035 | 2019/09/05-19:20:53  319.6280    0.1239  116.1306   94.3898     6867.1548     6863.2982     6871.0114  69.038019 -68.706974  -0.000531  -0.000184
1 42041U 17008CX  19249.85561904  .00001391  00000-0  57600-4 0  9996 | 2 42041  97.4006 316.1760 0005677 239.3091 120.7588 15.25591885142192 | 2019/09/06-20:32:05  337.4236    0.1238  120.8147   94.3896     6867.1457     6863.2472     6871.0442  70.271634 -67.444602  -0.000547  -0.000152
1 42041U 17008CX  19251.16742466  .00001481  00000-0  61143-4 0  9994 | 2 42041  97.4005 317.4739 0005756 233.6190 126.4517 15.25597168142393 | 2019/09/08-04:01:05   89.6659    0.1237  126.5047   94.3893     6867.1298     6863.1771     6871.0826  71.781199 -65.835529  -0.000565  -0.000111
1 42041U 17008CX  19252.74158847  .00001280  00000-0  53204-4 0  9999 | 2 42041  97.4004 319.0313 0005866 226.6566 133.4183 15.25601130142638 | 2019/09/09-17:47:53  296.3549    0.1237  133.4671   94.3890     6867.1179     6863.0897     6871.1462  73.543912 -63.860245  -0.000584  -0.000058
1 42041U 17008CX  19254.77487812  .00001084  00000-0  45484-4 0  9994 | 2 42041  97.4002 321.0430 0006051 218.4151 141.6657 15.25605549142944 | 2019/09/11-18:35:49  308.3256    0.1238  141.7087   94.3887     6867.1047     6862.9494     6871.2600  75.740153 -61.239107  -0.000605   0.000006
1 42041U 17008CX  19255.82431576 +.00001034 +00000-0 +43531-4 0  9993 | 2 42041 097.4002 322.0812 0006146 214.1023 145.9821 15.25607813143100 | 2019/09/12-19:47:00  326.1158    0.1238  146.0215   94.3886     6867.0979     6862.8774     6871.3184  76.837312 -59.856717  -0.000613   0.000041
1 42041U 17008CX  19257.72641737  .00001043  00000-0  43889-4 0  9992 | 2 42041  97.3998 323.9628 0006335 206.3077 153.7841 15.25612213143390 | 2019/09/14-17:26:02  290.8581    0.1238  153.8161   94.3883     6867.0847     6862.7344     6871.4350  78.760906 -57.301315  -0.000624   0.000107
1 42041U 17008CX  19258.77584960  .00001075  00000-0  45145-4 0  9994 | 2 42041  97.3996 325.0009 0006436 202.4535 157.6422 15.25615056143556 | 2019/09/15-18:37:13  308.6461    0.1237  157.6702   94.3882     6867.0762     6862.6565     6871.4958  79.785959 -55.864862  -0.000628   0.000140
1 42041U 17008CX  19260.15322757  .00001101  00000-0  46155-4 0  9995 | 2 42041  97.3994 326.3635 0006585 197.1910 162.9106 15.25618427143761 | 2019/09/17-03:40:38   84.4913    0.1238  162.9328   94.3880     6867.0660     6862.5441     6871.5880  81.091676 -53.951675  -0.000632   0.000186
1 42041U 17008CX  19261.72736929  .00001235  00000-0  51417-4 0  9994 | 2 42041  97.3990 327.9205 0006765 191.2000 168.9088 15.25623222144004 | 2019/09/18-17:27:24  291.1697    0.1237  168.9237   94.3877     6867.0517     6862.4061     6871.6972  82.527341 -51.728166  -0.000632   0.000241
1 42041U 17008CX  19262.84238368 +.00001238 +00000-0 +51514-4 0  9993 | 2 42041 097.3989 329.0235 0006864 187.3170 172.7969 15.25626261144177 | 2019/09/19-20:13:01  332.5658    0.1238  172.8068   94.3875     6867.0425     6862.3290     6871.7561  83.507720 -50.129895  -0.000629   0.000275
1 42041U 17008CX  19264.21975223  .00001176  00000-0  49067-4 0  9995 | 2 42041  97.3987 330.3860 0007018 182.4269 177.6937 15.25629385144383 | 2019/09/21-05:16:26  108.4068    0.1238  177.6969   94.3873     6867.0332     6862.2139     6871.8524  84.675918 -48.129987  -0.000624   0.000321
1 42041U 17008CX  19265.85947086  .00001378  00000-0  57005-4 0  9997 | 2 42041  97.3986 332.0080 0007175 176.6937 183.4350 15.25635107144637 | 2019/09/22-20:37:38  338.6916    0.1238  183.4301   94.3869     6867.0160     6862.0889     6871.9431  86.004243 -45.713865  -0.000613   0.000373
1 42041U 17008CX  19267.17124359  .00001384  00000-0  57232-4 0  9993 | 2 42041  97.3984 333.3055 0007298 172.3113 187.8239 15.25638533144838 | 2019/09/24-04:06:35   90.9187    0.1238  187.8125   94.3867     6867.0057     6861.9942     6872.0173  87.017144 -43.754599  -0.000602   0.000412
1 42041U 17008CX  19268.41742415  .00001473  00000-0  60721-4 0  9996 | 2 42041  97.3984 334.5381 0007446 168.1429 191.9986 15.25642352145022 | 2019/09/25-10:01:05  179.5331    0.1238  191.9809   94.3865     6866.9943     6861.8811     6872.1074  87.938226 -41.872625  -0.000592   0.000451
1 42041U 17008CX  19269.66360119  .00001750  00000-0  71601-4 0  9998 | 2 42041  97.3982 335.7708 0007571 164.0817 196.0661 15.25647479145213 | 2019/09/26-15:55:35  268.1462    0.1238  196.0421   94.3862     6866.9789     6861.7799     6872.1779  88.818498 -39.971036  -0.000579   0.000488
1 42041U 17008CX  19271.17212623  .00001970  00000-0  80226-4 0  9990 | 2 42041  97.3982 337.2628 0007715 159.4726 200.6824 15.25653558145441 | 2019/09/28-04:07:51   91.2029    0.1238  200.6512   94.3858     6866.9606     6861.6628     6872.2585  89.829127 -37.644885  -0.000562   0.000529
1 42041U 17008CX  19272.41829326  .00002712  00000-0  10935-3 0  9996 | 2 42041  97.3980 338.4956 0007914 155.3653 204.7965 15.25660755145630 | 2019/09/29-10:02:20  179.8117    0.1238  204.7585   94.3853     6866.9390     6861.5045     6872.3735  90.618069 -35.703446  -0.000548   0.000571
1 42041U 17008CX  19273.73004285  .00002140  00000-0  86859-4 0  9995 | 2 42041  97.3975 339.7929 0008019 151.3435 208.8245 15.25665328145838 | 2019/09/30-17:31:15  292.0309    0.1237  208.7802   94.3851     6866.9253     6861.4187     6872.4319  91.402706 -33.642508  -0.000528   0.000604
1 42041U 17008CX  19274.84502669 +.00001754 +00000-0 +71685-4 0  9998 | 2 42041 097.3972 340.8957 0008103 147.9726 212.2006 15.25668970146007 | 2019/10/01-20:16:50  333.4161    0.1238  212.1512   94.3848     6866.9144     6861.3501     6872.4786  92.032986 -31.877014  -0.000508   0.000631
1 42041U 17008CX  19276.35352733  .00001884  00000-0  76769-4 0  9993 | 2 42041  97.3969 342.3875 0008233 143.3582 216.8220 15.25676171146238 | 2019/10/03-08:29:04  156.4644    0.1237  216.7655   94.3844     6866.8928     6861.2393     6872.5463  92.831389 -29.470143  -0.000481   0.000668
1 42041U 17008CX  19277.73085028  .00001657  00000-0  67882-4 0  9990 | 2 42041  97.3970 343.7495 0008286 139.1472 221.0389 15.25679839146443 | 2019/10/04-17:32:25  292.2903    0.1238  220.9766   94.3842     6866.8818     6861.1919     6872.5717  93.505738 -27.255322  -0.000450   0.000696
1 42041U 17008CX  19278.84582147 +.00001944 +00000-0 +79133-4 0  9998 | 2 42041 097.3969 344.8522 0008345 135.8312 224.3594 15.25685611146614 | 2019/10/05-20:17:58  333.6717    0.1238  224.2926   94.3838     6866.8644     6861.1340     6872.5948  94.012841 -25.450772  -0.000426   0.000718
1 42041U 17008CX  19279.89520425 +.00001634 +00000-0 +66962-4 0  9997 | 2 42041 097.3968 345.8900 0008427 132.7250 227.4698 15.25688331146770 | 2019/10/06-21:29:05  351.4418    0.1237  227.3987   94.3836     6866.8563     6861.0696     6872.6430  94.458288 -23.743809  -0.000404   0.000740
1 42041U 17008CX  19281.40368860  .00001343  00000-0  55504-4 0  9997 | 2 42041  97.3967 347.3818 0008531 128.3791 231.8214 15.25691828147006 | 2019/10/08-09:41:18  174.4855    0.1237  231.7446   94.3834     6866.8458     6860.9877     6872.7039  95.044318 -21.276624  -0.000371   0.000768
1 42041U 17008CX  19282.78099486  .00001676  00000-0  68559-4 0  9997 | 2 42041  97.3966 348.7438 0008593 124.3667 235.8385 15.25698356147213 | 2019/10/09-18:44:37  310.3066    0.1238  235.7571   94.3830     6866.8262     6860.9255     6872.7269  95.523095 -19.011471  -0.000337   0.000790
1 42041U 17008CX  19283.89595332 +.00001650 +00000-0 +67531-4 0  9992 | 2 42041 097.3966 349.8465 0008621 121.1026 239.1059 15.25702389147386 | 2019/10/10-21:30:10  351.6846    0.1238  239.0212   94.3828     6866.8141     6860.8942     6872.7340  95.871272 -17.169650  -0.000308   0.000805
1 42041U 17008CX  19285.40442255  .00001666  00000-0  68163-4 0  9995 | 2 42041  97.3964 351.3382 0008702 116.7124 243.5006 15.25707676147610 | 2019/10/12-09:42:22  174.7242    0.1238  243.4114   94.3824     6866.7982     6860.8228     6872.7737  96.285547 -14.668068  -0.000270   0.000827
1 42041U 17008CX  19286.71612927  .00001878  00000-0  76452-4 0  9990 | 2 42041  97.3962 352.6355 0008732 112.9650 247.2511 15.25713950147813 | 2019/10/13-17:11:13  286.9311    0.1239  247.1589   94.3820     6866.7794     6860.7833     6872.7755  96.592757 -12.484356  -0.000235   0.000841
1 42041U 17008CX  19287.76549254  .00001598  00000-0  65492-4 0  9999 | 2 42041  97.3960 353.6731 0008767 109.9925 250.2258 15.25716430147974 | 2019/10/14-18:22:18  304.6963    0.1238  250.1313   94.3819     6866.7720     6860.7519     6872.7921  96.802793 -10.733132  -0.000207   0.000852
1 42041U 17008CX  19288.88043896 +.00001457 +00000-0 +59922-4 0  9999 | 2 42041 097.3957 354.7756 0008809 106.8373 253.3832 15.25719224148145 | 2019/10/15-21:07:49  346.0713    0.1238  253.2865   94.3817     6866.7636     6860.7147     6872.8125  96.991090  -8.868529  -0.000177   0.000863
1 42041U 17008CX  19290.38888963  .00001556  00000-0  63821-4 0  9992 | 2 42041  97.3954 356.2672 0008819 102.5773 257.6452 15.25725258148378 | 2019/10/17-09:20:00  169.1067    0.1238  257.5465   94.3813     6866.7455     6860.6897     6872.8013  97.188777  -6.340788  -0.000136   0.000871
1 42041U 17008CX  19291.43824488  .00001409  00000-0  58037-4 0  9991 | 2 42041  97.3952 357.3048 0008831  99.5939 260.6297 15.25727721148534 | 2019/10/18-10:31:04  186.8702    0.1238  260.5299   94.3812     6866.7381     6860.6741     6872.8021  97.287463  -4.579792  -0.000106   0.000877
1 42041U 17008CX  19292.74993481  .00001551  00000-0  63616-4 0  9993 | 2 42041  97.3951 358.6018 0008845  95.8037 264.4210 15.25732686148732 | 2019/10/19-17:59:54  299.0734    0.1238  264.3201   94.3809     6866.7232     6860.6496     6872.7968  97.366101  -2.376516  -0.000068   0.000882
1 42041U 17008CX  19294.12720419  .00001723  00000-0  70345-4 0  9994 | 2 42041  97.3949 359.9636 0008847  91.9077 268.3175 15.25738462148946 | 2019/10/21-03:03:10   74.8855    0.1239  268.2162   94.3805     6866.7059     6860.6309     6872.7808  97.394880  -0.061875  -0.000029   0.000884
1 42041U 17008CX  19295.17655115  .00001517  00000-0  62263-4 0  9991 | 2 42041  97.3948   1.0010 0008831  88.9416 271.2834 15.25740595149106 | 2019/10/22-04:14:14   92.6475    0.1238  271.1822   94.3804     6866.6995     6860.6355     6872.7635  97.379937   1.701473   0.000001   0.000883
1 42041U 17008CX  19296.42264766  .00001563  00000-0  64063-4 0  9999 | 2 42041  97.3948   2.2331 0008820  85.3698 274.8548 15.25744500149297 | 2019/10/23-10:08:36  181.2388    0.1239  274.7541   94.3802     6866.6878     6860.6313     6872.7442  97.320836   3.794996   0.000037   0.000881
1 42041U 17008CX  19297.73432330  .00001887  00000-0  76724-4 0  9994 | 2 42041  97.3947   3.5302 0008768  81.4436 278.7795 15.25750511149494 | 2019/10/24-17:37:25  293.4393    0.1238  278.6802   94.3798     6866.6697     6860.6490     6872.6904  97.209892   5.997043   0.000077   0.000873
1 42041U 17008CX  19298.78365948  .00002137  00000-0  86486-4 0  9995 | 2 42041  97.3945   4.5676 0008727  78.5209 281.7009 15.25755848149655 | 2019/10/25-18:48:28  311.1985    0.1239  281.6030   94.3795     6866.6537     6860.6612     6872.6462  97.085182   7.756035   0.000105   0.000866
1 42041U 17008CX  19300.16090709  .00003543  00000-0  14150-3 0  9991 | 2 42041  97.3946   5.9292 0008693  74.9567 285.2633 15.25766611149869 | 2019/10/27-03:51:42   87.0053    0.1239  285.1672   94.3788     6866.6214     6860.6523     6872.5906  96.873568  10.060810   0.000138   0.000858
1 42041U 17008CX  19301.73489511  .00002533  00000-0  10194-3 0  9990 | 2 42041  97.3942   7.4855 0008628  70.4717 289.7452 15.25773047150101 | 2019/10/28-17:38:14  293.6392    0.1238  289.6521   94.3784     6866.6021     6860.6776     6872.5266  96.564193  12.688057   0.000180   0.000844
1 42041U 17008CX  19302.84979894 +.00001743 +00000-0 +71030-4 0  9990 | 2 42041 097.3938 008.5879 0008582 067.1222 293.0922 15.25776102150270 | 2019/10/29-20:23:42  335.0036    0.1239  293.0017   94.3782     6866.5929     6860.7000     6872.4858  96.301815  14.543478   0.000212   0.000832
1 42041U 17008CX  19303.89911500 +.00002488 +00000-0 +10015-3 0  9998 | 2 42041 097.3935 009.6252 0008500 064.0275 296.1838 15.25783841150434 | 2019/10/30-21:34:43  352.7574    0.1239  296.0964   94.3777     6866.5697     6860.7331     6872.4063  96.022452  16.284426   0.000239   0.000816
1 42041U 17008CX  19305.73541153  .00002026  00000-0  82079-4 0  9994 | 2 42041  97.3931  11.4405 0008381  58.5839 301.6218 15.25791257150717 | 2019/11/01-17:38:59  293.8244    0.1239  301.5400   94.3773     6866.5475     6860.7926     6872.3023  95.458017  19.317941   0.000286   0.000788
1 42041U 17008CX  19306.85030103 +.00001922 +00000-0 +77998-4 0  9994 | 2 42041 097.3929 012.5426 0008319 055.2506 304.9515 15.25795856150888 | 2019/11/02-20:24:26  335.1850    0.1239  304.8733   94.3770     6866.5337     6860.8214     6872.2459  95.068600  21.150372   0.000314   0.000770
1 42041U 17008CX  19308.48984048  .00001631  00000-0  66596-4 0  9990 | 2 42041  97.3931  14.1634 0008195  50.0976 310.0981 15.25800274151131 | 2019/11/04-11:45:22  205.4208    0.1238  310.0262   94.3767     6866.5204     6860.8933     6872.1475  94.432530  23.830929   0.000356   0.000738
1 42041U 17008CX  19309.67030549  .00001538  00000-0  62955-4 0  9991 | 2 42041  97.3930  15.3304 0008104  46.5958 313.5953 15.25803790151310 | 2019/11/05-16:05:14  270.3893    0.1238  313.5280   94.3765     6866.5099     6860.9452     6872.0745  93.927492  25.749228   0.000381   0.000715
1 42041U 17008CX  19311.17867104  .00001748  00000-0  71164-4 0  9999 | 2 42041  97.3928  16.8214 0007977  41.9525 318.2323 15.25810572151543 | 2019/11/07-04:17:17   93.4029    0.1239  318.1714   94.3761     6866.4895     6861.0121     6871.9669  93.225506  28.184438   0.000414   0.000682
1 42041U 17008CX  19313.14609999  .00001561  00000-0  63839-4 0  9997 | 2 42041  97.3927  18.7663 0007825  35.8988 324.2775 15.25815543151842 | 2019/11/09-03:30:23   81.6802    0.1239  324.2251   94.3758     6866.4746     6861.1016     6871.8476  92.215172  31.332093   0.000453   0.000638
1 42041U 17008CX  19314.65445488  .00001816  00000-0  73792-4 0  9997 | 2 42041  97.3924  20.2573 0007689  31.1512 329.0180 15.25822116152070 | 2019/11/10-15:42:24  264.6907    0.1238  328.9726   94.3754     6866.4549     6861.1753     6871.7345  91.368410  33.720812   0.000480   0.000601
1 42041U 17008CX  19316.16280501  .00001753  00000-0  71354-4 0  9990 | 2 42041  97.3923  21.7484 0007538  26.2726 333.8893 15.25827026152306 | 2019/11/12-03:54:26   87.6997    0.1239  333.8513   94.3750     6866.4402     6861.2642     6871.6161  90.459906  36.086915   0.000504   0.000560
1 42041U 17008CX  19317.40883007  .00001760  00000-0  71610-4 0  9991 | 2 42041  97.3919  22.9804 0007363  21.6635 338.4913 15.25830655152490 | 2019/11/13-09:48:42  176.2719    0.1238  338.4603   94.3748     6866.4293     6861.3735     6871.4850  89.662729  38.023377   0.000524   0.000517
1 42041U 17008CX  19318.52368987  .00002065  00000-0  83529-4 0  9991 | 2 42041  97.3917  24.0823 0007258  18.0909 342.0587 15.25836503152664 | 2019/11/14-12:34:06  217.6236    0.1240  342.0331   94.3745     6866.4117     6861.4281     6871.3954  88.914753  39.740532   0.000538   0.000487
1 42041U 17008CX  19320.16318697  .00001678  00000-0  68371-4 0  9994 | 2 42041  97.3914  25.7028 0007102  12.6016 347.5398 15.25840313152915 | 2019/11/16-03:54:59   87.8462    0.1238  347.5222   94.3742     6866.4003     6861.5238     6871.2768  87.755089  42.238954   0.000557   0.000440
1 42041U 17008CX  19321.47478124  .00001454  00000-0  59612-4 0  9991 | 2 42041  97.3914  26.9993 0006961   8.2226 351.9125 15.25843228153113 | 2019/11/17-11:23:41  200.0227    0.1239  351.9013   94.3740     6866.3915     6861.6119     6871.1712  86.776913  44.213710   0.000569   0.000401
1 42041U 17008CX  19322.85195254  .00001225  00000-0  50684-4 0  9990 | 2 42041  97.3912  28.3604 0006792   3.3458 356.7825 15.25845833153328 | 2019/11/18-20:26:48  335.8075    0.1239  356.7781   94.3739     6866.3837     6861.7201     6871.0474  85.702025  46.262391   0.000578   0.000357
1 42041U 17008CX  19324.16354147  .00001231  00000-0  50918-4 0  9991 | 2 42041  97.3911  29.6568 0006701 358.6513   1.4706 15.25849131153527 | 2019/11/20-03:55:29   87.9823    0.1239    1.4726   94.3737     6866.3738     6861.7727     6870.9750  84.633337  48.189466   0.000590   0.000318
1 42041U 17008CX  19325.67186343  .00001660  00000-0  67667-4 0  9994 | 2 42041  97.3910  31.1476 0006539 353.3246   6.7904 15.25855558153759 | 2019/11/21-16:07:29  270.9810    0.1239    6.7993   94.3733     6866.3546     6861.8646     6870.8445  83.350886  50.374961   0.000595   0.000271
1 42041U 17008CX  19326.98344403  .00001712  00000-0  69673-4 0  9999 | 2 42041  97.3907  32.4439 0006405 348.3590  11.7499 15.25859779153952 | 2019/11/22-23:36:09   23.1525    0.1239   11.7649   94.3730     6866.3419     6861.9440     6870.7398  82.189680  52.247536   0.000599   0.000227
1 42041U 17008CX  19328.49175324  .00002749  00000-0  11013-3 0  9996 | 2 42041  97.3911  33.9347 0006220 342.6298  17.4726 15.25869929154188 | 2019/11/24-11:48:07  206.1462    0.1238   17.4940   94.3724     6866.3114     6862.0406     6870.5823  80.802897  54.368356   0.000596   0.000177
1 42041U 17008CX  19329.80332087  .00001573  00000-0  64238-4 0  9995 | 2 42041  97.3905  35.2310 0006133 336.9716  23.1247 15.25873174154381 | 2019/11/25-19:16:46  318.3131    0.1239   23.1523   94.3722     6866.3017     6862.0906     6870.5128  79.551764  56.182081   0.000599   0.000130
1 42041U 17008CX  19330.85257326 +.00001484 +00000-0 +60756-4 0  9996 | 2 42041 097.3903 036.2680 0006039 332.7585 027.3336 15.25876109154547 | 2019/11/26-20:27:42  336.0454    0.1239   27.3654   94.3720     6866.2929     6862.1464     6870.4395  78.521786  57.612495   0.000596   0.000095
1 42041U 17008CX  19332.22971146  .00001662  00000-0  67689-4 0  9992 | 2 42041  97.3901  37.6290 0005914 327.3277  32.7594 15.25882128154753 | 2019/11/28-05:30:47  111.8165    0.1238   32.7961   94.3716     6866.2748     6862.2141     6870.3356  77.131081  59.461146   0.000589   0.000051
1 42041U 17008CX  19333.41011361  .00001485  00000-0  60782-4 0  9998 | 2 42041  97.3899  38.7956 0005803 322.5330  37.5503 15.25885215154937 | 2019/11/29-09:50:33  176.7619    0.1239   37.5909   94.3714     6866.2656     6862.2811     6870.2501  75.904333  61.019054   0.000580   0.000013
1 42041U 17008CX  19334.72166757  .00001557  00000-0  63578-4 0  9999 | 2 42041  97.3897  40.0919 0005725 316.9159  43.1631 15.25889989155139 | 2019/11/30-17:19:12  288.9221    0.1239   43.2080   94.3712     6866.2513     6862.3203     6870.1822  74.504333  62.720475   0.000572  -0.000030
1 42041U 17008CX  19335.90206252 +.00001641 +00000-0 +66827-4 0  9999 | 2 42041 097.3896 041.2585 0005671 311.6891 048.3862 15.25894532155318 | 2019/12/01-21:38:58  353.8648    0.1239   48.4348   94.3709     6866.2376     6862.3438     6870.1315  73.211851  64.224287   0.000563  -0.000070
1 42041U 17008CX  19337.86938445 +.00001287 +00000-0 +53015-4 0  9993 | 2 42041 097.3894 043.2027 0005550 303.0111 057.0594 15.25898298155610 | 2019/12/03-20:51:54  342.1004    0.1239   57.1128   94.3706     6866.2263     6862.4156     6870.0371  70.990676  66.670977   0.000539  -0.000132
1 42041U 17008CX  19338.91862030 +.00001209 +00000-0 +49969-4 0  9993 | 2 42041 097.3893 044.2395 0005502 298.1866 061.8816 15.25900653155772 | 2019/12/04-22:02:48  359.8250    0.1238   61.9372   94.3705     6866.2193     6862.4415     6869.9971  69.772598  67.944539   0.000525  -0.000166
1 42041U 17008CX  19340.49247207  .00001000  00000-0  41807-4 0  9994 | 2 42041  97.3893  45.7948 0005441 291.0259  69.0397 15.25903123156019 | 2019/12/06-11:49:09  206.4102    0.1238   69.0979   94.3703     6866.2119     6862.4760     6869.9478  67.902758  69.813260   0.000500  -0.000214
1 42041U 17008CX  19341.86958991 +.00000981 +00000-0 +41059-4 0  9991 | 2 42041 097.3891 047.1558 0005404 284.7489 075.3150 15.25905743156223 | 2019/12/07-20:52:12  342.1707    0.1238   75.3749   94.3702     6866.2040     6862.4935     6869.9145  66.225282  71.406224   0.000477  -0.000254
1 42041U 17008CX  19342.91882084 +.00000994 +00000-0 +41580-4 0  9990 | 2 42041 097.3890 048.1927 0005395 279.8184 080.2445 15.25907924156381 | 2019/12/08-22:03:06  359.8921    0.1238   80.3054   94.3700     6866.1975     6862.4932     6869.9018  64.922180  72.592891   0.000458  -0.000286
1 42041U 17008CX  19344.29593422  .00000966  00000-0  40480-4 0  9995 | 2 42041  97.3888  49.5536 0005399 273.4870  86.5751 15.25910611156594 | 2019/12/10-07:06:08  135.6501    0.1239   86.6369   94.3699     6866.1894     6862.4823     6869.8965  63.179660  74.114161   0.000431  -0.000325
1 42041U 17008CX  19345.67304494  .00001023  00000-0  42703-4 0  9992 | 2 42041  97.3886  50.9144 0005401 267.1913  92.8708 15.25913799156801 | 2019/12/11-16:09:11  271.4065    0.1239   92.9326   94.3697     6866.1798     6862.4714     6869.8883  61.401637  75.593507   0.000402  -0.000361
1 42041U 17008CX  19346.72227025  .00001039  00000-0  43337-4 0  9994 | 2 42041  97.3883  51.9512 0005430 262.3313  97.7309 15.25916197156964 | 2019/12/12-17:20:04  289.1249    0.1239   97.7926   94.3695     6866.1726     6862.4443     6869.9010  60.023566  76.691932   0.000379  -0.000389
1 42041U 17008CX  19347.83707060 +.00000972 +00000-0 +40724-4 0  9991 | 2 42041 097.3881 053.0527 0005465 257.2242 102.8385 15.25918305157138 | 2019/12/13-20:05:22  330.4498    0.1237  102.8995   94.3694     6866.1663     6862.4140     6869.9187  58.538058  77.831470   0.000353  -0.000417
1 42041U 17008CX  19349.86993721 +.00001002 +00000-0 +41861-4 0  9995 | 2 42041 097.3879 055.0613 0005535 248.0088 112.0562 15.25922963157446 | 2019/12/15-20:52:42  342.2746    0.1238  112.1150   94.3691     6866.1524     6862.3519     6869.9528  55.774022  79.835215   0.000302  -0.000464
1 42041U 17008CX  19350.91915641 +.00001014 +00000-0 +42346-4 0  9990 | 2 42041 097.3877 056.0981 0005597 243.2619 116.8047 15.25925386157608 | 2019/12/16-22:03:35  359.9893    0.1238  116.8619   94.3690     6866.1451     6862.3021     6869.9881  54.320194  80.831186   0.000274  -0.000488
1 42041U 17008CX  19352.62413440 +.00001100 +00000-0 +45676-4 0  9995 | 2 42041 097.3877 057.7829 0005697 235.8168 124.2530 15.25929630157868 | 2019/12/18-14:58:45  253.7739    0.1237  124.3069   94.3687     6866.1324     6862.2207     6870.0440  51.920188  82.393314   0.000228  -0.000522
1 42041U 17008CX  19353.87007711 +.00001113 +00000-0 +46183-4 0  9991 | 2 42041 097.3875 059.0139 0005782 230.5453 129.5274 15.25932456158054 | 2019/12/19-20:52:54  342.3074    0.1238  129.5785   94.3685     6866.1239     6862.1539     6870.0939  50.138017  83.489546   0.000194  -0.000545
1 42041U 17008CX  19355.70619917  .00001029  00000-0  42905-4 0  9996 | 2 42041  97.3874  60.8281 0005933 222.8287 137.2490 15.25936249158339 | 2019/12/21-16:56:55  283.3019    0.1238  137.2951   94.3683     6866.1125     6862.0388     6870.1862  47.469685  85.034903   0.000140  -0.000577
1 42041U 17008CX  19356.75540946  .00001034  00000-0  43112-4 0  9994 | 2 42041  97.3873  61.8648 0006011 218.5995 141.4815 15.25938706158497 | 2019/12/22-18:07:47  301.0118    0.1239  141.5244   94.3681     6866.1051     6861.9779     6870.2323  45.923345  85.879757   0.000109  -0.000591
1 42041U 17008CX  19357.87019380 +.00001033 +00000-0 +43065-4 0  9997 | 2 42041 097.3871 062.9662 0006105 214.0427 146.0421 15.25941217158662 | 2019/12/23-20:53:04  342.3277    0.1239  146.0812   94.3680     6866.0976     6861.9058     6870.2893  44.263999  86.746444   0.000074  -0.000606
1 42041U 17008CX  19359.44400402  .00001008  00000-0  42086-4 0  9995 | 2 42041  97.3869  64.5212 0006260 207.8619 152.2285 15.25944674158907 | 2019/12/25-10:39:21  188.8900    0.1238  152.2619   94.3678     6866.0872     6861.7891     6870.3854  41.893614  87.915490   0.000026  -0.000625
1 42041U 17008CX  19360.75550989  .00000998  00000-0  41664-4 0  9995 | 2 42041  97.3867  65.8169 0006376 202.8757 157.2198 15.25947515159104 | 2019/12/26-18:07:56  301.0240    0.1238  157.2481   94.3676     6866.0787     6861.7009     6870.4565  39.894849  88.840139  -0.000015  -0.000637
1 42041U 17008CX  19361.87028835 +.00000988 +00000-0 +41299-4 0  9992 | 2 42041 097.3865 066.9183 0006485 198.6001 161.5001 15.25949740159276 | 2019/12/27-20:53:12  342.3369    0.1238  161.5237   94.3675     6866.0720     6861.6194     6870.5247  38.179726  89.590395  -0.000051  -0.000647
1 42041U 17008CX  19362.91948997 +.00000980 +00000-0 +40979-4 0  9994 | 2 42041 097.3862 067.9548 0006598 194.7597 165.3449 15.25951907159435 | 2019/12/28-22:04:03    0.0428    0.1237  165.3640   94.3673     6866.0655     6861.5353     6870.5958  36.552734  90.266104  -0.000084  -0.000654
1 42041U 17008CX  19364.49328979  .00001005  00000-0  41932-4 0  9990 | 2 42041  97.3861  69.5097 0006758 189.0255 171.0863 15.25955297159673 | 2019/12/30-11:50:20  206.5998    0.1238  171.0983   94.3671     6866.0554     6861.4153     6870.6954  34.089887  91.224624  -0.000134  -0.000662
1 42041U 17008CX  19365.80478726  .00001011  00000-0  42168-4 0  9991 | 2 42041  97.3859  70.8052 0006888 184.3529 175.7651 15.25957952159870 | 2019/12/31-19:18:53  318.7299    0.1238  175.7709   94.3670     6866.0474     6861.3181     6870.7767  32.018627  91.971849  -0.000176  -0.000666
1 42041U 17008CX  20001.91955870 +.00000870 +00000-0 +36691-4 0  9998 | 2 42041 097.3857 071.9065 0007012 180.5031 179.6202 15.25959335160043 | 2020/01/01-22:04:09    0.0398    0.1238  179.6207   94.3669     6866.0432     6861.2288     6870.8577  30.244940  92.570072  -0.000212  -0.000668
1 42041U 17008CX  20003.42777639  .00000882  00000-0  37142-4 0  9996 | 2 42041  97.3857  73.3965 0007170 175.2932 184.8375 15.25962266160275 | 2020/01/03-10:15:59  182.9873    0.1238  184.8306   94.3667     6866.0345     6861.1115     6870.9574  27.827663  93.325215  -0.000261  -0.000668
1 42041U 17008CX  20004.73926758  .00000945  00000-0  39600-4 0  9990 | 2 42041  97.3855  74.6920 0007300 170.8108 189.3265 15.25965101160470 | 2020/01/04-17:44:32  295.1147    0.1238  189.3130   94.3665     6866.0259     6861.0137     6871.0381  25.710524  93.930318  -0.000303  -0.000664
1 42041U 17008CX  20005.91960703 +.00001045 +00000-0 +43480-4 0  9992 | 2 42041 097.3854 075.8580 0007411 166.9659 193.1772 15.25968158160655 | 2020/01/05-22:04:14    0.0285    0.1238  193.1579   94.3663     6866.0168     6860.9284     6871.1052  23.793775  94.433958  -0.000338  -0.000659
1 42041U 17008CX  20007.42781505  .00001173  00000-0  48439-4 0  9992 | 2 42041  97.3852  77.3479 0007546 162.0678 198.0828 15.25972395160883 | 2020/01/07-10:16:03  182.9725    0.1238  198.0560   94.3661     6866.0041     6860.8230     6871.1852  21.330336  95.020492  -0.000384  -0.000650
1 42041U 17008CX  20008.87044619 +.00001120 +00000-0 +46383-4 0  9998 | 2 42041 097.3849 078.7729 0007690 157.3359 202.8220 15.25975374161101 | 2020/01/08-20:53:26  342.3094    0.1238  202.7879   94.3659     6865.9951     6860.7152     6871.2751  18.960675  95.521262  -0.000429  -0.000638
1 42041U 17008CX  20010.44422035  .00001198  00000-0  49414-4 0  9999 | 2 42041  97.3846  80.3276 0007819 152.4264 207.7391 15.25980009161348 | 2020/01/10-10:39:40  188.8570    0.1238  207.6974   94.3656     6865.9812     6860.6127     6871.3497  16.362028  96.000231  -0.000473  -0.000622
1 42041U 17008CX  20011.49340097  .00001176  00000-0  48556-4 0  9994 | 2 42041  97.3846  81.3640 0007892 149.2113 210.9590 15.25982650161501 | 2020/01/11-11:50:29  206.5549    0.1238  210.9125   94.3654     6865.9733     6860.5547     6871.3919  14.622937  96.280476  -0.000501  -0.000610
1 42041U 17008CX  20012.73930052  .00001172  00000-0  48371-4 0  9999 | 2 42041  97.3843  82.5947 0007998 145.3464 214.8297 15.25985840161695 | 2020/01/12-17:44:35  295.0703    0.1238  214.7774   94.3652     6865.9637     6860.4723     6871.4551  12.551602  96.572041  -0.000536  -0.000594
1 42041U 17008CX  20014.18191803  .00001118  00000-0  46301-4 0  9994 | 2 42041  97.3841  84.0196 0008108 141.0249 219.1575 15.25989223161915 | 2020/01/14-04:21:57   94.4033    0.1238  219.0989   94.3650     6865.9536     6860.3867     6871.5205  10.146279  96.854096  -0.000573  -0.000574
1 42041U 17008CX  20015.49338622  .00000878  00000-0  36946-4 0  9997 | 2 42041  97.3840  85.3150 0008218 137.0498 223.1383 15.25991018162111 | 2020/01/15-11:50:28  206.5234    0.1238  223.0740   94.3649     6865.9482     6860.3058     6871.5906   7.954090  97.058621  -0.000607  -0.000554
1 42041U 17008CX  20017.13271821  .00000877  00000-0  36889-4 0  9992 | 2 42041  97.3837  86.9340 0008329 132.1169 228.0778 15.25994490162365 | 2020/01/17-03:11:06   76.6731    0.1237  228.0068   94.3647     6865.9378     6860.2192     6871.6564   5.208690  97.244304  -0.000647  -0.000525
1 42041U 17008CX  20018.18188904  .00000778  00000-0  33034-4 0  9996 | 2 42041  97.3835  87.9703 0008390 129.0477 231.1509 15.25996034162523 | 2020/01/18-04:21:55   94.3685    0.1238  231.0761   94.3646     6865.9332     6860.1726     6871.6937   3.449084  97.322402  -0.000670  -0.000505
1 42041U 17008CX  20019.49335084  .00000920  00000-0  38563-4 0  9995 | 2 42041  97.3835  89.2655 0008468 125.2401 234.9631 15.25999166162723 | 2020/01/19-11:50:25  206.4876    0.1238  234.8837   94.3644     6865.9238     6860.1097     6871.7378   1.248368  97.375498  -0.000698  -0.000480
1 42041U 17008CX  20020.60809180  .00000936  00000-0  39189-4 0  9995 | 2 42041  97.3833  90.3664 0008526 121.9855 238.2213 15.26001203162893 | 2020/01/20-14:35:39  247.7886    0.1238  238.1383   94.3643     6865.9177     6860.0638     6871.7715  -0.622751  97.381309  -0.000720  -0.000456
1 42041U 17008CX  20022.11626848  .00000848  00000-0  35777-4 0  9992 | 2 42041  97.3830  91.8559 0008582 117.6531 242.5579 15.26003357163126 | 2020/01/22-02:47:25   70.7250    0.1238  242.4707   94.3641     6865.9112     6860.0189     6871.8035  -3.153836  97.331917  -0.000747  -0.000423
1 42041U 17008CX  20023.16543308  .00000891  00000-0  37449-4 0  9993 | 2 42041  97.3828  92.8922 0008603 114.5723 245.6413 15.26005489163287 | 2020/01/23-03:58:13   88.4195    0.1238  245.5515   94.3640     6865.9048     6859.9981     6871.8115  -4.913642  97.258757  -0.000763  -0.000397
1 42041U 17008CX  20024.28016916  .00000895  00000-0  37582-4 0  9999 | 2 42041  97.3826  93.9930 0008653 111.3764 248.8399 15.26007426163451 | 2020/01/24-06:43:26  129.7197    0.1239  248.7475   94.3639     6865.8990     6859.9579     6871.8401  -6.781198  97.146210  -0.000782  -0.000371
1 42041U 17008CX  20025.46047608  .00000894  00000-0  37532-4 0  9996 | 2 42041  97.3824  95.1587 0008683 108.0014 252.2171 15.26009564163637 | 2020/01/25-11:03:05  194.6257    0.1238  252.1224   94.3638     6865.8926     6859.9309     6871.8542  -8.756110  96.987950  -0.000798  -0.000342
1 42041U 17008CX  20027.16536059  .00000781  00000-0  33130-4 0  9993 | 2 42041  97.3820  96.8423 0008705 103.1635 257.0575 15.26012253163898 | 2020/01/27-03:58:07   88.3784    0.1238  256.9603   94.3636     6865.8845     6859.9078     6871.8613 -11.601801  96.688428  -0.000818  -0.000298
1 42041U 17008CX  20028.41123557  .00000877  00000-0  36873-4 0  9990 | 2 42041  97.3818  98.0726 0008729  99.6011 260.6214 15.26015035164081 | 2020/01/28-09:52:10  176.8896    0.1238  260.5227   94.3634     6865.8762     6859.8829     6871.8694 -13.675109  96.416837  -0.000832  -0.000265
1 42041U 17008CX  20029.46039106 +.00001007 +00000-0 +41925-4 0  9992 | 2 42041 097.3817 099.1086 0008729 096.5863 263.6369 15.26017931164241 | 2020/01/29-11:02:57  194.5830    0.1238  263.5375   94.3632     6865.8675     6859.8743     6871.8607 -15.416134  96.153722  -0.000840  -0.000236
1 42041U 17008CX  20031.42755342  .00001129  00000-0  46651-4 0  9994 | 2 42041  97.3814 101.0511 0008721  90.9247 269.2991 15.26022829164548 | 2020/01/31-10:15:40  182.7572    0.1239  269.1992   94.3629     6865.8528     6859.8651     6871.8405 -18.666495  95.575619  -0.000853  -0.000181
1 42041U 17008CX  20032.67342005  .00001110  00000-0  45924-4 0  9992 | 2 42041  97.3813 102.2812 0008722  87.4160 272.8076 15.26025446164733 | 2020/02/01-16:09:43  271.2673    0.1238  272.7078   94.3628     6865.8449     6859.8566     6871.8333 -20.713955  95.152770  -0.000860  -0.000147
1 42041U 17008CX  20033.72256832  .00001128  00000-0  46629-4 0  9993 | 2 42041  97.3811 103.3172 0008697  84.4200 275.8030 15.26028145164894 | 2020/02/02-17:20:29  288.9594    0.1238  275.7038   94.3626     6865.8368     6859.8656     6871.8081 -22.430945  94.762500  -0.000862  -0.000117
1 42041U 17008CX  20035.09957271  .00001058  00000-0  43885-4 0  9993 | 2 42041  97.3809 104.6770 0008645  80.4129 279.8086 15.26031254165103 | 2020/02/04-02:23:23   64.6799    0.1239  279.7110   94.3624     6865.8275     6859.8920     6871.7630 -24.673363  94.203316  -0.000861  -0.000077
1 42041U 17008CX  20036.14871697  .00001060  00000-0  43945-4 0  9997 | 2 42041  97.3808 105.7129 0008625  77.4495 282.7707 15.26033814165266 | 2020/02/05-03:34:09   82.3713    0.1238  282.6743   94.3623     6865.8198     6859.8981     6871.7416 -26.372394  93.741757  -0.000861  -0.000048
1 42041U 17008CX  20037.26343085 +.00001080 +00000-0 +44740-4 0  9992 | 2 42041 097.3805 106.8135 0008582 074.2489 285.9695 15.26036582165437 | 2020/02/06-06:19:20  123.6682    0.1238  285.8749   94.3621     6865.8115     6859.9193     6871.7038 -28.168026  93.217617  -0.000858  -0.000016
1 42041U 17008CX  20038.44371285 +.00001250 +00000-0 +51333-4 0  9991 | 2 42041 097.3803 107.9789 0008524 070.8450 289.3711 15.26040647165612 | 2020/02/07-10:38:56  188.5700    0.1239  289.2789   94.3618     6865.7993     6859.9469     6871.6518 -30.058059  92.625244  -0.000852   0.000017
1 42041U 17008CX  20039.62399364 +.00001131 +00000-0 +46716-4 0  9997 | 2 42041 097.3802 109.1443 0008468 067.4196 292.7938 15.26042805165794 | 2020/02/08-14:58:33  253.4717    0.1239  292.7043   94.3617     6865.7929     6859.9789     6871.6068 -31.935682  91.994649  -0.000845   0.000051
1 42041U 17008CX  20040.73870095 +.00001118 +00000-0 +46197-4 0  9994 | 2 42041 097.3799 110.2449 0008414 064.1913 296.0192 15.26045413165966 | 2020/02/09-17:43:43  294.7674    0.1238  295.9325   94.3615     6865.7851     6860.0082     6871.5619 -33.696712  91.363978  -0.000837   0.000082
1 42041U 17008CX  20041.85340616 +.00001092 +00000-0 +45194-4 0  9996 | 2 42041 097.3797 111.3454 0008343 060.9209 299.2864 15.26048014166136 | 2020/02/10-20:28:54  336.0626    0.1239  299.2030   94.3614     6865.7773     6860.0491     6871.5054 -35.445176  90.699755  -0.000827   0.000112
1 42041U 17008CX  20043.23039233 +.00000996 +00000-0 +41454-4 0  9997 | 2 42041 097.3795 112.7049 0008263 056.8505 303.3525 15.26050859166347 | 2020/02/12-05:31:45  111.7797    0.1239  303.2734   94.3612     6865.7687     6860.0955     6871.4419 -37.587020  89.833084  -0.000813   0.000150
1 42041U 17008CX  20044.27952309 +.00000925 +00000-0 +38709-4 0  9991 | 2 42041 097.3793 113.7406 0008204 053.8271 306.3725 15.26052790166504 | 2020/02/13-06:42:30  129.4685    0.1239  306.2968   94.3611     6865.7629     6860.1303     6871.3956 -39.204567  89.138824  -0.000801   0.000177
1 42041U 17008CX  20045.85321653 +.00000864 +00000-0 +36344-4 0  9993 | 2 42041 097.3790 115.2942 0008092 049.0303 311.1634 15.26055735166742 | 2020/02/14-20:28:37  336.0016    0.1238  311.0935   94.3609     6865.7541     6860.1983     6871.3099 -41.606769  88.042867  -0.000779   0.000219
1 42041U 17008CX  20046.90234381 +.00000862 +00000-0 +36262-4 0  9998 | 2 42041 097.3788 116.3299 0008007 045.8549 314.3347 15.26057775166908 | 2020/02/15-21:39:22  353.6899    0.1239  314.2690   94.3608     6865.7480     6860.2506     6871.2454 -43.191292  87.276245  -0.000762   0.000245
1 42041U 17008CX  20048.27932174 +.00000914 +00000-0 +38274-4 0  9998 | 2 42041 097.3786 117.6892 0007889 041.6601 318.5237 15.26060469167111 | 2020/02/17-06:42:13  129.4056    0.1239  318.4638   94.3606     6865.7399     6860.3235     6871.1563 -45.249415  86.226923  -0.000738   0.000278
1 42041U 17008CX  20049.85300693 +.00001084 +00000-0 +44846-4 0  9999 | 2 42041 097.3783 119.2427 0007755 036.6743 323.5025 15.26064467167352 | 2020/02/18-20:28:19  335.9369    0.1239  323.4496   94.3604     6865.7279     6860.4035     6871.0523 -47.570281  84.968239  -0.000708   0.000316
1 42041U 17008CX  20051.42668668  .00001356  00000-0  55395-4 0  9997 | 2 42041  97.3781 120.7962 0007610  31.6397 328.5297 15.26069819167599 | 2020/02/20-10:14:25  182.4666    0.1238  328.4841   94.3600     6865.7118     6860.4870     6870.9367 -49.856214  83.647190  -0.000675   0.000352
1 42041U 17008CX  20052.73808296  .00001356  00000-0  55389-4 0  9998 | 2 42041  97.3778 122.0906 0007483  27.5533 332.6101 15.26073389167791 | 2020/02/21-17:42:50  294.5734    0.1239  332.5706   94.3598     6865.7011     6860.5635     6870.8387 -51.732890  82.499357  -0.000646   0.000378
1 42041U 17008CX  20053.85276729 +.00001311 +00000-0 +53645-4 0  9996 | 2 42041 097.3775 123.1909 0007370 023.8425 336.3153 15.26076368167964 | 2020/02/22-20:27:59  335.8638    0.1238  336.2813   94.3596     6865.6922     6860.6322     6870.7522 -53.307396  81.490485  -0.000618   0.000401
1 42041U 17008CX  20054.96744923 +.00001275 +00000-0 +52259-4 0  9994 | 2 42041 097.3773 124.2911 0007251 020.2002 339.9523 15.26079495168131 | 2020/02/23-23:13:07   17.1531    0.1240  339.9238   94.3594     6865.6828     6860.7045     6870.6611 -54.862149  80.451744  -0.000590   0.000421
1 42041U 17008CX  20056.27883691 +.00001224 +00000-0 +50267-4 0  9997 | 2 42041 097.3770 125.5855 0007128 015.8638 344.2822 15.26083019168337 | 2020/02/25-06:41:31  129.2573    0.1239  344.2601   94.3592     6865.6723     6860.7784     6870.5661 -56.665349  79.191656  -0.000557   0.000444
1 42041U 17008CX  20057.85249880 +.00001119 +00000-0 +46213-4 0  9997 | 2 42041 097.3767 127.1387 0006964 010.5286 349.6097 15.26086551168572 | 2020/02/26-20:27:35  335.7811    0.1239  349.5953   94.3590     6865.6617     6860.8804     6870.4429 -58.790849  77.626399  -0.000515   0.000469
1 42041U 17008CX  20059.42615764  .00001070  00000-0  44276-4 0  9993 | 2 42041  97.3765 128.6918 0006781   4.9864 355.1441 15.26089870168811 | 2020/02/28-10:13:40  182.3041    0.1239  355.1375   94.3588     6865.6517     6860.9961     6870.3073 -60.873065  76.004294  -0.000468   0.000490
1 42041U 17008CX  20060.67196821  .00001237  00000-0  50749-4 0  9997 | 2 42041  97.3764 129.9215 0006651   0.5599 359.5645 15.26093507169005 | 2020/02/29-16:07:38  270.8002    0.1238  359.5639   94.3586     6865.6408     6861.0745     6870.2071 -62.490084  74.680337  -0.000432   0.000506
1 42041U 17008CX  20061.72107001  .00001256  00000-0  51516-4 0  9990 | 2 42041  97.3762 130.9569 0006538 356.6578   3.4616 15.26095965169163 | 2020/03/01-17:18:20  288.4805    0.1239    3.4661   94.3584     6865.6334     6861.1447     6870.1222 -63.829235  73.538787  -0.000399   0.000518
1 42041U 17008CX  20062.83573900 +.00001227 +00000-0 +50354-4 0  9995 | 2 42041 097.3760 132.0570 0006415 352.5099 007.6043 15.26098305169333 | 2020/03/02-20:03:27  329.7651    0.1239    7.6140   94.3583     6865.6264     6861.2221     6870.0307 -65.229221  72.299614  -0.000364   0.000528
1 42041U 17008CX  20063.88483747 +.00001207 +00000-0 +49593-4 0  9991 | 2 42041 097.3758 133.0923 0006313 348.5685 011.5409 15.26100584169496 | 2020/03/03-21:14:09  347.4441    0.1239   11.5554   94.3581     6865.6196     6861.2853     6869.9538 -66.524775  71.109077  -0.000331   0.000537
1 42041U 17008CX  20065.65518719 +.00001187 +00000-0 +48807-4 0  9990 | 2 42041 097.3754 134.8394 0006132 341.6382 018.4634 15.26104713169764 | 2020/03/05-15:43:28  264.7757    0.1239   18.4857   94.3579     6865.6072     6861.3972     6869.8172 -68.661535  69.047535  -0.000273   0.000549
1 42041U 17008CX  20066.70428166 +.00001070 +00000-0 +44254-4 0  9996 | 2 42041 097.3752 135.8747 0006018 337.4061 022.6912 15.26106433169920 | 2020/03/06-16:54:09  282.4527    0.1239   22.7178   94.3578     6865.6020     6861.4703     6869.7338 -69.897762  67.795519  -0.000238   0.000553
1 42041U 17008CX  20067.88451032 +.00001114 +00000-0 +45966-4 0  9994 | 2 42041 097.3750 137.0394 0005910 332.6871 027.4056 15.26109429170108 | 2020/03/07-21:13:41  347.3382    0.1239   27.4368   94.3576     6865.5931     6861.5355     6869.6506 -71.261217  66.360603  -0.000199   0.000556
1 42041U 17008CX  20069.19587355 +.00001089 +00000-0 +45020-4 0  9990 | 2 42041 097.3747 138.3336 0005803 327.2187 032.8691 15.26112234170300 | 2020/03/09-04:42:03   99.4322    0.1239   32.9052   94.3574     6865.5846     6861.6005     6869.5687 -72.741643  64.733959  -0.000156   0.000559
1 42041U 17008CX  20070.63836998 +.00001059 +00000-0 +43845-4 0  9991 | 2 42041 097.3744 139.7570 0005684 321.1073 038.9755 15.26115441170521 | 2020/03/10-15:19:15  258.7343    0.1238   39.0165   94.3572     6865.5750     6861.6726     6869.4774 -74.326990  62.906855  -0.000107   0.000558
1 42041U 17008CX  20073.72005734 +.00001054 +00000-0 +43650-4 0  9999 | 2 42041 097.3739 142.7977 0005484 307.5821 052.4919 15.26122272170991 | 2020/03/13-17:16:52  288.1473    0.1239   52.5418   94.3568     6865.5545     6861.7895     6869.3196 -77.558861  58.875287  -0.000004   0.000548
1 42041U 17008CX  20075.88378759 +.00001035 +00000-0 +42889-4 0  9990 | 2 42041 097.3735 144.9326 0005375 297.6544 062.4149 15.26126860171320 | 2020/03/15-21:12:39  347.0927    0.1239   62.4695   94.3565     6865.5408     6861.8505     6869.2310 -79.697946  55.944937   0.000069   0.000533
1 42041U 17008CX  20077.45740524  .00001173  00000-0  48237-4 0  9994 | 2 42041  97.3732 146.4852 0005321 290.3907  69.6760 15.26131102171561 | 2020/03/17-10:58:39  193.5961    0.1239   69.7332   94.3562     6865.5280     6861.8749     6869.1812 -81.184246  53.764843   0.000121   0.000518
1 42041U 17008CX  20078.76875064  .00001131  00000-0  46601-4 0  9994 | 2 42041  97.3730 147.7789 0005290 284.2772  75.7879 15.26133870171764 | 2020/03/18-18:27:00  305.6809    0.1239   75.8467   94.3561     6865.5197     6861.8879     6869.1516 -82.377253  51.918102   0.000163   0.000503
1 42041U 17008CX  20080.08009269  .00001206  00000-0  49508-4 0  9990 | 2 42041  97.3728 149.0727 0005273 278.2200  81.8440 15.26137495171969 | 2020/03/20-01:55:20   57.7638    0.1238   81.9038   94.3558     6865.5089     6861.8887     6869.1291 -83.528347  50.044754   0.000204   0.000486
1 42041U 17008CX  20081.19473071  .00001413  00000-0  57528-4 0  9990 | 2 42041  97.3726 150.1724 0005284 273.0661  86.9973 15.26141608172131 | 2020/03/21-04:40:24   99.0330    0.1239   87.0578   94.3556     6865.4965     6861.8688     6869.1243 -84.473258  48.432344   0.000238   0.000472
1 42041U 17008CX  20082.30936676  .00001411  00000-0  57433-4 0  9992 | 2 42041  97.3724 151.2720 0005308 267.9103  92.1528 15.26144689172303 | 2020/03/22-07:25:29  140.3014    0.1239   92.2136   94.3554     6865.4873     6861.8431     6869.1315 -85.386965  46.802248   0.000272   0.000456
1 42041U 17008CX  20083.75183374  .00001309  00000-0  53492-4 0  9998 | 2 42041  97.3721 152.6950 0005331 261.0157  99.0478 15.26148191172526 | 2020/03/23-18:02:38  299.5878    0.1238   99.1081   94.3552     6865.4768     6861.8168     6869.1368 -86.522628  44.667221   0.000316   0.000430
1 42041U 17008CX  20084.86646494 +.00001122 +00000-0 +46237-4 0  9990 | 2 42041 097.3719 153.7946 0005369 255.8360 104.2282 15.26150249172695 | 2020/03/24-20:47:42  340.8534    0.1238  104.2878   94.3551     6865.4706     6861.7846     6869.1567 -87.363700  42.998498   0.000348   0.000409
1 42041U 17008CX  20086.30892554  .00001183  00000-0  48573-4 0  9993 | 2 42041  97.3716 155.2175 0005440 249.1404 110.9252 15.26154579172914 | 2020/03/26-07:24:51  140.1367    0.1238  110.9834   94.3548     6865.4576     6861.7228     6869.1925 -88.404216  40.815721   0.000389   0.000380
1 42041U 17008CX  20087.42355186  .00001237  00000-0  50670-4 0  9993 | 2 42041  97.3714 156.3171 0005489 244.1502 115.9171 15.26157813173085 | 2020/03/27-10:09:54  181.3995    0.1239  115.9737   94.3546     6865.4479     6861.6795     6869.2164 -89.171026  39.111606   0.000418   0.000356
1 42041U 17008CX  20088.73487537  .00001119  00000-0  46095-4 0  9999 | 2 42041  97.3713 157.6107 0005568 238.3970 121.6726 15.26160285173288 | 2020/03/28-17:38:13  293.4725    0.1239  121.7269   94.3544     6865.4405     6861.6179     6869.2632 -90.031177  37.088505   0.000450   0.000327
1 42041U 17008CX  20090.11176167  .00001132  00000-0  46603-4 0  9998 | 2 42041  97.3710 158.9689 0005670 232.3372 127.7352 15.26163745173497 | 2020/03/30-02:40:56   69.1477    0.1238  127.7866   94.3542     6865.4302     6861.5375     6869.3229 -90.884706  34.943983   0.000484   0.000295
1 42041U 17008CX  20092.07873597  .00001326  00000-0  54114-4 0  9997 | 2 42041  97.3708 160.9091 0005814 223.8339 136.2438 15.26169876173796 | 2020/04/01-01:53:22   57.2517    0.1238  136.2899   94.3538     6865.4118     6861.4202     6869.4033 -92.015491  31.846855   0.000528   0.000243
1 42041U 17008CX  20093.25891681  .00001251  00000-0  51169-4 0  9996 | 2 42041  97.3705 162.0731 0005925 218.9438 141.1375 15.26172850173976 | 2020/04/02-06:12:50  122.1125    0.1239  141.1801   94.3537     6865.4028     6861.3351     6869.4706 -92.643162  29.970966   0.000553   0.000212
1 42041U 17008CX  20094.83248657 +.00001366 +00000-0 +55643-4 0  9998 | 2 42041 097.3704 163.6252 0006067 212.6872 147.3992 15.26178366174210 | 2020/04/03-19:58:46  328.5914    0.1238  147.4366   94.3533     6865.3863     6861.2211     6869.5515 -93.420868  27.450615   0.000582   0.000170
1 42041U 17008CX  20096.47161647 +.00001394 +00000-0 +56718-4 0  9998 | 2 42041 097.3702 165.2421 0006234 206.2060 153.8864 15.26183697174468 | 2020/04/05-11:19:07  198.6708    0.1238  153.9178   94.3530     6865.3703     6861.0904     6869.6502 -94.158037  24.803625   0.000611   0.000124
1 42041U 17008CX  20097.71735241  .00001236  00000-0  50578-4 0  9996 | 2 42041  97.3700 166.4708 0006365 201.5005 158.5967 15.26186572174651 | 2020/04/06-17:12:59  287.1301    0.1238  158.6233   94.3528     6865.3617     6860.9919     6869.7315 -94.668063  22.778824   0.000630   0.000088
1 42041U 17008CX  20098.76639112  .00001162  00000-0  47707-4 0  9990 | 2 42041  97.3698 167.5054 0006478 197.4740 162.6277 15.26189144174813 | 2020/04/07-18:23:36  304.7790    0.1238  162.6498   94.3527     6865.3540     6860.9066     6869.8014 -95.063733  21.065722   0.000645   0.000056
1 42041U 17008CX  20100.14325132  .00001139  00000-0  46802-4 0  9999 | 2 42041  97.3696 168.8634 0006626 192.3190 167.7888 15.26192782175027 | 2020/04/09-03:26:16   80.4416    0.1238  167.8048   94.3524     6865.3431     6860.7941     6869.8920 -95.536080  18.806818   0.000662   0.000014
1 42041U 17008CX  20101.19228525 +.00001326 +00000-0 +54059-4 0  9994 | 2 42041 097.3694 169.8980 0006734 188.6560 171.4564 15.26196675175184 | 2020/04/10-04:36:53   98.0886    0.1239  171.4679   94.3522     6865.3314     6860.7083     6869.9545 -95.859888  17.078699   0.000673  -0.000017
1 42041U 17008CX  20102.76583244  .00001306  00000-0  53251-4 0  9991 | 2 42041  97.3691 171.4499 0006919 183.0156 177.1042 15.26200977175422 | 2020/04/11-18:22:47  304.5573    0.1238  177.1082   94.3519     6865.3185     6860.5684     6870.0686 -96.286963  14.476269   0.000689  -0.000067
1 42041U 17008CX  20103.94598978 +.00001219 +00000-0 +49898-4 0  9997 | 2 42041 097.3690 172.6138 0007045 178.9105 181.2150 15.26203857175608 | 2020/04/12-22:42:13    9.4075    0.1238  181.2133   94.3517     6865.3099     6860.4732     6870.1465 -96.561047  12.517442   0.000697  -0.000104
1 42041U 17008CX  20105.19170818  .00001343  00000-0  54672-4 0  9999 | 2 42041  97.3688 173.8423 0007162 174.7542 185.3773 15.26208262175795 | 2020/04/14-04:36:03   97.8595    0.1238  185.3696   94.3515     6865.2966     6860.3797     6870.2136 -96.807024  10.444300   0.000702  -0.000142
1 42041U 17008CX  20106.43742359  .00001350  00000-0  54928-4 0  9994 | 2 42041  97.3687 175.0708 0007290 170.5893 189.5484 15.26212079175986 | 2020/04/15-10:29:53  186.3102    0.1239  189.5346   94.3512     6865.2852     6860.2804     6870.2900 -97.008595   8.366375   0.000706  -0.000181
1 42041U 17008CX  20107.74870030  .00001356  00000-0  55151-4 0  9992 | 2 42041  97.3685 176.3640 0007436 166.2650 193.8792 15.26215833176182 | 2020/04/16-17:58:07  298.3626    0.1238  193.8588   94.3510     6865.2739     6860.1689     6870.3790 -97.172505   6.174875   0.000710  -0.000222
1 42041U 17008CX  20109.19110115  .00001283  00000-0  52342-4 0  9992 | 2 42041  97.3683 177.7864 0007577 161.6765 198.4748 15.26219485176409 | 2020/04/18-04:35:11   97.6191    0.1238  198.4473   94.3508     6865.2630     6860.0612     6870.4648 -97.295641   3.760850   0.000710  -0.000266
1 42041U 17008CX  20110.30568098  .00001239  00000-0  50620-4 0  9992 | 2 42041  97.3682 178.8855 0007691 158.1331 202.0237 15.26222361176577 | 2020/04/19-07:20:10  138.8618    0.1238  201.9907   94.3506     6865.2544     6859.9743     6870.5344 -97.349780   1.893857   0.000708  -0.000300
1 42041U 17008CX  20111.68251116  .00001407  00000-0  57107-4 0  9998 | 2 42041  97.3680 180.2433 0007820 153.7027 206.4610 15.26227231176788 | 2020/04/20-16:22:48  274.5130    0.1238  206.4211   94.3503     6865.2398     6859.8711     6870.6084 -97.367122  -0.413461   0.000703  -0.000343
1 42041U 17008CX  20113.19046328  .00001573  00000-0  63517-4 0  9999 | 2 42041  97.3677 181.7302 0007938 149.0888 211.0819 15.26232709177014 | 2020/04/22-04:34:16   97.3682    0.1238  211.0350   94.3500     6865.2233     6859.7737     6870.6730 -97.323309  -2.939832   0.000693  -0.000387
1 42041U 17008CX  20114.43615962  .00001377  00000-0  55930-4 0  9995 | 2 42041  97.3676 182.9585 0008069 145.3392 214.8373 15.26235479177208 | 2020/04/23-10:28:04  185.8126    0.1237  214.7845   94.3498     6865.2150     6859.6755     6870.7546 -97.237827  -5.025397   0.000687  -0.000424
1 42041U 17008CX  20115.61629006  .00001301  00000-0  52983-4 0  9992 | 2 42041  97.3675 184.1222 0008170 141.7663 218.4157 15.26238747177383 | 2020/04/24-14:47:27  250.6535    0.1239  218.3576   94.3496     6865.2052     6859.5964     6870.8141 -97.115611  -6.999157   0.000676  -0.000458
1 42041U 17008CX  20116.92754286 +.00001278 +00000-0 +52097-4 0  9995 | 2 42041 097.3673 185.4152 0008275 137.8773 222.3103 15.26242677177585 | 2020/04/25-22:15:39    2.6984    0.1238  222.2465   94.3493     6865.1934     6859.5125     6870.8744 -96.932746  -9.188788   0.000663  -0.000495
1 42041U 17008CX  20118.23879159  .00001469  00000-0  59457-4 0  9997 | 2 42041  97.3672 186.7081 0008358 133.9542 226.2388 15.26247946177786 | 2020/04/27-05:43:51  114.7420    0.1239  226.1697   94.3490     6865.1776     6859.4397     6870.9156 -96.700638 -11.373574   0.000646  -0.000530
1 42041U 17008CX  20119.41891256  .00001510  00000-0  61053-4 0  9992 | 2 42041  97.3671 187.8717 0008444 130.4424 229.7552 15.26251824177961 | 2020/04/28-10:03:14  179.5806    0.1238  229.6814   94.3488     6865.1660     6859.3691     6870.9630 -96.449632 -13.334939   0.000631  -0.000562
1 42041U 17008CX  20120.66459341  .00001461  00000-0  59144-4 0  9999 | 2 42041  97.3670 189.1000 0008527 126.8570 233.3451 15.26255146178155 | 2020/04/29-15:57:00  268.0207    0.1238  233.2668   94.3486     6865.1561     6859.3021     6871.0100 -96.141520 -15.399377   0.000613  -0.000593
1 42041U 17008CX  20121.84470889  .00001411  00000-0  57193-4 0  9997 | 2 42041  97.3669 190.2636 0008587 123.5036 236.7024 15.26258445178336 | 2020/04/30-20:16:22  332.8579    0.1238  236.6202   94.3484     6865.1462     6859.2511     6871.0413 -95.808877 -17.348554   0.000594  -0.000620
1 42041U 17008CX  20123.15594536  .00001373  00000-0  55729-4 0  9999 | 2 42041  97.3668 191.5565 0008645 119.6660 240.5441 15.26262128178535 | 2020/05/02-03:44:33   84.8985    0.1239  240.4579   94.3481     6865.1351     6859.2002     6871.0700 -95.392944 -19.505895   0.000570  -0.000650
1 42041U 17008CX  20124.27049362  .00001383  00000-0  56092-4 0  9990 | 2 42041  97.3667 192.6555 0008702 116.5042 243.7090 15.26265461178706 | 2020/05/03-06:29:30  126.1323    0.1238  243.6196   94.3479     6865.1251     6859.1511     6871.0992 -95.001176 -21.331921   0.000550  -0.000675
1 42041U 17008CX  20125.45060052  .00001447  00000-0  58588-4 0  9993 | 2 42041  97.3666 193.8192 0008743 113.1277 247.0884 15.26269374178887 | 2020/05/04-10:48:51  190.9674    0.1239  246.9962   94.3477     6865.1134     6859.1112     6871.1156 -94.548255 -23.256876   0.000526  -0.000699
1 42041U 17008CX  20126.63070586  .00001265  00000-0  51542-4 0  9998 | 2 42041  97.3666 194.9828 0008788 109.8250 250.3937 15.26271596179063 | 2020/05/05-15:08:12  255.8023    0.1239  250.2989   94.3476     6865.1067     6859.0737     6871.1398 -94.056474 -25.172096   0.000502  -0.000722
1 42041U 17008CX  20127.74524699  .00001319  00000-0  53610-4 0  9998 | 2 42041  97.3664 196.0817 0008817 106.5702 253.6506 15.26274932179235 | 2020/05/06-17:53:09  297.0346    0.1239  253.5537   94.3474     6865.0967     6859.0438     6871.1497 -93.556227 -26.971249   0.000476  -0.000742
1 42041U 17008CX  20128.92534695  .00001289  00000-0  52475-4 0  9990 | 2 42041  97.3663 197.2453 0008838 103.3174 256.9050 15.26277992179413 | 2020/05/07-22:12:29    1.8686    0.1238  256.8064   94.3472     6865.0875     6859.0202     6871.1549 -92.989127 -28.865528   0.000449  -0.000761
1 42041U 17008CX  20129.97432269  .00001205  00000-0  49226-4 0  9998 | 2 42041  97.3662 198.2796 0008850 100.3258 259.8978 15.26280405179578 | 2020/05/08-23:23:01   19.4982    0.1238  259.7980   94.3470     6865.0803     6859.0047     6871.1559 -92.452830 -30.539337   0.000424  -0.000777
1 42041U 17008CX  20131.15441829  .00001113  00000-0  45664-4 0  9993 | 2 42041  97.3661 199.4431 0008865  96.9453 263.2794 15.26282992179757 | 2020/05/10-03:42:21   84.3312    0.1238  263.1785   94.3469     6865.0726     6858.9867     6871.1584 -91.813557 -32.410309   0.000394  -0.000794
1 42041U 17008CX  20132.26895038  .00001192  00000-0  48694-4 0  9994 | 2 42041  97.3660 200.5420 0008869  93.7774 266.4479 15.26286384179926 | 2020/05/11-06:27:17  125.5618    0.1239  266.3465   94.3466     6865.0624     6858.9738     6871.1510 -91.175005 -34.165136   0.000365  -0.000808
1 42041U 17008CX  20133.77684469  .00001002  00000-0  41369-4 0  9997 | 2 42041  97.3659 202.0287 0008860  89.5636 270.6618 15.26288962180156 | 2020/05/12-18:38:39  308.4032    0.1239  270.5603   94.3465     6865.0547     6858.9722     6871.1371 -90.257809 -36.519124   0.000326  -0.000824
1 42041U 17008CX  20135.15361475  .00000984  00000-0  40672-4 0  9994 | 2 42041  97.3658 203.3861 0008853  85.6366 274.5884 15.26291930180366 | 2020/05/14-03:41:12   84.0404    0.1239  274.4873   94.3463     6865.0458     6858.9681     6871.1234 -89.367292 -38.646943   0.000289  -0.000837
1 42041U 17008CX  20136.26814076  .00001005  00000-0  41485-4 0  9995 | 2 42041  97.3657 204.4849 0008839  82.4996 277.7247 15.26294456180534 | 2020/05/15-06:26:07  125.2702    0.1239  277.6243   94.3461     6865.0382     6858.9702     6871.1062 -88.609654 -40.353547   0.000258  -0.000845
1 42041U 17008CX  20137.44822527 +.00001002 +00000-0 +41360-4 0  9995 | 2 42041 097.3656 205.6483 0008806 079.2399 280.9830 15.26296962180713 | 2020/05/16-10:45:26  190.1018    0.1238  280.8839   94.3460     6865.0307     6858.9853     6871.0760 -87.771969 -42.144294   0.000226  -0.000851
1 42041U 17008CX  20138.62830797 +.00000971 +00000-0 +40182-4 0  9999 | 2 42041 097.3655 206.8117 0008782 075.9272 284.2943 15.26299287180899 | 2020/05/17-15:04:45  254.9327    0.1240  284.1968   94.3458     6865.0237     6858.9948     6871.0526 -86.898098 -43.917663   0.000194  -0.000857
1 42041U 17008CX  20139.67726861  .00001034  00000-0  42588-4 0  9994 | 2 42041  97.3655 207.8459 0008745  72.8270 287.3925 15.26301797181055 | 2020/05/18-16:15:16  272.5603    0.1238  287.2968   94.3457     6865.0162     6859.0127     6871.0196 -86.091263 -45.478951   0.000162  -0.000859
1 42041U 17008CX  20140.72622726  .00001118  00000-0  45825-4 0  9997 | 2 42041  97.3654 208.8801 0008689  69.8259 290.3914 15.26304573181211 | 2020/05/19-17:25:46  290.1873    0.1239  290.2980   94.3455     6865.0078     6859.0428     6870.9728 -85.256292 -47.025374   0.000132  -0.000859
1 42041U 17008CX  20141.77518462 +.00001052 +00000-0 +43285-4 0  9999 | 2 42041 097.3653 209.9142 0008637 066.8527 293.3621 15.26306491181374 | 2020/05/20-18:36:15  307.8142    0.1239  293.2712   94.3454     6865.0021     6859.0728     6870.9314 -84.393631 -48.556326   0.000102  -0.000858
1 42041U 17008CX  20143.15193848 +.00001046 +00000-0 +43051-4 0  9994 | 2 42041 097.3652 211.2715 0008571 062.8379 297.3732 15.26309491181586 | 2020/05/22-03:38:47   83.4490    0.1238  297.2859   94.3452     6864.9931     6859.1091     6870.8771 -83.219706 -50.541693   0.000061  -0.000855
1 42041U 17008CX  20144.26645126 +.00001101 +00000-0 +45187-4 0  9992 | 2 42041 097.3652 212.3702 0008509 059.5941 300.6138 15.26312308181751 | 2020/05/23-06:23:41  124.6766    0.1239  300.5298   94.3450     6864.9846     6859.1432     6870.8261 -82.235281 -52.128119   0.000029  -0.000850
1 42041U 17008CX  20145.70875914 +.00001020 +00000-0 +42040-4 0  9997 | 2 42041 097.3651 213.7921 0008408 055.4179 304.7851 15.26315220181971 | 2020/05/24-17:00:36  283.9121    0.1238  304.7059   94.3449     6864.9759     6859.2038     6870.7480 -80.916353 -54.152622  -0.000012  -0.000841
1 42041U 17008CX  20146.88882613  .00001072  00000-0  44058-4 0  9999 | 2 42041  97.3650 214.9555 0008333  51.8679 308.3310 15.26318409182151 | 2020/05/25-21:19:54  348.7400    0.1239  308.2560   94.3447     6864.9664     6859.2458     6870.6869 -79.800089 -55.784308  -0.000046  -0.000832
1 42041U 17008CX  20148.26556856 +.00001074 +00000-0 +44110-4 0  9991 | 2 42041 097.3649 216.3128 0008226 047.8450 312.3486 15.26321701182365 | 2020/05/27-06:22:25  124.3723    0.1239  312.2789   94.3445     6864.9565     6859.3094     6870.6036 -78.456247 -57.658833  -0.000084  -0.000818
1 42041U 17008CX  20149.31451317 +.00001048 +00000-0 +43106-4 0  9999 | 2 42041 097.3649 217.3469 0008135 044.6436 315.5456 15.26324093182529 | 2020/05/28-07:32:53  141.9965    0.1239  315.4803   94.3443     6864.9493     6859.3647     6870.5339 -77.402873 -59.065379  -0.000113  -0.000806
1 42041U 17008CX  20150.42901484  .00001069  00000-0  43915-4 0  9999 | 2 42041  97.3648 218.4457 0008047  41.2988 318.8858 15.26326885182695 | 2020/05/29-10:17:46  183.2214    0.1239  318.8251   94.3441     6864.9409     6859.4167     6870.4652 -76.255894 -60.538772  -0.000143  -0.000792
1 42041U 17008CX  20151.74019075 +.00001145 +00000-0 +46837-4 0  9992 | 2 42041 097.3647 219.7383 0007937 037.3158 322.8631 15.26330404182896 | 2020/05/30-17:45:52  295.2502    0.1239  322.8081   94.3439     6864.9304     6859.4817     6870.3791 -74.870766 -62.243499  -0.000178  -0.000774
1 42041U 17008CX  20153.11692227  .00001131  00000-0  46314-4 0  9996 | 2 42041  97.3646 221.0955 0007805  32.9583 327.2141 15.26333685183107 | 2020/06/01-02:48:22   70.8798    0.1239  327.1656   94.3437     6864.9206     6859.5625     6870.2786 -73.375425 -63.999315  -0.000214  -0.000750
1 42041U 17008CX  20154.42809191  .00001216  00000-0  49584-4 0  9997 | 2 42041  97.3646 222.3882 0007663  28.9035 331.2626 15.26337492183304 | 2020/06/02-10:16:27  182.9069    0.1238  331.2203   94.3435     6864.9091     6859.6486     6870.1697 -71.912929 -65.638373  -0.000246  -0.000726
1 42041U 17008CX  20155.73925895  .00001167  00000-0  47705-4 0  9990 | 2 42041  97.3645 223.6807 0007531  24.7792 335.3807 15.26340540183508 | 2020/06/03-17:44:31  294.9330    0.1239  335.3447   94.3433     6864.9000     6859.7300     6870.0700 -70.413990 -67.243705  -0.000277  -0.000701
1 42041U 17008CX  20157.18153866  .00001143  00000-0  46775-4 0  9992 | 2 42041  97.3645 225.1026 0007372  19.9736 340.1790 15.26344345183721 | 2020/06/05-04:21:24   94.1607    0.1239  340.1503   94.3431     6864.8886     6859.8278     6869.9494 -68.723703 -68.970273  -0.000311  -0.000669
1 42041U 17008CX  20158.49269923  .00001141  00000-0  46684-4 0  9996 | 2 42041  97.3645 226.3952 0007230  15.6816 344.4645 15.26347778183928 | 2020/06/06-11:49:29  206.1848    0.1239  344.4423   94.3429     6864.8783     6859.9150     6869.8416 -67.150369 -70.503006  -0.000339  -0.000639
1 42041U 17008CX  20159.93497280  .00001075  00000-0  44141-4 0  9997 | 2 42041  97.3643 227.8171 0007069  10.8519 349.2871 15.26351017184142 | 2020/06/07-22:26:21    5.4100    0.1239  349.2720   94.3427     6864.8686     6860.0158     6869.7214 -65.380075 -72.147437  -0.000368  -0.000604
1 42041U 17008CX  20161.11501190  .00001134  00000-0  46384-4 0  9993 | 2 42041  97.3643 228.9803 0006939   6.6800 353.4530 15.26354406184321 | 2020/06/09-02:45:37   70.2300    0.1239  353.4439   94.3424     6864.8584     6860.0949     6869.6219 -63.901990 -73.459803  -0.000391  -0.000573
1 42041U 17008CX  20162.16393419  .00001169  00000-0  47747-4 0  9994 | 2 42041  97.3642 230.0144 0006825   3.0128 357.1150 15.26357115184486 | 2020/06/10-03:56:03   87.8470    0.1239  357.1111   94.3423     6864.8503     6860.1650     6869.5356 -62.565754 -74.601031  -0.000410  -0.000545
1 42041U 17008CX  20163.93398565  .00001224  00000-0  49846-4 0  9991 | 2 42041  97.3640 231.7593 0006632 356.7362   3.3833 15.26361872184757 | 2020/06/11-22:24:56    5.0736    0.1240    3.3878   94.3420     6864.8360     6860.2833     6869.3888 -60.265052 -76.471381  -0.000439  -0.000497
1 42041U 17008CX  20165.44180309  .00001178  00000-0  48088-4 0  9999 | 2 42041  97.3640 233.2457 0006464 351.0067   9.1055 15.26365594184986 | 2020/06/13-10:36:11  187.8949    0.1239    9.1172   94.3417     6864.8249     6860.3875     6869.2623 -58.261131 -78.008904  -0.000463  -0.000451
1 42041U 17008CX  20166.62183229  .00001083  00000-0  44437-4 0  9993 | 2 42041  97.3640 234.4090 0006345 346.5438  13.5630 15.26367957185165 | 2020/06/14-14:55:26  252.7106    0.1239   13.5801   94.3416     6864.8178     6860.4621     6869.1735 -56.665385 -79.175644  -0.000479  -0.000416
1 42041U 17008CX  20167.73630236  .00001087  00000-0  44572-4 0  9995 | 2 42041  97.3639 235.5076 0006231 342.2501  17.8519 15.26370580185335 | 2020/06/15-17:40:16  293.9245    0.1239   17.8738   94.3414     6864.8099     6860.5325     6869.0874 -55.136876 -80.247454  -0.000493  -0.000382
1 42041U 17008CX  20168.91632786 +.00001000 +00000-0 +41233-4 0  9994 | 2 42041 097.3639 236.6708 0006107 337.5071 022.5899 15.26372700185510 | 2020/06/16-21:59:30  358.7386    0.1239   22.6168   94.3413     6864.8036     6860.6112     6868.9959 -53.496469 -81.350211  -0.000505  -0.000343
1 42041U 17008CX  20170.42413640  .00000834  00000-0  34851-4 0  9991 | 2 42041  97.3639 238.1572 0005954 331.4006  28.6905 15.26374665185748 | 2020/06/18-10:10:45  181.5553    0.1239   28.7233   94.3412     6864.7977     6860.7104     6868.8850 -51.368271 -82.710518  -0.000518  -0.000294
1 42041U 17008CX  20171.73527211  .00000848  00000-0  35363-4 0  9990 | 2 42041  97.3638 239.4497 0005833 325.9787  34.1077 15.26377076185940 | 2020/06/19-17:38:47  293.5687    0.1239   34.1452   94.3410     6864.7904     6860.7862     6868.7947 -49.489493 -83.848075  -0.000527  -0.000250
1 42041U 17008CX  20172.78417915 +.00000850 +00000-0 +35462-4 0  9998 | 2 42041 097.3637 240.4836 0005744 321.4676 038.6152 15.26379008186106 | 2020/06/20-18:49:13  311.1788    0.1239   38.6563   94.3409     6864.7847     6860.8415     6868.7278 -47.968434 -84.727324  -0.000533  -0.000215
1 42041U 17008CX  20174.22642441 +.00000819 +00000-0 +34261-4 0  9994 | 2 42041 097.3637 241.9054 0005639 315.1919 044.8864 15.26381456186320 | 2020/06/22-05:26:03  110.3913    0.1239   44.9320   94.3408     6864.7773     6860.9063     6868.6484 -45.851365 -85.891457  -0.000539  -0.000166
1 42041U 17008CX  20175.47199820  .00000798  00000-0  33452-4 0  9997 | 2 42041  97.3636 243.1332 0005541 309.7926  50.2825 15.26383467186514 | 2020/06/23-11:19:40  198.8010    0.1240   50.3314   94.3406     6864.7713     6860.9675     6868.5751 -44.000352 -86.854129  -0.000540  -0.000124
1 42041U 17008CX  20176.65201376  .00000789  00000-0  33093-4 0  9999 | 2 42041  97.3636 244.2964 0005461 304.4199  55.6523 15.26385535186693 | 2020/06/24-15:38:53  263.6094    0.1239   55.7040   94.3405     6864.7651     6861.0162     6868.5139 -42.228122 -87.729450  -0.000540  -0.000083
1 42041U 17008CX  20177.76647176 +.00000765 +00000-0 +32160-4 0  9992 | 2 42041 097.3635 245.3950 0005405 299.3426 060.7273 15.26387308186860 | 2020/06/25-18:23:43  304.8164    0.1239   60.7813   94.3404     6864.7598     6861.0494     6868.4702 -40.538280 -88.522873  -0.000539  -0.000045
1 42041U 17008CX  20179.14315314 +.00000806 +00000-0 +33742-4 0  9995 | 2 42041 097.3635 246.7522 0005359 292.9792 067.0881 15.26389866187073 | 2020/06/27-03:26:08   80.4240    0.1239   67.1447   94.3402     6864.7521     6861.0733     6868.4309 -38.430209 -89.458204  -0.000536   0.000003
1 42041U 17008CX  20180.71650051  .00000852  00000-0  35510-4 0  9996 | 2 42041  97.3634 248.3031 0005317 285.5165  74.5487 15.26392930187319 | 2020/06/28-17:11:45  286.8310    0.1239   74.6074   94.3401     6864.7429     6861.0929     6868.3929 -35.994907 -90.465454  -0.000529   0.000057
1 42041U 17008CX  20181.89650946  .00000814  00000-0  34047-4 0  9991 | 2 42041  97.3634 249.4663 0005297 279.9996  80.0645 15.26394787187497 | 2020/06/29-21:30:58  351.6352    0.1239   80.1243   94.3399     6864.7373     6861.1011     6868.3736 -34.151016 -91.177518  -0.000521   0.000097
1 42041U 17008CX  20183.14207258  .00000841  00000-0  35105-4 0  9991 | 2 42041  97.3633 250.6941 0005285 274.1622  85.9013 15.26397169187680 | 2020/07/01-03:24:35   80.0385    0.1239   85.9617   94.3398     6864.7302     6861.1022     6868.3582 -32.189434 -91.888261  -0.000510   0.000138
1 42041U 17008CX  20184.19096627  .00000881  00000-0  36627-4 0  9997 | 2 42041  97.3633 251.7280 0005293 269.1687  90.8945 15.26399369187843 | 2020/07/02-04:34:59   97.6404    0.1238   90.9551   94.3397     6864.7236     6861.0901     6868.3571 -30.526164 -92.454127  -0.000500   0.000173
1 42041U 17008CX  20185.43652623  .00000822  00000-0  34350-4 0  9995 | 2 42041  97.3633 252.9558 0005307 263.2059  96.8576 15.26401326188033 | 2020/07/03-10:28:35  186.0416    0.1239   96.9180   94.3395     6864.7177     6861.0746     6868.3608 -28.538093 -93.086999  -0.000485   0.000214
1 42041U 17008CX  20186.74764019  .00000826  00000-0  34515-4 0  9990 | 2 42041  97.3633 254.2482 0005331 257.1501 102.9143 15.26403647188234 | 2020/07/04-17:56:36  298.0416    0.1239  102.9738   94.3394     6864.7108     6861.0512     6868.3704 -26.431282 -93.706988  -0.000468   0.000255
1 42041U 17008CX  20188.18986234  .00000947  00000-0  39142-4 0  9990 | 2 42041  97.3632 255.6699 0005393 250.4034 109.6623 15.26407123188457 | 2020/07/06-04:33:24   97.2401    0.1239  109.7205   94.3392     6864.7004     6860.9982     6868.4025 -24.098175 -94.333826  -0.000447   0.000301
1 42041U 17008CX  20189.43541609  .00000904  00000-0  37485-4 0  9993 | 2 42041  97.3632 256.8977 0005456 244.6114 115.4560 15.26409328188648 | 2020/07/07-10:26:59  185.6376    0.1238  115.5124   94.3390     6864.6937     6860.9484     6868.4391 -22.071303 -94.828531  -0.000427   0.000340
1 42041U 17008CX  20190.74652317  .00000904  00000-0  37504-4 0  9990 | 2 42041  97.3631 258.1901 0005527 238.7938 121.2759 15.26411912188845 | 2020/07/08-17:54:59  297.6338    0.1238  121.3300   94.3389     6864.6860     6860.8919     6868.4801 -19.926837 -95.302122  -0.000404   0.000377
1 42041U 17008CX  20192.12318351  .00000835  00000-0  34826-4 0  9998 | 2 42041  97.3629 259.5471 0005629 232.6828 127.3898 15.26414198189057 | 2020/07/10-02:57:23   73.2285    0.1238  127.4410   94.3387     6864.6791     6860.8150     6868.5433 -17.664276 -95.747103  -0.000378   0.000417
1 42041U 17008CX  20193.17206644  .00000802  00000-0  33585-4 0  9990 | 2 42041  97.3629 260.5809 0005705 228.1553 131.9199 15.26415952189216 | 2020/07/11-04:07:46   90.8238    0.1238  131.9685   94.3386     6864.6739     6860.7576     6868.5902 -15.933909 -96.050220  -0.000357   0.000445
1 42041U 17008CX  20195.13871865  .00000811  00000-0  33912-4 0  9995 | 2 42041  97.3628 262.5195 0005870 219.7124 140.3686 15.26419349189510 | 2020/07/13-03:19:45   78.8126    0.1239  140.4115   94.3384     6864.6637     6860.6341     6868.6933 -12.675542 -96.534167  -0.000313   0.000497
1 42041U 17008CX  20196.44981715  .00000912  00000-0  37795-4 0  9991 | 2 42041  97.3627 263.8117 0006001 214.2656 145.8196 15.26422300189713 | 2020/07/14-10:47:44  190.8039    0.1238  145.8582   94.3382     6864.6549     6860.5354     6868.7743 -10.495343 -96.795367  -0.000282   0.000529
1 42041U 17008CX  20197.89202317  .00000944  00000-0  38993-4 0  9991 | 2 42041  97.3627 265.2333 0006133 208.4640 151.6264 15.26425201189931 | 2020/07/15-21:24:30  349.9928    0.1238  151.6598   94.3381     6864.6462     6860.4361     6868.8562  -8.090711 -97.025954  -0.000246   0.000562
1 42041U 17008CX  20198.94089899  .00000922  00000-0  38158-4 0  9995 | 2 42041  97.3627 266.2672 0006234 204.3512 155.7433 15.26426988190098 | 2020/07/16-22:34:53    7.5839    0.1238  155.7726   94.3380     6864.6408     6860.3614     6868.9202  -6.338660 -97.156146  -0.000220   0.000583
1 42041U 17008CX  20200.12088241  .00000893  00000-0  37035-4 0  9999 | 2 42041  97.3627 267.4303 0006359 199.8581 160.2411 15.26429160190276 | 2020/07/18-02:54:04   72.3732    0.1238  160.2657   94.3378     6864.6343     6860.2691     6868.9995  -4.365227 -97.264794  -0.000189   0.000607
1 42041U 17008CX  20201.43197325  .00000829  00000-0  34593-4 0  9993 | 2 42041  97.3627 268.7226 0006506 194.8686 165.2362 15.26431381190479 | 2020/07/19-10:22:02  184.3603    0.1238  165.2552   94.3377     6864.6276     6860.1615     6869.0938  -2.170506 -97.338503  -0.000153   0.000632
1 42041U 17008CX  20202.87417097 +.00000788 +00000-0 +33025-4 0  9996 | 2 42041 097.3626 270.1441 0006658 189.5024 170.6090 15.26433822190693 | 2020/07/20-20:58:48  343.5449    0.1238  170.6214   94.3375     6864.6203     6860.0498     6869.1908   0.244869 -97.362292  -0.000112   0.000656
1 42041U 17008CX  20203.92304060 +.00000779 +00000-0 +32642-4 0  9992 | 2 42041 097.3625 271.1779 0006775 185.7624 174.3538 15.26435619190853 | 2020/07/21-22:09:10    1.1331    0.1238  174.3614   94.3374     6864.6149     6859.9641     6869.2657   2.001460 -97.341926  -0.000082   0.000673
1 42041U 17008CX  20205.49634248 +.00000870 +00000-0 +36148-4 0  9997 | 2 42041 097.3625 272.7285 0006946 180.1768 179.9469 15.26438939191099 | 2020/07/23-11:54:43  207.5144    0.1238  179.9470   94.3372     6864.6050     6859.8368     6869.3731   4.634777 -97.252122  -0.000035   0.000694
1 42041U 17008CX  20206.87297947 +.00000919 +00000-0 +38026-4 0  9992 | 2 42041 097.3623 274.0854 0007091 175.3350 184.7956 15.26441563191305 | 2020/07/24-20:57:05  343.0968    0.1238  184.7888   94.3371     6864.5971     6859.7294     6869.4648   6.936409 -97.114899   0.000007   0.000709
1 42041U 17008CX  20207.92184326 +.00000963 +00000-0 +39725-4 0  9991 | 2 42041 097.3622 275.1191 0007210 171.8082 188.3275 15.26443994191467 | 2020/07/25-22:07:27    0.6828    0.1237  188.3155   94.3369     6864.5898     6859.6404     6869.5392   8.687272 -96.973859   0.000039   0.000720
1 42041U 17008CX  20209.49513646 +.00000997 +00000-0 +40993-4 0  9992 | 2 42041 097.3621 276.6698 0007395 166.5379 193.6058 15.26447492191700 | 2020/07/27-11:52:59  207.0604    0.1238  193.5859   94.3367     6864.5793     6859.5030     6869.6557  11.308338 -96.703154   0.000087   0.000734
1 42041U 17008CX  20211.19953351 +.00001008 +00000-0 +41428-4 0  9991 | 2 42041 097.3619 278.3497 0007570 160.9798 199.1725 15.26451225191960 | 2020/07/29-04:47:19  100.6348    0.1238  199.1440   94.3365     6864.5681     6859.3717     6869.7646  14.138359 -96.329883   0.000140   0.000744
1 42041U 17008CX  20212.44505178 +.00000959 +00000-0 +39532-4 0  9997 | 2 42041 097.3619 279.5773 0007703 157.0540 203.1045 15.26453726192151 | 2020/07/30-10:40:52  189.0152    0.1239  203.0699   94.3363     6864.5606     6859.2729     6869.8484  16.198887 -96.004873   0.000178   0.000749
1 42041U 17008CX  20213.49390752 +.00000982 +00000-0 +40432-4 0  9990 | 2 42041 097.3619 280.6110 0007797 153.7408 206.4228 15.26456169192319 | 2020/07/31-11:51:13  206.5982    0.1239  206.3831   94.3362     6864.5533     6859.2010     6869.9056  17.928226 -95.697013   0.000210   0.000751
1 42041U 17008CX  20214.73942217  .00001007  00000-0  41385-4 0  9994 | 2 42041  97.3618 281.8386 0007913 149.8165 210.3531 15.26458787192502 | 2020/08/01-17:44:46  294.9776    0.1238  210.3073   94.3360     6864.5455     6859.1136     6869.9774  19.974305 -95.290856   0.000249   0.000751
1 42041U 17008CX  20216.11604020  .00001133  00000-0  46194-4 0  9998 | 2 42041  97.3617 283.1953 0008019 145.6414 214.5345 15.26462532192710 | 2020/08/03-02:47:05   70.5539    0.1238  214.4824   94.3358     6864.5342     6859.0296     6870.0389  22.224853 -94.791121   0.000290   0.000748
1 42041U 17008CX  20217.16488983  .00001262  00000-0  51135-4 0  9996 | 2 42041  97.3616 284.2290 0008098 142.4592 217.7213 15.26465736192879 | 2020/08/04-03:57:26   88.1353    0.1238  217.6646   94.3356     6864.5246     6858.9657     6870.0835  23.931290 -94.374650   0.000320   0.000744
1 42041U 17008CX  20218.41039609  .00001291  00000-0  52235-4 0  9996 | 2 42041  97.3615 285.4566 0008214 138.7063 221.4798 15.26469016193065 | 2020/08/05-09:50:58  176.5119    0.1238  221.4175   94.3354     6864.5148     6858.8763     6870.1533  25.947655 -93.840188   0.000358   0.000739
1 42041U 17008CX  20220.11476882  .00001197  00000-0  48627-4 0  9999 | 2 42041  97.3612 287.1362 0008338 133.7391 226.4540 15.26473016193325 | 2020/08/07-02:45:16   70.0794    0.1239  226.3848   94.3351     6864.5028     6858.7792     6870.2264  28.686908 -93.039049   0.000406   0.000728
1 42041U 17008CX  20221.16361094  .00001152  00000-0  46911-4 0  9998 | 2 42041  97.3611 288.1699 0008404 130.6306 229.5664 15.26475648193485 | 2020/08/08-03:55:35   87.6588    0.1237  229.4931   94.3349     6864.4949     6858.7260     6870.2638  30.360678 -92.506286   0.000435   0.000719
1 42041U 17008CX  20222.40910834  .00001150  00000-0  46809-4 0  9992 | 2 42041  97.3610 289.3974 0008483 126.9777 233.2239 15.26478983193676 | 2020/08/09-09:49:06  176.0334    0.1238  233.1461   94.3347     6864.4849     6858.6618     6870.3081  32.335373 -91.834569   0.000470   0.000706
1 42041U 17008CX  20223.65460311  .00001137  00000-0  46326-4 0  9999 | 2 42041  97.3608 290.6248 0008550 123.4121 236.7936 15.26482208193860 | 2020/08/10-15:42:37  264.4076    0.1238  236.7117   94.3345     6864.4753     6858.6061     6870.3444  34.295028 -91.120669   0.000502   0.000692
1 42041U 17008CX  20224.83454357 +.00001075 +00000-0 +43925-4 0  9996 | 2 42041 097.3607 291.7875 0008617 120.0968 240.1126 15.26484738194044 | 2020/08/11-20:01:44  329.1828    0.1238  240.0270   94.3344     6864.4677     6858.5526     6870.3828  36.136910 -90.405916   0.000532   0.000678
1 42041U 17008CX  20225.88337775 +.00001034 +00000-0 +42367-4 0  9990 | 2 42041 097.3607 292.8211 0008667 117.0592 243.1532 15.26486964194209 | 2020/08/12-21:12:03  346.7603    0.1238  243.0646   94.3342     6864.4610     6858.5116     6870.4104  37.761839 -89.739341   0.000558   0.000663
1 42041U 17008CX  20227.45662609  .00001025  00000-0  42012-4 0  9999 | 2 42041  97.3606 294.3714 0008726 112.6131 247.6032 15.26490448194441 | 2020/08/14-10:57:32  193.1261    0.1239  247.5108   94.3340     6864.4505     6858.4606     6870.4405  40.175832 -88.684773   0.000595   0.000638
1 42041U 17008CX  20228.76766369  .00000998  00000-0  40985-4 0  9997 | 2 42041  97.3605 295.6633 0008755 108.8356 251.3833 15.26493201194645 | 2020/08/15-18:25:26  305.0974    0.1239  251.2883   94.3339     6864.4423     6858.4325     6870.4521  42.165063 -87.756336   0.000624   0.000614
1 42041U 17008CX  20229.88204378 +.00001002 +00000-0 +41144-4 0  9993 | 2 42041 097.3604 296.7614 0008785 105.6929 254.5279 15.26495532194816 | 2020/08/16-21:10:08  346.2726    0.1238  254.4309   94.3337     6864.4353     6858.4049     6870.4657  43.839062 -86.932066   0.000648   0.000593
1 42041U 17008CX  20231.45528356  .00001043  00000-0  42693-4 0  9999 | 2 42041  97.3603 298.3116 0008807 101.2456 258.9772 15.26498928195057 | 2020/08/18-10:55:36  192.6374    0.1238  258.8782   94.3335     6864.4251     6858.3796     6870.4706  46.174725 -85.714193   0.000679   0.000561
1 42041U 17008CX  20232.76631373  .00001082  00000-0  44176-4 0  9999 | 2 42041  97.3601 299.6035 0008820  97.5465 262.6776 15.26501943195251 | 2020/08/19-18:23:29  304.6073    0.1239  262.5774   94.3333     6864.4161     6858.3617     6870.4705  48.095401 -84.651175   0.000703   0.000533
1 42041U 17008CX  20234.07734167  .00001059  00000-0  43320-4 0  9994 | 2 42041  97.3599 300.8954 0008824  93.8564 266.3684 15.26504490195456 | 2020/08/21-01:51:22   56.5769    0.1239  266.2675   94.3332     6864.4085     6858.3513     6870.4656  49.991618 -83.545127   0.000725   0.000503
1 42041U 17008CX  20235.19171394  .00000958  00000-0  39447-4 0  9997 | 2 42041  97.3598 301.9934 0008816  90.7303 269.4946 15.26506117195625 | 2020/08/22-04:36:04   97.7512    0.1239  269.3936   94.3331     6864.4036     6858.3519     6870.4552  51.583322 -82.571736   0.000742   0.000477
1 42041U 17008CX  20236.30608379  .00001049  00000-0  42906-4 0  9995 | 2 42041  97.3597 303.0915 0008796  87.5818 272.6427 15.26509024195796 | 2020/08/23-07:20:45  138.9251    0.1238  272.5420   94.3329     6864.3949     6858.3569     6870.4328  53.156223 -81.567930   0.000757   0.000449
1 42041U 17008CX  20237.74820711  .00001116  00000-0  45460-4 0  9993 | 2 42041  97.3595 304.5124 0008782  83.4488 276.7750 15.26512402196019 | 2020/08/24-17:57:25  298.0907    0.1239  276.6751   94.3327     6864.3847     6858.3564     6870.4130  55.162392 -80.224577   0.000776   0.000412
1 42041U 17008CX  20238.92812367 +.00001095 +00000-0 +44677-4 0  9997 | 2 42041 097.3593 305.6750 0008749 080.1083 280.1143 15.26514860196196 | 2020/08/25-22:16:29    2.8622    0.1239  280.0156   94.3325     6864.3774     6858.3717     6870.3830  56.778660 -79.088666   0.000788   0.000381
1 42041U 17008CX  20240.17358878 +.00001140 +00000-0 +46377-4 0  9999 | 2 42041 097.3592 306.9021 0008703 076.4849 283.7359 15.26517943196382 | 2020/08/27-04:09:58   91.2320    0.1239  283.6390   94.3323     6864.3681     6858.3941     6870.3422  58.459286 -77.854516   0.000799   0.000345
1 42041U 17008CX  20241.41905189  .00001090  00000-0  44467-4 0  9992 | 2 42041  97.3592 308.1292 0008662  72.9419 287.2768 15.26520384196571 | 2020/08/28-10:03:26  179.6013    0.1239  287.1820   94.3322     6864.3608     6858.4149     6870.3067  60.113157 -76.584738   0.000808   0.000311
1 42041U 17008CX  20242.73006169  .00001306  00000-0  52726-4 0  9995 | 2 42041  97.3591 309.4208 0008608  69.1176 291.0984 15.26524866196773 | 2020/08/29-17:31:17  291.5681    0.1239  291.0063   94.3319     6864.3474     6858.4385     6870.2562  61.824099 -75.210206   0.000816   0.000274
1 42041U 17008CX  20243.84441835 +.00001259 +00000-0 +50921-4 0  9993 | 2 42041 097.3590 310.5187 0008544 065.9740 294.2392 15.26527296196948 | 2020/08/30-20:15:57  332.7397    0.1239  294.1499   94.3318     6864.3401     6858.4752     6870.2050  63.253772 -74.011724   0.000819   0.000243
1 42041U 17008CX  20245.22097169  .00001545  00000-0  61877-4 0  9994 | 2 42041  97.3590 311.8749 0008476  61.9500 298.2595 15.26532864197150 | 2020/09/01-05:18:11  108.3032    0.1239  298.1739   94.3314     6864.3234     6858.5052     6870.1416  64.987758 -72.493904   0.000823   0.000203
1 42041U 17008CX  20246.46642182  .00001450  00000-0  58227-4 0  9992 | 2 42041  97.3588 313.1019 0008398  58.4510 301.7548 15.26536042197348 | 2020/09/02-11:11:38  196.6696    0.1239  301.6729   94.3312     6864.3139     6858.5492     6870.0785  66.525072 -71.085517   0.000823   0.000168
1 42041U 17008CX  20247.71186874  .00001304  00000-0  52637-4 0  9999 | 2 42041  97.3586 314.3290 0008295  54.8919 305.3096 15.26539135197534 | 2020/09/03-17:05:05  285.0352    0.1239  305.2320   94.3310     6864.3046     6858.6107     6869.9985  68.031993 -69.644417   0.000819   0.000133
1 42041U 17008CX  20248.76066376  .00001221  00000-0  49447-4 0  9992 | 2 42041  97.3584 315.3622 0008226  51.7149 308.4829 15.26541915197691 | 2020/09/04-18:15:21  302.6057    0.1240  308.4091   94.3309     6864.2963     6858.6497     6869.9428  69.276602 -68.406217   0.000816   0.000101
1 42041U 17008CX  20250.13720408  .00001161  00000-0  47170-4 0  9993 | 2 42041  97.3581 316.7184 0008125  47.6175 312.5750 15.26545685197908 | 2020/09/06-03:17:34   78.1661    0.1239  312.5064   94.3306     6864.2850     6858.7077     6869.8622  70.876012 -66.747214   0.000810   0.000061
1 42041U 17008CX  20251.18599496  .00001053  00000-0  43019-4 0  9998 | 2 42041  97.3579 317.7516 0008033  44.3859 315.8022 15.26547940198068 | 2020/09/07-04:27:49   95.7357    0.1239  315.7380   94.3305     6864.2782     6858.7641     6869.7923  72.067910 -65.458208   0.000803   0.000030
1 42041U 17008CX  20252.43143180  .00001004  00000-0  41153-4 0  9995 | 2 42041  97.3578 318.9785 0007918  40.6874 319.4955 15.26550825198257 | 2020/09/08-10:21:15  184.0988    0.1239  319.4365   94.3303     6864.2695     6858.8344     6869.7047  73.452891 -63.900031   0.000792  -0.000005
1 42041U 17008CX  20253.67686661  .00000992  00000-0  40690-4 0  9998 | 2 42041  97.3577 320.2053 0007818  36.8317 323.3458 15.26553609198444 | 2020/09/09-16:14:41  272.4615    0.1240  323.2923   94.3301     6864.2612     6858.8947     6869.6277  74.804081 -62.312689   0.000781  -0.000040
1 42041U 17008CX  20254.72565246  .00000953  00000-0  39195-4 0  9995 | 2 42041  97.3575 321.2384 0007722  33.5179 326.6547 15.26555599198607 | 2020/09/10-17:24:56  290.0300    0.1239  326.6060   94.3300     6864.2552     6858.9547     6869.5558  75.915265 -60.953715   0.000769  -0.000071
1 42041U 17008CX  20255.77443684  .00000897  00000-0  37065-4 0  9993 | 2 42041  97.3574 322.2715 0007608  30.2555 329.9121 15.26557455198764 | 2020/09/11-18:35:11  307.5980    0.1239  329.8684   94.3299     6864.2497     6859.0274     6869.4720  77.001842 -59.574992   0.000754  -0.000099
1 42041U 17008CX  20257.08541546  .00000906  00000-0  37405-4 0  9994 | 2 42041  97.3573 323.5627 0007481  26.2134 333.9482 15.26560043198960 | 2020/09/13-02:02:59   59.5573    0.1239  333.9105   94.3297     6864.2419     6859.1068     6869.3771  78.324659 -57.824663   0.000736  -0.000133
1 42041U 17008CX  20258.13419668 +.00000919 +00000-0 +37873-4 0  9993 | 2 42041 097.3572 324.5959 0007377 022.6718 337.4845 15.26562126199125 | 2020/09/14-03:13:14   77.1243    0.1239  337.4521   94.3296     6864.2357     6859.1719     6869.2994  79.354524 -56.402872   0.000720  -0.000163
1 42041U 17008CX  20259.24852454  .00001047  00000-0  42768-4 0  9992 | 2 42041  97.3570 325.6935 0007264  18.9744 341.1764 15.26565201199298 | 2020/09/15-05:57:52  118.2886    0.1239  341.1495   94.3294     6864.2265     6859.2403     6869.2126  80.420227 -54.872329   0.000701  -0.000192
1 42041U 17008CX  20260.49394825  .00001042  00000-0  42593-4 0  9995 | 2 42041  97.3570 326.9203 0007139  14.8151 345.3296 15.26567732199486 | 2020/09/16-11:51:17  206.6480    0.1240  345.3089   94.3293     6864.2189     6859.3185     6869.1192  81.576613 -53.137949   0.000678  -0.000224
1 42041U 17008CX  20262.13266042  .00001002  00000-0  41042-4 0  9991 | 2 42041  97.3567 328.5345 0006963   9.1240 351.0124 15.26570901199731 | 2020/09/18-03:11:01   76.5936    0.1239  350.9999   94.3291     6864.2094     6859.4298     6868.9889  83.040848 -50.818743   0.000644  -0.000265
1 42041U 17008CX  20263.31253083  .00000877  00000-0  36286-4 0  9996 | 2 42041  97.3565 329.6965 0006822   4.9858 355.1448 15.26572774199915 | 2020/09/19-07:30:02  141.3537    0.1240  355.1382   94.3289     6864.2038     6859.5210     6868.8865  84.054168 -49.124178   0.000617  -0.000292
1 42041U 17008CX  20264.49239952  .00000839  00000-0  34830-4 0  9996 | 2 42041  97.3564 330.8586 0006681   0.8868 359.2381 15.26575023200099 | 2020/09/20-11:49:03  206.1130    0.1239  359.2371   94.3288     6864.1970     6859.6110     6868.7830  85.033084 -47.409316   0.000588  -0.000316
1 42041U 17008CX  20265.73781468  .00000837  00000-0  34753-4 0  9990 | 2 42041  97.3561 332.0852 0006548 356.4196   3.6995 15.26577456200286 | 2020/09/21-17:42:27  294.4692    0.1239    3.7043   94.3287     6864.1897     6859.6950     6868.6844  86.028205 -45.578045   0.000558  -0.000342
1 42041U 17008CX  20266.78658360 +.00001037 +00000-0 +42373-4 0  9990 | 2 42041 097.3559 333.1181 0006443 352.4886 007.6255 15.26580605200447 | 2020/09/22-18:52:40  312.0318    0.1239    7.6353   94.3285     6864.1803     6859.7577     6868.6029  86.835661 -44.019759   0.000532  -0.000364
1 42041U 17008CX  20267.83535033 +.00001279 +00000-0 +51623-4 0  9994 | 2 42041 097.3558 334.1510 0006333 348.5404 011.5690 15.26584256200604 | 2020/09/23-20:02:54  329.5934    0.1240   11.5836   94.3282     6864.1693     6859.8223     6868.5164  87.614985 -42.447217   0.000504  -0.000384
1 42041U 17008CX  20269.40849635  .00001639  00000-0  65360-4 0  9998 | 2 42041  97.3556 335.7003 0006175 342.5488  17.5537 15.26590145200842 | 2020/09/25-09:48:14  175.9341    0.1239   17.5751   94.3279     6864.1517     6859.9131     6868.3903  88.730423 -40.062763   0.000461  -0.000411
1 42041U 17008CX  20270.45725643  .00001873  00000-0  74304-4 0  9995 | 2 42041  97.3555 336.7332 0006069 338.3498  21.7483 15.26594739201002 | 2020/09/26-10:58:26  193.4929    0.1239   21.7741   94.3276     6864.1379     6859.9721     6868.3038  89.438105 -38.456712   0.000430  -0.000429
1 42041U 17008CX  20271.76820424  .00001920  00000-0  76082-4 0  9991 | 2 42041  97.3556 338.0243 0005959 332.8947  27.1980 15.26599193201207 | 2020/09/27-18:26:12  305.4406    0.1239   27.2292   94.3273     6864.1246     6860.0342     6868.2149  90.282000 -36.431763   0.000390  -0.000450
1 42041U 17008CX  20273.14469276  .00002698  00000-0  10580-3 0  9992 | 2 42041  97.3558 339.3799 0005799 327.2636  32.8243 15.26607387201417 | 2020/09/29-03:28:21   80.9824    0.1239   32.8603   94.3268     6864.1000     6860.1195     6868.0805  91.118803 -34.285793   0.000346  -0.000465
1 42041U 17008CX  20274.45562833 +.00002424 +00000-0 +95299-4 0  9998 | 2 42041 097.3555 340.6709 0005693 321.6562 038.4271 15.26612711201611 | 2020/09/30-10:56:06  192.9249    0.1239   38.4677   94.3265     6864.0840     6860.1763     6867.9918  91.867859 -32.224057   0.000304  -0.000481
1 42041U 17008CX  20275.83210613 +.00001884 +00000-0 +74678-4 0  9994 | 2 42041 097.3551 342.0266 0005592 315.4649 044.6140 15.26617129201821 | 2020/10/01-19:58:13  328.4623    0.1239   44.6590   94.3262     6864.0708     6860.2324     6867.9092  92.604159 -30.041391   0.000258  -0.000496
1 42041U 17008CX  20277.47076265  .00001986  00000-0  78560-4 0  9996 | 2 42041  97.3547 343.6405 0005506 308.0732  52.0010 15.26624597202078 | 2020/10/03-11:17:53  198.3846    0.1239   52.0507   94.3257     6864.0484     6860.2691     6867.8278  93.413130 -27.421245   0.000204  -0.000512
1 42041U 17008CX  20278.71613568 +.00002076 +00000-0 +81992-4 0  9991 | 2 42041 097.3543 344.8669 0005425 302.4956 057.5758 15.26630859202263 | 2020/10/04-17:11:14  286.7228    0.1239   57.6283   94.3254     6864.0296     6860.3059     6867.7534  93.978245 -25.415530   0.000162  -0.000518
1 42041U 17008CX  20279.76486867  .00001689  00000-0  67198-4 0  9998 | 2 42041  97.3539 345.8995 0005374 297.6066  62.4626 15.26634080202428 | 2020/10/05-18:21:24  304.2700    0.1238   62.5172   94.3252     6864.0200     6860.3313     6867.7087  94.420616 -23.717695   0.000126  -0.000523
1 42041U 17008CX  20280.81359810  .00001981  00000-0  78342-4 0  9991 | 2 42041  97.3537 346.9321 0005345 292.7939  67.2735 15.26639462202584 | 2020/10/06-19:31:34  321.8154    0.1239   67.3300   94.3248     6864.0039     6860.3350     6867.6727  94.832511 -22.012217   0.000090  -0.000527
1 42041U 17008CX  20282.19004943  .00002234  00000-0  87955-4 0  9990 | 2 42041  97.3535 348.2874 0005316 286.4358  73.6297 15.26646682202792 | 2020/10/08-04:33:40   97.3412    0.1240   73.6882   94.3244     6863.9822     6860.3333     6867.6311  95.326424 -19.763017   0.000044  -0.000530
1 42041U 17008CX  20283.43540633  .00001937  00000-0  76627-4 0  9992 | 2 42041  97.3535 349.5135 0005299 280.3927  79.6714 15.26651471202984 | 2020/10/09-10:26:59  185.6725    0.1238   79.7311   94.3241     6863.9679     6860.3306     6867.6051  95.727484 -17.718711  -0.000001  -0.000530
1 42041U 17008CX  20284.74630351  .00001952  00000-0  77179-4 0  9994 | 2 42041  97.3536 350.8041 0005299 274.3425  85.7209 15.26657384203181 | 2020/10/10-17:54:40  297.5976    0.1240   85.7815   94.3237     6863.9501     6860.3129     6867.5873  96.102383 -15.558132  -0.000045  -0.000528
1 42041U 17008CX  20285.86056353 +.00001777 +00000-0 +70518-4 0  9997 | 2 42041 097.3537 351.9012 0005294 269.1320 090.9312 15.26660700203351 | 2020/10/11-20:39:12  338.7326    0.1239   90.9919   94.3235     6863.9402     6860.3064     6867.5740  96.382753 -13.715238  -0.000083  -0.000523
1 42041U 17008CX  20286.90927711 +.00001619 +00000-0 +64490-4 0  9995 | 2 42041 097.3534 352.9339 0005342 264.5465 095.5165 15.26663480203517 | 2020/10/12-21:49:21  356.2707    0.1239   95.5774   94.3233     6863.9319     6860.2651     6867.5986  96.613991 -11.975863  -0.000116  -0.000521
1 42041U 17008CX  20288.48234268 +.00001707 +00000-0 +67817-4 0  9992 | 2 42041 097.3532 354.4827 0005371 257.3548 102.7090 15.26669202203750 | 2020/10/14-11:34:34  202.5752    0.1238  102.7690   94.3230     6863.9147     6860.2281     6867.6013  96.902183  -9.360150  -0.000167  -0.000510
1 42041U 17008CX  20289.85877004 +.00001671 +00000-0 +66456-4 0  9993 | 2 42041 097.3530 355.8379 0005434 251.0297 109.0353 15.26673855203961 | 2020/10/15-20:36:37  338.0893    0.1239  109.0942   94.3227     6863.9008     6860.1709     6867.6306  97.096251  -7.065733  -0.000213  -0.000500
1 42041U 17008CX  20291.16964909 +.00001958 +00000-0 +77350-4 0  9994 | 2 42041 097.3527 357.1285 0005501 245.1332 114.9335 15.26679763204169 | 2020/10/17-04:04:17   90.0055    0.1238  114.9906   94.3223     6863.8831     6860.1072     6867.6589  97.230464  -4.876996  -0.000256  -0.000487
1 42041U 17008CX  20292.48052463 +.00001887 +00000-0 +74656-4 0  9990 | 2 42041 097.3526 358.4191 0005557 239.2109 120.8583 15.26684257204362 | 2020/10/18-11:31:57  201.9197    0.1238  120.9129   94.3221     6863.8696     6860.0553     6867.6838  97.315544  -2.685803  -0.000298  -0.000469
1 42041U 17008CX  20293.92248306 +.00001887 +00000-0 +74617-4 0  9990 | 2 42041 097.3523 359.8388 0005656 232.8547 127.2175 15.26689415204580 | 2020/10/19-22:08:22    1.0232    0.1238  127.2691   94.3217     6863.8541     6859.9719     6867.7363  97.351915  -0.273897  -0.000343  -0.000450
1 42041U 17008CX  20295.16780756 +.00001899 +00000-0 +75068-4 0  9992 | 2 42041 097.3521 001.0648 0005741 227.6007 132.4746 15.26693767204779 | 2020/10/21-04:01:38   89.3384    0.1238  132.5231   94.3215     6863.8411     6859.9005     6867.7816  97.335289   1.809113  -0.000379  -0.000431
1 42041U 17008CX  20296.41312907 +.00001906 +00000-0 +75341-4 0  9993 | 2 42041 097.3520 002.2908 0005830 222.2222 137.8569 15.26697851204960 | 2020/10/22-09:54:54  177.6518    0.1239  137.9017   94.3212     6863.8288     6859.8272     6867.8305  97.274199   3.891291  -0.000416  -0.000409
1 42041U 17008CX  20297.92061766 +.00002003 +00000-0 +79004-4 0  9993 | 2 42041 097.3518 003.7749 0005957 216.0714 144.0124 15.26703655205196 | 2020/10/23-22:05:41    0.3448    0.1239  144.0525   94.3209     6863.8114     6859.7227     6867.9002  97.140586   6.409329  -0.000457  -0.000382
1 42041U 17008CX  20299.49364346  .00002067  00000-0  81449-4 0  9993 | 2 42041  97.3518   5.3235 0006105 209.7347 150.3546 15.26709791205433 | 2020/10/25-11:50:50  206.6304    0.1239  150.3892   94.3205     6863.7931     6859.6027     6867.9834  96.931895   9.032201  -0.000500  -0.000351
1 42041U 17008CX  20300.87003477 +.00002473 +00000-0 +96873-4 0  9991 | 2 42041 097.3519 006.6784 0006254 203.9504 156.1445 15.26716622205649 | 2020/10/26-20:52:51  342.1274    0.1239  156.1735   94.3201     6863.7726     6859.4800     6868.0652  96.691325  11.321667  -0.000538  -0.000319
1 42041U 17008CX  20302.44304696 +.00001999 +00000-0 +78827-4 0  9994 | 2 42041 097.3519 008.2271 0006430 198.0646 162.0366 15.26722001205887 | 2020/10/28-10:37:59  188.4072    0.1239  162.0593   94.3197     6863.7565     6859.3431     6868.1699  96.350018  13.930771  -0.000576  -0.000285
1 42041U 17008CX  20303.49171763 +.00001973 +00000-0 +77796-4 0  9993 | 2 42041 097.3518 009.2595 0006542 194.2594 165.8461 15.26726656206046 | 2020/10/29-11:48:04  205.9256    0.1238  165.8644   94.3194     6863.7425     6859.2522     6868.2328  96.083277  15.664510  -0.000600  -0.000261
1 42041U 17008CX  20304.86809296 +.00001745 +00000-0 +69134-4 0  9998 | 2 42041 097.3515 010.6146 0006678 189.3090 170.8026 15.26732034206250 | 2020/10/30-20:50:03  341.4161    0.1238  170.8148   94.3191     6863.7264     6859.1428     6868.3100  95.685664  17.932323  -0.000628  -0.000228
1 42041U 17008CX  20306.44108732 +.00002412 +00000-0 +94459-4 0  9991 | 2 42041 097.3511 012.1632 0006849 183.6849 176.4340 15.26740674206498 | 2020/11/01-10:35:09  187.6886    0.1238  176.4389   94.3186     6863.7005     6858.9995     6868.4014  95.165706  20.511582  -0.000659  -0.000187
1 42041U 17008CX  20307.81745024  .00002463  00000-0  96377-4 0  9991 | 2 42041  97.3506  13.5180 0006987 178.9714 181.1541 15.26747607206709 | 2020/11/02-19:37:07  323.1745    0.1239  181.1525   94.3181     6863.6797     6858.8841     6868.4754  94.653651  22.755784  -0.000682  -0.000151
1 42041U 17008CX  20308.93164586 +.00001816 +00000-0 +71775-4 0  9999 | 2 42041 097.3502 014.6147 0007105 175.1858 184.9450 15.26750262206870 | 2020/11/03-22:21:34    4.2811    0.1238  184.9380   94.3180     6863.6718     6858.7951     6868.5484  94.200382  24.563172  -0.000700  -0.000121
1 42041U 17008CX  20310.17691996  .00001772  00000-0  70089-4 0  9996 | 2 42041  97.3501  15.8401 0007195 171.2608 188.8758 15.26754428207068 | 2020/11/05-04:14:45   92.5760    0.1239  188.8631   94.3177     6863.6593     6858.7209     6868.5977  93.653444  26.572062  -0.000714  -0.000089
1 42041U 17008CX  20311.74989246  .00001941  00000-0  76515-4 0  9996 | 2 42041  97.3500  17.3884 0007345 165.9077 194.2369 15.26761382207309 | 2020/11/06-17:59:50  298.8402    0.1239  194.2162   94.3173     6863.6384     6858.5971     6868.6798  92.901188  29.092813  -0.000733  -0.000042
1 42041U 17008CX  20316.14107177 +.00001968 +00000+0 +77487-4 0  9997 | 2 42041  97.3499  21.7103 0007807 151.9288 208.2373 15.26779056207972 | 2020/11/11-03:23:08   79.6495    0.1238  208.1950   94.3162     6863.5855     6858.2271     6868.9439  90.444491  36.011070  -0.000776   0.000086
1 42041U 17008CX  20317.45186140 +.00002035 +00000+0 +80006-4 0  9996 | 2 42041  97.3495  23.0004 0007879 147.8906 212.2814 15.26784680208170 | 2020/11/12-10:50:40  191.5297    0.1238  212.2332   94.3159     6863.5686     6858.1608     6868.9764  89.610422  38.038106  -0.000778   0.000125
1 42041U 17008CX  20318.63156865 +.00002197 +00000-0 +86164-4 0  9999 | 2 42041 097.3499 024.1618 0008027 144.2459 215.9319 15.26789678208359 | 2020/11/13-15:09:27  256.2199    0.1239  215.8780   94.3155     6863.5536     6858.0443     6869.0630  88.821388  39.846757  -0.000786   0.000161
1 42041U 17008CX  20319.74573255 +.00002207 +00000-0 +86519-4 0  9994 | 2 42041 097.3496 025.2585 0008109 140.8406 219.3421 15.26794510208528 | 2020/11/14-17:53:51  297.3155    0.1238  219.2832   94.3152     6863.5391     6857.9735     6869.1048  88.042185  41.539358  -0.000787   0.000195
1 42041U 17008CX  20320.85989216 +.00002091 +00000-0 +82106-4 0  9995 | 2 42041 097.3490 026.3548 0008130 137.4360 222.7510 15.26799238208695 | 2020/11/15-20:38:14  338.4105    0.1238  222.6878   94.3150     6863.5250     6857.9449     6869.1050  87.230764  43.215988  -0.000781   0.000227
1 42041U 17008CX  20322.43281911 +.00001924 +00000-0 +75756-4 0  9995 | 2 42041 097.3487 027.9032 0008272 132.8519 227.3416 15.26805091208936 | 2020/11/17-10:23:15  184.6597    0.1238  227.2719   94.3146     6863.5074     6857.8299     6869.1849  86.030891  45.557164  -0.000781   0.000273
1 42041U 17008CX  20323.80912400 +.00001913 +00000-0 +75304-4 0  9998 | 2 42041 097.3486 029.2574 0008307 128.6138 231.5846 15.26810627209149 | 2020/11/18-19:25:08  320.1269    0.1239  231.5101   94.3143     6863.4908     6857.7893     6869.1923  84.930121  47.577563  -0.000770   0.000313
1 42041U 17008CX  20324.92327234 +.00001863 +00000-0 +73392-4 0  9996 | 2 42041 097.3484 030.3539 0008374 125.3505 234.8517 15.26814855209314 | 2020/11/19-22:09:30    1.2181    0.1238  234.7733   94.3140     6863.4782     6857.7307     6869.2256  84.003934  49.194004  -0.000763   0.000345
1 42041U 17008CX  20326.16849253 +.00002256 +00000-0 +88275-4 0  9997 | 2 42041 097.3481 031.5793 0008487 121.7690 238.4377 15.26821370209501 | 2020/11/21-04:02:37   89.4949    0.1239  238.3549   94.3136     6863.4586     6857.6336     6869.2837  82.932422  50.979074  -0.000759   0.000381
1 42041U 17008CX  20327.74139398  .00003032  00000-0  11767-3 0  9998 | 2 42041  97.3482  33.1272 0008556 117.1153 243.0959 15.26831606209749 | 2020/11/22-17:47:36  295.7373    0.1238  243.0085   94.3130     6863.4280     6857.5556     6869.3003  81.525162  53.200751  -0.000743   0.000425
1 42041U 17008CX  20328.78998930  .00003214  00000-0  12454-3 0  9994 | 2 42041  97.3484  34.1591 0008585 114.1367 246.0770 15.26838145209909 | 2020/11/23-18:57:35  313.2308    0.1238  245.9871   94.3126     6863.4084     6857.5161     6869.3006  80.554010  54.660429  -0.000730   0.000451
1 42041U 17008CX  20329.83858030 +.00002967 +00000-0 +11516-3 0  9999 | 2 42041 097.3484 035.1912 0008603 111.1504 249.0655 15.26843748210067 | 2020/11/24-20:07:33  330.7228    0.1239  248.9735   94.3122     6863.3916     6857.4870     6869.2962  79.556366  56.102545  -0.000716   0.000477
1 42041U 17008CX  20330.88716653 +.00002929 +00000-0 +11371-3 0  9997 | 2 42041 097.3484 036.2232 0008628 108.0958 252.1221 15.26850284210224 | 2020/11/25-21:17:31  348.2133    0.1238  252.0280   94.3118     6863.3720     6857.4503     6869.2937  78.533008  57.526321  -0.000701   0.000503
1 42041U 17008CX  20332.46003688 +.00003308 +00000-0 +12800-3 0  9990 | 2 42041 097.3484 037.7713 0008664 103.5449 256.6756 15.26861301210469 | 2020/11/27-11:02:27  194.4463    0.1239  256.5790   94.3111     6863.3390     6857.3926     6869.2854  76.950204  59.626983  -0.000676   0.000542
1 42041U 17008CX  20334.49164342  .00003535  00000-0  13653-3 0  9999 | 2 42041  97.3482  39.7710 0008678  97.8025 262.4199 15.26876679210770 | 2020/11/29-11:47:57  205.8255    0.1238  262.3213   94.3102     6863.2929     6857.3369     6869.2489  74.822548  62.275664  -0.000641   0.000585
1 42041U 17008CX  20335.67127576  .00003984  00000-0  15348-3 0  9999 | 2 42041  97.3477  40.9320 0008698  94.4586 265.7647 15.26886985210957 | 2020/11/30-16:06:38  270.4939    0.1239  265.6653   94.3095     6863.2620     6857.2924     6869.2317  73.544988  63.778598  -0.000619   0.000611
1 42041U 17008CX  20336.91643583  .00003891  00000-0  14994-3 0  9991 | 2 42041  97.3471  42.1573 0008677  90.9311 269.2922 15.26896228211147 | 2020/12/01-21:59:40  358.7535    0.1239  269.1928   94.3090     6863.2343     6857.2791     6869.1895  72.163891  65.336289  -0.000593   0.000634
1 42041U 17008CX  20338.16158878  .00003238  00000-0  12519-3 0  9994 | 2 42041  97.3467  43.3826 0008660  87.3031 272.9200 15.26903827211332 | 2020/12/03-03:52:41   87.0108    0.1240  272.8209   94.3085     6863.2115     6857.2680     6869.1551  70.749956  66.864219  -0.000565   0.000657
1 42041U 17008CX  20339.47226911  .00002969  00000-0  11502-3 0  9994 | 2 42041  97.3465  44.6722 0008623  83.5048 276.7172 15.26911470211539 | 2020/12/04-11:20:04  198.8591    0.1239  276.6191   94.3080     6863.1886     6857.2705     6869.1068  69.227056  68.439431  -0.000533   0.000678
1 42041U 17008CX  20340.91400327  .00005716  00000-0  21869-3 0  9990 | 2 42041  97.3462  46.0908 0008587  79.3540 280.8666 15.26931160211753 | 2020/12/05-21:56:09  357.8872    0.1239  280.7699   94.3068     6863.1296     6857.2363     6869.0230  67.511295  70.132073  -0.000498   0.000700
1 42041U 17008CX  20342.15912815  .00004646  00000-0  17823-3 0  9994 | 2 42041  97.3463  47.3161 0008552  75.6863 284.5325 15.26940687211946 | 2020/12/07-03:49:08   86.1359    0.1239  284.4376   94.3062     6863.1011     6857.2318     6868.9704  65.996229  71.559764  -0.000466   0.000717
1 42041U 17008CX  20343.46977963  .00002892  00000-0  11198-3 0  9994 | 2 42041  97.3465  48.6059 0008488  71.8585 288.3577 15.26945190212143 | 2020/12/08-11:16:28  197.9751    0.1239  288.2654   94.3059     6863.0876     6857.2622     6868.9130  64.368876  73.027316  -0.000430   0.000732
1 42041U 17008CX  20344.91148492  .00005449  00000-0  20843-3 0  9990 | 2 42041  97.3466  50.0246 0008422  67.7723 292.4409 15.26961762212362 | 2020/12/09-21:52:32  356.9943    0.1240  292.3517   94.3049     6863.0379     6857.2579     6868.8180  62.541165  74.598681  -0.000393   0.000745
1 42041U 17008CX  20346.15658517  .00005424  00000-0  20742-3 0  9993 | 2 42041  97.3468  51.2501 0008375  64.1298 296.0804 15.26972280212553 | 2020/12/11-03:45:28   85.2351    0.1240  295.9942   94.3043     6863.0064     6857.2587     6868.7542  60.931515  75.919365  -0.000359   0.000757
1 42041U 17008CX  20347.46720879  .00003981  00000-0  15296-3 0  9993 | 2 42041  97.3467  52.5402 0008307  60.3167 299.8898 15.26978765212754 | 2020/12/12-11:12:46  197.0650    0.1239  299.8072   94.3039     6862.9870     6857.2859     6868.6881  59.206715  77.271889  -0.000323   0.000765
1 42041U 17008CX  20348.77782200  .00003723  00000-0  14319-3 0  9993 | 2 42041  97.3463  53.8299 0008201  56.3061 303.8959 15.26989513212958 | 2020/12/13-18:40:03  308.8924    0.1239  303.8178   94.3032     6862.9548     6857.3265     6868.5831  57.452275  78.584593  -0.000282   0.000770
1 42041U 17008CX  20350.15396036  .00002780  00000-0  10762-3 0  9996 | 2 42041  97.3458  55.1840 0008124  52.3013 307.8962 15.26995812213167 | 2020/12/15-03:41:42   84.3090    0.1240  307.8227   94.3028     6862.9359     6857.3605     6868.5114  55.578889  79.919909  -0.000244   0.000775
1 42041U 17008CX  20351.72668186  .00003960  00000-0  15207-3 0  9998 | 2 42041  97.3454  56.7314 0007986  47.3565 312.8346 15.27006876213400 | 2020/12/16-17:26:25  290.4979    0.1239  312.7674   94.3021     6862.9028     6857.4221     6868.3835  53.400249  81.391279  -0.000194   0.000775
1 42041U 17008CX  20353.16833454  .00003164  00000-0  12202-3 0  9998 | 2 42041  97.3449  58.1500 0007891  43.1928 316.9929 15.27013354213624 | 2020/12/18-04:02:24   89.5006    0.1240  316.9312   94.3017     6862.8834     6857.4679     6868.2989  51.368638  82.687923  -0.000155   0.000774
1 42041U 17008CX  20354.41339462  .00001944  00000-0  76030-4 0  9991 | 2 42041  97.3448  59.3751 0007779  39.1679 321.0122 15.27015596213810 | 2020/12/19-09:55:17  177.7299    0.1240  320.9561   94.3016     6862.8766     6857.5380     6868.2153  49.588944  83.767218  -0.000116   0.000769
1 42041U 17008CX  20355.46186318  .00002081  00000-0  81198-4 0  9991 | 2 42041  97.3450  60.4069 0007705  35.6024 324.5728 15.27020175213978 | 2020/12/20-11:05:04  195.1851    0.1240  324.5216   94.3013     6862.8629     6857.5751     6868.1508  48.072578  84.646774  -0.000081   0.000766
1 42041U 17008CX  20356.70691513  .00002019  00000-0  78846-4 0  9994 | 2 42041  97.3449  61.6321 0007585  31.7341 328.4354 15.27025320214162 | 2020/12/21-16:57:57  283.4115    0.1240  328.3899   94.3010     6862.8475     6857.6420     6868.0530  46.251610  85.655228  -0.000045   0.000757
1 42041U 17008CX  20358.14854829  .00003060  00000-0  11803-3 0  9991 | 2 42041  97.3448  63.0506 0007436  27.3100 332.8528 15.27034699214386 | 2020/12/23-03:33:54   82.4086    0.1239  332.8139   94.3004     6862.8194     6857.7162     6867.9226  44.116998  86.773847  -0.000005   0.000744
1 42041U 17008CX  20359.45911085  .00004666  00000-0  17848-3 0  9992 | 2 42041  97.3450  64.3403 0007314  23.2645 336.8923 15.27049447214585 | 2020/12/24-11:01:07  194.2192    0.1239  336.8594   94.2995     6862.7752     6857.7558     6867.7947  42.152837  87.745013   0.000031   0.000731
1 42041U 17008CX  20360.76966576  .00002784  00000-0  10760-3 0  9998 | 2 42041  97.3450  65.6301 0007164  18.7531 341.3971 15.27055967214782 | 2020/12/25-18:28:19  306.0275    0.1240  341.3709   94.2991     6862.7557     6857.8392     6867.6722  40.167073  88.671615   0.000070   0.000713
1 42041U 17008CX  20361.94916126  .00002241  00000-0  87118-4 0  9995 | 2 42041  97.3448  66.7908 0007050  14.6744 345.4698 15.27060531214963 | 2020/12/26-22:46:47   10.6537    0.1239  345.4495   94.2988     6862.7420     6857.9038     6867.5802  38.362563  89.466887   0.000105   0.000697
1 42041U 17008CX  20363.25970695  .00002245  00000-0  87264-4 0  9998 | 2 42041  97.3445  68.0805 0006921  10.2595 349.8784 15.27066705215169 | 2020/12/28-06:13:58  122.4585    0.1240  349.8645   94.2984     6862.7235     6857.9738     6867.4732  36.339046  90.307394   0.000140   0.000678
1 42041U 17008CX  20364.43919365  .00002470  00000-0  95708-4 0  9998 | 2 42041  97.3442  69.2411 0006785   6.2623 353.8700 15.27072725215349 | 2020/12/29-10:32:26  187.0813    0.1240  353.8617   94.2981     6862.7055     6858.0491     6867.3618  34.502317  91.024631   0.000170   0.000657
1 42041U 17008CX  20365.81525580  .00002320  00000-0  90047-4 0  9998 | 2 42041  97.3438  70.5951 0006641   1.2881 358.8374 15.27079008215556 | 2020/12/30-19:33:58  322.4728    0.1240  358.8359   94.2977     6862.6867     6858.1291     6867.2442  32.341679  91.814112   0.000207   0.000631
1 42041U 17008CX  20366.86368021  .00002180  00000-0  84769-4 0  9997 | 2 42041  97.3435  71.6266 0006535 357.4406   2.6799 15.27083561215717 | 2020/12/31-20:43:41  339.9124    0.1240    2.6834   94.2974     6862.6730     6858.1883     6867.1578  30.683497  92.381167   0.000233   0.000610
1 42041U 17008CX  21001.91210167  .00001983  00000-0  77366-4 0  9992 | 2 42041  97.3431  72.6581 0006421 353.5264   6.5891 15.27087659215872 | 2021/01/01-21:53:25  357.3510    0.1239    6.5975   94.2971     6862.6607     6858.2542     6867.0673  29.015350  92.918182   0.000259   0.000587
1 42041U 17008CX  21003.35367690  .00001716  00000-0  67277-4 0  9990 | 2 42041  97.3429  74.0764 0006274 348.0060  12.1029 15.27092744216099 | 2021/01/03-08:29:17  156.3273    0.1240   12.1180   94.2968     6862.6455     6858.3399     6866.9511  26.706544  93.607696   0.000294   0.000554
1 42041U 17008CX  21004.46761913  .00001765  00000-0  69129-4 0  9991 | 2 42041  97.3431  75.1725 0006214 343.6203  16.4834 15.27096303216260 | 2021/01/04-11:13:22  197.3535    0.1239   16.5036   94.2966     6862.6348     6858.3704     6866.8993  24.911050  94.101640   0.000322   0.000531
1 42041U 17008CX  21005.77813497  .00001785  00000-0  69877-4 0  9993 | 2 42041  97.3429  76.4619 0006090 338.4233  21.6749 15.27101312216462 | 2021/01/05-18:40:30  309.1471    0.1240   21.7007   94.2963     6862.6198     6858.4405     6866.7992  22.787185  94.638176   0.000350   0.000498
1 42041U 17008CX  21007.15416492  .00002800  00000-0  10802-3 0  9993 | 2 42041  97.3428  77.8158 0005984 332.9763  27.1163 15.27113926216670 | 2021/01/07-03:41:59   84.5258    0.1239   27.1476   94.2955     6862.5820     6858.4755     6866.6886  20.544709  95.150069   0.000378   0.000464
1 42041U 17008CX  21009.11991755  .00002274  00000-0  88219-4 0  9994 | 2 42041  97.3429  79.7499 0005755 324.8657  35.2202 15.27121456216972 | 2021/01/09-02:52:40   72.2069    0.1240   35.2583   94.2951     6862.5595     6858.6101     6866.5089  17.321708  95.789345   0.000410   0.000404
1 42041U 17008CX  21010.49593878  .00001645  00000-0  64577-4 0  9993 | 2 42041  97.3429  81.1037 0005626 318.6936  41.3877 15.27124443217184 | 2021/01/10-11:54:09  207.5816    0.1239   41.4303   94.2949     6862.5505     6858.6897     6866.4114  15.053747  96.171851   0.000432   0.000360
1 42041U 17008CX  21011.80643200  .00001486  00000-0  58569-4 0  9991 | 2 42041  97.3422  82.3930 0005607 313.2572  46.8199 15.27127756217387 | 2021/01/11-19:21:15  319.3658    0.1240   46.8668   94.2947     6862.5406     6858.6928     6866.3884  12.885916  96.485528   0.000456   0.000327
1 42041U 17008CX  21012.85482274  .00001567  00000-0  61612-4 0  9992 | 2 42041  97.3419  83.4245 0005542 308.5997  51.4746 15.27131917217542 | 2021/01/12-20:30:56  336.7911    0.1240   51.5243   94.2944     6862.5281     6858.7249     6866.3314  11.146851  96.701568   0.000470   0.000294
1 42041U 17008CX  21014.36188168  .00001448  00000-0  57138-4 0  9991 | 2 42041  97.3417  84.9072 0005453 301.8452  58.2256 15.27136096217776 | 2021/01/14-08:41:06  159.3385    0.1239   58.2787   94.2941     6862.5156     6858.7735     6866.2578   8.640938  96.957417   0.000487   0.000245
1 42041U 17008CX  21016.13103228  .00001360  00000-0  53828-4 0  9997 | 2 42041  97.3414  86.6477 0005381 293.8722  66.1953 15.27141123218041 | 2021/01/16-03:08:41   76.2393    0.1239   66.2517   94.2938     6862.5006     6858.8079     6866.1933   5.692067  97.174835   0.000504   0.000189
1 42041U 17008CX  21017.17941497  .00001373  00000-0  54311-4 0  9992 | 2 42041  97.3412  87.6790 0005347 289.0166  71.0493 15.27144474218203 | 2021/01/17-04:18:21   93.6607    0.1239   71.1073   94.2936     6862.4905     6858.8212     6866.1599   3.942125  97.261343   0.000512   0.000154
1 42041U 17008CX  21018.75198635  .00001373  00000-0  54301-4 0  9994 | 2 42041  97.3410  89.2260 0005302 281.7018  78.3626 15.27148822218442 | 2021/01/18-18:02:51  299.7909    0.1239   78.4221   94.2934     6862.4775     6858.8390     6866.1160   1.314925  97.332118   0.000521   0.000101
1 42041U 17008CX  21019.80036493  .00001285  00000-0  50976-4 0  9990 | 2 42041  97.3409  90.2574 0005287 276.7743  83.2894 15.27151073218603 | 2021/01/19-19:12:31  317.2098    0.1239   83.3496   94.2932     6862.4708     6858.8426     6866.0989  -0.437300  97.339918   0.000525   0.000065
1 42041U 17008CX  21020.91426443  .00001415  00000-0  55865-4 0  9999 | 2 42041  97.3408  91.3531 0005285 271.5338  88.5295 15.27154879218776 | 2021/01/20-21:56:32  358.2163    0.1238   88.5900   94.2930     6862.4594     6858.8325     6866.0862  -2.298592  97.313657   0.000528   0.000027
1 42041U 17008CX  21022.15920877  .00001337  00000-0  52945-4 0  9996 | 2 42041  97.3406  92.5778 0005312 265.7628  94.3004 15.27157927218969 | 2021/01/22-03:49:15   86.3987    0.1239   94.3611   94.2928     6862.4502     6858.8049     6866.0956  -4.377983  97.242098   0.000531  -0.000015
1 42041U 17008CX  21023.46967315  .00001440  00000-0  56794-4 0  9990 | 2 42041  97.3405  93.8670 0005345 259.6680 100.3957 15.27162215219163 | 2021/01/23-11:16:19  198.1678    0.1239  100.4559   94.2925     6862.4374     6858.7694     6866.1054  -6.564707  97.118884   0.000531  -0.000060
1 42041U 17008CX  21024.71461067  .00001549  00000-0  60897-4 0  9991 | 2 42041  97.3403  95.0916 0005401 254.0863 105.9781 15.27166711219355 | 2021/01/24-17:09:02  286.3471    0.1239  106.0376   94.2923     6862.4239     6858.7175     6866.1303  -8.638783  96.956204   0.000530  -0.000101
1 42041U 17008CX  21026.15611111  .00002043  00000-0  79408-4 0  9996 | 2 42041  97.3401  96.5097 0005457 247.6007 112.4654 15.27174681219579 | 2021/01/26-03:44:47   85.2883    0.1239  112.5232   94.2918     6862.4000     6858.6552     6866.1448 -11.035585  96.712517   0.000525  -0.000149
1 42041U 17008CX  21027.46656104  .00002214  00000-0  85799-4 0  9992 | 2 42041  97.3398  97.7986 0005518 241.5560 118.5123 15.27180802219771 | 2021/01/27-11:11:50  197.0508    0.1238  118.5678   94.2914     6862.3817     6858.5950     6866.1684 -13.208170  96.439519   0.000516  -0.000195
1 42041U 17008CX  21028.77700637  .00002129  00000-0  82615-4 0  9997 | 2 42041  97.3396  99.0879 0005607 235.3571 124.7140 15.27186327219975 | 2021/01/28-18:38:53  308.8106    0.1239  124.7668   94.2910     6862.3651     6858.5174     6866.2129 -15.374745  96.117714   0.000506  -0.000242
1 42041U 17008CX  21030.15296821  .00001517  00000-0  59625-4 0  9992 | 2 42041  97.3391 100.4413 0005726 229.6166 130.4574 15.27190693220180 | 2021/01/30-03:40:16   84.1568    0.1239  130.5073   94.2908     6862.3521     6858.4227     6866.2815 -17.640578  95.727271   0.000496  -0.000286
1 42041U 17008CX  21031.79101326  .00001244  00000-0  49365-4 0  9995 | 2 42041  97.3387 102.0524 0005850 222.5950 137.4836 15.27195475220436 | 2021/01/31-18:59:03  313.8519    0.1239  137.5289   94.2905     6862.3377     6858.3233     6866.3522 -20.324921  95.193067   0.000477  -0.000338
1 42041U 17008CX  21033.49457459  .00001744  00000-0  68134-4 0  9995 | 2 42041  97.3389 103.7280 0005989 216.1116 143.9720 15.27202790220692 | 2021/02/02-11:52:11  207.1325    0.1239  144.0123   94.2900     6862.3158     6858.2060     6866.4257 -23.099777  94.558245   0.000458  -0.000386
1 42041U 17008CX  21035.13260812  .00001606  00000-0  62941-4 0  9990 | 2 42041  97.3386 105.3391 0006136 209.3912 150.6983 15.27207519220941 | 2021/02/04-03:10:57   76.8221    0.1239  150.7327   94.2897     6862.3017     6858.0910     6866.5124 -25.749099  93.871119   0.000432  -0.000436
1 42041U 17008CX  21036.18094699  .00001450  00000-0  57066-4 0  9993 | 2 42041  97.3384 106.3701 0006250 205.2800 154.8134 15.27210047221106 | 2021/02/05-04:20:33   94.2224    0.1239  154.8439   94.2896     6862.2941     6858.0052     6866.5830 -27.433932  93.392417   0.000415  -0.000467
1 42041U 17008CX  21037.49136720  .00001388  00000-0  54747-4 0  9993 | 2 42041  97.3383 107.6589 0006380 200.1993 159.8995 15.27213993221309 | 2021/02/06-11:47:34  205.9711    0.1239  159.9246   94.2893     6862.2823     6857.9041     6866.6604 -29.527535  92.751654   0.000392  -0.000504
1 42041U 17008CX  21038.73626129  .00002154  00000-0  83453-4 0  9996 | 2 42041  97.3380 108.8833 0006489 195.6500 164.4540 15.27222710221498 | 2021/02/07-17:40:12  294.1304    0.1239  164.4739   94.2888     6862.2562     6857.8032     6866.7091 -31.502631  92.099243   0.000368  -0.000535
1 42041U 17008CX  21039.91563389  .00001437  00000-0  56558-4 0  9994 | 2 42041  97.3378 110.0432 0006629 191.4520 168.6570 15.27222540221677 | 2021/02/08-21:58:30  358.7021    0.1239  168.6719   94.2888     6862.2567     6857.7077     6866.8057 -33.360444  91.442485   0.000346  -0.000565
1 42041U 17008CX  21041.16052291  .00001386  00000-0  54660-4 0  9994 | 2 42041  97.3375 111.2675 0006761 186.9005 173.2142 15.27226400221867 | 2021/02/10-03:51:09   86.8592    0.1238  173.2233   94.2886     6862.2451     6857.6055     6866.8847 -35.306520  90.708536   0.000319  -0.000596
1 42041U 17008CX  21042.40540968  .00001283  00000-0  50769-4 0  9997 | 2 42041  97.3373 112.4918 0006892 182.4415 177.6791 15.27229549222056 | 2021/02/11-09:43:47  175.0152    0.1238  177.6823   94.2884     6862.2357     6857.5062     6866.9651 -37.236501  89.933269   0.000291  -0.000625
1 42041U 17008CX  21043.45373299  .00001244  00000-0  49333-4 0  9996 | 2 42041  97.3370 113.5227 0007003 178.8406 181.2850 15.27232451222213 | 2021/02/12-10:53:22  192.4090    0.1238  181.2832   94.2882     6862.2270     6857.4214     6867.0326 -38.848401  89.248492   0.000266  -0.000648
1 42041U 17008CX  21044.76413367  .00001639  00000-0  64123-4 0  9994 | 2 42041  97.3367 114.8114 0007127 174.4109 185.7211 15.27238609222410 | 2021/02/13-18:20:21  304.1497    0.1239  185.7130   94.2878     6862.2085     6857.3178     6867.0992 -40.845661  88.351939   0.000235  -0.000673
1 42041U 17008CX  21046.14005231  .00001246  00000-0  49375-4 0  9991 | 2 42041  97.3365 116.1644 0007277 169.8141 190.3247 15.27240139222626 | 2021/02/15-03:21:40   79.4768    0.1239  190.3098   94.2877     6862.2040     6857.2103     6867.1976 -42.920361  87.362674   0.000200  -0.000700
1 42041U 17008CX  21047.45044659  .00001493  00000-0  58612-4 0  9991 | 2 42041  97.3363 117.4530 0007418 165.5652 194.5800 15.27245296222821 | 2021/02/16-10:48:38  191.2153    0.1238  194.5586   94.2874     6862.1885     6857.0981     6867.2789 -44.874063  86.375192   0.000167  -0.000723
1 42041U 17008CX  21049.15395246  .00001597  00000-0  62488-4 0  9992 | 2 42041  97.3360 119.1280 0007586 160.0391 200.1147 15.27251595223081 | 2021/02/18-03:41:41   84.4729    0.1239  200.0848   94.2870     6862.1696     6856.9640     6867.3753 -47.379498  85.026349   0.000121  -0.000749
1 42041U 17008CX  21050.46433639  .00001639  00000-0  64046-4 0  9996 | 2 42041  97.3358 120.4165 0007718 155.8453 204.3149 15.27256608223283 | 2021/02/19-11:08:38  196.2078    0.1238  204.2785   94.2867     6862.1546     6856.8584     6867.4508 -49.279376  83.939270   0.000084  -0.000767
1 42041U 17008CX  21051.64367726  .00001779  00000-0  69301-4 0  9994 | 2 42041  97.3357 121.5761 0007822 152.1764 207.9895 15.27262225223466 | 2021/02/20-15:26:53  260.7676    0.1239  207.9475   94.2864     6862.1378     6856.7702     6867.5054 -50.967949  82.924705   0.000051  -0.000781
1 42041U 17008CX  21053.15060506  .00002537  00000-0  97611-4 0  9996 | 2 42041  97.3356 123.0582 0007962 147.6783 212.4946 15.27272955223692 | 2021/02/22-03:36:52   83.2578    0.1239  212.4456   94.2857     6862.1057     6856.6420     6867.5693 -53.095661  81.578611   0.000010  -0.000796
1 42041U 17008CX  21054.46096998  .00002606  00000-0  10017-3 0  9996 | 2 42041  97.3355 124.3466 0008071 143.6154 216.5636 15.27280611223897 | 2021/02/23-11:03:47  194.9863    0.1239  216.5085   94.2852     6862.0827     6856.5443     6867.6211 -54.916470  80.364052  -0.000029  -0.000807
1 42041U 17008CX  21056.42650343  .00003168  00000-0  12113-3 0  9997 | 2 42041  97.3351 126.2792 0008189 137.7388 222.4484 15.27294559224196 | 2021/02/25-10:14:09  182.5748    0.1239  222.3851   94.2844     6862.0409     6856.4216     6867.6603 -57.595180  78.466024  -0.000085  -0.000814
1 42041U 17008CX  21057.67131088  .00005518  00000-0  20875-3 0  9990 | 2 42041  97.3346 127.5033 0008252 134.0431 226.1489 15.27321774224389 | 2021/02/26-16:06:41  270.7036    0.1239  226.0808   94.2827     6861.9594     6856.2969     6867.6219 -59.257998  77.217317  -0.000121  -0.000816
1 42041U 17008CX  21058.71957249  .00002904  00000-0  11117-3 0  9996 | 2 42041  97.3342 128.5335 0008344 131.1018 229.0943 15.27324503224540 | 2021/02/27-17:16:11  288.0767    0.1239  229.0221   94.2825     6861.9513     6856.2256     6867.6769 -60.636492  76.139099  -0.000150  -0.000821
1 42041U 17008CX  21060.16092837  .00001789  00000-0  69501-4 0  9992 | 2 42041  97.3338 129.9507 0008434 126.8709 233.3305 15.27328002224761 | 2021/03/01-03:51:44   86.9629    0.1239  233.2530   94.2823     6861.9408     6856.1534     6867.7281 -62.500781  74.615823  -0.000192  -0.000821
1 42041U 17008CX  21061.47124557  .00002399  00000-0  92292-4 0  9993 | 2 42041  97.3335 131.2389 0008498 123.0137 237.1920 15.27335874224968 | 2021/03/02-11:18:35  198.6761    0.1239  237.1102   94.2818     6861.9172     6856.0859     6867.7485 -64.162258  73.191632  -0.000231  -0.000818
1 42041U 17008CX  21063.17464862  .00002919  00000-0  11164-3 0  9994 | 2 42041  97.3331 132.9137 0008585 118.1022 242.1086 15.27346319225223 | 2021/03/04-04:11:29   91.9003    0.1239  242.0217   94.2812     6861.8859     6855.9950     6867.7768 -66.273719  71.284827  -0.000279  -0.000812
1 42041U 17008CX  21064.68149612  .00002454  00000-0  94256-4 0  9992 | 2 42041  97.3330 134.3953 0008615 113.8537 246.3606 15.27353648225453 | 2021/03/05-16:21:21  274.3655    0.1239  246.2702   94.2807     6861.8640     6855.9525     6867.7755 -68.094627  69.547355  -0.000319  -0.000800
1 42041U 17008CX  21065.86075963  .00003495  00000-0  13306-3 0  9992 | 2 42041  97.3329 135.5547 0008631 110.4360 249.7806 15.27364676225630 | 2021/03/06-20:39:29  338.9010    0.1238  249.6878   94.2800     6861.8309     6855.9085     6867.7534 -69.487834  68.155223  -0.000351  -0.000788
1 42041U 17008CX  21067.17104622  .00003481  00000-0  13249-3 0  9994 | 2 42041  97.3328 136.8429 0008676 106.7794 253.4398 15.27373198225839 | 2021/03/08-04:06:18   90.6049    0.1239  253.3445   94.2795     6861.8054     6855.8521     6867.7587 -71.002426  66.575742  -0.000385  -0.000777
1 42041U 17008CX  21068.48132764  .00002529  00000-0  96986-4 0  9999 | 2 42041  97.3327 138.1310 0008688 103.0616 257.1594 15.27377811226036 | 2021/03/09-11:33:06  202.3078    0.1240  257.0624   94.2792     6861.7916     6855.8301     6867.7531 -72.481011  64.962739  -0.000419  -0.000761
1 42041U 17008CX  21069.79160232  .00002764  00000-0  10575-3 0  9995 | 2 42041  97.3325 139.4190 0008717  99.3199 260.9026 15.27385411226239 | 2021/03/10-18:59:54  314.0086    0.1239  260.8040   94.2788     6861.7688     6855.7874     6867.7502 -73.922775  63.316971  -0.000452  -0.000745
1 42041U 17008CX  21071.16738518  .00002570  00000-0  98470-4 0  9993 | 2 42041  97.3322 140.7714 0008708  95.3967 264.8266 15.27391669226446 | 2021/03/12-04:01:02   89.2933    0.1239  264.7272   94.2784     6861.7501     6855.7749     6867.7253 -75.396336  61.554445  -0.000485  -0.000723
1 42041U 17008CX  21072.47764820  .00002759  00000-0  10552-3 0  9996 | 2 42041  97.3318 142.0593 0008697  91.6740 268.5496 15.27399202226645 | 2021/03/13-11:27:48  200.9912    0.1240  268.4500   94.2779     6861.7275     6855.7599     6867.6952 -76.760484  59.844026  -0.000514  -0.000701
1 42041U 17008CX  21073.72239201  .00002882  00000-0  11006-3 0  9997 | 2 42041  97.3314 143.2828 0008681  88.3427 271.8806 15.27406242226839 | 2021/03/14-17:20:14  289.1027    0.1239  271.7812   94.2775     6861.7064     6855.7498     6867.6631 -78.020481  58.191116  -0.000539  -0.000681
1 42041U 17008CX  21074.77059252  .00002834  00000-0  10826-3 0  9995 | 2 42041  97.3310 144.3131 0008659  85.4222 274.8006 15.27412278226998 | 2021/03/15-18:29:39  306.4582    0.1239  274.7017   94.2771     6861.6884     6855.7468     6867.6299 -79.053886  56.778576  -0.000560  -0.000661
1 42041U 17008CX  21075.88430130  .00002437  00000-0  93453-4 0  9993 | 2 42041  97.3307 145.4078 0008601  82.1114 278.1101 15.27417523227168 | 2021/03/16-21:13:23  347.3977    0.1239  278.0125   94.2768     6861.6727     6855.7709     6867.5744 -80.123962  55.257722  -0.000581  -0.000634
1 42041U 17008CX  21077.26005056  .00003627  00000-0  13771-3 0  9998 | 2 42041  97.3304 146.7602 0008563  78.1598 282.0601 15.27429814227378 | 2021/03/18-06:14:28  122.6726    0.1239  281.9641   94.2760     6861.6358     6855.7602     6867.5115 -81.405565  53.351108  -0.000606  -0.000605
1 42041U 17008CX  21078.43926093  .00002929  00000-0  11171-3 0  9997 | 2 42041  97.3303 147.9193 0008522  74.9219 285.2962 15.27433743227555 | 2021/03/19-10:32:32  187.1934    0.1239  285.2020   94.2758     6861.6241     6855.7766     6867.4716 -82.468048  51.693407  -0.000625  -0.000579
1 42041U 17008CX  21079.74948851  .00002915  00000-0  11120-3 0  9997 | 2 42041  97.3302 149.2072 0008444  71.2289 288.9865 15.27440637227759 | 2021/03/20-17:59:15  298.8815    0.1239  288.8950   94.2753     6861.6034     6855.8095     6867.3974 -83.609001  49.826728  -0.000643  -0.000548
1 42041U 17008CX  21081.12521516  .00005163  00000-0  19472-3 0  9993 | 2 42041  97.3301 150.5594 0008378  67.2474 292.9650 15.27456779227963 | 2021/03/22-03:00:18   74.1499    0.1240  292.8766   94.2744     6861.5551     6855.8065     6867.3037 -84.761449  47.839786  -0.000662  -0.000514
1 42041U 17008CX  21082.17337938  .00004514  00000-0  17054-3 0  9995 | 2 42041  97.3301 151.5897 0008279  64.0977 296.1115 15.27466200228124 | 2021/03/23-04:09:39   91.4950    0.1240  296.0263   94.2738     6861.5269     6855.8462     6867.2075 -85.607960  46.307942  -0.000672  -0.000483
1 42041U 17008CX  21083.22153841  .00004249  00000-0  16067-3 0  9999 | 2 42041  97.3302 152.6201 0008220  60.9959 299.2104 15.27474666228281 | 2021/03/24-05:19:00  108.8379    0.1240  299.1281   94.2732     6861.5015     6855.8614     6867.1417 -86.426957  44.761020  -0.000685  -0.000455
1 42041U 17008CX  21084.66274409  .00005116  00000-0  19277-3 0  9992 | 2 42041  97.3299 154.0366 0008139  56.9549 303.2471 15.27490263228502 | 2021/03/25-15:54:21  267.6803    0.1240  303.1691   94.2723     6861.4548     6855.8703     6867.0394 -87.506772  42.610730  -0.000698  -0.000419
1 42041U 17008CX  21085.71088793  .00004305  00000-0  16262-3 0  9998 | 2 42041  97.3297 155.0667 0008036  53.7909 306.4072 15.27497073228661 | 2021/03/26-17:03:40  285.0189    0.1239  306.3330   94.2719     6861.4344     6855.9206     6866.9483 -88.258490  41.030592  -0.000704  -0.000388
1 42041U 17008CX  21086.82453658  .00003025  00000-0  11508-3 0  9993 | 2 42041  97.3293 156.1611 0007955  50.4399 309.7542 15.27500901228836 | 2021/03/27-19:47:19  325.9397    0.1240  309.6841   94.2716     6861.4230     6855.9647     6866.8812 -89.025697  39.337233  -0.000711  -0.000356
1 42041U 17008CX  21088.13470558  .00002758  00000-0  10516-3 0  9997 | 2 42041  97.3289 157.4487 0007858  46.4207 313.7684 15.27507585229031 | 2021/03/29-03:13:58   77.6093    0.1240  313.7033   94.2712     6861.4029     6856.0113     6866.7946 -89.886794  37.326653  -0.000719  -0.000318
1 42041U 17008CX  21089.44486985  .00002399  00000-0  91790-4 0  9998 | 2 42041  97.3285 158.7363 0007744  42.6394 317.5445 15.27512720229239 | 2021/03/30-10:40:36  189.2774    0.1240  317.4846   94.2709     6861.3876     6856.0741     6866.7010 -90.702491  35.297240  -0.000721  -0.000282
1 42041U 17008CX  21090.75502738  .00003373  00000-0  12794-3 0  9998 | 2 42041  97.3283 160.0241 0007608  38.3590 321.8189 15.27521776229433 | 2021/03/31-18:07:14  300.9437    0.1240  321.7650   94.2703     6861.3604     6856.1403     6866.5806 -91.472679  33.249766  -0.000722  -0.000240
1 42041U 17008CX  21092.19619387  .00002795  00000-0  10647-3 0  9999 | 2 42041  97.3281 161.4406 0007495  33.9155 326.2562 15.27528570229658 | 2021/04/02-04:42:31   99.7738    0.1240  326.2085   94.2699     6861.3401     6856.1975     6866.4827 -92.266473  30.978331  -0.000723  -0.000198
1 42041U 17008CX  21093.44083131  .00003019  00000-0  11476-3 0  9991 | 2 42041  97.3278 162.6637 0007336  29.9197 330.2460 15.27536171229847 | 2021/04/03-10:34:47  187.8529    0.1239  330.2042   94.2695     6861.3173     6856.2839     6866.3508 -92.906413  29.001709  -0.000716  -0.000160
1 42041U 17008CX  21095.40603498  .00002678  00000-0  10206-3 0  9993 | 2 42041  97.3277 164.5952 0007137  23.5520 336.6045 15.27547154230143 | 2021/04/05-09:44:41  175.3410    0.1240  336.5720   94.2688     6861.2845     6856.3876     6866.1813 -93.831023  25.853827  -0.000706  -0.000101
1 42041U 17008CX  21096.78167196  .00001591  00000-0  61729-4 0  9995 | 2 42041  97.3276 165.9471 0006970  19.1300 341.0200 15.27550350230352 | 2021/04/06-18:45:36  310.5808    0.1240  340.9940   94.2686     6861.2749     6856.4926     6866.0572 -94.414775  23.632859  -0.000694  -0.000062
1 42041U 17008CX  21098.41932802  .00002119  00000-0  81293-4 0  9996 | 2 42041  97.3274 167.5562 0006840  13.2572 346.8846 15.27559189230607 | 2021/04/08-10:03:49  180.1502    0.1240  346.8668   94.2680     6861.2484     6856.5553     6865.9415 -95.040969  20.972292  -0.000684  -0.000010
1 42041U 17008CX  21099.72944978  .00001786  00000-0  68925-4 0  9994 | 2 42041  97.3272 168.8435 0006699   8.8069 351.3287 15.27562020230801 | 2021/04/09-17:30:24  291.8043    0.1240  351.3171   94.2679     6861.2399     6856.6436     6865.8363 -95.487944  18.831795  -0.000669   0.000027
1 42041U 17008CX  21100.77754409  .00001742  00000-0  67322-4 0  9992 | 2 42041  97.3270 169.8735 0006577   5.0731 355.0574 15.27565510230967 | 2021/04/10-18:39:39  309.1264    0.1240  355.0509   94.2676     6861.2295     6856.7169     6865.7421 -95.810837  17.112233  -0.000655   0.000058
1 42041U 17008CX  21102.48069112  .00001800  00000-0  69444-4 0  9994 | 2 42041  97.3268 171.5471 0006385 358.9645   1.1580 15.27572050231225 | 2021/04/12-11:32:11  202.2724    0.1240    1.1595   94.2672     6861.2099     6856.8290     6865.5908 -96.269542  14.306683  -0.000630   0.000105
1 42041U 17008CX  21104.11832562  .00001787  00000-0  68948-4 0  9995 | 2 42041  97.3266 173.1562 0006211 352.8298   7.2852 15.27578115231471 | 2021/04/14-02:50:23   71.8333    0.1240    7.2942   94.2669     6861.1917     6856.9303     6865.4532 -96.633119  11.597731  -0.000603   0.000150
1 42041U 17008CX  21105.16640730  .00002101  00000-0  80599-4 0  9992 | 2 42041  97.3264 174.1861 0006103 348.9220  11.1884 15.27584073231630 | 2021/04/15-03:59:37   89.1505    0.1240   11.2020   94.2665     6861.1739     6856.9865     6865.3613 -96.825769   9.858936  -0.000584   0.000177
1 42041U 17008CX  21106.73852707  .00001759  00000-0  67886-4 0  9997 | 2 42041  97.3262 175.7309 0005924 342.8369  17.2669 15.27587938231876 | 2021/04/16-17:43:28  295.1250    0.1240   17.2871   94.2663     6861.1623     6857.0978     6865.2269 -97.056161   7.245053  -0.000551   0.000216
1 42041U 17008CX  21107.91760216  .00005108  00000-0  19191-3 0  9998 | 2 42041  97.3253 176.8894 0005763 338.1356  21.9637 15.27607958232055 | 2021/04/17-22:01:20  359.6001    0.1240   21.9884   94.2650     6861.1024     6857.1483     6865.0564 -97.181906   5.281216  -0.000522   0.000243
1 42041U 17008CX  21109.22767426  .00004408  00000-0  16590-3 0  9996 | 2 42041  97.3252 178.1769 0005622 332.6676  27.4267 15.27623097232252 | 2021/04/19-05:27:51  111.2349    0.1240   27.4564   94.2641     6861.0571     6857.1998     6864.9143 -97.275935   3.096278  -0.000491   0.000274
1 42041U 17008CX  21110.40673208  .00003400  00000-0  12857-3 0  9995 | 2 42041  97.3254 179.3355 0005505 327.6098  32.4802 15.27630122232438 | 2021/04/20-09:45:41  175.7035    0.1239   32.5141   94.2637     6861.0360     6857.2590     6864.8130 -97.318855   1.128727  -0.000461   0.000300
1 42041U 17008CX  21111.45477573  .00004187  00000-0  15764-3 0  9991 | 2 42041  97.3255 180.3652 0005434 323.0535  37.0330 15.27641134232597 | 2021/04/21-10:54:52  193.0060    0.1240   37.0705   94.2630     6861.0030     6857.2748     6864.7313 -97.323523  -0.620343  -0.000436   0.000324
1 42041U 17008CX  21112.50281201  .00003889  00000-0  14657-3 0  9997 | 2 42041  97.3256 181.3951 0005370 318.1013  41.9815 15.27650993232759 | 2021/04/22-12:04:02  210.3059    0.1240   42.0227   94.2624     6860.9735     6857.2892     6864.6579 -97.296750  -2.369555  -0.000408   0.000349
1 42041U 17008CX  21113.61634634  .00002871  00000-0  10888-3 0  9994 | 2 42041  97.3256 182.4892 0005270 313.2841  46.7959 15.27657464232920 | 2021/04/23-14:47:32  251.1845    0.1240   46.8399   94.2620     6860.9542     6857.3384     6864.5699 -97.233766  -4.226955  -0.000378   0.000368
1 42041U 17008CX  21114.79537428  .00004918  00000-0  18451-3 0  9995 | 2 42041  97.3254 183.6477 0005206 307.8992  52.1777 15.27671313233104 | 2021/04/24-19:05:20  315.6413    0.1240   52.2248   94.2611     6860.9127     6857.3409     6864.4845 -97.128229  -6.191976  -0.000345   0.000390
1 42041U 17008CX  21115.90889357  .00004981  00000-0  18681-3 0  9995 | 2 42041  97.3251 184.7417 0005150 302.5901  57.4840 15.27681472233271 | 2021/04/25-21:48:48  356.5145    0.1239   57.5338   94.2605     6860.8823     6857.3489     6864.4156 -96.992004  -8.045267  -0.000312   0.000409
1 42041U 17008CX  21117.48091097  .00002982  00000-0  11291-3 0  9995 | 2 42041  97.3248 186.2865 0005094 295.2690  64.8021 15.27689071233514 | 2021/04/27-11:32:30  202.4485    0.1239   64.8549   94.2600     6860.8595     6857.3646     6864.3544 -96.739565 -10.657076  -0.000267   0.000434
1 42041U 17008CX  21118.85641873  .00002560  00000-0  97283-4 0  9998 | 2 42041  97.3244 187.6381 0005043 288.8305  71.2387 15.27696224233721 | 2021/04/28-20:33:14  337.6373    0.1239   71.2934   94.2596     6860.8381     6857.3782     6864.2980 -96.460877 -12.935920  -0.000225   0.000451
1 42041U 17008CX  21120.49392121  .00002056  00000-0  78644-4 0  9990 | 2 42041  97.3242 189.2470 0005015 280.7916  79.2759 15.27702845233979 | 2021/04/30-11:51:14  207.1450    0.1240   79.3324   94.2592     6860.8183     6857.3776     6864.2590 -96.059451 -15.639112  -0.000172   0.000471
1 42041U 17008CX  21121.73841813  .00002083  00000-0  79635-4 0  9996 | 2 42041  97.3240 190.4699 0005009 274.9027  85.1640 15.27708398234161 | 2021/05/01-17:43:19  295.1684    0.1239   85.2212   94.2588     6860.8017     6857.3651     6864.2382 -95.703605 -17.685615  -0.000133   0.000483
1 42041U 17008CX  21122.85191207  .00002131  00000-0  81390-4 0  9990 | 2 42041  97.3239 191.5640 0005013 269.5201  90.5464 15.27713011234337 | 2021/05/02-20:26:45  336.0299    0.1239   90.6038   94.2585     6860.7878     6857.3485     6864.2272 -95.348361 -19.509782  -0.000096   0.000492
1 42041U 17008CX  21124.16190070  .00001983  00000-0  75904-4 0  9991 | 2 42041  97.3238 192.8512 0005045 263.1234  96.9431 15.27718071234536 | 2021/05/04-03:53:08   87.6298    0.1239   97.0005   94.2582     6860.7727     6857.3114     6864.2340 -94.885935 -21.646741  -0.000053   0.000502
1 42041U 17008CX  21125.47188568  .00001756  00000-0  67507-4 0  9993 | 2 42041  97.3241 194.1380 0005103 257.4793 102.5875 15.27722004234738 | 2021/05/05-11:19:30  199.2284    0.1239  102.6446   94.2580     6860.7609     6857.2599     6864.2620 -94.376175 -23.772210  -0.000014   0.000510
1 42041U 17008CX  21126.78186724  .00001552  00000-0  59995-4 0  9996 | 2 42041  97.3240 195.4252 0005154 251.2457 108.8224 15.27725663234937 | 2021/05/06-18:45:53  310.8245    0.1240  108.8783   94.2578     6860.7500     6857.2139     6864.2860 -93.818245 -25.886249   0.000030   0.000515
1 42041U 17008CX  21128.15734406  .00001456  00000-0  56420-4 0  9998 | 2 42041  97.3238 196.7765 0005217 244.8631 115.2068 15.27729901235140 | 2021/05/08-03:46:34   85.9988    0.1240  115.2609   94.2575     6860.7373     6857.1580     6864.3165 -93.181501 -28.091457   0.000076   0.000516
1 42041U 17008CX  21129.46731849  .00001435  00000-0  55647-4 0  9998 | 2 42041  97.3237 198.0635 0005283 238.8508 121.2214 15.27734025235344 | 2021/05/09-11:12:56  197.5914    0.1240  121.2732   94.2572     6860.7249     6857.1004     6864.3494 -92.526951 -30.177242   0.000120   0.000515
1 42041U 17008CX  21130.77728982  .00001467  00000-0  56828-4 0  9995 | 2 42041  97.3235 199.3505 0005379 232.9056 127.1692 15.27738220235549 | 2021/05/10-18:39:17  309.1827    0.1239  127.2183   94.2570     6860.7124     6857.0220     6864.4027 -91.825625 -32.247764   0.000164   0.000512
1 42041U 17008CX  21132.15275546  .00001486  00000-0  57512-4 0  9994 | 2 42041  97.3234 200.7019 0005501 226.9239 133.1540 15.27742730235751 | 2021/05/12-03:39:58   84.3516    0.1239  133.2000   94.2567     6860.6989     6856.9248     6864.4729 -91.039453 -34.404393   0.000209   0.000509
1 42041U 17008CX  21133.72470791  .00002092  00000-0  79858-4 0  9998 | 2 42041  97.3233 202.2463 0005626 220.2673 139.8151 15.27752207235994 | 2021/05/13-17:23:34  290.2549    0.1240  139.8567   94.2561     6860.6705     6856.8107     6864.5303 -90.079036 -36.845516   0.000260   0.000499
1 42041U 17008CX  21135.16565392  .00003073  00000-0  11600-3 0  9990 | 2 42041  97.3226 203.6619 0005785 213.7796 146.3076 15.27765073236213 | 2021/05/15-03:58:32   88.9954    0.1240  146.3444   94.2553     6860.6320     6856.6631     6864.6009 -89.140657 -39.059335   0.000311   0.000488
1 42041U 17008CX  21136.47559590  .00002946  00000-0  11127-3 0  9990 | 2 42041  97.3225 204.9490 0005905 208.4492 151.6426 15.27774501236417 | 2021/05/16-11:24:51  200.5739    0.1239  151.6747   94.2547     6860.6038     6856.5526     6864.6549 -88.240715 -41.051737   0.000352   0.000474
1 42041U 17008CX  21137.91652138  .00003092  00000-0  11659-3 0  9995 | 2 42041  97.3222 206.3646 0006080 202.8890 157.2080 15.27785734236630 | 2021/05/17-21:59:47  359.3065    0.1240  157.2350   94.2541     6860.5701     6856.3989     6864.7414 -87.199358 -43.219006   0.000397   0.000461
1 42041U 17008CX  21139.16095102  .00002670  00000-0  10104-3 0  9991 | 2 42041  97.3223 207.5874 0006206 198.3213 161.7804 15.27793236236826 | 2021/05/19-03:51:46   87.3003    0.1239  161.8026   94.2536     6860.5477     6856.2900     6864.8053 -86.257284 -45.070068   0.000432   0.000446
1 42041U 17008CX  21140.79835110  .00003014  00000-0  11366-3 0  9997 | 2 42041  97.3227 209.1962 0006370 192.4437 167.6646 15.27802620237076 | 2021/05/20-19:09:37  316.7628    0.1239  167.6802   94.2530     6860.5196     6856.1494     6864.8897 -84.958282 -47.474185   0.000476   0.000423
1 42041U 17008CX  21141.84628216  .00002195  00000-0  83514-4 0  9995 | 2 42041  97.3227 210.2257 0006508 188.5549 171.5580 15.27805581237237 | 2021/05/21-20:18:38  334.0168    0.1238  171.5689   94.2528     6860.5107     6856.0459     6864.9755 -84.091590 -48.992984   0.000507   0.000408
1 42041U 17008CX  21143.35267637  .00002149  00000-0  81798-4 0  9990 | 2 42041  97.3228 211.7056 0006693 183.2217 176.8980 15.27813549237460 | 2021/05/23-08:27:51  156.3168    0.1238  176.9021   94.2523     6860.4869     6855.8951     6865.0786 -82.798321 -51.148465   0.000549   0.000383
1 42041U 17008CX  21144.46609414  .00001981  00000-0  75589-4 0  9990 | 2 42041  97.3228 212.7995 0006803 179.3192 180.8058 15.27818392237635 | 2021/05/24-11:11:10  197.1454    0.1239  180.8047   94.2520     6860.4724     6855.8052     6865.1395 -81.806756 -52.719846   0.000576   0.000362
1 42041U 17008CX  21145.84148808  .00002317  00000-0  87926-4 0  9990 | 2 42041  97.3226 214.1508 0006957 174.5663 185.5653 15.27825182237840 | 2021/05/25-20:11:44  332.2850    0.1239  185.5576   94.2516     6860.4520     6855.6792     6865.2248 -80.540576 -54.634276   0.000610   0.000334
1 42041U 17008CX  21147.15138462  .00001651  00000-0  63432-4 0  9997 | 2 42041  97.3226 215.4378 0007063 170.4187 189.7189 15.27827081238047 | 2021/05/27-03:37:59   83.8458    0.1239  189.7052   94.2515     6860.4463     6855.6008     6865.2919 -79.293145 -56.429475   0.000636   0.000308
1 42041U 17008CX  21148.46127385  .00002713  00000-0  10245-3 0  9997 | 2 42041  97.3222 216.7247 0007241 165.8810 194.2633 15.27836537238244 | 2021/05/28-11:04:14  195.4034    0.1239  194.2429   94.2509     6860.4180     6855.4504     6865.3857 -78.005489 -58.195827   0.000668   0.000278
1 42041U 17008CX  21149.77115722  .00002049  00000-0  78034-4 0  9997 | 2 42041  97.3219 218.0117 0007385 161.6547 198.4960 15.27841322238440 | 2021/05/29-18:30:27  306.9591    0.1239  198.4692   94.2506     6860.4037     6855.3373     6865.4701 -76.678467 -59.933004   0.000695   0.000249
1 42041U 17008CX  21151.40850489  .00001828  00000-0  69887-4 0  9996 | 2 42041  97.3218 219.6204 0007554 156.5816 203.5769 15.27848466238691 | 2021/05/31-09:48:14  176.4016    0.1239  203.5423   94.2502     6860.3823     6855.2000     6865.5647 -74.965643 -62.061945   0.000725   0.000211
1 42041U 17008CX  21152.45640456  .00001632  00000-0  62667-4 0  9995 | 2 42041  97.3218 220.6500 0007641 153.3160 206.8474 15.27851661238854 | 2021/06/01-10:57:13  193.6439    0.1239  206.8079   94.2500     6860.3728     6855.1308     6865.6148 -73.838352 -63.398978   0.000742   0.000184
1 42041U 17008CX  21153.50430106  .00002088  00000-0  79435-4 0  9998 | 2 42041  97.3222 221.6794 0007681 150.0991 210.0689 15.27857429239017 | 2021/06/02-12:06:11  210.8855    0.1239  210.0248   94.2496     6860.3555     6855.0861     6865.6249 -72.687743 -64.715552   0.000752   0.000157
1 42041U 17008CX  21154.81416553  .00002463  00000-0  93173-4 0  9995 | 2 42041  97.3219 222.9664 0007844 146.1930 213.9811 15.27864542239218 | 2021/06/03-19:32:23  322.4346    0.1239  213.9309   94.2492     6860.3342     6854.9530     6865.7155 -71.215643 -66.331625   0.000774   0.000125
1 42041U 17008CX  21155.86205388  .00002560  00000-0  96710-4 0  9991 | 2 42041  97.3221 223.9958 0007928 143.0632 217.1155 15.27869726239379 | 2021/06/04-20:41:21  339.6733    0.1239  217.0607   94.2489     6860.3187     6854.8798     6865.7575 -70.012616 -67.600479   0.000787   0.000097
1 42041U 17008CX  21156.90993751  .00002766  00000-0  10428-3 0  9994 | 2 42041  97.3222 225.0253 0008025 139.9582 220.2250 15.27875966239530 | 2021/06/05-21:50:18  356.9102    0.1239  220.1657   94.2485     6860.3000     6854.7946     6865.8054 -68.786793 -68.847568   0.000799   0.000070
1 42041U 17008CX  21158.15429554  .00001749  00000-0  66919-4 0  9995 | 2 42041  97.3222 226.2478 0008116 136.3017 223.8866 15.27879156239725 | 2021/06/07-03:42:11   84.8780    0.1239  223.8222   94.2483     6860.2905     6854.7226     6865.8583 -67.302271 -70.299466   0.000811   0.000036
1 42041U 17008CX  21159.26766351  .00002527  00000-0  95459-4 0  9993 | 2 42041  97.3221 227.3416 0008187 132.9046 227.2882 15.27887414239890 | 2021/06/08-06:25:26  125.6896    0.1239  227.2193   94.2478     6860.2657     6854.6492     6865.8822 -65.947976 -71.571333   0.000819   0.000004
1 42041U 17008CX  21160.44652122  .00002032  00000-0  77275-4 0  9992 | 2 42041  97.3220 228.4998 0008278 129.4938 230.7034 15.27890736240079 | 2021/06/09-10:42:59  190.0777    0.1238  230.6300   94.2476     6860.2558     6854.5769     6865.9347 -64.487763 -72.889644   0.000827  -0.000029
1 42041U 17008CX  21161.49439130  .00001797  00000-0  68623-4 0  9994 | 2 42041  97.3218 229.5292 0008357 126.5563 233.6447 15.27894469240230 | 2021/06/10-11:51:55  207.3106    0.1239  233.5676   94.2473     6860.2446     6854.5115     6865.9777 -63.167730 -74.036279   0.000834  -0.000057
1 42041U 17008CX  21162.86971500  .00002163  00000-0  82049-4 0  9994 | 2 42041  97.3215 230.8804 0008423 122.5794 237.6260 15.27901969240441 | 2021/06/11-20:52:23  342.4271    0.1239  237.5445   94.2469     6860.2222     6854.4438     6866.0005 -61.404148 -75.504999   0.000837  -0.000096
1 42041U 17008CX  21164.44149973  .00003395  00000-0  12719-3 0  9995 | 2 42041  97.3211 232.4246 0008491 118.2043 242.0055 15.27917141240686 | 2021/06/13-10:35:45  188.2702    0.1239  241.9196   94.2459     6860.1768     6854.3518     6866.0017 -59.346887 -77.131987   0.000838  -0.000138
1 42041U 17008CX  21165.48935060  .00002481  00000-0  93666-4 0  9996 | 2 42041  97.3210 233.4543 0008541 115.1909 245.0217 15.27922935240847 | 2021/06/14-11:44:39  205.4968    0.1239  244.9330   94.2456     6860.1594     6854.3002     6866.0187 -57.951129 -78.185956   0.000837  -0.000168
1 42041U 17008CX  21166.73366959  .00001818  00000-0  69336-4 0  9990 | 2 42041  97.3211 234.6768 0008573 111.7559 248.4594 15.27927147241035 | 2021/06/15-17:36:29  293.4529    0.1240  248.3681   94.2453     6860.1468     6854.2656     6866.0280 -56.269896 -79.404630   0.000833  -0.000201
1 42041U 17008CX  21168.10896330  .00002611  00000-0  98383-4 0  9990 | 2 42041  97.3211 236.0279 0008611 107.8589 252.3590 15.27935979241245 | 2021/06/17-02:36:54   68.5605    0.1239  252.2650   94.2448     6860.1204     6854.2131     6866.0276 -54.381974 -80.709339   0.000827  -0.000239
1 42041U 17008CX  21169.41876116  .00002169  00000-0  82166-4 0  9995 | 2 42041  97.3212 237.3148 0008624 104.1952 256.0246 15.27941207241445 | 2021/06/18-10:03:00  180.0899    0.1239  255.9287   94.2445     6860.1047     6854.1886     6866.0209 -52.555680 -81.910417   0.000818  -0.000274
1 42041U 17008CX  21170.46659390  .00002645  00000-0  99605-4 0  9990 | 2 42041  97.3214 238.3443 0008638 101.2729 258.9482 15.27948680241604 | 2021/06/19-11:11:53  197.3117    0.1240  258.8511   94.2440     6860.0824     6854.1566     6866.0081 -51.075600 -82.841644   0.000810  -0.000301
1 42041U 17008CX  21172.43126850  .00002860  00000-0  10744-3 0  9994 | 2 42041  97.3215 240.2745 0008649  95.8141 264.4085 15.27961004241909 | 2021/06/21-10:21:01  184.5994    0.1240  264.3099   94.2432     6860.0455     6854.1122     6865.9787 -48.256400 -84.515053   0.000791  -0.000351
1 42041U 17008CX  21173.61006829  .00002751  00000-0  10343-3 0  9992 | 2 42041  97.3214 241.4328 0008619  92.1145 268.1082 15.27966490242081 | 2021/06/22-14:38:29  248.9708    0.1240  268.0095   94.2429     6860.0290     6854.1164     6865.9417 -46.538039 -85.473188   0.000772  -0.000384
1 42041U 17008CX  21174.85434854  .00003514  00000-0  13133-3 0  9990 | 2 42041  97.3214 242.6552 0008603  88.9165 271.3060 15.27976349242278 | 2021/06/23-20:30:15  336.9159    0.1239  271.2074   94.2423     6859.9995     6854.0979     6865.9012 -44.704024 -86.446545   0.000757  -0.000410
1 42041U 17008CX  21176.49155060  .00003192  00000-0  11952-3 0  9990 | 2 42041  97.3214 244.2638 0008584  84.4676 275.7542 15.27986195242528 | 2021/06/25-11:47:49  206.3144    0.1239  275.6563   94.2417     6859.9701     6854.0815     6865.8587 -42.259707 -87.667395   0.000734  -0.000446
1 42041U 17008CX  21177.67032839  .00003202  00000-0  11985-3 0  9997 | 2 42041  97.3211 245.4220 0008566  81.1456 279.0753 15.27994151242707 | 2021/06/26-16:05:16  270.6790    0.1240  278.9784   94.2412     6859.9463     6854.0700     6865.8225 -40.478925 -88.503408   0.000715  -0.000472
1 42041U 17008CX  21178.78361247  .00003431  00000-0  12818-3 0  9998 | 2 42041  97.3207 246.5161 0008504  78.1865 282.0328 15.28002211242878 | 2021/06/27-18:48:24  311.4661    0.1240  281.9375   94.2407     6859.9221     6854.0885     6865.7558 -38.781458 -89.259829   0.000694  -0.000491
1 42041U 17008CX  21179.83140579  .00002699  00000-0  10141-3 0  9990 | 2 42041  97.3207 247.5455 0008455  75.1551 285.0625 15.28006684243039 | 2021/06/28-19:57:13  328.6767    0.1240  284.9689   94.2404     6859.9087     6854.1087     6865.7088 -37.171606 -89.942150   0.000673  -0.000512
1 42041U 17008CX  21180.87919567  .00002809  00000-0  10541-3 0  9994 | 2 42041  97.3206 248.5750 0008408  72.1358 288.0798 15.28012312243193 | 2021/06/29-21:06:02  345.8863    0.1240  287.9882   94.2401     6859.8919     6854.1241     6865.6597 -35.549561 -90.595408   0.000651  -0.000532
1 42041U 17008CX  21181.92698222  .00002722  00000-0  10221-3 0  9992 | 2 42041  97.3206 249.6045 0008367  69.0982 291.1153 15.28016872243357 | 2021/06/30-22:14:51    3.0948    0.1240  291.0258   94.2398     6859.8783     6854.1386     6865.6179 -33.916077 -91.219510   0.000629  -0.000552
1 42041U 17008CX  21183.43316857  .00002741  00000-0  10290-3 0  9998 | 2 42041  97.3207 251.0843 0008277  64.9115 295.2983 15.28024460243586 | 2021/07/02-10:23:45  185.3304    0.1240  295.2125   94.2393     6859.8555     6854.1776     6865.5334 -31.549098 -92.065048   0.000595  -0.000575
1 42041U 17008CX  21184.48094535  .00002574  00000-0  96779-4 0  9991 | 2 42041  97.3208 252.1137 0008208  61.7956 298.4112 15.28029733243742 | 2021/07/03-11:32:33  202.5364    0.1240  298.3284   94.2390     6859.8398     6854.2092     6865.4703 -29.890047 -92.617078   0.000569  -0.000591
1 42041U 17008CX  21185.72517581  .00002425  00000-0  91302-4 0  9992 | 2 42041  97.3209 253.3360 0008131  58.1601 302.0429 15.28035728243931 | 2021/07/04-17:24:15  290.4672    0.1240  301.9639   94.2386     6859.8218     6854.2441     6865.3995 -27.907609 -93.233701   0.000539  -0.000609
1 42041U 17008CX  21186.83843092  .00002335  00000-0  88019-4 0  9995 | 2 42041  97.3210 254.4298 0008055  54.9570 305.2424 15.28040579244109 | 2021/07/05-20:07:20  331.2461    0.1240  305.1670   94.2383     6859.8073     6854.2817     6865.3329 -26.122789 -93.749544   0.000511  -0.000623
1 42041U 17008CX  21188.14813635  .00002428  00000-0  91386-4 0  9995 | 2 42041  97.3210 255.7166 0007942  51.0510 309.1436 15.28047828244305 | 2021/07/07-03:33:18   82.7490    0.1240  309.0730   94.2379     6859.7856     6854.3376     6865.2336 -24.010867 -94.312540   0.000475  -0.000636
1 42041U 17008CX  21189.45783020  .00003822  00000-0  14227-3 0  9991 | 2 42041  97.3211 257.0034 0007816  47.2079 312.9817 15.28062200244500 | 2021/07/08-10:59:16  194.2479    0.1240  312.9161   94.2370     6859.7426     6854.3810     6865.1042 -21.886857 -94.828065   0.000439  -0.000646
1 42041U 17008CX  21190.50558127  .00002655  00000-0  99626-4 0  9997 | 2 42041  97.3209 258.0329 0007702  43.9629 316.2222 15.28067131244665 | 2021/07/09-12:08:02  211.4460    0.1240  316.1611   94.2367     6859.7278     6854.4445     6865.0112 -20.179488 -95.205808   0.000408  -0.000653
1 42041U 17008CX  21191.88075111  .00001757  00000-0  66826-4 0  9994 | 2 42041  97.3206 259.3842 0007590  39.7187 320.4607 15.28070749244879 | 2021/07/10-21:08:16  346.5169    0.1240  320.4053   94.2365     6859.7170     6854.5105     6864.9235 -17.928634 -95.654918   0.000369  -0.000663
1 42041U 17008CX  21192.92849695  .00002025  00000-0  76617-4 0  9994 | 2 42041  97.3207 260.4136 0007517  36.2114 323.9633 15.28074936245038 | 2021/07/11-22:17:02    3.7134    0.1240  323.9126   94.2362     6859.7045     6854.5480     6864.8609 -16.207274 -95.961674   0.000337  -0.000672
1 42041U 17008CX  21194.43462614  .00001817  00000-0  68986-4 0  9992 | 2 42041  97.3206 261.8934 0007373  31.4273 328.7406 15.28080169245262 | 2021/07/13-10:25:51  185.9315    0.1240  328.6967   94.2359     6859.6888     6854.6312     6864.7465 -13.723691 -96.348116   0.000292  -0.000677
1 42041U 17008CX  21195.74430081  .00001539  00000-0  58852-4 0  9992 | 2 42041  97.3205 263.1802 0007241  27.3341 332.8278 15.28083113245461 | 2021/07/14-17:51:47  297.4244    0.1240  332.7899   94.2357     6859.6800     6854.7129     6864.6471 -11.556528 -96.631912   0.000254  -0.000678
1 42041U 17008CX  21197.38138737  .00001569  00000-0  59941-4 0  9990 | 2 42041  97.3203 264.7886 0007071  22.0301 338.1241 15.28089064245715 | 2021/07/16-09:09:11  166.7885    0.1240  338.0939   94.2353     6859.6622     6854.8117     6864.5127  -8.839674 -96.918012   0.000205  -0.000677
1 42041U 17008CX  21198.42911787  .00001905  00000-0  72169-4 0  9991 | 2 42041  97.3203 265.8181 0006954  18.5605 341.5887 15.28095099245877 | 2021/07/17-10:17:55  183.9796    0.1240  341.5635   94.2350     6859.6441     6854.8739     6864.4143  -7.096902 -97.061191   0.000173  -0.000674
1 42041U 17008CX  21199.86974189  .00002376  00000-0  89371-4 0  9991 | 2 42041  97.3202 267.2335 0006763  14.1447 345.9981 15.28103684246095 | 2021/07/18-20:52:25  342.6152    0.1240  345.9793   94.2344     6859.6184     6854.9793     6864.2576  -4.697235 -97.206776   0.000133  -0.000663
1 42041U 17008CX  21201.44132523  .00002422  00000-0  91013-4 0  9995 | 2 42041  97.3203 268.7775 0006570   8.7442 351.3911 15.28110839246331 | 2021/07/20-10:35:30  188.3978    0.1240  351.3798   94.2340     6859.5970     6855.0903     6864.1038  -2.076332 -97.298148   0.000086  -0.000651
1 42041U 17008CX  21202.48904300  .00002054  00000-0  77573-4 0  9996 | 2 42041  97.3202 269.8070 0006476   4.5957 355.5341 15.28114895246496 | 2021/07/21-11:44:13  205.5848    0.1240  355.5283   94.2338     6859.5849     6855.1426     6864.0272  -0.327821 -97.319648   0.000050  -0.000646
1 42041U 17008CX  21203.73320453  .00003044  00000-0  11367-3 0  9994 | 2 42041  97.3204 271.0293 0006316   0.3900 359.7344 15.28122805246685 | 2021/07/22-17:35:48  293.4924    0.1241  359.7341   94.2333     6859.5612     6855.2287     6863.8937   1.748235 -97.304696   0.000016  -0.000631
1 42041U 17008CX  21204.84639616  .00003251  00000-0  12120-3 0  9999 | 2 42041  97.3202 272.1232 0006181 356.3284   3.7910 15.28129209246856 | 2021/07/23-20:18:48  334.2497    0.1241    3.7957   94.2329     6859.5421     6855.3022     6863.7819   3.605553 -97.253387  -0.000017  -0.000618
1 42041U 17008CX  21206.15602752  .00002805  00000-0  10492-3 0  9990 | 2 42041  97.3199 273.4100 0006041 351.2035   8.9098 15.28135302247050 | 2021/07/25-03:44:40   85.7271    0.1240    8.9205   94.2325     6859.5238     6855.3800     6863.6677   5.788646 -97.147591  -0.000057  -0.000601
1 42041U 17008CX  21207.40017209  .00002442  00000-0  91662-4 0  9992 | 2 42041  97.3196 274.6325 0005903 346.3641  13.7438 15.28140900247246 | 2021/07/26-09:36:14  173.6284    0.1240   13.7599   94.2321     6859.5071     6855.4579     6863.5562   7.859951 -97.001679  -0.000092  -0.000583
1 42041U 17008CX  21208.44786910  .00002517  00000-0  94403-4 0  9998 | 2 42041  97.3194 275.6619 0005785 342.2554  17.8482 15.28146251247404 | 2021/07/27-10:44:55  190.8068    0.1239   17.8685   94.2318     6859.4911     6855.5228     6863.4593   9.601342 -96.844617  -0.000121  -0.000566
1 42041U 17008CX  21209.82296584  .00002486  00000-0  93254-4 0  9992 | 2 42041  97.3191 277.0129 0005640 336.6260  23.4723 15.28153070247615 | 2021/07/28-19:45:04  325.8513    0.1241   23.4981   94.2314     6859.4707     6855.6019     6863.3394  11.881962 -96.591025  -0.000159  -0.000541
1 42041U 17008CX  21210.87065436  .00002560  00000-0  95933-4 0  9998 | 2 42041  97.3190 278.0422 0005542 332.2730  27.8214 15.28158605247775 | 2021/07/29-20:53:44  343.0264    0.1241   27.8511   94.2311     6859.4541     6855.6526     6863.2556  13.615164 -96.361896  -0.000187  -0.000522
1 42041U 17008CX  21212.44218074  .00002365  00000-0  88824-4 0  9995 | 2 42041  97.3190 279.5861 0005396 325.6172  34.4718 15.28165852248014 | 2021/07/31-10:36:44  188.7864    0.1240   34.5068   94.2306     6859.4324     6855.7311     6863.1338  16.206488 -95.960083  -0.000226  -0.000490
1 42041U 17008CX  21213.48986094  .00001734  00000-0  65801-4 0  9993 | 2 42041  97.3191 280.6154 0005301 320.9730  39.1127 15.28169032248174 | 2021/08/01-11:45:23  205.9579    0.1240   39.1510   94.2304     6859.4229     6855.7867     6863.0591  17.927690 -95.653568  -0.000252  -0.000466
1 42041U 17008CX  21214.66849825  .00001699  00000-0  64543-4 0  9996 | 2 42041  97.3192 281.7733 0005225 315.6903  44.3918 15.28173823248357 | 2021/08/02-16:02:38  270.2748    0.1240   44.4337   94.2301     6859.4086     6855.8245     6862.9926  19.856997 -95.271855  -0.000281  -0.000440
1 42041U 17008CX  21215.71617233  .00001970  00000-0  74377-4 0  9997 | 2 42041  97.3194 282.8026 0005155 311.0396  49.0397 15.28178962248514 | 2021/08/03-17:11:17  287.4436    0.1239   49.0843   94.2298     6859.3932     6855.8572     6862.9292  21.565273 -94.899972  -0.000304  -0.000416
1 42041U 17008CX  21216.76384356  .00002208  00000-0  83060-4 0  9994 | 2 42041  97.3194 283.8318 0005097 306.2913  53.7856 15.28184076248677 | 2021/08/04-18:19:56  304.6111    0.1240   53.8327   94.2295     6859.3779     6855.8816     6862.8741  23.266384 -94.497307  -0.000327  -0.000391
1 42041U 17008CX  21217.81151199  .00001966  00000-0  74216-4 0  9991 | 2 42041  97.3194 284.8611 0005039 301.3101  58.7645 15.28187782248831 | 2021/08/05-19:28:34  321.7773    0.1240   58.8139   94.2293     6859.3668     6855.9103     6862.8232  24.960152 -94.064108  -0.000349  -0.000364
1 42041U 17008CX  21218.99013606  .00001885  00000-0  71259-4 0  9995 | 2 42041  97.3191 286.0192 0005019 295.8263  64.2459 15.28191796249016 | 2021/08/06-23:45:47   26.0880    0.1240   64.2977   94.2290     6859.3548     6855.9121     6862.7975  26.856126 -93.540129  -0.000374  -0.000335
1 42041U 17008CX  21220.10327198  .00003575  00000-0  13272-3 0  9993 | 2 42041  97.3190 287.1128 0004970 290.2263  69.8442 15.28204481249187 | 2021/08/08-02:28:42   66.8222    0.1240   69.8977   94.2282     6859.3168     6855.9077     6862.7259  28.636490 -93.010425  -0.000395  -0.000301
1 42041U 17008CX  21221.41284031  .00002979  00000-0  11103-3 0  9994 | 2 42041  97.3187 288.3996 0004938 283.9526  76.1164 15.28210602249380 | 2021/08/09-09:54:29  178.2723    0.1239   76.1713   94.2279     6859.2985     6855.9114     6862.6856  30.717909 -92.343594  -0.000417  -0.000264
1 42041U 17008CX  21222.46049069  .00002154  00000-0  81004-4 0  9993 | 2 42041  97.3185 289.4289 0004927 278.9386  81.1296 15.28214144249546 | 2021/08/10-11:03:06  195.4305    0.1240   81.1854   94.2276     6859.2879     6855.9083     6862.6675  32.371719 -91.776698  -0.000434  -0.000234
1 42041U 17008CX  21223.90100673  .00001734  00000-0  65703-4 0  9993 | 2 42041  97.3181 290.8442 0004908 271.8067  88.2610 15.28218453249765 | 2021/08/11-21:37:26  354.0213    0.1239   88.3172   94.2274     6859.2750     6855.9085     6862.6415  34.628506 -90.948772  -0.000453  -0.000189
1 42041U 17008CX  21225.47247419  .00001720  00000-0  65205-4 0  9999 | 2 42041  97.3183 292.3876 0004961 264.7200  95.3473 15.28223725250007 | 2021/08/13-11:20:21  199.7555    0.1239   95.4039   94.2270     6859.2592     6855.8563     6862.6621  37.065648 -89.983272  -0.000474  -0.000146
1 42041U 17008CX  21226.91298097  .00001673  00000-0  63467-4 0  9992 | 2 42041  97.3181 293.8027 0004999 257.6116 102.4565 15.28228482250228 | 2021/08/14-21:54:41  358.3419    0.1240  102.5124   94.2267     6859.2450     6855.8161     6862.6739  39.276457 -89.040286  -0.000490  -0.000099
1 42041U 17008CX  21228.41896010  .00001819  00000-0  68776-4 0  9998 | 2 42041  97.3180 295.2822 0005060 250.5745 109.4948 15.28234562250459 | 2021/08/16-10:03:18  180.4981    0.1239  109.5494   94.2264     6859.2268     6855.7560     6862.6976  41.562277 -87.996422  -0.000503  -0.000052
1 42041U 17008CX  21229.46659543  .00001752  00000-0  66344-4 0  9997 | 2 42041  97.3179 296.3114 0005107 245.6477 114.4230 15.28237670250613 | 2021/08/17-11:11:53  197.6488    0.1240  114.4763   94.2262     6859.2175     6855.7145     6862.7205  43.136116 -87.235596  -0.000510  -0.000017
1 42041U 17008CX  21230.71065630  .00002476  00000-0  92618-4 0  9992 | 2 42041  97.3181 297.5334 0005176 239.2485 120.8245 15.28245608250805 | 2021/08/18-17:03:20  285.5126    0.1239  120.8754   94.2257     6859.1937     6855.6434     6862.7441  44.986811 -86.295999  -0.000517   0.000029
1 42041U 17008CX  21232.41304606  .00002628  00000-0  98107-4 0  9998 | 2 42041  97.3180 299.2057 0005306 231.9736 128.1026 15.28255332251060 | 2021/08/20-09:54:47  178.3754    0.1240  128.1504   94.2251     6859.1647     6855.5252     6862.8041  47.485977 -84.946307  -0.000524   0.000081
1 42041U 17008CX  21233.46066348  .00003214  00000-0  11936-3 0  9998 | 2 42041  97.3180 300.2349 0005396 227.4824 132.5961 15.28264031251225 | 2021/08/21-11:03:21  195.5187    0.1240  132.6416   94.2246     6859.1386     6855.4374     6862.8398  49.004119 -84.079661  -0.000527   0.000115
1 42041U 17008CX  21234.63922717  .00003366  00000-0  12485-3 0  9997 | 2 42041  97.3177 301.3929 0005525 222.1931 137.8884 15.28272826251405 | 2021/08/22-15:20:29  259.8023    0.1239  137.9308   94.2240     6859.1123     6855.3226     6862.9020  50.693165 -83.071883  -0.000530   0.000156
1 42041U 17008CX  21235.75231183  .00002959  00000-0  11005-3 0  9995 | 2 42041  97.3174 302.4863 0005611 217.5787 142.5061 15.28278011251574 | 2021/08/23-18:03:19  300.5132    0.1239  142.5452   94.2237     6859.0968     6855.2482     6862.9454  52.268974 -82.089163  -0.000527   0.000191
1 42041U 17008CX  21236.86539296  .00001731  00000-0  65486-4 0  9994 | 2 42041  97.3171 303.5799 0005721 213.0859 147.0024 15.28279862251747 | 2021/08/24-20:46:09  341.2224    0.1240  147.0381   94.2236     6859.0913     6855.1672     6863.0153  53.826022 -81.076367  -0.000525   0.000227
1 42041U 17008CX  21237.91299268  .00004039  00000-0  14919-3 0  9991 | 2 42041  97.3167 304.6089 0005811 208.9066 151.1853 15.28292764251909 | 2021/08/25-21:54:42  358.3583    0.1240  151.2174   94.2228     6859.0527     6855.0669     6863.0384  55.273122 -80.096330  -0.000520   0.000259
1 42041U 17008CX  21239.41891048  .00003824  00000-0  14134-3 0  9992 | 2 42041  97.3163 306.0882 0005994 202.7226 157.3749 15.28301360252135 | 2021/08/27-10:03:13  180.4881    0.1239  157.4013   94.2223     6859.0269     6854.9156     6863.1382  57.322214 -78.642393  -0.000513   0.000310
1 42041U 17008CX  21240.72838808  .00012245  00000-0  44594-3 0  9993 | 2 42041  97.3161 307.3744 0006140 197.9874 162.1150 15.28331906252333 | 2021/08/28-17:28:52  291.8996    0.1240  162.1366   94.2204     6858.9355     6854.7242     6863.1469  59.072900 -77.335734  -0.000505   0.000349
1 42041U 17008CX  21241.77595389  .00012312  00000-0  44808-3 0  9996 | 2 42041  97.3161 308.4032 0006247 194.3992 165.7071 15.28351310252494 | 2021/08/29-18:37:22  309.0231    0.1240  165.7248   94.2192     6858.8775     6854.5927     6863.1622  60.451939 -76.262615  -0.000498   0.000378
1 42041U 17008CX  21242.82351752  .00005135  00000-0  18861-3 0  9992 | 2 42041  97.3162 309.4322 0006364 190.5355 169.5752 15.28347856252655 | 2021/08/30-19:45:51  326.1451    0.1239  169.5884   94.2194     6858.8878     6854.5228     6863.2528  61.811814 -75.164769  -0.000487   0.000409
1 42041U 17008CX  21244.13296568  .00003621  00000-0  13376-3 0  9995 | 2 42041  97.3163 310.7183 0006498 185.9213 174.1951 15.28354204252855 | 2021/09/01-03:11:28   77.5453    0.1239  174.2026   94.2190     6858.8688     6854.4119     6863.3257  63.483365 -73.758556  -0.000472   0.000446
1 42041U 17008CX  21245.44240146  .00003931  00000-0  14493-3 0  9996 | 2 42041  97.3165 312.0045 0006659 181.5454 178.5767 15.28367463253054 | 2021/09/02-10:37:03  188.9410    0.1240  178.5786   94.2182     6858.8292     6854.2619     6863.3965  65.123128 -72.315139  -0.000459   0.000483
1 42041U 17008CX  21246.62088809  .00003097  00000-0  11473-3 0  9991 | 2 42041  97.3165 313.1621 0006800 177.4523 182.6752 15.28373549253237 | 2021/09/03-14:54:04  253.1947    0.1239  182.6716   94.2178     6858.8110     6854.1470     6863.4749  66.570788 -70.984726  -0.000443   0.000516
1 42041U 17008CX  21247.66842457  .00004459  00000-0  16393-3 0  9992 | 2 42041  97.3165 314.1910 0006919 173.5922 186.5407 15.28384803253392 | 2021/09/04-16:02:31  270.3060    0.1239  186.5317   94.2171     6858.7773     6854.0317     6863.5229  67.834708 -69.777887  -0.000424   0.000547
1 42041U 17008CX  21248.71595444  .00004616  00000-0  16955-3 0  9999 | 2 42041  97.3163 315.2201 0007020 170.4700 189.6675 15.28394587253558 | 2021/09/05-17:10:58  287.4156    0.1240  189.6540   94.2165     6858.7480     6853.9332     6863.5629  69.076850 -68.548165  -0.000410   0.000570
1 42041U 17008CX  21249.82895035  .00003159  00000-0  11685-3 0  9997 | 2 42041  97.3160 316.3136 0007145 166.8725 193.2702 15.28399790253720 | 2021/09/06-19:53:41  328.0924    0.1239  193.2514   94.2162     6858.7324     6853.8319     6863.6330  70.372228 -67.217211  -0.000391   0.000598
1 42041U 17008CX  21251.13835123  .00003032  00000-0  11223-3 0  9994 | 2 42041  97.3154 317.5998 0007259 162.6373 197.5117 15.28407560253925 | 2021/09/08-03:19:13   79.4749    0.1240  197.4867   94.2157     6858.7092     6853.7305     6863.6879  71.862848 -65.620257  -0.000366   0.000627
1 42041U 17008CX  21252.18586028  .00005388  00000-0  19727-3 0  9990 | 2 42041  97.3151 318.6288 0007363 159.3799 200.7740 15.28424006254088 | 2021/09/09-04:27:38   96.5767    0.1240  200.7441   94.2147     6858.6600     6853.6100     6863.7100  73.029473 -64.318930  -0.000346   0.000650
1 42041U 17008CX  21253.42976602  .00006409  00000-0  23399-3 0  9994 | 2 42041  97.3146 319.8507 0007472 155.3858 204.7740 15.28442268254277 | 2021/09/10-10:18:51  184.3810    0.1240  204.7382   94.2136     6858.6054     6853.4806     6863.7301  74.384058 -62.746660  -0.000319   0.000676
1 42041U 17008CX  21254.47725581  .00007512  00000-0  27362-3 0  9998 | 2 42041  97.3144 320.8794 0007574 152.2012 207.9634 15.28456823254433 | 2021/09/11-11:27:14  201.4763    0.1239  207.9227   94.2127     6858.5618     6853.3672     6863.7565  75.498419 -61.400986  -0.000297   0.000697
1 42041U 17008CX  21255.91753914  .00005061  00000-0  18519-3 0  9990 | 2 42041  97.3142 322.2939 0007708 148.0038 212.1671 15.28471117254654 | 2021/09/12-22:01:15  359.9771    0.1239  212.1201   94.2118     6858.5191     6853.2325     6863.8056  76.990949 -59.518462  -0.000267   0.000723
1 42041U 17008CX  21257.16141261  .00003646  00000-0  13413-3 0  9990 | 2 42041  97.3142 323.5155 0007795 144.0825 216.0940 15.28478723254847 | 2021/09/14-03:52:26   87.7704    0.1239  216.0414   94.2113     6858.4963     6853.1501     6863.8425  78.242344 -57.863539  -0.000236   0.000743
1 42041U 17008CX  21258.47074651  .00002916  00000-0  10778-3 0  9993 | 2 42041  97.3144 324.8013 0007909 140.2163 219.9658 15.28485159255048 | 2021/09/15-11:17:52  199.1297    0.1239  219.9076   94.2109     6858.4771     6853.0527     6863.9014  79.521238 -56.093361  -0.000205   0.000764
1 42041U 17008CX  21259.78007450  .00002648  00000-0  98084-4 0  9990 | 2 42041  97.3145 326.0873 0008007 136.4948 223.6925 15.28491843255243 | 2021/09/16-18:43:18  310.4871    0.1240  223.6292   94.2105     6858.4571     6852.9655     6863.9486  80.760198 -54.294589  -0.000174   0.000781
1 42041U 17008CX  21261.08939605  .00002776  00000-0  10269-3 0  9992 | 2 42041  97.3144 327.3734 0008080 132.7503 227.4418 15.28499510255449 | 2021/09/18-02:08:43   61.8425    0.1239  227.3736   94.2100     6858.4341     6852.8925     6863.9757  81.958400 -52.468211  -0.000142   0.000795
1 42041U 17008CX  21262.46416720  .00004014  00000-0  14722-3 0  9998 | 2 42041  97.3145 328.7237 0008208 128.5961 231.6016 15.28516514255654 | 2021/09/19-11:08:24  196.7593    0.1240  231.5279   94.2090     6858.3833     6852.7539     6864.0126  83.172139 -50.522343  -0.000105   0.000814
1 42041U 17008CX  21263.77346603  .00003086  00000-0  11376-3 0  9995 | 2 42041  97.3141 330.0097 0008238 124.9585 235.2430 15.28526004255852 | 2021/09/20-18:33:47  308.1076    0.1240  235.1655   94.2084     6858.3549     6852.7050     6864.0048  84.284719 -48.642782  -0.000071   0.000821
1 42041U 17008CX  21265.41008175  .00003489  00000-0  12824-3 0  9993 | 2 42041  97.3136 331.6172 0008293 120.1171 240.0892 15.28536514256109 | 2021/09/22-09:50:31  177.2901    0.1240  240.0069   94.2078     6858.3234     6852.6358     6864.0111  85.615660 -46.259005  -0.000025   0.000829
1 42041U 17008CX  21266.45750974  .00003778  00000-0  13859-3 0  9999 | 2 42041  97.3133 332.6459 0008350 117.1167 243.0925 15.28543504256264 | 2021/09/23-10:58:48  194.3649    0.1239  243.0072   94.2073     6858.3025     6852.5759     6864.0292  86.432094 -44.714333   0.000003   0.000835
1 42041U 17008CX  21267.76678730  .00004110  00000-0  15048-3 0  9996 | 2 42041  97.3127 333.9318 0008402 113.7159 246.4963 15.28553363256461 | 2021/09/24-18:24:10  305.7064    0.1239  246.4080   94.2067     6858.2730     6852.5107     6864.0354  87.413236 -42.763159   0.000034   0.000839
1 42041U 17008CX  21269.14151783  .00004282  00000-0  15662-3 0  9996 | 2 42041  97.3123 335.2820 0008439 109.7938 250.4213 15.28564696256677 | 2021/09/26-03:23:47   80.6113    0.1240  250.3302   94.2060     6858.2391     6852.4515     6864.0268  88.396241 -40.691379   0.000072   0.000841
1 42041U 17008CX  21270.45077563  .00004526  00000-0  16535-3 0  9996 | 2 42041  97.3121 336.5675 0008442 106.1207 254.0963 15.28575853256872 | 2021/09/27-10:49:07  191.9472    0.1240  254.0033   94.2053     6858.2058     6852.4161     6863.9955  89.286694 -38.697948   0.000107   0.000837
1 42041U 17008CX  21272.15279714  .00004809  00000-0  17542-3 0  9990 | 2 42041  97.3122 338.2388 0008467 101.3305 258.8887 15.28590589257136 | 2021/09/29-03:40:01   84.6790    0.1240  258.7935   94.2044     6858.1617     6852.3549     6863.9685  90.377450 -36.077427   0.000153   0.000833
1 42041U 17008CX  21273.46203377  .00004807  00000-0  17528-3 0  9999 | 2 42041  97.3123 339.5245 0008463  97.6059 262.6142 15.28601263257333 | 2021/09/30-11:05:19  196.0081    0.1239  262.5180   94.2038     6858.1298     6852.3257     6863.9338  91.164289 -34.040506   0.000188   0.000825
1 42041U 17008CX  21274.77125885  .00005297  00000-0  19282-3 0  9994 | 2 42041  97.3125 340.8102 0008417  93.9894 266.2308 15.28614851257530 | 2021/10/01-18:30:36  307.3337    0.1240  266.1346   94.2029     6858.0891     6852.3167     6863.8616  91.905321 -31.986475   0.000221   0.000812
1 42041U 17008CX  21276.14593289  .00004943  00000-0  18002-3 0  9990 | 2 42041  97.3126 342.1602 0008423  90.0939 270.1267 15.28628018257747 | 2021/10/03-03:30:08   82.2209    0.1241  270.0302   94.2021     6858.0497     6852.2732     6863.8263  92.633500 -29.812359   0.000257   0.000802
1 42041U 17008CX  21277.25875582  .00004613  00000-0  16814-3 0  9995 | 2 42041  97.3124 343.2531 0008393  86.9350 273.2851 15.28637976257910 | 2021/10/04-06:12:36  122.8416    0.1241  273.1891   94.2015     6858.0200     6852.2640     6863.7759  93.185085 -28.040029   0.000284   0.000790
1 42041U 17008CX  21278.43703161  .00004044  00000-0  14769-3 0  9994 | 2 42041  97.3122 344.4104 0008357  83.7107 276.5084 15.28646921258096 | 2021/10/05-10:29:19  187.0260    0.1239  276.4132   94.2010     6857.9932     6852.2620     6863.7244  93.732217 -26.152166   0.000311   0.000776
1 42041U 17008CX  21279.74621393  .00005949  00000-0  21589-3 0  9998 | 2 42041  97.3117 345.6959 0008380  80.2475 279.9711 15.28665117258291 | 2021/10/06-17:54:32  298.3370    0.1240  279.8765   94.1998     6857.9388     6852.1918     6863.6857  94.294848 -24.042641   0.000342   0.000765
1 42041U 17008CX  21281.18629736  .00005545  00000-0  20128-3 0  9998 | 2 42041  97.3112 347.1105 0008246  75.9031 284.3125 15.28682971258517 | 2021/10/08-04:28:16   96.7749    0.1240  284.2209   94.1987     6857.8854     6852.2304     6863.5404  94.859161 -21.707353   0.000374   0.000735
1 42041U 17008CX  21282.42999669  .00004543  00000-0  16536-3 0  9996 | 2 42041  97.3106 348.3315 0008219  72.4131 287.8006 15.28692536258704 | 2021/10/09-10:19:11  184.5134    0.1240  287.7109   94.1981     6857.8568     6852.2203     6863.4933  95.299594 -19.680963   0.000402   0.000717
1 42041U 17008CX  21283.67368891  .00004429  00000-0  16126-3 0  9999 | 2 42041  97.3103 349.5527 0008134  68.6881 291.5226 15.28701599258890 | 2021/10/10-16:10:06  272.2502    0.1240  291.4359   94.1976     6857.8297     6852.2515     6863.4078  95.697101 -17.645380   0.000428   0.000692
1 42041U 17008CX  21284.72100092  .00005041  00000-0  18308-3 0  9998 | 2 42041  97.3101 350.5810 0008066  65.6407 294.5674 15.28711933259052 | 2021/10/11-17:18:14  289.2891    0.1240  294.4833   94.1969     6857.7988     6852.2673     6863.3303  95.998160 -15.925101   0.000448   0.000670
1 42041U 17008CX  21286.09558169  .00008034  00000-0  28995-3 0  9990 | 2 42041  97.3101 351.9305 0007996  61.5544 298.6501 15.28736200259265 | 2021/10/13-02:17:38   64.1471    0.1241  298.5697   94.1955     6857.7262     6852.2428     6863.2096  96.346586 -13.659827   0.000476   0.000643
1 42041U 17008CX  21287.14286133  .00008948  00000-0  32235-3 0  9992 | 2 42041  97.3102 352.9588 0007937  58.6051 301.5964 15.28761768259427 | 2021/10/14-03:25:43   81.1748    0.1240  301.5189   94.1939     6857.6497     6852.2068     6863.0927  96.576312 -11.928579   0.000493   0.000622
1 42041U 17008CX  21288.71376505  .00005529  00000-0  20019-3 0  9998 | 2 42041  97.3106 354.5014 0007773  54.0005 306.1955 15.28776969259666 | 2021/10/15-17:07:49  286.7114    0.1241  306.1236   94.1929     6857.6043     6852.2739     6862.9347  96.862829  -9.324441   0.000515   0.000582
1 42041U 17008CX  21290.41556495  .00003658  00000-0  13332-3 0  9997 | 2 42041  97.3106 356.1728 0007652  48.8741 311.3159 15.28786307259920 | 2021/10/17-09:58:24  179.3713    0.1241  311.2500   94.1924     6857.5764     6852.3289     6862.8238  97.093587  -6.495247   0.000541   0.000542
1 42041U 17008CX  21291.46281813  .00005016  00000-0  18175-3 0  9992 | 2 42041  97.3104 357.2014 0007570  45.6290 314.5569 15.28797807260087 | 2021/10/18-11:06:27  196.3902    0.1240  314.4950   94.1917     6857.5420     6852.3508     6862.7331  97.194341  -4.751216   0.000555   0.000515
1 42041U 17008CX  21292.77187560  .00003651  00000-0  13300-3 0  9999 | 2 42041  97.3101 358.4870 0007443  41.5353 318.6452 15.28806522260284 | 2021/10/19-18:31:30  307.6609    0.1241  318.5888   94.1911     6857.5159     6852.4119     6862.6200  97.276174  -2.569353   0.000570   0.000479
1 42041U 17008CX  21294.14637610  .00003623  00000-0  13196-3 0  9990 | 2 42041  97.3098 359.8369 0007316  37.1774 322.9972 15.28818081260495 | 2021/10/21-03:30:46   82.4919    0.1241  322.9467   94.1904     6857.4813     6852.4644     6862.4983  97.309406  -0.277005   0.000584   0.000440
1 42041U 17008CX  21295.45541698  .00003169  00000-0  11573-3 0  9997 | 2 42041  97.3092   1.1222 0007175  33.1850 326.9839 15.28825657260693 | 2021/10/22-10:55:48  193.7572    0.1241  326.9391   94.1899     6857.4587     6852.5385     6862.3789  97.290536   1.905784   0.000593   0.000404
1 42041U 17008CX  21296.63354864  .00003027  00000-0  11064-3 0  9993 | 2 42041  97.3088   2.2790 0007063  29.3841 330.7795 15.28832374260871 | 2021/10/23-15:12:18  257.8944    0.1241  330.7400   94.1895     6857.4386     6852.5952     6862.2820  97.231832   3.869540   0.000601   0.000371
1 42041U 17008CX  21297.74622331  .00003084  00000-0  11263-3 0  9997 | 2 42041  97.3085   3.3715 0006957  25.6454 334.5130 15.28839191261046 | 2021/10/24-17:54:33  298.4666    0.1241  334.4787   94.1891     6857.4182     6852.6475     6862.1889  97.140079   5.722696   0.000608   0.000337
1 42041U 17008CX  21298.85889216  .00003755  00000-0  13653-3 0  9997 | 2 42041  97.3083   4.4640 0006856  21.9360 338.2172 15.28848298261210 | 2021/10/25-20:36:48  339.0368    0.1240  338.1880   94.1885     6857.3910     6852.6896     6862.0924  97.013109   7.573768   0.000614   0.000305
1 42041U 17008CX  21299.90610432  .00004442  00000-0  16101-3 0  9991 | 2 42041  97.3080   5.4921 0006729  18.4627 341.6856 15.28857114261377 | 2021/10/26-21:44:47  356.0422    0.1241  341.6614   94.1880     6857.3646     6852.7503     6861.9789  96.861298   9.313203   0.000615   0.000273
1 42041U 17008CX  21301.14965969  .00005244  00000-0  18949-3 0  9992 | 2 42041  97.3082   6.7129 0006615  14.2254 345.9171 15.28870093261566 | 2021/10/28-03:35:30   83.7328    0.1240  345.8986   94.1872     6857.3258     6852.7897     6861.8619  96.641090  11.374778   0.000618   0.000236
1 42041U 17008CX  21302.39320609  .00005940  00000-0  21423-3 0  9990 | 2 42041  97.3082   7.9339 0006484   9.9471 350.1896 15.28882589261754 | 2021/10/29-09:26:13  171.4200    0.1240  350.1769   94.1864     6857.2884     6852.8422     6861.7347  96.376763  13.431507   0.000617   0.000199
1 42041U 17008CX  21303.44039423  .00006744  00000-0  24274-3 0  9998 | 2 42041  97.3084   8.9621 0006364   6.1375 353.9942 15.28895088261919 | 2021/10/30-10:34:10  188.4167    0.1241  353.9866   94.1857     6857.2511     6852.8871     6861.6150  96.120420  15.158809   0.000614   0.000166
1 42041U 17008CX  21304.74936729  .00007389  00000-0  26556-3 0  9998 | 2 42041  97.3085  10.2473 0006211   1.5970 358.5289 15.28911092262114 | 2021/10/31-17:59:05  299.6578    0.1241  358.5271   94.1847     6857.2032     6852.9442     6861.4622  95.756340  17.310907   0.000608   0.000127
1 42041U 17008CX  21305.99287729  .00006395  00000-0  23011-3 0  9994 | 2 42041  97.3086  11.4686 0006082 356.8856   3.2346 15.28926123262309 | 2021/11/01-23:49:44   27.3315    0.1241    3.2385   94.1838     6857.1583     6852.9878     6861.3288  95.365719  19.347954   0.000602   0.000088
1 42041U 17008CX  21307.43271412  .00008419  00000-0  30187-3 0  9998 | 2 42041  97.3084  12.8827 0005936 351.5394   8.5745 15.28948412262525 | 2021/11/03-10:23:06  185.6841    0.1240    8.5846   94.1824     6857.0916     6853.0213     6861.1620  94.859007  21.695471   0.000592   0.000046
1 42041U 17008CX  21308.80708515  .00010440  00000-0  37335-3 0  9998 | 2 42041  97.3079  14.2324 0005804 346.1671  13.9409 15.28971752262732 | 2021/11/04-19:22:12  320.4685    0.1240   13.9569   94.1809     6857.0219     6853.0420     6861.0017  94.321178  23.923688   0.000580   0.000004
1 42041U 17008CX  21309.91965408  .00006881  00000-0  24696-3 0  9997 | 2 42041  97.3073  15.3247 0005693 341.6169  18.4865 15.28988194262903 | 2021/11/05-22:04:18    1.0022    0.1241   18.5072   94.1799     6856.9727     6853.0690     6860.8764  93.847400  25.717234   0.000568  -0.000030
1 42041U 17008CX  21311.49032143  .00004443  00000-0  16034-3 0  9993 | 2 42041  97.3068  16.8669 0005556 335.1193  24.9779 15.29005417263146 | 2021/11/07-11:46:03  206.4546    0.1241   25.0048   94.1789     6856.9212     6853.1115     6860.7309  93.120794  28.233509   0.000550  -0.000077
1 42041U 17008CX  21312.60286921  .00003783  00000-0  13688-3 0  9990 | 2 42041  97.3064  17.9591 0005456 330.5809  29.5124 15.29014101263314 | 2021/11/08-14:28:07  246.9801    0.1241   29.5432   94.1783     6856.8952     6853.1541     6860.6364  92.565327  30.003262   0.000535  -0.000108
1 42041U 17008CX  21313.71541041  .00003594  00000-0  13013-3 0  9992 | 2 42041  97.3063  19.0513 0005376 325.6575  34.4317 15.29022859263482 | 2021/11/09-17:10:11  287.5034    0.1241   34.4666   94.1778     6856.8691     6853.1828     6860.5553  91.976513  31.762197   0.000519  -0.000142
1 42041U 17008CX  21314.76250296  .00003643  00000-0  13185-3 0  9992 | 2 42041  97.3063  20.0793 0005302 321.2150  38.8709 15.29030822263644 | 2021/11/10-18:18:00  304.4641    0.1240   38.9090   94.1773     6856.8452     6853.2097     6860.4807  91.391862  33.407237   0.000502  -0.000170
1 42041U 17008CX  21315.80959062  .00003346  00000-0  12128-3 0  9991 | 2 42041  97.3064  21.1073 0005215 316.7040  43.3790 15.29037535263805 | 2021/11/11-19:25:48  321.4226    0.1241   43.4201   94.1769     6856.8252     6853.2493     6860.4010  90.777886  35.041560   0.000483  -0.000197
1 42041U 17008CX  21316.92211611  .00002760  00000-0  10049-3 0  9995 | 2 42041  97.3066  22.1997 0005153 311.5905  48.4893 15.29043674263976 | 2021/11/12-22:07:50    1.9391    0.1240   48.5335   94.1765     6856.8068     6853.2735     6860.3401  90.093511  36.765931   0.000462  -0.000228
1 42041U 17008CX  21318.49273294  .00002890  00000-0  10506-3 0  9996 | 2 42041  97.3066  23.7419 0005065 304.4168  55.6593 15.29053215264213 | 2021/11/14-11:49:32  207.3708    0.1240   55.7072   94.1759     6856.7783     6853.3053     6860.2513  89.071387  39.177319   0.000430  -0.000267
1 42041U 17008CX  21319.86701504  .00003085  00000-0  11197-3 0  9992 | 2 42041  97.3066  25.0914 0005008 298.1600  61.9134 15.29061775264429 | 2021/11/15-20:48:30  342.1201    0.1240   61.9640   94.1754     6856.7527     6853.3189     6860.1866  88.124016  41.264177   0.000401  -0.000300
1 42041U 17008CX  21321.11040633  .00003167  00000-0  11485-3 0  9993 | 2 42041  97.3065  26.3124 0004957 292.3502  67.7213 15.29069561264618 | 2021/11/17-02:38:59   69.7474    0.1241   67.7739   94.1749     6856.7294     6853.3306     6860.1283  87.224624  43.132585   0.000372  -0.000327
1 42041U 17008CX  21322.15746706  .00003364  00000-0  12177-3 0  9990 | 2 42041  97.3064  27.3407 0004937 287.2369  72.8331 15.29077351264775 | 2021/11/18-03:46:45   86.6945    0.1241   72.8872   94.1744     6856.7061     6853.3210     6860.0913  86.436420  44.690948   0.000347  -0.000352
1 42041U 17008CX  21323.46628697  .00003048  00000-0  11057-3 0  9998 | 2 42041  97.3060  28.6258 0004928 281.1076  78.9610 15.29084902264976 | 2021/11/19-11:11:27  197.8760    0.1240   79.0164   94.1740     6856.6836     6853.3046     6860.0625  85.412028  46.618055   0.000315  -0.000379
1 42041U 17008CX  21324.90598138  .00003015  00000-0  10936-3 0  9993 | 2 42041  97.3055  30.0393 0004906 274.1549  85.9130 15.29093532265199 | 2021/11/20-21:44:36  356.1722    0.1240   85.9691   94.1734     6856.6578     6853.2939     6860.0217  84.235643  48.710540   0.000276  -0.000406
1 42041U 17008CX  21326.14934721  .00003429  00000-0  12399-3 0  9997 | 2 42041  97.3051  31.2600 0004928 268.3090  91.7586 15.29102346265384 | 2021/11/22-03:35:03   83.7890    0.1240   91.8150   94.1729     6856.6314     6853.2525     6860.0104  83.178474  50.493802   0.000243  -0.000429
1 42041U 17008CX  21327.45814654  .00002953  00000-0  10713-3 0  9993 | 2 42041  97.3048  32.5449 0004937 262.0687  97.9993 15.29109079265580 | 2021/11/23-10:59:43  194.9615    0.1240   98.0553   94.1725     6856.6113     6853.2262     6859.9964  82.025040  52.346126   0.000206  -0.000449
1 42041U 17008CX  21328.76693922  .00002831  00000-0  10277-3 0  9991 | 2 42041  97.3046  33.8297 0004966 255.7720 104.2969 15.29116890265788 | 2021/11/24-18:24:23  306.1312    0.1240  104.3520   94.1720     6856.5879     6853.1830     6859.9929  80.830541  54.172029   0.000167  -0.000468
1 42041U 17008CX  21330.14116355  .00002807  00000-0  10189-3 0  9991 | 2 42041  97.3045  35.1788 0005042 249.5476 110.5223 15.29125596265991 | 2021/11/26-03:23:16   80.8563    0.1240  110.5764   94.1715     6856.5619     6853.1048     6860.0190  79.532624  56.060034   0.000128  -0.000488
1 42041U 17008CX  21331.18818618  .00003023  00000-0  10953-3 0  9997 | 2 42041  97.3045  36.2068 0005095 244.6825 115.3887 15.29132985266154 | 2021/11/27-04:30:59   97.7872    0.1239  115.4414   94.1710     6856.5398     6853.0464     6860.0332  78.514049  57.477908   0.000096  -0.000500
1 42041U 17008CX  21332.43151927  .00004002  00000-0  14410-3 0  9999 | 2 42041  97.3047  37.4275 0005161 238.8718 121.2017 15.29144237266344 | 2021/11/28-10:21:23  185.3896    0.1241  121.2523   94.1703     6856.5062     6852.9676     6860.0448  77.271901  59.137619   0.000057  -0.000513
1 42041U 17008CX  21333.60940617  .00004241  00000-0  15247-3 0  9995 | 2 42041  97.3049  38.5839 0005228 233.5553 126.5206 15.29153618266528 | 2021/11/29-14:37:32  249.4310    0.1240  126.5687   94.1697     6856.4782     6852.8936     6860.0627  76.062827  60.685171   0.000020  -0.000522
1 42041U 17008CX  21335.17990795  .00005327  00000-0  19075-3 0  9990 | 2 42041  97.3049  40.1261 0005351 226.9629 133.1164 15.29170760266763 | 2021/12/01-04:19:04   94.8140    0.1240  133.1611   94.1687     6856.4269     6852.7580     6860.0958  74.402042  62.710284  -0.000027  -0.000534
1 42041U 17008CX  21336.42321089  .00005143  00000-0  18417-3 0  9998 | 2 42041  97.3048  41.3469 0005447 221.5696 138.5130 15.29182525266951 | 2021/12/02-10:09:25  182.4044    0.1239  138.5543   94.1680     6856.3918     6852.6571     6860.1264  73.049013  64.281147  -0.000067  -0.000541
1 42041U 17008CX  21337.92824932  .00004645  00000-0  16654-3 0  9996 | 2 42041  97.3043  42.8246 0005573 215.2038 144.8835 15.29195560267186 | 2021/12/03-22:16:40    4.2193    0.1240  144.9202   94.1672     6856.3528     6852.5317     6860.1738  71.366679  66.143208  -0.000116  -0.000545
1 42041U 17008CX  21339.17153209  .00003303  00000-0  11915-3 0  9992 | 2 42041  97.3039  44.0452 0005710 210.7385 149.3521 15.29203663267379 | 2021/12/05-04:07:00   91.8027    0.1239  149.3854   94.1667     6856.3286     6852.4136     6860.2435  69.941223  67.648166  -0.000150  -0.000551
1 42041U 17008CX  21340.41480742  .00003577  00000-0  12879-3 0  9999 | 2 42041  97.3035  45.2657 0005820 205.6736 154.4216 15.29214097267562 | 2021/12/06-09:57:19  179.3821    0.1240  154.4504   94.1660     6856.2974     6852.3070     6860.2877  68.484159  69.122291  -0.000190  -0.000550
1 42041U 17008CX  21341.46177117  .00003244  00000-0  11700-3 0  9997 | 2 42041  97.3031  46.2935 0005921 201.5476 158.5516 15.29220511267720 | 2021/12/07-11:04:57  196.2892    0.1240  158.5764   94.1656     6856.2782     6852.2186     6860.3378  67.232981  70.339318  -0.000223  -0.000548
1 42041U 17008CX  21342.77047075  .00002651  00000-0  96057-4 0  9991 | 2 42041  97.3030  47.5781 0006055 196.5523 163.5520 15.29226603267928 | 2021/12/08-18:29:28  307.4213    0.1239  163.5716   94.1652     6856.2600     6852.1085     6860.4115  65.639105  71.828836  -0.000264  -0.000545
1 42041U 17008CX  21344.40633783  .00002208  00000-0  80424-4 0  9999 | 2 42041  97.3030  49.1839 0006221 190.7673 169.3435 15.29233633268175 | 2021/12/10-09:45:07  176.3335    0.1240  169.3567   94.1648     6856.2390     6851.9737     6860.5043  63.600480  73.640021  -0.000312  -0.000538
1 42041U 17008CX  21345.45328873  .00002354  00000-0  85562-4 0  9996 | 2 42041  97.3031  50.2118 0006326 186.8370 173.2785 15.29238776268338 | 2021/12/11-10:52:44  193.2351    0.1240  173.2870   94.1645     6856.2236     6851.8864     6860.5609  62.269261  74.769194  -0.000344  -0.000531
1 42041U 17008CX  21346.76197320  .00002362  00000-0  85831-4 0  9990 | 2 42041  97.3031  51.4966 0006485 182.1024 178.0190 15.29244473268539 | 2021/12/12-18:17:14  304.3608    0.1240  178.0216   94.1641     6856.2066     6851.7603     6860.6528  60.577123  76.146605  -0.000385  -0.000522
1 42041U 17008CX  21348.13608569  .00002292  00000-0  83352-4 0  9993 | 2 42041  97.3032  52.8457 0006615 177.4543 182.6732 15.29250896268740 | 2021/12/14-03:15:57   79.0404    0.1240  182.6697   94.1638     6856.1874     6851.6520     6860.7228  58.767591  77.551809  -0.000423  -0.000509
1 42041U 17008CX  21349.24845749  .00002860  00000-0  10334-3 0  9999 | 2 42041  97.3033  53.9379 0006721 173.6431 186.4896 15.29258348268910 | 2021/12/15-05:57:46  119.4933    0.1240  186.4809   94.1633     6856.1651     6851.5571     6860.7731  57.278732  78.657988  -0.000453  -0.000496
1 42041U 17008CX  21350.49168775  .00004344  00000-0  15552-3 0  9991 | 2 42041  97.3033  55.1585 0006840 169.4920 190.6465 15.29271101269104 | 2021/12/16-11:48:01  207.0552    0.1240  190.6320   94.1625     6856.1270     6851.4374     6860.8166  55.590172  79.860284  -0.000487  -0.000481
1 42041U 17008CX  21351.73490848  .00004659  00000-0  16653-3 0  9990 | 2 42041  97.3029  56.3791 0006960 165.3281 194.8163 15.29283282269293 | 2021/12/17-17:38:16  294.6135    0.1240  194.7959   94.1618     6856.0906     6851.3188     6860.8624  53.876162  81.026005  -0.000520  -0.000463
1 42041U 17008CX  21352.91268709  .00005190  00000-0  18514-3 0  9999 | 2 42041  97.3025  57.5354 0007081 161.6238 198.5259 15.29295924269476 | 2021/12/18-21:54:16  358.6131    0.1239  198.5001   94.1610     6856.0528     6851.1980     6860.9076  52.229882  82.096382  -0.000549  -0.000447
1 42041U 17008CX  21354.15588639  .00008158  00000-0  28927-3 0  9990 | 2 42041  97.3022  58.7559 0007187 157.5714 202.5842 15.29315488269666 | 2021/12/20-03:44:28   86.1638    0.1240  202.5526   94.1598     6855.9943     6851.0669     6860.9217  50.469213  83.190003  -0.000579  -0.000426
1 42041U 17008CX  21355.46449772  .00010198  00000-0  36058-3 0  9990 | 2 42041  97.3017  60.0405 0007318 153.3696 206.7922 15.29340295269866 | 2021/12/21-11:08:52  197.2629    0.1240  206.7544   94.1582     6855.9202     6850.9030     6860.9374  48.591274  84.300112  -0.000611  -0.000403
1 42041U 17008CX  21356.70765860  .00008224  00000-0  29114-3 0  9999 | 2 42041  97.3013  61.2608 0007420 149.5627 210.6045 15.29361216270054 | 2021/12/22-16:59:01  284.8004    0.1239  210.5612   94.1570     6855.8577     6850.7706     6860.9447  46.784752  85.315473  -0.000637  -0.000380
1 42041U 17008CX  21357.75451768  .00008634  00000-0  30535-3 0  9998 | 2 42041  97.3010  62.2883 0007482 146.3066 213.8651 15.29379355270216 | 2021/12/23-18:06:30  301.6695    0.1240  213.8174   94.1558     6855.8035     6850.6740     6860.9330  45.247187  86.140447  -0.000657  -0.000358
1 42041U 17008CX  21359.12850235  .00007283  00000-0  25785-3 0  9993 | 2 42041  97.3009  63.6372 0007543 142.3088 217.8683 15.29399801270420 | 2021/12/25-03:05:02   76.3040    0.1241  217.8153   94.1546     6855.7424     6850.5711     6860.9136  43.206808  87.181631  -0.000678  -0.000330
1 42041U 17008CX  21360.17533270  .00008521  00000-0  30102-3 0  9992 | 2 42041  97.3009  64.6648 0007624 139.1363 221.0451 15.29420621270589 | 2021/12/26-04:12:28   93.1628    0.1241  220.9878   94.1533     6855.6801     6850.4534     6860.9069  41.636341  87.942483  -0.000698  -0.000308
1 42041U 17008CX  21361.68013359  .00007351  00000-0  25991-3 0  9990 | 2 42041  97.3012  66.1423 0007728 134.4355 225.7519 15.29441493270817 | 2021/12/27-16:19:23  274.8908    0.1240  225.6885   94.1520     6855.6178     6850.3197     6860.9158  39.355076  88.987086  -0.000723  -0.000272
1 42041U 17008CX  21362.72693912  .00008009  00000-0  28275-3 0  9994 | 2 42041  97.3012  67.1701 0007782 131.3735 228.8176 15.29457182270977 | 2021/12/28-17:26:47  291.7411    0.1240  228.7505   94.1511     6855.5709     6850.2359     6860.9059  37.752536  89.678702  -0.000738  -0.000247
1 42041U 17008CX  21363.77373375  .00006664  00000-0  23566-3 0  9991 | 2 42041  97.3014  68.1981 0007856 128.3470 231.8477 15.29471023271131 | 2021/12/29-18:34:10  308.5873    0.1240  231.7770   94.1502     6855.5295     6850.1438     6860.9152  36.137606  90.341773  -0.000753  -0.000224
1 42041U 17008CX  21365.14763687  .00005876  00000-0  20799-3 0  9992 | 2 42041  97.3015  69.5472 0007910 124.2626 235.9365 15.29488500271343 | 2021/12/31-03:32:35   83.1932    0.1241  235.8615   94.1491     6855.4773     6850.0546     6860.9000  34.000612  91.167650  -0.000768  -0.000189
1 42041U 17008CX  22001.71779552  .00005533  00000-0  19589-3 0  9996 | 2 42041  97.3009  71.0887 0007958 119.6808 240.5226 15.29505469271584 | 2022/01/01-17:13:37  288.4521    0.1241  240.4433   94.1481     6855.4266     6849.9710     6860.8821  31.535611  92.048739  -0.000782  -0.000149
1 42041U 17008CX  22003.74589412  .00004302  00000-0  15285-3 0  9997 | 2 42041  97.2999  73.0793 0007307 113.9187 246.2970 15.29523240271894 | 2022/01/03-17:54:05  298.5637    0.1391  246.2204   94.1470     6855.3735     6850.3643     6860.3827  28.318927  93.087641  -0.000725  -0.000089
1 42041U 17008CX  22004.85806369  .00003641  00000-0  12971-3 0  9997 | 2 42041  97.2996  74.1717 0008066 110.6283 249.5824 15.29533128272063 | 2022/01/04-20:35:36  338.9535    0.1241  249.4958   94.1464     6855.3440     6849.8144     6860.8735  26.538999  93.610329  -0.000804  -0.000067
1 42041U 17008CX  22006.42817770  .00002862  00000-0  10247-3 0  9998 | 2 42041  97.2993  75.7131 0008108 106.3568 253.8564 15.29543901272308 | 2022/01/06-10:16:34  184.1983    0.1240  253.7672   94.1457     6855.3118     6849.7535     6860.8700  24.011273  94.290045  -0.000810  -0.000029
1 42041U 17008CX  22007.47491559  .00002868  00000-0  10267-3 0  9995 | 2 42041  97.2993  76.7407 0008118 103.3507 256.8639 15.29549967272467 | 2022/01/07-11:23:52  201.0266    0.1240  256.7733   94.1453     6855.2936     6849.7285     6860.8588  22.316410  94.705499  -0.000812  -0.000001
1 42041U 17008CX  22008.84875282  .00003711  00000-0  13205-3 0  9999 | 2 42041  97.2992  78.0895 0008146  99.4642 260.7520 15.29560283272678 | 2022/01/08-20:22:12  335.6117    0.1241  260.6599   94.1447     6855.2628     6849.6785     6860.8471  20.080950  95.204463  -0.000814   0.000035
1 42041U 17008CX  22009.89547956  .00003806  00000-0  13532-3 0  9997 | 2 42041  97.2992  79.1171 0008147  96.5595 263.6573 15.29567343272835 | 2022/01/09-21:29:29  352.4369    0.1240  263.5645   94.1443     6855.2417     6849.6568     6860.8267  18.370319  95.549284  -0.000812   0.000061
1 42041U 17008CX  22011.46555842  .00004558  00000-0  16146-3 0  9995 | 2 42041  97.2993  80.6586 0008161  92.1644 268.0531 15.29581467273079 | 2022/01/11-11:10:24  197.6706    0.1240  267.9596   94.1434     6855.1995     6849.6050     6860.7940  15.793316  96.008984  -0.000810   0.000102
1 42041U 17008CX  22012.97020248  .00004191  00000-0  14864-3 0  9997 | 2 42041  97.2994  82.1361 0008107  87.8248 272.3921 15.29594660273305 | 2022/01/12-23:17:05   19.3486    0.1241  272.2993   94.1426     6855.1601     6849.6026     6860.7176  13.312546  96.384383  -0.000798   0.000141
1 42041U 17008CX  22014.14774122  .00004142  00000-0  14686-3 0  9993 | 2 42041  97.2994  83.2923 0008097  84.4614 275.7550 15.29605001273485 | 2022/01/14-03:32:44   83.2675    0.1241  275.6627   94.1420     6855.1292     6849.5786     6860.6798  11.364979  96.633382  -0.000791   0.000172
1 42041U 17008CX  22015.45610567  .00006878  00000-0  24199-3 0  9998 | 2 42041  97.2992  84.5770 0008064  80.7546 279.4606 15.29624282273681 | 2022/01/15-10:56:47  194.2848    0.1240  279.3694   94.1408     6855.0716     6849.5437     6860.5995   9.195548  96.863699  -0.000780   0.000204
1 42041U 17008CX  22016.82986480  .00009632  00000-0  33743-3 0  9996 | 2 42041  97.2989  85.9258 0008006  76.8240 283.3893 15.29653929273891 | 2022/01/16-19:55:00  328.8452    0.1240  283.3000   94.1389     6854.9830     6849.4949     6860.4711   6.912921  97.053014  -0.000765   0.000237
1 42041U 17008CX  22017.87652155  .00008249  00000-0  28924-3 0  9999 | 2 42041  97.2985  86.9532 0007966  73.7830 286.4287 15.29672580274052 | 2022/01/17-21:02:11  345.6475    0.1241  286.3411   94.1378     6854.9273     6849.4667     6860.3879   5.171574  97.160964  -0.000752   0.000263
1 42041U 17008CX  22019.44648635  .00009334  00000-0  32663-3 0  9993 | 2 42041  97.2978  88.4944 0007894  69.3383 290.8704 15.29698983274296 | 2022/01/19-10:42:56  190.8440    0.1241  290.7858   94.1362     6854.8484     6849.4372     6860.2596   2.556466  97.264209  -0.000731   0.000298
1 42041U 17008CX  22020.75477412  .00005357  00000-0  18859-3 0  9994 | 2 42041  97.2972  89.7787 0007838  65.6952 294.5106 15.29710174274494 | 2022/01/20-18:06:52  301.8357    0.1240  294.4288   94.1355     6854.8150     6849.4422     6860.1878   0.375801  97.296474  -0.000713   0.000325
1 42041U 17008CX  22021.93222234  .00005143  00000-0  18107-3 0  9994 | 2 42041  97.2969  90.9346 0007746  62.1917 298.0108 15.29722844274674 | 2022/01/21-22:22:24    5.7250    0.1241  297.9324   94.1347     6854.7771     6849.4674     6860.0869  -1.587022  97.283956  -0.000691   0.000350
1 42041U 17008CX  22023.17507376  .00005490  00000-0  19304-3 0  9990 | 2 42041  97.2968  92.1547 0007638  58.3162 301.8823 15.29736992274866 | 2022/01/23-04:12:06   93.1605    0.1241  301.8079   94.1338     6854.7349     6849.4992     6859.9705  -3.658140  97.228007  -0.000665   0.000376
1 42041U 17008CX  22024.41791484  .00004624  00000-0  16297-3 0  9999 | 2 42041  97.2968  93.3750 0007580  54.7246 305.4703 15.29748360275055 | 2022/01/24-10:01:47  180.5916    0.1241  305.3995   94.1331     6854.7009     6849.5051     6859.8968  -5.727941  97.128049  -0.000644   0.000401
1 42041U 17008CX  22025.46451012  .00004690  00000-0  16521-3 0  9998 | 2 42041  97.2968  94.4025 0007504  51.6169 308.5745 15.29758783275216 | 2022/01/25-11:08:53  197.3734    0.1241  308.5072   94.1325     6854.6698     6849.5260     6859.8135  -7.468749  97.009716  -0.000622   0.000419
1 42041U 17008CX  22026.77274184  .00005258  00000-0  18480-3 0  9993 | 2 42041  97.2969  95.6871 0007385  47.6062 312.5802 15.29774902275415 | 2022/01/26-18:32:44  308.3467    0.1240  312.5178   94.1315     6854.6216     6849.5595     6859.6838  -9.641706  96.817996  -0.000592   0.000441
1 42041U 17008CX  22027.81931810  .00005088  00000-0  17883-3 0  9992 | 2 42041  97.2970  96.7148 0007312  44.3378 315.8447 15.29786866275570 | 2022/01/27-19:39:49  325.1219    0.1241  315.7863   94.1308     6854.5859     6849.5738     6859.5980 -11.376673  96.629589  -0.000569   0.000460
1 42041U 17008CX  22028.86588619  .00005025  00000-0  17660-3 0  9997 | 2 42041  97.2970  97.7424 0007224  41.2505 318.9280 15.29798435275730 | 2022/01/28-20:46:52  341.8944    0.1241  318.8736   94.1300     6854.5513     6849.5996     6859.5031 -13.107803  96.410019  -0.000545   0.000474
1 42041U 17008CX  22030.43572030  .00006247  00000-0  21877-3 0  9995 | 2 42041  97.2967  99.2836 0007070  36.1276 324.0441 15.29820954275972 | 2022/01/30-10:27:26  187.0476    0.1241  323.9965   94.1287     6854.4841     6849.6379     6859.3302 -15.696034  96.022301  -0.000503   0.000496
1 42041U 17008CX  22031.48226401  .00010181  00000-0  35453-3 0  9996 | 2 42041  97.2964 100.3112 0006986  32.9370 327.2305 15.29841485276139 | 2022/01/31-11:34:27  203.8114    0.1241  327.1871   94.1274     6854.4227     6849.6342     6859.2112 -17.415524  95.725070  -0.000479   0.000509
1 42041U 17008CX  22032.72502061  .00009276  00000-0  32312-3 0  9997 | 2 42041  97.2957 101.5311 0006865  29.0458 331.1163 15.29858747276321 | 2022/02/01-17:24:01  291.2142    0.1241  331.0783   94.1263     6854.3712     6849.6657     6859.0767 -19.449392  95.331917  -0.000447   0.000521
1 42041U 17008CX  22033.77154005  .00008613  00000-0  30008-3 0  9998 | 2 42041  97.2952 102.5583 0006771  25.6754 334.4821 15.29874465276484 | 2022/02/02-18:31:01  307.9701    0.1240  334.4486   94.1254     6854.3242     6849.6832     6858.9653 -21.155178  94.967438  -0.000419   0.000532
1 42041U 17008CX  22035.14507648  .00011252  00000-0  39077-3 0  9994 | 2 42041  97.2947 103.9066 0006658  21.1270 339.0244 15.29903166276691 | 2022/02/04-03:28:54   82.4549    0.1241  338.9971   94.1236     6854.2385     6849.6750     6858.8021 -23.383795  94.442876  -0.000382   0.000545
1 42041U 17008CX  22036.45318089  .00012270  00000-0  42547-3 0  9995 | 2 42041  97.2945 105.1910 0006520  16.4399 343.7052 15.29933652276892 | 2022/02/05-10:52:34  193.3837    0.1241  343.6842   94.1217     6854.1475     6849.6785     6858.6164 -25.494816  93.894803  -0.000342   0.000555
1 42041U 17008CX  22037.76126245  .00008391  00000-0  29174-3 0  9991 | 2 42041  97.2941 106.4752 0006336  11.7451 348.3937 15.29955018277094 | 2022/02/06-18:16:13  304.3044    0.1242  348.3791   94.1204     6854.0836     6849.7409     6858.4264 -27.592636  93.299455  -0.000300   0.000558
1 42041U 17008CX  22039.13472772  .00009059  00000-0  31448-3 0  9992 | 2 42041  97.2942 107.8237 0006186   7.0851 353.0477 15.29979348277301 | 2022/02/08-03:14:00   78.7632    0.1242  353.0391   94.1189     6854.0110     6849.7711     6858.2509 -29.780696  92.624357  -0.000261   0.000561
1 42041U 17008CX  22040.44277042  .00009492  00000-0  32917-3 0  9994 | 2 42041  97.2942 109.1079 0006027   2.4399 357.6870 15.30002368277500 | 2022/02/09-10:37:35  189.6695    0.1241  357.6842   94.1175     6853.9422     6849.8114     6858.0731 -31.849080  91.933658  -0.000221   0.000561
1 42041U 17008CX  22041.48919070  .00009154  00000-0  31739-3 0  9999 | 2 42041  97.2944 110.1354 0005906 358.5851   1.5372 15.30019858277664 | 2022/02/10-11:44:26  206.3893    0.1241    1.5390   94.1164     6853.8900     6849.8421     6857.9379 -33.492609  91.347936  -0.000190   0.000559
1 42041U 17008CX  22042.73179576  .00011718  00000-0  40510-3 0  9993 | 2 42041  97.2943 111.3557 0005790 353.9937   6.1233 15.30048400277859 | 2022/02/11-17:33:47  293.7369    0.1241    6.1304   94.1147     6853.8048     6849.8364     6857.7731 -35.430381  90.613845  -0.000153   0.000558
1 42041U 17008CX  22043.77818165  .00008857  00000-0  30673-3 0  9991 | 2 42041  97.2943 112.3833 0005697 349.4807  10.6314 15.30069518278011 | 2022/02/12-18:40:34  310.4445    0.1242   10.6435   94.1134     6853.7417     6849.8371     6857.6463 -37.049755  89.963862  -0.000117   0.000558
1 42041U 17008CX  22045.15154263  .00008598  00000-0  29761-3 0  9995 | 2 42041  97.2941 113.7317 0005576 343.8822  16.2241 15.30095257278225 | 2022/02/14-03:38:13   84.8655    0.1242   16.2420   94.1118     6853.6648     6849.8432     6857.4864 -39.156431  89.066918  -0.000074   0.000553
1 42041U 17008CX  22046.45948666  .00007027  00000-0  24360-3 0  9993 | 2 42041  97.2935 115.0158 0005441 338.6900  21.4113 15.30114233278420 | 2022/02/15-11:01:39  195.7354    0.1241   21.4341   94.1106     6853.6082     6849.8791     6857.3372 -41.142324  88.166515  -0.000035   0.000543
1 42041U 17008CX  22047.76741454  .00006816  00000-0  23622-3 0  9999 | 2 42041  97.2930 116.2999 0005329 333.2293  26.8672 15.30133228278628 | 2022/02/16-18:25:04  306.5993    0.1241   26.8948   94.1095     6853.5514     6849.8992     6857.2037 -43.107573  87.221930   0.000004   0.000533
1 42041U 17008CX  22049.14072199  .00005994  00000-0  20795-3 0  9990 | 2 42041  97.2925 117.6481 0005213 327.4966  32.5953 15.30151291278836 | 2022/02/18-03:22:38   81.0000    0.1241   32.6275   94.1083     6853.4975     6849.9248     6857.0702 -45.147596  86.183091   0.000044   0.000519
1 42041U 17008CX  22050.44861809  .00006878  00000-0  23811-3 0  9993 | 2 42041  97.2919 118.9321 0005118 321.6481  38.4395 15.30170598279037 | 2022/02/19-10:46:00  191.8520    0.1241   38.4760   94.1072     6853.4399     6849.9323     6856.9475 -47.067174  85.149251   0.000084   0.000505
1 42041U 17008CX  22051.62571101  .00007036  00000-0  24336-3 0  9997 | 2 42041  97.2917 120.0879 0005057 316.3909  43.6932 15.30187921279218 | 2022/02/20-15:01:01  255.6134    0.1241   43.7332   94.1061     6853.3881     6849.9224     6856.8539 -48.775055  84.182355   0.000118   0.000492
1 42041U 17008CX  22052.73739853  .00006462  00000-0  22365-3 0  9992 | 2 42041  97.2915 121.1794 0004975 311.5095  48.5718 15.30202382279388 | 2022/02/21-17:41:51  295.8279    0.1241   48.6146   94.1052     6853.3450     6849.9354     6856.7545 -50.369701  83.237787   0.000148   0.000475
1 42041U 17008CX  22053.84907396  .00006503  00000-0  22492-3 0  9991 | 2 42041  97.2913 122.2709 0004956 306.1728  53.9054 15.30218501279558 | 2022/02/22-20:22:39  336.0384    0.1241   53.9513   94.1042     6853.2968     6849.9003     6856.6933 -51.946061  82.263016   0.000182   0.000461
1 42041U 17008CX  22055.15691305  .00006263  00000-0  21661-3 0  9997 | 2 42041  97.2913 123.5553 0004875 299.9998  60.0759 15.30236850279757 | 2022/02/24-03:45:57   86.8676    0.1241   60.1243   94.1031     6853.2420     6849.9011     6856.5830 -53.776946  81.077970   0.000217   0.000436
1 42041U 17008CX  22056.66090941  .00006912  00000-0  23862-3 0  9999 | 2 42041  97.2915 125.0322 0004794 292.8844  67.1891 15.30258258279988 | 2022/02/25-15:51:42  268.3140    0.1242   67.2398   94.1018     6853.1781     6849.8927     6856.4635 -55.848892  79.665157   0.000255   0.000406
1 42041U 17008CX  22057.70715699  .00005820  00000-0  20127-3 0  9997 | 2 42041  97.2916 126.0596 0004799 287.7848  72.2870 15.30269517280149 | 2022/02/26-16:58:18  284.9687    0.1242   72.3394   94.1011     6853.1445     6849.8557     6856.4333 -57.268413  78.651029   0.000283   0.000387
1 42041U 17008CX  22058.75339545  .00007359  00000-0  25368-3 0  9996 | 2 42041  97.2916 127.0870 0004776 282.9518  77.1189 15.30285614280302 | 2022/02/27-18:04:53  301.6195    0.1241   77.1723   94.1001     6853.0965     6849.8234     6856.3695 -58.669462  77.611530   0.000307   0.000366
1 42041U 17008CX  22059.79962494  .00007002  00000-0  24139-3 0  9996 | 2 42041  97.2911 128.1141 0004765 277.8422  82.2278 15.30298124280468 | 2022/02/28-19:11:27  318.2669    0.1241   82.2819   94.0993     6853.0591     6849.7936     6856.3246 -60.050938  76.546998   0.000331   0.000343
1 42041U 17008CX  22061.49972606  .00005459  00000-0  18868-3 0  9998 | 2 42041  97.2904 129.7829 0004824 269.3089  90.7600 15.30319534280722 | 2022/03/02-11:59:36  210.3113    0.1242   90.8153   94.0980     6852.9952     6849.6893     6856.3011 -62.254218  74.765195   0.000374   0.000304
1 42041U 17008CX  22062.87286841  .00006325  00000-0  21805-3 0  9998 | 2 42041  97.2898 131.1309 0004834 262.9573  97.1118 15.30337357280933 | 2022/03/03-20:56:55  344.6478    0.1241   97.1668   94.0969     6852.9420     6849.6293     6856.2547 -63.995436  73.279529   0.000400   0.000271
1 42041U 17008CX  22064.18060590  .00009186  00000-0  31520-3 0  9998 | 2 42041  97.2892 132.4147 0004893 256.9726 103.0969 15.30361377281132 | 2022/03/05-04:20:04   95.4380    0.1241  103.1515   94.0954     6852.8703     6849.5172     6856.2234 -65.620770  71.826896   0.000426   0.000240
1 42041U 17008CX  22065.42293588  .00012941  00000-0  44241-3 0  9998 | 2 42041  97.2888 133.6345 0004945 251.2435 108.8270 15.30391246281320 | 2022/03/06-10:09:01  182.6805    0.1241  108.8806   94.0936     6852.7811     6849.3924     6856.1698 -67.134669  70.413400   0.000449   0.000208
1 42041U 17008CX  22066.73062885  .00009460  00000-0  32398-3 0  9999 | 2 42041  97.2885 134.9185 0005021 245.0879 114.9840 15.30413857281528 | 2022/03/07-17:32:06  293.4535    0.1240  115.0361   94.0922     6852.7136     6849.2729     6856.1544 -68.695434  68.891143   0.000472   0.000172
1 42041U 17008CX  22067.77676732  .00008240  00000-0  28241-3 0  9993 | 2 42041  97.2883 135.9455 0005094 240.2039 119.8696 15.30432093281685 | 2022/03/08-18:38:32  310.0659    0.1241  119.9202   94.0911     6852.6592     6849.1684     6856.1499 -69.919030  67.648670   0.000489   0.000142
1 42041U 17008CX  22069.14980635  .00007721  00000-0  26463-3 0  9993 | 2 42041  97.2885 137.2937 0005213 234.3647 125.7109 15.30454401281894 | 2022/03/10-03:35:43   84.3630    0.1241  125.7594   94.0897     6852.5926     6849.0203     6856.1648 -71.491484  65.984998   0.000511   0.000105
1 42041U 17008CX  22070.45744043  .00011717  00000-0  39966-3 0  9992 | 2 42041  97.2885 138.5776 0005310 228.6693 131.4091 15.30485686282090 | 2022/03/11-10:58:42  195.1134    0.1240  131.4547   94.0878     6852.4992     6848.8605     6856.1379 -72.952022  64.366565   0.000527   0.000067
1 42041U 17008CX  22071.63428209  .00019068  00000-0  64730-3 0  9990 | 2 42041  97.2884 139.7331 0005396 223.2190 136.8629 15.30531812282275 | 2022/03/12-15:13:21  258.7774    0.1242  136.9052   94.0849     6852.3615     6848.6640     6856.0591 -74.235121  62.882267   0.000539   0.000028
1 42041U 17008CX  22072.74570135  .00017868  00000-0  60583-3 0  9997 | 2 42041  97.2886 140.8248 0005558 219.4993 140.5844 15.30583849282442 | 2022/03/13-17:53:48  298.8903    0.1241  140.6248   94.0817     6852.2062     6848.3977     6856.0147 -75.419872  61.456607   0.000556   0.000003
1 42041U 17008CX  22073.92247060  .00016714  00000-0  56630-3 0  9993 | 2 42041  97.2882 141.9801 0005617 214.3368 145.7510 15.30619756282625 | 2022/03/14-22:08:21    2.5277    0.1240  145.7872   94.0795     6852.0990     6848.2502     6855.9479 -76.643340  59.923220   0.000561  -0.000036
1 42041U 17008CX  22075.42608770  .00011363  00000-0  38569-3 0  9995 | 2 42041  97.2878 143.4562 0005800 208.5974 151.4950 15.30651635282852 | 2022/03/16-10:13:33  183.8312    0.1241  151.5267   94.0776     6852.0039     6848.0297     6855.9781 -78.161204  57.928768   0.000574  -0.000080
1 42041U 17008CX  22077.12575279  .00022588  00000-0  76091-3 0  9994 | 2 42041  97.2871 145.1255 0005933 202.6633 157.4347 15.30743635283115 | 2022/03/18-03:01:05   75.7110    0.1241  157.4608   94.0719     6851.7294     6847.6642     6855.7945 -79.814963  55.626896   0.000580  -0.000125
1 42041U 17008CX  22078.43313347  .00017968  00000-0  60525-3 0  9996 | 2 42041  97.2864 146.4092 0006086 197.7830 162.3199 15.30790888283317 | 2022/03/19-10:23:42  186.3680    0.1241  162.3411   94.0690     6851.5884     6847.4185     6855.7582 -81.040553  53.824460   0.000586  -0.000166
1 42041U 17008CX  22079.74047541  .00017822  00000-0  59952-3 0  9992 | 2 42041  97.2860 147.6933 0006250 193.2588 166.8490 15.30835361283515 | 2022/03/20-17:46:17  297.0107    0.1241  166.8653   94.0663     6851.4557     6847.1735     6855.7378 -82.226063  51.994618   0.000591  -0.000204
1 42041U 17008CX  22080.91706458  .00010640  00000-0  35911-3 0  9992 | 2 42041  97.2857 148.8488 0006397 188.6631 171.4501 15.30849695283697 | 2022/03/21-22:00:34    0.5816    0.1241  171.4610   94.0654     6851.4129     6847.0300     6855.7957 -83.257604  50.325726   0.000591  -0.000245
1 42041U 17008CX  22082.15900548  .00007877  00000-0  26646-3 0  9999 | 2 42041  97.2855 150.0686 0006459 184.2222 175.8966 15.30865326283880 | 2022/03/23-03:48:58   87.6790    0.1241  175.9019   94.0644     6851.3662     6846.9409     6855.7915 -84.309894  48.541841   0.000582  -0.000280
1 42041U 17008CX  22083.46629184  .00010602  00000-0  35734-3 0  9996 | 2 42041  97.2853 151.3524 0006730 179.3952 180.7298 15.30892098284082 | 2022/03/24-11:11:27  198.3007    0.1240  180.7288   94.0628     6851.2864     6846.6755     6855.8973 -85.376119  46.640626   0.000587  -0.000329
1 42041U 17008CX  22084.70818954  .00010530  00000-0  35460-3 0  9995 | 2 42041  97.2854 152.5722 0006767 175.5408 184.5894 15.30920975284271 | 2022/03/25-16:59:47  285.3829    0.1240  184.5832   94.0610     6851.2002     6846.5640     6855.8364 -86.349742  44.812622   0.000575  -0.000357
1 42041U 17008CX  22086.14613952  .00022563  00000-0  75443-3 0  9990 | 2 42041  97.2855 153.9848 0006903 171.2474 188.8889 15.30980145284494 | 2022/03/27-03:30:26   83.0435    0.1241  188.8767   94.0574     6851.0237     6846.2944     6855.7529 -87.428311  42.670352   0.000567  -0.000394
1 42041U 17008CX  22087.19188635  .00022687  00000-0  75751-3 0  9990 | 2 42041  97.2854 155.0118 0007008 167.8630 192.2782 15.31023498284657 | 2022/03/28-04:36:18   99.5112    0.1241  192.2611   94.0547     6850.8944     6846.0932     6855.6955 -88.178981  41.096427   0.000559  -0.000423
1 42041U 17008CX  22088.43366176  .00019127  00000-0  63803-3 0  9996 | 2 42041  97.2850 156.2314 0007179 164.0595 196.0874 15.31087414284845 | 2022/03/29-10:24:28  186.5490    0.1241  196.0646   94.0508     6850.7037     6845.7856     6855.6218 -89.033353  39.210117   0.000552  -0.000459
1 42041U 17008CX  22089.74075760  .00020198  00000-0  67278-3 0  9997 | 2 42041  97.2850 157.5158 0007253 160.4141 199.7380 15.31122590285045 | 2022/03/30-17:46:41  297.1022    0.1241  199.7100   94.0486     6850.5988     6845.6300     6855.5675 -89.889883  37.204571   0.000538  -0.000486
1 42041U 17008CX  22091.17852017  .00017357  00000-0  57783-3 0  9998 | 2 42041  97.2845 158.9278 0007330 156.1950 203.9632 15.31171755285262 | 2022/04/01-04:17:04   94.6958    0.1241  203.9291   94.0456     6850.4521     6845.4307     6855.4735 -90.778900  34.978068   0.000519  -0.000517
1 42041U 17008CX  22092.42018255  .00019420  00000-0  64500-3 0  9993 | 2 42041  97.2839 160.1475 0007411 152.3476 207.8161 15.31222917285458 | 2022/04/02-10:05:03  181.6929    0.1241  207.7765   94.0425     6850.2995     6845.2228     6855.3763 -91.502317  33.037603   0.000501  -0.000546
1 42041U 17008CX  22093.46576170  .00019666  00000-0  65227-3 0  9992 | 2 42041  97.2835 161.1746 0007485 149.0836 211.0848 15.31264842285610 | 2022/04/03-11:10:41  198.1002    0.1242  211.0406   94.0399     6850.1745     6845.0471     6855.3018 -92.079446  31.391958   0.000484  -0.000571
1 42041U 17008CX  22094.77270325  .00016400  00000-0  54391-3 0  9993 | 2 42041  97.2831 162.4581 0007558 145.5683 214.6049 15.31304802285814 | 2022/04/04-18:32:41  308.5990    0.1241  214.5558   94.0375     6850.0553     6844.8780     6855.2326 -92.759124  29.321434   0.000466  -0.000595
1 42041U 17008CX  22096.14495204  .00015244  00000-0  50513-3 0  9998 | 2 42041  97.2828 163.8067 0007597 141.8539 218.3242 15.31347422286021 | 2022/04/06-03:28:43   82.6076    0.1242  218.2703   94.0348     6849.9282     6844.7243     6855.1321 -93.423232  27.130112   0.000443  -0.000617
1 42041U 17008CX  22097.19045096  .00013923  00000-0  46123-3 0  9998 | 2 42041  97.2826 164.8338 0007609 138.5406 221.6414 15.31376710286188 | 2022/04/07-04:34:14   98.9867    0.1241  221.5835   94.0330     6849.8409     6844.6288     6855.0529 -93.894344  25.451059   0.000419  -0.000635
1 42041U 17008CX  22098.43195128  .00017628  00000-0  58226-3 0  9991 | 2 42041  97.2828 166.0535 0007641 135.2164 224.9696 15.31420421286372 | 2022/04/08-10:22:00  185.9268    0.1242  224.9078   94.0304     6849.7105     6844.4767     6854.9444 -94.415020  23.446689   0.000397  -0.000653
1 42041U 17008CX  22099.73871040  .00025857  00000-0  84918-3 0  9999 | 2 42041  97.2828 167.3381 0007599 131.8894 228.2997 15.31527165286575 | 2022/04/09-17:43:44  296.3604    0.1241  228.2347   94.0238     6849.3923     6844.1874     6854.5971 -94.916933  21.324142   0.000371  -0.000663
1 42041U 17008CX  22100.78408861  .00021693  00000-0  71246-3 0  9998 | 2 42041  97.2829 168.3655 0007637 128.7623 231.4302 15.31560135286737 | 2022/04/10-18:49:05  312.6961    0.1241  231.3618   94.0218     6849.2940     6844.0632     6854.5248 -95.284125  19.618821   0.000348  -0.000680
1 42041U 17008CX  22102.41745068  .00014654  00000-0  48192-3 0  9996 | 2 42041  97.2828 169.9703 0007745 124.0262 236.1716 15.31599818286983 | 2022/04/12-10:01:07  180.7063    0.1241  236.0979   94.0193     6849.1756     6843.8710     6854.4803 -95.796086  16.942640   0.000315  -0.000708
1 42041U 17008CX  22103.72411125  .00012434  00000-0  40902-3 0  9990 | 2 42041  97.2827 171.2544 0007794 120.2949 239.9064 15.31627783287188 | 2022/04/13-17:22:43  291.1044    0.1241  239.8292   94.0176     6849.0923     6843.7541     6854.4305 -96.151613  14.791590   0.000286  -0.000725
1 42041U 17008CX  22105.16140493  .00013515  00000-0  44379-3 0  9990 | 2 42041  97.2823 172.6668 0007823 116.3631 243.8414 15.31666512287404 | 2022/04/15-03:52:25   88.5312    0.1241  243.7610   94.0152     6848.9768     6843.6189     6854.3348 -96.486594  12.417049   0.000255  -0.000740
1 42041U 17008CX  22106.46800147  .00010670  00000-0  35065-3 0  9994 | 2 42041  97.2820 173.9508 0007822 112.7848 247.4221 15.31700771287601 | 2022/04/16-11:13:55  198.9074    0.1242  247.3394   94.0131     6848.8747     6843.5175     6854.2319 -96.740311  10.251813   0.000225  -0.000749
1 42041U 17008CX  22107.70924314  .00010719  00000-0  35192-3 0  9990 | 2 42041  97.2814 175.1707 0007838 109.4375 250.7714 15.31730497287796 | 2022/04/17-17:01:18  285.7559    0.1241  250.6866   94.0113     6848.7861     6843.4180     6854.1542 -96.936045   8.189870   0.000198  -0.000758
1 42041U 17008CX  22109.14644212  .00012898  00000-0  42236-3 0  9993 | 2 42041  97.2808 176.5833 0007828 105.5111 254.6996 15.31765830288018 | 2022/04/19-03:30:52   83.1497    0.1242  254.6131   94.0091     6848.6808     6843.3196     6854.0419 -97.107883   5.797676   0.000164  -0.000765
1 42041U 17008CX  22111.17150292  .00041612  00000-0  13473-2 0  9995 | 2 42041  97.2802 178.5740 0007711  99.6115 260.5999 15.31882268288327 | 2022/04/21-04:06:57   92.1762    0.1242  260.5127   94.0020     6848.3337     6843.0530     6853.6145 -97.250072   2.420898   0.000110  -0.000763
1 42041U 17008CX  22112.41260169  .00023835  00000-0  77373-3 0  9995 | 2 42041  97.2802 179.7941 0007575  96.0749 264.1356 15.31917477288514 | 2022/04/22-09:54:08  178.9759    0.1242  264.0493   93.9998     6848.2288     6843.0413     6853.4163 -97.279572   0.349589   0.000077  -0.000754
1 42041U 17008CX  22114.11086785  .00038683  00000-0  12472-2 0  9999 | 2 42041  97.2805 181.4635 0007500  91.4080 268.8021 15.32036523288775 | 2022/04/24-02:39:38   70.3566    0.1242  268.7162   93.9925     6847.8740     6842.7381     6853.0099 -97.248767  -2.484555   0.000038  -0.000749
1 42041U 17008CX  22115.15586313  .00044831  00000-0  14389-2 0  9997 | 2 42041  97.2802 182.4906 0007468  88.6540 271.5557 15.32147132288938 | 2022/04/25-03:44:26   86.5582    0.1242  271.4702   93.9858     6847.5444     6842.4307     6852.6582 -97.188306  -4.227358   0.000015  -0.000747
1 42041U 17008CX  22116.46201003  .00044537  00000-0  14240-2 0  9991 | 2 42041  97.2806 183.7759 0007209  84.1384 276.0680 15.32273257289130 | 2022/04/26-11:05:17  196.7765    0.1242  275.9858   93.9780     6847.1687     6842.2326     6852.1048 -97.069429  -6.406336  -0.000026  -0.000720
1 42041U 17008CX  22118.15993460  .00027900  00000-0  89379-3 0  9995 | 2 42041  97.2802 185.4453 0007150  79.4497 280.7550 15.32313424289390 | 2022/04/28-03:50:18   88.0352    0.1242  280.6745   93.9756     6847.0490     6842.1534     6851.9447 -96.841199  -9.231444  -0.000064  -0.000712
1 42041U 17008CX  22119.46597649  .00020736  00000-0  66450-3 0  9994 | 2 42041  97.2802 186.7295 0007044  75.6425 284.5599 15.32363671289595 | 2022/04/29-11:11:00  198.2156    0.1243  284.4818   93.9725     6846.8993     6842.0764     6851.7223 -96.609983 -11.399496  -0.000094  -0.000698
1 42041U 17008CX  22120.70667176  .00018515  00000-0  59280-3 0  9991 | 2 42041  97.2798 187.9498 0006926  72.3894 287.8105 15.32416574289780 | 2022/04/30-16:57:36  284.8710    0.1243  287.7349   93.9692     6846.7418     6841.9997     6851.4838 -96.344905 -13.454324  -0.000116  -0.000683
1 42041U 17008CX  22121.75144068  .00014321  00000-0  45889-3 0  9998 | 2 42041  97.2796 188.9774 0006853  68.8755 291.3219 15.32446237289944 | 2022/05/01-18:02:04  300.9925    0.1242  291.2487   93.9674     6846.6534     6841.9614     6851.3454 -96.087922 -15.179982  -0.000144  -0.000670
1 42041U 17008CX  22122.99207829  .00012402  00000-0  39744-3 0  9991 | 2 42041  97.2792 190.1978 0006756  65.3815 294.8131 15.32477692290135 | 2022/05/02-23:48:35   27.6273    0.1243  294.7428   93.9655     6846.5597     6841.9342     6851.1853 -95.742423 -17.222986  -0.000168  -0.000654
1 42041U 17008CX  22124.16739710  .00013217  00000-0  42298-3 0  9994 | 2 42041  97.2788 191.3539 0006650  61.8343 298.3571 15.32506836290316 | 2022/05/04-04:01:03   90.7476    0.1243  298.2900   93.9637     6846.4729     6841.9200     6851.0258 -95.375043 -19.151137  -0.000192  -0.000637
1 42041U 17008CX  22125.40798691  .00023648  00000-0  75292-3 0  9994 | 2 42041  97.2785 192.5744 0006523  58.1925 301.9952 15.32549379290502 | 2022/05/05-09:47:30  177.3659    0.1243  301.9318   93.9611     6846.3462     6841.8803     6850.8121 -94.945191 -21.178228  -0.000215  -0.000616
1 42041U 17008CX  22126.45267762  .00016528  00000-0  52719-3 0  9998 | 2 42041  97.2784 193.6021 0006421  55.3312 304.8535 15.32564165290663 | 2022/05/06-10:51:51  193.4596    0.1243  304.7931   93.9602     6846.3022     6841.9062     6850.6982 -94.549973 -22.877714  -0.000231  -0.000599
1 42041U 17008CX  22127.69322173  .00018970  00000-0  60385-3 0  9994 | 2 42041  97.2783 194.8224 0006307  51.5536 308.6271 15.32601136290859 | 2022/05/07-16:38:14  280.0619    0.1242  308.5706   93.9579     6846.1921     6841.8742     6850.5100 -94.041214 -24.886097  -0.000253  -0.000578
1 42041U 17008CX  22128.73785106  .00034899  00000-0  11041-2 0  9991 | 2 42041  97.2786 195.8502 0006141  47.7833 312.3929 15.32675003291010 | 2022/05/08-17:42:30  296.1348    0.1242  312.3409   93.9534     6845.9721     6841.7680     6850.1762 -93.579977 -26.569042  -0.000273  -0.000550
1 42041U 17008CX  22130.43524881  .00029373  00000-0  92645-3 0  9993 | 2 42041  97.2788 197.5204 0005970  41.0207 319.1483 15.32808980291271 | 2022/05/10-10:26:45  187.2080    0.1242  319.1035   93.9452     6845.5732     6841.4864     6849.6600 -92.766019 -29.285330  -0.000312  -0.000509
1 42041U 17008CX  22131.61029695  .00027604  00000-0  86915-3 0  9995 | 2 42041  97.2786 198.6765 0005800  34.8824 325.2797 15.32878269291453 | 2022/05/11-14:38:49  250.2343    0.1242  325.2418   93.9409     6845.3669     6841.3966     6849.3372 -92.156074 -31.150987  -0.000345  -0.000467
1 42041U 17008CX  22132.65474667  .00034892  00000-0  10949-2 0  9993 | 2 42041  97.2799 199.7052 0005717  32.5852 327.5742 15.32938647291611 | 2022/05/12-15:42:50  266.2397    0.1243  327.5391   93.9372     6845.1871     6841.2737     6849.1005 -91.583184 -32.800905  -0.000350  -0.000452
1 42041U 17008CX  22134.15605758  .00024181  00000-0  75869-3 0  9990 | 2 42041  97.2803 201.1835 0005561  26.9251 333.2279 15.33018740291849 | 2022/05/14-03:44:43   86.7195    0.1243  333.1992   93.9323     6844.9487     6841.1422     6848.7552 -90.706866 -35.152826  -0.000371  -0.000414
1 42041U 17008CX  22135.46145126  .00051688  00000-0  16058-2 0  9999 | 2 42041  97.2782 202.4672 0005258  21.6112 338.5352 15.33167410292041 | 2022/05/15-11:04:29  196.6707    0.1243  338.5131   93.9232     6844.5062     6840.9074     6848.1051 -89.894634 -37.175300  -0.000378  -0.000366
1 42041U 17008CX  22137.15825826  .00057381  00000-0  17689-2 0  9996 | 2 42041  97.2774 204.1378 0005141  14.4963 345.6427 15.33386488292308 | 2022/05/17-03:47:53   87.5305    0.1244  345.6281   93.9098     6843.8543     6840.3358     6847.3727 -88.771911 -39.779900  -0.000402  -0.000321
1 42041U 17008CX  22138.59383933  .00058019  00000-0  17800-2 0  9997 | 2 42041  97.2771 205.5528 0005108   7.1892 352.9423 15.33536874292527 | 2022/05/18-14:15:07  244.3472    0.1243  352.9351   93.9006     6843.4068     6839.9112     6846.9024 -87.762249 -41.959765  -0.000430  -0.000276
1 42041U 17008CX  22140.09459328  .00032220  00000-0  99114-3 0  9992 | 2 42041  97.2766 207.0311 0004917   0.8267 359.2983 15.33593580292754 | 2022/05/20-02:16:12   64.6260    0.1243  359.2976   93.8971     6843.2381     6839.8733     6846.6030 -86.650101 -44.209692  -0.000435  -0.000230
1 42041U 17008CX  22141.72570090  .00025678  00000-0  78692-3 0  9990 | 2 42041  97.2765 208.6385 0004785 351.7385   8.3778 15.33760038293000 | 2022/05/21-17:25:00  291.8338    0.1243    8.3858   93.8869     6842.7430     6839.4688     6846.0173 -85.375802 -46.622847  -0.000449  -0.000167
1 42041U 17008CX  22143.48718839  .00018389  00000-0  56366-3 0  9995 | 2 42041  97.2771 210.3735 0004655 344.8830  15.2273 15.33821763293279 | 2022/05/23-11:41:33  205.9765    0.1243   15.2413   93.8831     6842.5594     6839.3742     6845.7446 -83.925587 -49.186686  -0.000449  -0.000122
1 42041U 17008CX  22144.72671110  .00016087  00000-0  49291-3 0  9995 | 2 42041  97.2774 211.5952 0004576 339.4031  20.7027 15.33862144293468 | 2022/05/24-17:26:27  292.2092    0.1243   20.7212   93.8807     6842.4393     6839.3082     6845.5704 -82.858052 -50.965045  -0.000449  -0.000087
1 42041U 17008CX  22146.16190795  .00014634  00000-0  44807-3 0  9994 | 2 42041  97.2777 213.0095 0004487 333.2014  26.8997 15.33906628293683 | 2022/05/26-03:53:08   88.8850    0.1244   26.9230   93.8779     6842.3070     6839.2369     6845.3772 -81.575158 -52.994759  -0.000446  -0.000049
1 42041U 17008CX  22147.72747816  .00023458  00000-0  71340-3 0  9995 | 2 42041  97.2767 214.5522 0004510 323.8048  36.2889 15.34023824293923 | 2022/05/27-17:27:34  292.4981    0.1243   36.3195   93.8708     6841.9585     6838.8728     6845.0443 -80.118045 -55.171145  -0.000451   0.000013
1 42041U 17008CX  22148.90161483  .00014263  00000-0  43480-3 0  9994 | 2 42041  97.2771 215.7096 0004327 319.7282  40.3640 15.34053335294109 | 2022/05/28-21:38:19  355.1887    0.1243   40.3961   93.8690     6841.8708     6838.9103     6844.8313 -78.987618 -56.778432  -0.000431   0.000034
1 42041U 17008CX  22150.46709460  .00010996  00000-0  33551-3 0  9998 | 2 42041  97.2771 217.2525 0004286 312.2261  47.8618 15.34088237294344 | 2022/05/30-11:12:36  198.7658    0.1243   47.8982   93.8668     6841.7670     6838.8346     6844.6994 -77.430197 -58.884622  -0.000421   0.000078
1 42041U 17008CX  22152.42389489  .00009795  00000-0  29876-3 0  9991 | 2 42041  97.2766 219.1815 0004183 302.8952  57.1889 15.34130234294641 | 2022/06/01-10:10:24  183.2174    0.1244   57.2292   93.8643     6841.6422     6838.7803     6844.5040 -75.403813 -61.457318  -0.000398   0.000129
1 42041U 17008CX  22154.11974938  .00047934  00000-0  14412-2 0  9994 | 2 42041  97.2722 220.8537 0003404 288.9761  71.3369 15.34235518294901 | 2022/06/03-02:52:26   73.4955    0.3500   71.3739   93.8578     6841.3292     6839.0004     6843.6579 -73.574971 -63.628645  -0.000294   0.000171
1 42041U 17008CX  22155.48935378  .00026365  00000-0  79487-3 0  9999 | 2 42041  97.2763 222.2041 0004234 286.9302  73.1477 15.34276714295110 | 2022/06/04-11:44:40  206.7877    0.1243   73.1941   93.8553     6841.2067     6838.3101     6844.1033 -72.058054 -65.347650  -0.000363   0.000217
1 42041U 17008CX  22157.18503122  .00016487  00000-0  49772-3 0  9994 | 2 42041  97.2759 223.8762 0004351 278.5167  81.5583 15.34329074295375 | 2022/06/06-04:26:26   97.2337    0.1243   81.6076   93.8521     6841.0511     6838.0745     6844.0276 -70.120270 -67.422166  -0.000345   0.000266
1 42041U 17008CX  22158.48935019  .00019060  00000-0  57378-3 0  9993 | 2 42041  97.2761 225.1619 0004392 272.4566  87.6175 15.34387937295573 | 2022/06/07-11:44:39  206.7894    0.1244   87.6678   93.8485     6840.8761     6837.8716     6843.8806 -68.589952 -68.978679  -0.000324   0.000296
1 42041U 17008CX  22159.98928107  .00012100  00000-0  36509-3 0  9990 | 2 42041  97.2763 226.6407 0004378 265.1166  94.9578 15.34416439295809 | 2022/06/08-23:44:33   26.7638    0.1244   95.0078   93.8468     6840.7914     6837.7965     6843.7863 -66.787108 -70.725956  -0.000292   0.000327
1 42041U 17008CX  22161.16311646  .00008194  00000-0  24799-3 0  9993 | 2 42041  97.2734 227.7983 0004648 266.0478  93.9903 15.34431367295981 | 2022/06/10-03:54:53   89.3802    0.0912   94.0434   93.8458     6840.7470     6837.5674     6843.9266 -65.342684 -72.058643  -0.000322   0.000335
1 42041U 17008CX  22162.46737400  .00008654  00000-0  26157-3 0  9998 | 2 42041  97.2767 229.0847 0004559 252.5608 107.5137 15.34454125296188 | 2022/06/11-11:13:01  198.8757    0.1243  107.5635   93.8444     6840.6794     6837.5607     6843.7980 -63.710658 -73.509921  -0.000239   0.000388
1 42041U 17008CX  22163.77160481  .00009476  00000-0  28594-3 0  9992 | 2 42041  97.2767 230.3711 0004659 246.5050 113.5704 15.34479484296382 | 2022/06/12-18:31:06  308.3970    0.1243  113.6193   93.8429     6840.6040     6837.4170     6843.7910 -62.044301 -74.921700  -0.000211   0.000416
1 42041U 17008CX  22165.46706308  .00014467  00000-0  43437-3 0  9993 | 2 42041  97.2760 232.0431 0004769 238.5675 121.5103 15.34530115296649 | 2022/06/14-11:12:34  198.7587    0.1244  121.5569   93.8398     6840.4535     6837.1913     6843.7158 -59.831406 -76.699563  -0.000168   0.000446
1 42041U 17008CX  22170.16141428  .00033804  00000-0  99670-3 0  9998 | 2 42041  97.2753 236.6753 0005366 223.3166 136.7657 15.34924762297366 | 2022/06/19-03:52:26   88.7154    0.1244  136.8078   93.8157     6839.2810     6835.6110     6842.9509 -53.441404 -81.280381  -0.000093   0.000528
1 42041U 17008CX  22171.46519226  .00046865  00000-0  13726-2 0  9995 | 2 42041  97.2754 237.9620 0005482 219.2207 140.8640 15.35060829297569 | 2022/06/20-11:09:52  198.0714    0.1243  140.9036   93.8074     6838.8768     6835.1277     6842.6259 -51.602809 -82.460012  -0.000069   0.000544
1 42041U 17008CX  22172.63850328  .00040849  00000-0  11935-2 0  9992 | 2 42041  97.2757 239.1202 0005582 214.9830 145.1047 15.35169322297744 | 2022/06/21-15:19:26  260.4586    0.1243  145.1413   93.8007     6838.5546     6834.7373     6842.3719 -49.925654 -83.486471  -0.000040   0.000557
1 42041U 17008CX  22174.46349434  .00042814  00000-0  12440-2 0  9992 | 2 42041  97.2754 240.9217 0005782 209.9266 150.1648 15.35332039298028 | 2022/06/23-11:07:25  197.4490    0.1243  150.1977   93.7908     6838.0714     6834.1177     6842.0252 -47.276274 -85.014454  -0.000009   0.000578
1 42041U 17008CX  22175.76695916  .00022359  00000-0  65103-3 0  9992 | 2 42041  97.2754 242.2085 0005990 205.8584 154.2362 15.35399553298229 | 2022/06/24-18:24:25  306.6911    0.1244  154.2660   93.7867     6837.8710     6833.7751     6841.9669 -45.355181 -86.054698   0.000020   0.000599
1 42041U 17008CX  22177.13557263  .00019321  00000-0  56264-3 0  9990 | 2 42041  97.2753 243.5603 0006125 200.8834 159.2161 15.35424619298439 | 2022/06/26-03:15:13   79.3842    0.1244  159.2410   93.7851     6837.7966     6833.6084     6841.9847 -43.312382 -87.100640   0.000059   0.000610
1 42041U 17008CX  22178.17830694  .00010558  00000-0  30868-3 0  9992 | 2 42041  97.2759 244.5897 0006188 196.2829 163.8217 15.35438379298590 | 2022/06/27-04:16:45   94.7618    0.1243  163.8414   93.7843     6837.7557     6833.5245     6841.9869 -41.740847 -87.865251   0.000098   0.000611
1 42041U 17008CX  22179.74238304  .00007231  00000-0  21204-3 0  9994 | 2 42041  97.2756 246.1344 0006373 190.3886 169.7227 15.35462106298834 | 2022/06/28-17:49:01  297.8195    0.1243  169.7357   93.7828     6837.6853     6833.3276     6842.0429 -39.356988 -88.958248   0.000149   0.000620
1 42041U 17008CX  22181.17610023  .00005505  00000-0  16192-3 0  9998 | 2 42041  97.2752 247.5505 0006536 185.5930 174.5241 15.35479379299056 | 2022/06/30-04:13:35   93.9489    0.1242  174.5312   93.7818     6837.6340     6833.1649     6842.1031 -37.146382 -89.903342   0.000190   0.000626
1 42041U 17008CX  22182.74013780  .00005274  00000-0  15513-3 0  9998 | 2 42041  97.2748 249.0951 0006696 179.9265 180.1981 15.35497134299297 | 2022/07/01-17:45:47  296.9919    0.1243  180.1978   93.7807     6837.5813     6833.0028     6842.1597 -34.709389 -90.871585   0.000240   0.000625
1 42041U 17008CX  22184.17381870  .00008067  00000-0  23580-3 0  9991 | 2 42041  97.2745 250.5111 0006852 175.3517 184.7792 15.35522291299511 | 2022/07/03-04:10:17   93.1078    0.1244  184.7727   93.7792     6837.5066     6832.8215     6842.1916 -32.453131 -91.701269   0.000280   0.000625
1 42041U 17008CX  22185.41197960  .00007681  00000-0  22449-3 0  9998 | 2 42041  97.2744 251.7340 0006969 171.1336 189.0032 15.35542607299708 | 2022/07/04-09:53:15  178.8374    0.1243  188.9907   93.7779     6837.4463     6832.6813     6842.2113 -30.488618 -92.372902   0.000318   0.000620
1 42041U 17008CX  22186.45462866  .00007763  00000-0  22672-3 0  9992 | 2 42041  97.2744 252.7637 0007077 167.8731 192.2685 15.35559464299866 | 2022/07/05-10:54:39  194.1842    0.1244  192.2513   93.7769     6837.3962     6832.5574     6842.2351 -28.823690 -92.905887   0.000347   0.000617
1 42041U 17008CX  22187.75792448  .00007545  00000-0  22028-3 0  9991 | 2 42041  97.2745 254.0509 0007201 163.7814 196.3661 15.35579726300063 | 2022/07/06-18:11:24  303.3622    0.1243  196.3429   93.7757     6837.3361     6832.4125     6842.2597 -26.729407 -93.530033   0.000383   0.000610
1 42041U 17008CX  22189.12636544  .00011377  00000-0  33056-3 0  9999 | 2 42041  97.2747 255.4022 0007321 159.5062 200.6477 15.35607884300275 | 2022/07/08-03:01:57   75.9920    0.1243  200.6181   93.7739     6837.2525     6832.2470     6842.2581 -24.516357 -94.134561   0.000421   0.000599
1 42041U 17008CX  22190.16896452  .00010361  00000-0  30099-3 0  9997 | 2 42041  97.2750 256.4318 0007417 156.3463 203.8123 15.35636327300439 | 2022/07/09-04:03:18   91.3210    0.1243  203.7780   93.7722     6837.1681     6832.0970     6842.2392 -22.820970 -94.560187   0.000449   0.000591
1 42041U 17008CX  22191.73278608  .00030609  00000-0  87926-3 0  9996 | 2 42041  97.2753 257.9765 0007442 152.1978 207.9665 15.35752768300677 | 2022/07/10-17:35:12  294.2878    0.1243  207.9265   93.7651     6836.8225     6831.7345     6841.9104 -20.263696 -95.141298   0.000477   0.000572
1 42041U 17008CX  22193.16618027  .00050123  00000-0  14288-2 0  9991 | 2 42041  97.2755 259.3927 0007388 148.7166 211.4519 15.35883165300892 | 2022/07/12-03:59:17   90.3021    0.1244  211.4078   93.7571     6836.4355     6831.3848     6841.4863 -17.906142 -95.613247   0.000493   0.000550
1 42041U 17008CX  22195.12070286  .00024309  00000-0  69522-3 0  9997 | 2 42041  97.2744 261.3247 0007464 142.8011 217.3752 15.35936607301195 | 2022/07/14-02:53:48   73.9169    0.1244  217.3233   93.7539     6836.2769     6831.1743     6841.3795 -14.672352 -96.161484   0.000536   0.000520
1 42041U 17008CX  22196.16306112  .00028737  00000-0  81896-3 0  9999 | 2 42041  97.2741 262.3546 0007500 140.2657 219.9138 15.36013551301353 | 2022/07/15-03:54:48   89.1602    0.1244  219.8587   93.7492     6836.0486     6830.9216     6841.1757 -12.941518 -96.409375   0.000552   0.000508
1 42041U 17008CX  22197.46595723  .00036792  00000-0  10445-2 0  9992 | 2 42041  97.2740 263.6420 0007489 137.1165 223.0664 15.36082719301556 | 2022/07/16-11:10:58  198.1962    0.1243  223.0078   93.7450     6835.8434     6830.7240     6840.9628 -10.772165 -96.675703   0.000567   0.000489
1 42041U 17008CX  22198.70362665  .00022861  00000-0  64910-3 0  9996 | 2 42041  97.2740 264.8659 0007419 134.2003 225.9852 15.36175695301742 | 2022/07/17-16:53:13  283.7506    0.1244  225.9241   93.7393     6835.5676     6830.4963     6840.6389  -8.704766 -96.883735   0.000576   0.000468
1 42041U 17008CX  22200.13667829  .00017391  00000-0  49417-3 0  9994 | 2 42041  97.2738 266.2823 0007521 130.0840 230.1064 15.36207030301961 | 2022/07/19-03:16:49   79.6403    0.1243  230.0403   93.7374     6835.4746     6830.3337     6840.6156  -6.307290 -97.069100   0.000606   0.000446
1 42041U 17008CX  22201.43941096  .00022384  00000-0  63384-3 0  9996 | 2 42041  97.2736 267.5697 0007601 125.8456 234.3495 15.36263442302162 | 2022/07/20-10:32:45  188.6160    0.1244  234.2788   93.7339     6835.3073     6830.1118     6840.5028  -4.124792 -97.186107   0.000634   0.000419
1 42041U 17008CX  22202.74207906  .00023459  00000-0  66243-3 0  9997 | 2 42041  97.2740 268.8572 0007579 122.3277 237.8702 15.36341881302365 | 2022/07/21-17:48:35  297.5702    0.1244  237.7967   93.7291     6835.0746     6829.8943     6840.2549  -1.940062 -97.254651   0.000648   0.000392
1 42041U 17008CX  22204.17493565  .00026553  00000-0  74699-3 0  9996 | 2 42041  97.2743 270.2739 0007497 118.0477 242.1526 15.36434506302587 | 2022/07/23-04:11:54   93.3918    0.1244  242.0767   93.7235     6834.7999     6829.6759     6839.9240   0.465014 -97.273189   0.000660   0.000356
1 42041U 17008CX  22205.73796817  .00021271  00000-0  59777-3 0  9997 | 2 42041  97.2744 271.8194 0007486 114.1530 246.0498 15.36511754302824 | 2022/07/24-17:42:40  296.0761    0.1244  245.9714   93.7188     6834.5709     6829.4545     6839.6872   3.088383 -97.225361   0.000673   0.000328
1 42041U 17008CX  22207.17069213  .00024380  00000-0  68338-3 0  9997 | 2 42041  97.2743 273.2364 0007447 109.8379 250.3669 15.36565091303043 | 2022/07/26-04:05:47   91.8499    0.1244  250.2865   93.7155     6834.4127     6829.3231     6839.5023   5.491699 -97.119157   0.000685   0.000292
1 42041U 17008CX  22208.73361959  .00011453  00000-0  32240-3 0  9992 | 2 42041  97.2740 274.7821 0007418 105.7054 254.5009 15.36596303303287 | 2022/07/27-17:36:24  294.4971    0.1244  254.4190   93.7136     6834.3201     6829.2504     6839.3898   8.109395 -96.935385   0.000695   0.000260
1 42041U 17008CX  22210.42676210  .00007114  00000-0  20107-3 0  9998 | 2 42041  97.2736 276.4567 0007411 101.1307 259.0771 15.36617801303544 | 2022/07/29-10:14:32  184.0211    0.1244  258.9937   93.7123     6834.2564     6829.1915     6839.3213  10.938641 -96.656605   0.000706   0.000224
1 42041U 17008CX  22212.18499982  .00005826  00000-0  16498-3 0  9998 | 2 42041  97.2731 278.1957 0007393  96.4332 263.7755 15.36638353303813 | 2022/07/31-04:26:23   96.9798    0.1245  263.6913   93.7111     6834.1955     6829.1429     6839.2480  13.866733 -96.279643   0.000715   0.000187
1 42041U 17008CX  22213.48738254  .00006012  00000-0  17009-3 0  9997 | 2 42041  97.2728 279.4838 0007377  92.9133 267.2956 15.36654181304015 | 2022/08/01-11:41:49  205.8330    0.1245  267.2112   93.7101     6834.1485     6829.1070     6839.1901  16.027516 -95.943298   0.000720   0.000158
1 42041U 17008CX  22215.11534167  .00006480  00000-0  18303-3 0  9993 | 2 42041  97.2725 281.0938 0007344  88.4485 271.7600 15.36675185304266 | 2022/08/03-02:46:05   71.8932    0.1244  271.6759   93.7088     6834.0863     6829.0673     6839.1052  18.716764 -95.454817   0.000724   0.000122
1 42041U 17008CX  22216.48280931  .00006448  00000-0  18202-3 0  9993 | 2 42041  97.2725 282.4461 0007304  84.6644 275.5434 15.36693203304474 | 2022/08/04-11:35:14  204.1778    0.1245  275.4601   93.7077     6834.0328     6829.0413     6839.0244  20.964275 -94.986517   0.000725   0.000090
1 42041U 17008CX  22217.65491061  .00007382  00000-0  20794-3 0  9998 | 2 42041  97.2726 283.6051 0007265  81.3895 278.8172 15.36711410304657 | 2022/08/05-15:43:04  266.1317    0.1244  278.7349   93.7066     6833.9789     6829.0140     6838.9437  22.881300 -94.543137   0.000724   0.000063
1 42041U 17008CX  22219.15257559  .00007549  00000-0  21243-3 0  9992 | 2 42041  97.2728 285.0861 0007222  77.2672 282.9380 15.36734563304880 | 2022/08/07-03:39:42   85.2877    0.1245  282.8573   93.7052     6833.9102     6828.9748     6838.8457  25.317219 -93.920371   0.000722   0.000030
1 42041U 17008CX  22220.91066696  .00012575  00000-0  35170-3 0  9997 | 2 42041  97.2731 286.8248 0007096  72.2519 287.9499 15.36777646305152 | 2022/08/08-21:51:21  358.1982    0.1244  287.8725   93.7026     6833.7825     6828.9332     6838.6317  28.155323 -93.109257   0.000710  -0.000011
1 42041U 17008CX  22222.40825850  .00010428  00000-0  29177-3 0  9993 | 2 42041  97.2731 288.3061 0006989  67.9806 292.2180 15.36814213305385 | 2022/08/10-09:47:53  177.3291    0.1244  292.1438   93.7003     6833.6741     6828.8980     6838.4501  30.552852 -92.350307   0.000697  -0.000045
1 42041U 17008CX  22223.71048596  .00009143  00000-0  25591-3 0  9990 | 2 42041  97.2729 289.5944 0006875  64.1577 296.0376 15.36841312305584 | 2022/08/11-17:03:05  286.1296    0.1245  295.9668   93.6987     6833.5938     6828.8957     6838.2918  32.621390 -91.639849   0.000683  -0.000075
1 42041U 17008CX  22225.14290775  .00009821  00000-0  27444-3 0  9999 | 2 42041  97.2723 291.0115 0006778  60.0131 300.1786 15.36874176305800 | 2022/08/13-03:25:47   81.7998    0.1245  300.1114   93.6967     6833.4963     6828.8646     6838.1281  34.877501 -90.804517   0.000670  -0.000106
1 42041U 17008CX  22226.18465089  .00010194  00000-0  28455-3 0  9994 | 2 42041  97.2718 292.0420 0006689  56.8130 303.3755 15.36897026305964 | 2022/08/14-04:25:53   96.8268    0.1245  303.3115   93.6953     6833.4286     6828.8577     6837.9995  36.504760 -90.162107   0.000656  -0.000129
1 42041U 17008CX  22227.48680922  .00009685  00000-0  27026-3 0  9999 | 2 42041  97.2713 293.3300 0006558  52.8449 307.3393 15.36922658306169 | 2022/08/15-11:41:00  205.6036    0.1244  307.2795   93.6937     6833.3526     6828.8713     6837.8339  38.521997 -89.318316   0.000637  -0.000157
1 42041U 17008CX  22229.17958313  .00009881  00000-0  27538-3 0  9995 | 2 42041  97.2711 295.0045 0006408  47.4456 312.7329 15.36956337306423 | 2022/08/17-04:18:35   95.0019    0.1245  312.6789   93.6917     6833.2528     6828.8741     6837.6315  41.115467 -88.154326   0.000611  -0.000193
1 42041U 17008CX  22230.41658430  .00015622  00000-0  43333-3 0  9992 | 2 42041  97.2710 296.2280 0006308  43.9091 316.2654 15.36990281306618 | 2022/08/18-09:59:52  180.3220    0.1245  316.2154   93.6896     6833.1522     6828.8418     6837.4625  42.988362 -87.256221   0.000593  -0.000214
1 42041U 17008CX  22231.45824860  .00011887  00000-0  33016-3 0  9995 | 2 42041  97.2711 297.2583 0006223  40.6751 319.4957 15.37014668306774 | 2022/08/19-10:59:52  195.3213    0.1245  319.4494   93.6881     6833.0799     6828.8277     6837.3321  44.550426 -86.469223   0.000577  -0.000234
1 42041U 17008CX  22232.63010019  .00010716  00000-0  29763-3 0  9993 | 2 42041  97.2714 298.4172 0006151  36.5753 323.5910 15.37042163306956 | 2022/08/20-15:07:20  257.1885    0.1244  323.5491   93.6864     6832.9984     6828.7954     6837.2014  46.290317 -85.550756   0.000557  -0.000260
1 42041U 17008CX  22233.73683270  .00009289  00000-0  25817-3 0  9999 | 2 42041  97.2714 299.5116 0006044  32.8043 327.3576 15.37062425307121 | 2022/08/21-17:41:02  295.6130    0.1245  327.3202   93.6852     6832.9384     6828.8085     6837.0682  47.915868 -84.651018   0.000535  -0.000281
1 42041U 17008CX  22235.16905438  .00006170  00000-0  17219-3 0  9994 | 2 42041  97.2715 300.9288 0005783  28.4585 331.6974 15.37082516307347 | 2022/08/23-04:03:26   91.2133    0.1245  331.6660   93.6840     6832.8788     6828.9274     6836.8303  49.994876 -83.440141   0.000498  -0.000294
1 42041U 17008CX  22236.40595925  .00005747  00000-0  16045-3 0  9993 | 2 42041  97.2715 302.1525 0005661  24.6709 335.4805 15.37098166307530 | 2022/08/24-09:44:34  176.4990    0.1245  335.4536   93.6830     6832.8325     6828.9644     6836.7005  51.765419 -82.353422   0.000474  -0.000310
1 42041U 17008CX  22238.16364622  .00005618  00000-0  15682-3 0  9999 | 2 42041  97.2711 303.8915 0005479  18.6779 341.4666 15.37118644307800 | 2022/08/26-03:55:39   89.2667    0.1245  341.4466   93.6818     6832.7718     6829.0281     6836.5154  54.240502 -80.744256   0.000435  -0.000333
1 42041U 17008CX  22239.66091337  .00009429  00000-0  26137-3 0  9996 | 2 42041  97.2706 305.3721 0005194  18.1589 341.9840 15.37145928308034 | 2022/08/27-15:51:42  268.2796    0.1245  341.9656   93.6801     6832.6909     6829.1420     6836.2398  56.308411 -79.315398   0.000418  -0.000309
1 42041U 17008CX  22240.70244416  .00032337  00000-0  88600-3 0  9998 | 2 42041  97.2704 306.4037 0005159   8.2230 351.9098 15.37231971308195 | 2022/08/28-16:51:31  283.2358    0.1245  351.9015   93.6749     6832.4360     6828.9111     6835.9608  57.727148 -78.288614   0.000362  -0.000367
1 42041U 17008CX  22242.13447728  .00029875  00000-0  81667-3 0  9997 | 2 42041  97.2698 307.8209 0005060   2.0477 358.0788 15.37320021308413 | 2022/08/30-03:13:38   78.7683    0.1246  358.0769   93.6695     6832.1751     6828.7180     6835.6321  59.645378 -76.836468   0.000324  -0.000388
1 42041U 17008CX  22243.17589876  .00038247  00000-0  10411-2 0  9994 | 2 42041  97.2694 308.8513 0004976 357.7288   2.3933 15.37400573308572 | 2022/08/31-04:13:17   93.6805    0.1245    2.3957   93.6646     6831.9364     6828.5368     6835.3360  61.017225 -75.751135   0.000297  -0.000400
1 42041U 17008CX  22244.60777323  .00035496  00000-0  96375-3 0  9996 | 2 42041  97.2691 310.2682 0004862 350.7813   9.3342 15.37497019308790 | 2022/09/01-14:35:11  249.1563    0.1245    9.3432   93.6587     6831.6507     6828.3292     6834.9723  62.871477 -74.218968   0.000251  -0.000417
1 42041U 17008CX  22245.64908060  .00034945  00000-0  94684-3 0  9994 | 2 42041  97.2692 311.2987 0004762 346.5585  13.5533 15.37564780308955 | 2022/09/02-15:34:40  264.0266    0.1246   13.5661   93.6546     6831.4500     6828.1968     6834.7031  64.196176 -73.076318   0.000223  -0.000421
1 42041U 17008CX  22246.69033841  .00043852  00000-0  11831-2 0  9995 | 2 42041  97.2692 312.3291 0004723 341.3451  18.7620 15.37647292309110 | 2022/09/03-16:34:05  278.8800    0.1245   18.7794   93.6496     6831.2056     6827.9792     6834.4320  65.499920 -71.910067   0.000190  -0.000433
1 42041U 17008CX  22247.73152552  .00060561  00000-0  16231-2 0  9997 | 2 42041  97.2694 313.3597 0004699 335.9821  24.1204 15.37769763309278 | 2022/09/04-17:33:23  293.7076    0.1245   24.1424   93.6421     6830.8429     6827.6331     6834.0527  66.782864 -70.720473   0.000156  -0.000443
1 42041U 17008CX  22249.16300086  .00054932  00000-0  14643-2 0  9993 | 2 42041  97.2693 314.7765 0004642 328.0190  32.0773 15.37964259309499 | 2022/09/06-03:54:43   89.0390    0.1246   32.1056   93.6303     6830.2670     6827.0964     6833.4376  68.510962 -69.047555   0.000103  -0.000453
1 42041U 17008CX  22250.72443954  .00054244  00000-0  14385-2 0  9998 | 2 42041  97.2696 316.3234 0004729 320.4408  39.6492 15.38127123309735 | 2022/09/07-17:23:11  291.1554    0.1246   39.6838   93.6204     6829.7848     6826.5550     6833.0146  70.350165 -67.173130   0.000056  -0.000470
1 42041U 17008CX  22252.15560889  .00058827  00000-0  15508-2 0  9993 | 2 42041  97.2691 317.7410 0004674 312.6826  47.4025 15.38288789309956 | 2022/09/09-03:44:04   86.3743    0.1245   47.4419   93.6105     6829.3063     6826.1143     6832.4983  71.990077 -65.411823   0.000003  -0.000467
1 42041U 17008CX  22253.71671129  .00052132  00000-0  13680-2 0  9998 | 2 42041  97.2686 319.2888 0004731 306.7910  53.2901 15.38462704310195 | 2022/09/10-17:12:03  288.3660    0.1246   53.3336   93.5999     6828.7916     6825.5609     6832.0223  73.730265 -63.443113  -0.000032  -0.000472
1 42041U 17008CX  22255.14755109  .00061299  00000-0  15964-2 0  9999 | 2 42041  97.2678 320.7064 0004810 298.1899  61.8861 15.38652279310410 | 2022/09/12-03:32:28   83.4662    0.1246   61.9347   93.5884     6828.2307     6824.9463     6831.5151  75.276616 -61.599156  -0.000093  -0.000472
1 42041U 17008CX  22256.18804854  .00058680  00000-0  15214-2 0  9994 | 2 42041  97.2672 321.7378 0004890 294.0535  66.0198 15.38801385310574 | 2022/09/13-04:30:47   98.0421    0.1245   66.0710   93.5793     6827.7896     6824.4508     6831.1284  76.372755 -60.233798  -0.000120  -0.000474
1 42041U 17008CX  22257.48853944  .00068664  00000-0  17681-2 0  9995 | 2 42041  97.2669 323.0277 0005119 289.3190  70.7502 15.38964782310776 | 2022/09/14-11:43:29  206.2149    0.1246   70.8056   93.5694     6827.3063     6823.8114     6830.8012  77.709091 -58.499120  -0.000155  -0.000488
1 42041U 17008CX  22259.17895722  .00056511  00000-0  14467-2 0  9990 | 2 42041  97.2663 324.7033 0005282 281.2917  78.7735 15.39199337311030 | 2022/09/16-04:17:41   94.7598    0.1246   78.8329   93.5551     6826.6127     6823.0069     6830.2185  79.385921 -56.201501  -0.000215  -0.000483
1 42041U 17008CX  22260.73914055  .00054313  00000-0  13832-2 0  9998 | 2 42041  97.2664 326.2511 0005354 275.5365  84.5271 15.39369530311272 | 2022/09/17-17:44:21  296.4174    0.1247   84.5882   93.5448     6826.1095     6822.4548     6829.7642  80.875093 -54.036764  -0.000253  -0.000472
1 42041U 17008CX  22262.16914911  .00059137  00000-0  14962-2 0  9992 | 2 42041  97.2666 327.6695 0005406 269.4116  90.6510 15.39547213311490 | 2022/09/19-04:03:34   91.2126    0.1245   90.7129   93.5340     6825.5843     6821.8944     6829.2742  82.188066 -52.018394  -0.000294  -0.000454
1 42041U 17008CX  22264.18388183  .00056609  00000-0  14212-2 0  9991 | 2 42041  97.2670 329.6690 0005541 261.5548  98.5071 15.39794964311805 | 2022/09/21-04:24:47   96.5034    0.1247   98.5699   93.5189     6824.8521     6821.0705     6828.6338  83.953331 -49.119319  -0.000347  -0.000432
1 42041U 17008CX  22265.41856854  .00048184  00000-0  12065-2 0  9996 | 2 42041  97.2668 330.8953 0005610 256.7011 103.3610 15.39916106311994 | 2022/09/22-10:02:44  180.9811    0.1246  103.4235   93.5116     6824.4942     6820.6656     6828.3227  84.985147 -47.311258  -0.000378  -0.000414
1 42041U 17008CX  22266.45822815  .00062997  00000-0  15681-2 0  9996 | 2 42041  97.2658 331.9275 0005763 253.3523 106.7091 15.40025446312151 | 2022/09/23-10:59:50  195.2518    0.1246  106.7723   93.5049     6824.1711     6820.2384     6828.1039  85.822754 -45.772161  -0.000406  -0.000409
1 42041U 17008CX  22267.69271212  .00071145  00000-0  17589-2 0  9996 | 2 42041  97.2661 333.1537 0005856 249.3241 110.7378 15.40195627312348 | 2022/09/24-16:37:30  279.6561    0.1246  110.8005   93.4946     6823.6685     6819.6725     6827.6644  86.782874 -43.925242  -0.000432  -0.000395
1 42041U 17008CX  22269.12194352  .00053983  00000-0  13298-2 0  9998 | 2 42041  97.2660 334.5732 0005990 243.3315 116.7318 15.40383474312567 | 2022/09/26-02:55:35   74.1672    0.1246  116.7931   93.4832     6823.1137     6819.0266     6827.2007  87.844286 -41.761898  -0.000473  -0.000368
1 42041U 17008CX  22270.22624329  .00081669  00000-0  19953-2 0  9999 | 2 42041  97.2663 335.6727 0006036 238.4474 121.6183 15.40509522312737 | 2022/09/27-05:25:47  111.7016    0.1246  121.6772   93.4756     6822.7415     6818.6233     6826.8597  88.629743 -40.068713  -0.000500  -0.000339
1 42041U 17008CX  22272.17473010  .00059232  00000-0  14379-2 0  9992 | 2 42041  97.2643 337.6071 0006213 232.8700 127.1980 15.40802132313039 | 2022/09/29-04:11:36   93.1407    0.1247  127.2547   93.4578     6821.8777     6817.6392     6826.1161  89.929915 -37.053400  -0.000535  -0.000315
1 42041U 17008CX  22274.18778495  .00067113  00000-0  16100-2 0  9991 | 2 42041  97.2640 339.6081 0006337 226.5763 133.4957 15.41125565313342 | 2022/10/01-04:30:24   97.8196    0.1246  133.5483   93.4382     6820.9232     6816.6008     6825.2456  91.168588 -33.890623  -0.000569  -0.000280
1 42041U 17008CX  22275.48629874  .00085624  00000-0  20345-2 0  9994 | 2 42041  97.2637 340.8996 0006348 223.3532 136.7216 15.41335216313540 | 2022/10/02-11:40:16  205.2702    0.1246  136.7714   93.4255     6820.3046     6815.9751     6824.6342  91.909005 -31.827065  -0.000579  -0.000261
1 42041U 17008CX  22276.65478383  .00112849  00000-0  26488-2 0  9995 | 2 42041  97.2639 342.0618 0006288 220.0704 140.0080 15.41592066313720 | 2022/10/03-15:42:53  265.9107    0.1247  140.0543   93.4099     6819.5471     6815.2589     6823.8352  92.535831 -29.956405  -0.000582  -0.000237
1 42041U 17008CX  22278.14753973  .00122972  00000-0  28475-2 0  9998 | 2 42041  97.2642 343.5469 0006429 216.5231 143.5578 15.41959444313958 | 2022/10/05-03:32:27   83.2866    0.1246  143.6015   93.3877     6818.4638     6814.0802     6822.8474  93.281416 -27.548178  -0.000604  -0.000221
1 42041U 17008CX  22279.18577613  .00131404  00000-0  30134-2 0  9993 | 2 42041  97.2644 344.5809 0006395 213.2389 146.8457 15.42217242314114 | 2022/10/06-04:27:31   97.0373    0.1247  146.8858   93.3721     6817.7039     6813.3440     6822.0639  93.763545 -25.860415  -0.000609  -0.000196
1 42041U 17008CX  22281.13198081  .00131521  00000-0  29650-2 0  9990 | 2 42041  97.2638 346.5203 0006458 202.6757 157.4207 15.42729232314419 | 2022/10/08-03:10:03   77.6381    0.1248  157.4491   93.3411     6816.1955     6811.7936     6820.5974  94.584432 -22.672273  -0.000637  -0.000103
1 42041U 17008CX  22282.16969340  .00138673  00000-0  30940-2 0  9997 | 2 42041  97.2642 347.5555 0006394 204.4220 155.6725 15.43011367314575 | 2022/10/09-04:04:21   91.2041    0.1247  155.7027   93.3240     6815.3646     6811.0068     6819.7223  94.978998 -20.959834  -0.000625  -0.000133
1 42041U 17008CX  22283.46654490  .00137956  00000-0  30390-2 0  9990 | 2 42041  97.2632 348.8492 0006315 202.2385 157.8590 15.43395654314779 | 2022/10/10-11:11:49  198.0522    0.1248  157.8863   93.3008     6814.2332     6809.9300     6818.5364  95.427025 -18.809918  -0.000620  -0.000121
1 42041U 17008CX  22284.63344766  .00123607  00000-0  27003-2 0  9997 | 2 42041  97.2620 350.0131 0006153 199.9754 160.1254 15.43702168314959 | 2022/10/11-15:12:09  258.1201    0.1248  160.1494   93.2822     6813.3312     6809.1389     6817.5234  95.788231 -16.867469  -0.000606  -0.000107
1 42041U 17008CX  22286.18898215  .00120031  00000-0  25905-2 0  9999 | 2 42041  97.2617 351.5654 0006222 196.2633 163.8417 15.44077206315191 | 2022/10/13-04:32:08   98.0893    0.1248  163.8615   93.2596     6812.2279     6807.9893     6816.4664  96.209711 -14.266386  -0.000616  -0.000085
1 42041U 17008CX  22288.13287012  .00136518  00000-0  28910-2 0  9999 | 2 42041  97.2614 353.5071 0006078 190.8275 169.2844 15.44574703315495 | 2022/10/15-03:11:19   77.8563    0.1248  169.2973   93.2295     6810.7650     6806.6254     6814.9046  96.637553 -10.998328  -0.000606  -0.000046
1 42041U 17008CX  22289.16934793  .00114437  00000-0  24097-2 0  9996 | 2 42041  97.2601 354.5415 0005984 188.2789 171.8362 15.44829794315655 | 2022/10/16-04:03:51   90.9723    0.1248  171.8459   93.2142     6810.0152     6805.9401     6814.0903  96.819060  -9.251843  -0.000598  -0.000029
1 42041U 17008CX  22290.72375970  .00111779  00000-0  23267-2 0  9990 | 2 42041  97.2605 356.0958 0005867 184.3363 175.7836 15.45181902315891 | 2022/10/17-17:22:12  290.5336    0.1248  175.7885   93.1929     6808.9806     6804.9858     6812.9755  97.034787  -6.622314  -0.000587  -0.000004
1 42041U 17008CX  22292.40733695  .00101750  00000-0  20976-2 0  9991 | 2 42041  97.2609 357.7800 0005798 180.0379 180.0871 15.45506052316157 | 2022/10/19-09:46:33  176.5915    0.1249  180.0870   93.1734     6808.0285     6804.0812     6811.9758  97.187901  -3.767558  -0.000579   0.000022
1 42041U 17008CX  22293.63742525  .00088694  00000-0  18180-2 0  9994 | 2 42041  97.2607 359.0108 0005740 175.3660 184.7644 15.45727166316349 | 2022/10/20-15:17:53  259.3995    0.1249  184.7589   93.1600     6807.3793     6803.4718     6811.2867  97.246205  -1.679103  -0.000571   0.000056
1 42041U 17008CX  22295.19096135  .00083256  00000-0  16908-2 0  9991 | 2 42041  97.2611   0.5660 0005706 170.5631 189.5727 15.46021041316583 | 2022/10/22-04:34:59   98.6432    0.1249  189.5618   93.1423     6806.5166     6802.6328     6810.4004  97.256354   0.960784  -0.000564   0.000088
1 42041U 17008CX  22296.74416830  .00106547  00000-0  21301-2 0  9993 | 2 42041  97.2603   2.1217 0005573 165.9838 194.1567 15.46387602316828 | 2022/10/23-17:51:36  297.7682    0.1249  194.1411   93.1202     6805.4409     6801.6483     6809.2336  97.193623   3.600789  -0.000545   0.000115
1 42041U 17008CX  22298.42643152  .00082766  00000-0  16426-2 0  9997 | 2 42041  97.2598   3.8077 0005521 161.1641 198.9814 15.46696663317082 | 2022/10/25-10:14:03  183.3500    0.1249  198.9608   93.1016     6804.5343     6800.7775     6808.2911  97.045104   6.458828  -0.000533   0.000143
1 42041U 17008CX  22299.72027006  .00084580  00000-0  16657-2 0  9997 | 2 42041  97.2590   5.1041 0005458 156.7556 203.3941 15.46914283317289 | 2022/10/26-17:17:11  289.1066    0.1249  203.3693   93.0885     6803.8961     6800.1826     6807.6097  96.873339   8.652703  -0.000519   0.000170
1 42041U 17008CX  22301.14325674  .00095521  00000-0  18591-2 0  9995 | 2 42041  97.2582   6.5302 0005442 153.0659 207.0875 15.47213551317505 | 2022/10/28-03:26:17   81.3546    0.1250  207.0591   93.0705     6803.0187     6799.3165     6806.7209  96.627194  11.060874  -0.000510   0.000190
1 42041U 17008CX  22302.17798368  .00107117  00000-0  20666-2 0  9994 | 2 42041  97.2580   7.5677 0005380 148.0060 212.1518 15.47422493317665 | 2022/10/29-04:16:17   93.8342    0.1250  212.1190   93.0580     6802.4063     6798.7466     6806.0660  96.410877  12.808643  -0.000490   0.000222
1 42041U 17008CX  22303.66514394  .00114274  00000-0  21756-2 0  9997 | 2 42041  97.2571   9.0595 0005064 143.4385 216.7212 15.47780763317892 | 2022/10/30-15:57:48  269.1840    0.1250  216.6865   93.0364     6801.3566     6797.9124     6804.8008  96.043852  15.314109  -0.000449   0.000234
1 42041U 17008CX  22304.82873031  .00149885  00000-0  28068-2 0  9991 | 2 42041  97.2579  10.2272 0004824 140.8414 219.3186 15.48123419318073 | 2022/10/31-19:53:22  328.0540    0.1250  219.2836   93.0158     6800.3530     6797.0725     6803.6334  95.712611  17.268330  -0.000422   0.000233
1 42041U 17008CX  22305.86281758  .00131137  00000-0  24368-2 0  9995 | 2 42041  97.2581  11.2655 0004681 137.0107 223.1510 15.48418117318234 | 2022/11/01-20:42:27  340.3047    0.1250  223.1143   92.9981     6799.4901     6796.3073     6802.6729  95.384176  18.999919  -0.000398   0.000246
1 42041U 17008CX  22307.15515107  .00152084  00000-0  27804-2 0  9999 | 2 42041  97.2580  12.5637 0004624 131.9263 228.2383 15.48807553318432 | 2022/11/03-03:43:25   85.5174    0.1251  228.1988   92.9748     6798.3503     6795.2067     6801.4938  94.929135  21.156037  -0.000376   0.000269
1 42041U 17008CX  22308.18875068  .00184923  00000-0  33186-2 0  9995 | 2 42041  97.2579  13.6027 0004550 127.6196 232.5469 15.49217412318590 | 2022/11/04-04:31:48   97.5912    0.1251  232.5055   92.9502     6797.1512     6794.0585     6800.2439  94.529808  22.873883  -0.000355   0.000285
1 42041U 17008CX  22309.41582240  .00150927  00000-0  26831-2 0  9995 | 2 42041  97.2578  14.8376 0004314 122.7120 237.4547 15.49614594318784 | 2022/11/05-09:58:47  179.3113    0.1250  237.4130   92.9263     6795.9897     6793.0579     6798.9215  94.014792  24.905794  -0.000318   0.000291
1 42041U 17008CX  22311.15903567  .00129087  00000-0  22599-2 0  9998 | 2 42041  97.2570  16.5923 0004264 115.8668 244.3024 15.50133697319057 | 2022/11/07-03:49:00   86.8291    0.1252  244.2584   92.8952     6794.4724     6791.5752     6797.3695  93.207312  27.772668  -0.000288   0.000315
1 42041U 17008CX  22312.64348400  .00146330  00000-0  25048-2 0  9994 | 2 42041  97.2564  18.0886 0004039 106.8311 253.3384 15.50708576319288 | 2022/11/08-15:26:37  261.1970    0.1252  253.2941   92.8608     6792.7930     6790.0494     6795.5366  92.449748  30.196877  -0.000231   0.000331
1 42041U 17008CX  22314.12736733  .00160244  00000-0  26858-2 0  9999 | 2 42041  97.2558  19.5845 0003870 101.0601 259.1087 15.51253399319512 | 2022/11/10-03:03:24   75.3624    0.1253  259.0652   92.8282     6791.2025     6788.5743     6793.8306  91.629374  32.599824  -0.000197   0.000333
1 42041U 17008CX  22315.15938695  .00125425  00000-0  20923-2 0  9993 | 2 42041  97.2551  20.6251 0003823  96.8847 263.2840 15.51515236319671 | 2022/11/11-03:49:31   86.8662    0.1252  263.2405   92.8125     6790.4384     6787.8424     6793.0343  91.021565  34.258272  -0.000177   0.000339
1 42041U 17008CX  22316.19121173  .00166828  00000-0  27353-2 0  9999 | 2 42041  97.2548  21.6662 0003788  91.9497 268.2189 15.51849209319830 | 2022/11/12-04:35:20   98.2991    0.1252  268.1755   92.7925     6789.4641     6786.8922     6792.0359  90.383800  35.906334  -0.000152   0.000347
1 42041U 17008CX  22317.41622260  .00136544  00000-0  22195-2 0  9999 | 2 42041  97.2543  22.9029 0003763  84.9706 275.1977 15.52202319320025 | 2022/11/13-09:59:21  179.2741    0.1254  275.1548   92.7714     6788.4344     6785.8799     6790.9888  89.587326  37.848512  -0.000115   0.000358
1 42041U 17008CX  22318.44759599  .00138403  00000-0  22258-2 0  9995 | 2 42041  97.2535  23.9443 0003759  80.7385 279.4293 15.52494813320186 | 2022/11/14-10:44:32  190.5442    0.1253  279.3868   92.7539     6787.5817     6785.0302     6790.1331  88.883906  39.470172  -0.000095   0.000364
1 42041U 17008CX  22319.73655159  .00125055  00000-0  19903-2 0  9997 | 2 42041  97.2536  25.2464 0003682  74.2959 285.8700 15.52834710320385 | 2022/11/15-17:40:38  294.5384    0.1253  285.8294   92.7336     6786.5912     6784.0924     6789.0900  87.964125  41.479819  -0.000061   0.000363
1 42041U 17008CX  22321.15408923  .00116564  00000-0  18340-2 0  9990 | 2 42041  97.2540  26.6791 0003669  68.5357 291.6288 15.53185480320606 | 2022/11/17-03:41:53   84.8179    0.1254  291.5897   92.7127     6785.5693     6783.0797     6788.0590  86.899875  43.666374  -0.000033   0.000365
1 42041U 17008CX  22322.18482905  .00112044  00000-0  17482-2 0  9991 | 2 42041  97.2541  27.7217 0003684  63.9269 296.2364 15.53434297320766 | 2022/11/18-04:26:09   95.8588    0.1254  296.1985   92.6978     6784.8448     6782.3452     6787.3443  86.091032  45.240404  -0.000011   0.000368
1 42041U 17008CX  22324.18140571  .00115465  00000-0  17681-2 0  9994 | 2 42041  97.2543  29.7416 0003604  55.0027 305.1565 15.53941623321071 | 2022/11/20-04:21:13   94.5785    0.1254  305.1227   92.6676     6783.3679     6780.9232     6785.8127  84.443142  48.246809   0.000033   0.000359
1 42041U 17008CX  22325.66232082  .00131311  00000-0  19800-2 0  9990 | 2 42041  97.2541  31.2416 0003626  47.8648 312.2913 15.54309442321309 | 2022/11/21-15:53:44  267.6707    0.1254  312.2606   92.6456     6782.2977     6779.8385     6784.7570  83.151080  50.440636   0.000069   0.000356
1 42041U 17008CX  22326.69230646  .00108174  00000-0  16210-2 0  9991 | 2 42041  97.2543  32.2855 0003521  41.7589 318.3934 15.54565271321461 | 2022/11/22-16:36:55  278.4406    0.1255  318.3666   92.6304     6781.5536     6779.1658     6783.9414  82.218497  51.947258   0.000097   0.000339
1 42041U 17008CX  22327.72213572  .00103353  00000-0  15370-2 0  9995 | 2 42041  97.2537  33.3288 0003556  37.3945 322.7556 15.54792328321623 | 2022/11/23-17:19:52  289.1531    0.1254  322.7309   92.6169     6780.8934     6778.4821     6783.3047  81.258509  53.435352   0.000117   0.000336
1 42041U 17008CX  22328.75181435  .00107376  00000-0  15827-2 0  9997 | 2 42041  97.2518  34.3714 0003533  34.5469 325.6014 15.55021742321786 | 2022/11/24-18:02:36  299.8115    0.1254  325.5785   92.6032     6780.2264     6777.8310     6782.6219  80.271189  54.903996   0.000127   0.000330
1 42041U 17008CX  22330.16735412  .00154552  00000-0  22316-2 0  9994 | 2 42041  97.2519  35.8070 0003508  26.4269 333.7164 15.55417203322001 | 2022/11/26-04:00:59   89.3704    0.1255  333.6986   92.5797     6779.0771     6776.6990     6781.4552  78.870547  56.897882   0.000163   0.000310
1 42041U 17008CX  22331.45388326  .00114487  00000-0  16404-2 0  9999 | 2 42041  97.2512  37.1126 0003614  21.7253 338.4154 15.55769982322207 | 2022/11/27-10:53:35  192.4860    0.1255  338.4002   92.5587     6778.0523     6775.6027     6780.5019  77.553092  58.679757   0.000187   0.000309
1 42041U 17008CX  22333.12593179  .00150291  00000-0  21056-2 0  9991 | 2 42041  97.2510  38.8091 0003587  14.6227 345.5131 15.56254227322469 | 2022/11/29-03:01:20   74.3799    0.1255  345.5028   92.5299     6776.6462     6774.2154     6779.0770  75.781717  60.949884   0.000214   0.000288
1 42041U 17008CX  22334.41177462  .00134833  00000-0  18686-2 0  9996 | 2 42041  97.2508  40.1151 0003622   9.3989 350.7333 15.56603282322668 | 2022/11/30-09:52:57  177.2483    0.1255  350.7266   92.5091     6775.6331     6773.1790     6778.0872  74.372707  62.661141   0.000235   0.000275
1 42041U 17008CX  22336.46844775  .00155559  00000-0  20975-2 0  9993 | 2 42041  97.2515  42.2060 0003674   1.2365 358.8899 15.57272234322985 | 2022/12/02-11:14:33  197.5927    0.1256  358.8891   92.4694     6773.6926     6771.2039     6776.1812  72.037517  65.333379   0.000267   0.000253
1 42041U 17008CX  22337.81766452  .00144236  00000-0  19172-2 0  9995 | 2 42041  97.2515  43.5783 0003817 352.8182   7.3018 15.57696045323195 | 2022/12/03-19:37:26  323.2747    0.1256    7.3074   92.4442     6772.4639     6769.8788     6775.0489  70.452195  67.039857   0.000307   0.000226
1 42041U 17008CX  22338.97384211  .00192493  00000-0  25054-2 0  9996 | 2 42041  97.2513  44.7552 0003842 349.8741  10.2437 15.58094807323372 | 2022/12/04-23:22:19   19.4635    0.1256   10.2515   92.4206     6771.3083     6768.7068     6773.9098  69.060237  68.472615   0.000316   0.000218
1 42041U 17008CX  22340.12968970  .00176642  00000-0  22643-2 0  9995 | 2 42041  97.2512  45.9327 0003981 346.7532  13.3619 15.58555890323552 | 2022/12/06-03:06:45   75.5331    0.1256   13.3724   92.3932     6769.9728     6767.2776     6772.6679  67.638485  69.877258   0.000335   0.000215
1 42041U 17008CX  22341.15684406  .00173410  00000-0  21939-2 0  9995 | 2 42041  97.2503  46.9795 0004042 343.5069  16.6055 15.58916382323716 | 2022/12/07-03:45:51   85.2770    0.1256   16.6187   92.3719     6768.9290     6766.1930     6771.6650  66.349989  71.100632   0.000348   0.000205
1 42041U 17008CX  22342.18373261  .00249487  00000-0  30698-2 0  9993 | 2 42041  97.2501  48.0269 0004154 340.4671  19.6426 15.59400365323874 | 2022/12/08-04:24:34   94.9243    0.1257   19.6586   92.3432     6767.5284     6764.7172     6770.3396  65.039080  72.301452   0.000365   0.000198
1 42041U 17008CX  22343.65932441  .00232001  00000-0  27910-2 0  9994 | 2 42041  97.2496  49.5325 0004217 335.6151  24.4906 15.60054834324107 | 2022/12/09-15:49:25  266.0902    0.1257   24.5106   92.3044     6765.6355     6762.7825     6768.4886  63.116606  73.984990   0.000382   0.000179
1 42041U 17008CX  22344.74958410  .00238917  00000-0  28187-2 0  9998 | 2 42041  97.2486  50.6452 0004459 331.1779  28.9232 15.60544703324273 | 2022/12/10-17:59:24  298.5502    0.1258   28.9479   92.2755     6764.2196     6761.2034     6767.2358  61.667352  75.195930   0.000414   0.000166
1 42041U 17008CX  22346.09589527  .00235984  00000-0  27191-2 0  9992 | 2 42041  97.2474  52.0210 0004407 329.1571  30.9427 15.61173958324481 | 2022/12/12-02:18:05   63.1747    0.1258   30.9687   92.2383     6762.4019     6759.4217     6765.3821  59.843387  76.653936   0.000411   0.000159
1 42041U 17008CX  22347.18536167  .00249918  00000-0  28169-2 0  9993 | 2 42041  97.2477  53.1356 0004606 326.0744  34.0219 15.61702887324658 | 2022/12/13-04:26:55   95.3453    0.1258   34.0514   92.2070     6760.8749     6757.7608     6763.9889  58.341155  77.803758   0.000435   0.000152
1 42041U 17008CX  22348.65876440  .00245016  00000-0  26899-2 0  9990 | 2 42041  97.2478  54.6447 0004661 322.3079  37.7852 15.62402184324883 | 2022/12/14-15:48:37  265.7167    0.1258   37.8179   92.1658     6758.8574     6755.7071     6762.0077  56.271959  79.313310   0.000446   0.000136
1 42041U 17008CX  22349.68332288  .00291997  00000-0  31169-2 0  9996 | 2 42041  97.2480  55.6944 0004777 318.7349  41.3548 15.62977031325046 | 2022/12/15-16:23:59  274.5213    0.1259   41.3910   92.1319     6757.2001     6753.9721     6760.4280  54.809633  80.331050   0.000463   0.000119
1 42041U 17008CX  22350.70750020  .00272992  00000-0  28570-2 0  9995 | 2 42041  97.2467  56.7440 0004883 314.6569  45.4292 15.63545494325205 | 2022/12/16-16:58:48  283.1886    0.1260   45.4691   92.0984     6755.5621     6752.2634     6758.8609  53.328223  81.320485   0.000479   0.000097
1 42041U 17008CX  22351.85925924  .00277074  00000-0  28275-2 0  9997 | 2 42041  97.2472  57.9268 0005182 313.7813  46.3017 15.64176718325381 | 2022/12/17-20:37:19  337.7774    0.1260   46.3447   92.0612     6753.7445     6750.2448     6757.2443  51.638485  82.404398   0.000507   0.000105
1 42041U 17008CX  22353.13847241  .00318413  00000-0  31464-2 0  9992 | 2 42041  97.2470  59.2409 0005307 311.0085  49.0716 15.64866506325581 | 2022/12/19-03:19:24   78.2438    0.1261   49.1176   92.0206     6751.7597     6748.1766     6755.3429  49.734992  83.566797   0.000522   0.000094
1 42041U 17008CX  22354.16138278  .00334760  00000-0  32120-2 0  9992 | 2 42041  97.2467  60.2932 0005317 309.1325  50.9462 15.65560876325745 | 2022/12/20-03:52:23   86.4488    0.1260   50.9935   91.9798     6749.7632     6746.1743     6753.3520  48.191745  84.465829   0.000525   0.000087
1 42041U 17008CX  22355.18385266  .00329823  00000-0  30860-2 0  9999 | 2 42041  97.2478  61.3464 0005444 307.9133  52.1634 15.66208926325902 | 2022/12/21-04:24:44   94.4946    0.1260   52.2127   91.9418     6747.9011     6744.2276     6751.5747  46.631584  85.338326   0.000537   0.000088
1 42041U 17008CX  22356.46136078  .00283070  00000-0  25845-2 0  9996 | 2 42041  97.2468  62.6632 0005512 304.4730  55.6009 15.66963822326103 | 2022/12/22-11:04:21  194.3427    0.1260   55.6530   91.8975     6745.7337     6742.0155     6749.4520  44.657695  86.386517   0.000547   0.000068
1 42041U 17008CX  22357.92972173  .00344465  00000-0  30069-2 0  9992 | 2 42041  97.2451  64.1768 0005837 300.0640  60.0042 15.67892572326330 | 2022/12/23-22:18:47    2.8920    0.1261   60.0621   91.8430     6743.0696     6739.1336     6747.0055  42.359539  87.534444   0.000582   0.000043
1 42041U 17008CX  22359.14204365  .00300218  00000-0  25532-2 0  9996 | 2 42041  97.2445  65.4293 0005830 296.3420  63.7243 15.68667966326528 | 2022/12/25-03:24:32   79.2722    0.1262   63.7842   91.7976     6740.8473     6736.9174     6744.7772  40.435797  88.438900   0.000583   0.000018
1 42041U 17008CX  22360.41755706  .00316392  00000-0  26036-2 0  9998 | 2 42041  97.2434  66.7482 0005686 293.2455  66.8208 15.69427307326724 | 2022/12/26-10:01:16  178.3953    0.1262   66.8807   91.7532     6738.6728     6734.8412     6742.5044  38.389042  89.345175   0.000569  -0.000000
1 42041U 17008CX  22361.43744970  .00399916  00000-0  31495-2 0  9990 | 2 42041  97.2434  67.8038 0005881 292.0312  68.0326 15.70250303326883 | 2022/12/27-10:29:55  185.5088    0.1263   68.0951   91.7051     6736.3181     6732.3564     6740.2797  36.736551  90.037240   0.000588  -0.000002
1 42041U 17008CX  22363.15728620  .00381295  00000-0  28454-2 0  9997 | 2 42041  97.2405  69.5865 0005862 283.8613  76.2043 15.71602858327154 | 2022/12/29-03:46:29   84.5606    0.1308   76.2695   91.6262     6732.4526     6728.5060     6736.3991  33.916794  91.133780   0.000582  -0.000067
1 42041U 17008CX  22364.17580670  .00491423  00000-0  35012-2 0  9994 | 2 42041  97.2429  70.6449 0006202 288.1982  71.8607 15.72393553327312 | 2022/12/30-04:13:09   91.1802    0.1265   71.9283   91.5801     6730.1954     6726.0213     6734.3694  32.228424  91.746991   0.000620  -0.000013
1 42041U 17008CX  22365.44806653  .00542617  00000-0  36311-2 0  9992 | 2 42041  97.2422  71.9674 0006165 287.1552  72.9037 15.73733423327515 | 2022/12/31-10:45:12  189.1253    0.1264   72.9712   91.5022     6726.3748     6722.2280     6730.5216  30.102108  92.465716   0.000616  -0.000009
1 42041U 17008CX  23001.71928361  .00510226  00000-0  32507-2 0  9995 | 2 42041  97.2417  73.2926 0005949 285.2934  74.7674 15.74973675327711 | 2023/01/01-17:15:46  286.6893    0.1266   74.8332   91.4301     6722.8431     6718.8437     6726.8425  27.955455  93.136678   0.000595  -0.000015
1 42041U 17008CX  23002.92598560  .00467524  00000-0  28411-2 0  9994 | 2 42041  97.2440  74.5540 0006235 284.4883  75.5690 15.76182071327908 | 2023/01/02-22:13:25    1.0335    0.1265   75.6382   91.3600     6719.4066     6715.2170     6723.5961  25.899000  93.731731   0.000623  -0.000010
1 42041U 17008CX  23004.13175429  .00554618  00000-0  31561-2 0  9995 | 2 42041  97.2414  75.8125 0006186 286.7801  73.2787 15.77450587328096 | 2023/01/04-03:09:43   75.0387    0.1267   73.3466   91.2865     6715.8038     6711.6494     6719.9582  23.833466  94.275425   0.000618   0.000028
1 42041U 17008CX  23005.14626591  .00718551  00000-0  37647-2 0  9997 | 2 42041  97.2401  76.8757 0006315 286.0999  73.9572 15.78884890328255 | 2023/01/05-03:30:37   80.2013    0.1267   74.0268   91.2036     6711.7359     6707.4975     6715.9744  22.079762  94.700165   0.000631   0.000033
1 42041U 17008CX  23006.91958935  .00600866  00000-0  28942-2 0  9990 | 2 42041  97.2408  78.7390 0006965 287.2285  72.8221 15.81052186328537 | 2023/01/06-22:04:12  358.4888    0.1269   72.8984   91.0786     6705.6009     6700.9305     6710.2714  18.989049  95.368701   0.000693   0.000072
1 42041U 17008CX  23007.99530785  .00508595  00000-0  23847-2 0  9993 | 2 42041  97.2388  79.8697 0006490 281.4387  78.6153 15.81875459328701 | 2023/01/07-23:53:14   25.6736    0.1269   78.6882   91.0312     6703.2742     6698.9237     6707.6246  17.103074  95.722877   0.000649   0.000015
1 42041U 17008CX  23009.51289667  .00483468  00000-0  21356-2 0  9997 | 2 42041  97.2372  81.4697 0006444 278.4656  81.5883 15.83227209328942 | 2023/01/09-12:18:34  211.9015    0.1270   81.6614   90.9535     6699.4581     6695.1410     6703.7753  14.423429  96.161519   0.000644  -0.000001
1 42041U 17008CX  23011.15535815  .00623927  00000-0  25004-2 0  9999 | 2 42041  97.2353  83.2037 0006104 276.0652  83.9923 15.84960987329201 | 2023/01/11-03:43:42   83.0690    0.1271   84.0619   90.8540     6694.5716     6690.4852     6698.6580  11.506810  96.552042   0.000610  -0.000008
1 42041U 17008CX  23012.16514803  .00697000  00000-0  26112-2 0  9999 | 2 42041  97.2343  84.2714 0005999 276.3067  83.7520 15.86202111329365 | 2023/01/12-03:57:48   86.5197    0.1270   83.8203   90.7829     6691.0790     6687.0650     6695.0930   9.705581  96.748699   0.000600   0.000006
1 42041U 17008CX  23013.42621088  .00762095  00000-0  26092-2 0  9997 | 2 42041  97.2351  85.6084 0006294 276.6936  83.3619 15.87911286329564 | 2023/01/13-10:13:44  180.4115    0.1271   83.4335   90.6852     6686.2768     6682.0684     6690.4851   7.445569  96.949617   0.000629   0.000025
1 42041U 17008CX  23014.93748327  .00930704  36423-3  30723-2 0  9991 | 2 42041  97.2345  87.2157 0006154 274.6958  85.3613 15.90446236329808 | 2023/01/14-22:29:58    4.3502    0.1274   85.4316   90.5406     6679.1702     6675.0599     6683.2806   4.723271  97.119713   0.000615   0.000021
1 42041U 17008CX  23016.13205829  .01076219  52109-3  31431-2 0  9999 | 2 42041  97.2387  88.4752 0008375 287.8695  72.0208 15.92848974329999 | 2023/01/16-03:10:09   74.4820  359.9816   72.1121   90.4041     6672.4517     6666.8636     6678.0399   2.587487  97.204268   0.000804   0.000236
1 42041U 17008CX  23017.45021646  .01139367  62038-3  28646-2 0  9998 | 2 42041  97.2319  89.9040 0006274 277.4321  82.6242 15.95741708330208 | 2023/01/17-10:48:18  188.7234    0.1276   82.6955   90.2402     6664.3855     6660.2043     6668.5667   0.162914  97.231764   0.000622   0.000080
1 42041U 17008CX  23019.45401814  .01513783  13306-2  29236-2 0  9996 | 2 42041  97.2280  92.0631 0006081 281.8546  78.2050 16.00706845330523 | 2023/01/19-10:53:47  189.9046    0.1278   78.2732   89.9603     6650.5971     6646.5529     6654.6413  -3.500218  97.164975   0.000590   0.000146
1 42041U 17008CX  23020.64042354  .01528770  14758-2  23660-2 0  9998 | 2 42041  97.2257  93.3489 0006732 289.0062  71.0490 16.04532460330712 | 2023/01/20-15:22:12  256.8985    0.1282   71.1220   89.7458     6640.0218     6635.5517     6644.4918  -5.679542  97.059670   0.000623   0.000256
1 42041U 17008CX  23021.69927843  .02077654  38342-2  25617-2 0  9999 | 2 42041  97.2224  94.5022 0006873 289.8319  70.2223 16.08850739330880 | 2023/01/21-16:46:57  277.9776    0.1283   70.2964   89.5049     6628.1349     6623.5794     6632.6904  -7.631703  96.922403   0.000626   0.000283
1 42041U 17008CX  23022.77620775  .03072641  25316-1  30843-2 0  9998 | 2 42041  97.2214  95.6775 0008956 303.0612 183.2858 16.15803565331057 | 2023/01/22-18:37:44  179.2656  126.3411  183.2799   89.1197     6609.1073     6603.1881     6615.0264  -9.618014  96.744480   0.000699   0.000560
1 42041U 17008CX  23024.17254224  .10314331  23843-5  15366-2 0  9999 | 2 42041  97.2143  97.2409 0010725 285.4599  74.5513 16.34302914331282 | 2023/01/24-04:08:27   88.0947    0.1297   74.6698   88.1110     6559.1385     6552.1039     6566.1732 -12.253028  96.439014   0.000989   0.000414
