# SPACE DATA - HISTORICAL TLEs
# ----------------------------
# NORAD_ID    : 42049
# OBJECT_NAME : FLOCK 3P 31
# --------------------------------------------------------------------+-----------------------------------------------------------------------+----------------------------------------------------------------------------------------------------------------------------------------
#                  LINE 1                                             |                 LINE 2                                                |      DERIVED PARAMETERS
# --------------------------------------------------------------------+-----------------------------------------------------------------------+----------------------------------------------------------------------------------------------------------------------------------------
# NORAD  COSPAR     TLE_EPOCH      MEANMOT1 MEANMOT2   BSTAR  #  REV  |   NORAD    INC     RAAN     ECC    ARGPER  MEANANOM   MEANMOT     REV |  CAL_DATE              LONG     ARGLAT     PERIOD        SMA         PERIGEE        APOGEE      INC_X      INC_Y      ECC_X      ECC_Y
# ------ ------   -------------- ----------  -------  ------- -- ----     -----  ------- -------- ------- -------- -------- -----------  ----   ------------------- ---------  --------  --------  ------------  ------------   ----------- ---------- ----------  ---------  ---------   
1 42853U 17042AE  17197.94915289 +.00002556 +00000-0 +84156-4 0  9994 | 2 42853 097.0030 106.8140 0010225 241.1000 118.9217 15.32305882000210 | 2017/07/16-22:46:46  169.8199    0.1242  119.0242   93.9760     6847.0715     6840.0704     6854.0726 -28.059641  92.856010   0.001000  -0.000214
1 42853U 17042AE  17199.84295801 +.00003028 +00000-0 +99212-4 0  9990 | 2 42853 097.0026 108.6059 0010347 232.7219 127.3081 15.32316349000502 | 2017/07/18-20:13:51  131.6562    0.1242  127.4023   93.9754     6847.0403     6839.9557     6854.1249 -30.949349  91.932813   0.000980  -0.000331
1 42853U 17042AE  17200.88780963 +.00002203 +00000-0 +72805-4 0  9998 | 2 42853 097.0028 109.5945 0010436 228.5160 131.5188 15.32319792000662 | 2017/07/19-21:18:26  147.8392    0.1243  131.6083   93.9752     6847.0301     6839.8845     6854.1756 -32.530969  91.385334   0.000968  -0.000389
1 42853U 17042AE  17202.25917532 +.00001686 +00000-0 +56241-4 0  9995 | 2 42853 097.0026 110.8919 0010548 223.1989 136.8427 15.32321849000873 | 2017/07/21-06:13:12  281.5784    0.1242  136.9253   93.9750     6847.0239     6839.8017     6854.2462 -34.591702  90.625154   0.000949  -0.000461
1 42853U 17042AE  17203.49992921 +.00001783 +00000-0 +59349-4 0  9997 | 2 42853 097.0024 112.0657 0010655 218.2374 141.8114 15.32328344001064 | 2017/07/22-11:59:53    8.2917    0.1242  141.8868   93.9746     6847.0046     6839.7091     6854.3001 -36.440846  89.897332   0.000926  -0.000528
1 42853U 17042AE  17204.93658810 +.00001596 +00000-0 +53351-4 0  9992 | 2 42853 097.0023 113.4248 0010790 212.3367 147.7215 15.32333252001286 | 2017/07/23-22:28:41  165.5364    0.1242  147.7875   93.9743     6846.9900     6839.6021     6854.3779 -38.562789  89.007626   0.000892  -0.000607
1 42853U 17042AE  17206.24263823 +.00001502 +00000-0 +50315-4 0  9998 | 2 42853 097.0021 114.6604 0010944 207.0679 152.9994 15.32337291001482 | 2017/07/25-05:49:23  275.7571    0.1242  153.0563   93.9741     6846.9779     6839.4846     6854.4713 -40.473065  88.155195   0.000859  -0.000678
1 42853U 17042AE  17207.94049901 +.00001337 +00000-0 +45039-4 0  9998 | 2 42853 097.0019 116.2667 0011121 200.4638 159.6161 15.32341830001749 | 2017/07/26-22:34:19  167.0416    0.1242  159.6604   93.9738     6846.9644     6839.3499     6854.5789 -42.928199  86.985851   0.000810  -0.000762
1 42853U 17042AE  17209.70365637 +.00001227 +00000-0 +41491-4 0  9997 | 2 42853 097.0017 117.9347 0011323 193.8129 166.2806 15.32346669002010 | 2017/07/28-16:53:15   81.8345    0.1242  166.3113   93.9735     6846.9500     6839.1972     6854.7028 -45.441898  85.699263   0.000754  -0.000845
1 42853U 17042AE  17210.81378986 +.00001137 +00000-0 +38623-4 0  9995 | 2 42853 097.0016 118.9849 0011449 189.6431 170.4594 15.32349406002186 | 2017/07/29-19:31:51  121.5175    0.1242  170.4811   93.9733     6846.9418     6839.1028     6854.7809 -47.004948  84.851902   0.000715  -0.000894
1 42853U 17042AE  17212.25043035 +.00001196 +00000-0 +40516-4 0  9998 | 2 42853 097.0015 120.3440 0011620 184.3454 175.7690 15.32353556002408 | 2017/07/31-06:00:37  278.7531    0.1242  175.7788   93.9731     6846.9295     6838.9733     6854.8856 -49.004238  83.713056   0.000661  -0.000955
1 42853U 17042AE  17213.62176558 +.00001217 +00000-0 +41159-4 0  9995 | 2 42853 097.0014 121.6412 0011782 179.3648 180.7612 15.32357267002614 | 2017/08/01-14:55:20   52.4767    0.1242  180.7594   93.9729     6846.9184     6838.8514     6854.9855 -50.886762  82.582135   0.000607  -0.001010
1 42853U 17042AE  17214.73189311 +.00001171 +00000-0 +39702-4 0  9999 | 2 42853 097.0014 122.6914 0011926 175.3420 184.7936 15.32359451002784 | 2017/08/02-17:33:55   92.1570    0.1242  184.7822   93.9727     6846.9119     6838.7463     6855.0775 -52.391815  81.635589   0.000561  -0.001053
1 42853U 17042AE  17216.29912778 +.00001398 +00000-0 +46935-4 0  9990 | 2 42853 097.0012 124.1740 0012114 169.7979 190.3512 15.32364445003022 | 2017/08/04-07:10:44  296.4101    0.1242  190.3263   93.9724     6846.8970     6838.6027     6855.1914 -54.486350  80.252542   0.000492  -0.001107
1 42853U 17042AE  17217.53985125 +.00001549 +00000-0 +51742-4 0  9994 | 2 42853 097.0011 125.3477 0012265 165.4125 194.7474 15.32368625003214 | 2017/08/05-12:57:23   23.1090    0.1242  194.7117   93.9722     6846.8846     6838.4869     6855.2823 -56.118713  79.119551   0.000435  -0.001147
1 42853U 17042AE  17218.78057241 +.00001396 +00000-0 +46865-4 0  9991 | 2 42853 097.0010 126.5213 0012404 161.1127 199.0578 15.32371212003404 | 2017/08/06-18:44:01  109.8073    0.1242  199.0115   93.9720     6846.8769     6838.3840     6855.3697 -57.727389  77.953464   0.000376  -0.001182
1 42853U 17042AE  17219.82538770 +.00001354 +00000-0 +45502-4 0  9999 | 2 42853 097.0009 127.5096 0012517 157.5589 202.6204 15.32374019003560 | 2017/08/07-19:48:33  125.9735    0.1242  202.5653   93.9718     6846.8685     6838.2983     6855.4387 -59.063300  76.946093   0.000325  -0.001209
1 42853U 17042AE  17221.19668666 +.00002827 +00000-0 +92498-4 0  9992 | 2 42853 097.0010 128.8071 0012696 152.9185 207.2723 15.32392186003773 | 2017/08/09-04:43:13  259.6838    0.1242  207.2057   93.9707     6846.8144     6838.1217     6855.5071 -60.790564  75.589029   0.000258  -0.001243
1 42853U 17042AE  17222.50267364 +.00004279 +00000-0 +13871-3 0  9998 | 2 42853 097.0006 130.0421 0012941 148.1145 212.0883 15.32412414003978 | 2017/08/10-12:03:51    9.8793    0.1241  212.0096   93.9695     6846.7541     6837.8938     6855.6145 -62.405366  74.260936   0.000184  -0.001281
1 42853U 17042AE  17223.54746267 +.00003013 +00000-0 +98337-4 0  9993 | 2 42853 097.0002 131.0304 0013029 144.7406 215.4702 15.32415357004130 | 2017/08/11-13:08:20   26.0369    0.1243  215.3837   93.9693     6846.7454     6837.8248     6855.6660 -63.676690  73.173205   0.000131  -0.001296
1 42853U 17042AE  17224.59224750 +.00002907 +00000-0 +94948-4 0  9992 | 2 42853 097.0001 132.0188 0013135 141.2636 218.9551 15.32421065004295 | 2017/08/12-14:12:50   42.1929    0.1242  218.8606   93.9690     6846.7284     6837.7352     6855.7216 -64.929385  72.063822   0.000075  -0.001311
1 42853U 17042AE  17225.70232579 +.00003406 +00000-0 +11081-3 0  9995 | 2 42853 096.9998 133.0689 0013249 137.6313 222.5956 15.32428692004464 | 2017/08/13-16:51:20   81.8569    0.1243  222.4930   93.9685     6846.7057     6837.6345     6855.7769 -66.238966  70.861560   0.000016  -0.001325
1 42853U 17042AE  17226.81240108 +.00002285 +00000-0 +75083-4 0  9992 | 2 42853 096.9997 134.1189 0013350 133.9736 226.2610 15.32431770004639 | 2017/08/14-19:29:51  121.5205    0.1242  226.1506   93.9683     6846.6965     6837.5562     6855.8368 -67.526307  69.635765  -0.000044  -0.001334
1 42853U 17042AE  17228.70605408  .00001485  00000-0  49564-4 0  9996 | 2 42853  96.9997 135.9103 0013504 127.9852 232.2613 15.32435714  4921 | 2017/08/16-16:56:43   83.2987    0.1243  232.1391   93.9681     6846.6847     6837.4390     6855.9305 -69.670169  67.490809  -0.000144  -0.001343
1 42853U 17042AE  17229.75082417  .00001640  00000-0  54521-4 0  9993 | 2 42853  96.9999 136.8986 0013536 124.6177 235.6344 15.32440242  5089 | 2017/08/17-18:01:11   99.4518    0.1242  235.5065   93.9678     6846.6713     6837.4036     6855.9389 -70.824048  66.279218  -0.000200  -0.001339
1 42853U 17042AE  17230.79559197  .00001779  00000-0  58937-4 0  9991 | 2 42853  96.9998 137.8869 0013619 121.3337 238.9241 15.32444257  5243 | 2017/08/18-19:05:39  115.6040    0.1243  238.7906   93.9675     6846.6593     6837.3348     6855.9838 -71.956638  65.047702  -0.000255  -0.001338
1 42853U 17042AE  17231.90564794 +.00006032 +00000-0 +19422-3 0  9996 | 2 42853 097.0000 138.9372 0013745 117.9119 242.3517 15.32462998005415 | 2017/08/19-21:44:07  155.2622    0.1242  242.2123   93.9664     6846.6035     6837.1928     6856.0141 -73.137034  63.717927  -0.000313  -0.001338
1 42853U 17042AE  17233.21157154  .00012695  00000-0  40541-3 0  9998 | 2 42853  97.0000 140.1724 0013830 114.0438 246.2254 15.32501259  5615 | 2017/08/21-05:04:39  265.4410    0.1243  246.0805   93.9640     6846.4895     6837.0208     6855.9582 -74.493583  62.126532  -0.000376  -0.001331
1 42853U 17042AE  17234.25629426 +.00010692 +00000-0 +34171-3 0  9996 | 2 42853 096.9998 141.1607 0013890 110.6665 249.6068 15.32518855005777 | 2017/08/22-06:09:03  281.5786    0.1242  249.4577   93.9630     6846.4371     6836.9274     6855.9468 -75.553919  60.832282  -0.000433  -0.001320
1 42853U 17042AE  17235.30100240 +.00013299 +00000-0 +42397-3 0  9996 | 2 42853 096.9995 142.1489 0013945 107.5102 252.7666 15.32543892005931 | 2017/08/23-07:13:26  297.7115    0.1243  252.6141   93.9614     6846.3626     6836.8153     6855.9098 -76.591588  59.520011  -0.000485  -0.001308
1 42853U 17042AE  17237.19448821  .00011623  00000-0  37037-3 0  9999 | 2 42853  96.9984 143.9398 0013976 101.8278 258.4534 15.32591315  6225 | 2017/08/25-04:40:03  259.4374    0.1243  258.2965   93.9585     6846.2213     6836.6530     6855.7896 -78.413407  57.096649  -0.000574  -0.001274
1 42853U 17042AE  17238.30444081  .00007294  00000-0  23328-3 0  9994 | 2 42853  96.9984 144.9900 0014036  98.4466 261.8368 15.32605166  6394 | 2017/08/26-07:18:23  299.0620    0.1242  261.6776   93.9577     6846.1801     6836.5708     6855.7894 -79.446726  55.649864  -0.000628  -0.001255
1 42853U 17042AE  17239.34909152 +.00007559 +00000-0 +24153-3 0  9995 | 2 42853 096.9980 145.9782 0014118 095.1194 265.1661 15.32620840006559 | 2017/08/27-08:22:41  315.1756    0.1243  265.0049   93.9567     6846.1334     6836.4680     6855.7988 -80.394343  54.271186  -0.000682  -0.001236
1 42853U 17042AE  17240.58960242 +.00006339 +00000-0 +20285-3 0  9997 | 2 42853 096.9980 147.1517 0014101 091.2810 269.0048 15.32634853006745 | 2017/08/28-14:09:01   41.8084    0.1242  268.8432   93.9558     6846.0917     6836.4380     6855.7453 -81.488956  52.613326  -0.000738  -0.001201
1 42853U 17042AE  17241.69952843 +.00005226 +00000-0 +16760-3 0  9995 | 2 42853 096.9981 148.2018 0014165 087.7689 272.5176 15.32642147006913 | 2017/08/29-16:47:19   81.4250    0.1243  272.3554   93.9554     6846.0699     6836.3725     6855.7674 -82.439582  51.111121  -0.000793  -0.001174
1 42853U 17042AE  17242.80944884 +.00003960 +00000-0 +12754-3 0  9997 | 2 42853 096.9981 149.2518 0014169 084.3669 275.9189 15.32646568007085 | 2017/08/30-19:25:36  121.0410    0.1243  275.7574   93.9551     6846.0568     6836.3566     6855.7570 -83.362347  49.591839  -0.000840  -0.001141
1 42853U 17042AE  17244.50696515  .00003270  00000-0  10571-3 0  9990 | 2 42853  96.9982 150.8577 0014108  79.2427 281.0404 15.32655111  7348 | 2017/09/01-12:10:01   12.2168    0.1244  280.8817   93.9546     6846.0313     6836.3730     6855.6897 -84.719483  47.236216  -0.000905  -0.001082
1 42853U 17042AE  17245.55158346 +.00003604 +00000-0 +11625-3 0  9993 | 2 42853 096.9984 151.8461 0014074 075.9271 284.3536 15.32663031007505 | 2017/09/02-13:14:16   28.3230    0.1244  284.1973   93.9541     6846.0078     6836.3727     6855.6428 -85.521877  45.767872  -0.000946  -0.001042
1 42853U 17042AE  17246.92263785 +.00003368 +00000-0 +10874-3 0  9991 | 2 42853 096.9986 153.1432 0014020 071.7103 288.5664 15.32671893007715 | 2017/09/03-22:08:35  161.9609    0.1243  288.4140   93.9536     6845.9814     6836.3833     6855.5794 -86.536176  43.820299  -0.000994  -0.000989
1 42853U 17042AE  17248.42425789  .00004136  00000-0  13299-3 0  9990 | 2 42853  96.9985 154.5639 0013947  67.0470 293.2243 15.32684411  7941 | 2017/09/05-10:10:55  342.6089    0.1243  293.0773   93.9528     6845.9441     6836.3960     6855.4921 -87.595937  41.661264  -0.001043  -0.000926
1 42853U 17042AE  17249.79529151  .00004583  00000-0  14706-3 0  9999 | 2 42853  96.9983 155.8610 0013850  62.7382 297.5270 15.32696461  8158 | 2017/09/06-19:05:13  116.2413    0.1243  297.3861   93.9521     6845.9082     6836.4266     6855.3898 -88.516383  39.667621  -0.001082  -0.000864
1 42853U 17042AE  17251.23159459 +.00008060 +00000-0 +25661-3 0  9997 | 2 42853 096.9979 157.2198 0013766 058.4260 301.8325 15.32720593008371 | 2017/09/08-05:33:29  273.3740    0.1244  301.6984   93.9506     6845.8363     6836.4124     6855.2603 -89.431774  37.557295  -0.001119  -0.000802
1 42853U 17042AE  17252.27616688 +.00008363 +00000-0 +26606-3 0  9990 | 2 42853 096.9974 158.2078 0013683 055.1044 305.1483 15.32735305008533 | 2017/09/09-06:37:40  289.4674    0.1244  305.0200   93.9497     6845.7925     6836.4254     6855.1596 -90.065614  36.009454  -0.001143  -0.000751
1 42853U 17042AE  17253.32073059  .00004195  00000-0  13463-3 0  9992 | 2 42853  96.9973 159.1960 0013609  51.7936 308.4531 15.32741470  8699 | 2017/09/10-07:41:51  305.5577    0.1244  308.3308   93.9493     6845.7742     6836.4578     6855.0906 -90.673162  34.450747  -0.001167  -0.000701
1 42853U 17042AE  17254.49585984 +.00002907 +00000-0 +93964-4 0  9990 | 2 42853 096.9970 160.3077 0013541 048.1662 312.0735 15.32747705008874 | 2017/09/11-11:54:02    8.6578    0.1244  311.9582   93.9489     6845.7556     6836.4858     6855.0255 -91.324212  32.684956  -0.001190  -0.000646
1 42853U 17042AE  17255.60569983 +.00003192 +00000-0 +10293-3 0  9995 | 2 42853 096.9971 161.3578 0013441 044.5725 315.6597 15.32754874009041 | 2017/09/12-14:32:12   48.2515    0.1244  315.5519   93.9485     6845.7343     6836.5329     6854.9356 -91.907975  31.005829  -0.001209  -0.000588
1 42853U 17042AE  17257.17252203  .00003710  00000-0  11923-3 0  9990 | 2 42853  96.9971 162.8402 0013280  39.6558 320.5654 15.32766614  9283 | 2017/09/14-04:08:25  252.3805    0.1244  320.4686   93.9478     6845.6993     6836.6082     6854.7904 -92.679333  28.617804  -0.001227  -0.000508
1 42853U 17042AE  17258.28234733  .00004531  00000-0  14510-3 0  9998 | 2 42853  96.9970 163.8902 0013180  36.1396 324.0735 15.32776474  9452 | 2017/09/15-06:46:34  291.9696    0.1244  323.9848   93.9472     6845.6700     6836.6474     6854.6926 -93.188093  26.914629  -0.001238  -0.000451
1 42853U 17042AE  17259.52273239  .00004246  00000-0  13607-3 0  9999 | 2 42853  96.9971 165.0639 0013049  32.0404 328.1630 15.32785687  9649 | 2017/09/16-12:32:44   18.5668    0.1244  328.0840   93.9466     6845.6425     6836.7097     6854.5754 -93.719944  25.000190  -0.001247  -0.000384
1 42853U 17042AE  17260.69782626  .00003483  00000-0  11201-3 0  9994 | 2 42853  96.9972 166.1757 0012948  28.2082 331.9860 15.32793973  9823 | 2017/09/17-16:44:52   81.6562    0.1244  331.9162   93.9461     6845.6179     6836.7542     6854.4816 -94.187485  23.177026  -0.001254  -0.000322
1 42853U 17042AE  17261.87291268  .00003250  00000-0  10464-3 0  9994 | 2 42853  96.9974 167.2873 0012805  24.3288 335.8557 15.32802761 10007 | 2017/09/18-20:56:59  144.7436    0.1244  335.7956   93.9456     6845.5917     6836.8259     6854.3575 -94.619585  21.345484  -0.001254  -0.000258
1 42853U 17042AE  17263.17855819  .00002966  00000-0  95679-4 0  9992 | 2 42853  96.9972 168.5226 0012660  19.8926 340.2808 15.32810567 10202 | 2017/09/20-04:17:07  254.8387    0.1244  340.2318   93.9451     6845.5685     6836.9020     6854.2349 -95.057573  19.300638  -0.001252  -0.000185
1 42853U 17042AE  17264.54947888  .00002660  00000-0  86033-4 0  9997 | 2 42853  96.9969 169.8195 0012496  15.1793 344.9822 15.32818099 10413 | 2017/09/21-13:11:14   28.4364    0.1243  344.9450   93.9446     6845.5460     6836.9918     6854.1002 -95.469763  17.144180  -0.001245  -0.000109
1 42853U 17042AE  17265.78983052  .00002513  00000-0  81377-4 0  9990 | 2 42853  96.9967 170.9930 0012355  10.8924 349.2585 15.32824362 10608 | 2017/09/22-18:57:21  115.0227    0.1245  349.2321   93.9442     6845.5274     6837.0697     6853.9850 -95.800655  15.185331  -0.001235  -0.000041
1 42853U 17042AE  17267.09545793  .00002660  00000-0  85998-4 0  9998 | 2 42853  96.9964 172.2282 0012184   6.2662 353.8732 15.32831783 10800 | 2017/09/24-02:17:27  225.1117    0.1245  353.8583   93.9438     6845.5053     6837.1647     6853.8458 -96.105441  13.116622  -0.001218   0.000032
1 42853U 17042AE  17268.20523633  .00003297  00000-0  10604-3 0  9999 | 2 42853  96.9963 173.2781 0012055   2.3890 357.7409 15.32839736 10979 | 2017/09/25-04:55:32  264.6854    0.1244  357.7354   93.9433     6845.4816     6837.2294     6853.7338 -96.329546  11.353450  -0.001202   0.000091
1 42853U 17042AE  17269.44557285  .00003041  00000-0  97968-4 0  9992 | 2 42853  96.9960 174.4515 0011896 357.9648   2.1544 15.32845046 11160 | 2017/09/26-10:41:37  351.2664    0.1243    2.1595   93.9430     6845.4658     6837.3224     6853.6092 -96.541546   9.378379  -0.001179   0.000157
1 42853U 17042AE  17270.55534143 +.00003921 +00000-0 +12562-3 0  9997 | 2 42853 096.9960 175.5015 0011757 353.9353 006.1746 15.32854345011331 | 2017/09/27-13:19:41   30.8362    0.1244    6.1891   93.9424     6845.4381     6837.3899     6853.4863 -96.697193   7.607687  -0.001156   0.000216
1 42853U 17042AE  17271.79566185  .00005477  00000-0  17452-3 0  9996 | 2 42853  96.9959 176.6749 0011581 349.3993  10.7004 15.32867507 11522 | 2017/09/28-19:05:45  117.4109    0.1244   10.7251   93.9416     6845.3989     6837.4713     6853.3266 -96.832608   5.625895  -0.001124   0.000279
1 42853U 17042AE  17273.16652844  .00005050  00000-0  16102-3 0  9995 | 2 42853  96.9960 177.9719 0011378 344.3732  15.7158 15.32882157 11731 | 2017/09/30-03:59:48  250.9877    0.1244   15.7512   93.9407     6845.3553     6837.5667     6853.1440 -96.935241   3.432653  -0.001084   0.000345
1 42853U 17042AE  17274.27626886  .00003781  00000-0  12111-3 0  9990 | 2 42853  96.9960 179.0218 0011236 340.1890  19.8915 15.32891098 11909 | 2017/10/01-06:37:49  290.5467    0.1244   19.9354   93.9401     6845.3287     6837.6373     6853.0201 -96.981864   1.655914  -0.001050   0.000399
1 42853U 17042AE  17275.38600266  .00003713  00000-0  11893-3 0  9998 | 2 42853  96.9963 180.0719 0011111 335.9657  24.1066 15.32900419 12078 | 2017/10/02-09:15:50  330.1028    0.1244   24.1587   93.9396     6845.3009     6837.6951     6852.9068 -96.996224  -0.121720  -0.001015   0.000451
1 42853U 17042AE  17276.69156458 +.00003392 +00000-0 +10882-3 0  9992 | 2 42853 096.9963 181.3070 0010947 331.0119 029.0515 15.32909945012276 | 2017/10/03-16:35:51   80.1657    0.1244   29.1125   93.9390     6845.2726     6837.7791     6852.7661 -96.971064  -2.212435  -0.000969   0.000509
1 42853U 17042AE  17277.73600877 +.00003016 +00000-0 +97013-4 0  9992 | 2 42853 096.9963 182.2953 0010830 326.9893 033.0673 15.32916331012434 | 2017/10/04-17:39:51   96.2135    0.1244   33.1351   93.9386     6845.2536     6837.8402     6852.6670 -96.918478  -3.884685  -0.000931   0.000553
1 42853U 17042AE  17278.78044817 +.00003172 +00000-0 +10187-3 0  9993 | 2 42853 096.9961 183.2834 0010718 322.9043 037.1459 15.32923684012592 | 2017/10/05-18:43:50  112.2595    0.1244   37.2201   93.9381     6845.2317     6837.8950     6852.5684 -96.836876  -5.555430  -0.000891   0.000596
1 42853U 17042AE  17280.73875981  .00003165  00000-0  10164-3 0  9992 | 2 42853  96.9958 185.1363 0010523 315.1005  44.9386 15.32936670 12899 | 2017/10/07-17:43:48   97.3401    0.1244   45.0239   93.9373     6845.1930     6837.9898     6852.3962 -96.606318  -8.683581  -0.000809   0.000673
1 42853U 17042AE  17282.17484542  .00002789  00000-0  89807-4 0  9993 | 2 42853  96.9956 186.4950 0010384 309.2274  50.8047 15.32944536 13116 | 2017/10/09-04:11:46  254.3947    0.1244   50.8970   93.9369     6845.1696     6838.0616     6852.2776 -96.373056 -10.971804  -0.000743   0.000725
1 42853U 17042AE  17283.28454430  .00002442  00000-0  78911-4 0  9999 | 2 42853  96.9955 187.5450 0010310 304.7381  55.2891 15.32949257 13289 | 2017/10/10-06:49:44  293.9349    0.1244   55.3863   93.9366     6845.1556     6838.0982     6852.2129 -96.155717 -12.735978  -0.000694   0.000763
1 42853U 17042AE  17284.52479082  .00003394  00000-0  10875-3 0  9998 | 2 42853  96.9953 188.7185 0010215 299.5649  60.4575 15.32958225 13470 | 2017/10/11-12:35:41   20.4774    0.1243   60.5594   93.9360     6845.1289     6838.1366     6852.1212 -95.874519 -14.702546  -0.000633   0.000802
1 42853U 17042AE  17285.69975551  .00003796  00000-0  12135-3 0  9996 | 2 42853  96.9952 189.8302 0010162 294.5785  65.4399 15.32966024 13654 | 2017/10/12-16:47:38   83.5151    0.1244   65.5459   93.9355     6845.1056     6838.1496     6852.0616 -95.571121 -16.559881  -0.000574   0.000838
1 42853U 17042AE  17287.46219059  .00004296  00000-0  13697-3 0  9997 | 2 42853  96.9953 191.4979 0010063 287.1968  72.8173 15.32979400 13929 | 2017/10/14-11:05:33  358.0655    0.1243   72.9275   93.9347     6845.0658     6838.1776     6851.9540 -95.048799 -19.334269  -0.000483   0.000883
1 42853U 17042AE  17288.70241432  .00003283  00000-0  10520-3 0  9992 | 2 42853  96.9955 192.6713 0010003 281.6638  78.3482 15.32985725 14110 | 2017/10/15-16:51:28   84.5972    0.1243   78.4605   93.9343     6845.0470     6838.1999     6851.8941 -94.633130 -21.276693  -0.000412   0.000911
1 42853U 17042AE  17290.46482685  .00002654  00000-0  85445-4 0  9995 | 2 42853  96.9957 194.3388 0009967 274.0967  85.9137 15.32995103 14388 | 2017/10/17-11:09:21  359.1369    0.1243   86.0276   93.9338     6845.0191     6838.1966     6851.8415 -93.974114 -24.021486  -0.000315   0.000946
1 42853U 17042AE  17291.50921545  .00002108  00000-0  68320-4 0  9991 | 2 42853  96.9958 195.3270 0009961 269.5403  90.4699 15.32998847 14548 | 2017/10/18-12:13:16   15.1582    0.1243   90.5840   93.9335     6845.0079     6838.1896     6851.8262 -93.545947 -25.638663  -0.000256   0.000963
1 42853U 17042AE  17292.68414875  .00002190  00000-0  70876-4 0  9994 | 2 42853  96.9958 196.4387 0009966 264.5408  95.4698 15.33004682 14724 | 2017/10/19-16:25:10   78.1801    0.1243   95.5835   93.9332     6844.9906     6838.1688     6851.8123 -93.030908 -27.448779  -0.000190   0.000978
1 42853U 17042AE  17293.79380417  .00002496  00000-0  80455-4 0  9994 | 2 42853  96.9956 197.4886 0009962 259.6993 100.3127 15.33010734 14893 | 2017/10/20-19:03:04  117.6985    0.1243  100.4250   93.9328     6844.9725     6838.1536     6851.7915 -92.512149 -29.148733  -0.000125   0.000988
1 42853U 17042AE  17295.09927566  .00002687  00000-0  86425-4 0  9996 | 2 42853  96.9954 198.7237 0009990 254.0130 106.0013 15.33018023 15097 | 2017/10/22-02:22:57  227.7176    0.1243  106.1113   93.9324     6844.9509     6838.1127     6851.7890 -91.862168 -31.135986  -0.000048   0.000998
1 42853U 17042AE  17296.20892143  .00002996  00000-0  96081-4 0  9994 | 2 42853  96.9953 199.7737 0009998 249.3375 110.6797 15.33025248 15264 | 2017/10/23-05:00:50  267.2309    0.1243  110.7868   93.9319     6844.9293     6838.0858     6851.7729 -91.276084 -32.814092   0.000016   0.001000
1 42853U 17042AE  17297.38383690  .00003036  00000-0  97319-4 0  9997 | 2 42853  96.9950 200.8855 0010037 244.2926 115.7282 15.33031162 15445 | 2017/10/24-09:12:43  330.2431    0.1244  115.8318   93.9316     6844.9117     6838.0415     6851.7820 -90.621917 -34.578869   0.000084   0.001000
1 42853U 17042AE  17298.68929034  .00004078  00000-0  12988-3 0  9994 | 2 42853  96.9949 202.1208 0010094 238.7734 121.2521 15.33042493 15647 | 2017/10/25-16:32:34   80.2531    0.1243  121.3509   93.9309     6844.8780     6837.9688     6851.7872 -89.855298 -36.524457   0.000160   0.000997
1 42853U 17042AE  17300.19055216  .00003759  00000-0  11987-3 0  9999 | 2 42853  96.9947 203.5413 0010175 232.3815 127.6505 15.33052011 15872 | 2017/10/27-04:34:23  260.7600    0.1242  127.7427   93.9303     6844.8497     6837.8850     6851.8143 -88.922065 -38.740653   0.000247   0.000987
1 42853U 17042AE  17301.30017325  .00003203  00000-0  10244-3 0  9991 | 2 42853  96.9947 204.5912 0010238 227.5896 132.4482 15.33059537 16040 | 2017/10/28-07:12:14  300.2616    0.1243  132.5347   93.9298     6844.8273     6837.8195     6851.8350 -88.197284 -40.363485   0.000313   0.000975
1 42853U 17042AE  17302.80141798  .00002596  00000-0  83440-4 0  9992 | 2 42853  96.9950 206.0117 0010355 221.5020 138.5438 15.33067300 16271 | 2017/10/29-19:14:02  120.7609    0.1243  138.6223   93.9293     6844.8042     6837.7164     6851.8920 -87.169844 -42.537611   0.000396   0.000957
1 42853U 17042AE  17304.10684241  .00002202  00000-0  71088-4 0  9991 | 2 42853  96.9952 207.2470 0010488 216.1471 143.9065 15.33073271 16477 | 2017/10/31-02:33:51  230.7573    0.1243  143.9772   93.9290     6844.7864     6837.6076     6851.9652 -86.232721 -44.407057   0.000470   0.000938
1 42853U 17042AE  17305.21644921  .00002058  00000-0  66581-4 0  9996 | 2 42853  96.9953 208.2971 0010590 211.7986 148.2619 15.33078301 16642 | 2017/11/01-05:11:41  270.2524    0.1243  148.3257   93.9287     6844.7714     6837.5228     6852.0200 -85.404492 -45.980005   0.000528   0.000918
1 42853U 17042AE  17306.26078167  .00002078  00000-0  67184-4 0  9997 | 2 42853  96.9955 209.2851 0010677 207.6084 152.4593 15.33083261 16808 | 2017/11/02-06:15:31  286.2463    0.1242  152.5158   93.9284     6844.7567     6837.4485     6852.0648 -84.599136 -47.445897   0.000583   0.000894
1 42853U 17042AE  17307.50092145 +.00002333 +00000-0 +75132-4 0  9993 | 2 42853 096.9954 210.4587 0010818 202.8112 157.2652 15.33090199016990 | 2017/11/03-12:01:19   12.7366    0.1242  157.3130   93.9279     6844.7360     6837.3314     6852.1407 -83.609529 -49.168632   0.000647   0.000867
1 42853U 17042AE  17308.87159558  .00002691  00000-0  86300-4 0  9992 | 2 42853  96.9954 211.7557 0010973 197.5350 162.5516 15.33098879 17203 | 2017/11/04-20:55:05  146.2231    0.1243  162.5893   93.9274     6844.7102     6837.1995     6852.2209 -82.475176 -51.048535   0.000716   0.000832
1 42853U 17042AE  17310.17699439  .00001982  00000-0  64149-4 0  9994 | 2 42853  96.9953 212.9911 0011130 192.5641 167.5326 15.33103490 17405 | 2017/11/06-04:14:52  256.2078    0.1242  167.5601   93.9271     6844.6965     6837.0783     6852.3146 -81.355308 -52.814790   0.000779   0.000795
1 42853U 17042AE  17311.28658026  .00002416  00000-0  77655-4 0  9993 | 2 42853  96.9950 214.0411 0011259 188.4569 171.6487 15.33109532 17570 | 2017/11/07-06:52:40  295.6935    0.1243  171.6674   93.9268     6844.6785     6836.9720     6852.3849 -80.373571 -54.296584   0.000830   0.000761
1 42853U 17042AE  17312.39615962  .00004637  00000-0  14693-3 0  9997 | 2 42853  96.9949 215.0911 0011386 184.2999 175.8148 15.33122352 17740 | 2017/11/08-09:30:28  335.1766    0.1242  175.8243   93.9260     6844.6403     6836.8470     6852.4336 -79.365012 -55.760249   0.000880   0.000723
1 42853U 17042AE  17313.70154067  .00004352  00000-0  13800-3 0  9990 | 2 42853  96.9948 216.3265 0011536 179.6227 180.5027 15.33129767 17942 | 2017/11/09-16:50:13   85.1544    0.1242  180.5015   93.9255     6844.6182     6836.7223     6852.5142 -78.144286 -57.458349   0.000934   0.000677
1 42853U 17042AE  17314.87637666 +.00003972 +00000-0 +12611-3 0  9996 | 2 42853 096.9949 217.4383 0011681 175.3903 184.7450 15.33137162018126 | 2017/11/10-21:01:58  148.1316    0.1242  184.7339   93.9251     6844.5962     6836.6011     6852.5914 -77.014769 -58.963853   0.000982   0.000633
1 42853U 17042AE  17316.31228099  .00002156  00000-0  69459-4 0  9999 | 2 42853  96.9950 218.7972 0011884 170.2034 189.9443 15.33140542 18349 | 2017/11/12-07:29:41  305.1011    0.1242  189.9208   93.9249     6844.5862     6836.4521     6852.7203 -75.594856 -60.773742   0.001039   0.000576
1 42853U 17042AE  17317.61764397 +.00001919 +00000-0 +62053-4 0  9998 | 2 42853 096.9951 220.0325 0012028 165.6897 194.4690 15.33145864018543 | 2017/11/13-14:49:24   55.0721    0.1243  194.4346   93.9245     6844.5703     6836.3377     6852.8030 -74.267180 -62.389385   0.001084   0.000522
1 42853U 17042AE  17318.79246730  .00002301  00000-0  73964-4 0  9993 | 2 42853  96.9953 221.1442 0012168 161.5425 198.6262 15.33151647 18721 | 2017/11/14-19:01:09  118.0448    0.1242  198.5817   93.9242     6844.5531     6836.2247     6852.8816 -73.042897 -63.818676   0.001123   0.000469
1 42853U 17042AE  17320.16308733  .00003212  00000-0  10231-3 0  9998 | 2 42853  96.9955 222.4412 0012320 156.8789 203.3011 15.33161220 18931 | 2017/11/16-03:54:50  251.5107    0.1242  203.2453   93.9236     6844.5246     6836.0922     6852.9571 -71.579796 -65.455785   0.001163   0.000408
1 42853U 17042AE  17321.27262909  .00003683  00000-0  11696-3 0  9993 | 2 42853  96.9954 223.4912 0012499 152.8648 207.3251 15.33170467 19106 | 2017/11/17-06:32:35  290.9794    0.1242  207.2594   93.9230     6844.4971     6835.9422     6853.0521 -70.368231 -66.756420   0.001199   0.000352
1 42853U 17042AE  17322.70850021  .00003215  00000-0  10233-3 0  9997 | 2 42853  96.9954 224.8500 0012644 147.8962 212.3054 15.33178648 19329 | 2017/11/18-17:00:14   87.9378    0.1243  212.2281   93.9225     6844.4728     6835.8186     6853.1269 -68.765428 -68.406312   0.001233   0.000279
1 42853U 17042AE  17324.60122812 +.00002751 +00000-0 +87862-4 0  9995 | 2 42853 096.9954 226.6415 0012809 141.5911 218.6247 15.33187952019615 | 2017/11/20-14:25:46   49.3797    0.1243  218.5332   93.9219     6844.4451     6835.6780     6853.2121 -66.593265 -70.522654   0.001268   0.000183
1 42853U 17042AE  17325.71075146 +.00003534 +00000-0 +11219-3 0  9997 | 2 42853 096.9952 227.6915 0012915 137.9117 222.3120 15.33196677019788 | 2017/11/21-17:03:28   88.8438    0.1242  222.2125   93.9214     6844.4191     6835.5795     6853.2587 -65.289626 -71.730981   0.001285   0.000126
1 42853U 17042AE  17327.08133309  .00003075  00000-0  97875-4 0  9998 | 2 42853  96.9950 228.9887 0013058 133.5582 226.6748 15.33203344 19991 | 2017/11/23-01:57:07  222.2976    0.1243  226.5661   93.9210     6844.3993     6835.4619     6853.3367 -63.648882 -73.190504   0.001305   0.000058
1 42853U 17042AE  17328.19084514  .00002802  00000-0  89366-4 0  9997 | 2 42853  96.9948 230.0388 0013174 129.9107 230.3297 15.33209808 20162 | 2017/11/24-04:34:49  261.7580    0.1243  230.2136   93.9206     6844.3800     6835.3632     6853.3968 -62.296725 -74.344531   0.001317  -0.000001
1 42853U 17042AE  17329.30035231  .00002557  00000-0  81742-4 0  9990 | 2 42853  96.9947 231.0889 0013260 126.3828 233.8640 15.33216156 20338 | 2017/11/25-07:12:30  301.2177    0.1242  233.7414   93.9202     6844.3611     6835.2855     6853.4368 -60.923711 -75.473659   0.001325  -0.000058
1 42853U 17042AE  17330.80144350  .00002575  00000-0  82273-4 0  9990 | 2 42853  96.9947 232.5095 0013378 121.5771 238.6780 15.33224768 20568 | 2017/11/26-19:14:04  121.6612    0.1243  238.5472   93.9197     6844.3355     6835.1792     6853.4919 -59.033872 -76.960858   0.001331  -0.000138
1 42853U 17042AE  17332.10673395  .00002142  00000-0  68788-4 0  9996 | 2 42853  96.9949 233.7449 0013462 117.4742 242.7871 15.33230286 20763 | 2017/11/28-02:33:41  231.6107    0.1242  242.6500   93.9194     6844.3191     6835.1053     6853.5329 -57.360983 -78.215908   0.001330  -0.000206
1 42853U 17042AE  17333.15096244  .00002086  00000-0  67043-4 0  9994 | 2 42853  96.9951 234.7332 0013507 114.1844 246.0813 15.33235228 20927 | 2017/11/29-03:37:23  247.5695    0.1243  245.9399   93.9191     6844.3044     6835.0598     6853.5490 -56.003479 -79.193812   0.001326  -0.000260
1 42853U 17042AE  17334.19518770  .00001941  00000-0  62522-4 0  9998 | 2 42853  96.9954 235.7215 0013560 110.8857 249.3839 15.33239634 21084 | 2017/11/30-04:41:04  263.5276    0.1243  249.2386   93.9188     6844.2913     6835.0104     6853.5721 -54.629363 -80.148240   0.001319  -0.000314
1 42853U 17042AE  17335.50046442  .00002267  00000-0  72636-4 0  9995 | 2 42853  96.9954 236.9568 0013605 106.8579 253.4158 15.33246614 21282 | 2017/12/01-12:00:40   13.4744    0.1244  253.2665   93.9184     6844.2705     6834.9589     6853.5821 -52.888800 -81.307333   0.001307  -0.000379
1 42853U 17042AE  17336.54468191 +.00002035 +00000-0 +65427-4 0  9992 | 2 42853 096.9955 237.9452 0013640 103.6075 256.6688 15.33250883021445 | 2017/12/02-13:04:20   29.4309    0.1243  256.5168   93.9181     6844.2578     6834.9222     6853.5934 -51.478434 -82.207651   0.001294  -0.000432
1 42853U 17042AE  17337.71942361  .00001570  00000-0  50976-4 0  9994 | 2 42853  96.9956 239.0571 0013683  99.9667 260.3121 15.33254375 21626 | 2017/12/03-17:15:58   92.3814    0.1243  260.1576   93.9179     6844.2474     6834.8824     6853.6124 -49.873545 -83.191201   0.001278  -0.000490
1 42853U 17042AE  17339.08995162  .00001535  00000-0  49874-4 0  9999 | 2 42853  96.9954 240.3544 0013655  95.5976 264.6825 15.33258363 21835 | 2017/12/05-02:09:31  225.8237    0.1243  264.5267   93.9176     6844.2355     6834.8897     6853.5813 -47.977195 -84.298852   0.001247  -0.000556
1 42853U 17042AE  17340.52573505  .00002124  00000-0  68151-4 0  9997 | 2 42853  96.9953 241.7135 0013718  91.1936 269.0879 15.33267554 22058 | 2017/12/06-12:37:03   22.7604    0.1243  268.9307   93.9171     6844.2082     6834.8193     6853.5971 -45.964204 -85.412997   0.001221  -0.000625
1 42853U 17042AE  17341.70046256 +.00002114 +00000-0 +67818-4 0  9994 | 2 42853 096.9951 242.8254 0013715 087.5908 272.6905 15.33273097022234 | 2017/12/07-16:48:39   85.7085    0.1243  272.5335   93.9167     6844.1917     6834.8049     6853.5785 -44.298011 -86.288676   0.001193  -0.000677
1 42853U 17042AE  17343.39728407  .00001817  00000-0  58603-4 0  9997 | 2 42853  96.9949 244.4315 0013719  82.3777 277.9024 15.33280029 22499 | 2017/12/09-09:32:05  336.6318    0.1243  277.7466   93.9163     6844.1711     6834.7815     6853.5606 -41.862017 -87.496184   0.001148  -0.000751
1 42853U 17042AE  17344.70252729  .00001654  00000-0  53542-4 0  9998 | 2 42853  96.9949 245.6670 0013703  78.2589 282.0191 15.33284110 22693 | 2017/12/10-16:51:38   86.5725    0.1244  281.8655   93.9161     6844.1589     6834.7804     6853.5375 -39.965703 -88.378466   0.001108  -0.000807
1 42853U 17042AE  17346.13828902 +.00001998 +00000-0 +64206-4 0  9999 | 2 42853 096.9952 247.0260 0013678 073.8558 286.4190 15.33290639022911 | 2017/12/12-03:19:08  243.5061    0.1244  286.2686   93.9157     6844.1395     6834.7781     6853.5009 -37.858524 -89.301741   0.001061  -0.000863
1 42853U 17042AE  17347.18247463  .00001978  00000-0  63580-4 0  9994 | 2 42853  96.9954 248.0144 0013627  70.3592 289.9121 15.33295513 23075 | 2017/12/13-04:22:45  259.4572    0.1244  289.7652   93.9154     6844.1250     6834.7985     6853.4515 -36.312513 -89.941698   0.001019  -0.000905
1 42853U 17042AE  17348.29191968  .00002427  00000-0  77480-4 0  9999 | 2 42853  96.9953 249.0644 0013620  67.2111 293.0570 15.33301519 23242 | 2017/12/14-07:00:21  298.9041    0.1244  292.9133   93.9150     6844.1071     6834.7854     6853.4288 -34.658204 -90.591926   0.000984  -0.000941
1 42853U 17042AE  17349.79292716  .00001996  00000-0  64092-4 0  9993 | 2 42853  96.9956 250.4851 0013580  62.5077 297.7545 15.33307000 23474 | 2017/12/15-19:01:48  119.3315    0.1244  297.6167   93.9147     6844.0908     6834.7965     6853.3851 -32.401573 -91.423654   0.000926  -0.000993
1 42853U 17042AE  17351.16340657  .00001717  00000-0  55434-4 0  9996 | 2 42853  96.9957 251.7824 0013528  58.1610 302.0948 15.33311962 23687 | 2017/12/17-03:55:18  252.7640    0.1244  301.9634   93.9144     6844.0760     6834.8174     6853.3347 -30.323447 -92.133894   0.000869  -0.001037
1 42853U 17042AE  17352.27283747  .00003046  00000-0  96609-4 0  9991 | 2 42853  96.9956 252.8326 0013460  54.6600 305.5899 15.33321067 23859 | 2017/12/18-06:32:53  292.2083    0.1243  305.4643   93.9138     6844.0489     6834.8368     6853.2610 -28.629655 -92.674103   0.000819  -0.001068
1 42853U 17042AE  17353.77382581  .00002748  00000-0  87361-4 0  9996 | 2 42853  96.9955 254.2534 0013367  49.8537 310.3875 15.33327482 24087 | 2017/12/19-18:34:18  112.6315    0.1244  310.2707   93.9134     6844.0298     6834.8814     6853.1783 -26.322962 -93.355389   0.000750  -0.001107
1 42853U 17042AE  17355.14428633  .00002264  00000-0  72365-4 0  9999 | 2 42853  96.9953 255.5508 0013259  45.4915 314.7410 15.33333416 24292 | 2017/12/21-03:27:46  246.0593    0.1245  314.6330   93.9130     6844.0122     6834.9377     6853.0867 -24.202415 -93.927266   0.000684  -0.001136
1 42853U 17042AE  17356.18844331  .00002133  00000-0  68305-4 0  9995 | 2 42853  96.9951 256.5392 0013199  42.1497 318.0758 15.33337896 24450 | 2017/12/22-04:31:21  262.0036    0.1243  317.9746   93.9128     6843.9989     6834.9655     6853.0323 -22.578524 -94.330587   0.000634  -0.001158
1 42853U 17042AE  17357.29785737  .00001928  00000-0  61937-4 0  9997 | 2 42853  96.9949 257.5893 0013097  38.5459 321.6717 15.33341630 24623 | 2017/12/23-07:08:54  301.4440    0.1244  321.5785   93.9125     6843.9877     6835.0242     6852.9513 -20.845922 -94.728339   0.000577  -0.001176
1 42853U 17042AE  17358.66830493  .00002425  00000-0  77317-4 0  9991 | 2 42853  96.9947 258.8866 0012972  34.0634 326.1440 15.33348803 24837 | 2017/12/24-16:02:21   74.8688    0.1245  326.0611   93.9121     6843.9664     6835.0884     6852.8444 -18.695870 -95.175818   0.000506  -0.001195
1 42853U 17042AE  17359.77771033  .00002728  00000-0  86691-4 0  9999 | 2 42853  96.9947 259.9367 0012863  30.4234 329.7753 15.33354717 25007 | 2017/12/25-18:39:54  114.3068    0.1244  329.7010   93.9117     6843.9488     6835.1454     6852.7522 -16.948474 -95.502466   0.000448  -0.001206
1 42853U 17042AE  17360.95237065 +.00002535 +00000-0 +80705-4 0  9999 | 2 42853 096.9948 261.0486 0012740 026.4503 333.7388 15.33359804025182 | 2017/12/26-22:51:24  177.2400    0.1244  333.6741   93.9114     6843.9337     6835.2145     6852.6528 -15.092063 -95.813469   0.000383  -0.001215
1 42853U 17042AE  17362.19228486  .00002460  00000-0  78376-4 0  9992 | 2 42853  96.9951 262.2223 0012611  22.3417 337.8374 15.33365874 25379 | 2017/12/28-04:36:53  263.6675    0.1245  337.7828   93.9111     6843.9156     6835.2847     6852.5465 -13.126342 -96.102802   0.000317  -0.001221
1 42853U 17042AE  17363.30167850  .00001866  00000-0  59996-4 0  9999 | 2 42853  96.9952 263.2724 0012480  18.5520 341.6176 15.33369012 25543 | 2017/12/29-07:14:25  303.1021    0.1244  341.5724   93.9109     6843.9063     6835.3651     6852.4475 -11.362905 -96.327323   0.000256  -0.001222
1 42853U 17042AE  17364.67210157  .00001805  00000-0  58090-4 0  9996 | 2 42853  96.9954 264.5697 0012328  13.8139 346.3440 15.33374420 25751 | 2017/12/30-16:07:49   76.5196    0.1245  346.3106   93.9105     6843.8902     6835.4530     6852.3273  -9.179139 -96.560090   0.000180  -0.001220
1 42853U 17042AE  17365.78148878  .00001900  00000-0  61026-4 0  9998 | 2 42853  96.9952 265.6200 0012239   9.7813 350.3667 15.33378650 25929 | 2017/12/31-18:45:20  115.9520    0.1245  350.3432   93.9103     6843.8776     6835.5014     6852.2538  -7.407619 -96.711923   0.000115  -0.001218
1 42853U 17042AE  18002.15190299  .00001881  00000-0  60427-4 0  9994 | 2 42853  96.9952 266.9173 0012058   5.0163 355.1199 15.33384166 26134 | 2018/01/02-03:38:44  249.3664    0.1244  355.1081   93.9099     6843.8612     6835.6089     6852.1135  -5.216141 -96.854843   0.000041  -0.001205
1 42853U 17042AE  18003.19602566  .00001818  00000-0  58484-4 0  9994 | 2 42853  96.9952 267.9057 0011932   1.3396 358.7877 15.33387723 26294 | 2018/01/03-04:42:16  265.3002    0.1244  358.7848   93.9097     6843.8506     6835.6845     6852.0167  -3.544621 -96.930411  -0.000016  -0.001193
1 42853U 17042AE  18004.30540437  .00001538  00000-0  49807-4 0  9994 | 2 42853  96.9952 268.9559 0011802 357.3726   2.7453 15.33389941 26468 | 2018/01/04-07:19:46  304.7292    0.1244    2.7518   93.9096     6843.8440     6835.7669     6851.9211  -1.767444 -96.979096  -0.000076  -0.001178
1 42853U 17042AE  18005.67580910  .00001539  00000-0  49838-4 0  9990 | 2 42853  96.9951 270.2532 0011645 352.3950   7.7115 15.33394622 26678 | 2018/01/05-16:13:09   78.1397    0.1244    7.7294   93.9093     6843.8301     6835.8604     6851.7997   0.428637 -96.994153  -0.000149  -0.001155
1 42853U 17042AE  18006.78518236  .00001446  00000-0  46969-4 0  9994 | 2 42853  96.9951 271.3033 0011517 348.3687  11.7289 15.33397539 26842 | 2018/01/06-18:50:39  117.5664    0.1245   11.7558   93.9091     6843.8214     6835.9394     6851.7034   2.206145 -96.970007  -0.000206  -0.001133
1 42853U 17042AE  18008.15558107  .00001347  00000-0  43890-4 0  9998 | 2 42853  96.9951 272.6007 0011362 343.2811  16.8056 15.33401189 27057 | 2018/01/08-03:44:02  250.9741    0.1244   16.8433   93.9089     6843.8105     6836.0346     6851.5865   4.401171 -96.895197  -0.000277  -0.001102
1 42853U 17042AE  18009.19969131  .00001578  00000-0  51033-4 0  9990 | 2 42853  96.9951 273.5890 0011237 339.4460  20.6330 15.33405716 27211 | 2018/01/09-04:47:33  266.9023    0.1244   20.6784   93.9086     6843.7971     6836.1067     6851.4874   6.071788 -96.804870  -0.000328  -0.001075
1 42853U 17042AE  18010.30905704 +.00001540 +00000-0 +49849-4 0  9992 | 2 42853 096.9950 274.6392 0011106 335.2352 024.8357 15.33408674027387 | 2018/01/10-07:25:02  306.3253    0.1244   24.8892   93.9084     6843.7883     6836.1875     6851.3890   7.845040 -96.677223  -0.000382  -0.001043
1 42853U 17042AE  18011.61419014 +.00001578 +00000-0 +51036-4 0  9993 | 2 42853 096.9949 275.8748 0010958 330.3386 029.7234 15.33412712027588 | 2018/01/11-14:44:26   56.2330    0.1243   29.7857   93.9082     6843.7762     6836.2768     6851.2757   9.927916 -96.485476  -0.000442  -0.001003
1 42853U 17042AE  18012.72355105 +.00001538 +00000-0 +49803-4 0  9991 | 2 42853 096.9950 276.9250 0010825 326.0649 033.9901 15.33415672027752 | 2018/01/12-17:21:54   95.6531    0.1244   34.0595   93.9080     6843.7674     6836.3591     6851.1758  11.694687 -96.287405  -0.000492  -0.000964
1 42853U 17042AE  18013.76765297  .00001597  00000-0  51604-4 0  9990 | 2 42853  96.9950 277.9133 0010725 322.0667  37.9820 15.33419105 27915 | 2018/01/13-18:25:25  111.5769    0.1244   38.0577   93.9078     6843.7572     6836.4173     6851.0972  13.353735 -96.071368  -0.000537  -0.000929
1 42853U 17042AE  18015.26854413  .00001680  00000-0  54182-4 0  9993 | 2 42853  96.9949 279.3342 0010581 316.2008  43.8395 15.33424689 28147 | 2018/01/15-06:26:42  291.9646    0.1244   43.9236   93.9074     6843.7406     6836.4992     6850.9820  15.731879 -95.710598  -0.000599  -0.000872
1 42853U 17042AE  18016.76943196  .00001529  00000-0  49485-4 0  9998 | 2 42853  96.9949 280.7550 0010461 310.2329  49.7998 15.33428544 28374 | 2018/01/16-18:27:58  112.3504    0.1243   49.8914   93.9072     6843.7291     6836.5699     6850.8884  18.100196 -95.291099  -0.000659  -0.000813
1 42853U 17042AE  18017.94403604 +.00001557 +00000-0 +50359-4 0  9997 | 2 42853 096.9948 281.8669 0010349 305.4775 054.5502 15.33432609028554 | 2018/01/17-22:39:24  175.2587    0.1244   54.6469   93.9070     6843.7170     6836.6345     6850.7996  19.945900 -94.921822  -0.000701  -0.000761
1 42853U 17042AE  18019.31440393 +.00001708 +00000-0 +55032-4 0  9997 | 2 42853 096.9947 283.1641 0010238 299.8864 060.1361 15.33437982028768 | 2018/01/19-07:32:44  308.6498    0.1243   60.2379   93.9066     6843.7011     6836.6945     6850.7076  22.089651 -94.445853  -0.000748  -0.000699
1 42853U 17042AE  18020.68476692 +.00001813 +00000-0 +58272-4 0  9996 | 2 42853 096.9945 284.4614 0010163 294.2402 065.7779 15.33443468028977 | 2018/01/20-16:26:03   82.0383    0.1244   65.8842   93.9063     6843.6847     6836.7295     6850.6400  24.222214 -93.921336  -0.000793  -0.000635
1 42853U 17042AE  18021.79410584  .00001860  00000-0  59702-4 0  9998 | 2 42853  96.9944 285.5115 0010099 289.5681  70.4471 15.33447520 29143 | 2018/01/21-19:03:30  121.4465    0.1243   70.5562   93.9061     6843.6727     6836.7613     6850.5841  25.939385 -93.461553  -0.000826  -0.000580
1 42853U 17042AE  18023.16446154  .00001802  00000-0  57908-4 0  9995 | 2 42853  96.9943 286.8087 0010040 283.7307  76.2819 15.33452079 29359 | 2018/01/23-03:56:49  254.8307    0.1244   76.3937   93.9058     6843.6591     6836.7881     6850.5301  28.048536 -92.850277  -0.000865  -0.000510
1 42853U 17042AE  18024.20853950  .00001671  00000-0  53866-4 0  9990 | 2 42853  96.9942 287.7970 0010012 279.3527  80.6585 15.33455107 29515 | 2018/01/24-05:00:17  270.7409    0.1244   80.7717   93.9056     6843.6501     6836.7982     6850.5020  29.645836 -92.352581  -0.000891  -0.000457
1 42853U 17042AE  18025.25261494 +.00001659 +00000-0 +53482-4 0  9992 | 2 42853 096.9942 288.7854 0009979 274.9578 085.0526 15.33458797029673 | 2018/01/25-06:03:45  286.6496    0.1243   85.1665   93.9054     6843.6391     6836.8099     6850.4684  31.234505 -91.827450  -0.000913  -0.000402
1 42853U 17042AE  18026.62296005 +.00001648 +00000-0 +53128-4 0  9995 | 2 42853 096.9942 290.0826 0009966 269.1279 090.8822 15.33463745029883 | 2018/01/26-14:57:03   60.0276    0.1243   90.9964   93.9051     6843.6244     6836.8040     6850.4448  33.305334 -91.096814  -0.000941  -0.000328
1 42853U 17042AE  18027.66702996 +.00001537 +00000-0 +49695-4 0  9992 | 2 42853 096.9942 291.0709 0009961 264.7878 095.2229 15.33466868030044 | 2018/01/27-16:00:31   75.9329    0.1244   95.3366   93.9049     6843.6151     6836.7982     6850.4320  34.871638 -90.508804  -0.000958  -0.000272
1 42853U 17042AE  18028.71109815 +.00001513 +00000-0 +48952-4 0  9999 | 2 42853 096.9941 292.0592 0009967 260.3022 099.7096 15.33470116030203 | 2018/01/28-17:03:58   91.8372    0.1244   99.8222   93.9047     6843.6054     6836.7844     6850.4265  36.427530 -89.893773  -0.000974  -0.000213
1 42853U 17042AE  18030.27719556  .00001454  00000-0  47132-4 0  9995 | 2 42853  96.9941 293.5417 0010002 253.6052 106.4092 15.33475069 30445 | 2018/01/30-06:39:09  295.6908    0.1243  106.5191   93.9044     6843.5907     6836.7458     6850.4357  38.741034 -88.921244  -0.000992  -0.000124
1 42853U 17042AE  18031.71278118  .00001366  00000-0  44393-4 0  9997 | 2 42853  96.9941 294.9006 0010045 247.3833 112.6348 15.33479095 30668 | 2018/01/31-17:06:24   92.5540    0.1243  112.7410   93.9041     6843.5787     6836.7044     6850.4531  40.838911 -87.977490  -0.001004  -0.000040
1 42853U 17042AE  18033.34412329  .00001466  00000-0  47464-4 0  9995 | 2 42853  96.9941 296.4448 0010119 240.5087 119.5147 15.33484741 30918 | 2018/02/02-08:15:32  319.8955    0.1242  119.6155   93.9038     6843.5619     6836.6369     6850.4869  43.194907 -86.845008  -0.001010   0.000054
1 42853U 17042AE  18034.51868714 +.00001405 +00000-0 +45570-4 0  9997 | 2 42853 096.9939 297.5566 0010184 235.6083 124.4198 15.33487809031090 | 2018/02/03-12:26:54   22.7797    0.1243  124.5160   93.9036     6843.5528     6836.5833     6850.5223  44.871767 -85.990355  -0.001011   0.000121
1 42853U 17042AE  18035.62799486 +.00001419 +00000-0 +45994-4 0  9994 | 2 42853 096.9938 298.6066 0010251 230.9621 129.0710 15.33491191031266 | 2018/02/04-15:04:18   62.1689    0.1242  129.1621   93.9034     6843.5427     6836.5274     6850.5581  46.439952 -85.153556  -0.001008   0.000186
1 42853U 17042AE  18036.67204687 +.00001477 +00000-0 +47795-4 0  9999 | 2 42853 096.9937 299.5949 0010322 226.6885 133.3499 15.33494708031425 | 2018/02/05-16:07:44   78.0631    0.1243  133.4358   93.9032     6843.5323     6836.4684     6850.5962  47.901742 -84.339794  -0.001003   0.000245
1 42853U 17042AE  18037.71609782 +.00001435 +00000-0 +46478-4 0  9991 | 2 42853 096.9936 300.5832 0010397 222.4144 137.6297 15.33497337031583 | 2018/02/06-17:11:10   93.9565    0.1243  137.7099   93.9030     6843.5245     6836.4092     6850.6397  49.349278 -83.500941  -0.000994   0.000304
1 42853U 17042AE  18038.89065211 +.00001544 +00000-0 +49846-4 0  9997 | 2 42853 096.9935 301.6950 0010490 217.6986 142.3524 15.33501339031763 | 2018/02/07-21:22:32  156.8350    0.1243  142.4257   93.9028     6843.5126     6836.3337     6850.6914  50.960133 -82.527595  -0.000982   0.000369
1 42853U 17042AE  18040.45672082 +.00001636 +00000-0 +52666-4 0  9998 | 2 42853 096.9933 303.1772 0010627 211.3389 148.7223 15.33506325032004 | 2018/02/09-10:57:40    0.6710    0.1244  148.7855   93.9024     6843.4977     6836.2251     6850.7703  53.077663 -81.181660  -0.000959   0.000457
1 42853U 17042AE  18041.63126944 +.00001551 +00000-0 +50036-4 0  9995 | 2 42853 096.9933 304.2891 0010747 206.5996 153.4698 15.33509275032186 | 2018/02/10-15:09:01   63.5461    0.1243  153.5247   93.9023     6843.4889     6836.1342     6850.8436  54.643007 -80.136396  -0.000939   0.000523
1 42853U 17042AE  18042.67530987 +.00001588 +00000-0 +51176-4 0  9992 | 2 42853 096.9933 305.2774 0010840 202.4513 157.6257 15.33512766032345 | 2018/02/11-16:12:26   79.4338    0.1242  157.6729   93.9021     6843.4786     6836.0602     6850.8969  56.017089 -79.181980  -0.000917   0.000579
1 42853U 17042AE  18044.43712372 +.00001650 +00000-0 +53093-4 0  9998 | 2 42853 096.9932 306.9449 0011020 195.5918 164.4988 15.33518440032615 | 2018/02/13-10:29:27  353.7422    0.1243  164.5325   93.9017     6843.4617     6835.9202     6851.0032  58.297444 -77.518313  -0.000875   0.000670
1 42853U 17042AE  18045.61166239 +.00001902 +00000-0 +60828-4 0  9998 | 2 42853 096.9931 308.0566 0011131 191.1360 168.9639 15.33523569032792 | 2018/02/14-14:40:47   56.6128    0.1243  168.9883   93.9014     6843.4464     6835.8290     6851.0639  59.790389 -76.372579  -0.000843   0.000727
1 42853U 17042AE  18046.72094611 +.00001940 +00000-0 +61987-4 0  9994 | 2 42853 096.9930 309.1064 0011247 186.9115 173.1975 15.33527447032963 | 2018/02/15-17:18:09   95.9894    0.1242  173.2127   93.9012     6843.4349     6835.7381     6851.1317  61.179546 -75.264236  -0.000809   0.000781
1 42853U 17042AE  18048.22173711 +.00001939 +00000-0 +61939-4 0  9995 | 2 42853 096.9928 310.5269 0011410 181.2776 178.8440 15.33532586033191 | 2018/02/17-05:19:18  276.3203    0.1242  178.8466   93.9008     6843.4196     6835.6113     6851.2279  63.026405 -73.724321  -0.000761   0.000851
1 42853U 17042AE  18049.26576171 +.00002003 +00000-0 +63911-4 0  9992 | 2 42853 096.9926 311.5151 0011531 177.4557 182.6748 15.33536877033357 | 2018/02/18-06:22:41  292.2011    0.1243  182.6686   93.9006     6843.4068     6835.5157     6851.2980  64.288384 -72.626222  -0.000725   0.000896
1 42853U 17042AE  18050.96229597 +.00002104 +00000-0 +67006-4 0  9999 | 2 42853 096.9922 313.1211 0011791 171.1272 189.0182 15.33543958033611 | 2018/02/19-23:05:42  183.0047    0.1243  188.9971   93.9001     6843.3858     6835.3167     6851.4548  66.298303 -70.795635  -0.000664   0.000975
1 42853U 17042AE  18052.20206545  .00001724  00000-0  55294-4 0  9999 | 2 42853  96.9919 314.2944 0011934 166.6820 193.4741 15.33548359 33800 | 2018/02/21-04:50:58  269.3597    0.1243  193.4423   93.8999     6843.3727     6835.2058     6851.5395  67.733841 -69.423019  -0.000614   0.001023
1 42853U 17042AE  18053.37658275  .00001421  00000-0  45960-4 0  9992 | 2 42853  96.9922 315.4057 0012016 162.6588 197.5068 15.33549793 33980 | 2018/02/22-09:02:16  332.2228    0.1242  197.4654   93.8998     6843.3684     6835.1454     6851.5914  69.067747 -68.096499  -0.000565   0.001060
1 42853U 17042AE  18054.68159696  .00001407  00000-0  45505-4 0  9999 | 2 42853  96.9921 316.6408 0012153 158.1688 202.0076 15.33554601 34183 | 2018/02/23-16:21:29   82.0683    0.1243  201.9555   93.8995     6843.3541     6835.0374     6851.6708  70.519441 -66.591861  -0.000510   0.001103
1 42853U 17042AE  18055.79085754 +.00001398 +00000-0 +45235-4 0  9994 | 2 42853 096.9920 317.6906 0012274 154.3541 205.8314 15.33557954034355 | 2018/02/24-18:58:50  121.4365    0.1243  205.7702   93.8993     6843.3441     6834.9446     6851.7436  71.727589 -65.288598  -0.000461   0.001138
1 42853U 17042AE  18056.90011647 +.00001319 +00000-0 +42791-4 0  9995 | 2 42853 096.9920 318.7404 0012399 150.6319 209.5624 15.33560426034522 | 2018/02/25-21:36:10  160.8045    0.1243  209.4924   93.8991     6843.3368     6834.8517     6851.8218  72.911730 -63.963487  -0.000411   0.001170
1 42853U 17042AE  18057.94412285 +.00001244 +00000-0 +40483-4 0  9996 | 2 42853 096.9919 319.7285 0012503 147.1575 213.0448 15.33562711034680 | 2018/02/26-22:39:32  176.6797    0.1243  212.9668   93.8990     6843.3300     6834.7738     6851.8862  74.003846 -62.696566  -0.000363   0.001196
1 42853U 17042AE  18059.24912780  .00001307  00000-0  42403-4 0  9990 | 2 42853  96.9919 320.9635 0012631 142.7603 217.4519 15.33566501 34888 | 2018/02/28-05:58:44  286.5229    0.1243  217.3640   93.8988     6843.3187     6834.6749     6851.9625  75.337963 -61.086987  -0.000300   0.001227
1 42853U 17042AE  18060.29312964  .00001135  00000-0  37123-4 0  9997 | 2 42853  96.9918 321.9515 0012725 139.3112 220.9084 15.33568372 35049 | 2018/03/01-07:02:06  302.3972    0.1242  220.8130   93.8987     6843.3131     6834.6050     6852.0212  76.380007 -59.778791  -0.000249   0.001248
1 42853U 17042AE  18061.33712912  .00001184  00000-0  38609-4 0  9994 | 2 42853  96.9917 322.9394 0012818 135.8880 224.3388 15.33571538 35201 | 2018/03/02-08:05:27  318.2709    0.1243  224.2363   93.8985     6843.3037     6834.5320     6852.0755  77.399235 -58.452958  -0.000197   0.001267
1 42853U 17042AE  18062.38112731  .00001145  00000-0  37418-4 0  9997 | 2 42853  96.9916 323.9274 0012909 132.4938 227.7399 15.33573965 35368 | 2018/03/03-09:08:49  334.1443    0.1243  227.6305   93.8983     6843.2965     6834.4625     6852.1305  78.395552 -57.109614  -0.000144   0.001283
1 42853U 17042AE  18063.62087187 +.00001223 +00000-0 +39795-4 0  9998 | 2 42853 096.9914 325.1006 0012996 128.5143 231.7268 15.33577813035550 | 2018/03/04-14:54:03   60.4937    0.1243  231.6100   93.8981     6843.2850     6834.3915     6852.1786  79.548260 -55.492396  -0.000082   0.001297
1 42853U 17042AE  18064.79536471 +.00001177 +00000-0 +38399-4 0  9999 | 2 42853 096.9913 326.2120 0013082 124.7330 235.5148 15.33580654035737 | 2018/03/05-19:05:19  123.3507    0.1243  235.3913   93.8979     6843.2766     6834.3242     6852.2290  80.609563 -53.938953  -0.000022   0.001308
1 42853U 17042AE  18066.29610248 +.00001172 +00000-0 +38235-4 0  9995 | 2 42853 096.9910 327.6322 0013184 119.9535 240.3019 15.33584291035966 | 2018/03/07-07:06:23  303.6677    0.1243  240.1708   93.8977     6843.2658     6834.2436     6852.2879  81.921404 -51.924345   0.000056   0.001317
1 42853U 17042AE  18067.73158729  .00001160  00000-0  37850-4 0  9995 | 2 42853  96.9908 328.9905 0013274 115.4277 244.8342 15.33587699 36186 | 2018/03/08-17:33:29  100.4923    0.1243  244.6966   93.8975     6843.2556     6834.1719     6852.3394  83.129058 -49.967739   0.000129   0.001321
1 42853U 17042AE  18068.77557432  .00001196  00000-0  38964-4 0  9990 | 2 42853  96.9908 329.9784 0013335 112.1268 248.1393 15.33590301 36349 | 2018/03/09-18:36:49  116.3645    0.1244  247.9976   93.8973     6843.2479     6834.1224     6852.3734  83.978208 -48.527062   0.000183   0.001321
1 42853U 17042AE  18069.95005729 +.00001210 +00000-0 +39382-4 0  9990 | 2 42853 096.9907 331.0898 0013383 108.4429 251.8271 15.33593192036525 | 2018/03/10-22:48:04  179.2207    0.1244  251.6815   93.8971     6843.2393     6834.0810     6852.3976  84.903571 -46.889012   0.000243   0.001316
1 42853U 17042AE  18071.25503480  .00001334  00000-0  43182-4 0  9993 | 2 42853  96.9907 332.3246 0013444 104.3338 255.9399 15.33597303 36724 | 2018/03/12-06:07:15  289.0604    0.1243  255.7905   93.8969     6843.2271     6834.0270     6852.4271  85.894297 -45.048481   0.000310   0.001308
1 42853U 17042AE  18072.62525835 +.00001490 +00000-0 +47980-4 0  9996 | 2 42853 096.9905 333.6211 0013480 100.0536 260.2230 15.33601659036937 | 2018/03/13-15:00:22   62.3920    0.1244  260.0708   93.8966     6843.2141     6833.9895     6852.4388  86.891407 -43.093392   0.000379   0.001294
1 42853U 17042AE  18073.73448426  .00001425  00000-0  45971-4 0  9995 | 2 42853  96.9905 334.6707 0013501  96.5651 263.7130 15.33604352 37109 | 2018/03/14-17:37:39  101.7556    0.1243  263.5592   93.8964     6843.2061     6833.9671     6852.4451  87.666210 -41.494489   0.000434   0.001278
1 42853U 17042AE  18075.16994806  .00001569  00000-0  50390-4 0  9992 | 2 42853  96.9904 336.0290 0013536  92.1316 268.1478 15.33609576 37320 | 2018/03/16-04:04:43  258.5778    0.1244  267.9928   93.8961     6843.1906     6833.9276     6852.4535  88.625095 -39.404698   0.000504   0.001256
1 42853U 17042AE  18076.27916594  .00001913  00000-0  60941-4 0  9999 | 2 42853  96.9903 337.0785 0013552  88.6827 271.5969 15.33615277 37490 | 2018/03/17-06:41:59  297.9398    0.1244  271.4417   93.8958     6843.1736     6833.8997     6852.4475  89.331880 -37.774773   0.000556   0.001236
1 42853U 17042AE  18077.32313453  .00001832  00000-0  58448-4 0  9990 | 2 42853  96.9901 338.0662 0013572  85.4565 274.8229 15.33618090 37658 | 2018/03/18-07:45:18  313.8100    0.1244  274.6679   93.8956     6843.1652     6833.8777     6852.4528  89.969574 -36.229204   0.000605   0.001215
1 42853U 17042AE  18078.43234565  .00002232  00000-0  70724-4 0  9995 | 2 42853  96.9898 339.1157 0013591  82.0843 278.1942 15.33624677 37823 | 2018/03/19-10:22:34  353.1707    0.1243  278.0400   93.8952     6843.1456     6833.8451     6852.4462  90.617783 -34.575118   0.000655   0.001191
1 42853U 17042AE  18079.60680352 +.00001897 +00000-0 +60426-4 0  9998 | 2 42853 096.9895 340.2268 0013602 078.5273 281.7497 15.33627077038009 | 2018/03/20-14:33:47   56.0235    0.1243  281.5970   93.8951     6843.1385     6833.8305     6852.4465  91.270913 -32.811333   0.000706   0.001163
1 42853U 17042AE  18080.78125707 +.00001789 +00000-0 +57110-4 0  9993 | 2 42853 096.9895 341.3381 0013603 074.8795 285.3953 15.33630948038183 | 2018/03/21-18:45:00  118.8753    0.1244  285.2449   93.8948     6843.1270     6833.8183     6852.4357  91.890109 -31.034996   0.000756   0.001131
1 42853U 17042AE  18082.21669590  .00001682  00000-0  53807-4 0  9997 | 2 42853  96.9893 342.6962 0013581  70.3892 289.8817 15.33635672 38406 | 2018/03/23-05:12:02  275.6939    0.1245  289.7353   93.8945     6843.1129     6833.8193     6852.4066  92.599669 -28.848322   0.000816   0.001086
1 42853U 17042AE  18083.32589535  .00001813  00000-0  57824-4 0  9999 | 2 42853  96.9892 343.7456 0013542  66.8750 293.3919 15.33640215 38575 | 2018/03/24-07:49:17  315.0536    0.1244  293.2494   93.8943     6843.0994     6833.8325     6852.3663  93.112383 -27.147543   0.000859   0.001047
1 42853U 17042AE  18084.56558577 +.00001743 +00000-0 +55683-4 0  9991 | 2 42853 096.9891 344.9184 0013486 063.0503 297.2116 15.33643967038767 | 2018/03/25-13:34:26   41.3962    0.1244  297.0741   93.8940     6843.0883     6833.8597     6852.3168  93.648431 -25.236025   0.000903   0.001002
1 42853U 17042AE  18085.60953272 +.00001708 +00000-0 +54590-4 0  9995 | 2 42853 096.9890 345.9061 0013449 059.6985 300.5588 15.33647279038924 | 2018/03/26-14:37:43   57.2630    0.1245  300.4260   93.8938     6843.0784     6833.8751     6852.2817  94.069432 -23.617961   0.000941   0.000961
1 42853U 17042AE  18087.30594288  .00001497  00000-0  48131-4 0  9991 | 2 42853  96.9889 347.5110 0013374  54.3386 305.9100 15.33651378 39182 | 2018/03/28-07:20:33  308.0465    0.1244  305.7858   93.8936     6843.0662     6833.9143     6852.2181  94.693904 -20.974061   0.000996   0.000892
1 42853U 17042AE  18088.54562291  .00001423  00000-0  45831-4 0  9990 | 2 42853  96.9888 348.6839 0013317  50.3798 309.8619 15.33654989 39371 | 2018/03/29-13:05:41   34.3872    0.1244  309.7446   93.8933     6843.0555     6833.9426     6852.1684  95.103295 -19.031306   0.001034   0.000839
1 42853U 17042AE  18089.78529980  .00001263  00000-0  40940-4 0  9993 | 2 42853  96.9887 349.8567 0013230  46.4103 313.8237 15.33658049 39564 | 2018/03/30-18:50:49  120.7277    0.1245  313.7142   93.8932     6843.0464     6833.9930     6852.0997  95.472802 -17.080747   0.001067   0.000783
1 42853U 17042AE  18091.15546618  .00001186  00000-0  38580-4 0  9995 | 2 42853  96.9885 351.1529 0013119  41.9873 318.2373 15.33661522 39779 | 2018/04/01-03:43:52  254.0513    0.1243  318.1370   93.8929     6843.0360     6834.0587     6852.0134  95.834559 -14.916653   0.001099   0.000717
1 42853U 17042AE  18092.19939924  .00001352  00000-0  43662-4 0  9998 | 2 42853  96.9884 352.1405 0013031  38.5670 321.6502 15.33665541 39937 | 2018/04/02-04:47:08  269.9159    0.1244  321.5574   93.8927     6843.0241     6834.1069     6851.9412  96.077327 -13.262617   0.001120   0.000665
1 42853U 17042AE  18093.37381504 +.00003161 +00000-0 +99082-4 0  9991 | 2 42853 096.9881 353.2518 0012909 034.9586 325.2503 15.33678176040111 | 2018/04/03-08:58:17  332.7602    0.1245  325.1659   93.8919     6842.9865     6834.1529     6851.8201  96.316181 -11.396703   0.001138   0.000610
1 42853U 17042AE  18094.67871464 +.00003863 +00000-0 +12055-3 0  9997 | 2 42853 096.9876 354.4861 0012782 030.7328 329.4661 15.33689686040317 | 2018/04/04-16:17:20   82.5859    0.1244  329.3916   93.8912     6842.9523     6834.2056     6851.6989  96.538830  -9.319270   0.001156   0.000545
1 42853U 17042AE  18096.50555850 +.00004621 +00000-0 +14372-3 0  9996 | 2 42853 096.9875 356.2142 0012588 024.6320 335.5522 15.33705961040595 | 2018/04/06-12:08:00   20.3369    0.1244  335.4924   93.8902     6842.9038     6834.2900     6851.5177  96.775860  -6.403755   0.001176   0.000448
1 42853U 17042AE  18097.67994917 +.00003898 +00000-0 +12156-3 0  9999 | 2 42853 096.9874 357.3250 0012449 020.7294 339.4452 15.33713857040777 | 2018/04/07-16:19:07   83.1739    0.1244  339.3950   93.8897     6842.8804     6834.3617     6851.3991  96.881716  -4.526460   0.001184   0.000386
1 42853U 17042AE  18098.72384633 +.00003600 +00000-0 +11242-3 0  9990 | 2 42853 096.9875 358.3124 0012323 017.1717 342.9941 15.33720991040937 | 2018/04/08-17:22:20   99.0272    0.1244  342.9527   93.8893     6842.8591     6834.4267     6851.2916  96.945432  -2.856274   0.001188   0.000329
1 42853U 17042AE  18099.89822340 +.00004667 +00000-0 +14504-3 0  9999 | 2 42853 096.9876 359.4233 0012161 013.1738 346.9821 15.33732651041118 | 2018/04/09-21:33:26  161.8595    0.1245  346.9507   93.8886     6842.8245     6834.5029     6851.1460  96.982687  -0.976194   0.001187   0.000265
1 42853U 17042AE  18101.52928376 +.00007899 +00000-0 +24368-3 0  9998 | 2 42853 096.9879 000.9663 0011943 007.5903 352.5520 15.33757789041369 | 2018/04/11-12:42:10   29.1194    0.1245  352.5342   93.8871     6842.7497     6834.5774     6850.9220  96.974107   1.635635   0.001181   0.000178
1 42853U 17042AE  18102.76887291  .00006102  00000-0  18869-3 0  9990 | 2 42853  96.9880   2.1391 0011779   3.0772 357.0542 15.33772907 41559 | 2018/04/12-18:27:10  115.4314    0.1245  357.0473   93.8861     6842.7047     6834.6447     6850.7647  96.920414   3.620142   0.001173   0.000107
1 42853U 17042AE  18103.94321015 +.00005732 +00000-0 +17734-3 0  9996 | 2 42853 096.9880 003.2502 0011621 359.0185 001.1034 15.33785613041734 | 2018/04/13-22:38:13  178.2487    0.1245    1.1060   93.8854     6842.6669     6834.7151     6850.6188  96.831992   5.498858   0.001161   0.000046
1 42853U 17042AE  18105.44373781  .00005003  00000-0  15503-3 0  9993 | 2 42853  96.9877   4.6699 0011411 353.4377   6.6715 15.33800601 41966 | 2018/04/15-10:38:58  358.5107    0.1244    6.6867   93.8844     6842.6224     6834.8142     6850.4305  96.665729   7.896246   0.001140  -0.000038
1 42853U 17042AE  18106.48757483  .00004672  00000-0  14489-3 0  9996 | 2 42853  96.9874   5.6575 0011282 349.6557  10.4453 15.33810414 42124 | 2018/04/16-11:42:06   14.3415    0.1245   10.4688   93.8838     6842.5932     6834.8734     6850.3130  96.514971   9.561176   0.001124  -0.000092
1 42853U 17042AE  18107.53140539  .00004244  00000-0  13179-3 0  9991 | 2 42853  96.9870   6.6451 0011142 345.7926  14.3002 15.33819324 42285 | 2018/04/17-12:45:13   30.1699    0.1244   14.3318   93.8833     6842.5667     6834.9427     6850.1907  96.335440  11.223243   0.001105  -0.000147
1 42853U 17042AE  18108.77094679  .00004382  00000-0  13595-3 0  9996 | 2 42853  96.9866   7.8176 0010989 341.0662  19.0172 15.33830284 42470 | 2018/04/18-18:30:09  116.4635    0.1245   19.0583   93.8826     6842.5341     6835.0148     6850.0533  96.085217  13.192108   0.001078  -0.000212
1 42853U 17042AE  18110.01047927  .00004868  00000-0  15074-3 0  9993 | 2 42853  96.9862   8.9901 0010817 336.3445  23.7300 15.33842175 42668 | 2018/04/20-00:15:05  202.7533    0.1244   23.7799   93.8819     6842.4987     6835.0972     6849.9002  95.794759  15.155432   0.001046  -0.000274
1 42853U 17042AE  18111.18476093  .00007776  00000-0  23924-3 0  9996 | 2 42853  96.9859  10.1009 0010672 331.7154  28.3509 15.33861635 42847 | 2018/04/21-04:26:03  265.5495    0.1244   28.4090   93.8807     6842.4408     6835.1386     6849.7431  95.482660  17.009600   0.001014  -0.000333
1 42853U 17042AE  18112.48950173  .00006285  00000-0  19372-3 0  9992 | 2 42853  96.9859  11.3350 0010487 326.7529  33.3055 15.33880087 43040 | 2018/04/22-11:44:52   15.3160    0.1245   33.3716   93.8796     6842.3860     6835.2104     6849.5616  95.094169  19.062106   0.000973  -0.000391
1 42853U 17042AE  18113.66375682  .00004797  00000-0  14836-3 0  9995 | 2 42853  96.9861  12.4457 0010351 322.0441  38.0072 15.33891971 43220 | 2018/04/23-15:55:48   78.1017    0.1244   38.0803   93.8788     6842.3506     6835.2681     6849.4331  94.706994  20.901888   0.000934  -0.000446
1 42853U 17042AE  18114.70753156  .00004187  00000-0  12975-3 0  9992 | 2 42853  96.9863  13.4331 0010253 317.7090  42.3362 15.33901761 43382 | 2018/04/24-16:58:50   93.9081    0.1244   42.4154   93.8782     6842.3215     6835.3061     6849.3369  94.332933  22.530872   0.000898  -0.000495
1 42853U 17042AE  18115.75129968  .00004730  00000-0  14623-3 0  9992 | 2 42853  96.9864  14.4206 0010135 313.5642  46.4759 15.33912943 43548 | 2018/04/25-18:01:52  109.7110    0.1244   46.5602   93.8776     6842.2883     6835.3536     6849.2229  93.930716  24.153310   0.000859  -0.000537
1 42853U 17042AE  18117.18647127  .00004195  00000-0  12990-3 0  9993 | 2 42853  96.9866  15.7785 0009999 307.6039  52.4296 15.33924372 43762 | 2018/04/27-04:28:31  266.4360    0.1244   52.5205   93.8769     6842.2543     6835.4127     6849.0958  93.332154  26.372515   0.000803  -0.000596
1 42853U 17042AE  18118.42592931  .00004098  00000-0  12692-3 0  9994 | 2 42853  96.9865  16.9513 0009899 302.3894  57.6391 15.33934067 43959 | 2018/04/28-10:13:20  352.6948    0.1244   57.7350   93.8763     6842.2254     6835.4523     6848.9986  92.772720  28.277264   0.000751  -0.000645
1 42853U 17042AE  18119.46967812  .00003559  00000-0  11051-3 0  9992 | 2 42853  96.9862  17.9387 0009799 298.0759  61.9494 15.33940672 44116 | 2018/04/29-11:16:20    8.4889    0.1245   62.0486   93.8759     6842.2058     6835.5011     6848.9105  92.271370  29.871681   0.000705  -0.000681
1 42853U 17042AE  18120.77435704  .00003623  00000-0  11241-3 0  9991 | 2 42853  96.9859  19.1731 0009727 292.5041  67.5173 15.33950156 44319 | 2018/04/30-18:35:04  118.2288    0.1244   67.6203   93.8753     6842.1776     6835.5222     6848.8330  91.606157  31.852423   0.000647  -0.000727
1 42853U 17042AE  18121.88332845 +.00003884 +00000-0 +12032-3 0  9994 | 2 42853 096.9856 020.2223 0009664 287.7139 072.3049 15.33958669044480 | 2018/05/01-21:11:59  157.5049    0.1243   72.4104   93.8748     6842.1523     6835.5400     6848.7645  91.007268  33.524376   0.000594  -0.000762
1 42853U 17042AE  18123.18799383  .00003326  00000-0  10334-3 0  9997 | 2 42853  96.9851  21.4564 0009582 282.0650  77.9520 15.33966022 44680 | 2018/05/03-04:30:42  267.2381    0.1244   78.0594   93.8743     6842.1304     6835.5743     6848.6865  90.263663  35.476481   0.000529  -0.000799
1 42853U 17042AE  18124.42742078  .00003181  00000-0  98909-4 0  9998 | 2 42853  96.9848  22.6288 0009544 276.7746  83.2412 15.33972932 44874 | 2018/05/04-10:15:29  353.4823    0.1244   83.3498   93.8739     6842.1099     6835.5798     6848.6400  89.518613  37.315807   0.000469  -0.000831
1 42853U 17042AE  18125.47114433  .00003199  00000-0  99448-4 0  9990 | 2 42853  96.9846  23.6161 0009511 272.2473  87.7681 15.33979010 45035 | 2018/05/05-11:18:26    9.2646    0.1243   87.8770   93.8735     6842.0918     6835.5843     6848.5993  88.862159  38.852662   0.000415  -0.000856
1 42853U 17042AE  18126.77578843  .00006338  00000-0  19469-3 0  9995 | 2 42853  96.9844  24.8500 0009482 266.5002  93.5158 15.33996562 45231 | 2018/05/06-18:37:08  118.9879    0.1244   93.6242   93.8724     6842.0396     6835.5520     6848.5272  88.004720  40.757123   0.000345  -0.000883
1 42853U 17042AE  18127.88472574 +.00006510 +00000-0 +19982-3 0  9994 | 2 42853 096.9845 025.8991 0009472 261.5937 098.4233 15.34009445045401 | 2018/05/07-21:14:00  158.2482    0.1244   98.5307   93.8717     6842.0013     6835.5206     6848.4820  87.243827  42.361633   0.000285  -0.000903
1 42853U 17042AE  18129.51549696  .00005646  00000-0  17351-3 0  9993 | 2 42853  96.9847  27.4417 0009484 254.3019 105.7179 15.34028455 45658 | 2018/05/09-12:22:18   25.3878    0.1244  105.8225   93.8705     6841.9448     6835.4559     6848.4337  86.072002  44.694993   0.000193  -0.000929
1 42853U 17042AE  18130.62441055 +.00004943 +00000-0 +15214-3 0  9992 | 2 42853 096.9849 028.4908 0009521 249.4966 110.5256 15.34039881045828 | 2018/05/10-14:59:09   64.6382    0.1243  110.6277   93.8698     6841.9108     6835.3966     6848.4250  85.239419  46.263508   0.000132  -0.000943
1 42853U 17042AE  18131.66808556 +.00005657 +00000-0 +17370-3 0  9998 | 2 42853 096.9851 029.4783 0009540 244.8646 115.1609 15.34053110045989 | 2018/05/11-16:02:02   80.3991    0.1244  115.2598   93.8690     6841.8715     6835.3443     6848.3986  84.429616  47.725775   0.000072  -0.000951
1 42853U 17042AE  18132.90743887 +.00005028 +00000-0 +15458-3 0  9998 | 2 42853 096.9851 030.6509 0009621 239.5698 120.4596 15.34066379046174 | 2018/05/12-21:46:42  166.6114    0.1244  120.5546   93.8682     6841.8320     6835.2495     6848.4145  83.435260  49.443574   0.000004  -0.000962
1 42853U 17042AE  18133.95109647 +.00004706 +00000-0 +14476-3 0  9995 | 2 42853 096.9850 031.6384 0009675 235.0932 124.9403 15.34077576046331 | 2018/05/13-22:49:34  182.3652    0.1243  125.0311   93.8675     6841.7987     6835.1793     6848.4182  82.570659  50.874124  -0.000055  -0.000966
1 42853U 17042AE  18135.25565917 +.00004029 +00000-0 +12422-3 0  9993 | 2 42853 096.9846 032.8726 0009759 229.4742 130.5653 15.34088855046532 | 2018/05/15-06:08:08  292.0534    0.1244  130.6502   93.8668     6841.7652     6835.0883     6848.4421  81.455380  52.640609  -0.000130  -0.000967
1 42853U 17042AE  18136.56021325 +.00003866 +00000-0 +11924-3 0  9992 | 2 42853 096.9841 034.1068 0009868 224.0958 135.9500 15.34099441046737 | 2018/05/16-13:26:42   41.7382    0.1244  136.0286   93.8661     6841.7337     6834.9823     6848.4851  80.302233  54.382599  -0.000202  -0.000966
1 42853U 17042AE  18137.79953174  .00004319  00000-0  13291-3 0  9997 | 2 42853  96.9837  35.2791 0009957 218.8694 141.1835 15.34110272 46921 | 2018/05/17-19:11:19  127.9350    0.1244  141.2550   93.8655     6841.7015     6834.8892     6848.5138  79.172481  56.013894  -0.000272  -0.000958
1 42853U 17042AE  18138.90838814 +.00004598 +00000-0 +14129-3 0  9994 | 2 42853 096.9834 036.3280 0010070 214.3704 145.6889 15.34120045047090 | 2018/05/18-21:48:04  167.1609    0.1243  145.7539   93.8649     6841.6725     6834.7829     6848.5620  78.133597  57.453641  -0.000333  -0.000950
1 42853U 17042AE  18139.95201201 +.00003578 +00000-0 +11040-3 0  9990 | 2 42853 096.9832 037.3152 0010179 210.1361 149.9299 15.34126607047250 | 2018/05/19-22:50:53  182.9003    0.1244  149.9883   93.8645     6841.6529     6834.6888     6848.6171  77.131970  58.791159  -0.000390  -0.000940
1 42853U 17042AE  18141.25653529  .00002857  00000-0  88578-4 0  9990 | 2 42853  96.9830  38.5491 0010309 204.8870 155.1878 15.34134526 47450 | 2018/05/21-06:09:24  292.5718    0.1243  155.2373   93.8640     6841.6294     6834.5764     6848.6824  75.847922  60.438358  -0.000461  -0.000922
1 42853U 17042AE  18142.49582704  .00003173  00000-0  98094-4 0  9999 | 2 42853  96.9832  39.7214 0010450 200.1160 159.9673 15.34142500 47643 | 2018/05/22-11:53:59   18.7575    0.1243  160.0083   93.8635     6841.6057     6834.4562     6848.7552  74.595687  61.977613  -0.000525  -0.000904
1 42853U 17042AE  18143.66988597  .00003661  00000-0  11282-3 0  9994 | 2 42853  96.9833  40.8320 0010584 195.7021 164.3896 15.34151782 47827 | 2018/05/23-16:04:38   81.4569    0.1243  164.4222   93.8629     6841.5781     6834.3370     6848.8192  73.380474  63.411880  -0.000584  -0.000883
1 42853U 17042AE  18144.84393903  .00003605  00000-0  11108-3 0  9991 | 2 42853  96.9837  41.9427 0010729 191.0121 169.0890 15.34159376 48006 | 2018/05/24-20:15:16  144.1531    0.1243  169.1122   93.8625     6841.5555     6834.2152     6848.8958  72.137798  64.822651  -0.000646  -0.000856
1 42853U 17042AE  18145.95276073 +.00003141 +00000-0 +97043-4 0  9990 | 2 42853 096.9838 042.9918 0010875 186.8898 173.2198 15.34166487048175 | 2018/05/25-22:51:58  183.3642    0.1243  173.2345   93.8620     6841.5344     6834.0942     6848.9745  70.938927  66.132641  -0.000701  -0.000832
1 42853U 17042AE  18147.19202574  .00003191  00000-0  98539-4 0  9999 | 2 42853  96.9837  44.1643 0011042 182.2887 177.8308 15.34175134 48361 | 2018/05/27-04:36:31  269.5387    0.1243  177.8356   93.8615     6841.5087     6833.9543     6849.0631  69.570759  67.570316  -0.000761  -0.000800
1 42853U 17042AE  18148.43128532  .00003167  00000-0  97787-4 0  9995 | 2 42853  96.9834  45.3368 0011178 177.8220 182.3075 15.34182536 48553 | 2018/05/28-10:21:03  355.7111    0.1243  182.3023   93.8611     6841.4867     6833.8393     6849.1341  68.173320  68.979550  -0.000815  -0.000765
1 42853U 17042AE  18149.47486675  .00003244  00000-0  10008-3 0  9991 | 2 42853  96.9833  46.3241 0011321 174.0514 186.0867 15.34189574 48715 | 2018/05/29-11:23:48   11.4332    0.1244  186.0730   93.8606     6841.4657     6833.7205     6849.2110  66.974558  70.143917  -0.000862  -0.000733
1 42853U 17042AE  18150.51844355  .00003275  00000-0  10099-3 0  9995 | 2 42853  96.9830  47.3114 0011447 170.3333 189.8134 15.34196584 48873 | 2018/05/30-12:26:33   27.1535    0.1244  189.7911   93.8602     6841.4449     6833.6135     6849.2763  65.755777  71.287307  -0.000906  -0.000699
1 42853U 17042AE  18151.62723871 +.00003431 +00000-0 +10565-3 0  9999 | 2 42853 096.9827 048.3603 0011588 166.4554 193.7003 15.34204361049042 | 2018/05/31-15:03:13   66.3547    0.1243  193.6689   93.8597     6841.4218     6833.4939     6849.3496  64.439592  72.478845  -0.000951  -0.000662
1 42853U 17042AE  18152.86647173  .00005837  00000-0  17807-3 0  9994 | 2 42853  96.9823  49.5326 0011737 162.1817 197.9841 15.34219835 49233 | 2018/06/01-20:47:43  152.5177    0.1243  197.9426   93.8588     6841.3758     6833.3461     6849.4055  62.942996  73.781745  -0.000998  -0.000617
1 42853U 17042AE  18154.62746837 +.00004713 +00000-0 +14413-3 0  9999 | 2 42853 096.9819 051.1983 0011956 156.3047 203.8750 15.34236190049508 | 2018/06/03-15:03:33   66.5326    0.1243  203.8196   93.8578     6841.3272     6833.1477     6849.5067  60.771471  75.579873  -0.001060  -0.000552
1 42853U 17042AE  18155.93189655 +.00004165 +00000-0 +12759-3 0  9995 | 2 42853 096.9817 052.4321 0012129 151.8490 208.3412 15.34248295049707 | 2018/06/04-22:21:55  176.1681    0.1243  208.2753   93.8570     6841.2912     6832.9934     6849.5890  59.129858  76.870736  -0.001106  -0.000499
1 42853U 17042AE  18157.49719930  .00003437  00000-0  10563-3 0  9995 | 2 42853  96.9818  53.9127 0012290 146.7213 213.4806 15.34259328 49942 | 2018/06/06-11:55:58   19.7277    0.1243  213.4030   93.8564     6841.2584     6832.8505     6849.6663  57.123953  78.372977  -0.001150  -0.000433
1 42853U 17042AE  18158.67116815  .00003812  00000-0  11687-3 0  9994 | 2 42853  96.9819  55.0233 0012415 142.9046 217.3058 15.34269380 50128 | 2018/06/07-16:06:28   82.3945    0.1243  217.2197   93.8557     6841.2285     6832.7351     6849.7219  55.594222  79.465536  -0.001181  -0.000382
1 42853U 17042AE  18159.84512903  .00003851  00000-0  11800-3 0  9992 | 2 42853  96.9822  56.1340 0012531 139.0860 221.1326 15.34279288 50302 | 2018/06/08-20:16:59  145.0586    0.1243  221.0383   93.8551     6841.1990     6832.6263     6849.7718  54.043571  80.528502  -0.001209  -0.000329
1 42853U 17042AE  18160.95386404 +.00003131 +00000-0 +96328-4 0  9991 | 2 42853 096.9824 057.1830 0012633 135.5097 224.7164 15.34286366050477 | 2018/06/09-22:53:33  184.2395    0.1244  224.6147   93.8547     6841.1780     6832.5355     6849.8205  52.560348  81.504575  -0.001232  -0.000278
1 42853U 17042AE  18162.45391018  .00002719  00000-0  83914-4 0  9993 | 2 42853  96.9822  58.6021 0012759 130.7115 229.5239 15.34294355 50709 | 2018/06/11-10:53:37    4.3063    0.1243  229.4128   93.8542     6841.1543     6832.4256     6849.8829  50.525626  82.781086  -0.001259  -0.000206
1 42853U 17042AE  18163.49741541  .00002968  00000-0  91356-4 0  9993 | 2 42853  96.9821  59.5893 0012849 127.4029 232.8386 15.34301110 50867 | 2018/06/12-11:56:16   20.0034    0.1243  232.7214   93.8538     6841.1342     6832.3440     6849.9244  49.091838  83.639220  -0.001275  -0.000156
1 42853U 17042AE  18164.67135403  .00002948  00000-0  90753-4 0  9996 | 2 42853  96.9817  60.6999 0012929 123.7721 236.4757 15.34307719 51043 | 2018/06/13-16:06:44   82.6615    0.1244  236.3523   93.8534     6841.1145     6832.2697     6849.9594  47.461290  84.574678  -0.001289  -0.000101
1 42853U 17042AE  18165.78006896  .00002940  00000-0  90496-4 0  9998 | 2 42853  96.9815  61.7487 0013012 120.2597 239.9936 15.34314168 51214 | 2018/06/14-18:43:17  121.8373    0.1243  239.8646   93.8530     6841.0954     6832.1937     6849.9970  45.905190  85.429064  -0.001300  -0.000046
1 42853U 17042AE  18166.95399741 +.00002931 +00000-0 +90194-4 0  9997 | 2 42853 096.9812 062.8593 0013085 116.5978 243.6608 15.34320815051395 | 2018/06/15-22:53:45  184.4928    0.1243  243.5265   93.8526     6841.0756     6832.1241     6850.0272  44.240608  86.302502  -0.001308   0.000012
1 42853U 17042AE  18168.45400969  .00002779  00000-0  85616-4 0  9992 | 2 42853  96.9808  64.2781 0013158 111.9589 248.3055 15.34328786 51622 | 2018/06/17-10:53:46    4.5511    0.1244  248.1655   93.8521     6841.0519     6832.0505     6850.0534  42.090004  87.371089  -0.001313   0.000086
1 42853U 17042AE  18169.75835885  .00003946  00000-0  12059-3 0  9992 | 2 42853  96.9806  65.5119 0013212 107.9021 252.3665 15.34341048 51826 | 2018/06/18-18:12:02  114.1644    0.1244  252.2223   93.8514     6841.0155     6831.9771     6850.0538  40.198870  88.256941  -0.001312   0.000152
1 42853U 17042AE  18171.19313258  .00003961  00000-0  12098-3 0  9998 | 2 42853  96.9806  66.8689 0013276 103.5675 256.7049 15.34352406 52048 | 2018/06/20-04:38:06  270.7363    0.1244  256.5569   93.8507     6840.9817     6831.8996     6850.0638  38.097504  89.184175  -0.001309   0.000221
1 42853U 17042AE  18172.23659636  .00003633  00000-0  11113-3 0  9990 | 2 42853  96.9807  67.8561 0013296 100.3043 259.9701 15.34361047 52204 | 2018/06/21-05:40:41  286.4226    0.1244  259.8201   93.8501     6840.9560     6831.8603     6850.0518  36.555329  89.827413  -0.001301   0.000273
1 42853U 17042AE  18173.28005518  .00003251  00000-0  99645-4 0  9993 | 2 42853  96.9809  68.8432 0013308  97.1397 263.1361 15.34368094 52368 | 2018/06/22-06:43:16  302.1077    0.1244  262.9847   93.8497     6840.9351     6831.8312     6850.0390  35.002493  90.444018  -0.001291   0.000322
1 42853U 17042AE  18174.38872453  .00003594  00000-0  10991-3 0  9991 | 2 42853  96.9809  69.8922 0013316  93.7030 266.5737 15.34376623 52538 | 2018/06/23-09:19:45  341.2715    0.1244  266.4214   93.8492     6840.9097     6831.8004     6850.0191  33.340825  91.069668  -0.001277   0.000376
1 42853U 17042AE  18175.49738527  .00005376  00000-0  16320-3 0  9999 | 2 42853  96.9811  70.9410 0013309  90.4319 269.8450 15.34390566 52701 | 2018/06/24-11:56:14   20.4332    0.1244  269.6925   93.8483     6840.8683     6831.7638     6849.9728  31.668366  91.664870  -0.001261   0.000425
1 42853U 17042AE  18177.19296827  .00005990  00000-0  18148-3 0  9992 | 2 42853  96.9811  72.5452 0013285  85.2845 274.9916 15.34409528 52965 | 2018/06/26-04:37:52  270.9109    0.1244  274.8399   93.8472     6840.8119     6831.7239     6849.8999  29.089804  92.515496  -0.001230   0.000501
1 42853U 17042AE  18178.49724883  .00005628  00000-0  17059-3 0  9992 | 2 42853  96.9809  73.7792 0013248  81.2886 278.9858 15.34422469 53163 | 2018/06/27-11:56:02   20.5051    0.1244  278.8358   93.8464     6840.7735     6831.7108     6849.8361  27.090616  93.120317  -0.001201   0.000558
1 42853U 17042AE  18179.67109117 +.00003888 +00000-0 +11849-3 0  9997 | 2 42853 096.9806 074.8896 0013247 077.7380 282.5347 15.34431958053342 | 2018/06/28-16:06:22   83.1367    0.1245  282.3865   93.8458     6840.7453     6831.6833     6849.8072  25.280879  93.627528  -0.001176   0.000609
1 42853U 17042AE  18180.91013967 +.00003519 +00000-0 +10744-3 0  9997 | 2 42853 096.9801 076.0616 0013190 073.9148 286.3548 15.34440888053536 | 2018/06/29-21:50:36  169.2465    0.1245  286.2097   93.8453     6840.7187     6831.6958     6849.7416  23.360428  94.124546  -0.001142   0.000660
1 42853U 17042AE  18181.95354446 +.00003146 +00000-0 +96269-4 0  9995 | 2 42853 096.9798 077.0486 0013140 070.7506 289.5158 15.34446728053693 | 2018/06/30-22:53:06  184.9169    0.1244  289.3738   93.8449     6840.7014     6831.7127     6849.6900  21.735548  94.512685  -0.001112   0.000700
1 42853U 17042AE  18183.51864473  .00002591  00000-0  79664-4 0  9998 | 2 42853  96.9793  78.5291 0013062  65.8707 294.3902 15.34453973 53937 | 2018/07/02-12:26:50   28.4206    0.1245  294.2538   93.8445     6840.6798     6831.7445     6849.6151  19.286294  95.042219  -0.001062   0.000760
1 42853U 17042AE  18184.62725319 +.00002225 +00000-0 +68706-4 0  9995 | 2 42853 096.9792 079.5778 0013001 062.4588 297.7975 15.34458130054107 | 2018/07/03-15:03:14   67.5682    0.1244  297.6656   93.8442     6840.6675     6831.7739     6849.5610  17.543560  95.379184  -0.001025   0.000800
1 42853U 17042AE  18185.67064633 +.00002170 +00000-0 +67046-4 0  9991 | 2 42853 096.9790 080.5647 0012928 059.1890 301.0625 15.34462508054260 | 2018/07/04-16:05:43   83.2361    0.1245  300.9355   93.8439     6840.6545     6831.8109     6849.4981  15.898132  95.667005  -0.000987   0.000835
1 42853U 17042AE  18186.90967080 +.00002675 +00000-0 +82142-4 0  9990 | 2 42853 096.9792 081.7367 0012851 055.3364 304.9089 15.34469769054456 | 2018/07/05-21:49:55  169.3403    0.1244  304.7880   93.8435     6840.6329     6831.8420     6849.4238  13.938078  95.972367  -0.000941   0.000875
1 42853U 17042AE  18188.60516881 +.00002855 +00000-0 +87489-4 0  9997 | 2 42853 096.9793 083.3406 0012716 049.9435 310.2923 15.34479244054712 | 2018/07/07-14:31:26   59.7964    0.1245  310.1810   93.8429     6840.6047     6831.9062     6849.3032  11.246393  96.324988  -0.000872   0.000926
1 42853U 17042AE  18189.77896786  .00003107  00000-0  94999-4 0  9996 | 2 42853  96.9794  84.4510 0012618  46.2546 313.9740 15.34487233 54898 | 2018/07/08-18:41:42  122.4178    0.1244  313.8698   93.8424     6840.5810     6831.9495     6849.2124   9.377616  96.524942  -0.000823   0.000957
1 42853U 17042AE  18190.88755080 +.00003139 +00000-0 +95936-4 0  9998 | 2 42853 096.9794 085.4998 0012523 042.7332 317.4883 15.34494113055060 | 2018/07/09-21:18:04  161.5586    0.1244  317.3912   93.8420     6840.5605     6831.9941     6849.1270   7.609254  96.680418  -0.000775   0.000984
1 42853U 17042AE  18192.45260030  .00003228  00000-0  98569-4 0  9993 | 2 42853  96.9792  86.9803 0012365  37.6920 322.5188 15.34504090 55307 | 2018/07/11-10:51:44    5.0492    0.1245  322.4325   93.8414     6840.5309     6832.0726     6848.9892   5.108798  96.844543  -0.000703   0.001017
1 42853U 17042AE  18193.69159059  .00003300  00000-0  10070-3 0  9999 | 2 42853  96.9790  88.1524 0012234  33.6603 326.5415 15.34512149 55499 | 2018/07/12-16:35:53   91.1438    0.1244  326.4641   93.8409     6840.5069     6832.1383     6848.8756   3.126711  96.928583  -0.000645   0.001040
1 42853U 17042AE  18194.93057369  .00003459  00000-0  10544-3 0  9999 | 2 42853  96.9787  89.3245 0012074  29.6338 330.5588 15.34521092 55684 | 2018/07/13-22:20:01  177.2361    0.1245  330.4907   93.8404     6840.4804     6832.2212     6848.7395   1.143323  96.971960  -0.000585   0.001056
1 42853U 17042AE  18196.16954997  .00003133  00000-0  95674-4 0  9996 | 2 42853  96.9782  90.4964 0011933  25.5075 334.6755 15.34528889 55879 | 2018/07/15-04:04:09  263.3264    0.1244  334.6169   93.8399     6840.4572     6832.2945     6848.6199  -0.840191  96.974560  -0.000523   0.001072
1 42853U 17042AE  18197.40851962  .00003205  00000-0  97793-4 0  9996 | 2 42853  96.9778  91.6683 0011792  21.3055 338.8678 15.34537086 56061 | 2018/07/16-09:48:16  349.4145    0.1245  338.8190   93.8394     6840.4328     6832.3666     6848.4991  -2.823335  96.936693  -0.000460   0.001086
1 42853U 17042AE  18198.45185660  .00003732  00000-0  11351-3 0  9997 | 2 42853  96.9775  92.6550 0011660  17.8457 342.3195 15.34545637 56225 | 2018/07/17-10:50:40    5.0655    0.1246  342.2789   93.8389     6840.4074     6832.4315     6848.3833  -4.492183  96.873401  -0.000408   0.001092
1 42853U 17042AE  18199.49518863  .00003262  00000-0  99470-4 0  9994 | 2 42853  96.9773  93.6419 0011521  14.2793 345.8775 15.34552120 56382 | 2018/07/18-11:53:04   20.7149    0.1245  345.8452   93.8385     6840.3881     6832.5073     6848.2690  -6.160032  96.781459  -0.000355   0.001096
1 42853U 17042AE  18200.60372385 +.00002799 +00000-0 +85656-4 0  9992 | 2 42853 096.9774 094.6905 0011384 010.4258 349.7220 15.34558767056555 | 2018/07/19-14:29:21   59.8406    0.1245  349.6987   93.8380     6840.3684     6832.5813     6848.1555  -7.930158  96.652619  -0.000297   0.001099
1 42853U 17042AE  18201.77746150  .00003322  00000-0  10123-3 0  9995 | 2 42853  96.9776  95.8008 0011244   6.2756 353.8627 15.34567517 56735 | 2018/07/20-18:39:32  122.4423    0.1245  353.8489   93.8375     6840.3424     6832.6511     6848.0337  -9.801544  96.481007  -0.000235   0.001100
1 42853U 17042AE  18202.95119285 +.00003752 +00000-0 +11401-3 0  9996 | 2 42853 096.9777 096.9112 0011078 002.1288 358.0001 15.34576087056919 | 2018/07/21-22:49:43  185.0415    0.1245  357.9957   93.8370     6840.3169     6832.7392     6847.8946 -11.669414  96.273044  -0.000174   0.001094
1 42853U 17042AE  18204.90739812 +.00003405 +00000-0 +10364-3 0  9999 | 2 42853 096.9778 098.7618 0010815 355.0501 005.0634 15.34588971057217 | 2018/07/23-21:46:39  169.3683    0.1245    5.0744   93.8362     6840.2786     6832.8809     6847.6764 -14.772331  95.846085  -0.000072   0.001079
1 42853U 17042AE  18205.95070098 +.00003593 +00000-0 +10922-3 0  9997 | 2 42853 096.9777 099.7487 0010695 351.1909 008.9146 15.34596548057372 | 2018/07/24-22:49:00  185.0067    0.1245    8.9336   93.8357     6840.2561     6832.9405     6847.5718 -16.420957  95.577332  -0.000018   0.001069
1 42853U 17042AE  18207.90688280 +.00002708 +00000-0 +82846-4 0  9994 | 2 42853 096.9774 101.5990 0010445 343.8433 016.2477 15.34605882057677 | 2018/07/26-21:45:54  169.3245    0.1245   16.2812   93.8352     6840.2284     6833.0838     6847.3730 -19.498356  94.997001   0.000083   0.001041
1 42853U 17042AE  18209.14579182  .00002310  00000-0  70978-4 0  9994 | 2 42853  96.9770 102.7709 0010287 339.1064  20.9758 15.34611338 57864 | 2018/07/28-03:29:56  255.3898    0.1244   21.0180   93.8348     6840.2122     6833.1756     6847.2487 -21.437076  94.577959   0.000145   0.001018
1 42853U 17042AE  18210.44990200  .00002194  00000-0  67520-4 0  9996 | 2 42853  96.9766 104.0044 0010140 334.0227  26.0507 15.34616984 58063 | 2018/07/29-10:47:51    4.9301    0.1245   26.1018   93.8345     6840.1954     6833.2594     6847.1314 -23.467989  94.094179   0.000210   0.000992
1 42853U 17042AE  18211.75400685  .00002513  00000-0  76997-4 0  9997 | 2 42853  96.9762 105.2377 0009987 328.8670  31.1981 15.34623974 58263 | 2018/07/30-18:05:46  114.4683    0.1244   31.2574   93.8341     6840.1746     6833.3433     6847.0059 -25.487682  93.566882   0.000274   0.000961
1 42853U 17042AE  18213.18851528  .00002778  00000-0  84858-4 0  9990 | 2 42853  96.9758 106.5945 0009838 323.0675  36.9891 15.34632226 58487 | 2018/08/01-04:31:27  270.9569    0.1245   37.0570   93.8336     6840.1501     6833.4208     6846.8794 -27.695937  92.936757   0.000342   0.000922
1 42853U 17042AE  18214.36219903  .00002869  00000-0  87554-4 0  9993 | 2 42853  96.9757 107.7046 0009706 318.3267  41.7236 15.34638622 58662 | 2018/08/02-08:41:33  333.5361    0.1244   41.7977   93.8332     6840.1311     6833.4921     6846.7701 -29.491236  92.382647   0.000394   0.000887
1 42853U 17042AE  18215.40547001  .00002678  00000-0  81866-4 0  9990 | 2 42853  96.9756 108.6913 0009614 314.0063  46.0388 15.34643292 58822 | 2018/08/03-09:43:52  349.1605    0.1245   46.1182   93.8329     6840.1172     6833.5411     6846.6933 -31.077689  91.861005   0.000441   0.000854
1 42853U 17042AE  18216.51394058  .00002791  00000-0  85215-4 0  9993 | 2 42853  96.9756 109.7397 0009521 309.3797  50.6603 15.34649746 58997 | 2018/08/04-12:20:04   28.2591    0.1244   50.7447   93.8325     6840.0980     6833.5856     6846.6105 -32.753268  91.276998   0.000489   0.000817
1 42853U 17042AE  18217.68761112  .00002747  00000-0  83891-4 0  9990 | 2 42853  96.9757 110.8499 0009425 304.4313  55.6040 15.34655824 59172 | 2018/08/05-16:30:09   90.8318    0.1245   55.6932   93.8321     6840.0800     6833.6332     6846.5268 -34.515687  90.625348   0.000537   0.000775
1 42853U 17042AE  18218.92648068  .00002669  00000-0  81565-4 0  9991 | 2 42853  96.9757 112.0217 0009342 299.0836  60.9472 15.34661979 59368 | 2018/08/06-22:14:07  176.8787    0.1244   61.0408   93.8317     6840.0617     6833.6717     6846.4517 -36.361788  89.900538   0.000587   0.000727
1 42853U 17042AE  18220.16534529  .00002577  00000-0  78812-4 0  9995 | 2 42853  96.9757 113.1935 0009256 293.8122  66.2152 15.34668097 59554 | 2018/08/08-03:58:05  262.9226    0.1245   66.3123   93.8314     6840.0435     6833.7124     6846.3747 -38.192680  89.138126   0.000631   0.000677
1 42853U 17042AE  18221.66501736  .00002639  00000-0  80642-4 0  9998 | 2 42853  96.9755 114.6118 0009194 287.3213  72.7025 15.34675653 59783 | 2018/08/09-15:57:37   82.8680    0.1244   72.8031   93.8309     6840.0211     6833.7323     6846.3098 -40.387196  88.165310   0.000684   0.000614
1 42853U 17042AE  18222.77346561  .00002612  00000-0  79807-4 0  9996 | 2 42853  96.9753 115.6602 0009145 282.5283  77.4938 15.34681413 59955 | 2018/08/10-18:33:47  121.9552    0.1244   77.5961   93.8305     6840.0039     6833.7488     6846.2591 -41.993510  87.411406   0.000719   0.000565
1 42853U 17042AE  18223.94711213 +.00002760 +00000-0 +84195-4 0  9996 | 2 42853 096.9750 116.7702 0009107 277.3120 082.7089 15.34688026060130 | 2018/08/11-22:43:50  184.5160    0.1244   82.8124   93.8301     6839.9843     6833.7551     6846.2135 -43.678824  86.581239   0.000754   0.000510
1 42853U 17042AE  18225.90317849 +.00002684 +00000-0 +81906-4 0  9993 | 2 42853 096.9744 118.6200 0009084 268.6000 091.4203 15.34698744060437 | 2018/08/13-21:40:34  168.7787    0.1244   91.5244   93.8295     6839.9525     6833.7390     6846.1659 -46.450573  85.125663   0.000808   0.000416
1 42853U 17042AE  18226.94640935 +.00002516 +00000-0 +76915-4 0  9991 | 2 42853 096.9741 119.6066 0009085 264.0152 096.0057 15.34703500060596 | 2018/08/14-22:42:49  184.3828    0.1244   96.1092   93.8292     6839.9383     6833.7242     6846.1524 -47.909280  84.312970   0.000832   0.000364
1 42853U 17042AE  18228.18523998  .00003425  00000-0  10387-3 0  9998 | 2 42853  96.9739 120.7781 0009121 258.5772 101.4448 15.34713231 60785 | 2018/08/16-04:26:44  270.4103    0.1244  101.5472   93.8286     6839.9094     6833.6707     6846.1481 -49.622952  83.315664   0.000861   0.000302
1 42853U 17042AE  18229.42406430  .00003888  00000-0  11759-3 0  9994 | 2 42853  96.9736 121.9496 0009142 253.0763 106.9479 15.34721578 60979 | 2018/08/17-10:10:39  356.4344    0.1244  107.0481   93.8281     6839.8846     6833.6316     6846.1376 -51.315818  82.283448   0.000883   0.000237
1 42853U 17042AE  18230.46727817  .00003606  00000-0  10920-3 0  9992 | 2 42853  96.9736 122.9362 0009179 248.5017 111.5249 15.34729369 61135 | 2018/08/18-11:12:52   12.0306    0.1244  111.6227   93.8276     6839.8615     6833.5832     6846.1398 -52.725014  81.387665   0.000900   0.000182
1 42853U 17042AE  18231.77128867  .00003305  00000-0  10025-3 0  9999 | 2 42853  96.9737 124.1695 0009240 242.9409 117.0893 15.34738335 61332 | 2018/08/19-18:30:39  121.5228    0.1244  117.1835   93.8271     6839.8348     6833.5148     6846.1548 -54.464602  80.234068   0.000917   0.000114
1 42853U 17042AE  18232.87969176 +.00003661 +00000-0 +11078-3 0  9991 | 2 42853 096.9738 125.2178 0009305 238.2408 121.7930 15.34746975061502 | 2018/08/20-21:06:45  160.5885    0.1244  121.8836   93.8265     6839.8092     6833.4447     6846.1736 -55.923447  79.224276   0.000929   0.000056
1 42853U 17042AE  18234.77048544  .00003014  00000-0  91537-4 0  9990 | 2 42853  96.9737 127.0059 0009431 230.1790 129.8625 15.34757586 61795 | 2018/08/22-18:29:29  121.3421    0.1244  129.9454   93.8259     6839.7776     6833.3270     6846.2282 -58.368204  77.440630   0.000942  -0.000046
1 42853U 17042AE  18235.94407590 +.00002598 +00000-0 +79179-4 0  9994 | 2 42853 096.9736 128.1158 0009523 225.2333 134.8137 15.34762832061970 | 2018/08/23-22:39:28  183.8760    0.1243  134.8910   93.8256     6839.7620     6833.2485     6846.2755 -59.857232  76.295419   0.000946  -0.000110
1 42853U 17042AE  18237.37845786  .00002605  00000-0  79382-4 0  9991 | 2 42853  96.9733 129.4721 0009652 219.2613 140.7932 15.34770360 62193 | 2018/08/25-09:04:58  340.3035    0.1243  140.8630   93.8251     6839.7397     6833.1380     6846.3414 -61.646160  74.857009   0.000947  -0.000189
1 42853U 17042AE  18238.42163866  .00003222  00000-0  97637-4 0  9999 | 2 42853  96.9730 130.4585 0009748 214.9888 145.0717 15.34778566 62355 | 2018/08/26-10:07:09  355.8844    0.1244  145.1356   93.8246     6839.7153     6833.0479     6846.3826 -62.925499  73.784445   0.000944  -0.000245
1 42853U 17042AE  18239.46480523 +.00006268 +00000-0 +18772-3 0  9991 | 2 42853 096.9729 131.4450 0009863 210.6711 149.3958 15.34800292062515 | 2018/08/27-11:09:19   11.4597    0.1244  149.4533   93.8233     6839.6507     6832.9048     6846.3967 -64.186440  72.690056   0.000939  -0.000303
1 42853U 17042AE  18240.89914271 +.00004009 +00000-0 +12078-3 0  9996 | 2 42853 096.9722 132.8013 0010036 205.0684 155.0075 15.34819813062736 | 2018/08/28-21:34:45  167.8696    0.1244  155.0560   93.8221     6839.5928     6832.7285     6846.4570 -65.888532  71.149904   0.000930  -0.000378
1 42853U 17042AE  18241.94229130 +.00003320 +00000-0 +10038-3 0  9995 | 2 42853 096.9720 133.7877 0010151 201.0019 159.0810 15.34826378062890 | 2018/08/29-22:36:53  183.4379    0.1244  159.1225   93.8217     6839.5732     6832.6304     6846.5161 -67.103481  70.004940   0.000918  -0.000432
1 42853U 17042AE  18243.76779147  .00002762  00000-0  83827-4 0  9991 | 2 42853  96.9717 135.5138 0010358 194.0005 166.0954 15.34836644 63177 | 2018/08/31-18:25:37  120.6781    0.1244  166.1239   93.8211     6839.5427     6832.4584     6846.6271 -69.181477  67.951702   0.000893  -0.000525
1 42853U 17042AE  18244.87612552 +.00002705 +00000-0 +82115-4 0  9996 | 2 42853 096.9716 136.5620 0010478 189.7723 170.3320 15.34842490063344 | 2018/09/01-21:01:37  159.7142    0.1244  170.3521   93.8207     6839.5254     6832.3589     6846.6918 -70.412904  66.674690   0.000872  -0.000581
1 42853U 17042AE  18246.18004269  .00002659  00000-0  80738-4 0  9999 | 2 42853  96.9716 137.7950 0010650 184.9180 175.1962 15.34849230 63545 | 2018/09/03-04:19:15  269.1667    0.1244  175.2064   93.8203     6839.5054     6832.2213     6846.7894 -71.831322  65.144089   0.000847  -0.000645
1 42853U 17042AE  18247.22317241  .00002714  00000-0  82350-4 0  9996 | 2 42853  96.9716 138.7814 0010779 180.9982 179.1243 15.34854719 63705 | 2018/09/04-05:21:22  284.7269    0.1244  179.1262   93.8200     6839.4891     6832.1168     6846.8613 -72.942138  63.897854   0.000823  -0.000696
1 42853U 17042AE  18248.46188313  .00003300  00000-0  99627-4 0  9996 | 2 42853  96.9715 139.9528 0010921 176.4494 183.6830 15.34863494 63898 | 2018/09/05-11:05:06   10.7024    0.1244  183.6750   93.8194     6839.4630     6831.9936     6846.9324 -74.233105  62.393253   0.000791  -0.000753
1 42853U 17042AE  18249.50500325 +.00003217 +00000-0 +97164-4 0  9994 | 2 42853 096.9715 140.9392 0011051 172.6813 187.4594 15.34869545064058 | 2018/09/06-12:07:12   26.2590    0.1243  187.4430   93.8190     6839.4450     6831.8867     6847.0033 -75.296209  61.106078   0.000762  -0.000800
1 42853U 17042AE  18250.61331305 +.00003115 +00000-0 +94123-4 0  9997 | 2 42853 096.9714 141.9872 0011186 168.7376 191.4121 15.34876355064227 | 2018/09/07-14:43:10   65.2860    0.1244  191.3868   93.8186     6839.4248     6831.7742     6847.0754 -76.401167  59.718625   0.000730  -0.000848
1 42853U 17042AE  18251.65642429 +.00002522 +00000-0 +76613-4 0  9999 | 2 42853 096.9711 142.9735 0011311 165.0662 195.0919 15.34880984064386 | 2018/09/08-15:45:15   80.8395    0.1244  195.0582   93.8183     6839.4110     6831.6750     6847.1471 -77.417564  58.394478   0.000697  -0.000891
1 42853U 17042AE  18252.89511418 +.00002221 +00000-0 +67704-4 0  9996 | 2 42853 096.9709 144.1447 0011468 160.7225 199.4455 15.34886877064578 | 2018/09/09-21:28:57  166.8076    0.1243  199.4018   93.8180     6839.3935     6831.5501     6847.2369 -78.594804  56.799756   0.000656  -0.000941
1 42853U 17042AE  18253.93821716 +.00002348 +00000-0 +71428-4 0  9995 | 2 42853 096.9706 145.1310 0011586 157.1145 203.0618 15.34892759064734 | 2018/09/10-22:31:01  182.3582    0.1244  203.0099   93.8176     6839.3760     6831.4519     6847.3001 -79.560626  55.438290   0.000618  -0.000980
1 42853U 17042AE  18255.17689234  .00004266  00000-0  12795-3 0  9992 | 2 42853  96.9701 146.3021 0011747 152.8447 207.3414 15.34907535 64928 | 2018/09/12-04:14:43  268.3213    0.1244  207.2797   93.8167     6839.3322     6831.2980     6847.3663 -80.676646  53.800363   0.000572  -0.001026
1 42853U 17042AE  18256.21997979  .00003942  00000-0  11836-3 0  9991 | 2 42853  96.9697 147.2884 0011857 149.3854 210.8084 15.34917663 65087 | 2018/09/13-05:16:46  283.8669    0.1243  210.7389   93.8161     6839.3021     6831.1927     6847.4114 -81.590440  52.403462   0.000532  -0.001060
1 42853U 17042AE  18257.45863694  .00005079  00000-0  15178-3 0  9990 | 2 42853  96.9695 148.4595 0012000 145.1279 215.0754 15.34931915 65271 | 2018/09/14-11:00:26    9.8237    0.1244  214.9965   93.8152     6839.2597     6831.0526     6847.4668 -82.644256  50.724855   0.000480  -0.001100
1 42853U 17042AE  18258.50171046  .00004457  00000-0  13344-3 0  9992 | 2 42853  96.9694 149.4457 0012109 141.6855 218.5252 15.34939357 65436 | 2018/09/15-12:02:27   25.3647    0.1244  218.4389   93.8148     6839.2376     6830.9560     6847.5193 -83.504983  49.294851   0.000437  -0.001129
1 42853U 17042AE  18259.74035353  .00003802  00000-0  11409-3 0  9992 | 2 42853  96.9693 150.6169 0012234 137.6769 222.5422 15.34947536 65620 | 2018/09/16-17:46:06  111.3175    0.1244  222.4475   93.8143     6839.2133     6830.8462     6847.5804 -84.495031  47.577673   0.000384  -0.001162
1 42853U 17042AE  18261.17456299  .00003845  00000-0  11532-3 0  9992 | 2 42853  96.9693 151.9729 0012389 132.9562 227.2724 15.34957597 65845 | 2018/09/18-04:11:22  267.6810    0.1244  227.1682   93.8137     6839.1834     6830.7104     6847.6565 -85.597268  45.564820   0.000319  -0.001197
1 42853U 17042AE  18262.21761869  .00003399  00000-0  10218-3 0  9994 | 2 42853  96.9694 152.9591 0012464 129.5518 230.6830 15.34963684 66000 | 2018/09/19-05:13:22  283.2168    0.1244  230.5726   93.8133     6839.1654     6830.6410     6847.6897 -86.368921  44.084851   0.000270  -0.001217
1 42853U 17042AE  18263.32586098  .00002918  00000-0  87998-4 0  9992 | 2 42853  96.9693 154.0069 0012575 126.0148 234.2264 15.34969249 66178 | 2018/09/20-07:49:14  322.2221    0.1244  234.1096   93.8130     6839.1488     6830.5486     6847.7491 -87.160548  42.498047   0.000219  -0.001238
1 42853U 17042AE  18264.89043098 +.00002926 +00000-0 +88211-4 0  9991 | 2 42853 096.9693 155.4861 0012700 120.9747 239.2747 15.34978091066414 | 2018/09/21-21:22:13  165.5220    0.1244  239.1497   93.8124     6839.1226     6830.4369     6847.8083 -88.228549  40.233919   0.000143  -0.001262
1 42853U 17042AE  18265.93347051 +.00003209 +00000-0 +96499-4 0  9995 | 2 42853 096.9692 156.4723 0012756 117.6593 242.5948 15.34985776066579 | 2018/09/22-22:24:11  181.0534    0.1244  242.4651   93.8119     6839.0997     6830.3758     6847.8237 -88.907878  38.709366   0.000092  -0.001272
1 42853U 17042AE  18267.62839584 +.00004988 +00000-0 +14870-3 0  9997 | 2 42853 096.9690 158.0747 0012894 112.3308 247.9305 15.35005095066833 | 2018/09/24-15:04:53   71.2875    0.1245  247.7937   93.8108     6839.0424     6830.2241     6847.8606 -89.955374  36.207977   0.000009  -0.001289
1 42853U 17042AE  18268.93217300 +.00003767 +00000-0 +11281-3 0  9995 | 2 42853 096.9685 159.3072 0012959 108.2547 252.0108 15.35014121067034 | 2018/09/25-22:22:19  180.6957    0.1243  251.8696   93.8102     6839.0156     6830.1529     6847.8782 -90.712911  34.264526  -0.000055  -0.001295
1 42853U 17042AE  18270.69225900  .00003384  00000-0  10150-3 0  9995 | 2 42853  96.9679 160.9711 0013042 102.8079 257.4624 15.35026411 67306 | 2018/09/27-16:36:51   94.3928    0.1245  257.3166   93.8095     6838.9790     6830.0597     6847.8984 -91.669015  31.615902  -0.000141  -0.001297
1 42853U 17042AE  18271.73526639  .00003368  00000-0  10101-3 0  9992 | 2 42853  96.9676 161.9572 0013073  99.5012 260.7710 15.35033729 67462 | 2018/09/28-17:38:47  109.9155    0.1244  260.6232   93.8090     6838.9573     6830.0167     6847.8979 -92.199259  30.033518  -0.000194  -0.001293
1 42853U 17042AE  18272.84345636  .00003349  00000-0  10043-3 0  9995 | 2 42853  96.9676 163.0048 0013098  96.1100 264.1638 15.35041198 67636 | 2018/09/29-20:14:34  148.9069    0.1245  264.0145   93.8086     6838.9351     6829.9775     6847.8928 -92.732952  28.342814  -0.000247  -0.001286
1 42853U 17042AE  18273.88645352 +.00003441 +00000-0 +10312-3 0  9990 | 2 42853 096.9672 163.9908 0013169 092.9388 267.3364 15.35048514067794 | 2018/09/30-21:16:29  164.4266    0.1245  267.1857   93.8081     6838.9134     6829.9072     6847.9196 -93.206562  26.742749  -0.000298  -0.001283
1 42853U 17042AE  18274.92944516 +.00003922 +00000-0 +11719-3 0  9996 | 2 42853 096.9672 164.9769 0013182 089.7473 270.5282 15.35057275067951 | 2018/10/01-22:18:24  179.9452    0.1244  270.3771   93.8076     6838.8874     6829.8724     6847.9024 -93.652997  25.134718  -0.000347  -0.001272
1 42853U 17042AE  18276.49392310  .00003526  00000-0  10554-3 0  9995 | 2 42853  96.9673 166.4560 0013202  84.9232 275.3519 15.35067464 68195 | 2018/10/03-11:51:14   23.2205    0.1245  275.2013   93.8070     6838.8571     6829.8285     6847.8858 -94.270674  22.708968  -0.000422  -0.001251
1 42853U 17042AE  18277.66727433  .00003298  00000-0  98827-4 0  9999 | 2 42853  96.9674 167.5652 0013208  81.2413 279.0327 15.35075269 68377 | 2018/10/04-16:00:52   85.6754    0.1245  278.8832   93.8065     6838.8339     6829.8012     6847.8667 -94.692707  20.879844  -0.000477  -0.001231
1 42853U 17042AE  18278.71024746  .00003694  00000-0  11042-3 0  9996 | 2 42853  96.9674 168.5512 0013200  78.0124 282.2599 15.35083514 68535 | 2018/10/05-17:02:45  101.1894    0.1244  282.1120   93.8060     6838.8094     6829.7822     6847.8367 -95.037988  19.247271  -0.000525  -0.001211
1 42853U 17042AE  18279.81840238  .00003850  00000-0  11496-3 0  9997 | 2 42853  96.9673 169.5988 0013182  74.5198 285.7501 15.35091173 68703 | 2018/10/06-19:38:29  140.1723    0.1245  285.6047   93.8055     6838.7867     6829.7718     6847.8016 -95.373903  17.506452  -0.000575  -0.001186
1 42853U 17042AE  18280.92654999  .00005403  00000-0  16036-3 0  9999 | 2 42853  96.9671 170.6464 0013168  71.2087 289.0585 15.35103853 68874 | 2018/10/07-22:14:13  179.1527    0.1245  288.9158   93.8047     6838.7490     6829.7438     6847.7543 -95.677836  15.759767  -0.000621  -0.001161
1 42853U 17042AE  18282.16505754  .00007092  00000-0  20972-3 0  9991 | 2 42853  96.9669 171.8172 0013107  67.4465 292.8165 15.35117823 69060 | 2018/10/09-03:57:40  265.0696    0.1245  292.6780   93.8039     6838.7076     6829.7441     6847.6710 -95.979680  13.801473  -0.000670  -0.001127
1 42853U 17042AE  18283.20800047  .00006225  00000-0  18429-3 0  9991 | 2 42853  96.9665 172.8031 0013074  64.3221 295.9373 15.35130173 69226 | 2018/10/10-04:59:31  280.5747    0.1246  295.8025   93.8031     6838.6709     6829.7300     6847.6118 -96.202548  12.147920  -0.000710  -0.001098
1 42853U 17042AE  18284.31611808  .00006172  00000-0  18265-3 0  9998 | 2 42853  96.9662 173.8505 0013051  60.8118 299.4430 15.35143568 69394 | 2018/10/11-07:35:12  319.5465    0.1245  299.3127   93.8023     6838.6311     6829.7060     6847.5562 -96.408234  10.387318  -0.000755  -0.001065
1 42853U 17042AE  18285.35904401  .00004691  00000-0  13933-3 0  9998 | 2 42853  96.9659 174.8364 0012968  57.5217 302.7279 15.35152527 69555 | 2018/10/12-08:37:01  335.0471    0.1245  302.6028   93.8018     6838.6045     6829.7362     6847.4728 -96.572391   8.726919  -0.000792  -0.001027
1 42853U 17042AE  18286.40196263  .00003959  00000-0  11789-3 0  9997 | 2 42853  96.9656 175.8223 0012902  54.2918 305.9525 15.35162208 69711 | 2018/10/13-09:38:49  350.5451    0.1245  305.8327   93.8012     6838.5757     6829.7526     6847.3989 -96.707953   7.063947  -0.000827  -0.000990
1 42853U 17042AE  18287.51005547  .00006426  00000-0  18989-3 0  9995 | 2 42853  96.9655 176.8699 0012819  50.7829 309.4551 15.35178636 69885 | 2018/10/14-12:14:28   29.5094    0.1245  309.3416   93.8002     6838.5269     6829.7606     6847.2933 -96.820839   5.294644  -0.000864  -0.000947
1 42853U 17042AE  18288.74850272  .00005066  00000-0  15014-3 0  9999 | 2 42853  96.9653 178.0407 0012724  46.8821 313.3485 15.35188446 70070 | 2018/10/15-17:57:50  115.4077    0.1245  313.2424   93.7996     6838.4978     6829.7965     6847.1991 -96.908611   3.315202  -0.000901  -0.000899
1 42853U 17042AE  18289.85657829  .00004537  00000-0  13464-3 0  9994 | 2 42853  96.9654 179.0882 0012631  43.3685 316.8551 15.35198512 70242 | 2018/10/16-20:33:28  154.3666    0.1245  316.7560   93.7989     6838.4679     6829.8303     6847.1056 -96.953122   1.543034  -0.000932  -0.000853
1 42853U 17042AE  18290.89946661 +.00004060 +00000-0 +12070-3 0  9998 | 2 42853 096.9656 180.0741 0012542 039.9931 320.2235 15.35206984070405 | 2018/10/17-21:35:13  169.8554    0.1245  320.1314   93.7984     6838.4428     6829.8660     6847.0195 -96.965519  -0.125405  -0.000960  -0.000807
1 42853U 17042AE  18291.94234995 +.00004169 +00000-0 +12386-3 0  9995 | 2 42853 096.9656 181.0600 0012442 036.6431 323.5662 15.35215313070561 | 2018/10/18-22:36:59  185.3427    0.1245  323.4814   93.7979     6838.4180     6829.9097     6846.9264 -96.949006  -1.793809  -0.000984  -0.000761
1 42853U 17042AE  18293.44148632  .00003894  00000-0  11578-3 0  9990 | 2 42853  96.9656 182.4771 0012302  31.7121 328.4862 15.35225490 70790 | 2018/10/20-10:35:44    5.1033    0.1245  328.4124   93.7973     6838.3878     6829.9752     6846.8004 -96.874993  -4.190861  -0.001018  -0.000691
1 42853U 17042AE  18294.61471718 +.00003300 +00000-0 +98445-4 0  9995 | 2 42853 096.9656 183.5862 0012181 027.8206 332.3687 15.35231263070972 | 2018/10/21-14:45:11   67.5227    0.1245  332.3039   93.7969     6838.3707     6830.0408     6846.7005 -96.775724  -6.065212  -0.001040  -0.000635
1 42853U 17042AE  18295.65758280 +.00004136 +00000-0 +12280-3 0  9992 | 2 42853 096.9656 184.5721 0012064 024.3325 335.8486 15.35240672071139 | 2018/10/22-15:46:55   83.0046    0.1245  335.7920   93.7964     6838.3427     6830.0929     6846.5925 -96.657037  -7.729471  -0.001056  -0.000583
1 42853U 17042AE  18296.70044318 +.00004252 +00000-0 +12616-3 0  9991 | 2 42853 096.9655 185.5579 0011956 020.8145 339.3584 15.35248917071295 | 2018/10/23-16:48:38   98.4846    0.1245  339.3100   93.7959     6838.3182     6830.1423     6846.4941 -96.509649  -9.391263  -0.001071  -0.000531
1 42853U 17042AE  18297.87365374 +.00004539 +00000-0 +13449-3 0  9991 | 2 42853 096.9652 186.6669 0011803 016.8851 343.2784 15.35259333071474 | 2018/10/24-20:58:03  160.8972    0.1245  343.2394   93.7952     6838.2873     6830.2161     6846.3585 -96.309510 -11.257365  -0.001082  -0.000472
1 42853U 17042AE  18298.91650167 +.00004059 +00000-0 +12047-3 0  9994 | 2 42853 096.9649 187.6528 0011669 013.3579 346.7973 15.35266726071634 | 2018/10/25-21:59:45  176.3727    0.1246  346.7667   93.7948     6838.2654     6830.2858     6846.2449 -96.101257 -12.912794  -0.001089  -0.000418
1 42853U 17042AE  18300.48076425  .00003539  00000-0  10529-3 0  9994 | 2 42853  96.9644 189.1316 0011477   7.9337 352.2087 15.35277125 71878 | 2018/10/27-11:32:18   19.5830    0.1245  352.1908   93.7941     6838.2345     6830.3862     6846.0827 -95.735515 -15.388505  -0.001097  -0.000337
1 42853U 17042AE  18301.65395314  .00003310  00000-0  98597-4 0  9994 | 2 42853  96.9641 190.2406 0011332   3.8230 356.3099 15.35285596 72055 | 2018/10/28-15:41:41   81.9879    0.1245  356.3015   93.7936     6838.2093     6830.4603     6845.9584 -95.419450 -17.238481  -0.001099  -0.000275
1 42853U 17042AE  18302.76195934  .00003132  00000-0  93391-4 0  9992 | 2 42853  96.9640 191.2881 0011199 359.9140   0.2101 15.35292913 72227 | 2018/10/29-18:17:13  120.9235    0.1246    0.2106   93.7932     6838.1876     6830.5295     6845.8457 -95.088264 -18.979973  -0.001099  -0.000218
1 42853U 17042AE  18304.19584241  .00002970  00000-0  88651-4 0  9996 | 2 42853  96.9642 192.6438 0011023 354.6527   5.4598 15.35301666 72446 | 2018/10/31-04:42:00  277.1906    0.1245    5.4718   93.7926     6838.1616     6830.6239     6845.6993 -94.612791 -21.224418  -0.001093  -0.000140
1 42853U 17042AE  18305.36901334  .00002923  00000-0  87265-4 0  9990 | 2 42853  96.9642 193.7528 0010876 350.3889   9.7146 15.35308873 72620 | 2018/11/01-08:51:22  339.5885    0.1246    9.7357   93.7922     6838.1402     6830.7030     6845.5774 -94.184280 -23.051625  -0.001085  -0.000079
1 42853U 17042AE  18306.47700240  .00003145  00000-0  93712-4 0  9997 | 2 42853  96.9643 194.8002 0010751 346.3820  13.7133 15.35316774 72790 | 2018/11/02-11:26:53   18.5174    0.1245   13.7425   93.7917     6838.1168     6830.7651     6845.4684 -93.747267 -24.769446  -0.001075  -0.000022
1 42853U 17042AE  18307.65016148  .00003224  00000-0  96001-4 0  9997 | 2 42853  96.9643 195.9093 0010595 342.0449  18.0419 15.35325099 72973 | 2018/11/03-15:36:13   80.9104    0.1244   18.0795   93.7912     6838.0920     6830.8471     6845.3370 -93.250260 -26.579400  -0.001059   0.000038
1 42853U 17042AE  18308.69296442  .00003315  00000-0  98618-4 0  9996 | 2 42853  96.9644 196.8951 0010469 338.0976  21.9820 15.35332297 73133 | 2018/11/04-16:37:52   96.3687    0.1246   22.0270   93.7908     6838.0707     6830.9119     6845.2294 -92.779265 -28.179829  -0.001043   0.000091
1 42853U 17042AE  18309.93128269 +.00005827 +00000-0 +17164-3 0  9991 | 2 42853 096.9644 198.0657 0010318 333.3284 026.7429 15.35349573073327 | 2018/11/05-22:21:02  182.2215    0.1246   26.7962   93.7897     6838.0194     6830.9639     6845.0748 -92.184205 -30.069373  -0.001020   0.000154
1 42853U 17042AE  18311.43028416  .00004838  00000-0  14281-3 0  9990 | 2 42853  96.9641 199.4827 0010142 327.6694  32.3928 15.35365109 73559 | 2018/11/07-10:19:36    1.9317    0.1245   32.4551   93.7888     6837.9732     6831.0382     6844.9083 -91.412153 -32.339682  -0.000989   0.000226
1 42853U 17042AE  18312.47305857 +.00004369 +00000-0 +12915-3 0  9993 | 2 42853 096.9639 200.4686 0010029 323.5421 036.5140 15.35375396073718 | 2018/11/08-11:21:12   17.3785    0.1246   36.5825   93.7881     6837.9427     6831.0849     6844.8005 -90.841985 -33.907694  -0.000964   0.000276
1 42853U 17042AE  18313.64617283 +.00003662 +00000-0 +10857-3 0  9990 | 2 42853 096.9635 201.5775 0009920 319.0316 041.0182 15.35384333073893 | 2018/11/09-15:30:29   79.7533    0.1245   41.0929   93.7876     6837.9162     6831.1329     6844.6994 -90.168393 -35.659239  -0.000936   0.000329
1 42853U 17042AE  18314.88445036 +.00005022 +00000-0 +14803-3 0  9999 | 2 42853 096.9633 202.7481 0009771 313.9843 046.0596 15.35399007074080 | 2018/11/10-21:13:36  165.5890    0.1246   46.1403   93.7867     6837.8726     6831.1913     6844.5539 -89.420893 -37.493806  -0.000898   0.000386
1 42853U 17042AE  18315.92720284 +.00005071 +00000-0 +14941-3 0  9993 | 2 42853 096.9630 203.7340 0009651 309.6611 050.3781 15.35409560074242 | 2018/11/11-22:15:10  181.0265    0.1245   50.4634   93.7861     6837.8413     6831.2421     6844.4405 -88.762249 -39.026742  -0.000863   0.000432
1 42853U 17042AE  18317.16546223  .00004593  00000-0  13548-3 0  9990 | 2 42853  96.9628 204.9046 0009546 304.6996  55.3349 15.35421206 74436 | 2018/11/13-03:58:15  266.8544    0.1245   55.4249   93.7853     6837.8067     6831.2793     6844.3341 -87.946249 -40.831872  -0.000823   0.000483
1 42853U 17042AE  18318.40371377  .00003847  00000-0  11380-3 0  9997 | 2 42853  96.9628 206.0752 0009453 299.5656  60.4646 15.35430131 74620 | 2018/11/14-09:41:20  352.6792    0.1245   60.5589   93.7848     6837.7802     6831.3164     6844.2439 -87.093724 -42.620040  -0.000780   0.000534
1 42853U 17042AE  18319.44644632  .00003595  00000-0  10646-3 0  9993 | 2 42853  96.9628 207.0610 0009357 295.1472  64.8802 15.35437518 74780 | 2018/11/15-10:42:52    8.1076    0.1245   64.9773   93.7843     6837.7583     6831.3602     6844.1563 -86.347572 -44.112145  -0.000739   0.000573
1 42853U 17042AE  18320.81502545  .00004038  00000-0  11929-3 0  9990 | 2 42853  96.9630 208.3547 0009278 289.3193  70.7048 15.35447999 74998 | 2018/11/16-19:33:38  140.8547    0.1245   70.8052   93.7837     6837.7271     6831.3831     6844.0712 -85.329800 -46.050500  -0.000686   0.000625
1 42853U 17042AE  18321.92291685 +.00004303 +00000-0 +12694-3 0  9998 | 2 42853 096.9631 209.4021 0009216 284.4977 075.5245 15.35456246075163 | 2018/11/17-22:09:00  179.7421    0.1245   75.6268   93.7832     6837.7027     6831.4010     6844.0043 -84.473847 -47.602646  -0.000639   0.000664
1 42853U 17042AE  18323.42181928  .00004809  00000-0  14156-3 0  9999 | 2 42853  96.9633 210.8190 0009147 278.0747  81.9459 15.35468309 75391 | 2018/11/19-10:07:25  359.4090    0.1244   82.0497   93.7825     6837.6668     6831.4124     6843.9213 -83.271117 -49.676982  -0.000574   0.000712
1 42853U 17042AE  18324.66003303  .00005422  00000-0  15924-3 0  9992 | 2 42853  96.9633 211.9895 0009115 272.5651  87.4550 15.35480647 75586 | 2018/11/20-15:50:26   85.2164    0.1245   87.5594   93.7817     6837.6302     6831.3977     6843.8627 -82.238957 -51.367650  -0.000517   0.000751
1 42853U 17042AE  18325.89823702 +.00005319 +00000-0 +15621-3 0  9990 | 2 42853 096.9632 213.1600 0009091 267.2063 092.8141 15.35492408075779 | 2018/11/21-21:33:27  171.0195    0.1244   92.9181   93.7810     6837.5953     6831.3792     6843.8114 -81.172392 -53.036826  -0.000460   0.000784
1 42853U 17042AE  18326.94092819 +.00004677 +00000-0 +13759-3 0  9990 | 2 42853 096.9630 214.1458 0009074 262.6880 097.3333 15.35500867075936 | 2018/11/22-22:34:56  186.4293    0.1244   97.4364   93.7805     6837.5702     6831.3658     6843.7746 -80.247734 -54.425403  -0.000410   0.000810
1 42853U 17042AE  18328.43978680  .00003827  00000-0  11293-3 0  9992 | 2 42853  96.9626 215.5629 0009094 256.0752 103.9482 15.35511661 76162 | 2018/11/24-10:33:17    6.0766    0.1245  104.0493   93.7798     6837.5381     6831.3201     6843.7562 -78.876896 -56.393094  -0.000335   0.000845
1 42853U 17042AE  18329.61279980 +.00003763 +00000-0 +11104-3 0  9990 | 2 42853 096.9623 216.6719 0009127 250.9723 109.0533 15.35519957076349 | 2018/11/25-14:42:25   68.4062    0.1244  109.1521   93.7793     6837.5135     6831.2729     6843.7541 -77.770421 -57.908974  -0.000277   0.000870
1 42853U 17042AE  18330.91614010 +.00004000 +00000-0 +11786-3 0  9993 | 2 42853 096.9623 217.9041 0009181 245.3294 114.6995 15.35530191076541 | 2018/11/26-21:59:14  177.6579    0.1244  114.7950   93.7787     6837.4831     6831.2056     6843.7606 -76.507145 -59.567981  -0.000210   0.000894
1 42853U 17042AE  18332.48013847  .00003802  00000-0  11210-3 0  9999 | 2 42853  96.9619 219.3828 0009254 238.5012 121.5329 15.35540292 76785 | 2018/11/28-11:31:23   20.7549    0.1244  121.6232   93.7781     6837.4531     6831.1258     6843.7805 -74.944188 -61.522181  -0.000127   0.000917
1 42853U 17042AE  18333.65312998  .00003637  00000-0  10729-3 0  9998 | 2 42853  96.9620 220.4918 0009335 233.5370 126.5015 15.35548395 76961 | 2018/11/29-15:40:30   83.0746    0.1244  126.5874   93.7776     6837.4291     6831.0464     6843.8118 -73.739495 -62.961229  -0.000066   0.000931
1 42853U 17042AE  18335.15194419  .00004198  00000-0  12347-3 0  9992 | 2 42853  96.9622 221.9088 0009438 227.2323 132.8128 15.35559628 77191 | 2018/12/01-03:38:47  262.7015    0.1244  132.8921   93.7769     6837.3958     6830.9426     6843.8489 -72.160139 -64.765598   0.000014   0.000944
1 42853U 17042AE  18336.19459132  .00005435  00000-0  15917-3 0  9994 | 2 42853  96.9624 222.8945 0009530 222.8452 137.2051 15.35569650 77350 | 2018/12/02-04:40:12  278.0912    0.1244  137.2792   93.7763     6837.3660     6830.8500     6843.8820 -71.035453 -65.997511   0.000071   0.000950
1 42853U 17042AE  18337.43272713  .00004556  00000-0  13373-3 0  9997 | 2 42853  96.9625 224.0650 0009631 217.6995 142.3576 15.35577396 77540 | 2018/12/03-10:23:07    3.8632    0.1244  142.4249   93.7758     6837.3430     6830.7580     6843.9281 -69.672528 -67.434897   0.000138   0.000953
1 42853U 17042AE  18338.47536100  .00003972  00000-0  11684-3 0  9999 | 2 42853  96.9626 225.0507 0009725 213.4959 146.5672 15.35585403 77700 | 2018/12/04-11:24:31   19.2473    0.1244  146.6285   93.7753     6837.3192     6830.6699     6843.9685 -68.502215 -68.623555   0.000193   0.000953
1 42853U 17042AE  18339.64831684  .00003592  00000-0  10582-3 0  9998 | 2 42853  96.9626 226.1597 0009833 208.7982 151.2721 15.35595082 77885 | 2018/12/05-15:33:34   81.5514    0.1244  151.3262   93.7747     6837.2905     6830.5674     6844.0136 -67.161209 -69.936527   0.000255   0.000950
1 42853U 17042AE  18340.88642891 +.00004032 +00000-0 +11848-3 0  9992 | 2 42853 096.9624 227.3302 0009960 203.8162 156.2623 15.35606275078072 | 2018/12/06-21:16:27  167.3133    0.1244  156.3082   93.7740     6837.2573     6830.4474     6844.0672 -65.718420 -71.293732   0.000322   0.000943
1 42853U 17042AE  18342.64583696  .00004695  00000-0  13752-3 0  9996 | 2 42853  96.9620 228.9937 0010150 196.9336 163.1571 15.35622605 78341 | 2018/12/08-15:30:00   80.7587    0.1244  163.1908   93.7730     6837.2088     6830.2690     6844.1486 -63.620842 -73.171155   0.000414   0.000927
1 42853U 17042AE  18343.75360250  .00004884  00000-0  14292-3 0  9998 | 2 42853  96.9617 230.0411 0010269 192.5785 167.5205 15.35633404 78519 | 2018/12/09-18:05:11  119.5905    0.1244  167.5459   93.7724     6837.1768     6830.1557     6844.1979 -62.272482 -74.321661   0.000472   0.000912
1 42853U 17042AE  18344.86135899 +.00004676 +00000-0 +13687-3 0  9996 | 2 42853 096.9614 231.0885 0010405 188.3063 171.8011 15.35644994078683 | 2018/12/10-20:40:21  158.4189    0.1244  171.8181   93.7717     6837.1424     6830.0283     6844.2564 -60.903322 -75.447323   0.000530   0.000896
1 42853U 17042AE  18345.90394708 +.00004126 +00000-0 +12099-3 0  9994 | 2 42853 096.9613 232.0742 0010535 184.4075 175.7079 15.35653626078846 | 2018/12/11-21:41:41  173.7845    0.1244  175.7169   93.7711     6837.1167     6829.9138     6844.3196 -59.596338 -76.483791   0.000582   0.000878
1 42853U 17042AE  18347.66330170  .00003352  00000-0  98651-4 0  9991 | 2 42853  96.9611 233.7377 0010704 177.7996 182.3298 15.35666668 79119 | 2018/12/13-15:55:09   87.2088    0.1244  182.3248   93.7703     6837.0780     6829.7596     6844.3964 -57.350819 -78.181446   0.000666   0.000838
1 42853U 17042AE  18348.90135717 +.00003341 +00000-0 +98292-4 0  9998 | 2 42853 096.9612 234.9082 0010853 173.2210 186.9184 15.35675822079308 | 2018/12/14-21:37:57  172.9485    0.1244  186.9034   93.7698     6837.0509     6829.6306     6844.4711 -55.741845 -79.336757   0.000724   0.000808
1 42853U 17042AE  18350.20456687  .00003318  00000-0  97593-4 0  9993 | 2 42853  96.9614 236.1403 0011014 168.5561 191.5936 15.35684383 79508 | 2018/12/16-04:54:34  282.1461    0.1244  191.5683   93.7693     6837.0254     6829.4951     6844.5557 -54.023127 -80.517171   0.000783   0.000775
1 42853U 17042AE  18351.37745032  .00003134  00000-0  92270-4 0  9990 | 2 42853  96.9615 237.2492 0011151 164.3674 195.7918 15.35690966 79689 | 2018/12/17-09:03:31  344.4218    0.1245  195.7571   93.7689     6837.0059     6829.3820     6844.6299 -52.454835 -81.547672   0.000834   0.000741
1 42853U 17042AE  18352.48516697  .00003882  00000-0  11377-3 0  9994 | 2 42853  96.9616 238.2964 0011305 160.4659 199.7022 15.35700189 79854 | 2018/12/18-11:38:38   23.2355    0.1245  199.6586   93.7683     6836.9785     6829.2493     6844.7077 -50.955755 -82.492805   0.000882   0.000708
1 42853U 17042AE  18353.59287744 +.00004122 +00000-0 +12061-3 0  9994 | 2 42853 096.9617 239.3437 0011423 156.5993 203.5774 15.35709401080025 | 2018/12/19-14:13:44   62.0472    0.1244  203.5251   93.7677     6836.9512     6829.1413     6844.7610 -49.439506 -83.410470   0.000925   0.000671
1 42853U 17042AE  18354.89605652 +.00004173 +00000-0 +12202-3 0  9993 | 2 42853 096.9617 240.5758 0011576 152.0452 208.1417 15.35721031080225 | 2018/12/20-21:30:19  171.2338    0.1244  208.0792   93.7670     6836.9167     6829.0023     6844.8311 -47.634538 -84.454260   0.000975   0.000624
1 42853U 17042AE  18356.45985965  .00003530  00000-0  10350-3 0  9993 | 2 42853  96.9615 242.0544 0011749 146.7642 213.4343 15.35732603 80466 | 2018/12/22-11:02:11   14.2541    0.1244  213.3602   93.7663     6836.8823     6828.8497     6844.9150 -45.439361 -85.655104   0.001029   0.000566
1 42853U 17042AE  18357.50238859  .00003251  00000-0  95477-4 0  9997 | 2 42853  96.9612 243.0402 0011851 143.2736 216.9323 15.35739745 80625 | 2018/12/23-12:03:26   29.5989    0.1244  216.8508   93.7659     6836.8611     6828.7588     6844.9635 -43.958838 -86.423926   0.001062   0.000525
1 42853U 17042AE  18358.67522872  .00003141  00000-0  92298-4 0  9993 | 2 42853  96.9610 244.1492 0011944 139.4092 220.8045 15.35747033 80803 | 2018/12/24-16:12:19   91.8606    0.1244  220.7152   93.7654     6836.8395     6828.6736     6845.0054 -42.277825 -87.258358   0.001095   0.000477
1 42853U 17042AE  18359.71774829  .00003090  00000-0  90813-4 0  9994 | 2 42853  96.9608 245.1349 0012041 136.0501 224.1703 15.35753506 80966 | 2018/12/25-17:13:33  107.2028    0.1244  224.0743   93.7650     6836.8203     6828.5881     6845.0525 -40.770391 -87.972564   0.001123   0.000435
1 42853U 17042AE  18360.89057696 +.00003455 +00000-0 +10124-3 0  9992 | 2 42853 096.9607 246.2439 0012154 132.2420 227.9858 15.35762245081143 | 2018/12/26-21:22:25  169.4607    0.1244  227.8824   93.7645     6836.7944     6828.4849     6845.1038 -39.060049 -88.745084   0.001153   0.000385
1 42853U 17042AE  18362.38918286  .00004198  00000-0  12250-3 0  9996 | 2 42853  96.9604 247.6609 0012286 127.4344 232.8021 15.35773742 81377 | 2018/12/28-09:20:25  349.0102    0.1245  232.6901   93.7638     6836.7602     6828.3606     6845.1599 -36.853432 -89.683576   0.001186   0.000320
1 42853U 17042AE  18363.49683984  .00005152  00000-0  14979-3 0  9994 | 2 42853  96.9605 248.7082 0012360 123.8668 236.3755 15.35784696 81549 | 2018/12/29-11:55:26   27.8054    0.1245  236.2577   93.7631     6836.7277     6828.2775     6845.1779 -35.208092 -90.342287   0.001206   0.000269
1 42853U 17042AE  18364.60448874 +.00004940 +00000-0 +14367-3 0  9990 | 2 42853 096.9607 249.7555 0012431 120.4166 239.8309 15.35794747081712 | 2018/12/30-14:30:27   66.5982    0.1244  239.7078   93.7625     6836.6979     6828.1992     6845.1966 -33.551020 -90.970910   0.001224   0.000220
1 42853U 17042AE  18365.64697477 +.00004357 +00000-0 +12694-3 0  9993 | 2 42853 096.9609 250.7411 0012495 117.1479 243.1042 15.35803640081879 | 2018/12/31-15:31:38   81.9305    0.1245  242.9766   93.7620     6836.6715     6828.1291     6845.2139 -31.981321 -91.534754   0.001238   0.000171
1 42853U 17042AE  19001.88491918 +.00003718 +00000-0 +10859-3 0  9990 | 2 42853 096.9611 251.9115 0012575 113.2845 246.9725 15.35812900082069 | 2019/01/01-21:14:17  167.6354    0.1245  246.8400   93.7614     6836.6440     6828.0469     6845.2411 -30.105029 -92.169095   0.001252   0.000114
1 42853U 17042AE  19003.38347417  .00003911  00000-0  11408-3 0  9997 | 2 42853  96.9611 253.3284 0012645 108.6200 251.6419 15.35824357 82290 | 2019/01/03-09:12:12  347.1704    0.1244  251.5044   93.7607     6836.6100     6827.9651     6845.2549 -27.816755 -92.885322   0.001264   0.000043
1 42853U 17042AE  19004.75171156  .00003042  00000-0  89192-4 0  9995 | 2 42853  96.9610 254.6222 0012688 104.3114 255.9541 15.35831405 82508 | 2019/01/04-18:02:27  119.7871    0.1245  255.8131   93.7603     6836.5891     6827.9148     6845.2634 -25.712365 -93.489624   0.001269  -0.000024
1 42853U 17042AE  19005.85932452 +.00004208 +00000-0 +12249-3 0  9994 | 2 42853 096.9608 255.6695 0012735 100.9277 259.3401 15.35842782082676 | 2019/01/05-20:37:25  158.5699    0.1244  259.1967   93.7596     6836.5553     6827.8490     6845.2617 -23.999234 -93.943778   0.001271  -0.000076
1 42853U 17042AE  19006.90177705 +.00004356 +00000-0 +12669-3 0  9993 | 2 42853 096.9606 256.6552 0012770 097.7127 262.5569 15.35852472082839 | 2019/01/06-21:38:33  173.8928    0.1245  262.4118   93.7590     6836.5266     6827.7963     6845.2568 -22.379535 -94.342538   0.001271  -0.000125
1 42853U 17042AE  19008.40029184 +.00003596 +00000-0 +10493-3 0  9995 | 2 42853 096.9601 258.0722 0012806 093.0662 267.2048 15.35863881083068 | 2019/01/08-09:36:25  353.4167    0.1244  267.0582   93.7583     6836.4927     6827.7379     6845.2475 -20.039610 -94.866617   0.001265  -0.000197
1 42853U 17042AE  19009.44273021 +.00003535 +00000-0 +10314-3 0  9996 | 2 42853 096.9599 259.0580 0012832 089.8697 270.4019 15.35871920083222 | 2019/01/09-10:37:31    8.7356    0.1246  270.2549   93.7578     6836.4689     6827.6963     6845.2414 -18.404463 -95.197153   0.001259  -0.000246
1 42853U 17042AE  19010.61546814 +.00003245 +00000-0 +94840-4 0  9995 | 2 42853 096.9596 260.1668 0012854 086.2193 274.0522 15.35879067083404 | 2019/01/10-14:46:16   70.9685    0.1246  273.9053   93.7574     6836.4477     6827.6601     6845.2352 -16.558806 -95.535177   0.001249  -0.000303
1 42853U 17042AE  19011.91850404 +.00003189 +00000-0 +93210-4 0  9999 | 2 42853 096.9597 261.3989 0012847 082.1349 278.1354 15.35886974083609 | 2019/01/11-22:02:38  180.1148    0.1245  277.9896   93.7569     6836.4242     6827.6415     6845.2070 -14.500743 -95.869244   0.001232  -0.000364
1 42853U 17042AE  19013.48213826  .00002814  00000-0  82495-4 0  9991 | 2 42853  96.9596 262.8772 0012842  77.2986 282.9693 15.35895148 83849 | 2019/01/13-11:34:16   23.0884    0.1244  282.8258   93.7564     6836.4000     6827.6206     6845.1793 -12.022637 -96.211331   0.001208  -0.000436
1 42853U 17042AE  19014.72000877  .00003021  00000-0  88386-4 0  9995 | 2 42853  96.9597 264.0476 0012821  73.4288 286.8365 15.35902906 84037 | 2019/01/14-17:16:48  108.7741    0.1246  286.6958   93.7559     6836.3769     6827.6120     6845.1418 -10.054934 -96.436931   0.001184  -0.000491
1 42853U 17042AE  19015.89272279 +.00003339 +00000-0 +97435-4 0  9998 | 2 42853 096.9599 265.1563 0012799 069.7711 290.4908 15.35910620084217 | 2019/01/15-21:25:31  171.0017    0.1244  290.3533   93.7555     6836.3540     6827.6042     6845.1039  -8.187086 -96.613632   0.001159  -0.000542
1 42853U 17042AE  19016.93513126 +.00003071 +00000-0 +89760-4 0  9998 | 2 42853 096.9600 266.1419 0012764 066.5206 293.7379 15.35915583084375 | 2019/01/16-22:26:35  186.3140    0.1245  293.6039   93.7552     6836.3393     6827.6134     6845.0652  -6.524019 -96.740265   0.001134  -0.000586
1 42853U 17042AE  19018.49873411  .00003334  00000-0  97247-4 0  9998 | 2 42853  96.9600 267.6203 0012696  61.6560 298.5964 15.35926387 84619 | 2019/01/18-11:58:10   29.2799    0.1246  298.4686   93.7545     6836.3073     6827.6279     6844.9866  -4.025940 -96.876382   0.001091  -0.000649
1 42853U 17042AE  19019.73657913  .00003213  00000-0  93765-4 0  9990 | 2 42853  96.9599 268.7907 0012630  57.8015 302.4453 15.35934062 84807 | 2019/01/19-17:40:40  114.9594    0.1246  302.3231   93.7540     6836.2845     6827.6503     6844.9187  -2.046310 -96.938304   0.001054  -0.000695
1 42853U 17042AE  19020.90926845 +.00003016 +00000-0 +88128-4 0  9992 | 2 42853 096.9597 269.8996 0012546 054.1170 306.1238 15.35940959084986 | 2019/01/20-21:49:20  177.1805    0.1246  306.0076   93.7536     6836.2640     6827.6872     6844.8408  -0.169903 -96.959551   0.001015  -0.000737
1 42853U 17042AE  19022.21225023  .00003117  00000-0  91001-4 0  9994 | 2 42853  96.9594 271.1317 0012462  50.0361 310.1977 15.35949302 85189 | 2019/01/22-05:05:38  286.3131    0.1246  310.0885   93.7531     6836.2393     6827.7199     6844.7586   1.915007 -96.940487   0.000971  -0.000781
1 42853U 17042AE  19023.45007749  .00003692  00000-0  10736-3 0  9997 | 2 42853  96.9591 272.3022 0012367  46.0601 314.1662 15.35957902 85379 | 2019/01/23-10:48:06   11.9880    0.1245  314.0644   93.7526     6836.2137     6827.7594     6844.6681   3.894862 -96.880840   0.000924  -0.000822
1 42853U 17042AE  19024.62274847 +.00004529 +00000-0 +13120-3 0  9992 | 2 42853 096.9589 273.4110 0012265 042.2934 317.9255 15.35968293085554 | 2019/01/24-14:56:45   74.2040    0.1246  317.8312   93.7519     6836.1829     6827.7983     6844.5675   5.768863 -96.787130   0.000878  -0.000857
1 42853U 17042AE  19025.92570738 +.00004975 +00000-0 +14384-3 0  9992 | 2 42853 096.9585 274.6431 0012137 038.1416 322.0685 15.35979098085757 | 2019/01/25-22:13:01  183.3302    0.1245  321.9829   93.7513     6836.1508     6827.8538     6844.4479   7.848666 -96.640308   0.000824  -0.000891
1 42853U 17042AE  19027.42409698  .00003653  00000-0  10616-3 0  9991 | 2 42853  96.9585 276.0597 0012004  33.2707 326.9291 15.35989890 85980 | 2019/01/27-10:10:41    2.8210    0.1246  326.8539   93.7506     6836.1188     6827.9128     6844.3249  10.235391 -96.416739   0.000761  -0.000929
1 42853U 17042AE  19028.85732834 +.00003483 +00000-0 +10130-3 0  9992 | 2 42853 096.9587 277.4147 0011844 028.5863 331.6029 15.36001238086209 | 2019/01/28-20:34:33  158.8526    0.1246  331.5383   93.7499     6836.0852     6827.9885     6844.1818  12.512522 -96.147940   0.000696  -0.000958
1 42853U 17042AE  19029.89967256 +.00003485 +00000-0 +10132-3 0  9999 | 2 42853 096.9588 278.4002 0011723 025.1599 335.0215 15.36008759086363 | 2019/01/29-21:35:31  174.1462    0.1246  334.9647   93.7495     6836.0628     6828.0489     6844.0768  14.164370 -95.918609   0.000648  -0.000977
1 42853U 17042AE  19031.72376477  .00004186  00000-0  12124-3 0  9995 | 2 42853  96.9589 280.1248 0011555  19.0188 341.1486 15.36022714 86641 | 2019/01/31-17:22:13  110.9067    0.1246  341.1058   93.7486     6836.0214     6828.1224     6843.9205  17.044681 -95.448977   0.000563  -0.001009
1 42853U 17042AE  19032.76609385  .00005502  00000-0  15864-3 0  9994 | 2 42853  96.9590 281.1103 0011434  15.5879 344.5716 15.36033787 86801 | 2019/02/01-18:23:10  126.1949    0.1246  344.5367   93.7479     6835.9886     6828.1723     6843.8049  18.683841 -95.141798   0.000514  -0.001021
1 42853U 17042AE  19033.87355976 +.00006171 +00000-0 +17760-3 0  9991 | 2 42853 096.9589 282.1575 0011297 011.8830 348.2680 15.36046794086977 | 2019/02/02-20:57:55  164.9355    0.1246  348.2416   93.7471     6835.9500     6828.2274     6843.6726  20.419518 -94.784343   0.000460  -0.001032
1 42853U 17042AE  19034.91587207 +.00005241 +00000-0 +15110-3 0  9995 | 2 42853 096.9587 283.1430 0011175 008.4110 351.7320 15.36057421087132 | 2019/02/03-21:58:51  180.2178    0.1246  351.7136   93.7465     6835.9185     6828.2793     6843.5576  22.046683 -94.418924   0.000411  -0.001039
1 42853U 17042AE  19036.67475943  .00004093  00000-0  11843-3 0  9996 | 2 42853  96.9581 284.8062 0010970   2.2285 357.9007 15.36071879 87405 | 2019/02/05-16:11:39   93.5015    0.1246  357.8961   93.7456     6835.8756     6828.3766     6843.3745  24.777679 -93.738678   0.000321  -0.001049
1 42853U 17042AE  19037.91248481 +.00004176 +00000-0 +12077-3 0  9991 | 2 42853 096.9578 285.9766 0010803 357.8541 002.2656 15.36082627087596 | 2019/02/06-21:53:58  179.1417    0.1246    2.2705   93.7450     6835.8437     6828.4589     6843.2284  26.687125 -93.212726   0.000258  -0.001049
1 42853U 17042AE  19039.21534603  .00004319  00000-0  12479-3 0  9995 | 2 42853  96.9574 287.2084 0010647 353.2142   6.8957 15.36092987 87799 | 2019/02/08-05:10:05  288.2339    0.1246    6.9104   93.7443     6835.8129     6828.5349     6843.0910  28.684662 -92.617102   0.000193  -0.001047
1 42853U 17042AE  19040.45305582  .00004610  00000-0  13301-3 0  9994 | 2 42853  96.9571 288.3786 0010495 348.6617  11.4390 15.36103355 87989 | 2019/02/09-10:52:24   13.8684    0.1246   11.4629   93.7437     6835.7822     6828.6080     6842.9563  30.570051 -92.011691   0.000129  -0.001042
1 42853U 17042AE  19041.75589993  .00004220  00000-0  12192-3 0  9992 | 2 42853  96.9570 289.6104 0010345 343.7928  16.2984 15.36112875 88183 | 2019/02/10-18:08:29  122.9541    0.1245   16.3317   93.7431     6835.7539     6828.6824     6842.8255  32.540957 -91.333159   0.000061  -0.001033
1 42853U 17042AE  19042.92845275 +.00003914 +00000-0 +11319-3 0  9999 | 2 42853 096.9570 290.7189 0010197 339.3196 020.7635 15.36121011088367 | 2019/02/11-22:16:58  185.1284    0.1246   20.8050   93.7426     6835.7298     6828.7594     6842.7002  34.301777 -90.686537   0.000001  -0.001020
1 42853U 17042AE  19044.49184579  .00004112  00000-0  11877-3 0  9996 | 2 42853  96.9570 292.1968 0010002 333.3011  26.7718 15.36133335 88600 | 2019/02/13-11:48:15   28.0232    0.1246   26.8235   93.7419     6835.6932     6828.8562     6842.5303  36.629295 -89.771680  -0.000079  -0.000997
1 42853U 17042AE  19045.66438084  .00005158  00000-0  14840-3 0  9993 | 2 42853  96.9572 293.3053 0009871 328.6546  31.4109 15.36146219 88783 | 2019/02/14-15:56:42   90.1904    0.1245   31.4699   93.7411     6835.6550     6828.9076     6842.4025  38.359222 -89.046442  -0.000138  -0.000977
1 42853U 17042AE  19047.16260939  .00004069  00000-0  11749-3 0  9997 | 2 42853  96.9574 294.7218 0009715 322.7123  37.3446 15.36156963 89019 | 2019/02/16-03:54:09  269.6215    0.1245   37.4122   93.7404     6835.6232     6828.9823     6842.2640  40.548817 -88.071169  -0.000211  -0.000948
1 42853U 17042AE  19048.92138595 +.00003413 +00000-0 +98864-4 0  9990 | 2 42853 096.9573 296.3848 0009535 315.5097 044.5382 15.36168538089284 | 2019/02/17-22:06:47  182.8606    0.1246   44.6149   93.7397     6835.5888     6829.0711     6842.1066  43.087586 -86.857228  -0.000296  -0.000906
1 42853U 17042AE  19050.74528662  .00004361  00000-0  12567-3 0  9999 | 2 42853  96.9568 298.1094 0009375 307.9631  52.0767 15.36184118 89566 | 2019/02/19-17:53:12  119.5461    0.1246   52.1615   93.7388     6835.5426     6829.1343     6841.9509  45.681836 -85.520705  -0.000380  -0.000857
1 42853U 17042AE  19051.91778548 +.00004422 +00000-0 +12737-3 0  9996 | 2 42853 096.9564 299.2180 0009296 303.1745 056.8608 15.36193386089749 | 2019/02/20-22:01:36  181.6972    0.1246   56.9501   93.7382     6835.5151     6829.1608     6841.8694  47.327703 -84.620518  -0.000431  -0.000824
1 42853U 17042AE  19053.41596777  .00004414  00000-0  12709-3 0  9995 | 2 42853  96.9558 300.6344 0009154 296.8438  63.1871 15.36205383 89970 | 2019/02/22-09:58:59    1.1075    0.1246   63.2808   93.7375     6835.4795     6829.2223     6841.7367  49.404614 -83.424285  -0.000492  -0.000772
1 42853U 17042AE  19054.45817515  .00003835  00000-0  11068-3 0  9999 | 2 42853  96.9555 301.6197 0009073 292.2558  67.7725 15.36212360 90138 | 2019/02/23-10:59:46   16.3467    0.1246   67.8688   93.7370     6835.4588     6829.2570     6841.6606  50.831706 -82.562138  -0.000535  -0.000733
1 42853U 17042AE  19055.76092768  .00003282  00000-0  95007-4 0  9991 | 2 42853  96.9554 302.8511 0009011 286.7036  73.3219 15.36220664 90330 | 2019/02/24-18:15:44  125.3931    0.1244   73.4208   93.7365     6835.4342     6829.2748     6841.5936  52.594200 -81.450597  -0.000585  -0.000686
1 42853U 17042AE  19056.93339978 +.00003247 +00000-0 +93988-4 0  9995 | 2 42853 096.9554 303.9594 0008968 281.6714 078.3525 15.36227831090518 | 2019/02/25-22:24:05  187.5320    0.1246   78.4532   93.7361     6835.4129     6829.2829     6841.5429  54.159801 -80.418067  -0.000627  -0.000641
1 42853U 17042AE  19058.49668760  .00004134  00000-0  11905-3 0  9996 | 2 42853  96.9555 305.4372 0008931 274.8801  85.1424 15.36239857 90752 | 2019/02/27-11:55:13   30.3801    0.1245   85.2444   93.7354     6835.3773     6829.2726     6841.4819  56.215796 -78.994641  -0.000681  -0.000578
1 42853U 17042AE  19059.86455378 +.00006246 +00000-0 +17868-3 0  9997 | 2 42853 096.9557 306.7302 0008870 268.7456 091.2773 15.36254156090968 | 2019/02/28-20:44:57  162.8667    0.1245   91.3789   93.7345     6835.3348     6829.2719     6841.3978  57.984131 -77.706167  -0.000722  -0.000515
1 42853U 17042AE  19060.90672880 +.00006499 +00000-0 +18575-3 0  9999 | 2 42853 096.9557 307.7154 0008861 264.3246 095.6989 15.36265397091128 | 2019/03/01-21:45:41  178.0911    0.1245   95.7999   93.7338     6835.3015     6829.2447     6841.3583  59.311649 -76.697692  -0.000751  -0.000470
1 42853U 17042AE  19062.73051510  .00004785  00000-0  13727-3 0  9993 | 2 42853  96.9556 309.4396 0008885 256.2194 103.8062 15.36283067 91401 | 2019/03/03-17:31:56  114.7255    0.1244  103.9050   93.7327     6835.2491     6829.1760     6841.3222  61.592445 -74.878296  -0.000801  -0.000385
1 42853U 17042AE  19063.90293827 +.00004272 +00000-0 +12273-3 0  9998 | 2 42853 096.9554 310.5480 0008899 251.0035 109.0247 15.36293198091586 | 2019/03/04-21:40:13  176.8425    0.1246  109.1211   93.7321     6835.2190     6829.1364     6841.3017  63.029237 -73.672687  -0.000828  -0.000327
1 42853U 17042AE  19065.33589017  .00003809  00000-0  10961-3 0  9993 | 2 42853  96.9550 311.9028 0008965 244.8249 115.2066 15.36304329 91808 | 2019/03/06-08:03:40  332.7594    0.1244  115.2995   93.7314     6835.1860     6829.0583     6841.3138  64.753232 -72.161562  -0.000859  -0.000258
1 42853U 17042AE  19067.15963125  .00004547  00000-0  13036-3 0  9997 | 2 42853  96.9543 313.6270 0009061 236.9098 123.1277 15.36321314 92086 | 2019/03/08-03:49:52  269.3736    0.1244  123.2146   93.7304     6835.1356     6828.9423     6841.3290  66.894659 -70.180060  -0.000891  -0.000166
1 42853U 17042AE  19068.20176062  .00004679  00000-0  13406-3 0  9997 | 2 42853  96.9541 314.6120 0009126 232.4377 127.6040 15.36330649 92248 | 2019/03/09-04:50:32  284.5781    0.1245  127.6868   93.7298     6835.1080     6828.8702     6841.3457  68.091074 -69.019585  -0.000906  -0.000112
1 42853U 17042AE  19069.43928267  .00004096  00000-0  11758-3 0  9996 | 2 42853  96.9536 315.7818 0009199 227.1536 132.8937 15.36339175 92433 | 2019/03/10-10:32:34   10.1304    0.1245  132.9709   93.7293     6835.0827     6828.7951     6841.3703  69.485590 -67.614742  -0.000919  -0.000047
1 42853U 17042AE  19070.48140086  .00003516  00000-0  10120-3 0  9996 | 2 42853  96.9534 316.7668 0009280 222.7402 137.3122 15.36345491 92590 | 2019/03/11-11:33:13   25.3300    0.1244  137.3842   93.7289     6835.0639     6828.7210     6841.4069  70.637517 -66.410111  -0.000928   0.000008
1 42853U 17042AE  19071.65377842  .00003327  00000-0  95862-4 0  9995 | 2 42853  96.9533 317.8749 0009383 217.9388 142.1197 15.36353308 92776 | 2019/03/12-15:41:26   87.4273    0.1245  142.1857   93.7284     6835.0407     6828.6274     6841.4541  71.908524 -65.031581  -0.000936   0.000068
1 42853U 17042AE  19072.89128027 +.00004241 +00000-0 +12156-3 0  9991 | 2 42853 096.9533 319.0444 0009506 212.6673 147.3985 15.36364716092966 | 2019/03/13-21:23:26  172.9709    0.1244  147.4571   93.7277     6835.0069     6828.5096     6841.5043  73.220853 -63.550366  -0.000941   0.000137
1 42853U 17042AE  19074.45442787  .00005204  00000-0  14859-3 0  9999 | 2 42853  96.9535 320.5218 0009640 206.3585 153.7171 15.36380411 93201 | 2019/03/15-10:54:22   15.7576    0.1245  153.7660   93.7268     6834.9604     6828.3715     6841.5493  74.835163 -61.641541  -0.000939   0.000219
1 42853U 17042AE  19075.62677915  .00004467  00000-0  12781-3 0  9994 | 2 42853  96.9535 321.6299 0009771 201.6794 158.4039 15.36389543 93386 | 2019/03/16-15:02:33   77.8437    0.1245  158.4451   93.7262     6834.9333     6828.2549     6841.6117  76.013241 -60.182792  -0.000936   0.000281
1 42853U 17042AE  19076.73398940  .00006491  00000-0  18463-3 0  9997 | 2 42853  96.9537 322.6765 0009856 197.2488 162.8424 15.36406257 93559 | 2019/03/17-17:36:56  116.4763    0.1245  162.8757   93.7252     6834.8837     6828.1472     6841.6202  77.099993 -58.784445  -0.000926   0.000338
1 42853U 17042AE  19077.77606104  .00005555  00000-0  15827-3 0  9997 | 2 42853  96.9536 323.6616 0009985 193.1258 166.9729 15.36417226 93716 | 2019/03/18-18:37:31  131.6566    0.1245  166.9987   93.7245     6834.8512     6828.0266     6841.6758  78.099162 -57.450164  -0.000918   0.000394
1 42853U 17042AE  19079.66479939  .00003932  00000-0  11258-3 0  9992 | 2 42853  96.9529 325.4470 0010217 186.0476 174.0648 15.36432144 94008 | 2019/03/20-15:57:18   91.6649    0.1245  174.0769   93.7236     6834.8069     6827.8238     6841.7901  79.850592 -54.988615  -0.000898   0.000488
1 42853U 17042AE  19080.90223900 +.00003849 +00000-0 +11022-3 0  9992 | 2 42853 096.9525 326.6167 0010378 181.4342 178.6875 15.36441598094194 | 2019/03/21-21:39:13  177.1838    0.1244  178.6902   93.7231     6834.7789     6827.6858     6841.8720  80.956140 -53.346890  -0.000881   0.000549
1 42853U 17042AE  19082.92120402 +.00003467 +00000-0 +99421-4 0  9995 | 2 42853 096.9517 328.5249 0010622 174.1480 185.9891 15.36455680094502 | 2019/03/23-22:06:32  184.0776    0.1244  185.9764   93.7222     6834.7371     6827.4773     6841.9970  82.686921 -50.621194  -0.000845   0.000644
1 42853U 17042AE  19084.61451568 +.00004438 +00000-0 +12661-3 0  9992 | 2 42853 096.9512 330.1251 0010827 168.1696 191.9806 15.36469486094768 | 2019/03/25-14:44:54   73.7255    0.1245  191.9549   93.7214     6834.6962     6827.2963     6842.0961  84.067844 -48.292161  -0.000808   0.000720
1 42853U 17042AE  19085.85192720 +.00004337 +00000-0 +12374-3 0  9990 | 2 42853 096.9512 331.2945 0010968 163.8705 196.2892 15.36478016094952 | 2019/03/26-20:26:46  159.2344    0.1245  196.2540   93.7208     6834.6709     6827.1746     6842.1672  85.035903 -46.566407  -0.000778   0.000773
1 42853U 17042AE  19086.89395180 +.00004694 +00000-0 +13371-3 0  9994 | 2 42853 096.9513 332.2792 0011078 160.2667 199.9009 15.36486806095110 | 2019/03/27-21:27:17  174.3978    0.1244  199.8577   93.7203     6834.6448     6827.0734     6842.2163  85.823697 -45.098200  -0.000749   0.000816
1 42853U 17042AE  19088.58722881 +.00004662 +00000-0 +13274-3 0  9991 | 2 42853 096.9514 333.8793 0011277 154.4534 205.7270 15.36500932095379 | 2019/03/29-14:05:36   64.0336    0.1244  205.6710   93.7194     6834.6029     6826.8956     6842.3103  87.049615 -42.684171  -0.000699   0.000885
1 42853U 17042AE  19089.88973850 +.00004140 +00000-0 +11808-3 0  9991 | 2 42853 096.9515 335.1102 0011446 149.9878 210.2026 15.36511174095579 | 2019/03/30-21:21:13  172.9800    0.1245  210.1367   93.7188     6834.5726     6826.7497     6842.3954  87.946543 -40.804398  -0.000658   0.000936
1 42853U 17042AE  19091.45273863  .00004300  00000-0  12250-3 0  9994 | 2 42853  96.9515 336.5875 0011619 144.7388 215.4628 15.36524059 95810 | 2019/04/01-10:51:56   15.7121    0.1244  215.3856   93.7180     6834.5344     6826.5933     6842.4754  88.969285 -38.523495  -0.000604   0.000993
1 42853U 17042AE  19092.88547606 +.00003774 +00000-0 +10772-3 0  9992 | 2 42853 096.9512 337.9416 0011776 140.0392 220.1722 15.36535442096032 | 2019/04/02-21:15:05  171.5458    0.1244  220.0852   93.7173     6834.5006     6826.4523     6842.5489  89.854522 -36.410164  -0.000553   0.001040
1 42853U 17042AE  19094.18795344  .00005391  00000-0  15289-3 0  9996 | 2 42853  96.9509 339.1727 0011875 135.7283 224.4914 15.36551512 96235 | 2019/04/04-04:30:39  280.4821    0.1244  224.3961   93.7164     6834.4530     6826.3370     6842.5689  90.615776 -34.471120  -0.000500   0.001077
1 42853U 17042AE  19095.62066367  .00005895  00000-0  16690-3 0  9998 | 2 42853  96.9503 340.5269 0012004 131.0393 229.1891 15.36568601 96459 | 2019/04/05-14:53:45   76.3070    0.1244  229.0851   93.7153     6834.4023     6826.1983     6842.6063  91.404559 -32.319765  -0.000441   0.001116
1 42853U 17042AE  19096.72774670  .00005678  00000-0  16076-3 0  9990 | 2 42853  96.9499 341.5731 0012094 127.5460 232.6886 15.36581407 96623 | 2019/04/06-17:27:57  114.8957    0.1245  232.5785   93.7145     6834.3643     6826.0988     6842.6298  91.979057 -30.645330  -0.000396   0.001143
1 42853U 17042AE  19097.89994323 +.00005241 +00000-0 +14848-3 0  9999 | 2 42853 096.9494 342.6808 0012208 123.8632 236.3776 15.36593095096807 | 2019/04/07-21:35:55  176.9279    0.1244  236.2612   93.7138     6834.3297     6825.9863     6842.6730  92.553820 -28.861332  -0.000348   0.001170
1 42853U 17042AE  19099.39773416  .00006557  00000-0  18509-3 0  9993 | 2 42853  96.9491 344.0959 0012291 119.2811 240.9664 15.36612875 97038 | 2019/04/09-09:32:44  356.1871    0.1244  240.8433   93.7126     6834.2710     6825.8710     6842.6710  93.238054 -26.566772  -0.000284   0.001196
1 42853U 17042AE  19100.43966325  .00008121  00000-0  22858-3 0  9995 | 2 42853  96.9489 345.0804 0012375 116.0108 244.2413 15.36629907 97192 | 2019/04/10-10:33:06   11.3195    0.1245  244.1137   93.7116     6834.2205     6825.7632     6842.6779  93.680565 -24.960790  -0.000238   0.001214
1 42853U 17042AE  19101.67693934  .00007307  00000-0  20578-3 0  9997 | 2 42853  96.9488 346.2494 0012424 112.2583 247.9982 15.36648271 97386 | 2019/04/11-16:14:47   96.7850    0.1246  247.8663   93.7104     6834.1661     6825.6753     6842.6568  94.170207 -23.044348  -0.000184   0.001229
1 42853U 17042AE  19103.17467662  .00006755  00000-0  19027-3 0  9994 | 2 42853  96.9491 347.6645 0012496 107.6623 252.5988 15.36667719 97617 | 2019/04/13-04:11:32  276.0270    0.1245  252.4622   93.7093     6834.1084     6825.5685     6842.6483  94.710874 -20.711790  -0.000116   0.001244
1 42853U 17042AE  19104.21656988  .00005553  00000-0  15675-3 0  9991 | 2 42853  96.9492 348.6491 0012517 104.5026 255.7609 15.36678660 97774 | 2019/04/14-05:11:51  291.1485    0.1245  255.6219   93.7086     6834.0760     6825.5217     6842.6302  95.052893 -19.081272  -0.000069   0.001250
1 42853U 17042AE  19105.38869148  .00004855  00000-0  13727-3 0  9994 | 2 42853  96.9494 349.7567 0012548 100.7226 259.5432 15.36690182 97955 | 2019/04/15-09:19:42  353.1576    0.1244  259.4018   93.7079     6834.0418     6825.4664     6842.6171  95.404172 -17.240364  -0.000010   0.001255
1 42853U 17042AE  19106.43056937  .00004256  00000-0  12055-3 0  9993 | 2 42853  96.9493 350.7414 0012609  97.6544 262.6134 15.36699678 98114 | 2019/04/16-10:20:01    8.2739    0.1245  262.4701   93.7073     6834.0136     6825.3966     6842.6306  95.686267 -15.598242   0.000035   0.001260
1 42853U 17042AE  19107.86313913 +.00004905 +00000-0 +13853-3 0  9999 | 2 42853 096.9490 352.0953 0012630 093.2875 266.9816 15.36715684098331 | 2019/04/17-20:42:55  164.0558    0.1246  266.8371   93.7063     6833.9662     6825.3349     6842.5975  96.027809 -13.332989   0.000102   0.001259
1 42853U 17042AE  19109.16546511  .00004256  00000-0  12045-3 0  9997 | 2 42853  96.9485 353.3261 0012646  89.3364 270.9330 15.36726536 98533 | 2019/04/19-03:58:16  272.9457    0.1245  270.7881   93.7057     6833.9340     6825.2918     6842.5762  96.291547 -11.267190   0.000162   0.001254
1 42853U 17042AE  19110.46778199  .00004437  00000-0  12542-3 0  9994 | 2 42853  96.9480 354.5567 0012648  85.3051 274.9638 15.36737527 98730 | 2019/04/20-11:13:36   21.8333    0.1245  274.8194   93.7050     6833.9014     6825.2579     6842.5449  96.510819  -9.196551   0.000223   0.001245
1 42853U 17042AE  19111.70497439  .00004272  00000-0  12081-3 0  9992 | 2 42853  96.9475 355.7257 0012625  81.5078 278.7598 15.36747561 98922 | 2019/04/21-16:55:09  107.2743    0.1246  278.6168   93.7044     6833.8717     6825.2439     6842.4994  96.677857  -7.225636   0.000279   0.001231
1 42853U 17042AE  19112.87704326 +.00004410 +00000-0 +12459-3 0  9990 | 2 42853 096.9471 356.8331 0012605 077.9524 282.3133 15.36757809099109 | 2019/04/22-21:02:56  169.2689    0.1245  282.1721   93.7038     6833.8413     6825.2272     6842.4554  96.799047  -5.355813   0.000331   0.001216
1 42853U 17042AE  19113.91887646 +.00004285 +00000-0 +12109-3 0  9995 | 2 42853 096.9469 357.8174 0012572 074.7789 285.4845 15.36765876099267 | 2019/04/23-22:03:10  184.3737    0.1245  285.3456   93.7033     6833.8174     6825.2259     6842.4089  96.876568  -3.692159   0.000376   0.001200
1 42853U 17042AE  19115.22115904  .00004681  00000-0  13204-3 0  9999 | 2 42853  96.9468 359.0477 0012524  70.8040 289.4560 15.36777786 99463 | 2019/04/25-05:18:28  293.2521    0.1246  289.3206   93.7026     6833.7821     6825.2234     6842.3407  96.933410  -1.611256   0.000431   0.001176
1 42853U 17042AE  19116.45831821  .00004290  00000-0  12116-3 0  9995 | 2 42853  96.9468   0.2166 0012465  67.0018 293.2541 15.36787758 99653 | 2019/04/26-10:59:58   18.6840    0.1246  293.1228   93.7019     6833.7525     6825.2342     6842.2708  96.946107   0.366495   0.000483   0.001149
1 42853U 17042AE  19117.63035580  .00003446  00000-0  97712-4 0  9992 | 2 42853  96.9469   1.3239 0012399  63.3937 296.8577 15.36796183 99832 | 2019/04/27-15:07:42   80.6700    0.1246  296.7309   93.7014     6833.7275     6825.2544     6842.2007  96.921021   2.239896   0.000530   0.001121
1 42853U 17042AE  19118.73727388  .00004345  00000-0  12260-3 0  9991 | 2 42853  96.9471   2.3697 0012338  59.9586 300.2881 15.36806934100004 | 2019/04/28-17:41:40  119.2104    0.1245  300.1659   93.7008     6833.6957     6825.2643     6842.1271  96.864194   4.008499   0.000573   0.001093
1 42853U 17042AE  19119.90929803 +.00004126 +00000-0 +11651-3 0  9997 | 2 42853 096.9472 003.4773 0012256 056.2984 303.9428 15.36815605100184 | 2019/04/29-21:49:23  181.1922    0.1246  303.8262   93.7002     6833.6700     6825.2946     6842.0453  96.768711   5.880147   0.000617   0.001059
1 42853U 17042AE  19121.21153852  .00004040  00000-0  11409-3 0  9993 | 2 42853  96.9471   4.7077 0012173  52.3172 307.9176 15.36825725100388 | 2019/05/01-05:04:36  290.0583    0.1247  307.8075   93.6996     6833.6400     6825.3214     6841.9585  96.620036   7.956686   0.000663   0.001021
1 42853U 17042AE  19122.57888044 +.00005512 +00000-0 +15483-3 0  9992 | 2 42853 096.9468 005.9998 0012059 047.9751 312.2519 15.36840760100594 | 2019/05/02-13:53:35   62.3648    0.1246  312.1495   93.6987     6833.5954     6825.3548     6841.8360  96.415751  10.133363   0.000709   0.000975
1 42853U 17042AE  19123.62065699 +.00004905 +00000-0 +13798-3 0  9994 | 2 42853 096.9466 006.9842 0011986 044.7638 315.4573 15.36849251100755 | 2019/05/03-14:53:44   77.4527    0.1247  315.3609   93.6982     6833.5702     6825.3795     6841.7609  96.227229  11.788283   0.000742   0.000941
1 42853U 17042AE  19124.85775601 +.00005335 +00000-0 +14983-3 0  9996 | 2 42853 096.9462 008.1532 0011874 040.8414 319.3720 15.36863310100946 | 2019/05/04-20:35:10  162.8664    0.1247  319.2833   93.6973     6833.5285     6825.4144     6841.6427  95.966307  13.748951   0.000779   0.000896
1 42853U 17042AE  19125.89951599 +.00004032 +00000-0 +11371-3 0  9994 | 2 42853 096.9457 009.1375 0011767 037.5068 322.6996 15.36871134101109 | 2019/05/05-21:35:18  177.9495    0.1246  322.6178   93.6969     6833.5054     6825.4644     6841.5463  95.715467  15.395393   0.000808   0.000856
1 42853U 17042AE  19127.85279855 +.00004145 +00000-0 +11679-3 0  9996 | 2 42853 096.9450 010.9827 0011554 031.1513 329.0415 15.36889528101409 | 2019/05/07-20:28:01  161.2249    0.1246  328.9733   93.6957     6833.4508     6825.5555     6841.3462  95.169428  18.469243   0.000857   0.000775
1 42853U 17042AE  19129.22008369  .00003708  00000-0  10467-3 0  9997 | 2 42853  96.9448  12.2742 0011399  26.6351 333.5478 15.36900462101616 | 2019/05/09-05:16:55  293.5136    0.1246  333.4895   93.6951     6833.4184     6825.6290     6841.2078  94.728778  20.609534   0.000887   0.000716
1 42853U 17042AE  19130.65246673  .00004334  00000-0  12195-3 0  9994 | 2 42853  96.9447  13.6272 0011229  21.7821 338.3900 15.36913818101834 | 2019/05/10-15:39:33   89.2411    0.1246  338.3425   93.6943     6833.3788     6825.7056     6841.0520  94.215635  22.840511   0.000915   0.000651
1 42853U 17042AE  19131.88951226 +.00006864 +00000-0 +19178-3 0  9995 | 2 42853 096.9448 014.7959 0011057 017.6397 342.5230 15.36932504102028 | 2019/05/11-21:20:53  174.6375    0.1246  342.4849   93.6931     6833.3234     6825.7678     6840.8790  93.730272  24.757431   0.000933   0.000593
1 42853U 17042AE  19133.25675444  .00005080  00000-0  14243-3 0  9990 | 2 42853  96.9451  16.0877 0010886  12.9557 347.1966 15.36951285102238 | 2019/05/13-06:09:43  306.9109    0.1246  347.1689   93.6920     6833.2678     6825.8291     6840.7065  93.148600  26.864301   0.000952   0.000528
1 42853U 17042AE  19134.36355816  .00006022  00000-0  16837-3 0  9999 | 2 42853  96.9452  17.1335 0010735   9.2635 350.8806 15.36966368102400 | 2019/05/14-08:43:31  345.4135    0.1246  350.8611   93.6911     6833.2231     6825.8876     6840.5585  92.642862  28.559970   0.000962   0.000477
1 42853U 17042AE  19135.47034864  .00006727  00000-0  18773-3 0  9992 | 2 42853  96.9452  18.1793 0010565   5.2196 354.9157 15.36984530102571 | 2019/05/15-11:17:18   23.9120    0.1246  354.9050   93.6899     6833.1692     6825.9500     6840.3885  92.106164  30.246097   0.000970   0.000420
1 42853U 17042AE  19136.70733743  .00004617  00000-0  12945-3 0  9992 | 2 42853  96.9451  19.3482 0010410   0.8758 359.2504 15.36998965102764 | 2019/05/16-16:58:33  109.2874    0.1246  359.2488   93.6891     6833.1265     6826.0132     6840.2397  91.469890  32.118711   0.000977   0.000360
1 42853U 17042AE  19137.74900460  .00004255  00000-0  11943-3 0  9994 | 2 42853  96.9448  20.3324 0010277 357.0764   3.0420 15.37008652102927 | 2019/05/17-17:58:33  124.3379    0.1247    3.0483   93.6885     6833.0977     6826.0754     6840.1201  90.904421  33.685018   0.000981   0.000307
1 42853U 17042AE  19138.85576905 +.00003883 +00000-0 +10914-3 0  9993 | 2 42853 096.9442 021.3780 0010120 353.1414 006.9692 15.37018131103099 | 2019/05/18-20:32:18  162.8262    0.1247    6.9833   93.6879     6833.0697     6826.1546     6839.9847  90.274037  35.338028   0.000980   0.000254
1 42853U 17042AE  19140.61355949 +.00003855 +00000-0 +10834-3 0  9993 | 2 42853 096.9435 023.0387 0009897 346.5977 013.5004 15.37031845103360 | 2019/05/20-14:43:31   75.7151    0.1246   13.5269   93.6871     6833.0290     6826.2664     6839.7917  89.211357  37.939109   0.000976   0.000166
1 42853U 17042AE  19141.91561730 +.00003186 +00000-0 +89865-4 0  9992 | 2 42853 096.9432 024.2687 0009722 341.6503 018.4390 15.37039621103565 | 2019/05/21-21:58:29  184.5181    0.1246   18.4743   93.6866     6833.0060     6826.3629     6839.6490  88.376130  39.845246   0.000967   0.000100
1 42853U 17042AE  19143.15256636  .00002799  00000-0  79184-4 0  9998 | 2 42853  96.9430  25.4370 0009594 336.8050  23.2762 15.37046379103751 | 2019/05/23-03:39:41  269.8788    0.1247   23.3197   93.6862     6832.9859     6826.4304     6839.5415  87.545162  41.638802   0.000959   0.000038
1 42853U 17042AE  19144.45461210  .00002897  00000-0  81891-4 0  9995 | 2 42853  96.9429  26.6670 0009438 331.6727  28.4004 15.37054228103956 | 2019/05/24-10:54:38   18.6767    0.1246   28.4519   93.6857     6832.9627     6826.5137     6839.4116  86.631087  43.508398   0.000943  -0.000027
1 42853U 17042AE  19145.62644821  .00002449  00000-0  69517-4 0  9990 | 2 42853  96.9428  27.7740 0009314 327.0523  33.0142 15.37059471104132 | 2019/05/25-15:02:05   80.5923    0.1247   33.0724   93.6854     6832.9471     6826.5829     6839.3113  85.774265  45.173908   0.000928  -0.000084
1 42853U 17042AE  19146.73317813  .00002389  00000-0  67851-4 0  9993 | 2 42853  96.9429  28.8195 0009192 322.5633  37.4971 15.37065267104302 | 2019/05/26-17:35:46  119.0665    0.1246   37.5613   93.6850     6832.9300     6826.6491     6839.2108  84.935811  46.731508   0.000909  -0.000138
1 42853U 17042AE  19147.83990398  .00003033  00000-0  85594-4 0  9991 | 2 42853  96.9430  29.8651 0009085 318.0664  41.9885 15.37072984104473 | 2019/05/27-20:09:27  157.5386    0.1246   42.0582   93.6846     6832.9071     6826.6994     6839.1148  84.068992  48.273698   0.000888  -0.000190
1 42853U 17042AE  19148.88152271 +.00003373 +00000-0 +94938-4 0  9996 | 2 42853 096.9431 030.8492 0008959 313.7453 046.3050 15.37080527104639 | 2019/05/28-21:09:23  172.5685    0.1246   46.3793   93.6841     6832.8847     6826.7631     6839.0063  83.227579  49.710509   0.000864  -0.000238
1 42853U 17042AE  19149.92313669 +.00003881 +00000-0 +10890-3 0  9990 | 2 42853 096.9432 031.8333 0008855 309.4629 050.5833 15.37088818104791 | 2019/05/29-22:09:19  187.5962    0.1246   50.6617   93.6836     6832.8602     6826.8097     6838.9107  82.361613  51.132658   0.000839  -0.000284
1 42853U 17042AE  19151.35534537  .00003537  00000-0  99393-4 0  9993 | 2 42853  96.9431  33.1865 0008716 303.2847  56.7563 15.37100193105010 | 2019/05/31-08:31:41  343.2550    0.1246   56.8399   93.6829     6832.8264     6826.8710     6838.7819  81.131032  53.063362   0.000799  -0.000348
1 42853U 17042AE  19152.72244492  .00002706  00000-0  76512-4 0  9998 | 2 42853  96.9428  34.4781 0008615 297.3606  62.6762 15.37108679105228 | 2019/06/01-17:20:19  115.4709    0.1245   62.7639   93.6824     6832.8013     6826.9148     6838.6878  79.914082  54.878465   0.000760  -0.000407
1 42853U 17042AE  19154.15463676  .00002595  00000-0  73435-4 0  9991 | 2 42853  96.9422  35.8310 0008554 291.0588  68.9742 15.37117187105442 | 2019/06/03-03:42:40  271.1225    0.1245   69.0657   93.6819     6832.7761     6826.9313     6838.6208  78.595618  56.749617   0.000717  -0.000467
1 42853U 17042AE  19155.19622621  .00002956  00000-0  83340-4 0  9990 | 2 42853  96.9419  36.8148 0008496 286.3953  73.6358 15.37124459105600 | 2019/06/04-04:42:33  286.1394    0.1245   73.7292   93.6814     6832.7545     6826.9494     6838.5596  77.609418  58.090535   0.000680  -0.000509
1 42853U 17042AE  19156.88879853 +.00003589 +00000-0 +10071-3 0  9991 | 2 42853 096.9414 038.4136 0008444 278.8385 081.1904 15.37137273105865 | 2019/06/05-21:19:52  175.5371    0.1245   81.2860   93.6806     6832.7166     6826.9470     6838.4861  75.958046  60.232967   0.000620  -0.000573
1 42853U 17042AE  19158.25586712  .00003114  00000-0  87628-4 0  9990 | 2 42853  96.9410  39.7049 0008400 272.6440  87.3844 15.37145629106073 | 2019/06/07-06:08:26  307.7385    0.1246   87.4806   93.6801     6832.6918     6826.9523     6838.4313  74.581066  61.929169   0.000566  -0.000621
1 42853U 17042AE  19159.42763395  .00003241  00000-0  91100-4 0  9995 | 2 42853  96.9410  40.8116 0008407 267.3704  92.6580 15.37153516106252 | 2019/06/08-10:15:47    9.6228    0.1246   92.7542   93.6796     6832.6684     6826.9242     6838.4127  73.371032  63.358103   0.000520  -0.000661
1 42853U 17042AE  19160.72958939  .00003839  00000-0  10748-3 0  9991 | 2 42853  96.9412  42.0413 0008409 261.6651  98.3641 15.37164482106455 | 2019/06/09-17:30:36  118.3795    0.1245   98.4594   93.6790     6832.6359     6826.8904     6838.3815  71.994575  64.918236   0.000467  -0.000700
1 42853U 17042AE  19161.96644018  .00003467  00000-0  97239-4 0  9996 | 2 42853  96.9414  43.2097 0008404 255.8770 104.1542 15.37172106106649 | 2019/06/10-23:11:40  203.6945    0.1246  104.2476   93.6785     6832.6133     6826.8712     6838.3555  70.656004  66.372918   0.000409  -0.000734
1 42853U 17042AE  19163.13818823  .00003101  00000-0  87171-4 0  9993 | 2 42853  96.9414  44.3167 0008443 250.7816 109.2516 15.37178675106821 | 2019/06/12-03:18:59  265.5697    0.1245  109.3429   93.6781     6832.5939     6826.8251     6838.3626  69.360519  67.725575   0.000358  -0.000765
1 42853U 17042AE  19164.17973731  .00003262  00000-0  91584-4 0  9999 | 2 42853  96.9414  45.3007 0008483 246.0808 113.9549 15.37185723106985 | 2019/06/13-04:18:49  280.5675    0.1245  114.0437   93.6777     6832.5730     6826.7769     6838.3691  68.187225  68.906729   0.000309  -0.000790
1 42853U 17042AE  19165.22128275  .00003560  00000-0  99728-4 0  9990 | 2 42853  96.9413  46.2846 0008525 241.5634 118.4753 15.37192689107144 | 2019/06/14-05:18:38  295.5635    0.1245  118.5611   93.6773     6832.5523     6826.7276     6838.3771  66.993874  70.067371   0.000261  -0.000811
1 42853U 17042AE  19166.45811351  .00002859  00000-0  80474-4 0  9998 | 2 42853  96.9410  47.4530 0008589 236.0603 123.9826 15.37197356107338 | 2019/06/15-10:59:41   20.8691    0.1245  124.0642   93.6770     6832.5385     6826.6701     6838.4070  65.550997  71.418655   0.000201  -0.000835
1 42853U 17042AE  19167.49965046  .00002873  00000-0  80832-4 0  9998 | 2 42853  96.9408  48.4370 0008668 231.4766 128.5703 15.37203363107493 | 2019/06/16-11:59:29   35.8610    0.1245  128.6479   93.6766     6832.5207     6826.5983     6838.4431  64.314711  72.533693   0.000149  -0.000854
1 42853U 17042AE  19168.67137527  .00002740  00000-0  77176-4 0  9994 | 2 42853  96.9404  49.5437 0008764 226.4737 133.5781 15.37209504107679 | 2019/06/17-16:06:46   97.7252    0.1245  133.6508   93.6762     6832.5025     6826.5145     6838.4905  62.901513  73.762055   0.000092  -0.000872
1 42853U 17042AE  19169.90819167 +.00002574 +00000-0 +72623-4 0  9995 | 2 42853 096.9400 050.7119 0008874 221.2639 138.7937 15.37215013107865 | 2019/06/18-21:47:47  183.0242    0.1245  138.8606   93.6759     6832.4862     6826.4231     6838.5493  61.384360  75.028821   0.000031  -0.000887
1 42853U 17042AE  19171.21009950  .00002128  00000-0  60380-4 0  9995 | 2 42853  96.9396  51.9415 0009018 215.8056 144.2586 15.37219359108066 | 2019/06/20-05:02:32  291.7580    0.1245  144.3189   93.6756     6832.4733     6826.3118     6838.6348  59.759941  76.328471  -0.000035  -0.000901
1 42853U 17042AE  19172.44690723  .00002517  00000-0  71018-4 0  9997 | 2 42853  96.9395  53.1094 0009140 210.7603 149.3108 15.37225945108255 | 2019/06/21-10:43:32   17.0531    0.1245  149.3642   93.6752     6832.4538     6826.2089     6838.6987  58.191717  77.530579  -0.000098  -0.000909
1 42853U 17042AE  19173.61861554  .00002469  00000-0  69677-4 0  9993 | 2 42853  96.9394  54.2160 0009245 205.9320 154.1464 15.37231422108434 | 2019/06/22-14:50:48   78.9090    0.1245  154.1925   93.6749     6832.4376     6826.1210     6838.7542  56.683488  78.639872  -0.000158  -0.000911
1 42853U 17042AE  19174.72522526  .00002295  00000-0  64911-4 0  9992 | 2 42853  96.9393  55.2612 0009336 201.5633 158.5220 15.37236196108606 | 2019/06/23-17:24:19  117.3272    0.1244  158.5611   93.6746     6832.4234     6826.0447     6838.8022  55.239516  79.660679  -0.000213  -0.000909
1 42853U 17042AE  19176.15730277  .00002491  00000-0  70254-4 0  9990 | 2 42853  96.9394  56.6137 0009530 195.7683 164.3267 15.37243506108822 | 2019/06/25-03:46:30  272.9244    0.1245  164.3562   93.6742     6832.4018     6825.8905     6838.9131  53.343920  80.942408  -0.000288  -0.000908
1 42853U 17042AE  19177.19881011  .00002295  00000-0  64877-4 0  9994 | 2 42853  96.9395  57.5976 0009659 191.7156 168.3866 15.37247594108984 | 2019/06/26-04:46:17  287.9025    0.1245  168.4089   93.6739     6832.3897     6825.7903     6838.9891  51.946210  81.846551  -0.000341  -0.000904
1 42853U 17042AE  19178.63087741  .00002333  00000-0  65892-4 0  9993 | 2 42853  96.9396  58.9503 0009837 186.3231 173.7892 15.37254127109203 | 2019/06/27-15:08:27   83.4954    0.1245  173.8014   93.6735     6832.3703     6825.6493     6839.0913  49.999644  83.050115  -0.000411  -0.000894
1 42853U 17042AE  19179.80256393  .00002383  00000-0  67245-4 0  9993 | 2 42853  96.9396  60.0570 0009982 181.9663 178.1546 15.37259959109384 | 2019/06/28-19:15:41  145.3422    0.1246  178.1583   93.6732     6832.3530     6825.5330     6839.1731  48.386257  84.000334  -0.000468  -0.000882
1 42853U 17042AE  19180.90915295 +.00002368 +00000-0 +66837-4 0  9998 | 2 42853 096.9395 061.1022 0010115 177.8812 182.2478 15.37265198109558 | 2019/06/29-21:49:10  183.7516    0.1245  182.2433   93.6728     6832.3375     6825.4266     6839.2484  46.845894  84.868892  -0.000521  -0.000867
1 42853U 17042AE  19182.47138969  .00002544  00000-0  71620-4 0  9999 | 2 42853  96.9391  62.5778 0010311 172.3191 187.8215 15.37273263109793 | 2019/07/01-11:18:48   26.2095    0.1245  187.8054   93.6724     6832.3136     6825.2688     6839.3584  44.644696  86.046733  -0.000593  -0.000844
1 42853U 17042AE  19183.64306113  .00002669  00000-0  75027-4 0  9990 | 2 42853  96.9386  63.6844 0010448 168.1568 191.9926 15.37279987109979 | 2019/07/02-15:26:00   88.0506    0.1246  191.9678   93.6719     6832.2937     6825.1553     6839.4321  42.974361  86.892442  -0.000646  -0.000822
1 42853U 17042AE  19185.14018810  .00003105  00000-0  86904-4 0  9993 | 2 42853  96.9382  65.0981 0010633 162.8697 197.2910 15.37290621110201 | 2019/07/04-03:21:52  267.0670    0.1245  197.2548   93.6713     6832.2622     6824.9974     6839.5269  40.817370  87.925861  -0.000712  -0.000790
1 42853U 17042AE  19186.18166291  .00003187  00000-0  89117-4 0  9994 | 2 42853  96.9380  66.0816 0010759 159.2456 200.9228 15.37297187110364 | 2019/07/05-04:21:35  282.0332    0.1244  200.8788   93.6709     6832.2427     6824.8919     6839.5935  39.302075  88.613333  -0.000756  -0.000765
1 42853U 17042AE  19187.61368483  .00002518  00000-0  70838-4 0  9997 | 2 42853  96.9376  67.4339 0010949 154.3165 205.8626 15.37303164110581 | 2019/07/06-14:43:42   77.6096    0.1244  205.8079   93.6705     6832.2250     6824.7444     6839.7056  37.199709  89.515808  -0.000817  -0.000729
1 42853U 17042AE  19188.78533476  .00002253  00000-0  63578-4 0  9991 | 2 42853  96.9376  68.5404 0011087 150.4003 209.7873 15.37307988110763 | 2019/07/07-18:50:52  139.4434    0.1246  209.7243   93.6702     6832.2107     6824.6358     6839.7856  35.464145  90.217475  -0.000862  -0.000697
1 42853U 17042AE  19189.89188877 +.00002594 +00000-0 +72873-4 0  9991 | 2 42853 096.9377 069.5854 0011212 146.7448 213.4505 15.37314242110939 | 2019/07/08-21:24:19  177.8408    0.1246  213.3798   93.6699     6832.1922     6824.5319     6839.8524  33.812924  90.849347  -0.000903  -0.000664
1 42853U 17042AE  19191.45407284  .00003776  00000-0  10511-3 0  9995 | 2 42853  96.9378  71.0608 0011386 141.5976 218.6083 15.37327217111177 | 2019/07/10-10:53:51   20.2808    0.1246  218.5270   93.6691     6832.1537     6824.3747     6839.9328  31.462581  91.689929  -0.000959  -0.000614
1 42853U 17042AE  19193.73223480  .00003443  00000-0  95951-4 0  9995 | 2 42853  96.9379  73.2125 0011609 134.2938 225.9262 15.37344496111528 | 2019/07/12-17:34:25  120.4988    0.1245  225.8307   93.6680     6832.1025     6824.1712     6840.0339  27.997889  92.806652  -0.001030  -0.000536
1 42853U 17042AE  19194.77367284  .00002860  00000-0  80022-4 0  9996 | 2 42853  96.9378  74.1960 0011677 131.0335 229.1923 15.37349519111683 | 2019/07/13-18:34:05  135.4537    0.1246  229.0911   93.6677     6832.0877     6824.1098     6840.0655  26.400760  93.273453  -0.001056  -0.000498
1 42853U 17042AE  19195.88019597 +.00002597 +00000-0 +72829-4 0  9993 | 2 42853 096.9375 075.2410 0011790 127.5571 232.6747 15.37355811111854 | 2019/07/14-21:07:28  173.8417    0.1245  232.5674   93.6673     6832.0690     6824.0140     6840.1240  24.695201  93.739138  -0.001087  -0.000457
1 42853U 17042AE  19197.24707189  .00002794  00000-0  78185-4 0  9996 | 2 42853  96.9372  76.5319 0011893 123.2184 237.0204 15.37363853112066 | 2019/07/16-05:55:47  305.9664    0.1246  236.9062   93.6668     6832.0452     6823.9198     6840.1706  22.577057  94.271402  -0.001119  -0.000402
1 42853U 17042AE  19198.74411969  .00002536  00000-0  71126-4 0  9992 | 2 42853  96.9366  77.9455 0012011 118.5830 241.6626 15.37370663112294 | 2019/07/17-17:51:31  124.9587    0.1245  241.5415   93.6664     6832.0250     6823.8191     6840.2310  20.244435  94.799089  -0.001151  -0.000342
1 42853U 17042AE  19199.85062883 +.00002379 +00000-0 +66845-4 0  9999 | 2 42853 096.9364 078.9902 0012084 115.0608 245.1894 15.37375564112465 | 2019/07/18-20:24:54  163.3433    0.1246  245.0638   93.6661     6832.0105     6823.7547     6840.2663  18.512612  95.152240  -0.001172  -0.000293
1 42853U 17042AE  19201.15239968  .00002256  00000-0  63482-4 0  9994 | 2 42853  96.9361  80.2194 0012153 111.0313 249.2233 15.37381165112665 | 2019/07/20-03:39:27  272.0303    0.1245  249.0932   93.6658     6831.9939     6823.6910     6840.2968  16.467101  95.527180  -0.001192  -0.000237
1 42853U 17042AE  19202.38907806  .00002041  00000-0  57609-4 0  9999 | 2 42853  96.9358  81.3870 0012225 107.2300 253.0284 15.37385514112859 | 2019/07/21-09:20:16  357.2821    0.1245  252.8945   93.6655     6831.9810     6823.6289     6840.3331  14.517075  95.842599  -0.001209  -0.000183
1 42853U 17042AE  19203.62575190  .00002358  00000-0  66221-4 0  9995 | 2 42853  96.9357  82.5548 0012258 103.4032 256.8581 15.37391597113040 | 2019/07/22-15:01:04   82.5329    0.1246  256.7214   93.6651     6831.9630     6823.5884     6840.3376  12.560722  96.118459  -0.001219  -0.000127
1 42853U 17042AE  19204.73224540  .00002581  00000-0  72303-4 0  9994 | 2 42853  96.9357  83.5996 0012295 100.0404 260.2229 15.37397285113212 | 2019/07/23-17:34:26  120.9144    0.1245  260.0841   93.6648     6831.9462     6823.5463     6840.3460  10.805991  96.331513  -0.001227  -0.000078
1 42853U 17042AE  19205.83873502 +.00002529 +00000-0 +70864-4 0  9996 | 2 42853 096.9358 084.6445 0012319 096.6754 263.5894 15.37402298113382 | 2019/07/24-20:07:46  159.2948    0.1245  263.4491   93.6645     6831.9313     6823.5150     6840.3476   9.047509  96.512652  -0.001232  -0.000028
1 42853U 17042AE  19207.14048252  .00002465  00000-0  69119-4 0  9998 | 2 42853  96.9359  85.8738 0012340  92.7445 267.5213 15.37408418113580 | 2019/07/26-03:22:17  267.9767    0.1245  267.3800   93.6641     6831.9132     6823.4826     6840.3438   6.974881  96.684641  -0.001234   0.000030
1 42853U 17042AE  19208.89783415 +.00002314 +00000-0 +64989-4 0  9991 | 2 42853 096.9358 087.5333 0012355 087.4662 272.7998 15.37415588113851 | 2019/07/27-21:32:52  180.6957    0.1246  272.6584   93.6637     6831.8919     6823.4511     6840.3327   4.171995  96.845980  -0.001231   0.000108
1 42853U 17042AE  19210.45991664  .00002304  00000-0  64708-4 0  9991 | 2 42853  96.9355  89.0083 0012361  82.6555 277.6095 15.37422530114096 | 2019/07/29-11:02:16   23.1111    0.1246  277.4691   93.6633     6831.8714     6823.4265     6840.3162   1.677718  96.920980  -0.001223   0.000179
1 42853U 17042AE  19211.50130120  .00002308  00000-0  64781-4 0  9995 | 2 42853  96.9352  89.9916 0012372  79.4407 280.8232 15.37427010114254 | 2019/07/30-12:01:52   38.0538    0.1246  280.6839   93.6630     6831.8581     6823.4057     6840.3105   0.014211  96.935199  -0.001216   0.000227
1 42853U 17042AE  19212.73794003 +.00002695 +00000-0 +75294-4 0  9997 | 2 42853 096.9348 091.1592 0012348 075.7357 284.5259 15.37434304114445 | 2019/07/31-17:42:38  123.2973    0.1246  284.3889   93.6625     6831.8365     6823.4005     6840.2724  -1.961037  96.914962  -0.001203   0.000280
1 42853U 17042AE  19214.62543196 +.00002446 +00000-0 +68514-4 0  9993 | 2 42853 096.9342 092.9412 0012284 069.8608 290.3958 15.37442845114733 | 2019/08/02-15:00:37   82.8778    0.1246  290.2638   93.6620     6831.8112     6823.4190     6840.2034  -4.973799  96.806510  -0.001173   0.000363
1 42853U 17042AE  19215.92714440 +.00002305 +00000-0 +64682-4 0  9995 | 2 42853 096.9340 094.1701 0012228 065.9284 294.3240 15.37448493114936 | 2019/08/03-22:15:05  191.5526    0.1246  294.1962   93.6617     6831.7945     6823.4405     6840.1484  -7.048821  96.677373  -0.001150   0.000416
1 42853U 17042AE  19217.94478580 +.00004268 +00000-0 +11798-3 0  9990 | 2 42853 096.9337 096.0750 0012112 059.7119 300.5324 15.37464912115249 | 2019/08/05-22:40:29  197.9954    0.1247  300.4128   93.6607     6831.7458     6823.4712     6840.0204 -10.258513  96.389341  -0.001105   0.000497
1 42853U 17042AE  19219.37664853  .00003974  00000-0  10996-3 0  9991 | 2 42853  96.9337  97.4269 0012030  55.2920 304.9458 15.37473821115468 | 2019/08/07-09:02:22  353.5319    0.1247  304.8327   93.6601     6831.7194     6823.5009     6839.9380 -12.529763  96.120483  -0.001069   0.000551
1 42853U 17042AE  19220.74341600  .00002752  00000-0  76747-4 0  9996 | 2 42853  96.9338  98.7174 0011923  50.9571 309.2734 15.37482217115679 | 2019/08/08-17:50:31  125.6321    0.1246  309.1675   93.6596     6831.6945     6823.5491     6839.8400 -14.691384  95.814012  -0.001029   0.000602
1 42853U 17042AE  19222.17526009  .00003045  00000-0  84696-4 0  9991 | 2 42853  96.9337 100.0693 0011811  46.4452 313.7772 15.37491692115898 | 2019/08/10-04:12:22  281.1635    0.1246  313.6794   93.6590     6831.6665     6823.5976     6839.7354 -16.947809  95.440631  -0.000985   0.000652
1 42853U 17042AE  19224.77859525  .00002452  00000-0  68567-4 0  9991 | 2 42853  96.9334 102.5272 0011591  38.3389 321.8679 15.37504066116290 | 2019/08/12-18:41:10  138.4878    0.1247  321.7858   93.6583     6831.6298     6823.7113     6839.5484 -21.025152  94.625721  -0.000899   0.000732
1 42853U 17042AE  19225.81992271  .00002383  00000-0  66693-4 0  9994 | 2 42853  96.9331 103.5103 0011489  34.9493 325.2504 15.37509247116454 | 2019/08/13-19:40:41  153.4161    0.1246  325.1753   93.6580     6831.6145     6823.7656     6839.4633 -22.645527  94.250761  -0.000860   0.000762
1 42853U 17042AE  19227.12157687  .00002378  00000-0  66545-4 0  9994 | 2 42853  96.9327 104.7390 0011354  30.6797 329.5111 15.37515995116651 | 2019/08/15-02:55:04  262.0748    0.1247  329.4450   93.6576     6831.5945     6823.8379     6839.3511 -24.661257  93.743110  -0.000809   0.000797
1 42853U 17042AE  19228.48830892  .00002237  00000-0  62710-4 0  9994 | 2 42853  96.9322 106.0292 0011208  26.0954 334.0855 15.37521780116862 | 2019/08/16-11:43:09   34.1651    0.1247  334.0293   93.6572     6831.5774     6823.9205     6839.2342 -26.765618  93.163582  -0.000752   0.000831
1 42853U 17042AE  19229.78995312  .00002262  00000-0  63365-4 0  9992 | 2 42853  96.9319 107.2578 0011060  21.7997 338.3717 15.37527839117061 | 2019/08/17-18:57:31  142.8209    0.1246  338.3249   93.6568     6831.5594     6824.0037     6839.1151 -28.756940  92.567984  -0.000697   0.000859
1 42853U 17042AE  19230.89634700 +.00002220 +00000-0 +62224-4 0  9994 | 2 42853 096.9316 108.3021 0010937 018.1003 342.0630 15.37532514117234 | 2019/08/18-21:30:44  181.1770    0.1247  342.0244   93.6566     6831.5456     6824.0739     6839.0172 -30.439164  92.028215  -0.000649   0.000880
1 42853U 17042AE  19232.45830845  .00002405  00000-0  67231-4 0  9994 | 2 42853  96.9313 109.7766 0010735  12.8298 347.3219 15.37540179117478 | 2019/08/20-10:59:57   23.5598    0.1247  347.2949   93.6561     6831.5229     6824.1892     6838.8565 -32.797057  91.214198  -0.000578   0.000904
1 42853U 17042AE  19233.82501941  .00002209  00000-0  61918-4 0  9996 | 2 42853  96.9313 111.0668 0010572   8.0907 352.0507 15.37545445117685 | 2019/08/21-19:48:01  155.6429    0.1246  352.0339   93.6558     6831.5073     6824.2850     6838.7295 -34.842552  90.452604  -0.000515   0.000923
1 42853U 17042AE  19234.86631934 +.00002201 +00000-0 +61683-4 0  9998 | 2 42853 096.9313 112.0498 0010422 004.4717 355.6620 15.37549974117844 | 2019/08/22-20:47:29  170.5620    0.1247  355.6530   93.6555     6831.4938     6824.3741     6838.6136 -36.389206  89.841542  -0.000465   0.000933
1 42853U 17042AE  19235.90761646 +.00002128 +00000-0 +59693-4 0  9994 | 2 42853 096.9313 113.0327 0010299 000.8401 359.2860 15.37554173118000 | 2019/08/23-21:46:58  185.4800    0.1246  359.2845   93.6552     6831.4814     6824.4457     6838.5171 -37.924993  89.204102  -0.000417   0.000942
1 42853U 17042AE  19237.59971785 +.00002311 +00000-0 +64652-4 0  9993 | 2 42853 096.9312 114.6300 0010108 354.7484 005.3654 15.37561952118269 | 2019/08/25-14:23:35   74.7193    0.1246    5.3762   93.6548     6831.4584     6824.5531     6838.3636 -40.396738  88.112208  -0.000335   0.000954
1 42853U 17042AE  19238.90132876 +.00002573 +00000-0 +71736-4 0  9990 | 2 42853 096.9311 115.8587 0009944 349.9761 010.1285 15.37568339118460 | 2019/08/26-21:37:54  183.3626    0.1247   10.1486   93.6544     6831.4394     6824.6463     6838.2326 -42.276815  87.225622  -0.000271   0.000957
1 42853U 17042AE  19240.46325355  .00002811  00000-0  78186-4 0  9991 | 2 42853  96.9307 117.3330 0009741 344.0534  16.0403 15.37576989118701 | 2019/08/28-11:07:05   25.7317    0.1246   16.0712   93.6538     6831.4138     6824.7593     6838.0683 -44.506825  86.108671  -0.000192   0.000955
1 42853U 17042AE  19241.63469215  .00002551  00000-0  71131-4 0  9999 | 2 42853  96.9303 118.4387 0009594 339.5570  20.5290 15.37582264118882 | 2019/08/29-15:13:57   87.5062    0.1246   20.5676   93.6535     6831.3982     6824.8442     6837.9522 -46.159978  85.233441  -0.000133   0.000950
1 42853U 17042AE  19242.74104656  .00002764  00000-0  76879-4 0  9997 | 2 42853  96.9299 119.4829 0009456 335.2841  24.7950 15.37588732119054 | 2019/08/30-17:47:06  125.8470    0.1246   24.8405   93.6531     6831.3790     6824.9193     6837.8388 -47.705386  84.377732  -0.000079   0.000942
1 42853U 17042AE  19243.91247302 +.00004617 +00000-0 +12701-3 0  9995 | 2 42853 096.9296 120.5884 0009340 330.7900 029.2823 15.37602151119234 | 2019/08/31-21:53:57  187.6164    0.1247   29.3347   93.6523     6831.3393     6824.9588     6837.7198 -49.324288  83.441368  -0.000022   0.000934
1 42853U 17042AE  19245.21404754  .00006595  00000-0  18046-3 0  9991 | 2 42853  96.9289 121.8168 0009125 325.6788  34.3867 15.37617942119434 | 2019/09/02-05:08:13  296.2445    0.1246   34.4458   93.6514     6831.2925     6825.0590     6837.5261 -51.101398  82.364184   0.000040   0.000912
1 42853U 17042AE  19246.45052977  .00004932  00000-0  13542-3 0  9993 | 2 42853  96.9287 122.9838 0009007 320.6244  39.4346 15.37630210119621 | 2019/09/03-10:48:45   21.4364    0.1246   39.5002   93.6506     6831.2562     6825.1033     6837.4091 -52.768167  81.306171   0.000100   0.000895
1 42853U 17042AE  19247.62192592  .00003538  00000-0  97713-4 0  9995 | 2 42853  96.9287 124.0894 0008894 315.8507  44.2028 15.37639239119808 | 2019/09/04-14:55:34   83.1935    0.1246   44.2739   93.6501     6831.2294     6825.1537     6837.3051 -54.327159  80.272864   0.000155   0.000876
1 42853U 17042AE  19248.72823822  .00003768  00000-0  10389-3 0  9992 | 2 42853  96.9288 125.1336 0008812 311.2121  48.8364 15.37648376119977 | 2019/09/05-17:28:39  121.5171    0.1246   48.9125   93.6495     6831.2024     6825.1827     6837.2220 -55.781065  79.269572   0.000208   0.000856
1 42853U 17042AE  19249.89962189 +.00003453 +00000-0 +95365-4 0  9990 | 2 42853 096.9288 126.2393 0008715 306.1737 053.8702 15.37656180120156 | 2019/09/06-21:35:27  183.2687    0.1246   53.9509   93.6490     6831.1793     6825.2259     6837.1326 -57.300336  78.178410   0.000263   0.000831
1 42853U 17042AE  19251.20115186  .00003191  00000-0  88244-4 0  9992 | 2 42853  96.9288 127.4677 0008608 300.5312  59.5083 15.37664983120359 | 2019/09/08-04:49:39  291.8783    0.1245   59.5933   93.6485     6831.1532     6825.2729     6837.0335 -58.963154  76.932039   0.000322   0.000798
1 42853U 17042AE  19252.50267471  .00003488  00000-0  96255-4 0  9991 | 2 42853  96.9287 128.6961 0008524 294.8569  65.1790 15.37674350120552 | 2019/09/09-12:03:51   40.4846    0.1246   65.2677   93.6479     6831.1255     6825.3026     6836.9483 -60.598809  75.650230   0.000380   0.000763
1 42853U 17042AE  19253.60896274 +.00003355 +00000-0 +92644-4 0  9993 | 2 42853 096.9285 129.7401 0008460 290.0720 069.9615 15.37682194120729 | 2019/09/10-14:36:54   78.7971    0.1246   70.0526   93.6474     6831.1022     6825.3231     6836.8813 -61.966986  74.533394   0.000425   0.000731
1 42853U 17042AE  19254.71524520  .00002971  00000-0  82237-4 0  9998 | 2 42853  96.9283 130.7842 0008391 285.2347  74.7971 15.37689275120896 | 2019/09/11-17:09:57  117.1068    0.1246   74.8899   93.6470     6831.0813     6825.3493     6836.8132 -63.314712  73.391706   0.000469   0.000696
1 42853U 17042AE  19256.14689775  .00002808  00000-0  77815-4 0  9996 | 2 42853  96.9278 132.1352 0008332 278.7355  81.2947 15.37698250121118 | 2019/09/13-03:31:31  272.5634    0.1246   81.3891   93.6465     6831.0547     6825.3630     6836.7463 -65.027148  71.878150   0.000526   0.000646
1 42853U 17042AE  19257.38331959  .00002893  00000-0  80088-4 0  9991 | 2 42853  96.9272 133.3019 0008308 273.2443  86.7853 15.37705243121304 | 2019/09/14-09:11:58  357.7279    0.1247   86.8804   93.6460     6831.0340     6825.3587     6836.7092 -66.476792  70.538771   0.000571   0.000603
1 42853U 17042AE  19258.68481006  .00002791  00000-0  77342-4 0  9990 | 2 42853  96.9269 134.5300 0008303 267.5583  92.4712 15.37712342121500 | 2019/09/15-16:26:07  106.3192    0.1246   92.5663   93.6456     6831.0129     6825.3411     6836.6847 -67.973151  69.097574   0.000616   0.000557
1 42853U 17042AE  19259.79107145  .00003252  00000-0  89734-4 0  9993 | 2 42853  96.9266 135.5738 0008286 262.6098  97.4206 15.37720501121677 | 2019/09/16-18:59:08  144.6190    0.1245   97.5147   93.6451     6830.9888     6825.3286     6836.6489 -69.220390  67.847649   0.000651   0.000512
1 42853U 17042AE  19260.89732901 +.00003009 +00000-0 +83183-4 0  9992 | 2 42853 096.9264 136.6178 0008302 257.6036 102.4281 15.37726051121845 | 2019/09/17-21:32:09  182.9168    0.1246  102.5210   93.6448     6830.9723     6825.3013     6836.6434 -70.444953  66.575037   0.000686   0.000467
1 42853U 17042AE  19262.39402187  .00002826  00000-0  78219-4 0  9999 | 2 42853  96.9261 138.0300 0008341 250.9648 109.0694 15.37734829122072 | 2019/09/19-09:27:23    1.7868    0.1245  109.1597   93.6442     6830.9463     6825.2487     6836.6440 -72.064078  64.818496   0.000730   0.000404
1 42853U 17042AE  19263.43519470  .00002844  00000-0  78684-4 0  9995 | 2 42853  96.9261 139.0125 0008373 246.3730 113.6638 15.37741063122239 | 2019/09/20-10:26:40   16.6501    0.1246  113.7516   93.6439     6830.9279     6825.2083     6836.6474 -73.164928  63.573282   0.000756   0.000359
1 42853U 17042AE  19264.73665575  .00002748  00000-0  76088-4 0  9996 | 2 42853  96.9261 140.2407 0008428 240.5027 119.5379 15.37748157122432 | 2019/09/21-17:40:47  125.2269    0.1246  119.6219   93.6434     6830.9069     6825.1498     6836.6640 -74.510779  61.990424   0.000788   0.000299
1 42853U 17042AE  19265.84289281  .00003010  00000-0  83117-4 0  9999 | 2 42853  96.9261 141.2847 0008489 235.6789 124.3655 15.37755028122603 | 2019/09/22-20:13:45  163.5148    0.1246  124.4457   93.6430     6830.8865     6825.0878     6836.6853 -75.627890  60.622530   0.000812   0.000248
1 42853U 17042AE  19266.88405277 +.00003578 +00000-0 +98394-4 0  9991 | 2 42853 096.9260 142.2671 0008520 231.1609 128.8877 15.37762704122767 | 2019/09/23-21:13:02  178.3720    0.1245  128.9636   93.6425     6830.8638     6825.0439     6836.6837 -76.656084  59.316897   0.000829   0.000198
1 42853U 17042AE  19268.12042358  .00003757  00000-0  10318-3 0  9995 | 2 42853  96.9258 143.4337 0008610 225.7964 134.2576 15.37771468122954 | 2019/09/25-02:53:24  263.5121    0.1246  134.3282   93.6420     6830.8378     6824.9565     6836.7192 -77.847703  57.743795   0.000850   0.000138
1 42853U 17042AE  19269.16157345  .00003737  00000-0  10264-3 0  9991 | 2 42853  96.9256 144.4160 0008694 221.4282 138.6306 15.37778092123113 | 2019/09/26-03:52:39  278.3652    0.1246  138.6964   93.6416     6830.8182     6824.8795     6836.7569 -78.826032  56.400608   0.000865   0.000089
1 42853U 17042AE  19270.46300494  .00004048  00000-0  11097-3 0  9992 | 2 42853  96.9253 145.6440 0008811 216.0044 144.0609 15.37787115123316 | 2019/09/27-11:06:43   26.9288    0.1245  144.1201   93.6410     6830.7915     6824.7729     6836.8101 -80.016402  54.698164   0.000881   0.000025
1 42853U 17042AE  19271.69935422  .00006195  00000-0  16864-3 0  9995 | 2 42853  96.9248 146.8105 0008948 210.8587 149.2134 15.37801776123507 | 2019/09/28-16:47:04  112.0598    0.1245  149.2658   93.6402     6830.7481     6824.6359     6836.8602 -81.112938  53.057592   0.000894  -0.000036
1 42853U 17042AE  19272.74048344  .00004987  00000-0  13613-3 0  9996 | 2 42853  96.9244 147.7928 0009046 206.6803 153.3979 15.37809115123665 | 2019/09/29-17:46:17  126.9041    0.1246  153.4443   93.6397     6830.7264     6824.5473     6836.9054 -82.010274  51.659019   0.000900  -0.000087
1 42853U 17042AE  19274.10695248  .00004926  00000-0  13442-3 0  9992 | 2 42853  96.9238 149.0821 0009197 201.0815 159.0053 15.37824864123871 | 2019/10/01-02:34:00  258.8819    0.1245  159.0430   93.6388     6830.6797     6824.3975     6836.9619 -83.151357  49.800350   0.000906  -0.000157
1 42853U 17042AE  19275.14806328  .00004746  00000-0  12951-3 0  9994 | 2 42853  96.9236 150.0644 0009299 196.8707 163.2231 15.37835936124034 | 2019/10/02-03:33:12  273.7187    0.1245  163.2538   93.6381     6830.6469     6824.2951     6836.9988 -83.992717  48.367423   0.000906  -0.000210
1 42853U 17042AE  19276.25423643  .00004237  00000-0  11580-3 0  9994 | 2 42853  96.9236 151.1080 0009404 192.5750 167.5263 15.37845434124204 | 2019/10/03-06:06:06  311.9802    0.1245  167.5495   93.6375     6830.6188     6824.1953     6837.0423 -84.859713  46.829620   0.000903  -0.000264
1 42853U 17042AE  19277.42547191  .00003808  00000-0  10425-3 0  9999 | 2 42853  96.9235 152.2131 0009528 188.0911 172.0182 15.37854244124387 | 2019/10/04-10:12:40   13.6663    0.1244  172.0333   93.6370     6830.5927     6824.0845     6837.1009 -85.747017  45.184222   0.000897  -0.000321
1 42853U 17042AE  19278.72683677  .00003825  00000-0  10466-3 0  9997 | 2 42853  96.9235 153.4409 0009685 183.1155 177.0033 15.37864365124585 | 2019/10/05-17:26:38  122.2030    0.1246  177.0091   93.6363     6830.5628     6823.9474     6837.1782 -86.695516  43.336502   0.000889  -0.000385
1 42853U 17042AE  19279.89805798 +.00003803 +00000-0 +10406-3 0  9996 | 2 42853 096.9235 154.5459 0009839 178.8227 181.3044 15.37873195124765 | 2019/10/06-21:33:12  183.8838    0.1245  181.3018   93.6358     6830.5366     6823.8160     6837.2572 -87.515124  41.656547   0.000880  -0.000441
1 42853U 17042AE  19281.45967500  .00003508  00000-0  96085-4 0  9991 | 2 42853  96.9234 156.0193 0010043 173.1381 187.0005 15.37884932125003 | 2019/10/08-11:01:55   26.1202    0.1246  186.9865   93.6351     6830.5019     6823.6420     6837.3617 -88.557206  39.392470   0.000862  -0.000515
1 42853U 17042AE  19282.69594656  .00004131  00000-0  11275-3 0  9996 | 2 42853  96.9233 157.1855 0010192 168.7166 191.4311 15.37896162125192 | 2019/10/09-16:42:09  111.2212    0.1246  191.4080   93.6344     6830.4686     6823.5070     6837.4302 -89.340511  37.581900   0.000844  -0.000571
1 42853U 17042AE  19283.86714250 +.00004444 +00000-0 +12108-3 0  9993 | 2 42853 096.9231 158.2904 0010332 164.4953 195.6611 15.37907203125378 | 2019/10/10-20:48:41  172.8925    0.1245  195.6292   93.6337     6830.4359     6823.3787     6837.4931 -90.048403  35.852090   0.000823  -0.000625
1 42853U 17042AE  19284.90819906 +.00004363 +00000-0 +11887-3 0  9996 | 2 42853 096.9229 159.2724 0010455 160.7948 199.3694 15.37916262125530 | 2019/10/11-21:47:48  187.7092    0.1245  199.3297   93.6332     6830.4091     6823.2679     6837.5503 -90.649434  34.303478   0.000802  -0.000671
1 42853U 17042AE  19286.33964188  .00003821  00000-0  10432-3 0  9991 | 2 42853  96.9223 160.6227 0010608 155.7686 204.4061 15.37927601125750 | 2019/10/13-08:09:05  343.0787    0.1245  204.3559   93.6325     6830.3755     6823.1299     6837.6212 -91.432057  32.157599   0.000768  -0.000732
1 42853U 17042AE  19287.44575015  .00003609  00000-0  98616-4 0  9996 | 2 42853  96.9220 161.6661 0010738 152.0328 208.1498 15.37935389125923 | 2019/10/14-10:41:52   21.3166    0.1246  208.0918   93.6320     6830.3525     6823.0180     6837.6869 -92.002194  30.487217   0.000742  -0.000776
1 42853U 17042AE  19288.87717563  .00003604  00000-0  98435-4 0  9994 | 2 42853  96.9215 163.0165 0010890 147.2753 212.9169 15.37945910126143 | 2019/10/15-21:03:07  176.6807    0.1245  212.8492   93.6314     6830.3213     6822.8831     6837.7595 -92.694648  28.310411   0.000704  -0.000831
1 42853U 17042AE  19290.11339863  .00003641  00000-0  99391-4 0  9990 | 2 42853  96.9212 164.1826 0011006 143.0830 217.1176 15.37955346126336 | 2019/10/17-02:43:17  261.7649    0.1246  217.0416   93.6308     6830.2934     6822.7759     6837.8108 -93.251304  26.418049   0.000666  -0.000876
1 42853U 17042AE  19292.45569525  .00003645  00000-0  99440-4 0  9998 | 2 42853  96.9208 166.3923 0011239 135.5981 224.6168 15.37972793126692 | 2019/10/19-10:56:12   25.0764    0.1245  224.5264   93.6297     6830.2417     6822.5652     6837.9182 -94.200174  22.802822   0.000595  -0.000953
1 42853U 17042AE  19293.49670697  .00004081  00000-0  11106-3 0  9993 | 2 42853  96.9209 167.3744 0011333 132.3032 227.9177 15.37981956126857 | 2019/10/20-11:55:15   39.8786    0.1246  227.8214   93.6292     6830.2146     6822.4739     6837.9553 -94.577275  21.184899   0.000561  -0.000985
1 42853U 17042AE  19294.73290138 +.00004149 +00000-0 +11282-3 0  9999 | 2 42853 096.9209 168.5404 0011460 128.2881 231.9397 15.37991830127043 | 2019/10/21-17:35:22  124.9541    0.1245  231.8364   93.6286     6830.1853     6822.3580     6838.0127 -94.988786  19.255947   0.000517  -0.001023
1 42853U 17042AE  19295.83896360 +.00003652 +00000-0 +99542-4 0  9994 | 2 42853 096.9210 169.5837 0011550 124.6031 235.6306 15.37999002127212 | 2019/10/22-20:08:06  163.1775    0.1245  235.5214   93.6281     6830.1641     6822.2753     6838.0530 -95.323749  17.523215   0.000473  -0.001054
1 42853U 17042AE  19297.20526817  .00003703  00000-0  10086-3 0  9996 | 2 42853  96.9210 170.8725 0011641 120.2462 239.9939 15.38008783127424 | 2019/10/24-04:55:35  295.0987    0.1247  239.8785   93.6276     6830.1352     6822.1842     6838.0861 -95.693765  15.374770   0.000419  -0.001086
1 42853U 17042AE  19298.44143843  .00006908  00000-0  18626-3 0  9995 | 2 42853  96.9209 172.0385 0011715 116.3438 243.9013 15.38026341127618 | 2019/10/25-10:35:40   20.1674    0.1246  243.7808   93.6265     6830.0832     6822.0817     6838.0846 -95.986715  13.424287   0.000369  -0.001112
1 42853U 17042AE  19299.61253458  .00007580  00000-0  20407-3 0  9996 | 2 42853  96.9206 173.1431 0011804 112.7399 247.5096 15.38041967127795 | 2019/10/26-14:42:02   81.8073    0.1246  247.3847   93.6255     6830.0369     6821.9747     6838.0991 -96.227369  11.571352   0.000323  -0.001135
1 42853U 17042AE  19300.71855561  .00007345  00000-0  19768-3 0  9990 | 2 42853  96.9201 174.1864 0011852 109.3706 250.8823 15.38059560127960 | 2019/10/27-17:14:43  120.0183    0.1246  250.7540   93.6245     6829.9848     6821.8899     6838.0797 -96.421610   9.817274   0.000278  -0.001152
1 42853U 17042AE  19301.88962553 +.00005415 +00000-0 +14624-3 0  9991 | 2 42853 096.9197 175.2910 0011913 105.7462 254.5099 15.38072521128144 | 2019/10/28-21:21:03  181.6499    0.1246  254.3784   93.6237     6829.9465     6821.8099     6838.0830 -96.592548   7.956628   0.000228  -0.001169
1 42853U 17042AE  19303.19080254  .00004965  00000-0  13419-3 0  9996 | 2 42853  96.9191 176.5185 0011967 101.8122 258.4467 15.38086274128349 | 2019/10/30-04:34:45  290.1259    0.1246  258.3124   93.6228     6829.9057     6821.7324     6838.0791 -96.740232   5.885534   0.000173  -0.001184
1 42853U 17042AE  19304.29679266  .00006218  00000-0  16744-3 0  9992 | 2 42853  96.9189 177.5617 0012008  98.3496 261.9112 15.38101628128514 | 2019/10/31-07:07:22  328.3273    0.1246  261.7750   93.6219     6829.8603     6821.6590     6838.0616 -96.831151   4.123271   0.000124  -0.001194
1 42853U 17042AE  19305.72805996  .00005127  00000-0  13835-3 0  9998 | 2 42853  96.9187 178.9118 0012052  93.9089 266.3535 15.38116654128738 | 2019/11/01-17:28:24  123.6426    0.1246  266.2157   93.6210     6829.8158     6821.5845     6838.0471 -96.901220   1.840635   0.000059  -0.001204
1 42853U 17042AE  19306.76897386  .00004226  00000-0  11437-3 0  9992 | 2 42853  96.9187 179.8937 0012064  90.7245 269.5384 15.38125041128893 | 2019/11/02-18:27:19  138.4151    0.1247  269.4002   93.6205     6829.7910     6821.5515     6838.0304 -96.918533   0.179812   0.000013  -0.001206
1 42853U 17042AE  19307.80988211  .00003987  00000-0  10799-3 0  9999 | 2 42853  96.9188 180.8756 0012070  87.6171 272.6457 15.38133116129052 | 2019/11/03-19:26:13  153.1863    0.1246  272.5075   93.6200     6829.7671     6821.5236     6838.0106 -96.907483  -1.481065  -0.000032  -0.001207
1 42853U 17042AE  19308.85078479 +.00004088 +00000-0 +11063-3 0  9999 | 2 42853 096.9188 181.8574 0012071 084.3993 275.8629 15.38141482129217 | 2019/11/04-20:25:07  167.9560    0.1246  275.7253   93.6195     6829.7423     6821.4981     6837.9865 -96.867878  -3.141339  -0.000079  -0.001205
1 42853U 17042AE  19309.89168186 +.00004495 +00000-0 +12143-3 0  9991 | 2 42853 096.9189 182.8392 0012061 081.2294 279.0318 15.38150519129375 | 2019/11/05-21:24:01  182.7241    0.1247  278.8953   93.6189     6829.7156     6821.4782     6837.9529 -96.799930  -4.800695  -0.000125  -0.001200
1 42853U 17042AE  19311.38796043 +.00004753 +00000-0 +12823-3 0  9999 | 2 42853 096.9188 184.2504 0012035 076.6495 283.6093 15.38163661129606 | 2019/11/07-09:18:39    1.4504    0.1247  283.4752   93.6181     6829.6767     6821.4571     6837.8962 -96.652241  -7.183181  -0.000190  -0.001188
1 42853U 17042AE  19312.88422648  .00004415  00000-0  11921-3 0  9995 | 2 42853  96.9187 185.6617 0011991  72.0968 288.1585 15.38175893129831 | 2019/11/08-21:13:17  180.1732    0.1247  288.0279   93.6174     6829.6405     6821.4510     6837.8299 -96.445905  -9.561473  -0.000254  -0.001172
1 42853U 17042AE  19314.18531755  .00004407  00000-0  11894-3 0  9990 | 2 42853  96.9185 186.8888 0011967  68.0770 292.1747 15.38186700130039 | 2019/11/10-04:26:51  288.6249    0.1246  292.0476   93.6167     6829.6085     6821.4355     6837.7815 -96.218827 -11.624674  -0.000310  -0.001156
1 42853U 17042AE  19315.42134605  .00004307  00000-0  11626-3 0  9993 | 2 42853  96.9181 188.0546 0011927  64.2873 295.9603 15.38196069130220 | 2019/11/11-10:06:44   13.6517    0.1246  295.8373   93.6162     6829.5807     6821.4351     6837.7264 -95.962002 -13.579846  -0.000362  -0.001137
1 42853U 17042AE  19316.78746954  .00005634  00000-0  15137-3 0  9994 | 2 42853  96.9177 189.3431 0011861  60.0378 300.2044 15.38212806130433 | 2019/11/12-18:53:57  145.5196    0.1246  300.0868   93.6151     6829.5312     6821.4307     6837.6317 -95.631977 -15.734213  -0.000418  -0.001110
1 42853U 17042AE  19317.82831690 +.00004988 +00000-0 +13421-3 0  9997 | 2 42853 096.9174 190.3248 0011792 056.8148 303.4227 15.38222822130593 | 2019/11/13-19:52:46  160.2736    0.1246  303.3098   93.6145     6829.5015     6821.4482     6837.5549 -95.348070 -17.370318  -0.000458  -0.001087
1 42853U 17042AE  19318.86915762 +.00004368 +00000-0 +11776-3 0  9998 | 2 42853 096.9171 191.3065 0011724 053.6264 306.6062 15.38231735130750 | 2019/11/14-20:51:35  175.0253    0.1247  306.4983   93.6140     6829.4752     6821.4683     6837.4820 -95.036174 -19.001314  -0.000497  -0.001062
1 42853U 17042AE  19320.17020092  .00004555  00000-0  12266-3 0  9991 | 2 42853  96.9169 192.5338 0011628  49.5223 310.7035 15.38243039130953 | 2019/11/16-04:05:05  283.4628    0.1247  310.6024   93.6133     6829.4417     6821.5004     6837.3830 -94.607191 -21.032471  -0.000545  -0.001027
1 42853U 17042AE  19321.40618343  .00004587  00000-0  12347-3 0  9995 | 2 42853  96.9167 193.6996 0011535  45.5981 314.6208 15.38253164131144 | 2019/11/17-09:44:54    8.4758    0.1247  314.5266   93.6127     6829.4117     6821.5340     6837.2895 -94.159495 -22.952914  -0.000589  -0.000992
1 42853U 17042AE  19322.77225980  .00004271  00000-0  11508-3 0  9995 | 2 42853  96.9168 194.9881 0011445  41.3398 318.8712 15.38263765131355 | 2019/11/18-18:32:03  140.3292    0.1246  318.7848   93.6120     6829.3804     6821.5641     6837.1966 -93.619648 -25.064470  -0.000635  -0.000952
1 42853U 17042AE  19324.20337587  .00004445  00000-0  11963-3 0  9990 | 2 42853  96.9169 196.3379 0011330  36.7236 323.4784 15.38276518131571 | 2019/11/20-04:52:51  295.6007    0.1246  323.4010   93.6113     6829.3426     6821.6050     6837.0803 -93.003340 -27.262873  -0.000681  -0.000906
1 42853U 17042AE  19325.76458139  .00005608  00000-0  15034-3 0  9994 | 2 42853  96.9170 197.8103 0011164  31.6753 328.5163 15.38291528131819 | 2019/11/21-18:20:59  137.7115    0.1247  328.4494   93.6103     6829.2982     6821.6740     6836.9224 -92.272197 -29.643660  -0.000725  -0.000849
1 42853U 17042AE  19327.39081862  .00006411  00000-0  17150-3 0  9994 | 2 42853  96.9170 199.3442 0010992  26.4487 333.7318 15.38309900132068 | 2019/11/23-09:22:46    3.2370    0.1247  333.6760   93.6092     6829.2438     6821.7371     6836.7505 -91.445619 -32.103017  -0.000766  -0.000788
1 42853U 17042AE  19328.56169398  .00006915  00000-0  18472-3 0  9992 | 2 42853  96.9168 200.4485 0010865  22.4993 337.6727 15.38327537132246 | 2019/11/24-13:28:50   64.8104    0.1246  337.6253   93.6082     6829.1916     6821.7717     6836.6115 -90.809742 -33.859369  -0.000795  -0.000740
1 42853U 17042AE  19329.73255721  .00006138  00000-0  16411-3 0  9996 | 2 42853  96.9166 201.5529 0010708  18.7814 341.3825 15.38342520132421 | 2019/11/25-17:34:52  126.3789    0.1247  341.3433   93.6072     6829.1473     6821.8346     6836.4599 -90.140074 -35.603292  -0.000816  -0.000693
1 42853U 17042AE  19330.77331622  .00004998  00000-0  13399-3 0  9991 | 2 42853  96.9162 202.5345 0010591  15.1686 344.9876 15.38352496132587 | 2019/11/26-18:33:34  141.1041    0.1247  344.9561   93.6066     6829.1177     6821.8850     6836.3505 -89.516545 -37.142132  -0.000838  -0.000648
1 42853U 17042AE  19331.81406871  .00004784  00000-0  12829-3 0  9996 | 2 42853  96.9159 203.5162 0010481  11.5644 348.5841 15.38362369132743 | 2019/11/27-19:32:15  155.8268    0.1247  348.5603   93.6060     6829.0885     6821.9310     6836.2461 -88.866772 -38.670253  -0.000858  -0.000602
1 42853U 17042AE  19332.91986182 +.00004433 +00000-0 +11899-3 0  9993 | 2 42853 096.9157 204.5592 0010365 007.8348 352.3058 15.38371383132917 | 2019/11/28-22:04:36  193.9672    0.1247  352.2899   93.6055     6829.0619     6821.9835     6836.1402 -88.147960 -40.281385  -0.000875  -0.000555
1 42853U 17042AE  19334.41592506  .00004397  00000-0  11802-3 0  9996 | 2 42853  96.9153 205.9704 0010186   2.5829 357.5468 15.38383393133142 | 2019/11/30-09:58:55   12.6242    0.1247  357.5418   93.6048     6829.0263     6822.0703     6835.9824 -87.128831 -42.439865  -0.000895  -0.000487
1 42853U 17042AE  19335.78188575  .00004047  00000-0  10874-3 0  9994 | 2 42853  96.9153 207.2587 0010011 357.6833   2.4365 15.38393531133352 | 2019/12/01-18:45:54  144.4380    0.1247    2.4414   93.6041     6828.9963     6822.1598     6835.8328 -86.152624 -44.388070  -0.000908  -0.000422
1 42853U 17042AE  19336.95270139 +.00004167 +00000-0 +11189-3 0  9995 | 2 42853 096.9153 208.3630 0009857 353.3544 006.7570 15.38403157133532 | 2019/12/02-22:51:53  205.9898    0.1247    6.7703   93.6036     6828.9678     6822.2365     6835.6991 -85.281155 -46.040200  -0.000916  -0.000365
1 42853U 17042AE  19338.90404614 +.00003951 +00000-0 +10616-3 0  9993 | 2 42853 096.9154 210.2035 0009615 346.1668 013.9314 15.38417438133839 | 2019/12/04-21:41:49  188.5699    0.1248   13.9580   93.6027     6828.9256     6822.3595     6835.4916 -83.758560 -48.755496  -0.000923  -0.000271
1 42853U 17042AE  19340.33502086  .00003533  00000-0  95115-4 0  9999 | 2 42853  96.9155 211.5531 0009442 340.7466  19.3422 15.38427147134052 | 2019/12/06-08:02:25  343.7911    0.1247   19.3781   93.6021     6828.8968     6822.4490     6835.3447 -82.587082 -50.714771  -0.000923  -0.000201
1 42853U 17042AE  19341.44076709  .00003961  00000-0  10635-3 0  9998 | 2 42853  96.9156 212.5960 0009302 336.6606  23.4217 15.38436401134225 | 2019/12/07-10:34:42   21.9132    0.1247   23.4641   93.6015     6828.8694     6822.5172     6835.2217 -81.650425 -52.209594  -0.000918  -0.000150
1 42853U 17042AE  19342.80668052  .00004079  00000-0  10942-3 0  9999 | 2 42853  96.9155 213.8842 0009156 331.3095  28.7647 15.38447279134431 | 2019/12/08-19:21:37  153.7082    0.1247   28.8152   93.6009     6828.8373     6822.5848     6835.0897 -80.455959 -54.031961  -0.000912  -0.000083
1 42853U 17042AE  19343.91241291 +.00004019 +00000-0 +10782-3 0  9990 | 2 42853 096.9153 214.9270 0009034 326.9770 033.0912 15.38455840134607 | 2019/12/09-21:53:52  191.8249    0.1248   33.1478   93.6003     6828.8119     6822.6428     6834.9811 -79.459126 -55.487139  -0.000903  -0.000030
1 42853U 17042AE  19344.95309608 +.00004274 +00000-0 +11450-3 0  9998 | 2 42853 096.9151 215.9086 0008920 322.7023 037.3603 15.38464957134769 | 2019/12/10-22:52:27  206.5206    0.1247   37.4224   93.5998     6828.7849     6822.6937     6834.8762 -78.496736 -56.840118  -0.000892   0.000022
1 42853U 17042AE  19346.38402535  .00004297  00000-0  11508-3 0  9999 | 2 42853  96.9146 217.2582 0008768 316.8380  43.2179 15.38477510134986 | 2019/12/12-09:12:59    1.7227    0.1248   43.2868   93.5990     6828.7478     6822.7603     6834.7352 -77.135819 -58.672865  -0.000872   0.000090
1 42853U 17042AE  19347.74990247  .00003978  00000-0  10664-3 0  9999 | 2 42853  96.9143 218.5465 0008656 311.2105  48.8395 15.38488391135191 | 2019/12/13-17:59:51  133.5023    0.1247   48.9142   93.5984     6828.7156     6822.8047     6834.6265 -75.796934 -60.392105  -0.000852   0.000154
1 42853U 17042AE  19349.11576995  .00004073  00000-0  10910-3 0  9993 | 2 42853  96.9140 219.8349 0008522 305.4757  54.5694 15.38499671135406 | 2019/12/15-02:46:42  265.2773    0.1247   54.6490   93.5977     6828.6822     6822.8628     6834.5016 -74.419628 -62.080933  -0.000824   0.000216
1 42853U 17042AE  19350.80683087  .00003870  00000-0  10374-3 0  9990 | 2 42853  96.9139 221.4300 0008395 298.2576  61.7822 15.38512600135665 | 2019/12/16-19:21:50  154.1363    0.1246   61.8670   93.5969     6828.6440     6822.9113     6834.3766 -72.662622 -64.128367  -0.000787   0.000291
1 42853U 17042AE  19352.10763678  .00003289  00000-0  88435-4 0  9998 | 2 42853  96.9140 222.6569 0008302 292.5777  67.4591 15.38521887135860 | 2019/12/18-02:34:59  262.4846    0.1247   67.5470   93.5963     6828.6165     6822.9474     6834.2856 -71.272932 -65.669571  -0.000754   0.000348
1 42853U 17042AE  19353.34339442  .00004794  00000-0  12792-3 0  9997 | 2 42853  96.9141 223.8225 0008242 287.1016  72.9327 15.38535056136055 | 2019/12/19-08:14:29  347.4123    0.1246   73.0230   93.5955     6828.5775     6822.9494     6834.2056 -69.922396 -67.105896  -0.000720   0.000401
1 42853U 17042AE  19354.38402438  .00004639  00000-0  12383-3 0  9992 | 2 42853  96.9142 224.8040 0008191 282.4283  77.6047 15.38544605136218 | 2019/12/20-09:12:59    2.0846    0.1247   77.6964   93.5949     6828.5493     6822.9560     6834.1425 -68.762713 -68.293861  -0.000689   0.000443
1 42853U 17042AE  19355.42464755  .00004452  00000-0  11887-3 0  9999 | 2 42853  96.9143 225.7855 0008148 277.7527  82.2794 15.38554754136377 | 2019/12/21-10:11:29   16.7540    0.1246   82.3719   93.5943     6828.5192     6822.9554     6834.0831 -67.582849 -69.461789  -0.000655   0.000484
1 42853U 17042AE  19356.72541809  .00003944  00000-0  10549-3 0  9998 | 2 42853  96.9144 227.0122 0008123 272.0657  87.9659 15.38565612136574 | 2019/12/22-17:24:36  125.0873    0.1246   88.0589   93.5937     6828.4871     6822.9403     6834.0339 -66.080368 -70.892777  -0.000614   0.000532
1 42853U 17042AE  19357.76602810  .00004268  00000-0  11397-3 0  9995 | 2 42853  96.9142 227.9937 0008083 267.3230  92.7092 15.38574923136732 | 2019/12/23-18:23:04  139.7505    0.1247   92.8017   93.5931     6828.4596     6822.9401     6833.9790 -64.856176 -72.014155  -0.000575   0.000568
1 42853U 17042AE  19358.87167013  .00004085  00000-0  10915-3 0  9991 | 2 42853  96.9141 229.0367 0008082 262.3931  97.6398 15.38583641136902 | 2019/12/24-20:55:12  177.8277    0.1247   97.7316   93.5926     6828.4338     6822.9150     6833.9525 -63.534507 -73.182711  -0.000535   0.000606
1 42853U 17042AE  19359.91226864 +.00004207 +00000-0 +11232-3 0  9996 | 2 42853 096.9138 230.0181 0008086 257.8163 102.2178 15.38592341137068 | 2019/12/25-21:53:40  192.4862    0.1246  102.3083   93.5920     6828.4080     6822.8866     6833.9295 -62.271534 -74.259954  -0.000496   0.000639
1 42853U 17042AE  19361.14797214  .00004337  00000-0  11568-3 0  9992 | 2 42853  96.9134 231.1837 0008123 252.2251 107.8110 15.38602554137259 | 2019/12/27-03:33:04  277.3898    0.1247  107.8996   93.5914     6828.3778     6822.8311     6833.9245 -60.747790 -75.511013  -0.000447   0.000678
1 42853U 17042AE  19362.38366779  .00004107  00000-0  10961-3 0  9998 | 2 42853  96.9131 232.3493 0008147 246.7506 113.2884 15.38611865137449 | 2019/12/28-09:12:28    2.2897    0.1247  113.3741   93.5909     6828.3503     6822.7872     6833.9133 -59.198980 -76.730891  -0.000396   0.000712
1 42853U 17042AE  19363.74942786  .00003867  00000-0  10330-3 0  9999 | 2 42853  96.9129 233.6375 0008210 240.7543 119.2883 15.38622211137650 | 2019/12/29-17:59:10  134.0177    0.1246  119.3703   93.5902     6828.3196     6822.7136     6833.9257 -57.458879 -78.042216  -0.000339   0.000748
1 42853U 17042AE  19364.92007255 +.00004165 +00000-0 +11105-3 0  9996 | 2 42853 096.9128 234.7417 0008261 235.6023 124.4443 15.38631390137838 | 2019/12/30-22:04:54  195.4955    0.1246  124.5223   93.5897     6828.2925     6822.6516     6833.9333 -55.944221 -79.134916  -0.000287   0.000775
1 42853U 17042AE  20001.15574616  .00004339  00000-0  11559-3 0  9997 | 2 42853  96.9128 235.9072 0008333 230.0749 129.9766 15.38640769138022 | 2020/01/01-03:44:16  280.3855    0.1246  130.0497   93.5891     6828.2647     6822.5747     6833.9547 -54.323010 -80.256473  -0.000229   0.000801
1 42853U 17042AE  20002.39141265  .00003706  00000-0  98988-4 0  9993 | 2 42853  96.9129 237.0726 0008409 224.8584 135.1983 15.38648363138213 | 2020/01/02-09:23:38    5.2728    0.1245  135.2661   93.5886     6828.2423     6822.5004     6833.9841 -52.679518 -81.344813  -0.000174   0.000823
1 42853U 17042AE  20003.69210621  .00004258  00000-0  11339-3 0  9997 | 2 42853  96.9131 238.2993 0008521 219.3765 140.6863 15.38659296138417 | 2020/01/03-16:36:37  113.5717    0.1246  140.7481   93.5880     6828.2099     6822.3916     6834.0282 -50.926094 -82.454120  -0.000114   0.000844
1 42853U 17042AE  20004.92775722 +.00004316 +00000-0 +11485-3 0  9999 | 2 42853 096.9132 239.4647 0008640 214.2050 145.8641 15.38668988138600 | 2020/01/04-22:15:58  198.4522    0.1246  145.9196   93.5874     6828.1813     6822.2817     6834.0808 -49.238604 -83.472919  -0.000055   0.000862
1 42853U 17042AE  20006.16339749  .00005091  00000-0  13505-3 0  9998 | 2 42853  96.9133 240.6301 0008753 209.0134 151.0627 15.38682932138790 | 2020/01/06-03:55:17  283.3282    0.1246  151.1112   93.5865     6828.1400     6822.1633     6834.1167 -47.530740 -84.457187   0.000005   0.000875
1 42853U 17042AE  20007.39902666  .00005108  00000-0  13545-3 0  9991 | 2 42853  96.9133 241.7955 0008867 204.0124 156.0710 15.38696808138983 | 2020/01/07-09:34:35    8.1999    0.1246  156.1122   93.5857     6828.0989     6822.0445     6834.1534 -45.803162 -85.406429   0.000065   0.000884
1 42853U 17042AE  20008.43954959  .00004448  00000-0  11817-3 0  9995 | 2 42853  96.9131 242.7770 0008988 199.8123 160.2776 15.38705533139145 | 2020/01/08-10:32:57   22.8258    0.1246  160.3123   93.5852     6828.0731     6821.9361     6834.2102 -44.333375 -86.178308   0.000116   0.000891
1 42853U 17042AE  20009.67516147 +.00005206 +00000-0 +13788-3 0  9997 | 2 42853 096.9127 243.9425 0009102 195.0409 165.0568 15.38719201139334 | 2020/01/09-16:12:13  107.6906    0.1246  165.0837   93.5843     6828.0327     6821.8178     6834.2476 -42.571125 -87.061879   0.000174   0.000893
1 42853U 17042AE  20010.78069993  .00005455  00000-0  14433-3 0  9997 | 2 42853  96.9125 244.9854 0009214 190.7491 169.3560 15.38731254139506 | 2020/01/10-18:44:12  145.7239    0.1246  169.3755   93.5836     6827.9970     6821.7057     6834.2884 -40.979372 -87.822114   0.000227   0.000893
1 42853U 17042AE  20012.14635340  .00005072  00000-0  13428-3 0  9992 | 2 42853  96.9120 246.2735 0009365 185.5290 174.5855 15.38745375139717 | 2020/01/12-03:30:44  277.4077    0.1246  174.5956   93.5827     6827.9553     6821.5609     6834.3497 -38.994601 -88.720667   0.000292   0.000890
1 42853U 17042AE  20013.38193542  .00004191  00000-0  11126-3 0  9996 | 2 42853  96.9118 247.4390 0009529 180.8386 179.2846 15.38754707139902 | 2020/01/13-09:09:59    2.2608    0.1246  179.2860   93.5822     6827.9277     6821.4213     6834.4340 -37.181843 -89.495294   0.000353   0.000885
1 42853U 17042AE  20014.87762993 +.00004129 +00000-0 +10960-3 0  9999 | 2 42853 096.9117 248.8499 0009708 175.3721 184.7617 15.38766473140134 | 2020/01/14-21:03:47  180.7636    0.1246  184.7525   93.5815     6827.8929     6821.2643     6834.5214 -34.966948 -90.383572   0.000422   0.000874
1 42853U 17042AE  20016.11319534  .00003576  00000-0  95149-4 0  9995 | 2 42853  96.9118 250.0153 0009844 170.8694 189.2733 15.38774641140323 | 2020/01/16-02:43:00  265.6107    0.1245  189.2551   93.5810     6827.8687     6821.1473     6834.5901 -33.121468 -91.076151   0.000479   0.000860
1 42853U 17042AE  20017.34875376  .00003571  00000-0  94984-4 0  9993 | 2 42853  96.9119 251.1806 0009992 166.3874 193.7644 15.38783646140512 | 2020/01/17-08:22:12  350.4551    0.1246  193.7372   93.5804     6827.8421     6821.0197     6834.6644 -31.262442 -91.730998   0.000536   0.000843
1 42853U 17042AE  20018.58430524 +.00003448 +00000-0 +91736-4 0  9997 | 2 42853 096.9121 252.3459 0010127 161.9876 198.1732 15.38792294140704 | 2020/01/18-14:01:23   75.2972    0.1246  198.1370   93.5799     6827.8165     6820.9019     6834.7310 -29.390511 -92.347999   0.000590   0.000823
1 42853U 17042AE  20019.81985051  .00003894  00000-0  10332-3 0  9991 | 2 42853  96.9122 253.5112 0010278 157.7303 202.4392 15.38801147140898 | 2020/01/19-19:40:35  160.1373    0.1246  202.3943   93.5793     6827.7903     6820.7727     6834.8079 -27.506387 -92.926709   0.000643   0.000801
1 42853U 17042AE  20021.18544507  .00004156  00000-0  11010-3 0  9997 | 2 42853  96.9121 254.7993 0010420 153.1111 207.0678 15.38811671141109 | 2020/01/21-04:27:02  291.7998    0.1246  207.0135   93.5787     6827.7592     6820.6446     6834.8737 -25.410446 -93.521465   0.000698   0.000773
1 42853U 17042AE  20022.29092101  .00003839  00000-0  10183-3 0  9995 | 2 42853  96.9120 255.8420 0010540 149.3977 210.7886 15.38817742141270 | 2020/01/22-06:58:55  329.8107    0.1245  210.7268   93.5783     6827.7412     6820.5448     6834.9376 -23.704353 -93.968289   0.000742   0.000748
1 42853U 17042AE  20023.39639044  .00004360  00000-0  11534-3 0  9991 | 2 42853  96.9118 256.8848 0010673 145.7902 214.4034 15.38826554141443 | 2020/01/23-09:30:48    7.8192    0.1246  214.3344   93.5778     6827.7151     6820.4279     6835.0024 -21.990226 -94.383934   0.000785   0.000723
1 42853U 17042AE  20024.56688165 +.00003665 +00000-0 +97252-4 0  9998 | 2 42853 096.9115 257.9888 0010777 141.7595 218.4418 15.38833547141625 | 2020/01/24-13:36:18   69.2380    0.1246  218.3651   93.5774     6827.6945     6820.3362     6835.0527 -20.167563 -94.789811   0.000829   0.000689
1 42853U 17042AE  20025.60731187 +.00003404 +00000-0 +90447-4 0  9997 | 2 42853 096.9112 258.9702 0010867 138.3065 221.9012 15.38841213141787 | 2020/01/25-14:34:31   83.8306    0.1246  221.8181   93.5769     6827.6718     6820.2521     6835.0914 -18.541004 -95.121038   0.000865   0.000658
1 42853U 17042AE  20027.10292118  .00003327  00000-0  88394-4 0  9992 | 2 42853  96.9109 260.3809 0011015 133.4703 226.7462 15.38852203142019 | 2020/01/27-02:28:12  262.3046    0.1247  226.6544   93.5762     6827.6393     6820.1186     6835.1599 -16.193562 -95.548370   0.000915   0.000614
1 42853U 17042AE  20028.33841808  .00003363  00000-0  89314-4 0  9997 | 2 42853  96.9108 261.5461 0011097 129.4477 230.7753 15.38860208142201 | 2020/01/28-08:07:19  347.1295    0.1246  230.6769   93.5758     6827.6156     6820.0390     6835.1922 -14.247206 -95.857813   0.000951   0.000571
1 42853U 17042AE  20029.37882971  .00004459  00000-0  11773-3 0  9998 | 2 42853  96.9105 262.5275 0011203 126.2225 234.0059 15.38870258142366 | 2020/01/29-09:05:30    1.7164    0.1246  233.9021   93.5751     6827.5859     6819.9369     6835.2348 -12.603241 -96.087477   0.000982   0.000539
1 42853U 17042AE  20030.41923563  .00004289  00000-0  11328-3 0  9995 | 2 42853  96.9105 263.5088 0011276 122.9617 237.2715 15.38878400142526 | 2020/01/30-10:03:41   16.3019    0.1246  237.1629   93.5746     6827.5618     6819.8630     6835.2605 -10.955791 -96.289229   0.001009   0.000503
1 42853U 17042AE  20031.91480607 +.00004732 +00000-0 +12472-3 0  9992 | 2 42853 096.9106 264.9193 0011373 118.2488 241.9908 15.38894036142755 | 2020/01/31-21:57:19  194.7644    0.1246  241.8758   93.5737     6827.5155     6819.7506     6835.2805  -8.582284 -96.529834   0.001046   0.000447
1 42853U 17042AE  20033.15026545  .00005031  00000-0  13240-3 0  9994 | 2 42853  96.9107 266.0844 0011456 114.2652 245.9792 15.38907956142945 | 2020/02/02-03:36:22  279.5777    0.1246  245.8594   93.5728     6827.4744     6819.6528     6835.2959  -6.617734 -96.684484   0.001074   0.000398
1 42853U 17042AE  20034.45073862  .00004795  00000-0  12624-3 0  9993 | 2 42853  96.9108 267.3108 0011539 110.1907 250.0581 15.38920192143146 | 2020/02/03-10:49:03   27.7990    0.1246  249.9339   93.5721     6827.4382     6819.5600     6835.3164  -4.546877 -96.804076   0.001100   0.000347
1 42853U 17042AE  20035.75120194  .00004649  00000-0  12239-3 0  9998 | 2 42853  96.9109 268.5373 0011582 106.2077 254.0445 15.38931801143340 | 2020/02/04-18:01:43  136.0177    0.1246  253.9169   93.5714     6827.4038     6819.4963     6835.3113  -2.473763 -96.879322   0.001120   0.000295
1 42853U 17042AE  20037.37676751 +.00004283 +00000-0 +11287-3 0  9999 | 2 42853 096.9108 270.0705 0011641 101.2359 259.0197 15.38944997143596 | 2020/02/06-09:02:32    1.2869    0.1247  258.8888   93.5706     6827.3648     6819.4171     6835.3125   0.119245 -96.910727   0.001142   0.000228
1 42853U 17042AE  20038.80725036  .00005534  00000-0  14516-3 0  9997 | 2 42853  96.9105 271.4198 0011671  96.7685 263.4891 15.38962062143815 | 2020/02/07-19:22:26  156.3194    0.1247  263.3562   93.5696     6827.3143     6819.3462     6835.2825   2.401214 -96.880747   0.001155   0.000166
1 42853U 17042AE  20040.10767722  .00005082  00000-0  13341-3 0  9994 | 2 42853  96.9101 272.6466 0011700  92.7757 267.4829 15.38974777144015 | 2020/02/09-02:35:03  264.5270    0.1247  267.3490   93.5688     6827.2767     6819.2888     6835.2646   4.474868 -96.806730   0.001165   0.000111
1 42853U 17042AE  20041.40809326  .00004574  00000-0  12023-3 0  9996 | 2 42853  96.9096 273.8732 0011727  88.8131 271.4459 15.38986572144210 | 2020/02/10-09:47:39   12.7316    0.1247  271.3116   93.5681     6827.2418     6819.2355     6835.2482   6.546110 -96.688257   0.001171   0.000055
1 42853U 17042AE  20042.44841890  .00004591  00000-0  12064-3 0  9997 | 2 42853  96.9093 274.8545 0011729  85.6489 274.6097 15.38996155144371 | 2020/02/11-10:45:43   27.2933    0.1246  274.4757   93.5675     6827.2135     6819.2059     6835.2211   8.201015 -96.561668   0.001173   0.000010
1 42853U 17042AE  20043.74881803  .00004169  00000-0  10969-3 0  9992 | 2 42853  96.9092 276.0809 0011707  81.6920 278.5654 15.39006055144575 | 2020/02/12-17:58:17  135.4935    0.1247  278.4327   93.5669     6827.1842     6819.1916     6835.1768  10.265843 -96.363922   0.001170  -0.000045
1 42853U 17042AE  20044.78913190  .00003603  00000-0  95042-4 0  9990 | 2 42853  96.9092 277.0620 0011691  78.5208 281.7351 15.39012389144738 | 2020/02/13-18:56:20  150.0523    0.1247  281.6039   93.5665     6827.1655     6819.1839     6835.1471  11.914338 -96.174017   0.001166  -0.000090
1 42853U 17042AE  20046.15453648  .00003532  00000-0  93181-4 0  9993 | 2 42853  96.9092 278.3497 0011675  74.4079 285.8455 15.39021599144943 | 2020/02/15-03:42:31  281.6585    0.1246  285.7167   93.5659     6827.1383     6819.1676     6835.1089  14.072620 -95.881982   0.001158  -0.000147
1 42853U 17042AE  20047.38989583 +.00003616 +00000-0 +95327-4 0  9998 | 2 42853 096.9094 279.5147 0011644 070.4949 289.7554 15.39030052145137 | 2020/02/16-09:21:26    6.4436    0.1247  289.6298   93.5654     6827.1133     6819.1638     6835.0628  16.019186 -95.576239   0.001147  -0.000202
1 42853U 17042AE  20048.75528489  .00004211  00000-0  11067-3 0  9994 | 2 42853  96.9095 280.8023 0011612  66.3641 293.8824 15.39040152145345 | 2020/02/17-18:07:36  138.0457    0.1248  293.7607   93.5648     6827.0834     6819.1558     6835.0110  18.162851 -95.192237   0.001132  -0.000258
1 42853U 17042AE  20049.86059160 +.00005217 +00000-0 +13658-3 0  9997 | 2 42853 096.9096 281.8448 0011549 062.9911 297.2514 15.39051639145514 | 2020/02/18-20:39:15  176.0071    0.1248  297.1337   93.5641     6827.0494     6819.1649     6834.9340  19.891798 -94.846123   0.001115  -0.000302
1 42853U 17042AE  20051.35598834  .00006218  00000-0  16229-3 0  9999 | 2 42853  96.9094 283.2553 0011459  58.3335 301.9027 15.39073532145747 | 2020/02/20-08:32:37  354.4196    0.1246  301.7911   93.5628     6826.9847     6819.1616     6834.8077  22.220398 -94.327545   0.001087  -0.000362
1 42853U 17042AE  20052.39625273  .00006175  00000-0  16111-3 0  9994 | 2 42853  96.9092 284.2365 0011411  55.1766 305.0553 15.39087019145900 | 2020/02/21-09:30:36    8.9632    0.1248  304.9482   93.5620     6826.9448     6819.1546     6834.7350  23.832387 -93.933010   0.001068  -0.000401
1 42853U 17042AE  20053.43650922  .00005762  00000-0  15041-3 0  9991 | 2 42853  96.9090 285.2176 0011344  51.8952 308.3316 15.39098479146067 | 2020/02/22-10:28:34   23.5049    0.1247  308.2295   93.5613     6826.9109     6819.1665     6834.6554  25.437217 -93.510974   0.001045  -0.000441
1 42853U 17042AE  20054.47675847  .00004995  00000-0  13062-3 0  9997 | 2 42853  96.9086 286.1988 0011284  48.6422 311.5793 15.39108352146227 | 2020/02/23-11:26:31   38.0440    0.1247  311.4825   93.5607     6826.8817     6819.1783     6834.5852  27.034688 -93.061283   0.001021  -0.000480
1 42853U 17042AE  20055.71204548  .00004631  00000-0  12122-3 0  9994 | 2 42853  96.9082 287.3638 0011189  44.6546 315.5600 15.39119784146418 | 2020/02/24-17:05:20  122.8068    0.1247  315.4701   93.5600     6826.8479     6819.2093     6834.4865  28.921073 -92.492004   0.000988  -0.000525
1 42853U 17042AE  20056.75228052 +.00004471 +00000-0 +11706-3 0  9994 | 2 42853 096.9079 288.3449 0011099 041.3771 318.8315 15.39128625146579 | 2020/02/25-18:03:17  137.3416    0.1248  318.7477   93.5594     6826.8218     6819.2447     6834.3989  30.500442 -91.982956   0.000958  -0.000560
1 42853U 17042AE  20058.76772059  .00003478  00000-0  91461-4 0  9991 | 2 42853  96.9075 290.2456 0010910  34.9075 325.2885 15.39142349146888 | 2020/02/27-18:25:31  142.9985    0.1247  325.2172   93.5586     6826.7812     6819.3332     6834.2292  33.534357 -90.920352   0.000895  -0.000623
1 42853U 17042AE  20059.87295443  .00004140  00000-0  10847-3 0  9996 | 2 42853  96.9074 291.2879 0010794  31.2227 328.9659 15.39151413147057 | 2020/02/28-20:57:03  180.9371    0.1248  328.9021   93.5580     6826.7544     6819.3856     6834.1232  35.182664 -90.295207   0.000856  -0.000657
1 42853U 17042AE  20061.17322043  .00005342  00000-0  13934-3 0  9994 | 2 42853  96.9075 292.5140 0010661  27.0563 333.1237 15.39164652147253 | 2020/03/01-04:09:26  289.0970    0.1247  333.0684   93.5572     6826.7152     6819.4373     6833.9932  37.106770 -89.521792   0.000812  -0.000691
1 42853U 17042AE  20062.53848831  .00005261  00000-0  13722-3 0  9998 | 2 42853  96.9076 293.8014 0010519  22.4665 337.7040 15.39177198147466 | 2020/03/02-12:55:25   60.6612    0.1247  337.6582   93.5565     6826.6781     6819.4972     6833.8591  39.108773 -88.665590   0.000760  -0.000727
1 42853U 17042AE  20063.57868458 +.00004922 +00000-0 +12847-3 0  9990 | 2 42853 096.9076 294.7822 0010415 018.9812 341.1821 15.39186471147620 | 2020/03/03-13:53:18   75.1835    0.1248  341.1436   93.5559     6826.6507     6819.5408     6833.7607  40.620763 -87.983161   0.000720  -0.000752
1 42853U 17042AE  20064.68388666 +.00004885 +00000-0 +12748-3 0  9999 | 2 42853 096.9077 295.8244 0010259 015.2331 344.9222 15.39196084147798 | 2020/03/04-16:24:47  113.1114    0.1247  344.8916   93.5553     6826.6223     6819.6189     6833.6257  42.214396 -87.229852   0.000674  -0.000774
1 42853U 17042AE  20066.37418221  .00004089  00000-0  10699-3 0  9997 | 2 42853  96.9076 297.4185 0010059   9.4643 350.6791 15.39208978148059 | 2020/03/06-08:58:49    1.7017    0.1247  350.6604   93.5545     6826.5842     6819.7173     6833.4510  44.624634 -86.021654   0.000604  -0.000805
1 42853U 17042AE  20067.60938691 +.00004833 +00000-0 +12605-3 0  9998 | 2 42853 096.9073 298.5835 0009923 005.1190 355.0157 15.39222426148248 | 2020/03/07-14:37:31   86.4365    0.1248  355.0058   93.5537     6826.5444     6819.7704     6833.3184  46.364231 -85.096315   0.000551  -0.000826
1 42853U 17042AE  20068.71456271 +.00004366 +00000-0 +11402-3 0  9995 | 2 42853 096.9070 299.6259 0009794 001.2106 358.9163 15.39231457148419 | 2020/03/08-17:08:58  124.3545    0.1248  358.9142   93.5532     6826.5177     6819.8318     6833.2036  47.904509 -84.238499   0.000502  -0.000841
1 42853U 17042AE  20069.75472233 +.00004468 +00000-0 +11661-3 0  9996 | 2 42853 096.9065 300.6069 0009657 357.5167 002.6030 15.39240389148574 | 2020/03/09-18:06:48  138.8634    0.1247    2.6080   93.5526     6826.4913     6819.8990     6833.0836  49.339467 -83.405556   0.000455  -0.000852
1 42853U 17042AE  20073.72027513  .00004500  00000-0  11733-3 0  9992 | 2 42853  96.9055 304.3462 0009186 342.6829  17.4103 15.39274426149180 | 2020/03/13-17:17:11  126.6583    0.1247   17.4418   93.5506     6826.3907     6820.1199     6832.6614  54.673306 -80.009409   0.000269  -0.000878
1 42853U 17042AE  20074.76040639  .00004292  00000-0  11198-3 0  9994 | 2 42853  96.9055 305.3269 0009046 338.7961  21.2910 15.39282440149346 | 2020/03/14-18:14:59  141.1561    0.1248   21.3287   93.5501     6826.3670     6820.1918     6832.5421  56.034707 -79.061922   0.000221  -0.000877
1 42853U 17042AE  20075.86553959 +.00004086 +00000-0 +10667-3 0  9991 | 2 42853 096.9056 306.3688 0008910 334.4481 025.6324 15.39291105149516 | 2020/03/15-20:46:22  179.0580    0.1247   25.6766   93.5496     6826.3414     6820.2591     6832.4236  57.463131 -78.030019   0.000167  -0.000875
1 42853U 17042AE  20076.90565934 +.00004132 +00000-0 +10782-3 0  9993 | 2 42853 096.9058 307.3494 0008802 330.3810 029.6937 15.39299426149670 | 2020/03/16-21:44:08  193.5515    0.1247   29.7437   93.5491     6826.3168     6820.3082     6832.3253  58.790232 -77.035334   0.000118  -0.000872
1 42853U 17042AE  20078.14079307 +.00005154 +00000-0 +13394-3 0  9992 | 2 42853 096.9058 308.5141 0008666 325.3596 034.7086 15.39312495149860 | 2020/03/18-03:22:44  278.2589    0.1248   34.7652   93.5483     6826.2781     6820.3625     6832.1938  60.343940 -75.824422   0.000059  -0.000865
1 42853U 17042AE  20079.50592957 +.00005638 +00000-0 +14628-3 0  9992 | 2 42853 096.9058 309.8013 0008517 319.8253 040.2364 15.39326751150071 | 2020/03/19-12:08:32   49.7729    0.1248   40.2995   93.5474     6826.2360     6820.4221     6832.0499  62.032032 -74.449722  -0.000006  -0.000852
1 42853U 17042AE  20080.74104203 +.00005698 +00000-0 +14775-3 0  9992 | 2 42853 096.9057 310.9661 0008398 314.6972 045.3590 15.39339842150263 | 2020/03/20-17:47:06  134.4714    0.1247   45.4275   93.5466     6826.1973     6820.4646     6831.9299  63.532576 -73.173263  -0.000064  -0.000837
1 42853U 17042AE  20082.36617161  .00006220  00000-0  16101-3 0  9991 | 2 42853  96.9052 312.4986 0008257 307.7080  52.3417 15.39359838150513 | 2020/03/22-08:47:17  359.5939    0.1247   52.4167   93.5454     6826.1382     6820.5018     6831.7745  65.466458 -71.447607  -0.000140  -0.000814
1 42853U 17042AE  20083.66626217  .00005404  00000-0  14009-3 0  9995 | 2 42853  96.9048 313.7246 0008148 302.1138  57.9318 15.39372841150715 | 2020/03/23-15:59:25  107.6860    0.1248   58.0110   93.5446     6826.0997     6820.5378     6831.6616  66.979896 -70.030235  -0.000199  -0.000790
1 42853U 17042AE  20084.77132990  .00004475  00000-0  11631-3 0  9993 | 2 42853  96.9043 314.7667 0008067 297.2938  62.7487 15.39382890150884 | 2020/03/24-18:30:42  145.5606    0.1247   62.8309   93.5440     6826.0700     6820.5634     6831.5766  68.242110 -68.800129  -0.000248  -0.000767
1 42853U 17042AE  20086.07140071  .00004719  00000-0  12251-3 0  9997 | 2 42853  96.9038 315.9924 0007991 291.5389  68.5006 15.39395760151083 | 2020/03/26-01:42:49  253.6448    0.1247   68.5858   93.5432     6826.0320     6820.5773     6831.4866  69.697831 -67.324281  -0.000305  -0.000738
1 42853U 17042AE  20087.37146180  .00004945  00000-0  12822-3 0  9993 | 2 42853  96.9034 317.2181 0007916 285.6970  74.3403 15.39407754151281 | 2020/03/27-08:54:54    1.7247    0.1247   74.4277   93.5425     6825.9965     6820.5930     6831.4000  71.121714 -65.817708  -0.000360  -0.000705
1 42853U 17042AE  20088.41150437  .00004236  00000-0  11010-3 0  9990 | 2 42853  96.9033 318.1987 0007874 281.0785  78.9577 15.39414989151449 | 2020/03/28-09:52:33   16.1857    0.1248   79.0463   93.5420     6825.9751     6820.6003     6831.3499  72.237619 -64.590835  -0.000402  -0.000677
1 42853U 17042AE  20089.58154495 +.00004043 +00000-0 +10514-3 0  9991 | 2 42853 096.9032 319.3017 0007858 275.8529 084.1822 15.39424715151624 | 2020/03/29-13:57:25   77.4516    0.1247   84.2718   93.5414     6825.9464     6820.5825     6831.3102  73.467518 -63.188242  -0.000449  -0.000645
1 42853U 17042AE  20090.75157791  .00004966  00000-0  12865-3 0  9999 | 2 42853  96.9032 320.4046 0007834 270.5245  89.5105 15.39436713151804 | 2020/03/30-18:02:16  138.7139    0.1248   89.6003   93.5407     6825.9109     6820.5635     6831.2583  74.670158 -61.762430  -0.000494  -0.000608
1 42853U 17042AE  20092.05160113  .00006325  00000-0  16321-3 0  9998 | 2 42853  96.9033 321.6302 0007831 264.5487  95.4867 15.39454445152007 | 2020/04/01-01:14:18  246.7776    0.1247   95.5760   93.5396     6825.8585     6820.5132     6831.2038  75.974198 -60.151233  -0.000542  -0.000565
1 42853U 17042AE  20093.09160862 +.00005298 +00000-0 +13697-3 0  9995 | 2 42853 096.9035 322.6107 0007840 259.8237 100.2126 15.39467089152161 | 2020/04/02-02:11:54  261.2240    0.1247  100.3010   93.5389     6825.8211     6820.4697     6831.1726  76.992547 -58.842467  -0.000579  -0.000529
1 42853U 17042AE  20094.58660578 +.00005091 +00000-0 +13162-3 0  9997 | 2 42853 096.9036 324.0202 0007862 253.0260 107.0126 15.39484733152395 | 2020/04/03-14:04:42   79.4847    0.1247  107.0987   93.5378     6825.7690     6820.4025     6831.1354  78.416735 -56.930864  -0.000628  -0.000474
1 42853U 17042AE  20095.75659229  .00004938  00000-0  12768-3 0  9998 | 2 42853  96.9034 325.1233 0007903 247.7178 112.3231 15.39497373152573 | 2020/04/04-18:09:29  140.7277    0.1246  112.4068   93.5370     6825.7316     6820.3372     6831.1260  79.498045 -55.410556  -0.000664  -0.000429
1 42853U 17042AE  20096.79657214  .00005076  00000-0  13114-3 0  9995 | 2 42853  96.9031 326.1040 0007937 243.1174 116.9262 15.39509207152732 | 2020/04/05-19:07:03  155.1621    0.1247  117.0073   93.5363     6825.6966     6820.2791     6831.1142  80.434536 -54.041615  -0.000693  -0.000387
1 42853U 17042AE  20098.09653795  .00004519  00000-0  11691-3 0  9999 | 2 42853  96.9026 327.3296 0008012 237.3458 122.7017 15.39520914152930 | 2020/04/07-02:19:00  263.2016    0.1247  122.7789   93.5356     6825.6620     6820.1933     6831.1307  81.571617 -52.308557  -0.000728  -0.000334
1 42853U 17042AE  20099.39649486  .00004367  00000-0  11301-3 0  9994 | 2 42853  96.9020 328.5552 0008101 231.6510 128.4009 15.39531727153138 | 2020/04/08-09:30:57   11.2374    0.1246  128.4736   93.5349     6825.6300     6820.1006     6831.1595  82.671278 -50.551532  -0.000760  -0.000280
1 42853U 17042AE  20100.56644657 +.00005067 +00000-0 +13074-3 0  9998 | 2 42853 096.9015 329.6581 0008181 226.6074 133.4493 15.39544442153314 | 2020/04/09-13:35:40   72.4654    0.1247  133.5173   93.5342     6825.5925     6820.0085     6831.1765  83.628549 -48.950654  -0.000785  -0.000229
1 42853U 17042AE  20101.67139148  .00004941  00000-0  12749-3 0  9993 | 2 42853  96.9012 330.6997 0008272 221.8898 138.1717 15.39556805153481 | 2020/04/10-16:06:48  110.2883    0.1247  138.2349   93.5334     6825.5559     6819.9098     6831.2020  84.504311 -47.422189  -0.000807  -0.000180
1 42853U 17042AE  20102.71133232  .00005048  00000-0  13016-3 0  9994 | 2 42853  96.9010 331.6799 0008364 217.4673 142.5992 15.39567895153647 | 2020/04/11-17:04:19  124.7068    0.1247  142.6574   93.5327     6825.5231     6819.8143     6831.2320  85.303015 -45.969550  -0.000826  -0.000133
1 42853U 17042AE  20103.88125672  .00004747  00000-0  12245-3 0  9990 | 2 42853  96.9010 332.7827 0008480 212.6052 147.4673 15.39579674153826 | 2020/04/12-21:09:00  185.9239    0.1247  147.5195   93.5320     6825.4883     6819.7003     6831.2763  86.171958 -44.319267  -0.000844  -0.000080
1 42853U 17042AE  20105.18116128  .00004862  00000-0  12531-3 0  9997 | 2 42853  96.9012 334.0079 0008612 207.2920 152.7876 15.39594514154020 | 2020/04/14-04:20:52  293.9385    0.1247  152.8327   93.5311     6825.4445     6819.5664     6831.3225  87.100078 -42.466681  -0.000861  -0.000020
1 42853U 17042AE  20106.35106559  .00005516  00000-0  14183-3 0  9996 | 2 42853  96.9014 335.1107 0008743 202.6267 157.4596 15.39608072154200 | 2020/04/15-08:25:32  355.1477    0.1247  157.4980   93.5303     6825.4044     6819.4370     6831.3719  87.901453 -40.782545  -0.000874   0.000035
1 42853U 17042AE  20107.58595562  .00004887  00000-0  12585-3 0  9992 | 2 42853  96.9013 336.2748 0008869 197.8188 162.2749 15.39619123154391 | 2020/04/16-14:03:46   79.7538    0.1246  162.3058   93.5296     6825.3717     6819.3183     6831.4252  88.711756 -38.988283  -0.000882   0.000091
1 42853U 17042AE  20108.62585553  .00004521  00000-0  11651-3 0  9995 | 2 42853  96.9013 337.2552 0008990 193.6069 166.4937 15.39628299154559 | 2020/04/17-15:01:13   94.1554    0.1246  166.5177   93.5291     6825.3446     6819.2086     6831.4806  89.365874 -37.464684  -0.000888   0.000143
1 42853U 17042AE  20109.86072789 +.00004697 +00000-0 +12092-3 0  9998 | 2 42853 096.9012 338.4195 0009147 188.9286 171.1799 15.39640555154746 | 2020/04/18-20:39:26  178.7544    0.1246  171.1960   93.5283     6825.3084     6819.0653     6831.5515  90.108592 -35.641045  -0.000892   0.000200
1 42853U 17042AE  20111.09559172  .00003802  00000-0  98215-4 0  9991 | 2 42853  96.9009 339.5836 0009289 184.2782 175.8387 15.39649868154934 | 2020/04/20-02:17:39  263.3500    0.1246  175.8464   93.5278     6825.2809     6818.9409     6831.6209  90.813797 -33.802940  -0.000892   0.000258
1 42853U 17042AE  20112.33044462  .00005962  00000-0  15282-3 0  9991 | 2 42853  96.9005 340.7478 0009447 179.7176 180.4078 15.39666890155123 | 2020/04/21-07:55:50  347.9415    0.1246  180.4070   93.5267     6825.2306     6818.7828     6831.6784  91.481471 -31.950701  -0.000890   0.000316
1 42853U 17042AE  20113.43530067  .00006986  00000-0  17860-3 0  9995 | 2 42853  96.9000 341.7894 0009588 175.6805 184.4527 15.39684091155295 | 2020/04/22-10:26:49   25.7293    0.1247  184.4442   93.5257     6825.1797     6818.6358     6831.7237  92.046691 -30.282283  -0.000886   0.000367
1 42853U 17042AE  20114.54014763 +.00005150 +00000-0 +13214-3 0  9999 | 2 42853 096.8996 342.8308 0009725 171.6620 188.4790 15.39694642155462 | 2020/04/23-12:57:48   63.5140    0.1246  188.4626   93.5250     6825.1486     6818.5111     6831.7860  92.581481 -28.604228  -0.000878   0.000419
1 42853U 17042AE  20115.64498661 +.00004046 +00000-0 +10419-3 0  9991 | 2 42853 096.8992 343.8721 0009849 167.7929 192.3558 15.39703847155636 | 2020/04/24-15:28:46  101.2960    0.1246  192.3317   93.5245     6825.1214     6818.3993     6831.8434  93.085635 -26.916899  -0.000867   0.000467
1 42853U 17042AE  20116.87979862 +.00004425 +00000-0 +11372-3 0  9994 | 2 42853 096.8989 345.0359 0010006 163.4075 196.7501 15.39715907155822 | 2020/04/25-21:06:54  185.8727    0.1246  196.7171   93.5237     6825.0857     6818.2565     6831.9149  93.612846 -25.020630  -0.000853   0.000524
1 42853U 17042AE  20118.37455788 +.00005444 +00000-0 +13938-3 0  9999 | 2 42853 096.8986 346.4446 0010179 158.2855 201.8826 15.39732527156051 | 2020/04/27-08:59:21    4.0401    0.1247  201.8392   93.5227     6825.0366     6818.0894     6831.9838  94.199368 -22.711622  -0.000831   0.000588
1 42853U 17042AE  20119.80431276  .00005799  00000-0  14825-3 0  9993 | 2 42853  96.8987 347.7921 0010345 153.4904 206.6874 15.39748544156277 | 2020/04/28-19:18:12  158.8039    0.1246  206.6342   93.5218     6824.9893     6817.9288     6832.0497  94.707505 -20.490157  -0.000807   0.000647
1 42853U 17042AE  20121.16906475  .00005126  00000-0  13121-3 0  9995 | 2 42853  96.8988 349.0783 0010499 148.9597 211.2272 15.39762582156481 | 2020/04/30-04:03:27  290.1645    0.1246  211.1649   93.5209     6824.9478     6817.7823     6832.1133  95.143674 -18.359157  -0.000781   0.000702
1 42853U 17042AE  20122.33884269  .00004581  00000-0  11742-3 0  9992 | 2 42853  96.8989 350.1809 0010622 145.0528 215.1418 15.39773187156662 | 2020/05/01-08:07:56  351.3272    0.1246  215.0718   93.5203     6824.9165     6817.6670     6832.1659  95.479438 -16.524943  -0.000754   0.000748
1 42853U 17042AE  20123.44362488  .00004660  00000-0  11935-3 0  9991 | 2 42853  96.8990 351.2222 0010739 141.4574 218.7442 15.39784221156831 | 2020/05/02-10:38:49   29.0895    0.1247  218.6673   93.5196     6824.8839     6817.5546     6832.2131  95.764079 -14.787071  -0.000728   0.000789
1 42853U 17042AE  20124.74335883  .00005038  00000-0  12883-3 0  9997 | 2 42853  96.8989 352.4474 0010865 137.2954 222.9140 15.39797574157036 | 2020/05/03-17:50:26  137.0418    0.1247  222.8293   93.5188     6824.8444     6817.4292     6832.2596  96.058265 -12.736035  -0.000695   0.000835
1 42853U 17042AE  20126.10806803  .00004107  00000-0  10534-3 0  9991 | 2 42853  96.8985 353.7338 0010981 132.9227 227.2944 15.39808797157242 | 2020/05/05-02:35:37  268.3881    0.1247  227.2020   93.5181     6824.8112     6817.3169     6832.3056  96.319582 -10.576271  -0.000656   0.000881
1 42853U 17042AE  20127.40777984  .00005471  00000-0  13960-3 0  9993 | 2 42853  96.8980 354.9589 0011095 128.8199 231.4040 15.39824568157447 | 2020/05/06-09:47:12   16.3335    0.1246  231.3047   93.5171     6824.7646     6817.1926     6832.3367  96.523191  -8.514458  -0.000617   0.000922
1 42853U 17042AE  20128.77246460  .00005276  00000-0  13461-3 0  9993 | 2 42853  96.8974 356.2451 0011210 124.5514 235.6793 15.39838520157653 | 2020/05/07-18:32:20  147.6721    0.1247  235.5733   93.5163     6824.7234     6817.0729     6832.3739  96.689393  -6.345662  -0.000574   0.000963
1 42853U 17042AE  20129.87720094  .00004659  00000-0  11906-3 0  9991 | 2 42853  96.8970 357.2862 0011272 121.1009 239.1345 15.39848062157829 | 2020/05/08-21:03:10  185.4203    0.1246  239.0237   93.5157     6824.6952     6817.0024     6832.3880  96.788330  -4.587786  -0.000536   0.000992
1 42853U 17042AE  20131.30684947  .00003832  00000-0  98224-4 0  9999 | 2 42853  96.8966 358.6334 0011359 116.6882 243.5529 15.39858886158040 | 2020/05/10-07:21:51  340.1500    0.1246  243.4364   93.5151     6824.6632     6816.9111     6832.4154  96.869039  -2.310927  -0.000486   0.001027
1 42853U 17042AE  20132.41157086  .00004241  00000-0  10847-3 0  9990 | 2 42853  96.8965 359.6743 0011427 113.3872 246.8579 15.39868531158211 | 2020/05/11-09:52:39   17.8936    0.1248  246.7376   93.5145     6824.6347     6816.8362     6832.4332  96.894934  -0.550809  -0.000448   0.001051
1 42853U 17042AE  20133.71123620  .00003755  00000-0  96226-4 0  9996 | 2 42853  96.8966   0.8990 0011478 109.3138 250.9352 15.39876936158412 | 2020/05/12-17:04:10  125.8256    0.1247  250.8109   93.5140     6824.6099     6816.7766     6832.4432  96.884673   1.520295  -0.000397   0.001077
1 42853U 17042AE  20134.75096260 +.00003665 +00000-0 +93951-4 0  9992 | 2 42853 096.8966 001.8787 0011552 106.2040 254.0479 15.39884094158574 | 2020/05/13-18:01:23  140.1693    0.1247  253.9207   93.5135     6824.5888     6816.7050     6832.4725  96.844515   3.176622  -0.000359   0.001098
1 42853U 17042AE  20135.85566597 +.00003672 +00000-0 +94100-4 0  9994 | 2 42853 096.8967 002.9197 0011575 102.8019 257.4523 15.39892259158743 | 2020/05/14-20:32:09  177.9080    0.1248  257.3229   93.5130     6824.5646     6816.6652     6832.4641  96.770919   4.935562  -0.000314   0.001114
1 42853U 17042AE  20136.89538179 +.00003587 +00000-0 +91948-4 0  9996 | 2 42853 096.8969 003.8998 0011620 099.5821 260.6739 15.39899473158906 | 2020/05/15-21:29:20  192.2486    0.1246  260.5425   93.5126     6824.5433     6816.6132     6832.4734  96.672537   6.590133  -0.000271   0.001130
1 42853U 17042AE  20138.06505632 +.00003700 +00000-0 +94743-4 0  9998 | 2 42853 096.8969 005.0022 0011633 096.0854 264.1719 15.39907760159086 | 2020/05/17-01:33:40  253.3807    0.1247  264.0393   93.5121     6824.5188     6816.5799     6832.4578  96.527854   8.448828  -0.000224   0.001142
1 42853U 17042AE  20139.88453719 +.00003949 +00000-0 +10095-3 0  9999 | 2 42853 096.8967 006.7172 0011668 090.6152 269.6432 15.39921092159364 | 2020/05/18-21:13:44  188.4710    0.1247  269.5095   93.5113     6824.4794     6816.5166     6832.4422  96.231560  11.333898  -0.000149   0.001157
1 42853U 17042AE  20141.37909767  .00004365  00000-0  11135-3 0  9994 | 2 42853  96.8962   8.1258 0011652  86.0538 274.2041 15.39933811159595 | 2020/05/20-09:05:54    6.5778    0.1247  274.0709   93.5105     6824.4419     6816.4900     6832.3937  95.923373  13.695989  -0.000085   0.001162
1 42853U 17042AE  20142.67870643  .00003992  00000-0  10196-3 0  9999 | 2 42853  96.8957   9.3505 0011648  82.1435 278.1134 15.39943112159798 | 2020/05/21-16:17:20  114.4942    0.1247  277.9812   93.5099     6824.4144     6816.4653     6832.3635  95.608237  15.742990  -0.000030   0.001164
1 42853U 17042AE  20144.04328516 +.00004218 +00000-0 +10758-3 0  9995 | 2 42853 096.8952 010.6364 0011619 078.0472 282.2077 15.39955038160002 | 2020/05/23-01:02:19  245.8037    0.1247  282.0775   93.5092     6824.3791     6816.4499     6832.3084  95.230374  17.884506   0.000027   0.001162
1 42853U 17042AE  20145.14793695  .00003826  00000-0  97731-4 0  9992 | 2 42853  96.8949  11.6773 0011598  74.7915 285.4614 15.39963306160171 | 2020/05/24-03:33:01  283.5282    0.1248  285.3333   93.5087     6824.3547     6816.4398     6832.2696  94.889474  19.611462   0.000071   0.001158
1 42853U 17042AE  20147.68211229  .00003963  00000-0  10111-3 0  9999 | 2 42853  96.8944  14.0650 0011492  67.0659 293.1800 15.39984791160567 | 2020/05/26-16:22:14  115.9484    0.1248  293.0589   93.5074     6824.2912     6816.4488     6832.1337  93.989569  23.547520   0.000177   0.001135
1 42853U 17042AE  20148.72176372  .00003656  00000-0  93409-4 0  9995 | 2 42853  96.8944  15.0445 0011432  63.8455 296.3967 15.39992926160728 | 2020/05/27-17:19:20  130.2719    0.1248  296.2793   93.5069     6824.2672     6816.4657     6832.0687  93.573298  25.150799   0.000220   0.001122
1 42853U 17042AE  20149.82638743 +.00003647 +00000-0 +93149-4 0  9993 | 2 42853 096.8946 016.0853 0011379 060.5405 299.6976 15.40001571160896 | 2020/05/28-19:49:59  167.9885    0.1248  299.5843   93.5064     6824.2417     6816.4764     6832.0070  93.101203  26.846407   0.000263   0.001107
1 42853U 17042AE  20150.86602849 +.00003760 +00000-0 +95947-4 0  9991 | 2 42853 096.8947 017.0650 0011302 057.3175 302.9160 15.40009078161059 | 2020/05/29-20:47:04  182.3089    0.1247  302.8072   93.5059     6824.2195     6816.5068     6831.9322  92.628664  28.434371   0.000304   0.001088
1 42853U 17042AE  20152.49045495 +.00004519 +00000-0 +11488-3 0  9990 | 2 42853 096.8949 018.5957 0011196 052.2978 307.9283 15.40024032161309 | 2020/05/31-11:46:15   47.1802    0.1248  307.8270   93.5050     6824.1753     6816.5350     6831.8157  91.836244  30.898638   0.000366   0.001058
1 42853U 17042AE  20153.72500745  .00004225  00000-0  10751-3 0  9997 | 2 42853  96.8949  19.7592 0011084  48.4137 311.8059 15.40035565161495 | 2020/06/01-17:24:00  131.6790    0.1248  311.7111   93.5043     6824.1413     6816.5774     6831.7051  91.189897  32.757049   0.000412   0.001029
1 42853U 17042AE  20154.82959849 +.00004503 +00000-0 +11441-3 0  9998 | 2 42853 096.8947 020.8002 0010993 044.9756 315.2380 15.40047337161662 | 2020/06/02-19:54:37  169.3855    0.1248  315.1492   93.5036     6824.1065     6816.6047     6831.6082  90.579533  34.408299   0.000451   0.001003
1 42853U 17042AE  20155.86920650 +.00004803 +00000-0 +12187-3 0  9992 | 2 42853 096.8944 021.7799 0010897 041.6914 318.5162 15.40058150161822 | 2020/06/03-20:51:39  183.6953    0.1248  318.4334   93.5030     6824.0745     6816.6383     6831.5107  89.977695  35.951901   0.000487   0.000975
1 42853U 17042AE  20157.36363118  .00004246  00000-0  10792-3 0  9990 | 2 42853  96.8937  23.1881 0010749  36.9324 323.2662 15.40071482162057 | 2020/06/05-08:43:37    1.7620    0.1249  323.1925   93.5022     6824.0352     6816.7000     6831.3703  89.066350  38.151991   0.000535   0.000932
1 42853U 17042AE  20158.72809584 +.00003914 +00000-0 +99598-4 0  9996 | 2 42853 096.8932 024.4737 0010601 032.4523 327.7374 15.40082142162262 | 2020/06/06-17:28:27  133.0375    0.1248  327.6725   93.5015     6824.0037     6816.7695     6831.2378  88.187494  40.140480   0.000579   0.000888
1 42853U 17042AE  20160.41741958 +.00004901 +00000-0 +12417-3 0  9996 | 2 42853 096.8928 026.0652 0010424 026.9437 333.2349 15.40097646162524 | 2020/06/08-10:01:05   21.2787    0.1247  333.1810   93.5006     6823.9579     6816.8446     6831.0712  87.038281  42.574081   0.000627   0.000833
1 42853U 17042AE  20161.71688976 +.00003845 +00000-0 +97820-4 0  9998 | 2 42853 096.8927 027.2895 0010261 022.5514 337.6182 15.40105546162726 | 2020/06/09-17:12:19  129.1535    0.1248  337.5734   93.5001     6823.9345     6816.9325     6830.9366  86.108666  44.424014   0.000662   0.000784
1 42853U 17042AE  20163.60110433 +.00004181 +00000-0 +10614-3 0  9995 | 2 42853 096.8928 029.0647 0010039 016.2435 343.9132 15.40122234163018 | 2020/06/11-14:25:35   87.5656    0.1248  343.8813   93.4991     6823.8852     6817.0347     6830.7357  84.691253  47.070227   0.000706   0.000714
1 42853U 17042AE  20164.90055181 +.00003869 +00000-0 +98347-4 0  9999 | 2 42853 096.8931 030.2891 0009875 011.7692 348.3784 15.40132221163219 | 2020/06/12-21:36:47  195.4322    0.1248  348.3556   93.4985     6823.8557     6817.1172     6830.5943  83.666370  48.869330   0.000733   0.000662
1 42853U 17042AE  20166.13502003 +.00003308 +00000-0 +84330-4 0  9991 | 2 42853 096.8932 031.4524 0009708 007.5260 352.6131 15.40139916163408 | 2020/06/14-03:14:25  279.9027    0.1248  352.5988   93.4980     6823.8330     6817.2084     6830.4576  82.657065  50.557906   0.000755   0.000611
1 42853U 17042AE  20167.43445370  .00003397  00000-0  86538-4 0  9998 | 2 42853  96.8930  32.6770 0009545   2.9022 357.2279 15.40148500163601 | 2020/06/15-10:25:36   27.7640    0.1248  357.2226   93.4975     6823.8077     6817.2943     6830.3210  81.557510  52.312770   0.000776   0.000555
1 42853U 17042AE  20168.66890957  .00003373  00000-0  85931-4 0  9999 | 2 42853  96.8929  33.8403 0009392 358.4042   1.7174 15.40156160163792 | 2020/06/16-16:03:13  112.2300    0.1248    1.7206   93.4970     6823.7850     6817.3761     6830.1939  80.478563  53.957715   0.000794   0.000501
1 42853U 17042AE  20169.70844685  .00003063  00000-0  78195-4 0  9992 | 2 42853  96.8928  34.8198 0009251 354.5683   5.5463 15.40161436163958 | 2020/06/17-17:00:09  126.5156    0.1249    5.5566   93.4967     6823.7694     6817.4568     6830.0821  79.544332  55.325527   0.000806   0.000454
1 42853U 17042AE  20170.87792115 +.00002978 +00000-0 +76051-4 0  9995 | 2 42853 096.8925 035.9218 0009096 350.2442 009.8627 15.40168241164134 | 2020/06/18-21:04:12  187.5847    0.1248    9.8806   93.4963     6823.7493     6817.5425     6829.9562  78.465337  56.844942   0.000816   0.000401
1 42853U 17042AE  20172.17733080  .00003221  00000-0  82083-4 0  9990 | 2 42853  96.8920  37.1461 0008935 345.4503  14.6486 15.40176947164339 | 2020/06/20-04:15:21  295.4366    0.1248   14.6745   93.4958     6823.7236     6817.6266     6829.8206  77.232452  58.508188   0.000825   0.000343
1 42853U 17042AE  20173.34679395 +.00003157 +00000-0 +80472-4 0  9996 | 2 42853 096.8916 038.2480 0008788 340.9281 019.1636 15.40183753164516 | 2020/06/21-08:19:22  356.5014    0.1248   19.1967   93.4953     6823.7035     6817.7069     6829.7002  76.092708  59.982347   0.000830   0.000289
1 42853U 17042AE  20174.38631252  .00002883  00000-0  73639-4 0  9993 | 2 42853  96.8914  39.2273 0008651 336.8550  23.2307 15.40189119164677 | 2020/06/22-09:16:17   10.7793    0.1248   23.2698   93.4950     6823.6877     6817.7845     6829.5908  75.056269  61.273973   0.000831   0.000240
1 42853U 17042AE  20175.42582725  .00002739  00000-0  70067-4 0  9991 | 2 42853  96.8912  40.2066 0008520 332.6734  27.4064 15.40194632164830 | 2020/06/23-10:13:11   25.0558    0.1248   27.4514   93.4947     6823.6714     6817.8576     6829.4852  73.997909  62.547694   0.000831   0.000190
1 42853U 17042AE  20176.59527720 +.00002596 +00000-0 +66483-4 0  9992 | 2 42853 096.8911 041.3083 0008390 327.9985 032.0752 15.40200511165011 | 2020/06/24-14:17:11   86.1149    0.1248   32.1263   93.4943     6823.6540     6817.9290     6829.3791  72.781544  63.958832   0.000828   0.000136
1 42853U 17042AE  20177.89466049 +.00002737 +00000-0 +69986-4 0  9990 | 2 42853 096.8911 042.5323 0008244 322.6822 037.3852 15.40207801165211 | 2020/06/25-21:28:18  193.9559    0.1248   37.4426   93.4939     6823.6325     6818.0071     6829.2579  71.398699  65.498939   0.000821   0.000075
1 42853U 17042AE  20179.06410034 +.00002785 +00000-0 +71162-4 0  9996 | 2 42853 096.8912 043.6342 0008113 317.7709 042.2912 15.40214371165390 | 2020/06/27-01:32:18  255.0103    0.1247   42.3538   93.4935     6823.6131     6818.0771     6829.1491  70.125984  66.859935   0.000811   0.000020
1 42853U 17042AE  20180.10359766 +.00003044 +00000-0 +77580-4 0  9996 | 2 42853 096.8913 044.6136 0008012 313.3548 046.7031 15.40221287165557 | 2020/06/28-02:29:10  269.2787    0.1248   46.7700   93.4931     6823.5927     6818.1256     6829.0597  68.972979  68.048896   0.000801  -0.000028
1 42853U 17042AE  20181.14309086 +.00002915 +00000-0 +74374-4 0  9995 | 2 42853 096.8914 045.5930 0007926 308.8777 051.1763 15.40227179165712 | 2020/06/29-03:26:03  283.5453    0.1248   51.2471   93.4927     6823.5753     6818.1669     6828.9836  67.799818  69.217975   0.000789  -0.000076
1 42853U 17042AE  20182.57238721 +.00003001 +00000-0 +76484-4 0  9991 | 2 42853 096.8914 046.9397 0007811 302.6068 057.4425 15.40236140165938 | 2020/06/30-13:44:14   78.1588    0.1248   57.5180   93.4922     6823.5488     6818.2189     6828.8787  66.154317  70.792300   0.000768  -0.000142
1 42853U 17042AE  20183.87174073  .00002922  00000-0  74496-4 0  9996 | 2 42853  96.8913  48.1641 0007717 296.8328  63.2130 15.40243712166135 | 2020/07/01-20:55:18  185.9859    0.1248   63.2920   93.4917     6823.5264     6818.2607     6828.7921  64.626442  72.189660   0.000745  -0.000200
1 42853U 17042AE  20185.10612045  .00002947  00000-0  75102-4 0  9992 | 2 42853  96.8909  49.3270 0007638 291.2971  68.7461 15.40251260166321 | 2020/07/03-02:32:48  270.4189    0.1248   68.8277   93.4912     6823.5041     6818.2923     6828.7159  63.147779  73.486084   0.000721  -0.000253
1 42853U 17042AE  20186.14559374  .00002900  00000-0  73933-4 0  9991 | 2 42853  96.8906  50.3064 0007591 286.6175  73.4239 15.40257416166485 | 2020/07/04-03:29:39  284.6763    0.1248   73.5073   93.4909     6823.4860     6818.3063     6828.6657  61.882270  74.554497   0.000698  -0.000298
1 42853U 17042AE  20187.37996248  .00003366  00000-0  85471-4 0  9999 | 2 42853  96.8902  51.4693 0007539 280.9278  79.1122 15.40266379166677 | 2020/07/05-09:07:08    9.1042    0.1249   79.1971   93.4903     6823.4595     6818.3153     6828.6037  60.356188  75.794732   0.000668  -0.000349
1 42853U 17042AE  20188.74425728  .00003474  00000-0  88130-4 0  9996 | 2 42853  96.8898  52.7545 0007491 274.5465  85.4926 15.40275334166881 | 2020/07/06-17:51:43  140.3107    0.1247   85.5782   93.4898     6823.4330     6818.3216     6828.5445  58.640756  77.129081   0.000630  -0.000405
1 42853U 17042AE  20189.84867985 +.00003131 +00000-0 +79616-4 0  9992 | 2 42853 096.8896 053.7949 0007494 269.4343 090.6046 15.40282617167052 | 2020/07/07-20:22:05  177.9512    0.1248   90.6905   93.4893     6823.4115     6818.2981     6828.5250  57.230506  78.180968   0.000600  -0.000449
1 42853U 17042AE  20190.88813261 +.00003022 +00000-0 +76881-4 0  9996 | 2 42853 096.8896 054.7741 0007490 264.7138 095.3255 15.40288721167213 | 2020/07/08-21:18:54  192.1991    0.1248   95.4110   93.4890     6823.3935     6818.2828     6828.5042  55.886080  79.147588   0.000569  -0.000487
1 42853U 17042AE  20192.12247774  .00002798  00000-0  71307-4 0  9992 | 2 42853  96.8896  55.9369 0007495 258.9704 101.0701 15.40295335167402 | 2020/07/10-02:56:22  276.6160    0.1248  101.1544   93.4886     6823.3740     6818.2599     6828.4881  54.268406  80.265402   0.000529  -0.000531
1 42853U 17042AE  20193.35681851  .00002720  00000-0  69346-4 0  9991 | 2 42853  96.8897  57.0997 0007530 253.2594 106.7827 15.40301332167594 | 2020/07/11-08:33:49    1.0309    0.1247  106.8653   93.4882     6823.3563     6818.2183     6828.4942  52.628435  81.350241   0.000488  -0.000574
1 42853U 17042AE  20194.72108417 +.00002806 +00000-0 +71478-4 0  9999 | 2 42853 096.8898 058.3851 0007576 247.0848 112.9600 15.40308456167807 | 2020/07/12-17:18:21  132.2231    0.1247  113.0399   93.4878     6823.3352     6818.1659     6828.5046  50.790349  82.510447   0.000440  -0.000617
1 42853U 17042AE  20196.41016593  .00003369  00000-0  85395-4 0  9998 | 2 42853  96.8899  59.9765 0007659 239.4177 120.6315 15.40319070168063 | 2020/07/14-09:50:38   20.3616    0.1247  120.7070   93.4871     6823.3039     6818.0779     6828.5298  48.479361  83.889238   0.000376  -0.000667
1 42853U 17042AE  20197.90434277  .00003671  00000-0  92849-4 0  9994 | 2 42853  96.8898  61.3843 0007746 232.7547 127.2994 15.40329673168291 | 2020/07/15-21:42:15  198.3253    0.1247  127.3700   93.4865     6823.2726     6817.9873     6828.5579  46.403667  85.054883   0.000317  -0.000707
1 42853U 17042AE  20199.07369151  .00003306  00000-0  83798-4 0  9990 | 2 42853  96.8897  62.4861 0007838 227.4704 132.5883 15.40337510168475 | 2020/07/17-01:46:06  259.3370    0.1248  132.6544   93.4860     6823.2494     6817.9014     6828.5975  44.759533  85.931357   0.000268  -0.000737
1 42853U 17042AE  20200.11310789  .00003055  00000-0  77555-4 0  9996 | 2 42853  96.8894  63.4654 0007936 223.0045 137.0583 15.40343766168637 | 2020/07/18-02:42:52  273.5680    0.1247  137.1202   93.4856     6823.2309     6817.8160     6828.6459  43.284193  86.683531   0.000225  -0.000761
1 42853U 17042AE  20201.41237330  .00002807  00000-0  71404-4 0  9991 | 2 42853  96.8889  64.6893 0008054 217.4950 142.5736 15.40350458168832 | 2020/07/19-09:53:49   21.3545    0.1246  142.6296   93.4852     6823.2112     6817.7158     6828.7066  41.422591  87.587830   0.000170  -0.000787
1 42853U 17042AE  20202.58170701  .00002724  00000-0  69320-4 0  9990 | 2 42853  96.8885  65.7908 0008167 212.5270 147.5476 15.40356714169011 | 2020/07/20-13:57:39   82.3597    0.1248  147.5978   93.4848     6823.1927     6817.6202     6828.7652  39.731018  88.367571   0.000118  -0.000808
1 42853U 17042AE  20203.88096118 +.00002721 +00000-0 +69238-4 0  9998 | 2 42853 096.8882 067.0146 0008310 207.1513 152.9302 15.40363745169219 | 2020/07/21-21:08:35  190.1411    0.1248  152.9735   93.4844     6823.1719     6817.5019     6828.8420  37.834508  89.195702   0.000060  -0.000829
1 42853U 17042AE  20204.92036040  .00002821  00000-0  71686-4 0  9993 | 2 42853  96.8880  67.9937 0008422 202.9546 157.1326 15.40369631169377 | 2020/07/22-22:05:19  204.3645    0.1247  157.1701   93.4841     6823.1546     6817.4081     6828.9010  36.304761  89.828998   0.000014  -0.000842
1 42853U 17042AE  20206.34952876  .00002817  00000-0  71576-4 0  9998 | 2 42853  96.8879  69.3398 0008594 197.2657 162.8299 15.40376905169599 | 2020/07/24-08:23:19  358.9192    0.1246  162.8589   93.4836     6823.1331     6817.2693     6828.9969  34.184470  90.656976  -0.000051  -0.000858
1 42853U 17042AE  20207.38891700  .00003854  00000-0  97183-4 0  9995 | 2 42853  96.8880  70.3191 0008718 193.1182 166.9840 15.40386879169756 | 2020/07/25-09:20:02   13.1376    0.1247  167.0065   93.4830     6823.1036     6817.1553     6829.0520  32.630076  91.228081  -0.000100  -0.000866
1 42853U 17042AE  20208.42830037  .00004086  00000-0  10289-3 0  9996 | 2 42853  96.8881  71.2982 0008853 189.0480 171.0609 15.40394889169918 | 2020/07/26-10:16:45   27.3543    0.1246  171.0766   93.4825     6823.0800     6817.0395     6829.1205  31.066467  91.772428  -0.000148  -0.000873
1 42853U 17042AE  20209.53263864 +.00003318 +00000-0 +83881-4 0  9993 | 2 42853 096.8882 072.3386 0008985 184.9573 175.1587 15.40402437170081 | 2020/07/27-12:46:59   64.9570    0.1247  175.1674   93.4821     6823.0577     6816.9272     6829.1882  29.395026  92.321480  -0.000198  -0.000877
1 42853U 17042AE  20210.70193202 +.00003373 +00000-0 +85223-4 0  9995 | 2 42853 096.8884 073.4402 0009137 180.6547 179.4690 15.40411054170265 | 2020/07/28-16:50:46  125.9459    0.1247  179.4700   93.4815     6823.0322     6816.7980     6829.2664  27.614736  92.869739  -0.000250  -0.000879
1 42853U 17042AE  20211.74129907  .00003305  00000-0  83521-4 0  9995 | 2 42853  96.8882  74.4194 0009254 176.8591 183.2716 15.40417861170420 | 2020/07/29-17:47:28  140.1562    0.1247  183.2656   93.4811     6823.0121     6816.6981     6829.3262  26.023559  93.327904  -0.000297  -0.000876
1 42853U 17042AE  20212.84562163 +.00003385 +00000-0 +85467-4 0  9991 | 2 42853 096.8882 075.4599 0009414 172.8065 187.3320 15.40425238170591 | 2020/07/30-20:17:41  177.7525    0.1247  187.3182   93.4807     6822.9904     6816.5672     6829.4135  24.324512  93.785081  -0.000349  -0.000874
1 42853U 17042AE  20214.07985758 +.00003990 +00000-0 +10035-3 0  9997 | 2 42853 096.8879 076.6225 0009564 168.3520 191.7950 15.40435372170787 | 2020/08/01-01:54:59  262.1229    0.1246  191.7726   93.4801     6822.9604     6816.4350     6829.4859  22.416554  94.259022  -0.000405  -0.000867
1 42853U 17042AE  20215.18416862 +.00003609 +00000-0 +90935-4 0  9990 | 2 42853 096.8874 077.6627 0009694 164.5282 195.6264 15.40441883170950 | 2020/08/02-04:25:12  299.7155    0.1247  195.5965   93.4797     6822.9412     6816.3271     6829.5554  20.701582  94.649949  -0.000452  -0.000857
1 42853U 17042AE  20216.54830778  .00004982  00000-0  12475-3 0  9994 | 2 42853  96.8869  78.9477 0009865 159.8100 200.3540 15.40455783171166 | 2020/08/03-13:09:33   70.8558    0.1247  200.3147   93.4788     6822.9002     6816.1694     6829.6310  18.573699  95.089900  -0.000512  -0.000843
1 42853U 17042AE  20217.58764312 +.00005788 +00000-0 +14455-3 0  9994 | 2 42853 096.8866 079.9266 0010000 156.3216 203.8494 15.40468067171326 | 2020/08/04-14:06:12   85.0550    0.1247  203.8031   93.4781     6822.8639     6816.0410     6829.6868  16.946401  95.393044  -0.000556  -0.000831
1 42853U 17042AE  20218.82184389  .00004413  00000-0  11061-3 0  9996 | 2 42853  96.8863  81.0891 0010130 152.1760 208.0031 15.40478819171514 | 2020/08/05-19:43:27  169.4132    0.1247  207.9487   93.4774     6822.8321     6815.9206     6829.7437  15.007526  95.716923  -0.000606  -0.000812
1 42853U 17042AE  20219.86116411 +.00004332 +00000-0 +10859-3 0  9996 | 2 42853 096.8862 082.0680 0010244 148.7265 211.4594 15.40488191171670 | 2020/08/06-20:40:04  183.6072    0.1247  211.3982   93.4769     6822.8045     6815.8152     6829.7938  13.370076  95.959246  -0.000648  -0.000794
1 42853U 17042AE  20221.16030595  .00004323  00000-0  10831-3 0  9990 | 2 42853  96.8862  83.2917 0010378 144.4782 215.7159 15.40499494171875 | 2020/08/08-03:50:50  291.3468    0.1247  215.6465   93.4762     6822.7711     6815.6904     6829.8518  11.317724  96.222892  -0.000698  -0.000768
1 42853U 17042AE  20222.39448236  .00003847  00000-0  96561-4 0  9996 | 2 42853  96.8862  84.4544 0010509 140.4589 219.7427 15.40508639172067 | 2020/08/09-09:28:03   15.6966    0.1247  219.6658   93.4756     6822.7441     6815.5741     6829.9141   9.362882  96.432734  -0.000744  -0.000742
1 42853U 17042AE  20223.56369422 +.00003916 +00000-0 +98232-4 0  9999 | 2 42853 096.8863 085.5558 0010610 136.6857 223.5227 15.40518759172248 | 2020/08/10-13:31:43   76.6571    0.1248  223.4391   93.4750     6822.7142     6815.4753     6829.9531   7.507542  96.594989  -0.000785  -0.000713
1 42853U 17042AE  20224.86281053 +.00003965 +00000-0 +99394-4 0  9990 | 2 42853 096.8864 086.7797 0010736 132.5305 227.6851 15.40529000172440 | 2020/08/11-20:42:26  184.3884    0.1247  227.5942   93.4744     6822.6840     6815.3591     6830.0088   5.442618  96.733409  -0.000831  -0.000680
1 42853U 17042AE  20226.16191794  .00003681  00000-0  92370-4 0  9999 | 2 42853  96.8864  88.0036 0010855 128.4502 231.7722 15.40538788172644 | 2020/08/13-03:53:09  292.1168    0.1248  231.6746   93.4738     6822.6551     6815.2491     6830.0611   3.375203  96.827592  -0.000873  -0.000645
1 42853U 17042AE  20227.33110789  .00003557  00000-0  89310-4 0  9996 | 2 42853  96.8864  89.1051 0010945 124.7707 235.4573 15.40547130172825 | 2020/08/14-07:56:47  353.0705    0.1248  235.3541   93.4733     6822.6305     6815.1631     6830.0978   1.513202  96.874582  -0.000909  -0.000610
1 42853U 17042AE  20228.37038247  .00003559  00000-0  89324-4 0  9996 | 2 42853  96.8861  90.0840 0011016 121.5401 238.6923 15.40554597172981 | 2020/08/15-08:53:21    7.2504    0.1246  238.5845   93.4728     6822.6084     6815.0926     6830.1242  -0.142042  96.885996  -0.000938  -0.000578
1 42853U 17042AE  20229.53956098 +.00003635 +00000-0 +91162-4 0  9996 | 2 42853 096.8858 091.1854 0011094 117.8837 242.3536 15.40562548173169 | 2020/08/16-12:56:58   68.2007    0.1248  242.2411   93.4723     6822.5849     6815.0160     6830.1539  -2.004340  96.865065  -0.000970  -0.000539
1 42853U 17042AE  20230.57882543 +.00003458 +00000-0 +86810-4 0  9992 | 2 42853 096.8854 092.1643 0011144 114.6952 245.5457 15.40569384173321 | 2020/08/17-13:53:30   82.3778    0.1247  245.4295   93.4719     6822.5648     6814.9617     6830.1678  -3.658894  96.816286  -0.000994  -0.000503
1 42853U 17042AE  20231.87789973 +.00003353 +00000-0 +84188-4 0  9999 | 2 42853 096.8849 093.3877 0011217 110.7064 249.5387 15.40577691173527 | 2020/08/18-21:04:10  190.0974    0.1247  249.4183   93.4714     6822.5402     6814.8874     6830.1931  -5.725130  96.715597  -0.001024  -0.000458
1 42853U 17042AE  20233.37182540  .00003783  00000-0  94723-4 0  9996 | 2 42853  96.8846  94.7948 0011283 106.1100 254.1390 15.40589108173758 | 2020/08/20-08:55:25    7.9721    0.1247  254.0147   93.4707     6822.5065     6814.8087     6830.2044  -8.098332  96.545547  -0.001054  -0.000403
1 42853U 17042AE  20234.60593090 +.00003125 +00000-0 +78538-4 0  9995 | 2 42853 096.8843 095.9572 0011322 102.3587 257.8929 15.40595397173948 | 2020/08/21-14:32:32   92.3015    0.1248  257.7661   93.4704     6822.4880     6814.7635     6830.2124 -10.055188  96.361096  -0.001075  -0.000356
1 42853U 17042AE  20235.84002981 +.00003429 +00000-0 +85973-4 0  9994 | 2 42853 096.8843 097.1196 0011377 098.6043 261.6494 15.40604254174133 | 2020/08/22-20:09:38  176.6290    0.1247  261.5204   93.4698     6822.4618     6814.6999     6830.2237 -12.007930  96.137283  -0.001095  -0.000308
1 42853U 17042AE  20237.39888036  .00004292  00000-0  10709-3 0  9992 | 2 42853  96.8843  98.5879 0011396  93.9275 266.3275 15.40617604174370 | 2020/08/24-09:34:23   17.8820    0.1247  266.1972   93.4690     6822.4224     6814.6476     6830.1972 -14.467396  95.798027  -0.001113  -0.000247
1 42853U 17042AE  20238.69791305  .00003949  00000-0  98656-4 0  9994 | 2 42853  96.8844  99.8116 0011397  89.9924 270.2629 15.40627089174573 | 2020/08/25-16:44:59  125.5902    0.1247  270.1323   93.4684     6822.3944     6814.6189     6830.1699 -16.509974  95.467312  -0.001123  -0.000194
1 42853U 17042AE  20239.80208423 +.00004077 +00000-0 +10177-3 0  9996 | 2 42853 096.8845 100.8518 0011413 086.7046 273.5507 15.40635558174742 | 2020/08/26-19:15:00  163.1399    0.1248  273.4202   93.4679     6822.3694     6814.5830     6830.1558 -18.240377  95.151957  -0.001131  -0.000150
1 42853U 17042AE  20241.42585412  .00003783  00000-0  94520-4 0  9991 | 2 42853  96.8844 102.3813 0011407  81.7617 278.4924 15.40647415174997 | 2020/08/28-10:13:13   27.7693    0.1248  278.3631   93.4672     6822.3344     6814.5521     6830.1166 -20.773619  94.631093  -0.001138  -0.000082
1 42853U 17042AE  20242.53000796 +.00005555 +00000-0 +13785-3 0  9993 | 2 42853 096.8841 103.4213 0011377 078.4317 281.8208 15.40661484175161 | 2020/08/29-12:43:12   65.3146    0.1249  281.6932   93.4663     6822.2928     6814.5311     6830.0546 -22.487722  94.238162  -0.001137  -0.000037
1 42853U 17042AE  20243.56920497 +.00005219 +00000-0 +12959-3 0  9995 | 2 42853 096.8837 104.4001 0011349 075.2348 285.0157 15.40670621175320 | 2020/08/30-13:39:39   79.4730    0.1248  284.8900   93.4658     6822.2659     6814.5233     6830.0085 -24.094160  93.839878  -0.001135   0.000007
1 42853U 17042AE  20244.86818860 +.00006202 +00000-0 +15357-3 0  9997 | 2 42853 096.8833 105.6235 0011312 071.3678 288.8797 15.40687378175521 | 2020/08/31-20:50:11  187.1670    0.1248  288.7570   93.4648     6822.2164     6814.4991     6829.9337 -26.092111  93.303674  -0.001130   0.000059
1 42853U 17042AE  20246.36200212 +.00005681 +00000-0 +14074-3 0  9995 | 2 42853 096.8827 107.0303 0011249 066.8593 293.3839 15.40705730175756 | 2020/09/02-08:41:16    5.0097    0.1248  293.2655   93.4637     6822.1622     6814.4880     6829.8365 -28.374752  92.634394  -0.001119   0.000120
1 42853U 17042AE  20247.53106152 +.00004566 +00000-0 +11346-3 0  9993 | 2 42853 096.8824 108.1313 0011181 063.2714 296.9677 15.40717604175939 | 2020/09/03-12:44:43   65.9265    0.1248  296.8534   93.4629     6822.1272     6814.4994     6829.7550 -30.149380  92.071789  -0.001106   0.000167
1 42853U 17042AE  20248.83000664 +.00004458 +00000-0 +11076-3 0  9998 | 2 42853 096.8821 109.3546 0011098 059.2468 300.9871 15.40730041176130 | 2020/09/04-19:55:12  173.6090    0.1248  300.8780   93.4622     6822.0905     6814.5193     6829.6616 -32.108049  91.406862  -0.001088   0.000219
1 42853U 17042AE  20249.86915617 +.00004365 +00000-0 +10848-3 0  9998 | 2 42853 096.8819 110.3333 0011042 056.0886 304.1411 15.40738888176291 | 2020/09/05-20:51:35  187.7525    0.1249  304.0363   93.4617     6822.0644     6814.5314     6829.5973 -33.664589  90.844912  -0.001073   0.000259
1 42853U 17042AE  20251.55776192 +.00003434 +00000-0 +85716-4 0  9993 | 2 42853 096.8819 111.9237 0010918 050.8174 309.4042 15.40750895176553 | 2020/09/07-13:23:10   75.7327    0.1248  309.3074   93.4609     6822.0289     6814.5806     6829.4772 -36.172945  89.875584  -0.001043   0.000324
1 42853U 17042AE  20252.85667953 +.00003984 +00000-0 +99101-4 0  9994 | 2 42853 096.8819 113.1472 0010814 046.7964 313.4186 15.40761987176754 | 2020/09/08-20:33:37  183.4064    0.1249  313.3285   93.4602     6821.9962     6814.6189     6829.3735 -38.083764  89.082711  -0.001016   0.000371
1 42853U 17042AE  20254.15558930 +.00003305 +00000-0 +82520-4 0  9997 | 2 42853 096.8820 114.3707 0010709 042.6626 317.5451 15.40770130176955 | 2020/09/10-03:44:02  291.0780    0.1248  317.4622   93.4598     6821.9721     6814.6665     6829.2778 -39.977260  88.249310  -0.000986   0.000418
1 42853U 17042AE  20255.32460194  .00003382  00000-0  84368-4 0  9998 | 2 42853  96.8819 115.4717 0010614  38.8429 321.3580 15.40778178177136 | 2020/09/11-07:47:25  351.9805    0.1249  321.2820   93.4593     6821.9484     6814.7076     6829.1892 -41.665537  87.464768  -0.000957   0.000460
1 42853U 17042AE  20256.36371925  .00003617  00000-0  90076-4 0  9990 | 2 42853  96.8818 116.4504 0010512  35.5402 324.6544 15.40785825177292 | 2020/09/12-08:43:45    6.1146    0.1248  324.5846   93.4588     6821.9258     6814.7546     6829.0970 -43.153374  86.740241  -0.000928   0.000494
1 42853U 17042AE  20257.59766477  .00003926  00000-0  97605-4 0  9994 | 2 42853  96.8817 117.6126 0010388  31.5618 328.6250 15.40794571177487 | 2020/09/13-14:20:38   90.3968    0.1248  328.5630   93.4583     6821.9000     6814.8134     6828.9866 -44.903787  85.847037  -0.000892   0.000532
1 42853U 17042AE  20258.83160239 +.00004158 +00000-0 +10323-3 0  9995 | 2 42853 096.8814 118.7747 0010249 027.5452 332.6337 15.40804508177676 | 2020/09/14-19:57:30  174.6764    0.1249  332.5797   93.4577     6821.8707     6814.8789     6828.8624 -46.635478  84.918419  -0.000853   0.000568
1 42853U 17042AE  20259.87070140 +.00004060 +00000-0 +10082-3 0  9995 | 2 42853 096.8810 119.7532 0010143 024.1706 336.0016 15.40812771177834 | 2020/09/15-20:53:48  188.8044    0.1249  335.9543   93.4572     6821.8463     6814.9269     6828.7657 -48.078649  84.109284  -0.000820   0.000597
1 42853U 17042AE  20261.36439601  .00003521  00000-0  87645-4 0  9994 | 2 42853  96.8803 121.1598 0009966  19.1240 341.0380 15.40823900178065 | 2020/09/17-08:44:43    6.6103    0.1248  341.0008   93.4565     6821.8134     6815.0148     6828.6120 -50.128458  82.903138  -0.000767   0.000637
1 42853U 17042AE  20262.53336803 +.00003252 +00000-0 +81072-4 0  9993 | 2 42853 096.8799 122.2605 0009830 015.2013 344.9528 15.40831224178249 | 2020/09/18-12:48:02   67.4996    0.1248  344.9235   93.4561     6821.7918     6815.0860     6828.4976 -51.711535  81.924552  -0.000724   0.000665
1 42853U 17042AE  20263.57244926 +.00003078 +00000-0 +76822-4 0  9995 | 2 42853 096.8798 123.2391 0009720 011.5685 348.5784 15.40837636178408 | 2020/09/19-13:44:19   81.6216    0.1248  348.5563   93.4557     6821.7729     6815.1421     6828.4036 -53.103124  81.029339  -0.000685   0.000690
1 42853U 17042AE  20264.74141052 +.00002878 +00000-0 +71954-4 0  9999 | 2 42853 096.8797 124.3400 0009575 007.4684 352.6705 15.40844580178585 | 2020/09/20-17:47:37  142.5070    0.1249  352.6565   93.4552     6821.7524     6815.2206     6828.2842 -54.650094  79.994021  -0.000638   0.000714
1 42853U 17042AE  20265.84542433 +.00002908 +00000-0 +72656-4 0  9993 | 2 42853 096.8796 125.3797 0009448 003.6023 356.5291 15.40851669178756 | 2020/09/21-20:17:24  180.0079    0.1248  356.5225   93.4548     6821.7315     6815.2863     6828.1766 -56.092546  78.989133  -0.000594   0.000734
1 42853U 17042AE  20267.14425645  .00004252  00000-0  10534-3 0  9993 | 2 42853  96.8796 126.6029 0009280 358.9667   1.1560 15.40864057178951 | 2020/09/23-03:27:43  287.6532    0.1248    1.1581   93.4541     6821.6949     6815.3644     6828.0254 -57.765964  77.773712  -0.000540   0.000755
1 42853U 17042AE  20268.31319625  .00006039  00000-0  14875-3 0  9990 | 2 42853  96.8795 127.7038 0009130 354.7267   5.3883 15.40878414179133 | 2020/09/24-07:31:00  348.5305    0.1248    5.3981   93.4532     6821.6525     6815.4244     6827.8807 -59.249518  76.649411  -0.000490   0.000771
1 42853U 17042AE  20269.35224422  .00006802  00000-0  16723-3 0  9997 | 2 42853  96.8796 128.6824 0008985 350.9407   9.1678 15.40891808179291 | 2020/09/25-08:27:13    2.6398    0.1249    9.1842   93.4524     6821.6130     6815.4838     6827.7422 -60.550031  75.626389  -0.000444   0.000781
1 42853U 17042AE  20270.52116029 +.00008174 +00000-0 +20045-3 0  9997 | 2 42853 096.8794 129.7832 0008841 346.5184 013.5826 15.40911280179475 | 2020/09/26-12:30:28   63.5084    0.1248   13.6064   93.4512     6821.5555     6815.5246     6827.5865 -61.991617  74.449027  -0.000392   0.000793
1 42853U 17042AE  20271.81994019 +.00007813 +00000-0 +19157-3 0  9994 | 2 42853 096.8792 131.0062 0008669 341.6303 018.4631 15.40930408179674 | 2020/09/27-19:40:42  171.1339    0.1249   18.4946   93.4500     6821.4991     6815.5855     6827.4126 -63.566385  73.108782  -0.000334   0.000800
1 42853U 17042AE  20272.85894997 +.00010015 +00000-0 +24483-3 0  9999 | 2 42853 096.8789 131.9846 0008558 337.4798 022.6073 15.40951791179830 | 2020/09/28-20:36:53  185.2294    0.1248   22.6450   93.4487     6821.4360     6815.5982     6827.2738 -64.805284  72.012474  -0.000285   0.000807
1 42853U 17042AE  20274.09275676 +.00009444 +00000-0 +23082-3 0  9992 | 2 42853 096.8784 133.1463 0008406 332.6654 027.4150 15.40974697180026 | 2020/09/30-02:13:34  269.4610    0.1248   27.4594   93.4473     6821.3684     6815.6343     6827.1024 -66.251610  70.683439  -0.000229   0.000809
1 42853U 17042AE  20275.13173998 +.00007305 +00000-0 +17892-3 0  9998 | 2 42853 096.8778 134.1247 0008310 328.4945 031.5804 15.40988281180183 | 2020/10/01-03:09:42  283.5461    0.1248   31.6303   93.4465     6821.3283     6815.6598     6826.9968 -67.448486  69.541426  -0.000182   0.000811
1 42853U 17042AE  20276.36552157 +.00006174 +00000-0 +15147-3 0  9996 | 2 42853 096.8773 135.2864 0008153 323.4929 036.5762 15.41002124180370 | 2020/10/02-08:46:21    7.7676    0.1248   36.6319   93.4457     6821.2874     6815.7260     6826.8488 -68.844157  68.159323  -0.000124   0.000806
1 42853U 17042AE  20277.59929123 +.00005504 +00000-0 +13518-3 0  9999 | 2 42853 096.8771 136.4483 0008037 318.3701 041.6934 15.41016190180567 | 2020/10/03-14:22:58   91.9845    0.1248   41.7547   93.4448     6821.2459     6815.7637     6826.7282 -70.211964  66.749177  -0.000068   0.000801
1 42853U 17042AE  20278.89798378 +.00005093 +00000-0 +12517-3 0  9990 | 2 42853 096.8769 137.6711 0007917 312.9191 047.1392 15.41030462180769 | 2020/10/04-21:33:05  199.5762    0.1248   47.2057   93.4440     6821.2038     6815.8035     6826.6042 -71.620272  65.235500  -0.000008   0.000792
1 42853U 17042AE  20280.13173115  .00005406  00000-0  13270-3 0  9991 | 2 42853  96.8767 138.8330 0007810 307.5211  52.5327 15.41044538180950 | 2020/10/06-03:09:41  283.7839    0.1249   52.6038   93.4431     6821.1623     6815.8349     6826.4896 -72.928214  63.769668   0.000050   0.000779
1 42853U 17042AE  20281.17066599  .00006179  00000-0  15131-3 0  9999 | 2 42853  96.8767 139.8113 0007715 303.0022  57.0484 15.41059308181119 | 2020/10/07-04:05:45  297.8494    0.1248   57.1226   93.4422     6821.1187     6815.8562     6826.3812 -74.006370  62.515216   0.000097   0.000765
1 42853U 17042AE  20282.40439036  .00005459  00000-0  13384-3 0  9994 | 2 42853  96.8768 140.9732 0007618 297.6346  62.4128 15.41073421181307 | 2020/10/08-09:42:19   22.0475    0.1248   62.4902   93.4414     6821.0770     6815.8807     6826.2733 -75.258889  61.001755   0.000150   0.000747
1 42853U 17042AE  20283.50824044  .00004506  00000-0  11078-3 0  9993 | 2 42853  96.8768 142.0127 0007550 292.6560  67.3889 15.41083514181476 | 2020/10/09-12:11:51   59.4845    0.1248   67.4688   93.4408     6821.0473     6815.8974     6826.1971 -76.353179  59.626391   0.000200   0.000728
1 42853U 17042AE  20284.61208371  .00004375  00000-0  10757-3 0  9992 | 2 42853  96.8768 143.0522 0007491 287.7793  72.2637 15.41093364181642 | 2020/10/10-14:41:24   96.9185    0.1248   72.3455   93.4402     6821.0182     6815.9086     6826.1278 -77.422337  58.231401   0.000246   0.000708
1 42853U 17042AE  20285.78085186  .00004377  00000-0  10759-3 0  9992 | 2 42853  96.8767 144.1528 0007449 282.3956  77.6458 15.41103276181828 | 2020/10/11-18:44:25  157.7280    0.1248   77.7292   93.4396     6820.9889     6815.9080     6826.0699 -78.526476  56.733478   0.000296   0.000683
1 42853U 17042AE  20286.88468134 +.00004631 +00000-0 +11370-3 0  9995 | 2 42853 096.8766 145.1922 0007415 277.4987 082.5419 15.41113476181991 | 2020/10/12-21:13:56  195.1560    0.1249   82.6262   93.4389     6820.9588     6815.9011     6826.0166 -79.542616  55.299619   0.000340   0.000659
1 42853U 17042AE  20288.50794679 +.00004673 +00000-0 +11464-3 0  9992 | 2 42853 096.8760 146.7206 0007385 270.0183 090.0218 15.41128449182246 | 2020/10/14-12:11:26   59.6037    0.1247   90.1064   93.4380     6820.9147     6815.8774     6825.9519 -80.988791  53.158019   0.000405   0.000618
1 42853U 17042AE  20289.54682844 +.00004586 +00000-0 +11252-3 0  9995 | 2 42853 096.8756 147.6988 0007368 265.2112 094.8294 15.41137978182408 | 2020/10/15-13:07:25   73.6463    0.1247   94.9135   93.4374     6820.8866     6815.8609     6825.9122 -81.884163  51.767419   0.000444   0.000588
1 42853U 17042AE  20290.71556275  .00004765  00000-0  11678-3 0  9995 | 2 42853  96.8751 148.7992 0007377 259.7419 100.2997 15.41149006182584 | 2020/10/16-17:10:24  134.4412    0.1248  100.3829   93.4368     6820.8540     6815.8223     6825.8858 -82.862798  50.185075   0.000488   0.000553
1 42853U 17042AE  20291.88428856 +.00005465 +00000-0 +13362-3 0  9997 | 2 42853 096.8748 149.8997 0007392 254.4316 105.6116 15.41161680182766 | 2020/10/17-21:13:22  195.2324    0.1248  105.6932   93.4360     6820.8166     6815.7747     6825.8586 -83.811116  48.584191   0.000529   0.000517
1 42853U 17042AE  20293.18286133  .00005782  00000-0  14118-3 0  9994 | 2 42853  96.8743 151.1225 0007423 248.4911 111.5546 15.41176231182963 | 2020/10/19-04:23:19  302.7732    0.1248  111.6337   93.4351     6820.7737     6815.7106     6825.8367 -84.828392  46.784334   0.000572   0.000473
1 42853U 17042AE  20294.41649358 +.00006669 +00000-0 +16245-3 0  9991 | 2 42853 096.8742 152.2842 0007452 242.8488 117.2001 15.41192292183154 | 2020/10/20-09:59:45   26.9319    0.1248  117.2760   93.4342     6820.7263     6815.6435     6825.8091 -85.759378  45.054852   0.000609   0.000429
1 42853U 17042AE  20296.16952811  .00006944  00000-0  16894-3 0  9992 | 2 42853  96.8743 153.9349 0007544 235.0858 124.9681 15.41215244183424 | 2020/10/22-04:04:07  298.0965    0.1247  125.0389   93.4328     6820.6586     6815.5131     6825.8041 -87.021737  42.565800   0.000660   0.000366
1 42853U 17042AE  20297.40312886 +.00007702 +00000-0 +18706-3 0  9999 | 2 42853 096.8744 155.0965 0007618 229.5848 130.4736 15.41233110183617 | 2020/10/23-09:40:30   22.2425    0.1248  130.5400   93.4317     6820.6059     6815.4099     6825.8018 -87.866853  40.792959   0.000692   0.000318
1 42853U 17042AE  20298.83148956 +.00009623 +00000-0 +23302-3 0  9994 | 2 42853 096.8744 156.4415 0007719 223.3332 136.7310 15.41257566183836 | 2020/10/24-19:57:20  176.5094    0.1248  136.7916   93.4302     6820.5337     6815.2689     6825.7985 -88.800158  38.719263   0.000726   0.000261
1 42853U 17042AE  20299.87028227 +.00009967 +00000-0 +24111-3 0  9997 | 2 42853 096.8743 157.4195 0007825 218.9142 141.1544 15.41276978183992 | 2020/10/25-20:53:12  190.5163    0.1248  141.2106   93.4290     6820.4764     6815.1394     6825.8135 -89.448009  37.197900   0.000751   0.000220
1 42853U 17042AE  20301.55829474 +.00008865 +00000-0 +21446-3 0  9993 | 2 42853 096.8739 159.0089 0007932 211.6201 148.4572 15.41305114184258 | 2020/10/27-13:23:56   78.2665    0.1248  148.5047   93.4273     6820.3934     6814.9835     6825.8034 -90.444968  34.702452   0.000780   0.000146
1 42853U 17042AE  20302.59705591  .00007846  00000-0  18994-3 0  9993 | 2 42853  96.8736 159.9869 0008038 207.4907 152.5917 15.41321354184415 | 2020/10/28-14:19:45   92.2612    0.1248  152.6341   93.4263     6820.3455     6814.8633     6825.8277 -91.023829  33.153535   0.000797   0.000105
1 42853U 17042AE  20303.83056946 +.00009157 +00000-0 +22116-3 0  9992 | 2 42853 096.8732 161.1483 0008151 202.1995 157.8901 15.41344276184603 | 2020/10/29-19:56:01  176.3733    0.1247  157.9252   93.4249     6820.2779     6814.7187     6825.8371 -91.676736  31.301645   0.000814   0.000048
1 42853U 17042AE  20305.12898584  .00006860  00000-0  16607-3 0  9994 | 2 42853  96.8727 162.3708 0008300 197.1750 162.9218 15.41364227184806 | 2020/10/31-03:05:44  283.8533    0.1247  162.9497   93.4237     6820.2191     6814.5583     6825.8798 -92.323214  29.338443   0.000830  -0.000007
1 42853U 17042AE  20306.36246366  .00008870  00000-0  21396-3 0  9990 | 2 42853  96.8723 163.5322 0008418 192.1877 167.9169 15.41388330184993 | 2020/11/01-08:41:56    7.9519    0.1248  167.9371   93.4223     6820.1480     6814.4068     6825.8892 -92.898521  27.461015   0.000839  -0.000063
1 42853U 17042AE  20307.59592237 +.00010798 +00000-0 +25978-3 0  9999 | 2 42853 096.8719 164.6935 0008527 187.5887 172.5234 15.41415095185186 | 2020/11/02-14:18:07   92.0440    0.1248  172.5361   93.4206     6820.0690     6814.2535     6825.8845 -93.435609  25.572484   0.000845  -0.000115
1 42853U 17042AE  20308.82936328 +.00007565 +00000-0 +18251-3 0  9993 | 2 42853 096.8717 165.8550 0008690 182.7266 177.3936 15.41432557185374 | 2020/11/03-19:54:16  176.1289    0.1247  177.3981   93.4196     6820.0175     6814.0909     6825.9441 -93.934587  23.673184   0.000852  -0.000172
1 42853U 17042AE  20309.86803912 +.00007482 +00000-0 +18041-3 0  9995 | 2 42853 096.8717 166.8332 0008820 178.9365 181.1904 15.41448196185537 | 2020/11/04-20:49:58  190.0910    0.1248  181.1883   93.4186     6819.9714     6813.9562     6825.9866 -94.325045  22.066084   0.000855  -0.000217
1 42853U 17042AE  20311.36111887  .00008360  00000-0  20121-3 0  9994 | 2 42853  96.8717 168.2392 0009012 173.1959 186.9414 15.41470287185769 | 2020/11/06-08:40:00    7.6550    0.1248  186.9289   93.4173     6819.9062     6813.7601     6826.0523 -94.838079  19.745000   0.000854  -0.000287
1 42853U 17042AE  20312.59451404  .00008855  00000-0  21283-3 0  9991 | 2 42853  96.8718 169.4006 0009148 168.8593 191.2859 15.41492220185954 | 2020/11/07-14:16:06   91.7236    0.1247  191.2654   93.4160     6819.8415     6813.6027     6826.0803 -95.218903  17.818701   0.000850  -0.000339
1 42853U 17042AE  20316.09985217 +.00008713 +00000+0 +20898-3 0  9997 | 2 42853  96.8719 172.7014 0009561 156.4099 203.7589 15.41556117186499 | 2020/11/11-02:23:47  273.7760    0.1247  203.7148   93.4121     6819.6531     6813.1328     6826.1733 -96.087000  12.306642   0.000820  -0.000491
1 42853U 17042AE  20317.26826863 +.00009234 +00000+0 +22120-3 0  9997 | 2 42853  96.8715 173.8016 0009676 152.4726 207.7037 15.41575722186674 | 2020/11/12-06:26:18  334.4499    0.1248  207.6522   93.4109     6819.5953     6812.9966     6826.1939 -96.305187  10.459370   0.000805  -0.000537
1 42853U 17042AE  20318.56648977 +.00009303 +00000-0 +22266-3 0  9998 | 2 42853 096.8710 175.0240 0009821 147.9355 212.2493 15.41599874186874 | 2020/11/13-13:35:44   81.8582    0.1248  212.1893   93.4095     6819.5240     6812.8266     6826.2215 -96.505905   8.402440   0.000784  -0.000592
1 42853U 17042AE  20319.86469038 +.00009174 +00000-0 +21941-3 0  9996 | 2 42853 096.8704 176.2465 0009938 143.7518 216.4405 15.41623538187070 | 2020/11/14-20:45:09  189.2600    0.1247  216.3729   93.4080     6819.4542     6812.6771     6826.2314 -96.662606   6.341532   0.000761  -0.000639
1 42853U 17042AE  20321.35759645 +.00008212 +00000-0 +19643-3 0  9997 | 2 42853 096.8699 177.6524 0010106 138.6957 221.5057 15.41649063187300 | 2020/11/16-08:34:56    6.7626    0.1247  221.4290   93.4065     6819.3790     6812.4873     6826.2706 -96.788598   3.967974   0.000731  -0.000698
1 42853U 17042AE  20322.52594008 +.00007678 +00000-0 +18367-3 0  9994 | 2 42853 096.8696 178.7527 0010187 134.9673 225.2402 15.41669013187486 | 2020/11/17-12:37:21   67.4115    0.1247  225.1574   93.4053     6819.3201     6812.3733     6826.2670 -96.846647   2.108635   0.000704  -0.000736
1 42853U 17042AE  20323.56445469 +.00008635 +00000-0 +20616-3 0  9999 | 2 42853 096.8696 179.7308 0010290 131.5220 228.6913 15.41688478187648 | 2020/11/18-13:32:48   81.3165    0.1248  228.6028   93.4041     6819.2627     6812.2457     6826.2798 -96.868531   0.455133   0.000679  -0.000774
1 42853U 17042AE  20324.86258095 +.00008137 +00000-0 +19425-3 0  9993 | 2 42853 096.8698 180.9534 0010379 127.5045 232.7148 15.41710052187845 | 2020/11/19-20:42:06  188.6928    0.1247  232.6202   93.4028     6819.1991     6812.1215     6826.2768 -96.856389  -1.611836   0.000646  -0.000813
1 42853U 17042AE  20326.16068724 +.00009679 +00000-0 +23046-3 0  9992 | 2 42853 096.8698 182.1759 0010515 123.3081 236.9176 15.41736247188048 | 2020/11/21-03:51:23  296.0617    0.1248  236.8167   93.4012     6819.1219     6811.9516     6826.2922 -96.799954  -3.677903   0.000610  -0.000856
1 42853U 17042AE  20327.52367318 +.00014052 +00000-0 +33320-3 0  9991 | 2 42853 096.8699 183.4594 0010599 118.9729 241.2584 15.41771909188250 | 2020/11/22-12:34:05   66.7909    0.1249  241.1520   93.3990     6819.0167     6811.7892     6826.2442 -96.693384  -5.845250   0.000568  -0.000895
1 42853U 17042AE  20329.53563314  .00011891  00000-0  28174-3 0  9997 | 2 42853  96.8698 185.3540 0010694 112.6343 247.6038 15.41830125188564 | 2020/11/24-12:51:18   71.1782    0.1249  247.4906   93.3955     6818.8451     6811.5530     6826.1371 -96.447176  -9.038824   0.000502  -0.000944
1 42853U 17042AE  20330.57403730 +.00012485 +00000-0 +29545-3 0  9991 | 2 42853 096.8697 186.3319 0010775 109.3418 250.8996 15.41856549188729 | 2020/11/25-13:46:36   85.0460    0.1248  250.7830   93.3939     6818.7672     6811.4199     6826.1144 -96.278766 -10.683536   0.000467  -0.000971
1 42853U 17042AE  20331.67732031  .00014504  00000-0  34247-3 0  9991 | 2 42853  96.8695 187.3709 0010843 105.9580 254.2864 15.41889472188890 | 2020/11/26-16:15:20  122.2733    0.1248  254.1668   93.3919     6818.6701     6811.2766     6826.0636 -96.069014 -12.427574   0.000429  -0.000996
1 42853U 17042AE  20333.10506049  .00016414  00000-0  38662-3 0  9996 | 2 42853  96.8691 188.7157 0010884 101.3695 258.8777 15.41937322189117 | 2020/11/28-02:31:17  276.3194    0.1249  258.7554   93.3890     6818.5290     6811.1078     6825.9503 -95.750495 -14.678737   0.000374  -0.001022
1 42853U 17042AE  20334.53275644  .00016007  00000-0  37650-3 0  9992 | 2 42853  96.8686 190.0604 0010927  97.0730 263.1761 15.41985103189339 | 2020/11/29-12:47:10   70.3506    0.1248  263.0518   93.3861     6818.3882     6810.9377     6825.8386 -95.379163 -16.921612   0.000322  -0.001044
1 42853U 17042AE  20336.15508059  .00016195  00000-0  38014-3 0  9994 | 2 42853  96.8680 191.5885 0010981  92.1375 268.1131 15.42042768189586 | 2020/12/01-03:43:18  294.4567    0.1248  267.9873   93.3826     6818.2182     6810.7311     6825.7053 -94.893403 -19.458970   0.000261  -0.001067
1 42853U 17042AE  20337.32311881  .00015041  00000-0  35279-3 0  9998 | 2 42853  96.8678 192.6889 0011012  88.6307 271.6203 15.42080136189760 | 2020/12/02-07:45:17  355.0009    0.1249  271.4942   93.3804     6818.1080     6810.5999     6825.6161 -94.502009 -21.277711   0.000216  -0.001080
1 42853U 17042AE  20338.88046262  .00015501  00000-0  36294-3 0  9997 | 2 42853  96.8677 194.1561 0011038  83.8735 276.3771 15.42126234190004 | 2020/12/03-21:07:51  195.7129    0.1249  276.2514   93.3776     6817.9722     6810.4465     6825.4979 -93.926120 -23.690403   0.000154  -0.001093
1 42853U 17042AE  20340.11332712  .00013599  00000-0  31834-3 0  9994 | 2 42853  96.8676 195.3174 0011033  80.0289 280.2204 15.42159967190198 | 2020/12/05-02:43:11  279.5993    0.1248  280.0959   93.3755     6817.8728     6810.3506     6825.3949 -93.426595 -25.589123   0.000103  -0.001099
1 42853U 17042AE  20341.15150879  .00014490  00000-0  33875-3 0  9999 | 2 42853  96.8676 196.2954 0011016  76.8394 283.4083 15.42187955190351 | 2020/12/06-03:38:10  293.3916    0.1249  283.2855   93.3738     6817.7903     6810.2798     6825.3007 -92.976218 -27.180046   0.000060  -0.001100
1 42853U 17042AE  20342.18967125  .00012566  00000-0  29380-3 0  9991 | 2 42853  96.8679 197.2735 0011023  73.7505 286.4955 15.42214698190514 | 2020/12/07-04:33:07  307.1769    0.1248  286.3743   93.3722     6817.7114     6810.1963     6825.2266 -92.498987 -28.763301   0.000020  -0.001102
1 42853U 17042AE  20343.55223258  .00012519  00000-0  29239-3 0  9996 | 2 42853  96.8681 198.5573 0011031  69.7203 290.5231 15.42248791190727 | 2020/12/08-13:15:12   77.7608    0.1250  290.4047   93.3701     6817.6110     6810.0905     6825.1315 -91.831526 -30.828553  -0.000033  -0.001103
1 42853U 17042AE  20344.65523778  .00013843  00000-0  32277-3 0  9995 | 2 42853  96.8682 199.5965 0010975  66.2865 293.9534 15.42275878190893 | 2020/12/09-15:43:32  114.8942    0.1249  293.8384   93.3685     6817.5311     6810.0489     6825.0134 -91.257395 -32.489015  -0.000079  -0.001095
1 42853U 17042AE  20346.14750816  .00016744  00000-0  38942-3 0  9994 | 2 42853  96.8679 201.0024 0010897  61.8708 298.3640 15.42315437191124 | 2020/12/11-03:32:24  292.1815    0.1248  298.2540   93.3661     6817.4146     6809.9856     6824.8435 -90.432521 -34.718139  -0.000135  -0.001081
1 42853U 17042AE  20347.57486269 +.00011208 +00000-0 +26118-3 0  9992 | 2 42853 096.8675 202.3472 0010840 057.3938 302.8355 15.42345458191348 | 2020/12/12-13:47:48   86.0967    0.1249  302.7311   93.3643     6817.3261     6809.9361     6824.7161 -89.592442 -36.830788  -0.000193  -0.001067
1 42853U 17042AE  20348.87243376  .00010386  00000-0  24197-3 0  9997 | 2 42853  96.8669 203.5700 0010776  53.4111 306.8128 15.42371029191543 | 2020/12/13-20:56:18  193.2839    0.1250  306.7139   93.3627     6817.2508     6809.9045     6824.5970 -88.785510 -38.734087  -0.000243  -0.001050
1 42853U 17042AE  20350.55924373  .00008984  00000-0  20936-3 0  9996 | 2 42853  96.8664 205.1596 0010692  48.1536 312.0624 15.42402626191805 | 2020/12/15-13:25:18   80.6164    0.1250  311.9714   93.3608     6817.1576     6809.8687     6824.4466 -87.676399 -41.181896  -0.000307  -0.001024
1 42853U 17042AE  20351.59726364  .00009110  00000-0  21216-3 0  9995 | 2 42853  96.8663 206.1379 0010604  44.8700 315.3404 15.42421690191964 | 2020/12/16-14:20:03   94.3540    0.1249  315.2549   93.3597     6817.1015     6809.8726     6824.3303 -86.960400 -42.672811  -0.000345  -0.001003
1 42853U 17042AE  20353.15427006  .00009678  00000-0  22505-3 0  9991 | 2 42853  96.8661 207.6051 0010483  39.9650 320.2368 15.42450543192200 | 2020/12/18-03:42:08  294.9523    0.1249  320.1599   93.3579     6817.0165     6809.8702     6824.1627 -85.839090 -44.885321  -0.000400  -0.000969
1 42853U 17042AE  20354.51663039  .00007827  00000-0  18228-3 0  9991 | 2 42853  96.8664 208.8890 0010349  35.5627 324.6309 15.42469225192417 | 2020/12/19-12:23:56   65.4692    0.1249  324.5622   93.3568     6816.9614     6809.9065     6824.0163 -84.812083 -46.797543  -0.000446  -0.000934
1 42853U 17042AE  20355.68435093  .00009702  00000-0  22530-3 0  9992 | 2 42853  96.8665 209.9894 0010255  31.8256 328.3611 15.42492277192596 | 2020/12/20-16:25:27  125.9060    0.1250  328.2994   93.3554     6816.8935     6809.9028     6823.8842 -83.897809 -48.417729  -0.000484  -0.000904
1 42853U 17042AE  20357.11154033  .00011529  00000-0  26707-3 0  9994 | 2 42853  96.8666 211.3343 0010108  27.0888 333.0886 15.42523965192819 | 2020/12/22-02:40:37  279.7653    0.1249  333.0361   93.3535     6816.8001     6809.9097     6823.6906 -82.738380 -50.373590  -0.000529  -0.000861
1 42853U 17042AE  20358.14947467  .00013939  00000-0  32214-3 0  9996 | 2 42853  96.8667 212.3123 0009982  23.6739 336.4967 15.42553632192970 | 2020/12/23-03:35:14  293.4735    0.1249  336.4510   93.3517     6816.7127     6809.9083     6823.5172 -81.866611 -51.778525  -0.000558  -0.000827
1 42853U 17042AE  20359.51173703  .00010610  00000-0  24549-3 0  9997 | 2 42853  96.8665 213.5959 0009838  19.3160 340.8459 15.42584362193181 | 2020/12/24-12:16:54   63.9558    0.1249  340.8089   93.3498     6816.6222     6809.9160     6823.3284 -80.686001 -53.599329  -0.000593  -0.000785
1 42853U 17042AE  20360.54963115  .00010957  00000-0  25323-3 0  9991 | 2 42853  96.8665 214.5740 0009739  16.0427 344.1128 15.42610270193346 | 2020/12/25-13:11:28   77.6489    0.1249  344.0822   93.3483     6816.5459     6809.9072     6823.1845 -79.759291 -54.968848  -0.000618  -0.000753
1 42853U 17042AE  20361.84697682  .00009945  00000-0  22983-3 0  9992 | 2 42853  96.8664 215.7970 0009604  11.6212 348.5256 15.42637433193549 | 2020/12/26-20:19:38  184.7578    0.1249  348.5037   93.3466     6816.4659     6809.9193     6823.0124 -78.567799 -56.658630  -0.000650  -0.000707
1 42853U 17042AE  20363.14430106  .00010987  00000-0  25349-3 0  9990 | 2 42853  96.8660 217.0198 0009433   7.0290 353.1089 15.42664960193740 | 2020/12/28-03:27:47  291.8593    0.1249  353.0959   93.3450     6816.3848     6809.9549     6822.8147 -77.340477 -58.322144  -0.000678  -0.000656
1 42853U 17042AE  20364.50646304  .00011976  00000-0  27581-3 0  9999 | 2 42853  96.8656 218.3037 0009282   2.3102 357.8188 15.42699712193950 | 2020/12/29-12:09:18   62.3053    0.1249  357.8147   93.3429     6816.2824     6809.9555     6822.6093 -76.013957 -60.040177  -0.000705  -0.000604
1 42853U 17042AE  20365.54428166  .00012854  00000-0  29563-3 0  9996 | 2 42853  96.8653 219.2819 0009152 358.7027   1.4197 15.42725236194117 | 2020/12/30-13:03:45   75.9713    0.1250    1.4223   93.3413     6816.2072     6809.9690     6822.4454 -74.977642 -61.328946  -0.000721  -0.000563
1 42853U 17042AE  20366.58208318  .00010131  00000-0  23328-3 0  9995 | 2 42853  96.8651 220.2603 0009022 354.9359   5.1797 15.42747582194272 | 2020/12/31-13:58:11   89.6311    0.1249    5.1890   93.3400     6816.1414     6809.9919     6822.2909 -73.919337 -62.600153  -0.000737  -0.000520
1 42853U 17042AE  21001.87931531  .00009354  00000-0  21538-3 0  9990 | 2 42853  96.8649 221.4832 0008863 350.1423   9.9650 15.42772281194474 | 2021/01/01-21:06:12  196.6987    0.1249    9.9826   93.3385     6816.0687     6810.0276     6822.1097 -72.566338 -64.163350  -0.000755  -0.000465
1 42853U 17042AE  21003.04680865  .00008521  00000-0  19625-3 0  9991 | 2 42853  96.8653 222.5837 0008740 345.8170  14.2833 15.42791393194657 | 2021/01/03-01:07:24  257.0536    0.1250   14.3080   93.3373     6816.0124     6810.0552     6821.9696 -71.320915 -65.545507  -0.000769  -0.000416
1 42853U 17042AE  21004.14942826  .00008424  00000-0  19395-3 0  9997 | 2 42853  96.8653 223.6230 0008592 341.7043  18.3895 15.42808961194827 | 2021/01/04-03:35:10  294.0506    0.1249   18.4206   93.3362     6815.9606     6810.1044     6821.8169 -70.120304 -66.828357  -0.000777  -0.000368
1 42853U 17042AE  21005.51147204  .00008172  00000-0  18809-3 0  9995 | 2 42853  96.8655 224.9070 0008425 336.4602  23.6260 15.42828857195037 | 2021/01/05-12:16:31   64.4525    0.1249   23.6647   93.3350     6815.9020     6810.1596     6821.6444 -68.605339 -68.382985  -0.000785  -0.000307
1 42853U 17042AE  21006.54920564  .00010829  00000-0  24842-3 0  9993 | 2 42853  96.8655 225.8851 0008294 332.4881  27.5928 15.42850415195199 | 2021/01/06-13:10:51   78.0866    0.1250   27.6369   93.3337     6815.8385     6810.1855     6821.4916 -67.428029 -69.544130  -0.000787  -0.000261
1 42853U 17042AE  21007.58692457  .00009189  00000-0  21097-3 0  9991 | 2 42853  96.8656 226.8633 0008198 328.2533  31.8221 15.42869271195351 | 2021/01/07-14:05:10   91.7155    0.1250   31.8717   93.3326     6815.7830     6810.1954     6821.3706 -66.231014 -70.685198  -0.000791  -0.000214
1 42853U 17042AE  21009.14348113  .00007723  00000-0  17748-3 0  9992 | 2 42853  96.8657 228.3307 0008036 321.9197  38.1483 15.42893981195595 | 2021/01/09-03:26:36  292.1501    0.1249   38.2052   93.3311     6815.7102     6810.2331     6821.1873 -64.399243 -72.358147  -0.000791  -0.000143
1 42853U 17042AE  21010.57030608  .00006485  00000-0  14927-3 0  9998 | 2 42853  96.8654 229.6759 0007897 315.9605  44.1014 15.42911614195814 | 2021/01/10-13:41:14   85.8743    0.1249   44.1644   93.3300     6815.6583     6810.2760     6821.0406 -62.682619 -73.849814  -0.000786  -0.000078
1 42853U 17042AE  21011.86740422  .00007286  00000-0  16736-3 0  9993 | 2 42853  96.8650 230.8988 0007754 310.5091  49.5482 15.42930009196010 | 2021/01/11-20:49:03  192.8899    0.1250   49.6159   93.3289     6815.6041     6810.3193     6820.8889 -61.091986 -75.170456  -0.000775  -0.000019
1 42853U 17042AE  21013.16448111  .00009041  00000-0  20703-3 0  9998 | 2 42853  96.8647 232.1219 0007627 305.1235  54.9299 15.42957434196216 | 2021/01/13-03:56:51  299.8968    0.1250   55.0015   93.3273     6815.5234     6810.3252     6820.7216 -59.473332 -76.457131  -0.000762   0.000037
1 42853U 17042AE  21014.33183451  .00006210  00000-0  14273-3 0  9991 | 2 42853  96.8644 233.2226 0007552 299.9245  60.1253 15.42973531196395 | 2021/01/14-07:57:50    0.1975    0.1249   60.2004   93.3263     6815.4760     6810.3289     6820.6230 -57.993463 -77.585245  -0.000750   0.000090
1 42853U 17042AE  21015.49917725  .00005896  00000-0  13553-3 0  9997 | 2 42853  96.8642 234.3233 0007472 294.7856  65.2615 15.42988274196573 | 2021/01/15-11:58:48   60.4935    0.1249   65.3393   93.3254     6815.4326     6810.3401     6820.5250 -56.492259 -78.684801  -0.000734   0.000141
1 42853U 17042AE  21016.53680628  .00005731  00000-0  13174-3 0  9999 | 2 42853  96.8643 235.3016 0007411 290.0897  69.9554 15.43000609196730 | 2021/01/16-12:53:00   74.0864    0.1249   70.0352   93.3247     6815.3962     6810.3453     6820.4471 -55.140639 -79.637947  -0.000717   0.000187
1 42853U 17042AE  21017.57442696  .00006482  00000-0  14869-3 0  9991 | 2 42853  96.8643 236.2798 0007355 285.7178  74.3259 15.43014606196898 | 2021/01/17-13:47:10   87.6758    0.1249   74.4071   93.3238     6815.3550     6810.3423     6820.3677 -53.773025 -80.567701  -0.000699   0.000227
1 42853U 17042AE  21018.87144033  .00006950  00000-0  15922-3 0  9990 | 2 42853  96.8644 237.5026 0007299 279.7820  80.2604 15.43031533197092 | 2021/01/18-20:54:52  194.6575    0.1248   80.3428   93.3228     6815.3052     6810.3307     6820.2797 -52.041497 -81.696968  -0.000673   0.000282
1 42853U 17042AE  21019.90903971  .00007315  00000-0  16740-3 0  9994 | 2 42853  96.8647 238.4808 0007271 274.9402  85.1017 15.43046666197259 | 2021/01/19-21:49:01  208.2383    0.1249   85.1847   93.3219     6815.2606     6810.3052     6820.2160 -50.639340 -82.573769  -0.000650   0.000325
1 42853U 17042AE  21021.53026717  .00007589  00000-0  17345-3 0  9995 | 2 42853  96.8649 240.0093 0007269 267.5627  92.4790 15.43072802197508 | 2021/01/21-12:43:35   71.9498    0.1249   92.5622   93.3203     6815.1837     6810.2297     6820.1376 -48.418833 -83.895324  -0.000614   0.000390
1 42853U 17042AE  21022.56783839  .00006401  00000-0  14651-3 0  9993 | 2 42853  96.8649 240.9876 0007249 262.7910  97.2515 15.43087974197667 | 2021/01/22-13:37:41   85.5190    0.1249   97.3339   93.3194     6815.1390     6810.1987     6820.0793 -46.979369 -84.709785  -0.000585   0.000428
1 42853U 17042AE  21023.60539890  .00008162  00000-0  18618-3 0  9998 | 2 42853  96.8649 241.9658 0007248 258.0112 102.0325 15.43106292197824 | 2021/01/23-14:31:46   99.0841    0.1249  102.1137   93.3183     6815.0850     6810.1455     6820.0246 -45.526359 -85.499471  -0.000555   0.000466
1 42853U 17042AE  21025.16171786  .00008523  00000-0  19416-3 0  9995 | 2 42853  96.8647 243.4334 0007255 251.0030 109.0434 15.43133053198060 | 2021/01/25-03:52:52  299.4226    0.1250  109.1220   93.3166     6815.0063     6810.0620     6819.9505 -43.321553 -86.637250  -0.000508   0.000518
1 42853U 17042AE  21026.52346867  .00015901  00000-0  35990-3 0  9993 | 2 42853  96.8643 244.7175 0007297 245.0368 115.0123 15.43174290198279 | 2021/01/26-12:33:47   69.7083    0.1248  115.0880   93.3142     6814.8848     6809.9120     6819.8577 -41.368971 -87.585963  -0.000467   0.000561
1 42853U 17042AE  21028.53361435  .00011712  00000-0  26526-3 0  9995 | 2 42853  96.8636 246.6131 0007387 235.8572 124.1977 15.43220873198589 | 2021/01/28-12:48:24   73.4406    0.1249  124.2677   93.3113     6814.7477     6809.7137     6819.7818 -38.448848 -88.905810  -0.000397   0.000623
1 42853U 17042AE  21030.08982014  .00006980  00000-0  15877-3 0  9998 | 2 42853  96.8634 248.0810 0007449 228.8488 131.2119 15.43243360198824 | 2021/01/30-02:09:20  273.7349    0.1249  131.2761   93.3100     6814.6815     6809.6053     6819.7578 -36.158666 -89.861388  -0.000337   0.000664
1 42853U 17042AE  21031.84052437  .00006732  00000-0  15306-3 0  9992 | 2 42853  96.8634 249.7321 0007585 221.3428 138.7248 15.43268535199098 | 2021/01/31-20:10:21  184.0560    0.1249  138.7821   93.3085     6814.6074     6809.4385     6819.7763 -33.554464 -90.865924  -0.000273   0.000708
1 42853U 17042AE  21033.07248468  .00007419  00000-0  16837-3 0  9993 | 2 42853  96.8636 250.8939 0007695 216.1152 143.9578 15.43287294199284 | 2021/02/02-01:44:22  267.6088    0.1248  144.0096   93.3073     6814.5522     6809.3084     6819.7960 -31.705248 -91.527778  -0.000225   0.000736
1 42853U 17042AE  21034.49894306  .00008666  00000-0  19617-3 0  9992 | 2 42853  96.8638 252.2390 0007813 210.1974 149.8826 15.43314351199502 | 2021/02/03-11:58:28   61.1877    0.1249  149.9275   93.3057     6814.4725     6809.1484     6819.7967 -29.548025 -92.247005  -0.000168   0.000763
1 42853U 17042AE  21035.53634940  .00010281  00000-0  23215-3 0  9999 | 2 42853  96.8640 253.2172 0007899 205.7861 154.2996 15.43338819199663 | 2021/02/04-12:52:20   74.6926    0.1249  154.3388   93.3042     6814.4005     6809.0178     6819.7832 -27.968938 -92.738196  -0.000124   0.000780
1 42853U 17042AE  21036.57374337  .00008292  00000-0  18752-3 0  9994 | 2 42853  96.8641 254.1955 0008001 201.5204 158.5710 15.43355433199824 | 2021/02/05-13:46:11   88.1929    0.1249  158.6045   93.3032     6814.3516     6808.8994     6819.8038 -26.381501 -93.202308  -0.000080   0.000796
1 42853U 17042AE  21037.87047155  .00005979  00000-0  13564-3 0  9998 | 2 42853  96.8641 255.4185 0008139 196.2290 163.8699 15.43371294200023 | 2021/02/06-20:53:28  195.0627    0.1248  163.8958   93.3022     6814.3049     6808.7587     6819.8511 -24.386204 -93.744157  -0.000023   0.000814
1 42853U 17042AE  21039.10234549  .00010590  00000-0  23857-3 0  9992 | 2 42853  96.8641 256.5805 0008248 191.4911 168.6151 15.43399788200217 | 2021/02/08-02:27:22  278.5822    0.1248  168.6337   93.3005     6814.2210     6808.6007     6819.8414 -22.480120 -94.219415   0.000028   0.000824
1 42853U 17042AE  21040.39903564  .00006995  00000-0  15813-3 0  9992 | 2 42853  96.8637 257.8036 0008407 186.5888 173.5252 15.43418102200418 | 2021/02/09-09:34:36   25.4378    0.1249  173.5361   93.2994     6814.1671     6808.4385     6819.8958 -20.463753 -94.677406   0.000082   0.000837
1 42853U 17042AE  21041.50120937  .00006085  00000-0  13772-3 0  9993 | 2 42853  96.8634 258.8433 0008501 182.3160 177.8051 15.43433941200589 | 2021/02/10-12:01:44   62.2599    0.1248  177.8088   93.2985     6814.1205     6808.3278     6819.9132 -18.742386 -95.032843   0.000131   0.000840
1 42853U 17042AE  21042.53854000  .00005782  00000-0  13089-3 0  9996 | 2 42853  96.8632 259.8217 0008637 178.3805 181.7474 15.43447153200740 | 2021/02/11-12:55:29   75.7362    0.1249  181.7444   93.2977     6814.0816     6808.1963     6819.9670 -17.116888 -95.338826   0.000177   0.000845
1 42853U 17042AE  21043.57586246  .00005919  00000-0  13389-3 0  9990 | 2 42853  96.8630 260.8002 0008752 174.4953 185.6394 15.43459968200900 | 2021/02/12-13:49:14   89.2094    0.1249  185.6296   93.2969     6814.0439     6808.0803     6820.0076 -15.486238 -95.617034   0.000222   0.000847
1 42853U 17042AE  21045.58564624  .00008221  00000-0  18502-3 0  9990 | 2 42853  96.8625 262.6960 0008980 167.3979 192.7497 15.43492563201215 | 2021/02/14-14:03:19   92.8038    0.1249  192.7270   93.2949     6813.9480     6807.8291     6820.0669 -12.314503 -96.076516   0.000306   0.000844
1 42853U 17042AE  21046.81742813  .00006601  00000-0  14882-3 0  9992 | 2 42853  96.8626 263.8578 0009080 162.9289 197.2267 15.43510110201406 | 2021/02/15-19:37:05  176.2896    0.1248  197.1959   93.2938     6813.8963     6807.7093     6820.0834 -10.363950 -96.306551   0.000358   0.000834
1 42853U 17042AE  21048.37334033  .00008268  00000-0  18576-3 0  9991 | 2 42853  96.8627 265.3254 0009262 157.5936 202.5719 15.43537807201646 | 2021/02/17-08:57:36   16.4740    0.1248  202.5312   93.2922     6813.8148     6807.5039     6820.1258  -7.893988 -96.540497   0.000422   0.000825
1 42853U 17042AE  21049.54025505  .00008073  00000-0  18129-3 0  9990 | 2 42853  96.8629 266.4260 0009392 153.4679 206.7053 15.43559505201826 | 2021/02/18-12:57:58   76.6052    0.1249  206.6570   93.2909     6813.7510     6807.3515     6820.1504  -6.038203 -96.674513   0.000471   0.000813
1 42853U 17042AE  21050.83680962  .00007585  00000-0  17032-3 0  9997 | 2 42853  96.8631 267.6489 0009514 149.0314 211.1498 15.43580651202020 | 2021/02/19-20:05:00  183.4119    0.1249  211.0935   93.2896     6813.6887     6807.2062     6820.1713  -3.973607 -96.781561   0.000523   0.000795
1 42853U 17042AE  21052.06851370  .00010149  00000-0  22698-3 0  9991 | 2 42853  96.8633 268.8107 0009620 144.9235 215.2650 15.43611767202215 | 2021/02/21-01:38:39  266.8703    0.1249  215.2014   93.2877     6813.5972     6807.0425     6820.1519  -2.010467 -96.842433   0.000569   0.000776
1 42853U 17042AE  21053.55948407  .00013595  00000-0  30283-3 0  9991 | 2 42853  96.8634 270.2173 0009746 140.0271 220.1698 15.43661811202449 | 2021/02/22-13:25:39   83.6742    0.1249  220.0978   93.2847     6813.4499     6806.8095     6820.0903   0.367363 -96.862703   0.000623   0.000749
1 42853U 17042AE  21055.05041509  .00013295  00000-0  29578-3 0  9997 | 2 42853  96.8628 271.6238 0009893 135.1173 225.0878 15.43701720202671 | 2021/02/24-01:12:35  260.4642    0.1249  225.0076   93.2823     6813.3325     6806.5921     6820.0729   2.744788 -96.823903   0.000678   0.000720
1 42853U 17042AE  21056.34684563  .00014947  00000-0  33184-3 0  9996 | 2 42853  96.8623 272.8471 0010037 130.8378 229.3743 15.43737797202872 | 2021/02/25-08:19:27    7.2267    0.1249  229.2871   93.2801     6813.2263     6806.3879     6820.0648   4.811230 -96.742737   0.000726   0.000693
1 42853U 17042AE  21057.83770406  .00012528  00000-0  27813-3 0  9998 | 2 42853  96.8618 274.2540 0010104 125.9581 234.2607 15.43775279203103 | 2021/02/26-20:06:17  183.9916    0.1249  234.1668   93.2778     6813.1161     6806.2321     6820.0000   7.185025 -96.594947   0.000772   0.000652
1 42853U 17042AE  21058.87480415  .00010009  00000-0  22248-3 0  9990 | 2 42853  96.8615 275.2325 0010157 122.7654 237.4576 15.43794668203266 | 2021/02/27-20:59:43  197.3872    0.1250  237.3596   93.2767     6813.0590     6806.1390     6819.9790   8.833523 -96.457862   0.000800   0.000625
1 42853U 17042AE  21060.04152679  .00007680  00000-0  17103-3 0  9995 | 2 42853  96.8613 276.3333 0010207 119.1174 241.1099 15.43813149203446 | 2021/03/01-00:59:47  257.4522    0.1250  241.0076   93.2755     6813.0046     6806.0506     6819.9587  10.684962 -96.270157   0.000831   0.000592
1 42853U 17042AE  21061.33786238  .00012298  00000-0  27239-3 0  9994 | 2 42853  96.8613 277.5563 0010295 115.1255 245.1064 15.43847162203647 | 2021/03/02-08:06:31    4.1831    0.1249  244.9994   93.2735     6812.9046     6805.8907     6819.9185  12.737294 -96.020169   0.000867   0.000556
1 42853U 17042AE  21062.82860934  .00016099  00000-0  35529-3 0  9999 | 2 42853  96.8616 278.9627 0010387 110.3825 249.8541 15.43895409203871 | 2021/03/03-19:53:11  180.9103    0.1249  249.7424   93.2706     6812.7626     6805.6862     6819.8390  15.090208 -95.678917   0.000905   0.000509
1 42853U 17042AE  21064.06006218  .00012034  00000-0  26584-3 0  9990 | 2 42853  96.8618 280.1245 0010418 106.6031 253.6363 15.43928793204066 | 2021/03/05-01:26:29  264.2825    0.1249  253.5218   93.2686     6812.6644     6805.5670     6819.7619  17.027112 -95.353478   0.000930   0.000469
1 42853U 17042AE  21065.09705792  .00010848  00000-0  23967-3 0  9990 | 2 42853  96.8620 281.1030 0010434 103.3268 256.9146 15.43950478204224 | 2021/03/06-02:19:45  277.6426    0.1250  256.7982   93.2672     6812.6006     6805.4924     6819.7089  18.653040 -95.048993   0.000950   0.000432
1 42853U 17042AE  21066.52290193  .00011515  00000-0  25399-3 0  9996 | 2 42853  96.8622 282.4485 0010448  98.9429 261.3003 15.43982942204444 | 2021/03/07-12:32:58   71.0045    0.1249  261.1820   93.2653     6812.5051     6805.3874     6819.6228  20.879808 -94.584985   0.000973   0.000381
1 42853U 17042AE  21068.07833620  .00010669  00000-0  23523-3 0  9992 | 2 42853  96.8620 283.9164 0010478  94.2942 265.9505 15.44013922204681 | 2021/03/09-01:52:48  271.0245    0.1249  265.8307   93.2634     6812.4140     6805.2760     6819.5521  23.295881 -94.018876   0.000995   0.000327
1 42853U 17042AE  21069.11527488  .00009885  00000-0  21795-3 0  9997 | 2 42853  96.8617 284.8950 0010485  91.1265 269.1186 15.44034209204842 | 2021/03/10-02:45:59  284.3655    0.1250  268.9985   93.2622     6812.3543     6805.2116     6819.4971  24.898151 -93.607003   0.001008   0.000289
1 42853U 17042AE  21070.15220275  .00008496  00000-0  18750-3 0  9991 | 2 42853  96.8615 285.8737 0010516  88.0010 272.2444 15.44049209205009 | 2021/03/11-03:39:10  297.7026    0.1250  272.1240   93.2613     6812.3102     6805.1464     6819.4740  26.493338 -93.167877   0.001021   0.000252
1 42853U 17042AE  21071.83718690  .00009556  00000-0  21045-3 0  9999 | 2 42853  96.8610 287.4640 0010482  82.6180 277.6260 15.44077202205262 | 2021/03/12-20:05:32  184.3688    0.1249  277.5069   93.2596     6812.2279     6805.0873     6819.3685  29.068616 -92.396260   0.001032   0.000183
1 42853U 17042AE  21072.87407855  .00013528  00000-0  29678-3 0  9996 | 2 42853  96.8606 288.4425 0010467  79.4016 280.8412 15.44107652205420 | 2021/03/13-20:58:40  197.6945    0.1250  280.7234   93.2577     6812.1383     6805.0081     6819.2686  30.642121 -91.885996   0.001037   0.000143
1 42853U 17042AE  21074.10535716  .00015805  00000-0  34584-3 0  9994 | 2 42853  96.8602 289.6046 0010412  75.7252 284.5153 15.44151300205612 | 2021/03/15-02:31:42  281.0086    0.1250  284.3998   93.2551     6812.0100     6804.9173     6819.1026  32.499232 -91.245264   0.001037   0.000097
1 42853U 17042AE  21075.33660781  .00010680  00000-0  23417-3 0  9990 | 2 42853  96.8601 290.7665 0010383  72.1033 288.1348 15.44179273205802 | 2021/03/16-08:04:42    4.3129    0.1250  288.0217   93.2534     6811.9277     6804.8549     6819.0005  34.342748 -90.567404   0.001037   0.000052
1 42853U 17042AE  21076.37343624  .00009050  00000-0  19863-3 0  9998 | 2 42853  96.8602 291.7450 0010330  68.9004 291.3349 15.44196586205969 | 2021/03/17-08:57:44   17.6174    0.1250  291.2246   93.2524     6811.8768     6804.8401     6818.9134  35.884416 -89.967811   0.001033   0.000012
1 42853U 17042AE  21078.05825780  .00007941  00000-0  17436-3 0  9994 | 2 42853  96.8603 293.3350 0010258  63.7001 296.5301 15.44223558206221 | 2021/03/19-01:23:53  264.2289    0.1250  296.4249   93.2507     6811.7974     6804.8099     6818.7850  38.366992 -88.937572   0.001024  -0.000053
1 42853U 17042AE  21079.09505464  .00009526  00000-0  20865-3 0  9994 | 2 42853  96.8605 294.3133 0010237  60.3520 299.8748 15.44244487206381 | 2021/03/20-02:16:52  277.5228    0.1250  299.7730   93.2495     6811.7359     6804.7627     6818.7091  39.879978 -88.269722   0.001019  -0.000095
1 42853U 17042AE  21080.13183147  .00016616  00000-0  36191-3 0  9998 | 2 42853  96.8606 295.2917 0010161  57.1336 303.0890 15.44281418206546 | 2021/03/21-03:09:50  290.8101    0.1250  302.9914   93.2473     6811.6273     6804.7060     6818.5486  41.381453 -87.575974   0.001007  -0.000134
1 42853U 17042AE  21081.36296993  .00017176  00000-0  37347-3 0  9994 | 2 42853  96.8609 296.4536 0010041  53.2643 306.9528 15.44327378206731 | 2021/03/22-08:42:40   14.0770    0.1251  306.8608   93.2445     6811.4922     6804.6527     6818.3316  43.148908 -86.719120   0.000988  -0.000179
1 42853U 17042AE  21082.59407844  .00014239  00000-0  30965-3 0  9995 | 2 42853  96.8607 297.6160 0009964  49.3380 310.8734 15.44361823206928 | 2021/03/23-14:15:28   97.3328    0.1250  310.7870   93.2424     6811.3909     6804.6040     6818.1777  44.899147 -85.825764   0.000971  -0.000225
1 42853U 17042AE  21083.82516050  .00014687  00000-0  31899-3 0  9996 | 2 42853  96.8604 298.7782 0009877  45.6027 314.6030 15.44394823207116 | 2021/03/24-19:48:13  180.5793    0.1250  314.5223   93.2404     6811.2938     6804.5663     6818.0214  46.630555 -84.897164   0.000951  -0.000266
1 42853U 17042AE  21084.86183973  .00014628  00000-0  31740-3 0  9995 | 2 42853  96.8600 299.7569 0009786  42.3508 317.8495 15.44424096207276 | 2021/03/25-20:41:02  193.8323    0.1250  317.7742   93.2386     6811.2078     6804.5423     6817.8732  48.073657 -84.087948   0.000931  -0.000301
1 42853U 17042AE  21085.89849926  .00015635  00000-0  33875-3 0  9996 | 2 42853  96.8596 300.7357 0009712  38.8834 321.3113 15.44454373207435 | 2021/03/26-21:33:50  207.0783    0.1251  321.2417   93.2368     6811.1188     6804.5038     6817.7337  49.502867 -83.254119   0.000910  -0.000338
1 42853U 17042AE  21087.32387574  .00013268  00000-0  28749-3 0  9996 | 2 42853  96.8591 302.0813 0009530  34.2168 325.9694 15.44489498207654 | 2021/03/28-07:46:22    0.2817    0.1250  325.9082   93.2347     6811.0155     6804.5246     6817.5064  51.444006 -82.068261   0.000873  -0.000383
1 42853U 17042AE  21088.81400969  .00011821  00000-0  25611-3 0  9993 | 2 42853  96.8586 303.4879 0009375  29.2612 330.9161 15.44521516207888 | 2021/03/29-19:32:10  176.8010    0.1250  330.8638   93.2328     6810.9214     6804.5361     6817.3066  53.442785 -80.780301   0.000833  -0.000429
1 42853U 17042AE  21089.85060780  .00009320  00000-0  20222-3 0  9995 | 2 42853  96.8583 304.4664 0009263  25.7942 334.3768 15.44539195208043 | 2021/03/30-20:24:52  190.0258    0.1250  334.3308   93.2317     6810.8694     6804.5605     6817.1783  54.814325 -79.855620   0.000804  -0.000459
1 42853U 17042AE  21091.08154971  .00011924  00000-0  25794-3 0  9991 | 2 42853  96.8584 305.6284 0009137  21.7704 338.3932 15.44568207208231 | 2021/04/01-01:57:25  273.2236    0.1250  338.3546   93.2299     6810.7841     6804.5611     6817.0071  56.422530 -78.727681   0.000770  -0.000492
1 42853U 17042AE  21092.11811469  .00011941  00000-0  25809-3 0  9994 | 2 42853  96.8585 306.6067 0009008  18.2417 341.9154 15.44592041208397 | 2021/04/02-02:50:05  286.4368    0.1250  341.8833   93.2285     6810.7140     6804.5790     6816.8491  57.758540 -77.752943   0.000737  -0.000519
1 42853U 17042AE  21093.34901593  .00011549  00000-0  24948-3 0  9995 | 2 42853  96.8589 307.7686 0008881  14.3317 345.8183 15.44618109208584 | 2021/04/03-08:22:34    9.6197    0.1250  345.7933   93.2269     6810.6374     6804.5889     6816.6859  59.323551 -76.566068   0.000701  -0.000546
1 42853U 17042AE  21094.83902670  .00008934  00000-0  19327-3 0  9996 | 2 42853  96.8591 309.1752 0008719   8.7086 351.4313 15.44645439208817 | 2021/04/04-20:08:11  186.0957    0.1250  351.4164   93.2253     6810.5571     6804.6190     6816.4952  61.185294 -75.086916   0.000647  -0.000585
1 42853U 17042AE  21096.39379437  .00008456  00000-0  18287-3 0  9991 | 2 42853  96.8591 310.6431 0008516   2.9177 357.2121 15.44671534209053 | 2021/04/06-09:27:03   25.8867    0.1250  357.2073   93.2237     6810.4804     6804.6806     6816.2802  63.088708 -73.494899   0.000587  -0.000617
1 42853U 17042AE  21097.55985215  .00009685  00000-0  20904-3 0  9991 | 2 42853  96.8589 311.7442 0008367 358.6936   1.4291 15.44694266209235 | 2021/04/07-13:26:11   85.7229    0.1251    1.4315   93.2223     6810.4136     6804.7153     6816.1118  64.489250 -72.268825   0.000543  -0.000637
1 42853U 17042AE  21098.79067202  .00009974  00000-0  21505-3 0  9994 | 2 42853  96.8585 312.9064 0008194 354.3175   5.7981 15.44718477209425 | 2021/04/08-18:58:34  168.8761    0.1251    5.8076   93.2209     6810.3424     6804.7620     6815.9228  65.941527 -70.945641   0.000496  -0.000652
1 42853U 17042AE  21099.82713764  .00008415  00000-0  18162-3 0  9994 | 2 42853  96.8582 313.8851 0008071 350.4771   9.6324 15.44735963209589 | 2021/04/09-19:51:04  182.0527    0.1250    9.6479   93.2198     6810.2910     6804.7944     6815.7876  67.143501 -69.808747   0.000456  -0.000666
1 42853U 17042AE  21101.12270538  .00008018  00000-0  17304-3 0  9994 | 2 42853  96.8576 315.1083 0007915 345.4593  14.6428 15.44755241209780 | 2021/04/11-02:56:41  288.5182    0.1251   14.6658   93.2187     6810.2343     6804.8440     6815.6246  68.618000 -68.359087   0.000403  -0.000682
1 42853U 17042AE  21102.54780916  .00008933  00000-0  19243-3 0  9997 | 2 42853  96.8572 316.4538 0007753 339.8212  20.2730 15.44779961210001 | 2021/04/12-13:08:50   81.6226    0.1250   20.3038   93.2172     6810.1617     6804.8818     6815.4416  70.203947 -66.728727   0.000343  -0.000695
1 42853U 17042AE  21104.55586740  .00009328  00000-0  20060-3 0  9997 | 2 42853  96.8568 318.3496 0007541 331.5276  28.5561 15.44818840210311 | 2021/04/14-13:20:26   84.6175    0.1250   28.5974   93.2148     6810.0474     6804.9120     6815.1829  72.372736 -64.369456   0.000256  -0.000709
1 42853U 17042AE  21105.59226472  .00012235  00000-0  26229-3 0  9999 | 2 42853  96.8567 319.3278 0007411 327.2411  32.8378 15.44843355210478 | 2021/04/15-14:12:51   97.7687    0.1250   32.8839   93.2133     6809.9754     6804.9285     6815.0223  73.461027 -63.124463   0.000211  -0.000710
1 42853U 17042AE  21106.88774103  .00009344  00000-0  20063-3 0  9998 | 2 42853  96.8568 320.5509 0007254 321.8553  38.2182 15.44866276210674 | 2021/04/16-21:18:20  204.1994    0.1250   38.2697   93.2120     6809.9080     6804.9681     6814.8479  74.791790 -61.542082   0.000156  -0.000708
1 42853U 17042AE  21108.11841114  .00015111  00000-0  32268-3 0  9992 | 2 42853  96.8568 321.7127 0007163 316.5632  43.5053 15.44915003210861 | 2021/04/18-02:50:30  287.2968    0.1250   43.5618   93.2090     6809.7648     6804.8870     6814.6427  76.024232 -60.012964   0.000103  -0.000709
1 42853U 17042AE  21109.21950567  .00015674  00000-0  33416-3 0  9997 | 2 42853  96.8570 322.7524 0007037 311.8802  48.1847 15.44956267211032 | 2021/04/19-05:16:05  323.7400    0.1250   48.2448   93.2065     6809.6436     6804.8516     6814.4355  77.100822 -58.623730   0.000057  -0.000701
1 42853U 17042AE  21110.32057319  .00015839  00000-0  33722-3 0  9997 | 2 42853  96.8571 323.7920 0006988 306.7779  53.2829 15.44994243211206 | 2021/04/20-07:41:37    0.1741    0.1250   53.3471   93.2042     6809.5320     6804.7735     6814.2905  78.151848 -57.215265   0.000007  -0.000699
1 42853U 17042AE  21111.35684818  .00014640  00000-0  31153-3 0  9996 | 2 42853  96.8572 324.7706 0006929 302.1046  57.9531 15.45027657211367 | 2021/04/21-08:33:51   13.2790    0.1250   58.0204   93.2022     6809.4338     6804.7156     6814.1521  79.117708 -55.872225  -0.000038  -0.000692
1 42853U 17042AE  21112.39310421  .00011462  00000-0  24415-3 0  9999 | 2 42853  96.8571 325.7493 0006874 297.2458  62.8091 15.45052545211528 | 2021/04/22-09:26:04   26.3767    0.1250   62.8792   93.2007     6809.3607     6804.6799     6814.0414  80.060420 -54.512631  -0.000084  -0.000682
1 42853U 17042AE  21114.33604537  .00011813  00000-0  25121-3 0  9994 | 2 42853  96.8565 327.5844 0006758 288.1331  71.9183 15.45094080211827 | 2021/04/24-08:03:54    5.9189    0.1250   71.9919   93.1982     6809.2387     6804.6370     6813.8403  81.764514 -51.920572  -0.000167  -0.000655
1 42853U 17042AE  21115.37225471  .00013663  00000-0  28994-3 0  9991 | 2 42853  96.8561 328.5632 0006731 283.4739  76.5761 15.45125326211988 | 2021/04/25-08:56:02   18.9982    0.1250   76.6511   93.1963     6809.1469     6804.5636     6813.7301  82.639173 -50.516049  -0.000208  -0.000640
1 42853U 17042AE  21116.53796265  .00017841  00000-0  37733-3 0  9997 | 2 42853  96.8555 329.6642 0006682 278.2320  81.8173 15.45169087212166 | 2021/04/26-12:54:39   78.7018    0.1251   81.8931   93.1937     6809.0183     6804.4685     6813.5681  83.594058 -48.918517  -0.000251  -0.000619
1 42853U 17042AE  21117.83315990  .00013508  00000-0  28589-3 0  9998 | 2 42853  96.8549 330.8873 0006697 272.2539  87.7945 15.45205708212366 | 2021/04/27-19:59:45  185.0272    0.1251   87.8712   93.1915     6808.9107     6804.3508     6813.4706  84.618678 -47.122722  -0.000303  -0.000597
1 42853U 17042AE  21119.12832934  .00012223  00000-0  25861-3 0  9997 | 2 42853  96.8546 332.1101 0006737 266.2052  93.8428 15.45237310212560 | 2021/04/29-03:04:47  291.3424    0.1250   93.9198   93.1896     6808.8179     6804.2308     6813.4050  85.604754 -45.306065  -0.000354  -0.000573
1 42853U 17042AE  21120.22920549  .00009951  00000-0  21076-3 0  9998 | 2 42853  96.8548 333.1496 0006765 261.0371  99.0113 15.45257962212731 | 2021/04/30-05:30:03  327.7029    0.1250   99.0879   93.1883     6808.7572     6804.1511     6813.3633  86.412774 -43.745684  -0.000396  -0.000549
1 42853U 17042AE  21121.33006666  .00010392  00000-0  21985-3 0  9996 | 2 42853  96.8549 334.1891 0006781 255.6754 104.3744 15.45279362212901 | 2021/05/01-07:55:17    4.0571    0.1251  104.4497   93.1870     6808.6943     6804.0774     6813.3113  87.192264 -42.170853  -0.000437  -0.000518
1 42853U 17042AE  21122.56042220  .00010624  00000-0  22451-3 0  9995 | 2 42853  96.8550 335.3509 0006817 249.9924 110.0592 15.45305194213096 | 2021/05/02-13:27:00   87.0342    0.1250  110.1326   93.1855     6808.6185     6803.9770     6813.2599  88.029479 -40.394328  -0.000479  -0.000485
1 42853U 17042AE  21124.11452518  .00009858  00000-0  20823-3 0  9991 | 2 42853  96.8553 336.8187 0006878 242.7103 117.3447 15.45337730213331 | 2021/05/04-02:44:54  286.5719    0.1250  117.4147   93.1835     6808.5229     6803.8400     6813.2058  89.035577 -38.126305  -0.000531  -0.000438
1 42853U 17042AE  21125.34483704  .00007854  00000-0  16617-3 0  9998 | 2 42853  96.8554 337.9807 0006985 237.0971 122.9608 15.45356136213525 | 2021/05/05-08:16:33    9.5319    0.1250  123.0279   93.1824     6808.4688     6803.7131     6813.2246  89.790536 -36.312919  -0.000572  -0.000401
1 42853U 17042AE  21126.51038147  .00007127  00000-0  15087-3 0  9998 | 2 42853  96.8553 339.0819 0007075 232.2579 127.8030 15.45373764213701 | 2021/05/06-12:14:56   69.1725    0.1249  127.8670   93.1813     6808.4171     6803.6001     6813.2340  90.471735 -34.580548  -0.000604  -0.000368
1 42853U 17042AE  21127.54640988  .00007486  00000-0  15828-3 0  9995 | 2 42853  96.8551 340.0606 0007155 227.7458 132.3186 15.45390242213869 | 2021/05/07-13:06:49   82.1817    0.1250  132.3792   93.1803     6808.3687     6803.4973     6813.2401  91.049009 -33.030114  -0.000633  -0.000334
1 42853U 17042AE  21128.58242766  .00007269  00000-0  15365-3 0  9997 | 2 42853  96.8546 341.0393 0007219 223.1617 136.9069 15.45405907214029 | 2021/05/08-13:58:41   95.1864    0.1251  136.9634   93.1794     6808.3227     6803.4077     6813.2376  91.599431 -31.469951  -0.000658  -0.000296
1 42853U 17042AE  21130.13643538  .00007022  00000-0  14838-3 0  9994 | 2 42853  96.8541 342.5072 0007364 216.2370 143.8382 15.45428668214264 | 2021/05/10-03:16:28  294.6863    0.1250  143.8880   93.1780     6808.2558     6803.2422     6813.2694  92.375056 -29.112982  -0.000697  -0.000237
1 42853U 17042AE  21131.56092067  .00008382  00000-0  17660-3 0  9993 | 2 42853  96.8535 343.8525 0007500 210.1354 149.9466 15.45453676214482 | 2021/05/11-13:27:43   87.5530    0.1250  149.9896   93.1765     6808.1824     6803.0762     6813.2885  93.032525 -26.936031  -0.000728  -0.000181
1 42853U 17042AE  21133.56810441  .00012923  00000-0  27078-3 0  9999 | 2 42853  96.8529 345.7482 0007694 201.8337 158.2587 15.45503190214798 | 2021/05/13-13:38:04   90.2114    0.1250  158.2913   93.1735     6808.0369     6802.7988     6813.2751  93.872075 -23.843609  -0.000763  -0.000102
1 42853U 17042AE  21135.12200417  .00009671  00000-0  20286-3 0  9999 | 2 42853  96.8529 347.2158 0007884 195.8436 164.2568 15.45541143215032 | 2021/05/15-02:55:41  289.6713    0.1249  164.2813   93.1712     6807.9255     6802.5581     6813.2929  94.451957 -21.431569  -0.000787  -0.000042
1 42853U 17042AE  21136.54638213  .00009477  00000-0  19860-3 0  9995 | 2 42853  96.8532 348.5610 0008034 190.4803 169.6282 15.45572279215250 | 2021/05/16-13:06:47   82.4980    0.1251  169.6448   93.1694     6807.8341     6802.3646     6813.3035  94.929347 -19.208367  -0.000803   0.000013
1 42853U 17042AE  21138.10021749  .00008311  00000-0  17420-3 0  9995 | 2 42853  96.8533 350.0285 0008232 184.9300 175.1871 15.45603832215499 | 2021/05/18-02:24:18  281.9342    0.1250  175.1950   93.1675     6807.7414     6802.1373     6813.3455  95.390235 -16.770952  -0.000820   0.000072
1 42853U 17042AE  21139.13608694  .00011605  00000-0  24225-3 0  9990 | 2 42853  96.8534 351.0072 0008347 180.9801 179.1435 15.45632586215650 | 2021/05/19-03:15:57  294.8830    0.1250  179.1449   93.1657     6807.6570     6801.9746     6813.3393  95.662877 -15.139189  -0.000827   0.000116
1 42853U 17042AE  21140.36616081  .00010360  00000-0  21626-3 0  9995 | 2 42853  96.8535 352.1691 0008527 176.3058 183.8257 15.45659989215844 | 2021/05/20-08:47:16   17.7522    0.1250  183.8192   93.1641     6807.5765     6801.7717     6813.3813  95.950293 -13.196277  -0.000836   0.000170
1 42853U 17042AE  21141.53147097  .00012196  00000-0  25394-3 0  9996 | 2 42853  96.8534 353.2702 0008647 172.0469 188.0920 15.45692686216026 | 2021/05/21-12:45:19   77.3039    0.1250  188.0781   93.1621     6807.4805     6801.5941     6813.3669  96.186064 -11.349986  -0.000836   0.000219
1 42853U 17042AE  21142.56728332  .00010050  00000-0  20942-3 0  9998 | 2 42853  96.8532 354.2490 0008766 168.4700 191.6753 15.45716568216185 | 2021/05/22-13:36:53   90.2321    0.1250  191.6550   93.1607     6807.4104     6801.4430     6813.3778  96.365716  -9.705216  -0.000837   0.000260
1 42853U 17042AE  21143.86202969  .00008601  00000-0  17935-3 0  9992 | 2 42853  96.8529 355.4724 0008860 164.1563 195.9966 15.45739819216388 | 2021/05/23-20:41:19  196.3860    0.1250  195.9687   93.1593     6807.3421     6801.3108     6813.3734  96.550663  -7.645501  -0.000831   0.000308
1 42853U 17042AE  21145.22149208  .00010251  00000-0  21319-3 0  9995 | 2 42853  96.8522 356.7565 0009056 159.6825 200.4788 15.45766676216594 | 2021/05/25-05:18:56  325.8399    0.1250  200.4425   93.1577     6807.2633     6801.0986     6813.4279  96.697052  -5.479851  -0.000830   0.000362
1 42853U 17042AE  21146.25725810  .00011061  00000-0  22971-3 0  9993 | 2 42853  96.8517 357.7349 0009148 156.0878 204.0799 15.45787003216757 | 2021/05/26-06:10:27  338.7518    0.1250  204.0372   93.1564     6807.2036     6800.9764     6813.4308  96.776025  -3.827885  -0.000821   0.000404
1 42853U 17042AE  21147.74615134  .00010205  00000-0  21188-3 0  9993 | 2 42853  96.8513 359.1412 0009307 151.2226 208.9540 15.45813123216986 | 2021/05/27-17:54:27  154.8057    0.1250  208.9024   93.1549     6807.1269     6800.7915     6813.4623  96.840421  -1.451639  -0.000809   0.000460
1 42853U 17042AE  21148.78187881  .00009795  00000-0  20324-3 0  9994 | 2 42853  96.8511   0.1195 0009434 147.8818 212.3009 15.45842389217148 | 2021/05/28-18:45:54  167.7040    0.1250  212.2432   93.1531     6807.0410     6800.6192     6813.4628  96.850889   0.201999  -0.000800   0.000500
1 42853U 17042AE  21149.81759168  .00008787  00000-0  18238-3 0  9993 | 2 42853  96.8512   1.0979 0009553 144.3992 215.7897 15.45863161217307 | 2021/05/29-19:37:19  180.5969    0.1249  215.7257   93.1518     6806.9800     6800.4773     6813.4827  96.833420   1.855746  -0.000787   0.000541
1 42853U 17042AE  21150.85329184  .00008113  00000-0  16840-3 0  9990 | 2 42853  96.8514   2.0761 0009655 141.0611 219.1336 15.45881651217461 | 2021/05/30-20:28:44  193.4858    0.1249  219.0638   93.1507     6806.9257     6800.3537     6813.4978  96.787826   3.508621  -0.000772   0.000579
1 42853U 17042AE  21151.88898056  .00008023  00000-0  16645-3 0  9996 | 2 42853  96.8517   3.0546 0009747 137.7025 222.4979 15.45898797217626 | 2021/05/31-21:20:07  206.3703    0.1250  222.4225   93.1497     6806.8754     6800.2408     6813.5101  96.714094   5.160992  -0.000755   0.000617
1 42853U 17042AE  21153.05411728  .00008819  00000-0  18267-3 0  9999 | 2 42853  96.8519   4.1555 0009824 134.0113 226.1949 15.45918624217804 | 2021/06/02-01:17:55  265.8613    0.1250  226.1137   93.1485     6806.8172     6800.1302     6813.5042  96.597282   7.018236  -0.000732   0.000655
1 42853U 17042AE  21154.08978344  .00007868  00000-0  16307-3 0  9991 | 2 42853  96.8521   5.1341 0009896 130.8285 229.3825 15.45932558217961 | 2021/06/03-02:09:17  278.7385    0.1250  229.2965   93.1477     6806.7763     6800.0403     6813.5123  96.463528   8.667012  -0.000711   0.000688
1 42853U 17042AE  21155.31962103  .00009190  00000-0  19003-3 0  9990 | 2 42853  96.8520   6.2962 0009960 127.1059 233.1104 15.45955171218152 | 2021/06/04-07:40:15    1.5248    0.1251  233.0192   93.1463     6806.7099     6799.9305     6813.4894  96.267811  10.621603  -0.000684   0.000724
1 42853U 17042AE  21156.35526017  .00008847  00000-0  18289-3 0  9998 | 2 42853  96.8518   7.2748 0010033 124.0130 236.2075 15.45973335218312 | 2021/06/05-08:31:34   14.3929    0.1250  236.1120   93.1452     6806.6566     6799.8275     6813.4857  96.072166  12.264183  -0.000662   0.000754
1 42853U 17042AE  21157.39088759  .00008616  00000-0  17804-3 0  9995 | 2 42853  96.8515   8.2537 0010091 120.8692 239.3553 15.45990467218474 | 2021/06/06-09:22:52   27.2566    0.1251  239.2559   93.1442     6806.6063     6799.7378     6813.4749  95.848324  13.903665  -0.000637   0.000783
1 42853U 17042AE  21158.75013069  .00007622  00000-0  15759-3 0  9991 | 2 42853  96.8511   9.5379 0010195 116.7209 243.5086 15.46012410218686 | 2021/06/07-18:00:11  156.6347    0.1250  243.4041   93.1428     6806.5419     6799.6027     6813.4812  95.512251  16.048225  -0.000603   0.000822
1 42853U 17042AE  21159.85045279  .00009675  00000-0  19938-3 0  9994 | 2 42853  96.8507  10.5776 0010257 113.3535 246.8795 15.46036856218850 | 2021/06/08-20:24:39  192.7920    0.1250  246.7715   93.1414     6806.4702     6799.4888     6813.4516  95.204935  17.778598  -0.000573   0.000851
1 42853U 17042AE  21161.53326845  .00008317  00000-0  17146-3 0  9994 | 2 42853  96.8501  12.1675 0010309 108.1631 252.0743 15.46067959219117 | 2021/06/10-12:47:54   78.6700    0.1250  251.9619   93.1395     6806.3789     6799.3622     6813.3956  94.674421  20.413129  -0.000521   0.000890
1 42853U 17042AE  21162.56883137  .00009152  00000-0  18838-3 0  9997 | 2 42853  96.8498  13.1459 0010316 104.9798 255.2595 15.46087413219273 | 2021/06/11-13:39:07   91.5130    0.1250  255.1452   93.1383     6806.3218     6799.3004     6813.3432  94.311762  22.026695  -0.000486   0.000910
1 42853U 17042AE  21163.86326165  .00010950  00000-0  22476-3 0  9995 | 2 42853  96.8496  14.3687 0010319 101.0232 259.2180 15.46119962219472 | 2021/06/12-20:43:05  197.5591    0.1251  259.1019   93.1364     6806.2263     6799.2029     6813.2496  93.820035  24.034267  -0.000442   0.000932
1 42853U 17042AE  21165.15766535  .00008888  00000-0  18260-3 0  9991 | 2 42853  96.8498  15.5917 0010303  97.2878 262.9545 15.46148885219672 | 2021/06/14-03:47:02  303.5961    0.1251  262.8373   93.1346     6806.1414     6799.1290     6813.1538  93.285874  26.031318  -0.000401   0.000949
1 42853U 17042AE  21166.58148619  .00008709  00000-0  17880-3 0  9995 | 2 42853  96.8501  16.9370 0010298  93.1094 267.1336 15.46174541219890 | 2021/06/15-13:57:20   96.2290    0.1251  267.0157   93.1331     6806.0661     6799.0572     6813.0750  92.649291  28.214373  -0.000353   0.000967
1 42853U 17042AE  21168.13471303  .00011974  00000-0  24481-3 0  9990 | 2 42853  96.8505  18.4048 0010301  88.6705 271.5726 15.46212979220135 | 2021/06/17-03:13:59  295.4537    0.1251  271.4546   93.1308     6805.9533     6798.9425     6812.9641  91.896555  30.578466  -0.000302   0.000985
1 42853U 17042AE  21169.36432509  .00008729  00000-0  17883-3 0  9993 | 2 42853  96.8507  19.5670 0010280  85.0105 275.2319 15.46237093220325 | 2021/06/18-08:44:37   18.1645    0.1251  275.1146   93.1293     6805.8825     6798.8861     6812.8790  91.257621  32.436164  -0.000259   0.000995
1 42853U 17042AE  21170.52920362  .00008857  00000-0  18129-3 0  9998 | 2 42853  96.8506  20.6681 0010286  81.5138 278.7278 15.46259682220502 | 2021/06/19-12:42:03   77.5686    0.1251  278.6113   93.1280     6805.8163     6798.8158     6812.8167  90.617362  34.183804  -0.000217   0.001005
1 42853U 17042AE  21172.53535014  .00007202  00000-0  14761-3 0  9998 | 2 42853  96.8500  22.5644 0010204  75.4104 284.8277 15.46288872220815 | 2021/06/21-12:50:54   79.8659    0.1250  284.7146   93.1262     6805.7306     6798.7860     6812.6752  89.436018  37.163439  -0.000142   0.001011
1 42853U 17042AE  21173.57076426  .00009431  00000-0  19260-3 0  9995 | 2 42853  96.8498  23.5430 0010135  72.2438 287.9918 15.46308843220977 | 2021/06/22-13:41:54   92.6595    0.1251  287.8813   93.1250     6805.6720     6798.7745     6812.5696  88.788077  38.685413  -0.000102   0.001008
1 42853U 17042AE  21175.12386069  .00010104  00000-0  20602-3 0  9996 | 2 42853  96.8492  25.0107 0010030  67.5885 292.6427 15.46339307221211 | 2021/06/24-02:58:21  291.8417    0.1251  292.5366   93.1232     6805.5826     6798.7566     6812.4086  87.767539  40.946632  -0.000045   0.001002
1 42853U 17042AE  21176.54750657  .00010117  00000-0  20609-3 0  9992 | 2 42853  96.8488  26.3557 0009921  63.1376 297.0888 15.46365967221438 | 2021/06/25-13:08:24   84.4172    0.1251  296.9875   93.1216     6805.5044     6798.7527     6812.2561  86.781878  42.995298   0.000009   0.000992
1 42853U 17042AE  21177.58286887  .00009716  00000-0  19787-3 0  9994 | 2 42853  96.8488  27.3341 0009834  60.0673 300.1553 15.46385707221595 | 2021/06/26-13:59:19   97.1936    0.1251  300.0578   93.1204     6805.4465     6798.7540     6812.1390  86.035061  44.470871   0.000045   0.000982
1 42853U 17042AE  21179.07117695  .00010008  00000-0  20356-3 0  9990 | 2 42853  96.8488  28.7407 0009747  55.5105 304.7065 15.46416910221820 | 2021/06/28-01:42:29  273.0504    0.1251  304.6146   93.1185     6805.3549     6798.7218     6811.9881  84.917494  46.569402   0.000098   0.000970
1 42853U 17042AE  21180.30062866  .00009675  00000-0  19671-3 0  9993 | 2 42853  96.8489  29.9027 0009652  51.7127 308.4991 15.46439239222019 | 2021/06/29-07:12:54  355.7080    0.1252  308.4125   93.1171     6805.2894     6798.7210     6811.8579  83.955721  48.281946   0.000141   0.000955
1 42853U 17042AE  21181.33594235  .00009832  00000-0  19973-3 0  9997 | 2 42853  96.8491  30.8814 0009565  48.4957 311.7113 15.46458436222174 | 2021/06/30-08:03:45    8.4675    0.1251  311.6294   93.1160     6805.2331     6798.7239     6811.7423  83.118955  49.709028   0.000176   0.000940
1 42853U 17042AE  21182.50065108  .00013418  00000-0  27161-3 0  9992 | 2 42853  96.8493  31.9824 0009445  44.6715 315.5295 15.46489498222351 | 2021/07/01-12:00:56   67.8156    0.1251  315.4536   93.1141     6805.1420     6798.7145     6811.5694  82.148626  51.297078   0.000218   0.000919
1 42853U 17042AE  21183.53592780  .00011552  00000-0  23392-3 0  9996 | 2 42853  96.8495  32.9612 0009317  41.3861 318.8094 15.46515376222519 | 2021/07/02-12:51:44   80.5624    0.1251  318.7390   93.1126     6805.0661     6798.7258     6811.4064  81.260527  52.693002   0.000251   0.000897
1 42853U 17042AE  21184.57118792  .00011332  00000-0  22932-3 0  9993 | 2 42853  96.8495  33.9400 0009193  37.8231 322.3664 15.46539746222675 | 2021/07/03-13:42:30   93.3036    0.1251  322.3020   93.1111     6804.9946     6798.7388     6811.2504  80.348544  54.073442   0.000288   0.000873
1 42853U 17042AE  21185.80054012  .00011387  00000-0  23022-3 0  9995 | 2 42853  96.8494  35.1023 0009050  33.7148 326.4677 15.46565727222861 | 2021/07/04-19:12:46  175.9268    0.1252  326.4104   93.1095     6804.9184     6798.7599     6811.0768  79.235074  55.692094   0.000327   0.000844
1 42853U 17042AE  21186.83576869  .00010607  00000-0  21444-3 0  9998 | 2 42853  96.8491  36.0811 0008918  30.1628 330.0135 15.46585880223020 | 2021/07/05-20:03:30  188.6569    0.1252  329.9624   93.1083     6804.8593     6798.7907     6810.9278  78.271912  57.037321   0.000359   0.000816
1 42853U 17042AE  21188.84147929  .00010022  00000-0  20242-3 0  9998 | 2 42853  96.8485  37.9773 0008672  23.5288 336.6358 15.46631448223330 | 2021/07/07-20:11:43  190.8051    0.1252  336.5964   93.1056     6804.7256     6798.8245     6810.6267  76.341277  59.595649   0.000414   0.000762
1 42853U 17042AE  21190.07075817  .00009250  00000-0  18682-3 0  9998 | 2 42853  96.8480  39.1394 0008521  19.5051 340.6524 15.46655893223525 | 2021/07/09-01:41:53  273.4022    0.1251  340.6200   93.1041     6804.6539     6798.8557     6810.4521  75.116523  61.131360   0.000443   0.000728
1 42853U 17042AE  21191.10592721  .00007959  00000-0  16091-3 0  9997 | 2 42853  96.8477  40.1178 0008390  15.9727 344.1787 15.46672381223685 | 2021/07/10-02:32:32  286.1110    0.1252  344.1525   93.1031     6804.6055     6798.8965     6810.3146  74.061495  62.404904   0.000468   0.000696
1 42853U 17042AE  21192.14108493  .00007579  00000-0  15323-3 0  9996 | 2 42853  96.8475  41.0965 0008252  12.4692 347.6762 15.46688732223843 | 2021/07/11-03:23:09  298.8154    0.1252  347.6560   93.1021     6804.5576     6798.9425     6810.1727  72.984620  63.660691   0.000490   0.000664
1 42853U 17042AE  21193.37032195  .00007087  00000-0  14332-3 0  9990 | 2 42853  96.8474  42.2585 0008105   7.9656 352.1722 15.46705910224036 | 2021/07/12-08:53:15   21.3979    0.1251  352.1595   93.1011     6804.5072     6798.9921     6810.0223  71.678540  65.127612   0.000519   0.000623
1 42853U 17042AE  21194.53485023  .00007298  00000-0  14747-3 0  9995 | 2 42853  96.8475  43.3594 0007953   3.6685 356.4622 15.46721901224218 | 2021/07/13-12:50:11   80.6821    0.1251  356.4566   93.1001     6804.4603     6799.0487     6809.8719  70.414075  66.492829   0.000542   0.000582
1 42853U 17042AE  21195.56997619  .00006524  00000-0  13195-3 0  9995 | 2 42853  96.8477  44.3379 0007809 359.6503   0.4741 15.46734922224377 | 2021/07/14-13:40:45   93.3755    0.1251    0.4748   93.0993     6804.4221     6799.1085     6809.7357  69.268438  67.685749   0.000562   0.000542
1 42853U 17042AE  21197.38141896  .00008631  00000-0  17383-3 0  9999 | 2 42853  96.8482  46.0507 0007541 352.6431   7.4708 15.46768027224655 | 2021/07/16-09:09:14   25.5781    0.1251    7.4820   93.0973     6804.3250     6799.1939     6809.4562  67.214740  69.726269   0.000589   0.000471
1 42853U 17042AE  21198.54589886  .00007069  00000-0  14259-3 0  9996 | 2 42853  96.8484  47.1520 0007424 348.1735  11.9341 15.46786007224832 | 2021/07/17-13:06:05   84.8436    0.1252   11.9517   93.0963     6804.2723     6799.2208     6809.3238  65.862312  71.005412   0.000606   0.000429
1 42853U 17042AE  21200.03382637  .00007150  00000-0  14411-3 0  9990 | 2 42853  96.8485  48.5591 0007231 342.2560  17.8437 15.46808240225064 | 2021/07/19-00:48:42  260.5649    0.1251   17.8691   93.0949     6804.2071     6799.2870     6809.1272  64.098904  72.601394   0.000621   0.000370
1 42853U 17042AE  21201.32765842  .00009245  00000-0  18569-3 0  9991 | 2 42853  96.8482  49.7829 0007069 337.2038  22.8898 15.46831105225266 | 2021/07/20-07:51:49    6.4020    0.1251   22.9213   93.0936     6804.1400     6799.3302     6808.9499  62.533490  73.953611   0.000630   0.000321
1 42853U 17042AE  21202.36270943  .00010638  00000-0  21323-3 0  9999 | 2 42853  96.8478  50.7617 0006945 332.9396  27.1492 15.46852712225422 | 2021/07/21-08:42:18   19.0665    0.1251   27.1855   93.0923     6804.0767     6799.3512     6808.8021  61.260803  75.010735   0.000636   0.000279
1 42853U 17042AE  21203.52712248  .00014315  00000-0  28595-3 0  9991 | 2 42853  96.8473  51.8628 0006835 328.0227  32.0608 15.46884497225607 | 2021/07/22-12:39:03   78.3071    0.1251   32.1024   93.0903     6803.9835     6799.3330     6808.6340  59.807728  76.173717   0.000643   0.000232
1 42853U 17042AE  21204.56213600  .00012777  00000-0  25524-3 0  9993 | 2 42853  96.8469  52.8415 0006738 323.4097  36.6693 15.46910569225764 | 2021/07/23-13:29:28   90.9580    0.1251   36.7154   93.0888     6803.9070     6799.3225     6808.4915  58.497660  77.183844   0.000647   0.000189
1 42853U 17042AE  21206.04993660  .00013318  00000-0  26562-3 0  9994 | 2 42853  96.8465  54.2481 0006616 316.6623  43.4107 15.46949043225993 | 2021/07/25-01:11:54  266.6320    0.1251   43.4628   93.0865     6803.7942     6799.2928     6808.2956  56.585142  78.596223   0.000650   0.000125
1 42853U 17042AE  21207.53770316  .00011027  00000-0  22000-3 0  9998 | 2 42853  96.8465  55.6548 0006523 309.8976  50.1701 15.46982322226223 | 2021/07/26-12:54:17   82.2930    0.1251   50.2275   93.0845     6803.6966     6799.2586     6808.1347  54.638623  79.961650   0.000649   0.000063
1 42853U 17042AE  21208.83138876  .00010301  00000-0  20546-3 0  9998 | 2 42853  96.8468  56.8782 0006469 303.8097  56.2538 15.47007936226423 | 2021/07/27-19:57:11  188.0757    0.1252   56.3155   93.0829     6803.6215     6799.2203     6808.0228  52.919092  81.110248   0.000647   0.000008
1 42853U 17042AE  21210.31909803  .00012658  00000-0  25173-3 0  9998 | 2 42853  96.8472  58.2852 0006364 296.6050  63.4549 15.47044300226657 | 2021/07/29-07:39:30    3.7140    0.1252   63.5202   93.0807     6803.5149     6799.1852     6807.8447  50.911741  82.385525   0.000634  -0.000057
1 42853U 17042AE  21211.35400374  .00011147  00000-0  22173-3 0  9991 | 2 42853  96.8475  59.2643 0006314 291.7193  68.3386 15.47070511226812 | 2021/07/30-08:29:45   16.3230    0.1252   68.4059   93.0791     6803.4381     6799.1424     6807.7338  49.496683  83.243719   0.000624  -0.000099
1 42853U 17042AE  21212.38889480  .00010015  00000-0  19926-3 0  9999 | 2 42853  96.8475  60.2433 0006234 286.6670  73.3897 15.47091498226972 | 2021/07/31-09:20:00   28.9261    0.1252   73.4582   93.0779     6803.3765     6799.1353     6807.6178  48.067160  84.077264   0.000607  -0.000141
1 42853U 17042AE  21213.55313215  .00008129  00000-0  16196-3 0  9996 | 2 42853  96.8475  61.3449 0006198 281.1418  78.9137 15.47111161227159 | 2021/08/01-13:16:30   88.0986    0.1252   78.9834   93.0767     6803.3189     6799.1022     6807.5356  46.441860  84.985833   0.000591  -0.000187
1 42853U 17042AE  21215.10542594  .00009857  00000-0  19582-3 0  9994 | 2 42853  96.8471  62.8135 0006152 273.7330  86.3218 15.47139853227390 | 2021/08/03-02:31:48  286.9865    0.1252   86.3922   93.0750     6803.2348     6799.0494     6807.4201  44.248312  86.147825   0.000564  -0.000245
1 42853U 17042AE  21216.52833296  .00010759  00000-0  21334-3 0  9994 | 2 42853  96.8467  64.1597 0006146 266.9552  93.0996 15.47171627227613 | 2021/08/04-12:40:47   79.2893    0.1251   93.1699   93.0731     6803.1416     6798.9604     6807.3229  42.212014  87.163233   0.000538  -0.000297
1 42853U 17042AE  21217.82186157  .00008644  00000-0  17162-3 0  9999 | 2 42853  96.8464  65.3833 0006191 260.7294  99.3257 15.47194369227810 | 2021/08/05-19:43:28  185.0107    0.1251   99.3957   93.0717     6803.0750     6798.8632     6807.2868  40.340960  88.044489   0.000514  -0.000345
1 42853U 17042AE  21218.85667319  .00008322  00000-0  16519-3 0  9995 | 2 42853  96.8461  66.3621 0006225 255.8110 104.2450 15.47209761227974 | 2021/08/06-20:33:36  197.5831    0.1251  104.3141   93.0708     6803.0299     6798.7950     6807.2647  38.830938  88.720490   0.000492  -0.000382
1 42853U 17042AE  21220.53821148  .00009871  00000-0  19537-3 0  9998 | 2 42853  96.8456  67.9526 0006332 248.0561 112.0018 15.47246239228230 | 2021/08/08-12:55:01   83.0019    0.1252  112.0691   93.0686     6802.9229     6798.6153     6807.2305  36.353273  89.763633   0.000456  -0.000440
1 42853U 17042AE  21221.83167660  .00008698  00000-0  17222-3 0  9999 | 2 42853  96.8455  69.1760 0006424 241.8865 118.1737 15.47270636228438 | 2021/08/09-19:57:36  188.6986    0.1251  118.2386   93.0671     6802.8514     6798.4813     6807.2216  34.428431  90.519247   0.000422  -0.000484
1 42853U 17042AE  21223.38381270  .00008267  00000-0  16363-3 0  9993 | 2 42853  96.8455  70.6442 0006531 234.4900 125.5743 15.47294836228672 | 2021/08/11-09:12:41   27.5251    0.1251  125.6351   93.0657     6802.7805     6798.3376     6807.2234  32.097833  91.371659   0.000376  -0.000534
1 42853U 17042AE  21224.48322872  .00007305  00000-0  14471-3 0  9998 | 2 42853  96.8456  71.6844 0006600 229.4593 130.6084 15.47310183228847 | 2021/08/12-11:35:50   63.3549    0.1251  130.6658   93.0647     6802.7355     6798.2457     6807.2253  30.433821  91.939397   0.000341  -0.000565
1 42853U 17042AE  21226.09999636  .00008201  00000-0  16210-3 0  9994 | 2 42853  96.8458  73.2144 0006717 222.1753 137.8982 15.47335155229097 | 2021/08/14-02:23:59  285.4490    0.1251  137.9498   93.0632     6802.6623     6798.0930     6807.2317  27.968214  92.719405   0.000288  -0.000607
1 42853U 17042AE  21227.39339160  .00008500  00000-0  16782-3 0  9994 | 2 42853  96.8460  74.4383 0006821 216.3874 143.6915 15.47355445229290 | 2021/08/15-09:26:29   31.1168    0.1252  143.7378   93.0620     6802.6028     6797.9628     6807.2429  25.981450  93.295830   0.000243  -0.000638
1 42853U 17042AE  21228.55743106  .00009651  00000-0  19017-3 0  9994 | 2 42853  96.8460  75.5398 0006930 211.1781 148.9060 15.47377949229471 | 2021/08/16-13:22:42   90.2117    0.1251  148.9470   93.0607     6802.5369     6797.8227     6807.2510  24.183166  93.778048   0.000199  -0.000664
1 42853U 17042AE  21230.04478964  .00009287  00000-0  18286-3 0  9990 | 2 42853  96.8458  76.9472 0007086 205.0985 154.9923 15.47406552229701 | 2021/08/18-01:04:29  265.7127    0.1251  155.0266   93.0589     6802.4531     6797.6328     6807.2733  21.872515  94.343532   0.000148  -0.000693
1 42853U 17042AE  21231.14412449  .00008404  00000-0  16554-3 0  9994 | 2 42853  96.8455  77.9874 0007208 200.8853 159.2105 15.47425638229872 | 2021/08/19-03:27:32  301.5116    0.1251  159.2398   93.0578     6802.3971     6797.4940     6807.3003  20.156143  94.724763   0.000111  -0.000712
1 42853U 17042AE  21232.50210587  .00009468  00000-0  18608-3 0  9997 | 2 42853  96.8450  79.2721 0007360 195.7806 164.3218 15.47453089230080 | 2021/08/20-12:03:01   70.4321    0.1252  164.3446   93.0561     6802.3167     6797.3102     6807.3232  18.027220  95.152369   0.000065  -0.000733
1 42853U 17042AE  21233.53674117  .00010384  00000-0  20374-3 0  9996 | 2 42853  96.8447  80.2509 0007478 191.8171 168.2906 15.47476755230244 | 2021/08/21-12:52:54   82.9365    0.1251  168.3080   93.0547     6802.2473     6797.1606     6807.3340  16.399103  95.446138   0.000027  -0.000747
1 42853U 17042AE  21234.83001471  .00009001  00000-0  17669-3 0  9994 | 2 42853  96.8443  81.4744 0007643 186.9933 173.1213 15.47501781230445 | 2021/08/22-19:55:13  188.5593    0.1251  173.1318   93.0532     6802.1740     6796.9751     6807.3729  14.357293  95.774144  -0.000020  -0.000764
1 42853U 17042AE  21236.12327048  .00009494  00000-0  18611-3 0  9993 | 2 42853  96.8443  82.6979 0007818 182.0216 178.1006 15.47524725230643 | 2021/08/24-02:57:30  294.1749    0.1252  178.1036   93.0518     6802.1068     6796.7889     6807.4246  12.309004  96.058872  -0.000072  -0.000778
1 42853U 17042AE  21237.35184665  .00010520  00000-0  20586-3 0  9991 | 2 42853  96.8443  83.8605 0007964 177.4637 182.6656 15.47546770230835 | 2021/08/25-08:26:39   16.5036    0.1251  182.6614   93.0505     6802.0422     6796.6250     6807.4593  10.357454  96.288845  -0.000120  -0.000787
1 42853U 17042AE  21238.58040028  .00012353  00000-0  24114-3 0  9998 | 2 42853  96.8443  85.0232 0008125 172.8071 187.3298 15.47577185231026 | 2021/08/26-13:55:46   98.8235    0.1250  187.3179   93.0487     6801.9530     6796.4264     6807.4796   8.401472  96.479188  -0.000171  -0.000794
1 42853U 17042AE  21240.32619594  .00023435  00000-0  45447-3 0  9998 | 2 42853  96.8445  86.6756 0008303 166.3881 193.7596 15.47636499231296 | 2021/08/28-07:49:43    7.3675    0.1251  193.7370   93.0451     6801.7792     6796.1317     6807.4268   5.615933  96.681531  -0.000242  -0.000794
1 42853U 17042AE  21241.49001530  .00030239  00000-0  58428-3 0  9995 | 2 42853  96.8446  87.7772 0008406 162.4723 197.6820 15.47694260231476 | 2021/08/29-11:45:37   66.3814    0.1251  197.6528   93.0416     6801.6100     6795.8926     6807.3274   3.756161  96.771730  -0.000284  -0.000791
1 42853U 17042AE  21242.52449749  .00033591  00000-0  64774-3 0  9993 | 2 42853  96.8445  88.7565 0008543 158.8321 201.3286 15.47731892231631 | 2021/08/30-12:35:16   78.8289    0.1251  201.2930   93.0394     6801.4998     6795.6892     6807.3103   2.101668  96.821693  -0.000326  -0.000790
1 42853U 17042AE  21243.55896222  .00019889  00000-0  38464-3 0  9990 | 2 42853  96.8445  89.7357 0008628 155.4583 204.7081 15.47744433231790 | 2021/08/31-13:24:54   91.2709    0.1251  204.6668   93.0386     6801.4630     6795.5947     6807.3313   0.446733  96.843470  -0.000362  -0.000783
1 42853U 17042AE  21245.11062345  .00016608  00000-0  32114-3 0  9997 | 2 42853  96.8443  91.2044 0008724 150.5078 209.6668 15.47782092232037 | 2021/09/02-02:39:17  289.9215    0.1252  209.6174   93.0364     6801.3527     6795.4192     6807.2862  -2.035589  96.822904  -0.000413  -0.000768
1 42853U 17042AE  21246.14504140  .00011487  00000-0  22257-3 0  9992 | 2 42853  96.8441  92.1835 0008816 147.0798 213.1004 15.47803208232199 | 2021/09/03-03:28:51  302.3468    0.1251  213.0453   93.0351     6801.2908     6795.2948     6807.2869  -3.689764  96.773784  -0.000451  -0.000758
1 42853U 17042AE  21247.56733710  .00013323  00000-0  25747-3 0  9994 | 2 42853  96.8435  93.5296 0008931 142.6905 217.4969 15.47842388232411 | 2021/09/04-13:36:57   94.4218    0.1252  217.4347   93.0327     6801.1761     6795.1019     6807.2502  -5.962091  96.659800  -0.000497  -0.000742
1 42853U 17042AE  21249.05424409  .00014652  00000-0  28253-3 0  9993 | 2 42853  96.8430  94.9369 0009062 137.9154 222.2795 15.47883998232649 | 2021/09/06-01:18:06  269.7591    0.1251  222.2097   93.0302     6801.0542     6794.8911     6807.2173  -8.334171  96.483720  -0.000547  -0.000722
1 42853U 17042AE  21250.54111257  .00013087  00000-0  25222-3 0  9997 | 2 42853  96.8427  96.3442 0009188 133.2394 226.9627 15.47922673232871 | 2021/09/07-12:59:12   85.0828    0.1252  226.8858   93.0279     6800.9409     6794.6922     6807.1896 -10.701221  96.249636  -0.000596  -0.000700
1 42853U 17042AE  21252.54508830  .00015004  00000-0  28825-3 0  9999 | 2 42853  96.8425  98.2413 0009350 126.9673 233.2436 15.47984048233186 | 2021/09/09-13:04:55   86.5834    0.1251  233.1578   93.0242     6800.7611     6794.4024     6807.1198 -13.881631  95.842423  -0.000659  -0.000664
1 42853U 17042AE  21254.03185760  .00015249  00000-0  29245-3 0  9996 | 2 42853  96.8424  99.6490 0009454 122.2605 237.9564 15.48028840233413 | 2021/09/11-00:45:52  261.8720    0.1251  237.8646   93.0215     6800.6299     6794.2006     6807.0593 -16.231941  95.472376  -0.000704  -0.000631
1 42853U 17042AE  21255.06610387  .00017345  00000-0  33192-3 0  9993 | 2 42853  96.8422 100.6283 0009540 118.9998 241.2211 15.48065994233572 | 2021/09/12-01:35:11  274.2368    0.1251  241.1253   93.0193     6800.5211     6794.0334     6807.0088 -17.861268  95.180811  -0.000735  -0.000608
1 42853U 17042AE  21256.10032709  .00016200  00000-0  30979-3 0  9994 | 2 42853  96.8427 101.6078 0009601 115.8166 244.4077 15.48099286233735 | 2021/09/13-02:24:28  286.5936    0.1251  244.3085   93.0173     6800.4236     6793.8945     6806.9527 -19.485843  94.862060  -0.000762  -0.000583
1 42853U 17042AE  21257.13452778  .00016539  00000-0  31584-3 0  9998 | 2 42853  96.8427 102.5873 0009680 112.5331 247.6947 15.48133687233895 | 2021/09/14-03:13:43  298.9422    0.1252  247.5921   93.0152     6800.3229     6793.7402     6806.9056 -21.104631  94.515095  -0.000792  -0.000557
1 42853U 17042AE  21258.29797786  .00014156  00000-0  27032-3 0  9993 | 2 42853  96.8427 103.6891 0009676 108.9785 251.2517 15.48166746234071 | 2021/09/15-07:09:05  357.8268    0.1252  251.1467   93.0132     6800.2261     6793.6462     6806.8060 -22.918146  94.091802  -0.000815  -0.000522
1 42853U 17042AE  21260.04310986  .00011940  00000-0  22798-3 0  9994 | 2 42853  96.8422 105.3415 0009702 103.5800 256.6533 15.48208871234349 | 2021/09/17-01:02:04  266.1389    0.1252  256.5452   93.0107     6800.1027     6793.5053     6806.7002 -25.621698  93.391329  -0.000849  -0.000469
1 42853U 17042AE  21261.33576963  .00016115  00000-0  30661-3 0  9993 | 2 42853  96.8418 106.5655 0009705  99.7762 260.4587 15.48245347234542 | 2021/09/18-08:03:30   11.5450    0.1252  260.3490   93.0085     6799.9959     6793.3965     6806.5953 -27.610689  92.822325  -0.000870  -0.000431
1 42853U 17042AE  21262.36987309  .00010365  00000-0  19771-3 0  9997 | 2 42853  96.8413 107.5446 0009674  96.7626 263.4727 15.48271469234708 | 2021/09/19-08:52:37   23.8620    0.1252  263.3626   93.0069     6799.9194     6793.3412     6806.4977 -29.192626  92.336493  -0.000882  -0.000398
1 42853U 17042AE  21264.05025667  .00011532  00000-0  21946-3 0  9999 | 2 42853  96.8408 109.1356 0009652  91.5361 268.6996 15.48311195234969 | 2021/09/21-01:12:22  268.8649    0.1251  268.5890   93.0046     6799.8031     6793.2400     6806.3663 -31.744895  91.489902  -0.000903  -0.000341
1 42853U 17042AE  21266.05373291  .00018384  00000-0  34793-3 0  9996 | 2 42853  96.8406 111.0328 0009622  85.5835 274.6516 15.48372332235274 | 2021/09/23-01:17:22  270.1945    0.1252  274.5417   93.0009     6799.6241     6793.0815     6806.1667 -34.756318  90.388607  -0.000922  -0.000275
1 42853U 17042AE  21267.54012223  .00018947  00000-0  35781-3 0  9999 | 2 42853  96.8407 112.4405 0009606  81.1257 279.1082 15.48429030235500 | 2021/09/24-12:57:46   85.3532    0.1252  278.9995   92.9975     6799.4581     6792.9266     6805.9897 -36.966400  89.507577  -0.000934  -0.000225
1 42853U 17042AE  21268.83259098  .00020599  00000-0  38811-3 0  9998 | 2 42853  96.8406 113.6650 0009605  77.2395 282.9930 15.48479776235700 | 2021/09/25-19:58:55  190.6928    0.1252  282.8857   92.9944     6799.3096     6792.7789     6805.8403 -38.870689  88.697076  -0.000943  -0.000182
1 42853U 17042AE  21270.31887937  .00020027  00000-0  37668-3 0  9998 | 2 42853  96.8406 115.0733 0009588  72.9142 287.3160 15.48534630235930 | 2021/09/27-07:39:11    5.8155    0.1253  287.2111   92.9911     6799.1490     6792.6300     6805.6680 -41.038856  87.714960  -0.000949  -0.000133
1 42853U 17042AE  21271.35278818  .00020924  00000-0  39292-3 0  9996 | 2 42853  96.8407 116.0528 0009523  69.7416 290.4859 15.48574372236096 | 2021/09/28-08:28:00   18.0650    0.1252  290.3836   92.9888     6799.0327     6792.5580     6805.5074 -42.532361  87.000687  -0.000947  -0.000096
1 42853U 17042AE  21272.51590121  .00018538  00000-0  34783-3 0  9997 | 2 42853  96.8406 117.1546 0009511  66.2644 293.9604 15.48620052236272 | 2021/09/29-12:22:53   76.8330    0.1252  293.8608   92.9860     6798.8990     6792.4326     6805.3654 -44.197375  86.166663  -0.000949  -0.000057
1 42853U 17042AE  21274.06666227  .00025697  00000-0  47999-3 0  9997 | 2 42853  96.8403 118.6236 0009435  61.6900 298.5303 15.48689969236516 | 2021/10/01-01:35:59  275.1710    0.1253  298.4353   92.9818     6798.6944     6792.2798     6805.1089 -46.391680  85.005033  -0.000943  -0.000005
1 42853U 17042AE  21275.16507247  .00018805  00000-0  35134-3 0  9996 | 2 42853  96.8401 119.6644 0009362  58.3273 301.8891 15.48741271236686 | 2021/10/02-03:57:42  310.6444    0.1253  301.7980   92.9787     6798.5442     6792.1794     6804.9090 -47.927992  84.148158  -0.000936   0.000033
1 42853U 17042AE  21276.58648905  .00019488  00000-0  36317-3 0  9992 | 2 42853  96.8395 121.0111 0009274  53.4622 306.7483 15.48808853236906 | 2021/10/03-14:04:32  102.4146    0.1253  306.6631   92.9747     6798.3465     6792.0417     6804.6512 -49.892110  82.997989  -0.000923   0.000089
1 42853U 17042AE  21277.81403210  .00018276  00000-0  34017-3 0  9996 | 2 42853  96.8390 122.1739 0009163  49.5709 310.6341 15.48857194237098 | 2021/10/04-19:32:12  184.3827    0.1253  310.5544   92.9718     6798.2050     6791.9758     6804.4342 -51.565872  81.967998  -0.000907   0.000132
1 42853U 17042AE  21279.17074848  .00017556  00000-0  32633-3 0  9990 | 2 42853  96.8387 123.4594 0009073  45.0225 315.1761 15.48905481237304 | 2021/10/06-04:05:52  312.8587    0.1253  315.1028   92.9689     6798.0637     6791.8958     6804.2316 -53.391625  80.790273  -0.000889   0.000181
1 42853U 17042AE  21280.52741753  .00020372  00000-0  37752-3 0  9994 | 2 42853  96.8385 124.7449 0008975  40.4719 319.7200 15.48964428237519 | 2021/10/07-12:39:28   81.3180    0.1254  319.6535   92.9653     6797.8912     6791.7901     6803.9923 -55.190549  79.571970  -0.000868   0.000229
1 42853U 17042AE  21281.81943466  .00019269  00000-0  35656-3 0  9996 | 2 42853  96.8383 125.9694 0008787  36.1138 324.0706 15.49019061237717 | 2021/10/08-19:39:59  186.5006    0.1253  324.0115   92.9621     6797.7314     6791.7582     6803.7046 -56.878275  78.374219  -0.000836   0.000270
1 42853U 17042AE  21283.11141069  .00021281  00000-0  39285-3 0  9999 | 2 42853  96.8384 127.1941 0008670  31.7428 328.4345 15.49070201237913 | 2021/10/10-02:40:25  291.6678    0.1252  328.3824   92.9590     6797.5818     6791.6883     6803.4753 -58.540468  77.140711  -0.000809   0.000312
1 42853U 17042AE  21284.46793465  .00036238  00000-0  66487-3 0  9993 | 2 42853  96.8388 128.4799 0008522  27.1961 332.9736 15.49148404238128 | 2021/10/11-11:13:49   60.0753    0.1253  332.9292   92.9543     6797.3530     6791.5603     6803.1457 -60.256980  75.807978  -0.000777   0.000351
1 42853U 17042AE  21285.50144056  .00034731  00000-0  63643-3 0  9992 | 2 42853  96.8388 129.4596 0008420  23.6110 336.5527 15.49192830238285 | 2021/10/12-12:02:04   72.1824    0.1253  336.5143   92.9516     6797.2231     6791.4998     6802.9463 -61.544348  74.766613  -0.000751   0.000381
1 42853U 17042AE  21287.11620118  .00021953  00000-0  40222-3 0  9999 | 2 42853  96.8389 130.9903 0008232  17.9558 342.1984 15.49283452238537 | 2021/10/14-02:47:19  293.5666    0.1253  342.1695   92.9462     6796.9580     6791.3627     6802.5533 -63.519661  73.096000  -0.000705   0.000425
1 42853U 17042AE  21288.34336773  .00022670  00000-0  41454-3 0  9991 | 2 42853  96.8387 132.1541 0008063  14.2245 345.9233 15.49335600238724 | 2021/10/15-08:14:26   15.3987    0.1253  345.9008   92.9431     6796.8055     6791.3252     6802.2858 -64.991058  71.790642  -0.000671   0.000446
1 42853U 17042AE  21289.57049431  .00020137  00000-0  36789-3 0  9990 | 2 42853  96.8381 133.3173 0007910  10.1926 349.9486 15.49385022238911 | 2021/10/16-13:41:30   97.2172    0.1254  349.9328   92.9401     6796.6610     6791.2848     6802.0371 -66.434623  70.456075  -0.000636   0.000470
1 42853U 17042AE  21290.79758474  .00020671  00000-0  37700-3 0  9997 | 2 42853  96.8377 134.4805 0007782   6.0564 354.0781 15.49430219239105 | 2021/10/17-19:08:31  179.0228    0.1253  354.0689   92.9374     6796.5288     6791.2397     6801.8178 -67.850930  69.092629  -0.000601   0.000495
1 42853U 17042AE  21291.83088806  .00023959  00000-0  43571-3 0  9993 | 2 42853  96.8371 135.4602 0007611   2.3198 357.8088 15.49486686239265 | 2021/10/18-19:56:28  191.0566    0.1253  357.8055   92.9340     6796.3637     6791.1909     6801.5364 -69.021940  67.921982  -0.000564   0.000511
1 42853U 17042AE  21293.05788666  .00024607  00000-0  44641-3 0  9990 | 2 42853  96.8366 136.6238 0007432 358.2464   1.8761 15.49552729239454 | 2021/10/20-01:23:21  272.8280    0.1253    1.8789   92.9300     6796.1705     6791.1196     6801.2215 -70.386653  66.505986  -0.000524   0.000527
1 42853U 17042AE  21294.09111633  .00021466  00000-0  38925-3 0  9997 | 2 42853  96.8362 137.6037 0007289 354.6274   5.4899 15.49591874239611 | 2021/10/21-02:11:12  284.8344    0.1253    5.4979   92.9277     6796.0561     6791.1024     6801.0097 -71.513426  65.292263  -0.000490   0.000540
1 42853U 17042AE  21295.51176324  .00017656  00000-0  32000-3 0  9997 | 2 42853  96.8356 138.9513 0007107 349.4452  10.6650 15.49644420239839 | 2021/10/22-12:16:56   76.3270    0.1253   10.6801   92.9245     6795.9025     6791.0726     6800.7323 -73.028730  63.591965  -0.000441   0.000557
1 42853U 17042AE  21296.54493026  .00017557  00000-0  31780-3 0  9996 | 2 42853  96.8358 139.9310 0007066 345.7262  14.3790 15.49682495239996 | 2021/10/23-13:04:41   88.3108    0.1253   14.3991   92.9223     6795.7911     6790.9892     6800.5930 -74.105513  62.334141  -0.000412   0.000574
1 42853U 17042AE  21297.83635297  .00021093  00000-0  38066-3 0  9991 | 2 42853  96.8356 141.1559 0006913 341.0557  19.0437 15.49734427240197 | 2021/10/24-20:04:20  193.2768    0.1253   19.0696   92.9191     6795.6393     6790.9415     6800.3371 -75.420934  60.735625  -0.000368   0.000585
1 42853U 17042AE  21299.32142875  .00026450  00000-0  47542-3 0  9993 | 2 42853  96.8357 142.5649 0006707 335.6284  24.4650 15.49809452240424 | 2021/10/26-07:42:51    7.9648    0.1253   24.4969   92.9146     6795.4200     6790.8623     6799.9777 -76.891650  58.862780  -0.000317   0.000591
1 42853U 17042AE  21300.35447892  .00028507  00000-0  51110-3 0  9997 | 2 42853  96.8357 143.5448 0006601 331.5542  28.5350 15.49868754240586 | 2021/10/27-08:30:26   19.9054    0.1254   28.5712   92.9111     6795.2467     6790.7611     6799.7322 -77.887056  57.539198  -0.000280   0.000598
1 42853U 17042AE  21301.51661289  .00030375  00000-0  54306-3 0  9990 | 2 42853  96.8357 144.6471 0006458 327.0034  33.0815 15.49937762240763 | 2021/10/28-12:23:55   78.3211    0.1253   33.1219   92.9070     6795.0450     6790.6567     6799.4332 -78.979557  56.030192  -0.000238   0.000600
1 42853U 17042AE  21302.87237201  .00040363  00000-0  71813-3 0  9993 | 2 42853  96.8355 145.9331 0006354 321.8615  38.2187 15.50022774240974 | 2021/10/29-20:56:12  206.4494    0.1253   38.2638   92.9019     6794.7965     6790.4791     6799.1139 -80.216987  54.243425  -0.000194   0.000605
1 42853U 17042AE  21304.29260234  .00046885  00000-0  83004-3 0  9993 | 2 42853  96.8353 147.2806 0006262 316.2574  43.8182 15.50133160241198 | 2021/10/31-07:01:20  357.7892    0.1253   43.8679   92.8952     6794.4739     6790.2192     6798.7286 -81.470231  52.341922  -0.000147   0.000609
1 42853U 17042AE  21305.51907642  .00038375  00000-0  67793-3 0  9992 | 2 42853  96.8348 148.4443 0006160 310.9457  49.1262 15.50236104241381 | 2021/11/01-12:27:28   79.3688    0.1253   49.1796   92.8891     6794.1731     6789.9879     6798.3583 -82.516014  50.676286  -0.000101   0.000608
1 42853U 17042AE  21306.81001630  .00043613  00000-0  76692-3 0  9997 | 2 42853  96.8344 149.6695 0006058 305.4578  54.6109 15.50341667241582 | 2021/11/02-19:26:25  184.1575    0.1253   54.6675   92.8828     6793.8647     6789.7490     6797.9804 -83.580371  48.900129  -0.000054   0.000603
1 42853U 17042AE  21308.48811634  .00159514  00000-0  27398-2 0  9991 | 2 42853  96.8337 151.2620 0005942 299.4474  60.6186 15.50556989241845 | 2021/11/04-11:42:53   68.3378    0.1254   60.6780   92.8699     6793.2357     6789.1992     6797.2723 -84.906449  46.558140  -0.000007   0.000594
1 42853U 17042AE  21309.52068513  .00033125  00000-0  57799-3 0  9995 | 2 42853  96.8331 152.2423 0005862 293.5508  66.5129 15.50617404242006 | 2021/11/05-12:29:47   80.1023    0.1253   66.5745   92.8662     6793.0593     6789.0772     6797.0414 -85.690036  45.098414   0.000043   0.000585
1 42853U 17042AE  21310.55319506  .00031900  00000-0  55535-3 0  9996 | 2 42853  96.8333 153.2227 0005840 288.7529  71.3090 15.50688994242166 | 2021/11/06-13:16:36   91.8449    0.1253   71.3724   92.8619     6792.8502     6788.8832     6796.8172 -86.449321  43.625713   0.000082   0.000578
1 42853U 17042AE  21311.84377003  .00024385  00000-0  42419-3 0  9991 | 2 42853  96.8333 154.4484 0005794 283.3331  76.7276 15.50760579242361 | 2021/11/07-20:15:01  196.4995    0.1253   76.7922   92.8577     6792.6412     6788.7055     6796.5768 -87.362733  41.766505   0.000123   0.000566
1 42853U 17042AE  21313.52143176  .00025265  00000-0  43803-3 0  9996 | 2 42853  96.8336 156.0420 0005803 275.8751  84.1841 15.50848105242627 | 2021/11/09-12:30:51   80.5192    0.1254   84.2503   92.8524     6792.3856     6788.4440     6796.3272 -88.490743  39.320917   0.000180   0.000552
1 42853U 17042AE  21314.81187814  .00025786  00000-0  44592-3 0  9990 | 2 42853  96.8338 157.2675 0005769 269.5424  90.5168 15.50917422242826 | 2021/11/10-19:29:06  185.1263    0.1253   90.5829   92.8483     6792.1832     6788.2648     6796.1016 -89.311658  37.419415   0.000227   0.000530
1 42853U 17042AE  21316.10226850  .00024327  00000-0  41989-3 0  9995 | 2 42853  96.8337 158.4930 0005750 263.5638  96.4961 15.50981790243021 | 2021/11/12-02:27:15  289.7125    0.1254   96.5616   92.8444     6791.9953     6788.0899     6795.9007 -90.091439  35.500677   0.000269   0.000508
1 42853U 17042AE  21317.13454495  .00019017  00000-0  32826-3 0  9997 | 2 42853  96.8339 159.4734 0005732 259.1811 100.8798 15.51025471243181 | 2021/11/13-03:13:44  301.3681    0.1254  100.9443   92.8418     6791.8678     6787.9747     6795.7609 -90.685867  33.954052   0.000298   0.000490
1 42853U 17042AE  21318.29582163  .00021178  00000-0  36468-3 0  9996 | 2 42853  96.8336 160.5767 0005786 253.9738 106.0878 15.51073893243364 | 2021/11/14-07:05:58  359.4683    0.1253  106.1515   92.8389     6791.7264     6787.7967     6795.6561 -91.322558  32.201498   0.000336   0.000471
1 42853U 17042AE  21320.10218480  .00023433  00000-0  40218-3 0  9991 | 2 42853  96.8331 162.2926 0005888 245.8885 114.1753 15.51147468243644 | 2021/11/16-02:27:08  289.8214    0.1253  114.2368   92.8345     6791.5116     6787.5128     6795.5105 -92.245361  29.452378   0.000393   0.000439
1 42853U 17042AE  21321.13434909  .00021851  00000-0  37453-3 0  9990 | 2 42853  96.8329 163.2732 0005860 240.9308 119.1359 15.51197761243809 | 2021/11/17-03:13:27  301.4344    0.1253  119.1945   92.8315     6791.3648     6787.3851     6795.3446 -92.735704  27.869332   0.000420   0.000409
1 42853U 17042AE  21322.36000126  .00021936  00000-0  37523-3 0  9998 | 2 42853  96.8325 164.4380 0005947 236.0123 124.0566 15.51253971243995 | 2021/11/18-08:38:24   22.7102    0.1253  124.1130   92.8281     6791.2008     6787.1621     6795.2395 -93.282689  25.978317   0.000453   0.000386
1 42853U 17042AE  21323.52110688  .00019004  00000-0  32482-3 0  9994 | 2 42853  96.8323 165.5413 0006017 230.9959 129.0759 15.51301637244174 | 2021/11/19-12:30:23   80.7465    0.1253  129.1294   92.8253     6791.0617     6786.9755     6795.1478 -93.765415  24.177290   0.000483   0.000358
1 42853U 17042AE  21324.81118377  .00022658  00000-0  38607-3 0  9994 | 2 42853  96.8321 166.7669 0006127 225.2009 134.8747 15.51355837244377 | 2021/11/20-19:28:06  185.2163    0.1253  134.9244   92.8220     6790.9035     6786.7427     6795.0643 -94.260900  22.166153   0.000520   0.000324
1 42853U 17042AE  21326.35921039  .00021996  00000-0  37387-3 0  9990 | 2 42853  96.8321 168.2385 0006215 218.7177 141.3632 15.51430395244616 | 2021/11/22-08:37:15   22.5548    0.1253  141.4076   92.8176     6790.6859     6786.4655     6794.9063 -94.799069  19.738086   0.000554   0.000282
1 42853U 17042AE  21327.45568528  .00021195  00000-0  35971-3 0  9990 | 2 42853  96.8325 169.2805 0006234 214.1142 145.9711 15.51480226244785 | 2021/11/23-10:56:11   57.3201    0.1253  146.0111   92.8146     6790.5405     6786.3073     6794.7737 -95.142729  18.010944   0.000572   0.000248
1 42853U 17042AE  21329.32605688  .00021196  00000-0  35855-3 0  9999 | 2 42853  96.8327 171.0584 0006396 206.1638 153.9293 15.51570606245071 | 2021/11/25-07:49:31   10.7117    0.1253  153.9615   92.8092     6790.2768     6785.9338     6794.6199 -95.655919  15.050480   0.000611   0.000189
1 42853U 17042AE  21330.42243171  .00022759  00000-0  38409-3 0  9991 | 2 42853  96.8329 172.1006 0006447 201.9130 158.1849 15.51623504245240 | 2021/11/26-10:08:18   45.4403    0.1253  158.2123   92.8060     6790.1225     6785.7449     6794.5001 -95.914043  13.308150   0.000626   0.000156
1 42853U 17042AE  21331.51876907  .00024397  00000-0  41075-3 0  9994 | 2 42853  96.8328 173.1429 0006503 197.4687 162.6344 15.51677545245411 | 2021/11/27-12:27:01   80.1548    0.1253  162.6566   92.8028     6789.9648     6785.5493     6794.3803 -96.140156  11.561205   0.000639   0.000120
1 42853U 17042AE  21332.55057945  .00030406  00000-0  51009-3 0  9998 | 2 42853  96.8327 174.1239 0006575 193.4579 166.6500 15.51737182245574 | 2021/11/28-13:12:50   91.6378    0.1253  166.6674   92.7992     6789.7909     6785.3266     6794.2551 -96.323903   9.913500   0.000652   0.000087
1 42853U 17042AE  21333.84027965  .00031136  00000-0  52063-3 0  9992 | 2 42853  96.8325 175.3499 0006705 188.5437 171.5704 15.51823476245771 | 2021/11/29-20:10:00  195.9688    0.1254  171.5817   92.7941     6789.5391     6784.9868     6794.0915 -96.513763   7.850258   0.000669   0.000046
1 42853U 17042AE  21335.51678854  .00040964  00000-0  68094-3 0  9997 | 2 42853  96.8323 176.9444 0006780 181.7717 178.3514 15.51935784246035 | 2021/12/01-12:24:10   79.5610    0.1253  178.3536   92.7873     6789.2116     6784.6085     6793.8147 -96.694631   5.161646   0.000678  -0.000015
1 42853U 17042AE  21336.80632649  .00030519  00000-0  50680-3 0  9999 | 2 42853  96.8316 178.1707 0006881 176.6378 183.4924 15.52019866246230 | 2021/12/02-19:21:06  183.8323    0.1254  183.4876   92.7823     6788.9664     6784.2949     6793.6379 -96.782251   3.091047   0.000685  -0.000062
1 42853U 17042AE  21338.09579780  .00031510  00000-0  52171-3 0  9997 | 2 42853  96.8312 179.3975 0006986 171.6148 188.5224 15.52096283246431 | 2021/12/04-02:17:56  288.0791    0.1253  188.5105   92.7777     6788.7435     6784.0009     6793.4861 -96.825846   1.018220   0.000690  -0.000109
1 42853U 17042AE  21339.51414444  .00024762  00000-0  40948-3 0  9990 | 2 42853  96.8310 180.7474 0007040 166.1820 193.9628 15.52174405246652 | 2021/12/05-12:20:22   78.7244    0.1254  193.9434   92.7731     6788.5157     6783.7366     6793.2949 -96.822762  -1.263085   0.000686  -0.000159
1 42853U 17042AE  21340.80349185  .00022924  00000-0  37839-3 0  9996 | 2 42853  96.8311 181.9740 0007181 161.5170 198.6346 15.52237769246859 | 2021/12/06-19:17:01  182.9269    0.1253  198.6083   92.7693     6788.3310     6783.4563     6793.2057 -96.773637  -3.335443   0.000688  -0.000204
1 42853U 17042AE  21342.28617656  .00020572  00000-0  33897-3 0  9998 | 2 42853  96.8313 183.3852 0007317 156.0974 204.0621 15.52305925247087 | 2021/12/08-06:52:05  356.7357    0.1253  204.0279   92.7652     6788.1323     6783.1654     6793.0992 -96.662340  -5.717745   0.000685  -0.000256
1 42853U 17042AE  21343.51096032  .00018371  00000-0  30242-3 0  9999 | 2 42853  96.8316 184.5506 0007433 151.4254 208.7409 15.52352218247271 | 2021/12/09-12:15:46   77.6929    0.1254  208.7000   92.7625     6787.9973     6782.9518     6793.0429 -96.526353  -7.682569   0.000679  -0.000303
1 42853U 17042AE  21344.86462939  .00016866  00000-0  27736-3 0  9992 | 2 42853  96.8316 185.8387 0007531 146.6834 213.4896 15.52396793247483 | 2021/12/10-20:45:03  205.0532    0.1254  213.4420   92.7598     6787.8674     6782.7555     6792.9793 -96.329259  -9.850510   0.000668  -0.000347
1 42853U 17042AE  21346.34717113  .00017640  00000-0  28942-3 0  9995 | 2 42853  96.8317 187.2495 0007675 141.3950 218.7854 15.52451214247718 | 2021/12/12-08:19:55   18.8113    0.1253  218.7303   92.7565     6787.7088     6782.4992     6792.9183 -96.057632 -12.219222   0.000655  -0.000399
1 42853U 17042AE  21347.50738312  .00018420  00000-0  30162-3 0  9992 | 2 42853  96.8314 188.3537 0007798 137.2461 222.9401 15.52497588247899 | 2021/12/13-12:10:37   76.5211    0.1254  222.8793   92.7538     6787.5736     6782.2807     6792.8666 -95.804024 -14.068011   0.000643  -0.000441
1 42853U 17042AE  21348.53865265  .00020866  00000-0  34082-3 0  9996 | 2 42853  96.8311 189.3352 0007892 133.6600 226.5309 15.52542698248051 | 2021/12/14-12:55:39   87.8084    0.1253  226.4653   92.7511     6787.4421     6782.0855     6792.7988 -95.548693 -15.706980   0.000630  -0.000475
1 42853U 17042AE  21350.08549804  .00030377  00000-0  49349-3 0  9997 | 2 42853  96.8305 190.8075 0008074 128.5684 231.6295 15.52624537248291 | 2021/12/16-02:03:07  284.7181    0.1254  231.5570   92.7462     6787.2036     6781.7236     6792.6836 -95.112990 -18.156677   0.000613  -0.000526
1 42853U 17042AE  21351.31001703  .00032331  00000-0  52348-3 0  9990 | 2 42853  96.8299 191.9733 0008190 124.2598 235.9433 15.52705295248485 | 2021/12/17-07:26:25    5.5809    0.1254  235.8656   92.7414     6786.9683     6781.4097     6792.5268 -94.723306 -20.087929   0.000591  -0.000567
1 42853U 17042AE  21352.47002987  .00032666  00000-0  52742-3 0  9992 | 2 42853  96.8294 193.0773 0008293 120.3173 239.8902 15.52780353248669 | 2021/12/18-11:16:50   63.2205    0.1253  239.8080   92.7369     6786.7496     6781.1213     6792.3778 -94.318196 -21.909144   0.000570  -0.000603
1 42853U 17042AE  21353.50109799  .00039749  00000-0  63894-3 0  9995 | 2 42853  96.8292 194.0590 0008382 116.8912 243.3200 15.52865535248820 | 2021/12/19-12:01:34   74.4359    0.1254  243.2342   92.7318     6786.5014     6780.8129     6792.1898 -93.928787 -23.521839   0.000549  -0.000633
1 42853U 17042AE  21354.53210251  .00058753  00000-0  93769-3 0  9995 | 2 42853  96.8290 195.0407 0008453 113.2006 247.0139 15.52979486248980 | 2021/12/20-12:46:13   85.6287    0.1254  246.9248   92.7250     6786.1694     6780.4330     6791.9057 -93.511806 -25.127622   0.000523  -0.000664
1 42853U 17042AE  21355.56302696  .00044100  00000-0  70242-3 0  9996 | 2 42853  96.8290 196.0225 0008582 110.1953 250.0225 15.53097933249147 | 2021/12/21-13:30:45   96.7925    0.1254  249.9301   92.7179     6785.8243     6780.0008     6791.6479 -93.067521 -26.726239   0.000507  -0.000692
1 42853U 17042AE  21357.56022922  .00043455  00000-0  68664-3 0  9996 | 2 42853  96.8292 197.9249 0008701 103.8308 256.3915 15.53321242249453 | 2021/12/23-13:26:43   95.8470    0.1254  256.2946   92.7046     6785.1740     6779.2702     6791.0777 -92.129182 -29.801136   0.000458  -0.000740
1 42853U 17042AE  21358.78418063  .00056754  00000-0  89088-3 0  9995 | 2 42853  96.8292 199.0916 0008759  99.1548 261.0698 15.53445470249645 | 2021/12/24-18:49:13  176.5069    0.1255  260.9707   92.6972     6784.8122     6778.8694     6790.7550 -91.503291 -31.670833   0.000415  -0.000772
1 42853U 17042AE  21360.07244354  .00051381  00000-0  80324-3 0  9995 | 2 42853  96.8295 200.3189 0008794  94.9380 265.2879 15.53581622249841 | 2021/12/26-01:44:19  280.3227    0.1255  265.1875   92.6890     6784.4158     6778.4496     6790.3820 -90.804230 -33.623561   0.000375  -0.000795
1 42853U 17042AE  21361.48940705  .00046530  00000-0  72437-3 0  9990 | 2 42853  96.8298 201.6690 0008807  90.6238 269.6026 15.53718390250067 | 2021/12/27-11:44:44   70.4756    0.1255  269.5017   92.6809     6784.0177     6778.0430     6789.9924 -89.987079 -35.753822   0.000334  -0.000815
1 42853U 17042AE  21362.51984525  .00052715  00000-0  81663-3 0  9996 | 2 42853  96.8297 202.6513 0008832  87.2481 272.9785 15.53827197250224 | 2021/12/28-12:28:34   81.4665    0.1255  272.8774   92.6744     6783.7010     6777.7096     6789.6923 -89.360815 -37.291225   0.000301  -0.000830
1 42853U 17042AE  21363.55021427  .00048800  00000-0  75366-3 0  9997 | 2 42853  96.8297 203.6335 0008834  83.8189 276.4072 15.53929085250380 | 2021/12/29-13:12:18   92.4332    0.1255  276.3066   92.6683     6783.4044     6777.4120     6789.3969 -88.708447 -38.817550   0.000265  -0.000843
1 42853U 17042AE  21365.09564535  .00041570  00000-0  63953-3 0  9996 | 2 42853  96.8294 205.1070 0008818  78.6697 281.5548 15.54068955250621 | 2021/12/31-02:17:43  288.8398    0.1255  281.4558   92.6600     6782.9974     6777.0162     6788.9787 -87.680665 -41.085688   0.000210  -0.000856
1 42853U 17042AE  22001.12586165  .00034688  00000-0  53285-3 0  9990 | 2 42853  96.8289 206.0898 0008848  75.1053 285.1181 15.54145145250781 | 2022/01/01-03:01:14  299.7514    0.1255  285.0202   92.6554     6782.7757     6776.7743     6788.7771 -86.962605 -42.583345   0.000172  -0.000868
1 42853U 17042AE  22002.47794124  .00040353  00000-0  61681-3 0  9990 | 2 42853  96.8285 207.3798 0008846  70.9394 289.2818 15.54252914250997 | 2022/01/02-11:28:14   66.5449    0.1255  289.1861   92.6490     6782.4622     6776.4624     6788.4620 -85.981537 -44.530144   0.000128  -0.000875
1 42853U 17042AE  22003.50803594  .00035268  00000-0  53811-3 0  9992 | 2 42853  96.8282 208.3629 0008820  67.7274 292.4915 15.54328876251155 | 2022/01/03-12:11:34   77.4135    0.1255  292.3981   92.6445     6782.2412     6776.2593     6788.2231 -85.204591 -45.998674   0.000094  -0.000877
1 42853U 17042AE  22004.53808196  .00031561  00000-0  48070-3 0  9992 | 2 42853  96.8281 209.3459 0008808  64.5728 295.6438 15.54397860251313 | 2022/01/04-12:54:50   88.2646    0.1256  295.5528   92.6404     6782.0405     6776.0669     6788.0142 -84.402822 -47.453604   0.000060  -0.000879
1 42853U 17042AE  22005.56808479  .00024514  00000-0  37318-3 0  9993 | 2 42853  96.8282 210.3287 0008836  61.3777 298.8366 15.54456998251475 | 2022/01/05-13:38:02   99.1004    0.1256  298.7479   92.6369     6781.8685     6775.8761     6787.8610 -83.576556 -48.894372   0.000026  -0.000883
1 42853U 17042AE  22006.85554079  .00022811  00000-0  34667-3 0  9992 | 2 42853  96.8284 211.5573 0008794  57.9605 302.2504 15.54517063251679 | 2022/01/06-20:31:58  202.6283    0.1256  302.1651   92.6333     6781.6938     6775.7300     6787.6577 -82.509145 -50.675241  -0.000007  -0.000879
1 42853U 17042AE  22008.52916098  .00026598  00000-0  40270-3 0  9994 | 2 42853  96.8287 213.1546 0008752  52.6470 307.5582 15.54593601251931 | 2022/01/08-12:41:59   85.1896    0.1256  307.4786   92.6287     6781.4712     6775.5361     6787.4064 -81.064787 -52.955618  -0.000064  -0.000873
1 42853U 17042AE  22009.55903218  .00034413  00000-0  51879-3 0  9990 | 2 42853  96.8287 214.1374 0008726  49.6973 310.5043 15.54664699252096 | 2022/01/09-13:25:00   95.9791    0.1255  310.4282   92.6245     6781.2645     6775.3472     6787.1818 -80.144553 -54.338271  -0.000094  -0.000868
1 42853U 17042AE  22011.10374543  .00034945  00000-0  52463-3 0  9997 | 2 42853  96.8289 215.6115 0008648  45.0130 315.1825 15.54776505252331 | 2022/01/11-02:29:23  292.1304    0.1256  315.1126   92.6178     6780.9394     6775.0752     6786.8035 -78.720337 -56.382128  -0.000141  -0.000853
1 42853U 17042AE  22012.32656594  .00031161  00000-0  46677-3 0  9998 | 2 42853  96.8287 216.7790 0008566  40.9023 319.2874 15.54860406252528 | 2022/01/12-07:50:15   12.3894    0.1256  319.2233   92.6128     6780.6954     6774.8871     6786.5038 -77.555032 -57.974255  -0.000183  -0.000837
1 42853U 17042AE  22013.48496534  .00036148  00000-0  53924-3 0  9995 | 2 42853  96.8286 217.8850 0008479  36.9046 323.2792 15.54946919252707 | 2022/01/13-11:38:21   69.4548    0.1257  323.2211   92.6077     6780.4439     6774.6948     6786.1931 -76.421477 -59.460371  -0.000222  -0.000818
1 42853U 17042AE  22014.51459806  .00036139  00000-0  53756-3 0  9994 | 2 42853  96.8284 218.8681 0008416  33.4763 326.7023 15.55026114252866 | 2022/01/14-12:21:01   80.1595    0.1256  326.6493   92.6029     6780.2137     6774.5075     6785.9199 -75.389881 -60.762693  -0.000255  -0.000802
1 42853U 17042AE  22015.54416524  .00060114  00000-0  88666-3 0  9996 | 2 42853  96.8282 219.8514 0008355  29.9683 330.2049 15.55151135253022 | 2022/01/15-13:03:35   90.8406    0.1256  330.1573   92.5955     6779.8503     6774.1858     6785.5149 -74.335878 -62.047382  -0.000288  -0.000784
1 42853U 17042AE  22016.89532731  .00058134  00000-0  85206-3 0  9990 | 2 42853  96.8278 221.1425 0008355  25.7084 334.4586 15.55331944253236 | 2022/01/16-21:29:16  217.3058    0.1257  334.4173   92.5847     6779.3249     6773.6608     6784.9890 -72.918650 -63.706305  -0.000328  -0.000768
1 42853U 17042AE  22018.50368061  .00056805  00000-0  82738-3 0  9993 | 2 42853  96.8275 222.6790 0008143  20.7461 339.4124 15.55510700253482 | 2022/01/18-12:05:18   76.3703    0.1257  339.3796   92.5741     6778.8055     6773.2855     6784.3255 -71.184005 -65.638420  -0.000364  -0.000728
1 42853U 17042AE  22019.59725785  .00064568  00000-0  93499-3 0  9994 | 2 42853  96.8273 223.7243 0008097  17.3950 342.7582 15.55638747253654 | 2022/01/19-14:20:03  110.0960    0.1257  342.7307   92.5665     6778.4335     6772.9450     6783.9220 -69.974579 -66.925962  -0.000391  -0.000709
1 42853U 17042AE  22021.52689969  .00039296  00000-0  56774-3 0  9998 | 2 42853  96.8272 225.5684 0007957  11.0238 349.1191 15.55810612253959 | 2022/01/21-12:38:44   84.8352    0.1257  349.1019   92.5563     6777.9343     6772.5411     6783.3275 -67.784587 -69.143015  -0.000438  -0.000664
1 42853U 17042AE  22022.81321156  .00044748  00000-0  64310-3 0  9995 | 2 42853  96.8278 226.7985 0007859   6.3756 353.7599 15.55929806254157 | 2022/01/22-19:31:01  187.9526    0.1257  353.7501   92.5492     6777.5881     6772.2616     6782.9147 -66.285038 -70.582693  -0.000471  -0.000629
1 42853U 17042AE  22024.54957885  .00037221  00000-0  53273-3 0  9995 | 2 42853  96.8282 228.4588 0007693   0.0706   0.0550 15.56079652254427 | 2022/01/24-13:11:23   93.1059    0.1257    0.0551   92.5403     6777.1530     6771.9394     6782.3667 -64.212437 -72.473879  -0.000509  -0.000576
1 42853U 17042AE  22025.83566779  .00054559  00000-0  77500-3 0  9998 | 2 42853  96.8283 229.6889 0007609 355.6659   4.4530 15.56207220254620 | 2022/01/25-20:03:21  196.1421    0.1257    4.4598   92.5327     6776.7827     6771.6262     6781.9391 -62.641860 -73.835744  -0.000535  -0.000541
1 42853U 17042AE  22026.86445850  .00047102  00000-0  66727-3 0  9993 | 2 42853  96.8285 230.6730 0007538 351.8248   8.2884 15.56312767254786 | 2022/01/26-20:44:49  206.5424    0.1257    8.3009   92.5264     6776.4763     6771.3682     6781.5844 -61.364623 -74.900878  -0.000556  -0.000509
1 42853U 17042AE  22028.34322398  .00049588  00000-0  69838-3 0  9995 | 2 42853  96.8282 232.0879 0007454 346.7927  13.3133 15.56461904255016 | 2022/01/28-08:14:14   18.9478    0.1257   13.3330   92.5175     6776.0434     6770.9925     6781.0942 -59.496265 -76.393029  -0.000580  -0.000468
1 42853U 17042AE  22029.50041626  .00054371  00000-0  76148-3 0  9994 | 2 42853  96.8277 233.1954 0007246 342.7925  17.3085 15.56594771255197 | 2022/01/29-12:00:35   75.5751    0.1257   17.3332   92.5096     6775.6578     6770.7481     6780.5674 -58.008302 -77.528320  -0.000586  -0.000426
1 42853U 17042AE  22030.52894836  .00057389  00000-0  79987-3 0  9993 | 2 42853  96.8272 234.1800 0007152 339.3483  20.7484 15.56713774255355 | 2022/01/30-12:41:41   85.8802    0.1258   20.7775   92.5026     6775.3125     6770.4668     6780.1582 -56.667224 -78.513263  -0.000596  -0.000395
1 42853U 17042AE  22032.52149158  .00092668  00000-0  12729-2 0  9994 | 2 42853  96.8266 236.0879 0006974 332.1514  27.9368 15.56975947255668 | 2022/02/01-12:30:56   83.2603    0.1257   27.9743   92.4870     6774.5519     6769.8273     6779.2764 -54.021534 -80.355861  -0.000614  -0.000330
1 42853U 17042AE  22033.54978049  .00051778  00000-0  71254-3 0  9992 | 2 42853  96.8270 237.0727 0006894 327.7873  32.2961 15.57082977255824 | 2022/02/02-13:11:41   93.4778    0.1256   32.3383   92.4806     6774.2414     6769.5713     6778.9116 -52.632683 -81.272804  -0.000626  -0.000290
1 42853U 17042AE  22034.77076092  .00088371  00000-0  12018-2 0  9996 | 2 42853  96.8269 238.2426 0006833 323.7119  36.3673 15.57262052256014 | 2022/02/03-18:29:53  173.0685    0.1257   36.4138   92.4700     6773.7221     6769.0936     6778.3506 -50.962297 -82.330389  -0.000634  -0.000255
1 42853U 17042AE  22035.79883547  .00083900  00000-0  11345-2 0  9995 | 2 42853  96.8273 239.2276 0006788 319.6274  40.4479 15.57432607256170 | 2022/02/04-19:10:19  183.2076    0.1258   40.4984   92.4599     6773.2275     6768.6299     6777.8252 -49.539658 -83.194641  -0.000642  -0.000219
1 42853U 17042AE  22036.82678696  .00076406  00000-0  10273-2 0  9999 | 2 42853  96.8274 240.2128 0006680 316.1710  43.9016 15.57613894256339 | 2022/02/05-19:50:34  193.3008    0.1257   43.9547   92.4491     6772.7020     6768.1778     6777.2262 -48.101924 -84.034221  -0.000641  -0.000188
1 42853U 17042AE  22037.85463629  .00077761  00000-0  10396-2 0  9992 | 2 42853  96.8276 241.1980 0006610 312.3169  47.7527 15.57761780256490 | 2022/02/06-20:30:40  203.3575    0.1257   47.8088   92.4403     6772.2733     6767.7969     6776.7498 -46.650014 -84.849044  -0.000643  -0.000154
1 42853U 17042AE  22039.52468693  .00069017  00000-0  91591-3 0  9996 | 2 42853  96.8276 242.7987 0006402 305.6716  54.3945 15.57994083256757 | 2022/02/08-12:35:32   84.6246    0.1258   54.4542   92.4265     6771.6001     6767.2650     6775.9353 -44.261649 -86.119049  -0.000633  -0.000094
1 42853U 17042AE  22040.55228858  .00059583  00000-0  78767-3 0  9995 | 2 42853  96.8279 243.7843 0006341 301.5000  58.5638 15.58134492256919 | 2022/02/09-13:15:17   94.5907    0.1258   58.6258   92.4182     6771.1933     6766.8997     6775.4869 -42.773889 -86.867926  -0.000631  -0.000058
1 42853U 17042AE  22041.83665891  .00086471  00000-0  11309-2 0  9993 | 2 42853  96.8275 245.0166 0006244 296.9948  63.0671 15.58321684257110 | 2022/02/10-20:04:47  196.9996    0.1257   63.1309   92.4071     6770.6511     6766.4235     6774.8787 -40.895643 -87.767369  -0.000624  -0.000022
1 42853U 17042AE  22042.86401407  .00086044  00000-0  11165-2 0  9994 | 2 42853  96.8275 246.0025 0006223 292.8376  67.2224 15.58533259257272 | 2022/02/11-20:44:10  206.8760    0.1258   67.2882   92.3946     6770.0383     6765.8253     6774.2513 -39.379433 -88.458041  -0.000622   0.000013
1 42853U 17042AE  22044.27642294  .00091454  00000-0  11746-2 0  9998 | 2 42853  96.8268 247.3582 0006096 286.9544  73.1045 15.58788061257499 | 2022/02/13-06:38:02  355.3808    0.1258   73.1714   92.3795     6769.3005     6765.1739     6773.4271 -37.275292 -89.364321  -0.000607   0.000060
1 42853U 17042AE  22045.56024144  .00063150  00000-0  80790-3 0  9997 | 2 42853  96.8265 248.5911 0005997 281.6163  78.4422 15.58996997257691 | 2022/02/14-13:26:44   97.5883    0.1258   78.5095   92.3671     6768.6957     6764.6365     6772.7549 -35.343745 -90.145387  -0.000591   0.000102
1 42853U 17042AE  22047.10062292  .00058386  00000-0  74182-3 0  9998 | 2 42853  96.8260 250.0710 0005910 276.3349  83.7235 15.59199347257936 | 2022/02/16-02:24:53  292.1641    0.1257   83.7908   92.3551     6768.1101     6764.1101     6772.1100 -33.003668 -91.027645  -0.000574   0.000139
1 42853U 17042AE  22048.51245749  .00074503  00000-0  93701-3 0  9991 | 2 42853  96.8257 251.4271 0005864 269.2926  90.7660 15.59408272258154 | 2022/02/17-12:17:56   80.4598    0.1258   90.8332   92.3427     6767.5055     6763.5371     6771.4740 -30.840050 -91.782937  -0.000554   0.000194
1 42853U 17042AE  22049.53913641  .00059108  00000-0  74153-3 0  9991 | 2 42853  96.8260 252.4137 0005884 265.3092  94.7494 15.59532964258316 | 2022/02/18-12:56:21   90.0896    0.1258   94.8166   92.3353     6767.1448     6763.1630     6771.1266 -29.255198 -92.300637  -0.000544   0.000223
1 42853U 17042AE  22050.82235580  .00071285  00000-0  88652-3 0  9993 | 2 42853  96.8259 253.6475 0005757 260.7067  99.3540 15.59718060258510 | 2022/02/19-19:44:11  192.0775    0.1258   99.4191   92.3244     6766.6094     6762.7139     6770.5049 -27.260951 -92.909071  -0.000519   0.000249
1 42853U 17042AE  22052.10541875  .00067193  00000-0  83009-3 0  9997 | 2 42853  96.8262 254.8808 0005736 255.5144 104.5478 15.59909065258710 | 2022/02/21-02:31:48  294.0100    0.1258  104.6114   92.3131     6766.0570     6762.1760     6769.9380 -25.254987 -93.474588  -0.000499   0.000283
1 42853U 17042AE  22053.13176302  .00073149  00000-0  89832-3 0  9998 | 2 42853  96.8263 255.8678 0005687 250.8724 109.1919 15.60043952258878 | 2022/02/22-03:09:44  303.5164    0.1258  109.2534   92.3051     6765.6670     6761.8194     6769.5146 -23.641113 -93.895847  -0.000476   0.000312
1 42853U 17042AE  22054.54282668  .00060267  00000-0  73561-3 0  9996 | 2 42853  96.8270 257.2247 0005727 244.7631 115.3034 15.60253152259095 | 2022/02/23-13:01:40   91.5311    0.1258  115.3627   92.2927     6765.0622     6761.1879     6768.9366 -21.411170 -94.430026  -0.000451   0.000353
1 42853U 17042AE  22055.82545362  .00070745  00000-0  85613-3 0  9994 | 2 42853  96.8267 258.4592 0005619 239.8707 120.1995 15.60439830259297 | 2022/02/24-19:48:39  193.3028    0.1258  120.2551   92.2817     6764.5227     6760.7217     6768.3237 -19.371700 -94.869105  -0.000420   0.000374
1 42853U 17042AE  22057.10792571  .00066998  00000-0  80542-3 0  9994 | 2 42853  96.8265 259.6935 0005641 234.8270 125.2461 15.60627719259495 | 2022/02/26-02:35:24  295.0196    0.1259  125.2989   92.2706     6763.9797     6760.1642     6767.7953 -17.323600 -95.264180  -0.000396   0.000402
1 42853U 17042AE  22058.13379841  .00061412  00000-0  73516-3 0  9998 | 2 42853  96.8260 260.6812 0005600 230.5384 129.5380 15.60760039259658 | 2022/02/27-03:12:40  304.3539    0.1259  129.5875   92.2627     6763.5974     6759.8098     6767.3850 -15.678804 -95.548152  -0.000369   0.000421
1 42853U 17042AE  22059.48011106  .00070721  00000-0  83881-3 0  9993 | 2 42853  96.8259 261.9773 0005643 224.9130 135.1673 15.60966728259863 | 2022/02/28-11:31:21   69.0535    0.1259  135.2129   92.2505     6763.0004     6759.1840     6766.8167 -13.513548 -95.878251  -0.000339   0.000451
1 42853U 17042AE  22060.50575517  .00069039  00000-0  81427-3 0  9993 | 2 42853  96.8254 262.9654 0005639 220.9691 139.1145 15.61119673260028 | 2022/03/01-12:08:17   78.3049    0.1259  139.1568   92.2415     6762.5586     6758.7452     6766.3720 -11.858081 -96.096535  -0.000315   0.000468
1 42853U 17042AE  22061.53129585  .00067510  00000-0  79158-3 0  9997 | 2 42853  96.8251 263.9535 0005619 216.7120 143.3755 15.61278604260183 | 2022/03/02-12:45:03   87.5183    0.1259  143.4139   92.2321     6762.0997     6758.3001     6765.8993 -10.199126 -96.286436  -0.000287   0.000483
1 42853U 17042AE  22062.55673732  .00068787  00000-0  80188-3 0  9990 | 2 42853  96.8250 264.9416 0005591 212.3438 147.7479 15.61425893260347 | 2022/03/03-13:21:42   96.6957    0.1259  147.7821   92.2234     6761.6744     6757.8940     6765.4549  -8.537166 -96.447900  -0.000256   0.000497
1 42853U 17042AE  22063.83839430  .00090161  00000-0  10395-2 0  9994 | 2 42853  96.8249 266.1771 0005521 207.7223 152.3742 15.61637622260548 | 2022/03/04-20:07:17  198.1152    0.1258  152.4035   92.2109     6761.0633     6757.3305     6764.7960  -6.455577 -96.609455  -0.000224   0.000505
1 42853U 17042AE  22065.11985202  .00128363  00000-0  14568-2 0  9998 | 2 42853  96.8252 267.4122 0005511 203.8037 156.2969 15.61918416260744 | 2022/03/06-02:52:35  299.4638    0.1260  156.3223   92.1943     6760.2529     6756.5273     6763.9785  -4.371685 -96.726458  -0.000199   0.000514
1 42853U 17042AE  22066.46512965  .00100891  00000-0  11366-2 0  9998 | 2 42853  96.8252 268.7094 0005490 197.3845 162.7227 15.62201874260952 | 2022/03/07-11:09:47   63.7859    0.1259  162.7414   92.1776     6759.4351     6755.7242     6763.1461  -2.180824 -96.800637  -0.000152   0.000527
1 42853U 17042AE  22067.55399104  .00089939  00000-0  10059-2 0  9994 | 2 42853  96.8255 269.7598 0005478 193.4416 166.6698 15.62426987261121 | 2022/03/08-13:17:44   95.7947    0.1259  166.6843   92.1643     6758.7859     6755.0834     6762.4883  -0.405919 -96.824649  -0.000125   0.000533
1 42853U 17042AE  22068.83481976  .00093662  00000-0  10379-2 0  9998 | 2 42853  96.8251 270.9962 0005418 187.9113 172.2063 15.62653367261327 | 2022/03/09-20:02:08  196.9128    0.1260  172.2147   92.1510     6758.1331     6754.4715     6761.7946   1.683410 -96.810465  -0.000084   0.000535
1 42853U 17042AE  22069.85934119  .00109563  00000-0  12019-2 0  9994 | 2 42853  96.8256 271.9853 0005383 185.6177 174.5024 15.62860451261481 | 2022/03/10-20:37:27  205.7588    0.1260  174.5083   92.1387     6757.5361     6753.8985     6761.1737   3.354338 -96.767480  -0.000071   0.000534
1 42853U 17042AE  22071.52383361  .00143206  00000-0  15367-2 0  9999 | 2 42853  96.8251 273.5926 0005353 178.5376 181.5901 15.63317572261747 | 2022/03/12-12:34:19   85.0017    0.1260  181.5884   92.1118     6756.2187     6752.6021     6759.8353   6.067218 -96.634822  -0.000020   0.000535
1 42853U 17042AE  22072.54791255  .00107079  00000-0  11442-2 0  9995 | 2 42853  96.8249 274.5822 0005316 174.9225 185.2090 15.63544100261909 | 2022/03/13-13:08:59   93.6861    0.1260  185.2035   92.0985     6755.5662     6751.9749     6759.1574   7.735269 -96.515423   0.000005   0.000532
1 42853U 17042AE  22073.82774900  .00131624  00000-0  13807-2 0  9995 | 2 42853  96.8241 275.8201 0005207 169.5832 190.5537 15.63937516262104 | 2022/03/14-19:51:57  194.4454    0.1260  190.5428   92.0753     6754.4332     6750.9161     6757.9502   9.818478 -96.324991   0.000042   0.000519
1 42853U 17042AE  22075.04334861  .00113305  00000-0  11791-2 0  9995 | 2 42853  96.8239 276.9961 0005102 166.1898 193.9503 15.64201177262293 | 2022/03/16-01:02:25  272.0802    0.1260  193.9362   92.0598     6753.6741     6750.2284     6757.1199  11.793324 -96.102992   0.000061   0.000507
1 42853U 17042AE  22076.51459587  .00104436  00000-0  10751-2 0  9991 | 2 42853  96.8231 278.4194 0005163 161.1946 198.9507 15.64505680262527 | 2022/03/17-12:21:01   81.7509    0.1261  198.9315   92.0419     6752.7978     6749.3113     6756.2843  14.176643 -95.779619   0.000093   0.000508
1 42853U 17042AE  22077.53790877  .00088586  00000-0  90687-3 0  9998 | 2 42853  96.8231 279.4095 0005173 157.3801 202.7689 15.64699942262683 | 2022/03/18-12:54:35   90.1584    0.1261  202.7460   92.0304     6752.2389     6748.7459     6755.7318  15.829564 -95.520352   0.000118   0.000504
1 42853U 17042AE  22078.75293291  .00093377  00000-0  94717-3 0  9993 | 2 42853  96.8229 280.5866 0005083 152.5956 207.5574 15.64917455262876 | 2022/03/19-18:04:13  167.5835    0.1261  207.5305   92.0176     6751.6132     6748.1813     6755.0450  17.788445 -95.174814   0.000147   0.000487
1 42853U 17042AE  22079.77597600  .00104012  00000-0  10450-2 0  9997 | 2 42853  96.8230 281.5770 0005067 148.9702 211.1859 15.65124309263038 | 2022/03/20-18:37:24  175.8939    0.1261  211.1559   92.0055     6751.0183     6747.5975     6754.4390  19.430893 -94.853222   0.000169   0.000478
1 42853U 17042AE  22080.79887168  .00092490  00000-0  92266-3 0  9994 | 2 42853  96.8233 282.5678 0005003 145.7321 214.4264 15.65342448263190 | 2022/03/21-19:10:22  184.1514    0.1261  214.3940   91.9927     6750.3911     6747.0138     6753.7683  21.068241 -94.503337   0.000185   0.000465
1 42853U 17042AE  22081.82163013  .00100295  00000-0  99120-3 0  9994 | 2 42853  96.8232 283.5588 0005023 141.6072 218.5547 15.65552431263352 | 2022/03/22-19:43:08  192.3581    0.1260  218.5188   91.9803     6749.7874     6746.3970     6753.1779  22.699535 -94.124721   0.000211   0.000456
1 42853U 17042AE  22083.54721855  .00109449  00000-0  10641-2 0  9999 | 2 42853  96.8238 285.2306 0004926 136.8365 223.3284 15.65935233263624 | 2022/03/24-13:07:59   93.5959    0.1262  223.2897   91.9578     6748.6874     6745.3630     6752.0118  25.436051 -93.422993   0.000231   0.000435
1 42853U 17042AE  22084.82514485  .00133275  00000-0  12761-2 0  9999 | 2 42853  96.8230 286.4707 0004892 131.2851 228.8833 15.66242607263824 | 2022/03/25-19:48:12  193.6654    0.1262  228.8411   91.9398     6747.8044     6744.5034     6751.1054  27.451740 -92.849854   0.000261   0.000414
1 42853U 17042AE  22086.10282263  .00140918  00000-0  13308-2 0  9998 | 2 42853  96.8233 287.7105 0004680 127.6000 232.5687 15.66564793264028 | 2022/03/27-02:28:03  293.6486    0.1261  232.5261   91.9209     6746.8792     6743.7216     6750.0367  29.454388 -92.234432   0.000266   0.000385
1 42853U 17042AE  22087.50792400  .00137077  00000-0  12728-2 0  9999 | 2 42853  96.8225 289.0745 0004631 122.2921 237.8790 15.66999196264249 | 2022/03/28-12:11:24   79.5037    0.1262  237.8341   91.8954     6745.6322     6742.5083     6748.7561  31.641332 -91.506407   0.000289   0.000362
1 42853U 17042AE  22088.52956574  .00153698  00000-0  14057-2 0  9990 | 2 42853  96.8221 290.0670 0004461 118.4956 241.6756 15.67324579264401 | 2022/03/29-12:42:34   87.3091    0.1262  241.6306   91.8763     6744.6986     6741.6898     6747.7074  33.221479 -90.944227   0.000295   0.000334
1 42853U 17042AE  22089.55099456  .00152161  00000-0  13735-2 0  9997 | 2 42853  96.8218 291.0596 0004249 114.3504 245.8203 15.67655817264565 | 2022/03/30-13:13:25   95.0381    0.1263  245.7759   91.8569     6743.7485     6740.8830     6746.6139  34.791837 -90.354795   0.000298   0.000303
1 42853U 17042AE  22090.82745736  .00234357  00000-0  20523-2 0  9999 | 2 42853  96.8207 292.3011 0004193 107.1908 252.9814 15.68155177264769 | 2022/03/31-19:51:32  194.5799    0.1263  252.9355   91.8276     6742.3167     6739.4897     6745.1438  36.740931 -89.578747   0.000324   0.000267
1 42853U 17042AE  22091.84830057  .00254924  00000-0  21838-2 0  9995 | 2 42853  96.8205 293.2942 0004045 102.7232 257.4483 15.68636066264928 | 2022/04/01-20:21:33  202.0972    0.1263  257.4031   91.7995     6740.9387     6738.2120     6743.6654  38.287911 -88.928314   0.000327   0.000238
1 42853U 17042AE  22093.06014500  .00211033  00000-0  17778-2 0  9990 | 2 42853  96.8204 294.4741 0003777  98.3328 261.8363 15.69178498265113 | 2022/04/03-01:26:36  278.3782    0.1263  261.7935   91.7678     6739.3851     6736.8397     6741.9306  40.110936 -88.120955   0.000317   0.000205
1 42853U 17042AE  22094.08034067  .00215482  00000-0  17838-2 0  9992 | 2 42853  96.8201 295.4680 0003703  93.9315 266.2372 15.69592444265276 | 2022/04/04-01:55:41  285.6607    0.1264  266.1949   91.7436     6738.2002     6735.7050     6740.6953  41.633314 -87.411664   0.000323   0.000182
1 42853U 17042AE  22095.10025004  .00222578  00000-0  18064-2 0  9993 | 2 42853  96.8207 296.4621 0003621  87.9628 272.2050 15.70053305265435 | 2022/04/05-02:24:21  292.8401    0.1263  272.1635   91.7166     6736.8815     6734.4421     6739.3209  43.143859 -86.676729   0.000330   0.000150
1 42853U 17042AE  22096.11987176  .00199040  00000-0  15921-2 0  9998 | 2 42853  96.8205 297.4566 0003369  82.7210 277.4437 15.70475021265597 | 2022/04/06-02:52:36  299.9175    0.1264  277.4054   91.6920     6735.6754     6733.4062     6737.9447  44.641666 -85.914672   0.000316   0.000116
1 42853U 17042AE  22097.52141131  .00210427  00000-0  16417-2 0  9991 | 2 42853  96.8196 298.8243 0003321  76.0772 284.0861 15.71043294265814 | 2022/04/07-12:30:49   84.4869    0.1264  284.0492   91.6588     6734.0511     6731.8147     6736.2875  46.679177 -84.823873   0.000321   0.000085
1 42853U 17042AE  22098.54037743  .00197998  00000-0  15178-2 0  9997 | 2 42853  96.8206 299.8195 0003020  70.2891 289.8699 15.71502524265972 | 2022/04/08-12:58:08   91.3281    0.1264  289.8373   91.6321     6732.7391     6730.7058     6734.7724  48.145909 -84.001191   0.000297   0.000053
1 42853U 17042AE  22099.81368281  .00237989  00000-0  17732-2 0  9995 | 2 42853  96.8201 301.0646 0002901  64.3521 295.8044 15.72066526266177 | 2022/04/09-19:31:42  189.7305    0.1266  295.7745   91.5992     6731.1287     6729.1760     6733.0814  49.959577 -82.934748   0.000289   0.000027
1 42853U 17042AE  22100.83197111  .00248975  00000-0  18123-2 0  9994 | 2 42853  96.8194 302.0610 0002796  58.0728 302.0808 15.72589661266338 | 2022/04/10-19:58:02  196.3244    0.1264  302.0536   91.5687     6729.6358     6727.7542     6731.5174  51.393852 -82.052838   0.000280   0.000001
1 42853U 17042AE  22102.10439839  .00211969  00000-0  15151-2 0  9993 | 2 42853  96.8195 303.3068 0002694  49.7416 310.4085 15.73126457266531 | 2022/04/12-02:30:20  294.4101    0.1266  310.3850   91.5375     6728.1049     6726.2923     6729.9174  53.165718 -80.916142   0.000267  -0.000033
1 42853U 17042AE  22103.12204057  .00303007  00000-0  21024-2 0  9999 | 2 42853  96.8185 304.3040 0002568  41.9346 318.2116 15.73568668266699 | 2022/04/13-02:55:44  300.7710    0.1266  318.1920   91.5117     6726.8443     6725.1168     6728.5717  54.565330 -79.977789   0.000249  -0.000061
1 42853U 17042AE  22104.13940518  .00196212  00000-0  13560-2 0  9994 | 2 42853  96.8176 305.3014 0002617  36.4707 323.6737 15.73963719266859 | 2022/04/14-03:20:44  307.0295    0.1266  323.6559   91.4888     6725.7187     6723.9585     6727.4788  55.948719 -79.015116   0.000249  -0.000082
1 42853U 17042AE  22105.15647701  .00298553  00000-0  19910-2 0  9991 | 2 42853  96.8171 306.2988 0002458  29.9238 330.2168 15.74509828267012 | 2022/04/15-03:45:19  313.1842    0.1266  330.2028   91.4570     6724.1634     6722.5106     6725.8162  57.315365 -78.028840   0.000225  -0.000099
1 42853U 17042AE  22106.55436426  .00196696  00000-0  12899-2 0  9990 | 2 42853  96.8169 307.6714 0002395  16.8302 343.3044 15.75184007267239 | 2022/04/16-13:18:17   96.4348    0.1267  343.2965   91.4179     6722.2446     6720.6346     6723.8546  59.167907 -76.633354   0.000195  -0.000139
1 42853U 17042AE  22107.57066514  .00208365  00000-0  13392-2 0  9996 | 2 42853  96.8160 308.6697 0002399   8.3303 351.8003 15.75616605267392 | 2022/04/17-13:41:45  102.3106    0.1267  351.7964   91.3928     6721.0141     6719.4018     6722.6265  60.493527 -75.590152   0.000175  -0.000164
1 42853U 17042AE  22108.84062715  .00255802  00000-0  15915-2 0  9997 | 2 42853  96.8154 309.9180 0002506 359.1778   0.9485 15.76233719267599 | 2022/04/18-20:10:30  199.5046    0.1268    0.9490   91.3570     6719.2598     6717.5759     6720.9436  62.125533 -74.253887   0.000158  -0.000194
1 42853U 17042AE  22110.11007493  .00272204  00000-0  16423-2 0  9992 | 2 42853  96.8160 311.1666 0002664 347.2842  12.8357 15.76891588267791 | 2022/04/20-02:38:30  296.5148    0.1267   12.8425   91.3189     6717.3908     6715.6013     6719.1803  63.729203 -72.882965   0.000127  -0.000234
1 42853U 17042AE  22111.50585316  .00297759  00000-0  17336-2 0  9997 | 2 42853  96.8156 312.5413 0002759 337.7639  22.3509 15.77632357268013 | 2022/04/21-12:08:25   79.0012    0.1268   22.3629   91.2760     6715.2879     6713.4352     6717.1407  65.459106 -71.332782   0.000096  -0.000259
1 42853U 17042AE  22112.77412266  .00328220  00000-0  18389-2 0  9997 | 2 42853  96.8152 313.7913 0002969 331.1102  29.0002 15.78418126268214 | 2022/04/22-18:34:44  175.5826    0.1269   29.0167   91.2306     6713.0591     6711.0660     6715.0522  66.999369 -69.887535   0.000076  -0.000287
1 42853U 17042AE  22113.78826975  .00379804  00000-0  20515-2 0  9993 | 2 42853  96.8150 314.7923 0003260 324.5435  35.5616 15.79101427268378 | 2022/04/23-18:55:06  180.6795    0.1268   35.5833   91.1911     6711.1224     6708.9345     6713.3102  68.209928 -68.706258   0.000053  -0.000322
1 42853U 17042AE  22114.80195875  .00356701  00000-0  18713-2 0  9993 | 2 42853  96.8151 315.7939 0003450 317.5169  42.5833 15.79810998268531 | 2022/04/24-19:14:49  185.6100    0.1270   42.6101   91.1501     6709.1127     6706.7980     6711.4273  69.400586 -67.503498   0.000020  -0.000344
1 42853U 17042AE  22115.81521856  .00379675  00000-0  19249-2 0  9997 | 2 42853  96.8141 316.7967 0003791 312.0891  48.0056 15.80506616268698 | 2022/04/25-19:33:54  190.3849    0.1270   48.0379   91.1100     6707.1440     6704.6013     6709.6867  70.570624 -66.277877  -0.000007  -0.000379
1 42853U 17042AE  22116.82799562  .00360058  00000-0  17702-2 0  9997 | 2 42853  96.8128 317.7992 0003983 307.5580  52.5328 15.81230938268851 | 2022/04/26-19:52:18  194.9843    0.1270   52.5690   91.0683     6705.0956     6702.4249     6707.7662  71.718459 -65.032152  -0.000032  -0.000397
1 42853U 17042AE  22118.09331747  .00552171  00000-0  25290-2 0  9995 | 2 42853  96.8118 319.0529 0004296 301.7003  58.3848 15.82289408269056 | 2022/04/28-02:14:22  290.4993    0.1270   58.4267   91.0074     6702.1050     6699.2258     6704.9842  73.123403 -63.446769  -0.000069  -0.000424
1 42853U 17042AE  22119.54725996  .00438846  00000-0  19148-2 0  9996 | 2 42853  96.8123 320.4961 0004615 294.1080  65.9708 15.83613327269289 | 2022/04/29-13:08:03   93.9148    0.1271   66.0191   90.9313     6698.3691     6695.2778     6701.4604  74.698559 -61.585280  -0.000123  -0.000445
1 42853U 17042AE  22120.81058062  .00505258  00000-0  20646-2 0  9998 | 2 42853  96.8113 321.7527 0004992 287.8336  72.2391 15.84844250269484 | 2022/04/30-19:27:14  188.7049    0.1272   72.2936   90.8607     6694.9003     6691.5582     6698.2424  76.030377 -59.931707  -0.000174  -0.000468
1 42853U 17042AE  22122.07292872  .00408484  00000-0  16020-2 0  9991 | 2 42853  96.8099 323.0100 0004999 282.4501  77.6212 15.85936719269687 | 2022/05/02-01:45:01  283.1386    0.1273   77.6772   90.7981     6691.8255     6688.4802     6695.1707  77.325991 -58.248157  -0.000208  -0.000455
1 42853U 17042AE  22123.08227212  .00364220  00000-0  13883-2 0  9992 | 2 42853  96.8101 324.0162 0005216 276.8496  83.2183 15.86631092269848 | 2022/05/03-01:58:28  286.4943    0.1273   83.2777   90.7583     6689.8729     6686.3835     6693.3624  78.337102 -56.881402  -0.000254  -0.000456
1 42853U 17042AE  22124.09110878  .00446814  00000-0  16159-2 0  9992 | 2 42853  96.8101 325.0229 0005447 274.5410  85.5241 15.87521326270009 | 2022/05/04-02:11:11  289.6659    0.1273   85.5863   90.7074     6687.3717     6683.7291     6691.0143  79.324378 -55.496292  -0.000276  -0.000470
1 42853U 17042AE  22125.09933004  .00462371  80809-4  16770-2 0  9991 | 2 42853  96.8105 326.0305 0005415 268.6318  91.4335 15.88509337270161 | 2022/05/05-02:23:02  292.6115    0.1273   91.4955   90.6510     6684.5985     6680.9788     6688.2182  80.288348 -54.093013  -0.000313  -0.000442
1 42853U 17042AE  22126.48474469  .00450547  77712-4  15440-2 0  9994 | 2 42853  96.8118 327.4181 0006088 263.0057  97.0525 15.89641149270384 | 2022/05/06-11:38:01   71.3458    0.1274   97.1217   90.5865     6681.4252     6677.3575     6685.4928  81.575806 -52.133602  -0.000388  -0.000469
1 42853U 17042AE  22127.49166971  .00597062  14075-3  19486-2 0  9992 | 2 42853  96.8118 328.4282 0006451 260.4008  99.6538 15.90616672270543 | 2022/05/07-11:48:00   73.8248    0.1275   99.7267   90.5309     6678.6931     6674.3847     6683.0015  82.482175 -50.687429  -0.000425  -0.000486
1 42853U 17042AE  22128.81228969  .00596640  14299-3  18188-2 0  9992 | 2 42853  96.8114 329.7552 0006658 256.1749 103.8786 15.91951244270750 | 2022/05/08-19:29:41  189.2238    0.1276  103.9527   90.4550     6674.9600     6670.5158     6679.4042  83.633551 -48.763474  -0.000463  -0.000478
1 42853U 17042AE  22129.81775598  .00487446  95096-4  14148-2 0  9998 | 2 42853  96.8106 330.7672 0006781 253.1377 106.9155 15.92889352270910 | 2022/05/09-19:37:34  191.1710    0.1275  106.9898   90.4018     6672.3390     6667.8145     6676.8635  84.481059 -47.278357  -0.000489  -0.000470
1 42853U 17042AE  22130.82259049  .00496757  10019-3  13676-2 0  9990 | 2 42853  96.8096 331.7800 0006859 249.7854 110.2686 15.93899697271078 | 2022/05/10-19:44:31  192.8882    0.1277  110.3423   90.3445     6669.5190     6664.9444     6674.0937  85.302661 -45.777230  -0.000513  -0.000455
1 42853U 17042AE  22132.01492202  .00677810  19622-3  17271-2 0  9998 | 2 42853  96.8081 332.9836 0006974 248.2736 111.7800 15.95376644271264 | 2022/05/12-00:21:29  262.0996    0.1278  111.8542   90.2608     6665.4021     6660.7537     6670.0506  86.244065 -43.974645  -0.000524  -0.000460
1 42853U 17042AE  22133.14338905  .00728094  23411-3  17019-2 0  9994 | 2 42853  96.8080 334.1253 0007242 243.6164 116.4371 15.96978482271447 | 2022/05/13-03:26:28  308.3184    0.1278  116.5114   90.1703     6660.9442     6656.1204     6665.7681  87.103053 -42.247450  -0.000573  -0.000443
1 42853U 17042AE  22134.33333825  .01064327  55846-3  22522-2 0  9997 | 2 42853  96.8072 335.3311 0007588 242.6714 117.3793 15.98861737271634 | 2022/05/14-08:00:00   16.6699    0.1279  117.4565   90.0641     6655.7127     6650.6624     6660.7631  87.972077 -40.404796  -0.000598  -0.000467
1 42853U 17042AE  22135.52165233  .01054564  56965-3  19473-2 0  9991 | 2 42853  96.8057 336.5389 0007486 241.7160 118.3365 16.01271843271822 | 2022/05/15-12:31:10   84.4247    0.1280  118.4120   89.9285     6649.0326     6644.0551     6654.0101  88.802830 -38.540900  -0.000588  -0.000464
1 42853U 17042AE  22137.08229474  .01316228  10270-2  19743-2 0  9998 | 2 42853  96.8056 338.1319 0007841 240.4568 119.5933 16.04920234272075 | 2022/05/17-01:58:30  286.2036    0.1282  119.6714   89.7241     6638.9522     6633.7466     6644.1578  89.839834 -36.057292  -0.000613  -0.000489
1 42853U 17042AE  22138.82507566  .01555783  17840-2  16444-2 0  9998 | 2 42853  96.8046 339.9233 0008367 238.9983 121.0481 16.10697114272357 | 2022/05/18-19:48:06  193.5348    0.1285  121.1302   89.4023     6623.0686     6617.5271     6628.6101  90.922165 -33.230867  -0.000651  -0.000526
1 42853U 17042AE  22140.06517692  .04218389  20830-5  25890-2 0  9990 | 2 42853  96.8046 341.2096 0008624 247.4081 112.6296 16.18036268272557 | 2022/05/20-01:33:51  279.9159    0.1289  112.7208   88.9968     6603.0260     6597.3315     6608.7204  91.645229 -31.181447  -0.000570  -0.000647
1 42853U 17042AE  22141.17529346  .08241864  21519-5  19800-2 0  9999 | 2 42853  96.8025 342.3788 0011396 220.5252 139.1753 16.29361761272739 | 2022/05/21-04:12:25  319.8201  359.7858  139.2606   88.3782     6572.3926     6564.9027     6579.8825  92.260403 -29.304301  -0.001050  -0.000444
