# SPACE DATA - HISTORICAL TLEs
# ----------------------------
# NORAD_ID    : 43725
# OBJECT_NAME : FLOCK 3R 11
# --------------------------------------------------------------------+-----------------------------------------------------------------------+----------------------------------------------------------------------------------------------------------------------------------------
#                  LINE 1                                             |                 LINE 2                                                |      DERIVED PARAMETERS
# --------------------------------------------------------------------+-----------------------------------------------------------------------+----------------------------------------------------------------------------------------------------------------------------------------
# NORAD  COSPAR     TLE_EPOCH      MEANMOT1 MEANMOT2   BSTAR  #  REV  |   NORAD    INC     RAAN     ECC    ARGPER  MEANANOM   MEANMOT     REV |  CAL_DATE              LONG     ARGLAT     PERIOD        SMA         PERIGEE        APOGEE      INC_X      INC_Y      ECC_X      ECC_Y
# ------ ------   -------------- ----------  -------  ------- -- ----     -----  ------- -------- ------- -------- -------- -----------  ----   ------------------- ---------  --------  --------  ------------  ------------   ----------- ---------- ----------  ---------  ---------   
1 43905U 18111AF  18361.49262858 -.00000071  00000-0  00000+0 0  9994 | 2 43905  97.3012 266.3795 0020782 240.8561 209.3450 15.23763599    67 | 2018/12/27-11:49:23  276.6838   90.0847  209.2286   94.5028     6872.6376     6858.3549     6886.9203  -6.144337 -97.107006  -0.001748   0.001125
1 43905U 18111AF  18362.73964137 -.00001090  00000-0 -42187-4 0  9991 | 2 43905  97.2986 267.5925 0020629 236.9474 209.3327 15.23746315   254 | 2018/12/28-17:45:05    9.5455   86.1646  209.2172   94.5039     6872.6896     6858.5119     6886.8673  -4.087168 -97.212718  -0.001680   0.001197
1 43905U 18111AF  18363.84027525  .00000798  00000-0  35931-4 0  9996 | 2 43905  97.2999 268.6636 0020991 232.8980 127.0339 15.23750802   422 | 2018/12/29-20:09:59  132.1356    0.1236  127.2256   94.5036     6872.6761     6858.2497     6887.1025  -2.269274 -97.273434  -0.001644   0.001305
1 43905U 18111AF  18364.89099232  .00000815  00000-0  36641-4 0  9995 | 2 43905  97.2999 269.6863 0021062 228.9346 131.0073 15.23752585   584 | 2018/12/30-21:23:01  150.3967    0.1237  131.1891   94.5035     6872.6707     6858.1955     6887.1460  -0.532724 -97.298442  -0.001580   0.001392
1 43905U 18111AF  19001.20438705  .00000758  00000-0  34279-4 0  9992 | 2 43905  97.2999 270.9647 0021158 224.0237 135.9316 15.23754610   787 | 2019/01/01-04:54:19  263.2216    0.1236  136.0999   94.5034     6872.6646     6858.1235     6887.2058   1.638180 -97.286109  -0.001496   0.001496
1 43905U 18111AF  19002.51778035  .00000689  00000-0  31400-4 0  9996 | 2 43905  97.3000 272.2431 0021250 219.1413 140.8289 15.23756377   989 | 2019/01/02-12:25:36   16.0444    0.1237  140.9824   94.5033     6872.6593     6858.0549     6887.2637   3.808271 -97.225445  -0.001405   0.001594
1 43905U 18111AF  19003.83117100  .00000945  00000-0  42002-4 0  9997 | 2 43905  97.3000 273.5214 0021349 214.2768 145.7093 15.23760012  1181 | 2019/01/03-19:56:53  128.8654    0.1236  145.8468   94.5031     6872.6484     6857.9760     6887.3208   5.976296 -97.116291  -0.001308   0.001687
1 43905U 18111AF  19004.94755045 +.00001233 +00000-0 +53870-4 0  9992 | 2 43905 097.3001 274.6080 0021444 210.1615 149.8389 15.23763494001356 | 2019/01/04-22:44:28  170.7614    0.1236  149.9621   94.5029     6872.6379     6857.9002     6887.3756   7.816905 -96.985594  -0.001223   0.001762
1 43905U 18111AF  19006.19526575  .00001438  00000-0  62363-4 0  9999 | 2 43905  97.3001 275.8224 0021537 205.5830 154.4344 15.23767761  1544 | 2019/01/06-04:41:10  259.9373    0.1236  154.5406   94.5026     6872.6251     6857.8235     6887.4267   9.870632 -96.798141  -0.001122   0.001838
1 43905U 18111AF  19007.50864911  .00000967  00000-0  42887-4 0  9999 | 2 43905  97.3001 277.1008 0021667 200.7519 159.2841 15.23769274  1742 | 2019/01/07-12:12:27   12.7529    0.1236  159.3717   94.5025     6872.6206     6857.7296     6887.5115  12.027784 -96.553829  -0.001012   0.001916
1 43905U 18111AF  19008.55935474 +.00000615 +00000-0 +28322-4 0  9996 | 2 43905 097.3000 278.1234 0021788 196.8889 163.1626 15.23769966001903 | 2019/01/08-13:25:28   31.0044    0.1236  163.2347   94.5025     6872.6185     6857.6444     6887.5925  13.749030 -96.323695  -0.000921   0.001974
1 43905U 18111AF  19009.61005934  .00000582  00000-0  26958-4 0  9999 | 2 43905  97.2999 279.1461 0021898 193.0918 166.9754 15.23771536  2063 | 2019/01/09-14:38:29   49.2553    0.1236  167.0318   94.5024     6872.6138     6857.5641     6887.6634  15.466061 -96.062852  -0.000829   0.002027
1 43905U 18111AF  19010.72643210  .00000564  00000-0  26206-4 0  9994 | 2 43905  97.2999 280.2327 0022000 189.0859 170.9983 15.23772965  2237 | 2019/01/10-17:26:03   91.1463    0.1235  171.0376   94.5023     6872.6095     6857.4897     6887.7292  17.284978 -95.752285  -0.000728   0.002076
1 43905U 18111AF  19011.77713498  .00000599  00000-0  27645-4 0  9992 | 2 43905  97.2999 281.2554 0022100 185.3066 174.7940 15.23774496  2393 | 2019/01/11-18:39:04  109.3958    0.1235  174.8169   94.5022     6872.6049     6857.4164     6887.7933  18.991263 -95.428520  -0.000630   0.002118
1 43905U 18111AF  19012.89350617  .00000581  00000-0  26915-4 0  9996 | 2 43905  97.2998 282.3419 0022219 181.3118 178.8065 15.23775737  2560 | 2019/01/12-21:26:38  151.2856    0.1236  178.8118   94.5021     6872.6011     6857.3309     6887.8714  20.797330 -95.051155  -0.000524   0.002159
1 43905U 18111AF  19013.94420739 +.00000542 +00000-0 +25315-4 0  9996 | 2 43905 097.2998 283.3646 0022326 177.5924 182.5425 15.23776848002728 | 2019/01/13-22:39:39  169.5343    0.1236  182.5312   94.5020     6872.5978     6857.2540     6887.9415  22.490541 -94.664812  -0.000424   0.002192
1 43905U 18111AF  19015.19191387  .00000546  00000-0  25452-4 0  9995 | 2 43905  97.2998 284.5790 0022449 173.2054 186.9493 15.23778433  2910 | 2019/01/15-04:36:21  258.7043    0.1237  186.9183   94.5019     6872.5930     6857.1647     6888.0213  24.491786 -94.166892  -0.000304   0.002224
1 43905U 18111AF  19016.50528417  .00001403  00000-0  60829-4 0  9999 | 2 43905  97.2998 285.8573 0022571 168.5526 191.6230 15.23785083  3114 | 2019/01/16-12:07:36   11.5129    0.1236  191.5710   94.5015     6872.5730     6857.0609     6888.0851  26.586431 -93.597077  -0.000174   0.002250
1 43905U 18111AF  19017.55597691 +.00002902 +00000-0 +12266-3 0  9991 | 2 43905 097.2998 286.8798 0022697 164.7705 195.4221 15.23793012003270 | 2019/01/17-13:20:36   29.7584    0.1236  195.3531   94.5010     6872.5492     6856.9506     6888.1478  28.252441 -93.107737  -0.000065   0.002269
1 43905U 18111AF  19018.80366881  .00002776  00000-0  11744-3 0  9994 | 2 43905  97.3000 288.0941 0022814 160.4770 199.7347 15.23799344  3466 | 2019/01/18-19:17:16  118.9239    0.1237  199.6467   94.5006     6872.5301     6856.8511     6888.2091  30.219293 -92.488293   0.000057   0.002281
1 43905U 18111AF  19019.92001978 +.00002681 +00000-0 +11348-3 0  9996 | 2 43905 097.3001 289.1808 0022950 156.6041 203.6246 15.23805267003634 | 2019/01/19-22:04:49  160.8069    0.1236  203.5195   94.5003     6872.5123     6856.7399     6888.2847  31.967964 -91.898633   0.000169   0.002289
1 43905U 18111AF  19021.62737102 +.00002712 +00000-0 +11472-3 0  9994 | 2 43905 097.3000 290.8426 0023108 150.6688 209.5852 15.23814791003893 | 2019/01/21-15:03:24   55.4490    0.1236  209.4548   94.4997     6872.4837     6856.6028     6888.3646  34.619526 -90.932823   0.000341   0.002285
1 43905U 18111AF  19022.80937791  .00002780  00000-0  11748-3 0  9992 | 2 43905  97.2999 291.9932 0023215 146.6572 213.6133 15.23820957  4079 | 2019/01/22-19:25:30  120.9695    0.1236  213.4664   94.4993     6872.4652     6856.5107     6888.4196  36.438477 -90.219222   0.000457   0.002276
1 43905U 18111AF  19024.05704555  .00003614  00000-0  15177-3 0  9998 | 2 43905  97.2996 293.2078 0023328 142.4169 217.8704 15.23830352  4264 | 2019/01/24-01:22:08  210.1282    0.1236  217.7067   94.4987     6872.4369     6856.4049     6888.4689  38.342565 -89.426282   0.000579   0.002260
1 43905U 18111AF  19025.96136687 +.00004218 +00000-0 +17657-3 0  9990 | 2 43905 097.2991 295.0615 0023525 135.9223 224.3895 15.23843575004550 | 2019/01/25-23:04:22  175.6826    0.1236  224.2013   94.4979     6872.3972     6856.2298     6888.5645  41.215006 -88.138744   0.000767   0.002224
1 43905U 18111AF  19027.20901478  .00003613  00000-0  15162-3 0  9994 | 2 43905  97.2989 296.2758 0023610 131.7596 228.5665 15.23852408  4747 | 2019/01/27-05:00:58  264.8370    0.1237  228.3641   94.4973     6872.3706     6856.1449     6888.5963  43.073494 -87.245344   0.000883   0.002190
1 43905U 18111AF  19028.52232144  .00002916  00000-0  12288-3 0  9998 | 2 43905  97.2991 297.5539 0023699 127.3416 232.9986 15.23859523  4942 | 2019/01/28-12:32:08   17.6297    0.1237  232.7821   94.4969     6872.3492     6856.0624     6888.6360  45.008895 -86.263053   0.001005   0.002146
1 43905U 18111AF  19029.76995636  .00002977  00000-0  12539-3 0  9993 | 2 43905  97.2992 298.7682 0023802 123.1619 237.1906 15.23867389  5130 | 2019/01/29-18:28:44  106.7814    0.1236  236.9617   94.4964     6872.3256     6855.9680     6888.6831  46.826917 -85.289942   0.001120   0.002100
1 43905U 18111AF  19030.95192098 +.00003237 +00000-0 +13604-3 0  9991 | 2 43905 097.2993 299.9186 0023881 119.2256 241.1374 15.23874766005314 | 2019/01/30-22:50:45  172.2927    0.1237  240.8981   94.4960     6872.3034     6855.8916     6888.7151  48.529888 -84.332697   0.001225   0.002050
1 43905U 18111AF  19032.19954329  .00004176  00000-0  17456-3 0  9994 | 2 43905  97.2995 301.1329 0023941 115.0846 245.2880 15.23885372  5500 | 2019/02/01-04:47:20  261.4426    0.1237  245.0391   94.4953     6872.2715     6855.8186     6888.7244  50.306267 -83.285486   0.001331   0.001990
1 43905U 18111AF  19033.51282060  .00004807  00000-0  20039-3 0  9999 | 2 43905  97.2997 302.4111 0024041 110.7460 249.6357 15.23896217  5700 | 2019/02/02-12:18:27   14.2296    0.1237  249.3777   94.4946     6872.2389     6855.7173     6888.7604  52.151701 -82.142752   0.001442   0.001924
1 43905U 18111AF  19034.82608666  .00004604  00000-0  19201-3 0  9992 | 2 43905  97.2998 303.6895 0024114 106.4078 253.9813 15.23907860  5905 | 2019/02/03-19:49:33  127.0140    0.1237  253.7159   94.4939     6872.2039     6855.6322     6888.7755  53.971416 -80.958862   0.001547   0.001850
1 43905U 18111AF  19035.87669271  .00003709  00000-0  15520-3 0  9992 | 2 43905  97.2997 304.7123 0024139 102.9705 257.4230 15.23914808  6065 | 2019/02/04-21:02:26  145.2405    0.1237  257.1532   94.4935     6872.1830     6855.5942     6888.7718  55.407898 -79.982476   0.001625   0.001785
1 43905U 18111AF  19036.92729334 +.00003541 +00000-0 +14828-3 0  9990 | 2 43905 097.2995 305.7350 0024157 099.4967 260.9002 15.23922101006225 | 2019/02/05-22:15:18  163.4661    0.1237  260.6270   94.4930     6872.1611     6855.5600     6888.7621  56.826525 -78.980623   0.001701   0.001715
1 43905U 18111AF  19038.17487472  .00003468  00000-0  14524-3 0  9994 | 2 43905  97.2993 306.9495 0024202  95.4367 264.9633 15.23931162  6419 | 2019/02/07-04:11:49  252.6075    0.1238  264.6871   94.4925     6872.1338     6855.5019     6888.7658  58.487668 -77.758257   0.001788   0.001632
1 43905U 18111AF  19039.22546500  .00003610  00000-0  15105-3 0  9994 | 2 43905  97.2990 307.9722 0024233  91.9760 268.4253 15.23938322  6571 | 2019/02/08-05:24:40  270.8315    0.1237  268.1477   94.4920     6872.1123     6855.4591     6888.7655  59.866037 -76.701714   0.001858   0.001556
1 43905U 18111AF  19040.53869505  .00003711  00000-0  15515-3 0  9990 | 2 43905  97.2987 309.2505 0024239  87.6728 272.7285 15.23947456  6776 | 2019/02/09-12:55:43   23.6104    0.1238  272.4510   94.4914     6872.0848     6855.4276     6888.7421  61.562063 -75.346860   0.001938   0.001456
1 43905U 18111AF  19041.72059556  .00003436  00000-0  14383-3 0  9995 | 2 43905  97.2983 310.4010 0024245  83.8032 276.5966 15.23954740  6952 | 2019/02/10-17:17:39   89.1105    0.1237  276.3205   94.4910     6872.0629     6855.4016     6888.7243  63.062258 -74.095282   0.002005   0.001363
1 43905U 18111AF  19042.83682983  .00003286  00000-0  13767-3 0  9992 | 2 43905  97.2983 311.4874 0024259  80.1494 280.2480 15.23961106  7125 | 2019/02/11-20:05:02  130.9711    0.1237  279.9743   94.4906     6872.0438     6855.3729     6888.7147  64.455777 -72.886295   0.002065   0.001272
1 43905U 18111AF  19044.15003864  .00003564  00000-0  14899-3 0  9990 | 2 43905  97.2983 312.7656 0024244  75.8569 284.5360 15.23970800  7322 | 2019/02/13-03:36:03  243.7469    0.1238  284.2669   94.4900     6872.0147     6855.3542     6888.6752  66.065609 -71.430347   0.002128   0.001161
1 43905U 18111AF  19045.20059954  .00003815  00000-0  15925-3 0  9998 | 2 43905  97.2983 313.7881 0024207  72.4584 287.9296 15.23978649  7483 | 2019/02/14-04:48:51  261.9667    0.1238  287.6654   94.4895     6871.9911     6855.3560     6888.6261  67.329767 -70.240029   0.002171   0.001071
1 43905U 18111AF  19046.51379350  .00003397  00000-0  14210-3 0  9999 | 2 43905  97.2986 315.0661 0024206  68.1394 292.2415 15.23987100  7683 | 2019/02/15-12:19:51   14.7400    0.1239  291.9845   94.4890     6871.9657     6855.3314     6888.5999  68.879827 -68.721082   0.002225   0.000954
1 43905U 18111AF  19047.82697994  .00003097  00000-0  12978-3 0  9997 | 2 43905  97.2987 316.3444 0024156  63.8365 296.5353 15.23994887  7881 | 2019/02/16-19:50:51  127.5122    0.1238  296.2873   94.4885     6871.9423     6855.3424     6888.5421  70.395834 -67.167429   0.002267   0.000833
1 43905U 18111AF  19048.87752358  .00003144  00000-0  13168-3 0  9994 | 2 43905  97.2988 317.3670 0024112  60.3846 299.9789 15.24001688  8040 | 2019/02/17-21:03:38  145.7291    0.1238  299.7392   94.4881     6871.9218     6855.3522     6888.4914  71.583419 -65.900460   0.002296   0.000735
1 43905U 18111AF  19050.19069676  .00003466  00000-0  14484-3 0  9995 | 2 43905  97.2988 318.6453 0024043  56.0412 304.3106 15.24010881  8248 | 2019/02/19-04:34:36  258.4992    0.1238  304.0826   94.4875     6871.8942     6855.3721     6888.4163  73.035757 -64.287126   0.002326   0.000610
1 43905U 18111AF  19051.50386258  .00003471  00000-0  14504-3 0  9998 | 2 43905  97.2986 319.9236 0023994  51.7502 308.5890 15.24019185  8449 | 2019/02/20-12:05:33   11.2675    0.1239  308.3737   94.4870     6871.8692     6855.3808     6888.3576  74.451590 -62.641666   0.002350   0.000485
1 43905U 18111AF  19052.81702271  .00002583  00000-0  10867-3 0  9991 | 2 43905  97.2983 321.2019 0023904  47.4001 312.9248 15.24023975  8648 | 2019/02/21-19:36:30  124.0355    0.1239  312.7238   94.4867     6871.8548     6855.4283     6888.2813  75.830281 -60.964971   0.002364   0.000358
1 43905U 18111AF  19053.93320756 +.00001485 +00000-0 +63720-4 0  9996 | 2 43905 097.2982 322.2882 0023813 043.5533 316.7579 15.24024201008813 | 2019/02/22-22:23:49  165.8896    0.1239  316.5706   94.4867     6871.8541     6855.4902     6888.2181  76.972370 -59.516334   0.002369   0.000242
1 43905U 18111AF  19055.18070561  .00000924  00000-0  40747-4 0  9992 | 2 43905  97.2981 323.5025 0023706  39.4412 320.8546 15.24025634  9009 | 2019/02/24-04:20:12  255.0196    0.1239  320.6827   94.4866     6871.8498     6855.5594     6888.1402  78.216270 -57.871714   0.002367   0.000122
1 43905U 18111AF  19056.49385582  .00002107  00000-0  89174-4 0  9991 | 2 43905  97.2979 324.7807 0023623  35.0450 325.2337 15.24034198  9203 | 2019/02/25-11:51:09    7.7868    0.1240  325.0790   94.4861     6871.8241     6855.5908     6888.0574  79.487586 -56.112432   0.002362  -0.000007
1 43905U 18111AF  19057.54437199  .00003516  00000-0  14683-3 0  9997 | 2 43905  97.2974 325.8033 0023533  31.6203 328.6443 15.24042583  9368 | 2019/02/26-13:03:53   25.9996    0.1239  328.5036   94.4855     6871.7989     6855.6275     6887.9703  80.475939 -54.684616   0.002351  -0.000106
1 43905U 18111AF  19058.79185506  .00003509  00000-0  14651-3 0  9994 | 2 43905  97.2975 327.0173 0023413  27.4051 332.8416 15.24048970  9553 | 2019/02/27-19:00:16  115.1270    0.1239  332.7188   94.4852     6871.7797     6855.6908     6887.8686  81.616546 -52.967375   0.002330  -0.000228
1 43905U 18111AF  19059.90802020 +.00002777 +00000-0 +11655-3 0  9992 | 2 43905 097.2976 328.1038 0023326 023.6461 336.5843 15.24052350009723 | 2019/02/28-21:47:32  156.9764    0.1239  336.4778   94.4849     6871.7695     6855.7404     6887.7986  82.606318 -51.410303   0.002308  -0.000335
1 43905U 18111AF  19060.95852537 +.00001917 +00000-0 +81383-4 0  9998 | 2 43905 097.2977 329.1264 0023230 019.9773 340.2369 15.24054770009884 | 2019/03/01-23:00:16  175.1873    0.1239  340.1466   94.4848     6871.7622     6855.7991     6887.7253  83.510756 -49.927909   0.002281  -0.000439
1 43905U 18111AF  19062.20599531  .00003335  00000-0  13936-3 0  9994 | 2 43905  97.2979 330.3404 0023076  15.8441 344.3513 15.24063539 10073 | 2019/03/03-04:56:37  264.3108    0.1239  344.2798   94.4842     6871.7359     6855.8787     6887.5931  84.549993 -48.147483   0.002241  -0.000551
1 43905U 18111AF  19063.51911486  .00002571  00000-0  10810-3 0  9995 | 2 43905  97.2979 331.6187 0022943  11.3238 348.8511 15.24069533 10271 | 2019/03/04-12:27:31   17.0703    0.1239  348.8001   94.4839     6871.7179     6855.9521     6887.4837  85.603058 -46.249300   0.002193  -0.000673
1 43905U 18111AF  19064.59113809  .00004007  00000-0  16675-3 0  9998 | 2 43905  97.2960 332.6633 0023165   8.6324 109.5931 15.24077992 10434 | 2019/03/05-14:11:14  284.9601  118.4753  109.8429   94.4834     6871.6924     6855.7742     6887.6107  86.430301 -44.680138   0.002194  -0.000743
1 43905U 18111AF  19065.88271138  .00002343  00000-0  98764-4 0  9992 | 2 43905  97.2978 333.9195 0022695   3.1963 356.9415 15.24083423 10639 | 2019/03/06-21:11:06  148.0310    0.1239  356.9276   94.4830     6871.6761     6856.0808     6887.2714  87.390671 -42.775373   0.002091  -0.000883
1 43905U 18111AF  19066.99884703  .00002856  00000-0  11972-3 0  9997 | 2 43905  97.2975 335.0060 0022561 359.2706   0.8495 15.24091090 10803 | 2019/03/07-23:58:20  189.8712    0.1239    0.8533   94.4825     6871.6531     6856.1499     6887.1562  88.185787 -41.110466   0.002033  -0.000979
1 43905U 18111AF  19068.18063141  .00003987  00000-0  16594-3 0  9996 | 2 43905  97.2972 336.1564 0022412 355.2218   4.8802 15.24101345 10980 | 2019/03/09-04:20:06  255.3461    0.1239    4.9021   94.4819     6871.6222     6856.2216     6887.0229  88.993110 -39.331559   0.001967  -0.001074
1 43905U 18111AF  19069.49371964  .00002863  00000-0  11997-3 0  9990 | 2 43905  97.2968 337.4345 0022287 350.5882   9.4934 15.24106805 11187 | 2019/03/10-11:50:57    8.0944    0.1238    9.5356   94.4816     6871.6058     6856.2911     6886.9206  89.847898 -37.336611   0.001891  -0.001180
1 43905U 18111AF  19070.49841507  .00002890  00000-0  12108-3 0  9992 | 2 43905  97.2966 338.4130 0022210 347.2138 121.8777 15.24111908 11332 | 2019/03/11-11:57:43  260.7866  109.3073  122.0935   94.4813     6871.5905     6856.3287     6886.8523  90.472215 -35.796741   0.001833  -0.001254
1 43905U 18111AF  19071.52899639  .00001700  00000-0  72416-4 0  9994 | 2 43905  97.2968 339.4152 0022096 343.2226  16.8278 15.24112702 11494 | 2019/03/12-12:41:45   20.8506    0.1239   16.9013   94.4812     6871.5881     6856.4047     6886.7716  91.084676 -34.208904   0.001756  -0.001341
1 43905U 18111AF  19072.84207179  .00002532  00000-0  10643-3 0  9999 | 2 43905  97.2963 340.6933 0021894 338.6052  21.4268 15.24121719 11691 | 2019/03/13-20:12:35  133.5923    0.1239   21.5187   94.4806     6871.5610     6856.5164     6886.6056  91.824579 -32.168565   0.001660  -0.001428
1 43905U 18111AF  19073.89252629  .00004169  00000-0  17327-3 0  9999 | 2 43905  97.2962 341.7156 0021760 334.8936  25.1242 15.24131360 11854 | 2019/03/14-21:25:14  151.7832    0.1239   25.2303   94.4800     6871.5320     6856.5796     6886.4845  92.383806 -30.525120   0.001581  -0.001495
1 43905U 18111AF  19075.20558564  .00003966  00000-0  16494-3 0  9991 | 2 43905  97.2964 342.9936 0021617 330.0674  29.9326 15.24141689 12056 | 2019/03/16-04:56:02  264.5185    0.1239   30.0565   94.4794     6871.5010     6856.6469     6886.3551  93.041832 -28.457107   0.001476  -0.001579
1 43905U 18111AF  19076.51863423  .00005168  00000-0  21394-3 0  9990 | 2 43905  97.2967 344.2716 0021463 325.2758  34.7077 15.24156604 12250 | 2019/03/17-12:26:49   17.2487    0.1238   34.8480   94.4785     6871.4562     6856.7080     6886.2044  93.653668 -26.374955   0.001367  -0.001655
1 43905U 18111AF  19077.56906870 +.00002813 +00000-0 +11780-3 0  9992 | 2 43905 097.2969 345.2940 0021348 321.4671 038.5042 15.24159170012419 | 2019/03/18-13:39:27   35.4303    0.1239   38.6568   94.4783     6871.4484     6856.7793     6886.1176  94.109568 -24.699717   0.001278  -0.001710
1 43905U 18111AF  19078.68515342  .00002548  00000-0  10699-3 0  9999 | 2 43905  97.2963 346.3805 0021323 317.2722  42.6857 15.24161977 12584 | 2019/03/19-16:26:37   77.2478    0.1239   42.8517   94.4781     6871.4400     6856.7880     6886.0920  94.560417 -22.910642   0.001182  -0.001775
1 43905U 18111AF  19079.80123189  .00001705  00000-0  72557-4 0  9994 | 2 43905  97.2962 347.4668 0021219 313.1182  46.8280 15.24166589 12750 | 2019/03/20-19:13:46  119.0615    0.1239   47.0057   94.4779     6871.4261     6856.8457     6886.0066  94.977673 -21.113790   0.001080  -0.001827
1 43905U 18111AF  19080.80246981  .00002595  00000-0  10889-3 0  9999 | 2 43905  97.2959 348.4409 0020913 309.6038 140.6219 15.24174403 12906 | 2019/03/21-19:15:33   29.2404   90.3774  140.7736   94.4774     6871.4027     6857.0325     6885.7728  95.322597 -19.496017   0.000983  -0.001846
1 43905U 18111AF  19081.83643157  .00001936  00000-0  81980-4 0  9998 | 2 43905  97.2961 349.4477 0021057 305.5885  54.3390 15.24173994 13063 | 2019/03/22-20:04:27  131.7771    0.1238   54.5353   94.4774     6871.4039     6856.9348     6885.8730  95.650643 -17.818124   0.000891  -0.001908
1 43905U 18111AF  19083.21510743  .00001732  00000-0  73636-4 0  9999 | 2 43905  97.2960 350.7895 0020956 300.4050  59.5117 15.24179343 13277 | 2019/03/24-05:09:45  268.1283    0.1239   59.7189   94.4771     6871.3878     6856.9881     6885.7875  96.041558 -15.573401   0.000758  -0.001954
1 43905U 18111AF  19084.52812988  .00002466  00000-0  10359-3 0  9997 | 2 43905  97.2958 352.0675 0020876 295.4514  64.4564 15.24186855 13473 | 2019/03/25-12:40:30   20.8415    0.1239   64.6725   94.4766     6871.3652     6857.0206     6885.7099  96.364810 -13.427440   0.000628  -0.001991
1 43905U 18111AF  19085.77549538  .00003895  00000-0  16187-3 0  9995 | 2 43905  97.2953 353.2817 0020742 290.6949  69.2065 15.24195606 13664 | 2019/03/26-18:36:42  109.9147    0.1238   69.4289   94.4761     6871.3389     6857.0864     6885.5915  96.627206 -11.382377   0.000501  -0.002013
1 43905U 18111AF  19086.82590344  .00003907  00000-0  16236-3 0  9992 | 2 43905  97.2952 354.3039 0020670 286.6965  73.2003 15.24202205 13823 | 2019/03/27-19:49:18  128.0794    0.1237   73.4272   94.4757     6871.3191     6857.1161     6885.5221  96.814788  -9.656745   0.000394  -0.002029
1 43905U 18111AF  19087.94196005 +.00002172 +00000-0 +91546-4 0  9993 | 2 43905 097.2953 355.3901 0020629 282.4187 077.4742 15.24202580013997 | 2019/03/28-22:36:25  169.8775    0.1238   77.7051   94.4756     6871.3180     6857.1431     6885.4928  96.980550  -7.819736   0.000280  -0.002044
1 43905U 18111AF  19089.51756461  .00001417  00000-0  60748-4 0  9997 | 2 43905  97.2955 356.9237 0020623 276.4664  83.4226 15.24206427 14231 | 2019/03/30-12:25:17   17.1184    0.1238   83.6574   94.4754     6871.3064     6857.1357     6885.4771  97.155293  -5.221438   0.000122  -0.002059
1 43905U 18111AF  19090.56796451  .00001734  00000-0  73671-4 0  9998 | 2 43905  97.2955 357.9460 0020590 272.4239  87.4641 15.24210960 14396 | 2019/03/31-13:37:52   35.2764    0.1237   87.6998   94.4751     6871.2928     6857.1448     6885.4408  97.232987  -3.487205   0.000013  -0.002059
1 43905U 18111AF  19091.88096037  .00002387  00000-0  10027-3 0  9997 | 2 43905  97.2957 359.2238 0020535 267.3235  92.5652 15.24218433 14598 | 2019/04/01-21:08:34  147.9706    0.1238   92.8003   94.4746     6871.2703     6857.1602     6885.3805  97.286772  -1.318048  -0.000124  -0.002050
1 43905U 18111AF  19092.93135176 +.00002883 +00000-0 +12051-3 0  9992 | 2 43905 097.2958 000.2462 0020525 263.3005 096.5897 15.24225272014753 | 2019/04/02-22:21:08  166.1229    0.1238   96.8233   94.4742     6871.2498     6857.1465     6885.3530  97.294902   0.418079  -0.000231  -0.002039
1 43905U 18111AF  19094.17868367  .00004140  00000-0  17169-3 0  9998 | 2 43905  97.2959   1.4603 0020497 258.4448 101.4489 15.24237791 14941 | 2019/04/04-04:17:18  255.1742    0.1238  101.6790   94.4734     6871.2122     6857.1282     6885.2961  97.264301   2.479516  -0.000359  -0.002018
1 43905U 18111AF  19095.55730602  .00002778  00000-0  11613-3 0  9994 | 2 43905  97.2955   2.8022 0020507 253.1777 106.7211 15.24244687 15153 | 2019/04/05-13:22:31   31.4901    0.1237  106.9460   94.4730     6871.1914     6857.1007     6885.2822  97.179160   4.756594  -0.000497  -0.001990
1 43905U 18111AF  19096.87027611  .00001103  00000-0  47861-4 0  9995 | 2 43905  97.2951   4.0799 0020587 248.2289 111.6758 15.24246139 15352 | 2019/04/06-20:53:11  144.1699    0.1237  111.8948   94.4729     6871.1871     6857.0414     6885.3328  97.048535   6.922306  -0.000626  -0.001961
1 43905U 18111AF  19097.92065087 +.00001039 +00000-0 +45263-4 0  9993 | 2 43905 097.2949 005.1022 0020624 244.2245 115.6865 15.24248439015516 | 2019/04/07-22:05:44  162.3115    0.1237  115.8992   94.4728     6871.1802     6857.0090     6885.3513  96.909384   8.652683  -0.000728  -0.001930
1 43905U 18111AF  19099.16796853  .00001081  00000-0  46942-4 0  9995 | 2 43905  97.2948   6.3162 0020674 239.4408 120.4790 15.24251930 15707 | 2019/04/09-04:01:52  251.3524    0.1237  120.6829   94.4726     6871.1697     6856.9642     6885.3751  96.704210  10.703921  -0.000849  -0.001885
1 43905U 18111AF  19100.21833865  .00001368  00000-0  58639-4 0  9993 | 2 43905  97.2947   7.3384 0020725 235.4423 124.4860 15.24256102 15868 | 2019/04/10-05:14:24  269.4903    0.1238  124.6815   94.4723     6871.1571     6856.9167     6885.3976  96.497765  12.427389  -0.000948  -0.001843
1 43905U 18111AF  19101.39999509  .00005465  00000-0  22536-3 0  9999 | 2 43905  97.2940   8.4886 0020769 230.8181 129.1212 15.24274731 16040 | 2019/04/11-09:35:59  334.8901    0.1236  129.3055   94.4712     6871.1011     6856.8306     6885.3717  96.228169  14.361823  -0.001060  -0.001786
1 43905U 18111AF  19102.51599738  .00003439  00000-0  14288-3 0  9998 | 2 43905  97.2941   9.5746 0020838 226.6146 133.3357 15.24280689 16214 | 2019/04/12-12:23:02   16.6539    0.1237  133.5091   94.4708     6871.0832     6856.7653     6885.4012  95.938781  16.183086  -0.001160  -0.001731
1 43905U 18111AF  19103.56634768  .00003152  00000-0  13117-3 0  9999 | 2 43905  97.2942  10.5967 0020902 222.6192 137.3424 15.24287770 16375 | 2019/04/13-13:35:32   34.7819    0.1236  137.5044   94.4704     6871.0620     6856.7001     6885.4238  95.634939  17.891891  -0.001252  -0.001674
1 43905U 18111AF  19104.81363441  .00002341  00000-0  98148-4 0  9992 | 2 43905  97.2944  11.8106 0020993 217.9748 142.0011 15.24292490 16561 | 2019/04/14-19:31:38  123.8063    0.1237  142.1489   94.4701     6871.0478     6856.6234     6885.4722  95.234633  19.913940  -0.001355  -0.001603
1 43905U 18111AF  19105.86397904  .00001022  00000-0  44480-4 0  9994 | 2 43905  97.2946  12.8329 0021098 214.0726 145.9158 15.24293835 16728 | 2019/04/15-20:44:07  141.9308    0.1236  146.0510   94.4700     6871.0437     6856.5472     6885.5403  94.864373  21.609948  -0.001441  -0.001541
1 43905U 18111AF  19106.91432307 +.00001098 +00000-0 +47561-4 0  9994 | 2 43905 097.2944 013.8553 0021185 210.2938 149.7076 15.24295228016882 | 2019/04/16-21:56:37  160.0545    0.1236  149.8298   94.4699     6871.0395     6856.4832     6885.5958  94.463484  23.299154  -0.001520  -0.001476
1 43905U 18111AF  19107.96466473 +.00000844 +00000-0 +37228-4 0  9998 | 2 43905 097.2943 014.8775 0021295 206.3670 153.6486 15.24297490017040 | 2019/04/17-23:09:07  178.1764    0.1237  153.7567   94.4697     6871.0327     6856.4009     6885.6646  94.032701  24.980630  -0.001601  -0.001404
1 43905U 18111AF  19109.21194482  .00000818  00000-0  36169-4 0  9990 | 2 43905  97.2942  16.0914 0021421 201.7995 158.2333 15.24299723 17232 | 2019/04/19-05:05:12  267.1955    0.1236  158.3241   94.4696     6871.0260     6856.3076     6885.7445  93.482288  26.967076  -0.001691  -0.001316
1 43905U 18111AF  19110.91874282 +.00002061 +00000-0 +86691-4 0  9999 | 2 43905 097.2941 017.7524 0021558 195.6029 164.4546 15.24308447017493 | 2019/04/20-22:02:59  161.6394    0.1235  164.5206   94.4691     6870.9998     6856.1873     6885.8123  92.661250  29.665379  -0.001801  -0.001185
1 43905U 18111AF  19112.69117778  .00002242  00000-0  94032-4 0  9995 | 2 43905  97.2938  19.4776 0021759 189.0275 171.0575 15.24316923 17764 | 2019/04/22-16:35:17   79.7103    0.1237  171.0962   94.4685     6870.9743     6856.0238     6885.9249  91.725863  32.441480  -0.001912  -0.001038
1 43905U 18111AF  19114.20102286  .00002319  00000-0  97126-4 0  9994 | 2 43905  97.2935  20.9469 0021930 183.6674 176.4407 15.24323670 17996 | 2019/04/24-04:49:28  263.2503    0.1237  176.4563   94.4681     6870.9541     6855.8861     6886.0221  90.863582  34.782677  -0.001994  -0.000913
1 43905U 18111AF  19115.38263474  .00002580  00000-0  10768-3 0  9997 | 2 43905  97.2933  22.0967 0022063 179.4451 180.6815 15.24330200 18172 | 2019/04/25-09:10:59  328.6269    0.1236  180.6785   94.4677     6870.9345     6855.7751     6886.0938  90.147136  36.598908  -0.002052  -0.000810
1 43905U 18111AF  19116.89247040  .00001722  00000-0  72831-4 0  9992 | 2 43905  97.2936  23.5660 0022225 174.1369 186.0133 15.24332347 18404 | 2019/04/26-21:25:09  152.1630    0.1236  185.9867   94.4676     6870.9280     6855.6574     6886.1986  89.179327  38.898485  -0.002117  -0.000676
1 43905U 18111AF  19118.20536857  .00001444  00000-0  61544-4 0  9996 | 2 43905  97.2936  24.8437 0022362 169.5799 190.5907 15.24334972 18604 | 2019/04/28-04:55:43  264.8023    0.1236  190.5437   94.4674     6870.9201     6855.5554     6886.2849  88.289787  40.877354  -0.002166  -0.000557
1 43905U 18111AF  19119.32133036  .00001204  00000-0  51789-4 0  9996 | 2 43905  97.2935  25.9297 0022487 165.7075 194.4803 15.24336611 18770 | 2019/04/29-07:42:42  306.5453    0.1235  194.4160   94.4673     6870.9152     6855.4646     6886.3658  87.499084  42.543337  -0.002202  -0.000454
1 43905U 18111AF  19120.69987046  .00000879  00000-0  38579-4 0  9995 | 2 43905  97.2934  27.2713 0022621 160.8266 199.3829 15.24337426 18985 | 2019/04/30-16:47:48   82.8152    0.1237  199.2971   94.4673     6870.9127     6855.3700     6886.4554  86.478933  44.580262  -0.002240  -0.000319
1 43905U 18111AF  19121.81582971  .00000823  00000-0  36276-4 0  9999 | 2 43905  97.2935  28.3574 0022733 157.0324 203.1936 15.24338973 19151 | 2019/05/01-19:34:47  124.5579    0.1237  203.0913   94.4672     6870.9081     6855.2885     6886.5277  85.618471  46.211499  -0.002263  -0.000214
1 43905U 18111AF  19123.19436480  .00000845  00000-0  37164-4 0  9996 | 2 43905  97.2933  29.6989 0022886 152.3191 207.9270 15.24341632 19364 | 2019/05/03-04:39:53  260.8276    0.1236  207.8045   94.4670     6870.9001     6855.1754     6886.6248  84.512952  48.203186  -0.002287  -0.000081
1 43905U 18111AF  19124.24467553  .00000913  00000-0  39944-4 0  9992 | 2 43905  97.2932  30.7210 0023016 148.7142 211.5470 15.24343952 19522 | 2019/05/04-05:52:19  278.9375    0.1235  211.4093   94.4669     6870.8931     6855.0791     6886.7072  83.639568  49.703013  -0.002301   0.000023
1 43905U 18111AF  19125.55756190  .00000851  00000-0  37414-4 0  9996 | 2 43905  97.2931  31.9987 0023147 144.2655 216.0137 15.24346116 19727 | 2019/05/05-13:22:53   31.5750    0.1236  215.8581   94.4667     6870.8866     6854.9826     6886.7907  82.510398  51.555616  -0.002310   0.000151
1 43905U 18111AF  19126.73915744  .00000807  00000-0  35609-4 0  9994 | 2 43905  97.2930  33.1486 0023252 140.3041 219.9904 15.24348322 19902 | 2019/05/06-17:44:23   96.9488    0.1236  219.8195   94.4666     6870.8800     6854.9038     6886.8562  81.459070  53.201013  -0.002310   0.000265
1 43905U 18111AF  19128.18332688  .00000833  00000-0  36681-4 0  9995 | 2 43905  97.2929  34.5539 0023362 135.4161 224.8962 15.24351505 20126 | 2019/05/08-04:23:59  256.8502    0.1237  224.7076   94.4664     6870.8704     6854.8187     6886.9222  80.129750  55.182710  -0.002300   0.000407
1 43905U 18111AF  19129.23363036  .00000785  00000-0  34713-4 0  9993 | 2 43905  97.2928  35.5760 0023454 131.8888 228.4355 15.24353284 20289 | 2019/05/09-05:36:25  274.9605    0.1236  228.2348   94.4663     6870.8651     6854.7502     6886.9800  79.132567  56.603232  -0.002289   0.000509
1 43905U 18111AF  19130.28393210  .00000859  00000-0  37701-4 0  9999 | 2 43905  97.2927  36.5980 0023524 128.3894 231.9461 15.24355757 20441 | 2019/05/10-06:48:51  293.0712    0.1236  231.7342   94.4661     6870.8577     6854.6946     6887.0207  78.110305  58.005601  -0.002272   0.000609
1 43905U 18111AF  19131.79373463  .00001146  00000-0  49342-4 0  9998 | 2 43905  97.2926  38.0672 0023608 123.3878 236.9623 15.24361391 20676 | 2019/05/11-19:02:58  116.6044    0.1237  236.7359   94.4658     6870.8407     6854.6200     6887.0614  76.597309  59.989185  -0.002238   0.000751
1 43905U 18111AF  19133.10659943  .00001557  00000-0  65984-4 0  9991 | 2 43905  97.2927  39.3447 0023679 118.9697 241.3918 15.24368451 20871 | 2019/05/13-02:33:30  229.2409    0.1236  241.1539   94.4654     6870.8195     6854.5501     6887.0889  75.240904  61.682054  -0.002200   0.000875
1 43905U 18111AF  19134.22253168  .00001873  00000-0  78790-4 0  9994 | 2 43905  97.2928  40.4307 0023737 115.2707 245.0994 15.24374357 21044 | 2019/05/14-05:20:26  270.9818    0.1237  244.8530   94.4650     6870.8018     6854.4925     6887.1110  74.058396  63.097091  -0.002163   0.000977
1 43905U 18111AF  19135.79795983  .00001543  00000-0  65398-4 0  9997 | 2 43905  97.2930  41.9637 0023852 110.1635 250.2171 15.24379991 21281 | 2019/05/15-19:09:03  118.1453    0.1237  249.9602   94.4646     6870.7848     6854.3966     6887.1730  72.344020  65.055903  -0.002108   0.001115
1 43905U 18111AF  19137.04516883  .00001422  00000-0  60477-4 0  9996 | 2 43905  97.2930  43.1774 0023957 106.0427 254.3452 15.24384434 21472 | 2019/05/17-01:05:02  207.1488    0.1238  254.0811   94.4644     6870.7715     6854.3112     6887.2318  70.949810  66.573661  -0.002058   0.001226
1 43905U 18111AF  19138.68621833 +.00002522 +00000-0 +10498-3 0  9998 | 2 43905 097.2930 044.7746 0024009 100.7495 259.6448 15.24398532021728 | 2019/05/18-16:28:09   77.9405    0.1238  259.3743   94.4635     6870.7291     6854.2332     6887.2251  69.066651  68.525365  -0.001979   0.001359
1 43905U 18111AF  19139.80213128 +.00001388 +00000-0 +59072-4 0  9998 | 2 43905 097.2927 045.8605 0024017 097.0449 263.3521 15.24399287021896 | 2019/05/19-19:15:04  119.6805    0.1237  263.0788   94.4634     6870.7269     6854.2254     6887.2283  67.755387  69.821752  -0.001916   0.001449
1 43905U 18111AF  19141.18060945  .00001460  00000-0  61988-4 0  9999 | 2 43905  97.2922  47.2016 0024019  92.5223 267.8765 15.24402550 22107 | 2019/05/21-04:20:04  255.9484    0.1238  267.6015   94.4632     6870.7170     6854.2143     6887.2198  66.102346  71.388039  -0.001833   0.001553
1 43905U 18111AF  19142.29651536  .00001285  00000-0  54897-4 0  9990 | 2 43905  97.2921  48.2875 0024018  88.8450 271.5539 15.24405943 22277 | 2019/05/22-07:06:58  297.6884    0.1238  271.2788   94.4630     6870.7069     6854.2048     6887.2089  64.737505  72.627875  -0.001760   0.001634
1 43905U 18111AF  19143.54370257  .00001186  00000-0  50859-4 0  9991 | 2 43905  97.2920  49.5011 0024008  84.7888 275.6089 15.24409123 22461 | 2019/05/23-13:02:55   26.6927    0.1238  275.3350   94.4628     6870.6973     6854.2021     6887.1925  63.184679  73.982630  -0.001676   0.001719
1 43905U 18111AF  19144.79088671  .00001224  00000-0  52414-4 0  9997 | 2 43905  97.2919  50.7147 0023994  80.6787 279.7163 15.24412819 22654 | 2019/05/24-18:58:52  115.6974    0.1239  279.4452   94.4626     6870.6862     6854.2007     6887.1717  61.603510  75.304192  -0.001587   0.001800
1 43905U 18111AF  19146.16935035  .00001259  00000-0  53815-4 0  9999 | 2 43905  97.2918  52.0561 0024002  76.2046 284.1861 15.24416679 22864 | 2019/05/26-04:03:51  251.9659    0.1238  283.9192   94.4624     6870.6746     6854.1836     6887.1656  59.823718  76.725597  -0.001486   0.001885
1 43905U 18111AF  19147.21960595  .00001413  00000-0  60041-4 0  9996 | 2 43905  97.2918  53.0781 0023979  72.7407 287.6452 15.24420270 23028 | 2019/05/27-05:16:13  270.0759    0.1238  287.3831   94.4621     6870.6638     6854.1886     6887.1390  58.445699  77.780426  -0.001403   0.001944
1 43905U 18111AF  19148.53242215  .00001340  00000-0  57085-4 0  9997 | 2 43905  97.2918  54.3555 0023925  68.4866 291.8919 15.24423398 23224 | 2019/05/28-12:46:41   22.7137    0.1238  291.6372   94.4619     6870.6544     6854.2164     6887.0924  56.697215  79.064025  -0.001298   0.002010
1 43905U 18111AF  19149.77959334  .00001515  00000-0  64176-4 0  9994 | 2 43905  97.2918  55.5691 0023906  64.4264 295.9441 15.24428096 23411 | 2019/05/29-18:42:36  111.7190    0.1238  295.6974   94.4617     6870.6403     6854.2153     6887.0652  55.009943  80.247122  -0.001195   0.002070
1 43905U 18111AF  19151.15804148  .00001612  00000-0  68081-4 0  9998 | 2 43905  97.2917  56.9105 0023849  59.8965 300.4632 15.24432955 23623 | 2019/05/31-03:47:34  247.9884    0.1238  300.2273   94.4614     6870.6257     6854.2399     6887.0114  53.116251  81.512813  -0.001076   0.002129
1 43905U 18111AF  19152.47084531  .00001458  00000-0  61847-4 0  9991 | 2 43905  97.2916  58.1879 0023770  55.5895 304.7585 15.24436476 23820 | 2019/06/01-11:18:01    0.6260    0.1238  304.5343   94.4611     6870.6151     6854.2837     6886.9466  51.285834  82.676591  -0.000958   0.002175
1 43905U 18111AF  19153.52108581  .00001320  00000-0  56262-4 0  9993 | 2 43905  97.2915  59.2099 0023705  52.1104 308.2273 15.24439211 23989 | 2019/06/02-12:30:21   18.7361    0.1239  308.0135   94.4610     6870.6069     6854.3201     6886.8937  49.802978  83.578103  -0.000862   0.002208
1 43905U 18111AF  19154.70260407  .00001214  00000-0  51972-4 0  9995 | 2 43905  97.2914  60.3596 0023629  48.2279 312.0973 15.24442226 24168 | 2019/06/03-16:51:44   84.1100    0.1239  311.8960   94.4608     6870.5978     6854.3633     6886.8324  48.115932  84.560473  -0.000753   0.002240
1 43905U 18111AF  19156.80307315 +.00001382 +00000-0 +58783-4 0  9991 | 2 43905 097.2912 062.4036 0023470 041.2228 319.0777 15.24449383024484 | 2019/06/05-19:16:25  120.3299    0.1239  318.9011   94.4603     6870.5763     6854.4511     6886.7016  45.069210  86.222642  -0.000553   0.002281
1 43905U 18111AF  19158.31278051  .00001360  00000-0  57879-4 0  9994 | 2 43905  97.2911  63.8727 0023352  36.2252 324.0562 15.24453435 24712 | 2019/06/07-07:30:24  303.8626    0.1240  323.8988   94.4601     6870.5642     6854.5200     6886.6083  42.843791  87.349687  -0.000409   0.002299
1 43905U 18111AF  19159.69120486  .00001369  00000-0  58238-4 0  9993 | 2 43905  97.2910  65.2139 0023262  31.5510 328.7117 15.24457385 24927 | 2019/06/08-16:35:20   80.1315    0.1239  328.5729   94.4598     6870.5523     6854.5700     6886.5346  40.787485  88.328476  -0.000274   0.002310
1 43905U 18111AF  19161.20090241  .00001454  00000-0  61654-4 0  9999 | 2 43905  97.2910  66.6829 0023111  26.4448 333.7963 15.24462565 25151 | 2019/06/10-04:49:17  263.6632    0.1239  333.6791   94.4595     6870.5367     6854.6582     6886.4152  38.509684  89.345078  -0.000126   0.002308
1 43905U 18111AF  19162.25112510  .00001327  00000-0  56525-4 0  9999 | 2 43905  97.2909  67.7048 0023013  22.8785 337.3472 15.24464832 25311 | 2019/06/11-06:01:37  281.7721    0.1239  337.2454   94.4594     6870.5299     6854.7188     6886.3411  36.910090  90.017579  -0.000023   0.002301
1 43905U 18111AF  19163.30134606  .00001220  00000-0  52194-4 0  9996 | 2 43905  97.2911  68.7269 0022907  19.3127 340.8974 15.24466971 25471 | 2019/06/12-07:13:56  299.8802    0.1240  340.8113   94.4592     6870.5235     6854.7852     6886.2618  35.298551  90.661847   0.000078   0.002289
1 43905U 18111AF  19164.67975992  .00001008  00000-0  43648-4 0  9996 | 2 43905  97.2909  70.0680 0022749  14.5504 345.6384 15.24468790 25683 | 2019/06/13-16:18:51   76.1481    0.1240  345.5736   94.4591     6870.5180     6854.8883     6886.1478  33.166921  91.462968   0.000213   0.002265
1 43905U 18111AF  19165.72997881  .00000856  00000-0  37484-4 0  9995 | 2 43905  97.2909  71.0900 0022628  10.9640 349.2086 15.24469937 25847 | 2019/06/14-17:31:10   94.2562    0.1239  349.1599   94.4591     6870.5146     6854.9680     6886.0612  31.530282  92.039994   0.000313   0.002241
1 43905U 18111AF  19166.78019655 +.00000722 +00000-0 +32077-4 0  9991 | 2 43905 097.2908 072.1119 0022531 007.3458 352.8105 15.24470940026007 | 2019/06/15-18:43:28  112.3641    0.1239  352.7781   94.4590     6870.5116     6855.0316     6885.9915  29.883742  92.587590   0.000412   0.002215
1 43905U 18111AF  19168.28988320  .00000659  00000-0  29519-4 0  9998 | 2 43905  97.2906  73.5809 0022328   2.1451 357.9878 15.24472621 26232 | 2019/06/17-06:57:25  295.8938    0.1239  357.9788   94.4589     6870.5065     6855.1660     6885.8470  27.500281  93.323070   0.000551   0.002164
1 43905U 18111AF  19169.66829089  .00000567  00000-0  25834-4 0  9991 | 2 43905  97.2904  74.9221 0022171 357.2619   2.8493 15.24474021 26447 | 2019/06/18-16:02:20   72.1596    0.1239    2.8620   94.4588     6870.5023     6855.2697     6885.7349  25.308355  93.940987   0.000678   0.002111
1 43905U 18111AF  19171.17797418  .00000481  00000-0  22336-4 0  9999 | 2 43905  97.2902  76.3910 0022002 351.9504   8.1377 15.24475428 26670 | 2019/06/20-04:16:16  255.6878    0.1239    8.1735   94.4587     6870.4981     6855.3816     6885.6145  22.891877  94.558685   0.000812   0.002045
1 43905U 18111AF  19172.29382585  .00000525  00000-0  24111-4 0  9990 | 2 43905  97.2901  77.4767 0021864 347.9961  12.0752 15.24476964 26844 | 2019/06/21-07:03:06  297.4254    0.1239   12.1278   94.4586     6870.4935     6855.4718     6885.5151  21.096056  94.975365   0.000908   0.001989
1 43905U 18111AF  19173.80350634  .00000497  00000-0  22986-4 0  9994 | 2 43905  97.2900  78.9457 0021701 342.5549  17.4941 15.24478534 27078 | 2019/06/22-19:17:02  120.9517    0.1239   17.5690   94.4585     6870.4887     6855.5791     6885.3984  18.654308  95.484873   0.001035   0.001907
1 43905U 18111AF  19175.18190901  .00000507  00000-0  23386-4 0  9993 | 2 43905  97.2899  80.2868 0021558 337.6034  22.4260 15.24480131 27280 | 2019/06/24-04:21:56  257.2138    0.1239   22.5205   94.4584     6870.4839     6855.6726     6885.2953  16.414408  95.895213   0.001146   0.001826
1 43905U 18111AF  19176.23211955  .00000528  00000-0  24228-4 0  9992 | 2 43905  97.2899  81.3086 0021449 333.8181  26.1970 15.24481446 27441 | 2019/06/25-05:34:15  275.3172    0.1239   26.3058   94.4583     6870.4800     6855.7435     6885.2165  14.701715  96.172679   0.001226   0.001760
1 43905U 18111AF  19177.47924358  .00000517  00000-0  23792-4 0  9990 | 2 43905  97.2899  82.5221 0021332 329.2353  30.7633 15.24482844 27637 | 2019/06/26-11:30:06    4.3141    0.1239   30.8886   94.4583     6870.4758     6855.8197     6885.1319  12.661674  96.462462   0.001320   0.001675
1 43905U 18111AF  19178.72636660  .00000491  00000-0  22748-4 0  9996 | 2 43905  97.2898  83.7355 0021212 324.6298  35.3531 15.24484235 27826 | 2019/06/27-17:25:58   93.3099    0.1238   35.4940   94.4582     6870.4716     6855.8980     6885.0453  10.616111  96.708859   0.001409   0.001585
1 43905U 18111AF  19180.17040291  .00000466  00000-0  21729-4 0  9997 | 2 43905  97.2898  85.1405 0021065 319.3108  40.6555 15.24485635 28040 | 2019/06/29-04:05:22  253.1979    0.1239   40.8131   94.4581     6870.4674     6855.9948     6884.9400   8.241675  96.940085   0.001504   0.001475
1 43905U 18111AF  19181.48316196  .00000498  00000-0  23034-4 0  9998 | 2 43905  97.2896  86.4178 0020951 314.4291  45.5231 15.24487223 28243 | 2019/06/30-11:35:45    5.8218    0.1238   45.6947   94.4580     6870.4626     6856.0683     6884.8569   6.078699  97.099514   0.001585   0.001370
1 43905U 18111AF  19182.73028195  .00000512  00000-0  23620-4 0  9994 | 2 43905  97.2895  87.6313 0020871 309.7643  50.1756 15.24488796 28436 | 2019/07/01-17:31:36   94.8130    0.1239   50.3596   94.4579     6870.4579     6856.1186     6884.7972   4.020959  97.206372   0.001658   0.001268
1 43905U 18111AF  19184.17431448  .00000511  00000-0  23550-4 0  9994 | 2 43905  97.2893  89.0362 0020749 304.3338  55.5936 15.24490444 28656 | 2019/07/03-04:11:00  254.6957    0.1239   55.7901   94.4578     6870.4530     6856.1975     6884.7085   1.636473  97.275536   0.001733   0.001141
1 43905U 18111AF  19185.48707018  .00000575  00000-0  26138-4 0  9993 | 2 43905  97.2891  90.3135 0020665 299.3650  60.5524 15.24492265 28858 | 2019/07/04-11:41:22    7.3143    0.1239   60.7589   94.4577     6870.4475     6856.2497     6884.6453  -0.532325  97.287644   0.001795   0.001023
1 43905U 18111AF  19186.79982474  .00000514  00000-0  23690-4 0  9992 | 2 43905  97.2890  91.5906 0020595 294.3607  65.5480 15.24493578 29052 | 2019/07/05-19:11:44  119.9315    0.1238   65.7631   94.4576     6870.4435     6856.2939     6884.5932  -2.700513  97.251513   0.001852   0.000901
1 43905U 18111AF  19188.17821611  .00000421  00000-0  19937-4 0  9997 | 2 43905  97.2889  92.9316 0020514 289.0957  70.8059 15.24494699 29269 | 2019/07/07-04:16:37  256.1771    0.1238   71.0281   94.4575     6870.4402     6856.3462     6884.5342  -4.975719  97.161578   0.001902   0.000769
1 43905U 18111AF  19189.29405628  .00000442  00000-0  20755-4 0  9990 | 2 43905  97.2888  94.0171 0020462 284.8704  75.0268 15.24495935 29437 | 2019/07/08-07:03:26  297.8983    0.1239   75.2535   94.4575     6870.4365     6856.3782     6884.4947  -6.815489  97.049780   0.001936   0.000662
1 43905U 18111AF  19190.54117060  .00000490  00000-0  22701-4 0  9996 | 2 43905  97.2887  95.2305 0020436 280.0751  79.8181 15.24497550 29621 | 2019/07/09-12:59:17   26.8792    0.1238   80.0487   94.4574     6870.4316     6856.3912     6884.4720  -8.869101  96.883591   0.001971   0.000539
1 43905U 18111AF  19191.78828358  .00000532  00000-0  24406-4 0  9993 | 2 43905  97.2887  96.4439 0020407 275.3347  84.5563 15.24499370 29818 | 2019/07/10-18:55:07  115.8579    0.1238   84.7891   94.4572     6870.4261     6856.4057     6884.4466 -10.918742  96.674051   0.001998   0.000417
1 43905U 18111AF  19193.62613259  .00000569  00000-0  25911-4 0  9992 | 2 43905  97.2886  98.2318 0020371 268.2511  91.6393 15.24501812 30094 | 2019/07/12-15:01:37   57.5077    0.1237   91.8726   94.4571     6870.4188     6856.4231     6884.4145 -13.929612  96.286228   0.002024   0.000230
1 43905U 18111AF  19194.67633094  .00000534  00000-0  24505-4 0  9997 | 2 43905  97.2885  99.2535 0020376 264.2405  95.6509 15.24503048 30252 | 2019/07/13-16:13:54   75.5916    0.1237   95.8832   94.4570     6870.4151     6856.4159     6884.4142 -15.644269  96.022441   0.002034   0.000124
1 43905U 18111AF  19195.79216581  .00000509  00000-0  23465-4 0  9995 | 2 43905  97.2884 100.3390 0020386 259.9807  99.9130 15.24504486 30425 | 2019/07/14-19:00:43  117.3041    0.1237  100.1430   94.4569     6870.4108     6856.4048     6884.4168 -17.460532  95.708738   0.002039   0.000011
1 43905U 18111AF  19197.17054915  .00000471  00000-0  21928-4 0  9990 | 2 43905  97.2883 101.6799 0020402 254.6959 105.2024 15.24506040 30634 | 2019/07/16-04:05:35  253.5352    0.1238  105.4279   94.4568     6870.4061     6856.3891     6884.4231 -19.695409  95.273838   0.002036  -0.000129
1 43905U 18111AF  19198.35202002  .00000436  00000-0  20522-4 0  9993 | 2 43905  97.2881 102.8293 0020434 250.1713 109.7322 15.24507135 30814 | 2019/07/17-08:26:54  318.8747    0.1237  109.9524   94.4568     6870.4028     6856.3638     6884.4418 -21.602545  94.859393   0.002028  -0.000249
1 43905U 18111AF  19199.53349005  .00000415  00000-0  19652-4 0  9998 | 2 43905  97.2879 103.9787 0020489 245.6700 114.2399 15.24508300 30995 | 2019/07/18-12:48:13   24.2126    0.1238  114.4538   94.4567     6870.3993     6856.3225     6884.4761 -23.500979  94.406777   0.002016  -0.000368
1 43905U 18111AF  19200.71495975  .00000367  00000-0  17725-4 0  9994 | 2 43905  97.2877 105.1280 0020541 241.1648 118.7528 15.24509173 31179 | 2019/07/19-17:09:32   89.5492    0.1237  118.9589   94.4566     6870.3967     6856.2842     6884.5092 -25.389784  93.916215   0.001996  -0.000487
1 43905U 18111AF  19202.15897769  .00000351  00000-0  17074-4 0  9991 | 2 43905  97.2876 106.5326 0020608 235.6132 124.3158 15.24510287 31398 | 2019/07/21-03:48:55  249.4030    0.1238  124.5106   94.4566     6870.3933     6856.2348     6884.5518 -27.684242  93.265534   0.001962  -0.000632
1 43905U 18111AF  19203.20917170  .00000406  00000-0  19297-4 0  9997 | 2 43905  97.2875 107.5542 0020677 231.6175 128.3206 15.24511567 31555 | 2019/07/22-05:01:12  267.4772    0.1237  128.5062   94.4565     6870.3895     6856.1836     6884.5954 -29.342674  92.757022   0.001933  -0.000735
1 43905U 18111AF  19204.52191358  .00000398  00000-0  18966-4 0  9997 | 2 43905  97.2874 108.8312 0020764 226.6903 133.2604 15.24512739 31754 | 2019/07/23-12:31:33   20.0686    0.1237  133.4334   94.4564     6870.3860     6856.1203     6884.6516 -31.402538  92.079959   0.001890  -0.000860
1 43905U 18111AF  19205.70338072  .00000395  00000-0  18854-4 0  9997 | 2 43905  97.2873 109.9804 0020843 222.2391 137.7242 15.24513749 31931 | 2019/07/24-16:52:52   85.3995    0.1237  137.8846   94.4563     6870.3829     6856.0630     6884.7029 -33.242941  91.431535   0.001844  -0.000971
1 43905U 18111AF  19207.86940189 +.00000429 +00000-0 +20200-4 0  9990 | 2 43905 097.2871 112.0873 0021022 214.1458 145.8429 15.24515940032263 | 2019/07/26-20:51:56  145.1697    0.1237  145.9779   94.4562     6870.3764     6855.9335     6884.8193 -36.581787  90.147394   0.001748  -0.001168
1 43905U 18111AF  19209.70723656  .00000376  00000-0  18056-4 0  9990 | 2 43905  97.2870 113.8749 0021178 207.3621 152.6503 15.24517287 32547 | 2019/07/28-16:58:25   86.7904    0.1236  152.7615   94.4561     6870.3723     6855.8222     6884.9224 -39.376041  88.962283   0.001651  -0.001326
1 43905U 18111AF  19211.67634323 +.00000422 +00000-0 +19925-4 0  9999 | 2 43905 097.2867 115.7902 0021354 200.1399 159.8999 15.24519235032840 | 2019/07/30-16:13:56   75.6669    0.1237  159.9838   94.4560     6870.3665     6855.6955     6885.0374 -42.327215  87.596283   0.001534  -0.001485
1 43905U 18111AF  19212.72653229  .00000440  00000-0  20631-4 0  9998 | 2 43905  97.2866 116.8117 0021466 196.3304 163.7245 15.24520398 33004 | 2019/07/31-17:26:12   93.7335    0.1237  163.7933   94.4559     6870.3630     6855.6150     6885.1109 -43.882074  86.827680   0.001468  -0.001566
1 43905U 18111AF  19214.17054171  .00000400  00000-0  19020-4 0  9996 | 2 43905  97.2864 118.2163 0021608 191.0678 169.0087 15.24521465 33226 | 2019/08/02-04:05:34  253.5740    0.1236  169.0558   94.4559     6870.3598     6855.5143     6885.2052 -45.997153  85.725758   0.001368  -0.001672
1 43905U 18111AF  19215.28636631  .00000454  00000-0  21202-4 0  9990 | 2 43905  97.2863 119.3015 0021722 187.0488 173.0447 15.24522758 33393 | 2019/08/03-06:52:22  295.2684    0.1236  173.0748   94.4558     6870.3559     6855.4321     6885.2797 -47.612429  84.839146   0.001288  -0.001750
1 43905U 18111AF  19216.73037321 +.00000489 +00000-0 +22615-4 0  9999 | 2 43905 097.2860 120.7060 0021879 181.9399 178.1758 15.24524424033611 | 2019/08/04-17:31:44   95.1075    0.1237  178.1838   94.4557     6870.3509     6855.3192     6885.3825 -49.677438  83.646386   0.001180  -0.001842
1 43905U 18111AF  19218.17437753  .00000722  00000-0  32021-4 0  9994 | 2 43905  97.2859 122.1104 0022055 176.7726 183.3658 15.24527526 33834 | 2019/08/06-04:11:06  254.9452    0.1236  183.3510   94.4555     6870.3415     6855.1890     6885.4941 -51.712547  82.403633   0.001065  -0.001931
1 43905U 18111AF  19219.48710779  .00000661  00000-0  29546-4 0  9991 | 2 43905  97.2857 123.3871 0022200 172.1405 188.0185 15.24528764 34037 | 2019/08/07-11:41:26    7.5247    0.1236  187.9831   94.4554     6870.3378     6855.0857     6885.5900 -53.535617  81.230814   0.000957  -0.002003
1 43905U 18111AF  19220.53729061  .00000597  00000-0  26975-4 0  9994 | 2 43905  97.2856 124.4085 0022317 168.4916 191.6837 15.24529897 34198 | 2019/08/08-12:53:41   25.5879    0.1237  191.6321   94.4553     6870.3344     6855.0019     6885.6670 -54.975062  80.263507   0.000868  -0.002056
1 43905U 18111AF  19221.71874405  .00000642  00000-0  28775-4 0  9999 | 2 43905  97.2855 125.5576 0022412 164.4248 195.7684 15.24532170 34377 | 2019/08/09-17:14:59   90.9087    0.1236  195.6988   94.4552     6870.3276     6854.9298     6885.7254 -56.573571  79.144801   0.000766  -0.002106
1 43905U 18111AF  19222.96583060  .00000836  00000-0  36589-4 0  9998 | 2 43905  97.2854 126.7704 0022540 160.0386 200.1739 15.24535845 34564 | 2019/08/10-23:10:47  179.8569    0.1237  200.0851   94.4550     6870.3166     6854.8309     6885.8022 -58.235998  77.929568   0.000652  -0.002158
1 43905U 18111AF  19224.54109630  .00000777  00000-0  34217-4 0  9991 | 2 43905  97.2852 128.3023 0022701 154.6431 205.5927 15.24538526 34807 | 2019/08/12-12:59:10   26.9500    0.1237  205.4806   94.4548     6870.3085     6854.7122     6885.9048 -60.298392  76.344706   0.000509  -0.002212
1 43905U 18111AF  19225.72254433  .00000655  00000-0  29305-4 0  9991 | 2 43905  97.2851 129.4513 0022843 150.6035 209.6494 15.24539864 34984 | 2019/08/13-17:20:27   92.2697    0.1237  209.5202   94.4547     6870.3045     6854.6106     6885.9983 -61.817105  75.120145   0.000399  -0.002249
1 43905U 18111AF  19227.23217062  .00000611  00000-0  27490-4 0  9991 | 2 43905  97.2849 130.9192 0023010 145.4150 214.8590 15.24541775 35214 | 2019/08/15-05:34:19  275.7341    0.1236  214.7086   94.4546     6870.2987     6854.4902     6886.1073 -63.721032  73.511780   0.000254  -0.002287
1 43905U 18111AF  19228.54488770  .00000508  00000-0  23359-4 0  9997 | 2 43905  97.2847 132.1958 0023113 140.9473 219.3439 15.24542806 35418 | 2019/08/16-13:04:38   28.3124    0.1237  219.1764   94.4545     6870.2956     6854.4163     6886.1750 -65.342853  72.073743   0.000127  -0.002308
1 43905U 18111AF  19229.79196760 +.00000476 +00000-0 +22050-4 0  9991 | 2 43905 097.2846 133.4085 0023221 136.7797 223.5268 15.24544083035601 | 2019/08/17-19:00:26  117.2623    0.1236  223.3439   94.4545     6870.2918     6854.3383     6886.2453 -66.853519  70.674609   0.000008  -0.002322
1 43905U 18111AF  19231.76103587 +.00000557 +00000-0 +25294-4 0  9999 | 2 43905 097.2843 135.3229 0023356 130.0559 230.2732 15.24548888035902 | 2019/08/19-18:15:53  106.1307    0.1236  230.0677   94.4542     6870.2774     6854.2312     6886.3236 -69.176974  68.401618  -0.000188  -0.002328
1 43905U 18111AF  19233.53319315  .00000792  00000-0  34777-4 0  9991 | 2 43905  97.2842 137.0465 0023491 124.2139 236.1329 15.24552103 36173 | 2019/08/21-12:47:47   24.1127    0.1237  235.9098   94.4540     6870.2677     6854.1288     6886.4067 -71.202983  66.289900  -0.000357  -0.002322
1 43905U 18111AF  19234.71462830 +.00000920 +00000-0 +39928-4 0  9999 | 2 43905 097.2841 138.1952 0023571 120.3463 240.0110 15.24554941036355 | 2019/08/22-17:09:03   89.4347    0.1237  239.7774   94.4538     6870.2592     6854.0653     6886.4531 -72.517529  64.849087  -0.000468  -0.002310
1 43905U 18111AF  19236.68368500  .00000768  00000-0  33818-4 0  9998 | 2 43905  97.2837 140.1098 0023723 113.8576 246.5151 15.24557247 36656 | 2019/08/24-16:24:30   78.3059    0.1237  246.2661   94.4537     6870.2523     6853.9540     6886.5506 -74.643337  62.389827  -0.000655  -0.002280
1 43905U 18111AF  19237.73384676  .00000763  00000-0  33608-4 0  9999 | 2 43905  97.2836 141.1309 0023763 110.4229 249.9564 15.24558836 36811 | 2019/08/25-17:36:44   96.3715    0.1237  249.7008   94.4536     6870.2475     6853.9217     6886.5733 -75.743231  61.049667  -0.000752  -0.002254
1 43905U 18111AF  19238.98091209  .00000788  00000-0  34588-4 0  9999 | 2 43905  97.2835 142.3435 0023809 106.3006 254.0853 15.24560856 37006 | 2019/08/26-23:32:30  185.3250    0.1237  253.8231   94.4534     6870.2414     6853.8841     6886.5988 -77.018139  59.433034  -0.000867  -0.002217
1 43905U 18111AF  19240.16234030  .00000846  00000-0  36926-4 0  9996 | 2 43905  97.2834 143.4923 0023863 102.3885 258.0025 15.24563039 37180 | 2019/08/28-03:53:46  250.6497    0.1237  257.7352   94.4533     6870.2349     6853.8404     6886.6293 -78.194151  57.876892  -0.000975  -0.002178
1 43905U 18111AF  19241.21249746  .00000831  00000-0  36352-4 0  9990 | 2 43905  97.2833 144.5134 0023883  98.9513 261.4430 15.24564596 37340 | 2019/08/29-05:05:59  268.7170    0.1238  261.1725   94.4532     6870.2302     6853.8220     6886.6384 -79.213054  56.474176  -0.001067  -0.002137
1 43905U 18111AF  19242.52519208  .00000870  00000-0  37909-4 0  9990 | 2 43905  97.2831 145.7899 0023895  94.6476 265.7492 15.24566898 37547 | 2019/08/30-12:36:16   21.3019    0.1238  265.4762   94.4531     6870.2233     6853.8069     6886.6397 -80.451322  54.695396  -0.001179  -0.002078
1 43905U 18111AF  19243.70661426  .00001142  00000-0  48841-4 0  9991 | 2 43905  97.2829 146.9385 0023918  90.7422 269.6557 15.24570655 37722 | 2019/08/31-16:57:31   86.6286    0.1238  269.3816   94.4528     6870.2120     6853.7798     6886.6441 -81.531386  53.071609  -0.001279  -0.002021
1 43905U 18111AF  19244.95366856 +.00001163 +00000-0 +49713-4 0  9990 | 2 43905 097.2828 148.1511 0023926 086.5933 273.8041 15.24573347037912 | 2019/09/01-22:53:16  175.5852    0.1238  273.5305   94.4527     6870.2039     6853.7662     6886.6415 -82.636159  51.334281  -0.001381  -0.001954
1 43905U 18111AF  19246.39762236  .00001127  00000-0  48265-4 0  9993 | 2 43905  97.2827 149.5550 0023908  81.8875 278.5074 15.24576542 38135 | 2019/09/03-09:32:34  335.4304    0.1238  278.2363   94.4525     6870.1943     6853.7690     6886.6196 -83.868969  49.294217  -0.001490  -0.001870
1 43905U 18111AF  19247.71030523  .00000928  00000-0  40220-4 0  9998 | 2 43905  97.2825 150.8312 0023903  77.6117 282.7794 15.24578458 38337 | 2019/09/04-17:02:50   88.0177    0.1238  282.5121   94.4523     6870.1885     6853.7667     6886.6103 -84.945874  47.413958  -0.001586  -0.001789
1 43905U 18111AF  19249.15425244  .00000882  00000-0  38375-4 0  9993 | 2 43905  97.2824 152.2350 0023887  72.9449 287.4403 15.24581741 38553 | 2019/09/06-03:42:07  247.8640    0.1238  287.1789   94.4521     6870.1787     6853.7679     6886.5895 -86.081860  45.318636  -0.001684  -0.001694
1 43905U 18111AF  19250.20439367  .00000860  00000-0  37477-4 0  9990 | 2 43905  97.2822 153.2560 0023846  69.4800 290.8994 15.24584163 38714 | 2019/09/07-04:54:19  265.9347    0.1239  290.6439   94.4520     6870.1714     6853.7888     6886.5540 -86.875541  43.777469  -0.001751  -0.001618
1 43905U 18111AF  19251.91086623 +.00001105 +00000-0 +47331-4 0  9995 | 2 43905 097.2821 154.9150 0023779 063.8271 296.5409 15.24590291038972 | 2019/09/08-21:51:38  160.2992    0.1239  296.2968   94.4516     6870.1530     6853.8164     6886.4895 -88.106435  41.243946  -0.001855  -0.001488
1 43905U 18111AF  19253.28916831  .00001171  00000-0  49998-4 0  9994 | 2 43905  97.2819 156.2550 0023717  59.3639 300.9933 15.24594088 39182 | 2019/09/10-06:56:24  296.5173    0.1239  300.7600   94.4514     6870.1416     6853.8477     6886.4355 -89.046659  39.172193  -0.001928  -0.001381
1 43905U 18111AF  19255.19253333  .00001020  00000-0  43925-4 0  9994 | 2 43905  97.2818 158.1055 0023606  53.0315 307.3079 15.24597890 39479 | 2019/09/12-04:37:14  261.7721    0.1239  307.0924   94.4511     6870.1302     6853.9125     6886.3478 -90.265064  36.276258  -0.002021  -0.001221
1 43905U 18111AF  19256.24266401  .00000927  00000-0  40169-4 0  9993 | 2 43905  97.2816 159.1263 0023548  49.5837 310.7450 15.24599539 39634 | 2019/09/13-05:49:26  279.8441    0.1239  310.5402   94.4510     6870.1252     6853.9474     6886.3030 -90.896826  34.662323  -0.002065  -0.001131
1 43905U 18111AF  19257.75222461  .00000850  00000-0  37081-4 0  9992 | 2 43905  97.2815 160.5938 0023458  44.5803 315.7317 15.24601819 39863 | 2019/09/14-18:03:12  103.3230    0.1240  315.5437   94.4509     6870.1184     6854.0024     6886.2343 -91.754618  32.323062  -0.002123  -0.000998
1 43905U 18111AF  19258.93361792  .00000723  00000-0  31982-4 0  9997 | 2 43905  97.2813 161.7422 0023348  40.6758 319.6218 15.24603155 40046 | 2019/09/15-22:24:24  168.6550    0.1239  319.4481   94.4508     6870.1143     6854.0740     6886.1547 -92.383817  30.477559  -0.002158  -0.000890
1 43905U 18111AF  19260.18064215  .00000803  00000-0  35177-4 0  9996 | 2 43905  97.2812 162.9544 0023240  36.5183 323.7635 15.24605723 40233 | 2019/09/17-04:20:07  257.6165    0.1240  323.6057   94.4506     6870.1066     6854.1405     6886.0728 -93.007808  28.516301  -0.002191  -0.000775
1 43905U 18111AF  19261.23076647  .00000836  00000-0  36534-4 0  9999 | 2 43905  97.2811 163.9752 0023154  33.0087 327.2590 15.24607627 40394 | 2019/09/18-05:32:18  275.6896    0.1239  327.1152   94.4505     6870.1009     6854.1939     6886.0079 -93.500980  26.854779  -0.002214  -0.000676
1 43905U 18111AF  19262.28088991  .00000748  00000-0  32957-4 0  9997 | 2 43905  97.2810 164.9961 0023071  29.4358 330.8174 15.24608780 40551 | 2019/09/19-06:44:28  293.7627    0.1240  330.6882   94.4505     6870.0974     6854.2474     6885.9474 -93.964516  25.184572  -0.002234  -0.000575
1 43905U 18111AF  19263.39664451  .00000717  00000-0  31723-4 0  9997 | 2 43905  97.2810 166.0808 0022971  25.6235 334.6135 15.24610423 40729 | 2019/09/20-09:31:10  335.4656    0.1239  334.5004   94.4504     6870.0925     6854.3112     6885.8738 -94.424434  23.401267  -0.002249  -0.000466
1 43905U 18111AF  19264.51239769  .00000700  00000-0  31037-4 0  9992 | 2 43905  97.2809 167.1654 0022853  21.8341 338.3865 15.24612128 40896 | 2019/09/21-12:17:51   17.1682    0.1239  338.2898   94.4503     6870.0874     6854.3872     6885.7876 -94.850374  21.609720  -0.002257  -0.000357
1 43905U 18111AF  19266.15320912  .00000792  00000-0  34765-4 0  9997 | 2 43905  97.2808 168.7605 0022698  16.2535 343.9426 15.24615101 41146 | 2019/09/23-03:40:37  247.9070    0.1240  343.8705   94.4501     6870.0785     6854.4848     6885.6722 -95.415053  18.961057  -0.002261  -0.000198
1 43905U 18111AF  19267.20332654  .00000824  00000-0  36033-4 0  9996 | 2 43905  97.2807 169.7813 0022583  12.6092 347.5706 15.24616990 41304 | 2019/09/24-04:52:47  265.9798    0.1239  347.5147   94.4500     6870.0728     6854.5581     6885.5875 -95.737610  17.258175  -0.002256  -0.000094
1 43905U 18111AF  19268.45033941  .00000854  00000-0  37268-4 0  9995 | 2 43905  97.2806 170.9935 0022459   8.2650 351.8953 15.24619210 41495 | 2019/09/25-10:48:29  354.9409    0.1239  351.8589   94.4498     6870.0661     6854.6366     6885.4956 -96.081187  15.228939  -0.002246   0.000029
1 43905U 18111AF  19269.69735115  .00000924  00000-0  40066-4 0  9992 | 2 43905  97.2804 172.2056 0022364   3.9232 356.2177 15.24621468 41681 | 2019/09/26-16:44:11   83.9015    0.1239  356.2007   94.4497     6870.0593     6854.6951     6885.4235 -96.381636  13.193045  -0.002231   0.000151
1 43905U 18111AF  19271.20688764  .00001243  00000-0  52901-4 0  9995 | 2 43905  97.2804 173.6730 0022186 358.6287   1.4886 15.24626092 41917 | 2019/09/28-04:57:55  267.3787    0.1239    1.4952   94.4494     6870.0454     6854.8036     6885.2873 -96.687878  10.720562  -0.002199   0.000297
1 43905U 18111AF  19272.25699830  .00001120  00000-0  47983-4 0  9995 | 2 43905  97.2803 174.6937 0022065 354.9174   5.1836 15.24627600 42076 | 2019/09/29-06:10:04  285.4492    0.1239    5.2065   94.4493     6870.0409     6854.8822     6885.1997 -96.863409   8.996489  -0.002170   0.000398
1 43905U 18111AF  19273.76652897  .00001119  00000-0  47934-4 0  9998 | 2 43905  97.2802 176.1611 0021895 349.5968  10.4813 15.24631017 42309 | 2019/09/30-18:23:48  108.9236    0.1239   10.5271   94.4491     6870.0306     6854.9887     6885.0726 -97.061927   6.513038  -0.002122   0.000539
1 43905U 18111AF  19275.66984473  .00001124  00000-0  48130-4 0  9992 | 2 43905  97.2800 178.0111 0021689 342.7790  17.2710 15.24635803 42591 | 2019/10/02-16:04:34   74.1714    0.1240   17.3450   94.4488     6870.0163     6855.1159     6884.9166 -97.221396   3.376188  -0.002048   0.000714
1 43905U 18111AF  19276.71994739  .00001034  00000-0  44500-4 0  9992 | 2 43905  97.2799 179.0318 0021580 338.9916  21.0434 15.24638112 42755 | 2019/10/03-17:16:43   92.2377    0.1240   21.1324   94.4486     6870.0093     6855.1838     6884.8348 -97.266011   1.643785  -0.002001   0.000808
1 43905U 18111AF  19277.77004876  .00000955  00000-0  41308-4 0  9997 | 2 43905  97.2799 180.0526 0021472 335.2148  24.8056 15.24640270 42912 | 2019/10/04-18:28:52  110.3030    0.1239   24.9091   94.4485     6870.0028     6855.2516     6884.7541 -97.279859  -0.089307  -0.001950   0.000898
1 43905U 18111AF  19279.14830460  .00000970  00000-0  41933-4 0  9997 | 2 43905  97.2798 181.3923 0021338 330.2221  29.7801 15.24643513 43123 | 2019/10/06-03:33:33  246.5121    0.1239   29.9018   94.4483     6869.9931     6855.3339     6884.6523 -97.251080  -2.363688  -0.001877   0.001014
1 43905U 18111AF  19280.19840302  .00000896  00000-0  38945-4 0  9996 | 2 43905  97.2798 182.4131 0021230 326.3403  33.6486 15.24645301 43282 | 2019/10/07-04:45:42  264.5750    0.1240   33.7837   94.4482     6869.9877     6855.4027     6884.5727 -97.193535  -4.095877  -0.001815   0.001101
1 43905U 18111AF  19281.24849954  .00000863  00000-0  37626-4 0  9994 | 2 43905  97.2797 183.4338 0021119 322.4821  37.4942 15.24647412 43440 | 2019/10/08-05:57:50  282.6367    0.1239   37.6418   94.4481     6869.9814     6855.4727     6884.4901 -97.105051  -5.826592  -0.001749   0.001184
1 43905U 18111AF  19282.29859197  .00001231  00000-0  52449-4 0  9990 | 2 43905  97.2798 184.4545 0021064 318.6090  41.3551 15.24652421 43600 | 2019/10/09-07:09:58  300.6965    0.1239   41.5149   94.4478     6869.9663     6855.4954     6884.4372 -96.985949  -7.555469  -0.001684   0.001266
1 43905U 18111AF  19283.67683239  .00001983  00000-0  82682-4 0  9991 | 2 43905  97.2797 185.7942 0020964 313.4798  46.4696 15.24661652 43815 | 2019/10/10-16:14:38   76.8965    0.1239   46.6441   94.4472     6869.9386     6855.5365     6884.3408 -96.782692  -9.820929  -0.001589   0.001368
1 43905U 18111AF  19284.72691567  .00002949  00000-0  12154-3 0  9990 | 2 43905  97.2795 186.8150 0020817 309.6162  50.3237 15.24670714 43976 | 2019/10/11-17:26:45   94.9502    0.1238   50.5076   94.4466     6869.9114     6855.6103     6884.2125 -96.592169 -11.543567  -0.001508   0.001435
1 43905U 18111AF  19285.77699237  .00003326  00000-0  13669-3 0  9990 | 2 43905  97.2796 187.8355 0020673 305.6396  54.2916 15.24679990 44131 | 2019/10/12-18:38:52  113.0010    0.1238   54.4842   94.4460     6869.8835     6855.6814     6884.0856 -96.371355 -13.262070  -0.001422   0.001500
1 43905U 18111AF  19287.15521091  .00003314  00000-0  13616-3 0  9995 | 2 43905  97.2794 189.1750 0020537 300.5990  59.3222 15.24689715 44341 | 2019/10/14-03:43:30  249.1886    0.1239   59.5249   94.4454     6869.8543     6855.7457     6883.9629 -96.034801 -15.511244  -0.001314   0.001578
1 43905U 18111AF  19288.40216283  .00003322  00000-0  13648-3 0  9992 | 2 43905  97.2792 190.3871 0020479 295.8138  64.0987 15.24698508 44534 | 2019/10/15-09:39:06  338.1170    0.1238   64.3100   94.4449     6869.8279     6855.7592     6883.8966 -95.684997 -17.539215  -0.001210   0.001653
1 43905U 18111AF  19289.78036560  .00003396  00000-0  13940-3 0  9998 | 2 43905  97.2790 191.7268 0020416 290.5838  69.3210 15.24708334 44746 | 2019/10/16-18:43:43  114.2964    0.1239   69.5401   94.4443     6869.7984     6855.7730     6883.8238 -95.248578 -19.771500  -0.001091   0.001725
1 43905U 18111AF  19291.15856054  .00003271  00000-0  13436-3 0  9992 | 2 43905  97.2787 193.0665 0020323 285.3415  74.5577 15.24717131 44950 | 2019/10/18-03:48:19  250.4709    0.1238   74.7823   94.4437     6869.7720     6855.8105     6883.7334 -94.759991 -21.992944  -0.000967   0.001788
1 43905U 18111AF  19292.40549116  .00003444  00000-0  14128-3 0  9990 | 2 43905  97.2784 194.2786 0020270 280.5195  79.3759 15.24726067 45142 | 2019/10/19-09:43:54  339.3866    0.1238   79.6043   94.4432     6869.7451     6855.8202     6883.6701 -94.273268 -23.992459  -0.000850   0.001840
1 43905U 18111AF  19293.52115994 +.00003440 +00000-0 +14108-3 0  9991 | 2 43905 097.2783 195.3632 0020258 276.2235 083.6695 15.24734190045318 | 2019/10/20-12:30:28   21.0449    0.1238   83.9003   94.4427     6869.7207     6855.8040     6883.6374 -93.802135 -25.772606  -0.000745   0.001884
1 43905U 18111AF  19294.96495890  .00003586  00000-0  14690-3 0  9993 | 2 43905  97.2785 196.7667 0020205 270.6768  89.2155 15.24744461 45533 | 2019/10/21-23:09:32  180.8328    0.1238   89.4470   94.4421     6869.6899     6855.8097     6883.5701 -93.142930 -28.062450  -0.000606   0.001928
1 43905U 18111AF  19296.27749670  .00003023  00000-0  12428-3 0  9990 | 2 43905  97.2786 198.0427 0020173 265.7370  94.1562 15.24751275 45731 | 2019/10/23-06:39:35  293.3632    0.1237   94.3867   94.4416     6869.6694     6855.8112     6883.5276 -92.495018 -30.129681  -0.000480   0.001959
1 43905U 18111AF  19297.72128576  .00002460  00000-0  10165-3 0  9997 | 2 43905  97.2787 199.4458 0020162 260.0608  99.8355 15.24755363 45959 | 2019/10/24-17:18:39   93.1441    0.1238  100.0630   94.4414     6869.6571     6855.8065     6883.5077 -91.729616 -32.385538  -0.000333   0.001989
1 43905U 18111AF  19298.96819126  .00002250  00000-0  93229-4 0  9992 | 2 43905  97.2790 200.6582 0020171 255.3367 104.5635 15.24758635 46147 | 2019/10/25-23:14:11  182.0428    0.1238  104.7871   94.4412     6869.6473     6855.7905     6883.5041 -91.024122 -34.319282  -0.000211   0.002006
1 43905U 18111AF  19300.28071981  .00001394  00000-0  58844-4 0  9992 | 2 43905  97.2789 201.9340 0020233 250.4578 109.4475 15.24760543 46349 | 2019/10/27-06:44:14  294.5659    0.1237  109.6659   94.4411     6869.6416     6855.7422     6883.5409 -90.237343 -36.337396  -0.000084   0.002022
1 43905U 18111AF  19301.72449967  .00001223  00000-0  51950-4 0  9997 | 2 43905  97.2788 203.3374 0020300 244.9316 114.9815 15.24763138 46560 | 2019/10/28-17:23:16   94.3385    0.1237  115.1921   94.4409     6869.6338     6855.6884     6883.5791 -89.320226 -38.536504   0.000061   0.002029
1 43905U 18111AF  19302.97139692  .00001169  00000-0  49783-4 0  9996 | 2 43905  97.2789 204.5495 0020343 240.2000 119.7215 15.24766320 46758 | 2019/10/29-23:18:48  183.2300    0.1237  119.9237   94.4407     6869.6242     6855.6493     6883.5991 -88.485146 -40.417363   0.000186   0.002026
1 43905U 18111AF  19304.61204581  .00001913  00000-0  79610-4 0  9998 | 2 43905  97.2775 206.1419 0020429 234.7548 125.2043 15.24776694 47002 | 2019/10/31-14:41:20   53.8507    0.1501  125.3953   94.4401     6869.5931     6855.5592     6883.6270 -87.326558 -42.860055   0.000323   0.002017
1 43905U 18111AF  19305.72766523  .00004542  00000-0  18498-3 0  9997 | 2 43905  97.2787 207.2290 0020336 229.8859 130.0598 15.24794878 47172 | 2019/11/01-17:27:50   95.4996    0.1238  130.2379   94.4389     6869.5384     6855.5686     6883.5083 -86.498751 -44.509679   0.000453   0.001982
1 43905U 18111AF  19306.77766025  .00003314  00000-0  13572-3 0  9994 | 2 43905  97.2780 208.2496 0020452 225.5544 134.4021 15.24802982 47330 | 2019/11/02-18:39:49  113.5013    0.1236  134.5692   94.4384     6869.5141     6855.4646     6883.5636 -85.691611 -46.042992   0.000570   0.001964
1 43905U 18111AF  19307.82765165  .00003274  00000-0  13409-3 0  9999 | 2 43905  97.2780 209.2704 0020519 221.5270 138.4410 15.24809935 47497 | 2019/11/03-19:51:49  131.5008    0.1237  138.5967   94.4380     6869.4932     6855.3977     6883.5887 -84.857738 -47.562314   0.000675   0.001938
1 43905U 18111AF  19309.40263014  .00003532  00000-0  14434-3 0  9997 | 2 43905  97.2782 210.8015 0020657 215.7039 144.2819 15.24820858 47735 | 2019/11/05-09:39:47  338.4966    0.1237  144.4198   94.4373     6869.4604     6855.2702     6883.6507 -83.556769 -49.812796   0.000824   0.001894
1 43905U 18111AF  19310.71510433  .00003566  00000-0  14566-3 0  9996 | 2 43905  97.2783 212.0773 0020781 210.8238 149.1782 15.24829580 47932 | 2019/11/06-17:09:45   90.9889    0.1237  149.2999   94.4368     6869.4342     6855.1588     6883.7096 -82.427054 -51.660898   0.000947   0.001850
1 43905U 18111AF  19312.81504678  .00003577  00000-0  14602-3 0  9996 | 2 43905  97.2786 214.1187 0020944 202.9162 157.1144 15.24843867 48257 | 2019/11/08-19:33:40  126.9680    0.1237  157.2075   94.4359     6869.3913     6855.0041     6883.7786 -80.534746 -54.564464   0.001140   0.001757
1 43905U 18111AF  19314.19312339  .00003505  00000-0  14311-3 0  9998 | 2 43905  97.2788 215.4583 0021086 197.9328 162.1169 15.24853300 48467 | 2019/11/10-04:38:05  263.0752    0.1237  162.1909   94.4353     6869.3630     6854.8782     6883.8477 -79.237273 -56.432433   0.001257   0.001693
1 43905U 18111AF  19315.37432655  .00003321  00000-0  13569-3 0  9993 | 2 43905  97.2789 216.6066 0021196 193.6390 166.4278 15.24860158 48648 | 2019/11/11-08:59:01  328.3072    0.1237  166.4847   94.4349     6869.3424     6854.7821     6883.9026 -78.090519 -58.009096   0.001355   0.001630
1 43905U 18111AF  19316.42427919  .00003603  00000-0  14692-3 0  9998 | 2 43905  97.2789 217.6274 0021307 189.8322 170.2502 15.24867977 48803 | 2019/11/12-10:10:57  346.2886    0.1236  170.2914   94.4344     6869.3189     6854.6824     6883.9554 -77.044672 -59.391101   0.001441   0.001570
1 43905U 18111AF  19317.67109777 +.00002397 +00000-0 +98694-4 0  9999 | 2 43905 097.2788 218.8396 0021388 185.4333 174.6677 15.24869373048996 | 2019/11/13-16:06:22   75.1414    0.1237  174.6904   94.4343     6869.3147     6854.6226     6884.0068 -75.770915 -61.007651   0.001531   0.001493
1 43905U 18111AF  19319.50850830  .00001800  00000-0  74794-4 0  9999 | 2 43905  97.2784 220.6240 0021940 179.7446 180.3790 15.24873002 49272 | 2019/11/15-12:12:15   16.6132    0.1219  180.3773   94.4341     6869.3038     6854.2326     6884.3751 -73.834174 -63.337208   0.001672   0.001421
1 43905U 18111AF  19320.82094745  .00000909  00000-0  39170-4 0  9999 | 2 43905  97.2787 221.9019 0021741 174.1984 185.9510 15.24871411 49473 | 2019/11/16-19:42:09  129.0812    0.1236  185.9252   94.4342     6869.3086     6854.3740     6884.2432 -72.403505 -64.968284   0.001757   0.001281
1 43905U 18111AF  19322.85521888 +.00000804 +00000-0 +34960-4 0  9993 | 2 43905 097.2787 223.8797 0021967 167.1149 193.0655 15.24874605049784 | 2019/11/18-20:31:30  141.4152    0.1236  193.0087   94.4340     6869.2990     6854.2092     6884.3888 -70.118170 -67.428390   0.001883   0.001131
1 43905U 18111AF  19324.23326833  .00001193  00000-0  50518-4 0  9999 | 2 43905  97.2788 225.2194 0022098 162.3141 197.8871 15.24879877 49998 | 2019/11/20-05:35:54  277.5108    0.1236  197.8095   94.4337     6869.2832     6854.1034     6884.4629 -68.522595 -69.049395   0.001960   0.001022
1 43905U 18111AF  19325.28320973  .00001212  00000-0  51254-4 0  9994 | 2 43905  97.2788 226.2403 0022200 158.6839 201.5329 15.24882214 50159 | 2019/11/21-06:47:49  295.4881    0.1237  201.4398   94.4335     6869.2761     6854.0264     6884.5259 -67.281456 -70.259310   0.002013   0.000936
1 43905U 18111AF  19326.53000665  .00001979  00000-0  81894-4 0  9999 | 2 43905  97.2786 227.4525 0022335 154.3790 205.8560 15.24891093 50343 | 2019/11/22-12:43:12   24.3335    0.1237  205.7447   94.4330     6869.2495     6853.9070     6884.5919 -65.779906 -71.666798   0.002073   0.000831
1 43905U 18111AF  19328.17052022  .00001944  00000-0  80445-4 0  9998 | 2 43905  97.2787 229.0471 0022362 148.4843 211.7740 15.24904019 50591 | 2019/11/24-04:05:32  254.9174    0.1237  211.6394   94.4322     6869.2107     6853.8497     6884.5716 -63.760195 -73.469606   0.002132   0.000674
1 43905U 18111AF  19329.28606515  .00001351  00000-0  56761-4 0  9999 | 2 43905  97.2787 230.1317 0022523 144.6846 215.5890 15.24906636 50767 | 2019/11/25-06:51:56  296.5132    0.1237  215.4391   94.4320     6869.2028     6853.7313     6884.6743 -62.358087 -74.663341   0.002177   0.000576
1 43905U 18111AF  19330.46722754  .00001157  00000-0  49001-4 0  9998 | 2 43905  97.2787 231.2803 0022708 140.8040 219.4848 15.24909023 50947 | 2019/11/26-11:12:48    1.7321    0.1237  219.3197   94.4319     6869.1956     6853.5971     6884.7942 -60.848893 -75.898338   0.002220   0.000475
1 43905U 18111AF  19331.51714654  .00001332  00000-0  55991-4 0  9995 | 2 43905  97.2790 232.3014 0022731 137.3060 222.9949 15.24912676 51104 | 2019/11/27-12:24:41   19.7046    0.1236  222.8176   94.4316     6869.1847     6853.5703     6884.7990 -59.486858 -76.970888   0.002241   0.000379
1 43905U 18111AF  19332.69829976  .00002932  00000-0  11979-3 0  9993 | 2 43905  97.2787 233.4494 0022945 133.2355 227.0804 15.24922505 51280 | 2019/11/28-16:45:33   84.9209    0.1237  226.8882   94.4310     6869.1551     6853.3939     6884.9164 -57.932625 -78.147018   0.002279   0.000267
1 43905U 18111AF  19333.81383027  .00001994  00000-0  82340-4 0  9998 | 2 43905  97.2785 234.5339 0023035 129.5081 230.8199 15.24925277 51450 | 2019/11/29-19:31:54  126.5148    0.1238  230.6157   94.4309     6869.1468     6853.3237     6884.9699 -56.443045 -79.229346   0.002298   0.000162
1 43905U 18111AF  19335.19183223  .00002453  00000-0  10064-3 0  9991 | 2 43905  97.2784 235.8739 0023126 124.9602 235.3813 15.24933291 51667 | 2019/12/01-04:36:14  262.6003    0.1238  235.1636   94.4304     6869.1228     6853.2372     6885.0083 -54.574753 -80.527532   0.002312   0.000034
1 43905U 18111AF  19336.30735262  .00002764  00000-0  11299-3 0  9997 | 2 43905  97.2784 236.9585 0023203 121.2265 239.1251 15.24939856 51839 | 2019/12/02-07:22:35  304.1924    0.1237  238.8972   94.4300     6869.1030     6853.1647     6885.0414 -53.040693 -81.546134   0.002319  -0.000073
1 43905U 18111AF  19337.81657876 +.00002696 +00000-0 +11024-3 0  9998 | 2 43905 097.2783 238.4260 0023286 116.2211 244.1425 15.24947879052060 | 2019/12/03-19:35:52  127.5219    0.1238  243.9027   94.4295     6869.0789     6853.0836     6885.0743 -50.934855 -82.877670   0.002318  -0.000217
1 43905U 18111AF  19339.45703688  .00001670  00000-0  69377-4 0  9999 | 2 43905  97.2784 240.0210 0023349 110.7932 249.5811 15.24950955 52319 | 2019/12/05-10:58:07  358.0980    0.1238  249.3306   94.4293     6869.0697     6853.0311     6885.1083 -48.608319 -84.263387   0.002305  -0.000373
1 43905U 18111AF  19340.50692749  .00001671  00000-0  69384-4 0  9991 | 2 43905  97.2787 241.0417 0023370 107.2907 253.0890 15.24954129 52470 | 2019/12/06-12:09:58   16.0674    0.1237  252.8330   94.4291     6869.0602     6853.0072     6885.1132 -47.099714 -85.116170   0.002289  -0.000473
1 43905U 18111AF  19341.62243224  .00001738  00000-0  72073-4 0  9998 | 2 43905  97.2788 242.1264 0023406 103.6397 256.7450 15.24958528 52644 | 2019/12/07-14:56:18   57.6589    0.1238  256.4841   94.4288     6869.0470     6852.9693     6885.1247 -45.480033 -85.992625   0.002269  -0.000576
1 43905U 18111AF  19342.67231916  .00001381  00000-0  57816-4 0  9991 | 2 43905  97.2787 243.1472 0023451 100.2098 260.1787 15.24959435 52804 | 2019/12/08-16:08:08   75.6284    0.1238  259.9140   94.4287     6869.0442     6852.9356     6885.1528 -43.940779 -86.789132   0.002247  -0.000672
1 43905U 18111AF  19343.72220393  .00001159  00000-0  48976-4 0  9995 | 2 43905  97.2787 244.1680 0023463  96.7955 263.5953 15.24960844 52965 | 2019/12/09-17:19:58   93.5986    0.1237  263.3282   94.4287     6869.0400     6852.9232     6885.1568 -42.387624 -87.558180   0.002218  -0.000765
1 43905U 18111AF  19345.16579296  .00001050  00000-0  44644-4 0  9992 | 2 43905  97.2789 245.5716 0023489  92.0791 268.3137 15.24963463 53189 | 2019/12/11-03:58:44  253.3079    0.1238  268.0447   94.4285     6869.0321     6852.8975     6885.1668 -40.230251 -88.570375   0.002172  -0.000893
1 43905U 18111AF  19346.80623186 +.00000963 +00000-0 +41177-4 0  9992 | 2 43905 097.2789 247.1667 0023489 086.6721 273.7203 15.24966176053430 | 2019/12/12-19:20:58  123.8881    0.1238  273.4517   94.4283     6869.0240     6852.8894     6885.1587 -37.749204 -89.655909   0.002108  -0.001036
1 43905U 18111AF  19348.44666755  .00000806  00000-0  34909-4 0  9994 | 2 43905  97.2791 248.7617 0023462  81.3113 279.0781 15.24968165 53680 | 2019/12/14-10:43:12  354.4699    0.1238  278.8125   94.4282     6869.0180     6852.9019     6885.1341 -35.239131 -90.672085   0.002033  -0.001171
1 43905U 18111AF  19349.69339554 +.00000864 +00000-0 +37228-4 0  9997 | 2 43905 097.2789 249.9740 0023467 077.2119 283.1739 15.24970840053875 | 2019/12/15-16:38:29   83.3121    0.1238  282.9119   94.4280     6869.0100     6852.8905     6885.1295 -33.312821 -91.397157   0.001972  -0.001272
1 43905U 18111AF  19351.72751640  .00001928  00000-0  79566-4 0  9991 | 2 43905  97.2783 251.9518 0023489  70.6657 289.7118 15.24983059 54187 | 2019/12/17-17:27:37   95.6310    0.1239  289.4582   94.4273     6868.9733     6852.8388     6885.1078 -30.138467 -92.491840   0.001866  -0.001426
1 43905U 18111AF  19353.17107867  .00002754  00000-0  11242-3 0  9992 | 2 43905  97.2784 253.3556 0023415  65.9454 294.4231 15.24992468 54405 | 2019/12/19-04:06:21  255.3415    0.1239  294.1785   94.4267     6868.9451     6852.8614     6885.0287 -27.863541 -93.202523   0.001775  -0.001527
1 43905U 18111AF  19354.48339977  .00002867  00000-0  11690-3 0  9998 | 2 43905  97.2785 254.6316 0023370  61.6774 298.6818 15.25000247 54607 | 2019/12/20-11:36:05    7.8039    0.1239  298.4465   94.4262     6868.9217     6852.8690     6884.9744 -25.781172 -93.799988   0.001690  -0.001614
1 43905U 18111AF  19355.79571259  .00003098  00000-0  12604-3 0  9997 | 2 43905  97.2788 255.9077 0023308  57.3016 303.0465 15.25010195 54804 | 2019/12/21-19:05:49  120.2650    0.1239  302.8223   94.4256     6868.8918     6852.8818     6884.9018 -23.685896 -94.351170   0.001596  -0.001699
1 43905U 18111AF  19357.17363327  .00003016  00000-0  12277-3 0  9992 | 2 43905  97.2791 257.2476 0023260  52.6994 307.6360 15.25018762 55012 | 2019/12/23-04:10:01  256.3474    0.1240  307.4246   94.4251     6868.8661     6852.8891     6884.8431 -21.473222 -94.879524   0.001493  -0.001783
1 43905U 18111AF  19358.42031716  .00002787  00000-0  11362-3 0  9993 | 2 43905  97.2792 258.4599 0023189  48.5382 311.7843 15.25025424 55203 | 2019/12/24-10:05:15  345.1829    0.1240  311.5858   94.4247     6868.8461     6852.9179     6884.7743 -19.461065 -95.312694   0.001395  -0.001852
1 43905U 18111AF  19359.47015545  .00001819  00000-0  75144-4 0  9995 | 2 43905  97.2792 259.4808 0023113  45.0630 315.2478 15.25026235 55363 | 2019/12/25-11:17:01    3.1503    0.1239  315.0609   94.4246     6868.8437     6852.9677     6884.7196 -17.759778 -95.644305   0.001311  -0.001904
1 43905U 18111AF  19360.71683616  .00001504  00000-0  62635-4 0  9996 | 2 43905  97.2790 260.6932 0023016  40.7775 319.5180 15.25028328 55550 | 2019/12/26-17:12:14   91.9870    0.1239  319.3464   94.4245     6868.8374     6853.0281     6884.6467 -15.732052 -95.998471   0.001202  -0.001963
1 43905U 18111AF  19361.83228511  .00001233  00000-0  51854-4 0  9999 | 2 43905  97.2789 261.7778 0022924  37.0617 323.2199 15.25030121 55724 | 2019/12/27-19:58:29  133.5774    0.1240  323.0623   94.4244     6868.8320     6853.0859     6884.5781 -13.912091 -96.278960   0.001106  -0.002008
1 43905U 18111AF  19363.01334746  .00000963  00000-0  41128-4 0  9991 | 2 43905  97.2791 262.9265 0022837  33.1198 327.1464 15.25031361 55900 | 2019/12/29-00:19:13  198.7907    0.1239  327.0041   94.4243     6868.8283     6853.1419     6884.5146 -11.979191 -96.538709   0.001003  -0.002052
1 43905U 18111AF  19364.45686575  .00000877  00000-0  37700-4 0  9995 | 2 43905  97.2790 264.3302 0022690  28.2022 332.0439 15.25033590 56123 | 2019/12/30-10:57:53  358.4964    0.1239  331.9217   94.4241     6868.8216     6853.2362     6884.4069  -9.610703 -96.803090   0.000869  -0.002096
1 43905U 18111AF  19365.50669565  .00000857  00000-0  36919-4 0  9991 | 2 43905  97.2790 265.3511 0022594  24.6362 335.5950 15.25035335 56288 | 2019/12/31-12:09:38   16.4640    0.1239  335.4877   94.4240     6868.8163     6853.2969     6884.3357  -7.884425 -96.958959   0.000772  -0.002123
1 43905U 18111AF  20001.68775304  .00000719  00000-0  31419-4 0  9995 | 2 43905  97.2789 266.4995 0022475  20.6225 339.5915 15.25036546 56466 | 2020/01/01-16:30:21   81.6775    0.1240  339.5015   94.4240     6868.8127     6853.3750     6884.2504  -5.939582 -97.097403   0.000662  -0.002148
1 43905U 18111AF  20002.80319451  .00000796  00000-0  34487-4 0  9990 | 2 43905  97.2789 267.5842 0022359  16.7833 343.4140 15.25038831 56633 | 2020/01/02-19:16:36  123.2679    0.1240  343.3407   94.4238     6868.8058     6853.4479     6884.1638  -4.100420 -97.192443   0.000555  -0.002166
1 43905U 18111AF  20003.98424859  .00000781  00000-0  33884-4 0  9993 | 2 43905  97.2789 268.7327 0022256  12.6823 347.4971 15.25040779 56814 | 2020/01/03-23:37:19  188.4809    0.1240  347.4417   94.4237     6868.8000     6853.5128     6884.0872  -2.151494 -97.255105   0.000440  -0.002182
1 43905U 18111AF  20005.03407273  .00000870  00000-0  37455-4 0  9999 | 2 43905  97.2789 269.7535 0022157   9.0595 351.1038 15.25043156 56977 | 2020/01/05-00:49:03  206.4476    0.1239  351.0644   94.4236     6868.7928     6853.5737     6884.0120  -0.418516 -97.278000   0.000339  -0.002190
1 43905U 18111AF  20006.14950484  .00001421  00000-0  59345-4 0  9994 | 2 43905  97.2791 270.8382 0022047   5.1672 354.9789 15.25049606 57144 | 2020/01/06-03:35:17  248.0351    0.1239  354.9567   94.4232     6868.7735     6853.6299     6883.9171   1.423079 -97.268690   0.000231  -0.002193
1 43905U 18111AF  20007.46177065  .00003266  00000-0  13263-3 0  9993 | 2 43905  97.2789 272.1142 0021864   0.8060 359.3209 15.25063115 57348 | 2020/01/07-11:04:56    0.4874    0.1239  359.3179   94.4223     6868.7329     6853.7151     6883.7507   3.588753 -97.212680   0.000111  -0.002184
1 43905U 18111AF  20008.51157738  .00003089  00000-0  12560-3 0  9997 | 2 43905  97.2791 273.1350 0021758 357.0942   3.0167 15.25070699 57500 | 2020/01/08-12:16:40   18.4478    0.1241    3.0299   94.4219     6868.7101     6853.7652     6883.6551   5.320075 -97.133517   0.000009  -0.002176
1 43905U 18111AF  20010.15189031  .00003911  00000-0  15819-3 0  9995 | 2 43905  97.2791 274.7304 0021563 351.3990   8.6876 15.25083842 57759 | 2020/01/10-03:38:43  249.0061    0.1240    8.7250   94.4210     6868.6707     6853.8598     6883.4816   8.022344 -96.947745  -0.000146  -0.002151
1 43905U 18111AF  20011.39851790  .00003904  00000-0  15788-3 0  9997 | 2 43905  97.2789 275.9427 0021429 346.9196  13.1484 15.25094025 57946 | 2020/01/11-09:33:51  337.8271    0.1240   13.2044   94.4204     6868.6401     6853.9213     6883.3589  10.071656 -96.756117  -0.000266  -0.002126
1 43905U 18111AF  20012.71074967  .00002938  00000-0  11952-3 0  9992 | 2 43905  97.2786 277.2189 0021293 342.2414  17.8078 15.25102305 58148 | 2020/01/12-17:03:28   90.2665    0.1240   17.8826   94.4199     6868.6152     6853.9899     6883.2406  12.224077 -96.507502  -0.000389  -0.002093
1 43905U 18111AF  20013.82614503  .00002165  00000-0  88848-4 0  9992 | 2 43905  97.2786 278.3036 0021184 338.2432  21.7904 15.25104858 58311 | 2020/01/13-19:49:38  131.8391    0.1239   21.8807   94.4197     6868.6076     6854.0571     6883.1580  14.048817 -96.258801  -0.000493  -0.002060
1 43905U 18111AF  20015.40081717  .00001226  00000-0  51555-4 0  9995 | 2 43905  97.2782 279.8350 0021016 332.4744  27.5380 15.25106794 58557 | 2020/01/15-09:37:10  338.7630    0.1240   27.6496   94.4196     6868.6018     6854.1667     6883.0368  16.616227 -95.848574  -0.000639  -0.002002
1 43905U 18111AF  20016.45059825 +.00001101 +00000-0 +46560-4 0  9998 | 2 43905 097.2786 280.8556 0021012 328.6744 031.3241 15.25107918058710 | 2020/01/16-10:48:51  356.7122    0.1240   31.4496   94.4195     6868.5984     6854.1661     6883.0307  18.320911 -95.537795  -0.000735  -0.001969
1 43905U 18111AF  20017.82843338  .00000772  00000-0  33490-4 0  9991 | 2 43905  97.2786 282.1957 0020856 323.5795  36.4023 15.25109383 58920 | 2020/01/17-19:52:56  132.7675    0.1239   36.5444   94.4195     6868.5940     6854.2689     6882.9191  20.550244 -95.083192  -0.000856  -0.001902
1 43905U 18111AF  20019.20626620 +.00000941 +00000-0 +40201-4 0  9994 | 2 43905 097.2786 283.5360 0020689 318.4653 041.5012 15.25112860059136 | 2020/01/19-04:57:01  268.8204    0.1239   41.6586   94.4192     6868.5836     6854.3731     6882.7940  22.768667 -94.576497  -0.000971  -0.001827
1 43905U 18111AF  20020.25603634  .00001339  00000-0  55999-4 0  9993 | 2 43905  97.2787 284.5565 0020631 314.6629  45.2927 15.25121218 59293 | 2020/01/20-06:08:41  286.7627    0.1239   45.4610   94.4187     6868.5585     6854.3879     6882.7290  24.449502 -94.156080  -0.001056  -0.001772
1 43905U 18111AF  20021.69947132  .00000847  00000-0  36475-4 0  9997 | 2 43905  97.2786 285.9603 0020514 309.3085  50.6334 15.25122765 59512 | 2020/01/21-16:47:14   86.4319    0.1239   50.8154   94.4186     6868.5538     6854.4637     6882.6440  26.748817 -93.528749  -0.001169  -0.001686
1 43905U 18111AF  20023.14290436  .00000830  00000-0  35802-4 0  9992 | 2 43905  97.2786 287.3641 0020408 303.8813  56.0483 15.25125206 59732 | 2020/01/23-03:25:46  246.0990    0.1239   56.2426   94.4185     6868.5465     6854.5292     6882.5638  29.032101 -92.845372  -0.001278  -0.001591
1 43905U 18111AF  20024.25828325  .00000781  00000-0  33860-4 0  9996 | 2 43905  97.2785 288.4488 0020338 299.6353  60.2859 15.25126736 59907 | 2020/01/24-06:11:55  287.6585    0.1239   60.4886   94.4184     6868.5419     6854.5727     6882.5111  30.784472 -92.279049  -0.001359  -0.001513
1 43905U 18111AF  20025.50488179  .00000750  00000-0  32619-4 0  9991 | 2 43905  97.2785 289.6611 0020263 294.8895  65.0237 15.25128559 60093 | 2020/01/25-12:07:01   16.4584    0.1239   65.2344   94.4183     6868.5364     6854.6187     6882.4541  32.729934 -91.607085  -0.001444  -0.001422
1 43905U 18111AF  20027.14514080  .00000700  00000-0  30641-4 0  9992 | 2 43905  97.2784 291.2562 0020175 288.6239  71.2808 15.25130982 60345 | 2020/01/27-03:29:00  246.9817    0.1238   71.4999   94.4181     6868.5291     6854.6719     6882.3864  35.267203 -90.660419  -0.001548  -0.001294
1 43905U 18111AF  20028.19490516  .00000736  00000-0  32055-4 0  9995 | 2 43905  97.2783 292.2771 0020143 284.6152  75.2853 15.25132969 60501 | 2020/01/28-04:40:39  264.9149    0.1239   75.5087   94.4180     6868.5232     6854.6879     6882.3584  36.876875 -90.017575  -0.001611  -0.001209
1 43905U 18111AF  20029.24466636  .00000994  00000-0  42326-4 0  9996 | 2 43905  97.2780 293.2980 0020124 280.5726  79.3245 15.25136810 60668 | 2020/01/29-05:52:19  282.8461    0.1238   79.5512   94.4178     6868.5117     6854.6895     6882.3338  38.474757 -89.345970  -0.001671  -0.001122
1 43905U 18111AF  20031.21295271  .00003608  00000-0  14600-3 0  9999 | 2 43905  97.2777 295.2122 0019964 273.1521  86.7433 15.25156857 60962 | 2020/01/31-05:06:39  271.4568    0.1238   86.9717   94.4165     6868.4515     6854.7393     6882.1636  41.437571 -88.010673  -0.001757  -0.000948
1 43905U 18111AF  20032.52513415  .00003541  00000-0  14329-3 0  9991 | 2 43905  97.2774 296.4882 0019961 268.0561  91.8392 15.25166152 61162 | 2020/02/01-12:36:11   23.8595    0.1239   92.0678   94.4159     6868.4236     6854.7135     6882.1336  43.387033 -87.065825  -0.001816  -0.000829
1 43905U 18111AF  20033.70609024  .00003170  00000-0  12855-3 0  9994 | 2 43905  97.2775 297.6364 0019943 263.5169  96.3798 15.25174513 61345 | 2020/02/02-16:56:46   89.0181    0.1238   96.6069   94.4154     6868.3985     6854.7008     6882.0961  45.123039 -86.179019  -0.001860  -0.000720
1 43905U 18111AF  20035.14947338  .00003121  00000-0  12660-3 0  9997 | 2 43905  97.2775 299.0398 0019877 257.7900 102.1112 15.25183987 61567 | 2020/02/04-03:35:14  248.6508    0.1238  102.3338   94.4148     6868.3700     6854.7178     6882.0223  47.220157 -85.048038  -0.001903  -0.000575
1 43905U 18111AF  20036.26480984  .00002883  00000-0  11712-3 0  9991 | 2 43905  97.2776 300.1244 0019918 253.5870 106.3178 15.25189986 61730 | 2020/02/05-06:21:19  290.1831    0.1237  106.5367   94.4145     6868.3520     6854.6716     6882.0324  48.821597 -84.139070  -0.001935  -0.000472
1 43905U 18111AF  20038.16743890  .00001925  00000-0  79154-4 0  9991 | 2 43905  97.2778 301.9746 0019976 246.2304 113.6839 15.25194621 62023 | 2020/02/07-04:01:06  255.1452    0.1237  113.8933   94.4142     6868.3381     6854.6179     6882.0583  51.512803 -82.519098  -0.001977  -0.000285
1 43905U 18111AF  20039.21716349  .00001654  00000-0  68385-4 0  9990 | 2 43905  97.2775 302.9956 0020032 242.3822 117.5382 15.25196420 62183 | 2020/02/08-05:12:42  273.0536    0.1237  117.7415   94.4141     6868.3327     6854.5740     6882.0913  52.974858 -81.587845  -0.001994  -0.000188
1 43905U 18111AF  20040.26688698  .00001186  00000-0  49830-4 0  9996 | 2 43905  97.2776 304.0165 0020092 238.5059 121.4216 15.25196857 62346 | 2020/02/09-06:24:19  290.9607    0.1237  121.6178   94.4140     6868.3314     6854.5315     6882.1312  54.420166 -80.631117  -0.002007  -0.000088
1 43905U 18111AF  20041.31660928 +.00000878 +00000-0 +37649-4 0  9991 | 2 43905 097.2774 305.0372 0020148 234.4499 125.4861 15.25197848062509 | 2020/02/10-07:35:55  308.8662    0.1237  125.6738   94.4140     6868.3284     6854.4901     6882.1667  55.847749 -79.648738  -0.002015   0.000018
1 43905U 18111AF  20042.69436782  .00000871  00000-0  37329-4 0  9990 | 2 43905  97.2773 306.3770 0020229 229.2262 130.7222 15.25200493 62718 | 2020/02/11-16:39:53   84.8650    0.1238  130.8976   94.4138     6868.3205     6854.4265     6882.2144  57.694752 -78.321062  -0.002017   0.000155
1 43905U 18111AF  20044.20333960  .00000743  00000-0  32276-4 0  9997 | 2 43905  97.2772 307.8443 0020344 223.5197 136.4437 15.25202548 62941 | 2020/02/13-04:52:48  268.0999    0.1237  136.6040   94.4137     6868.3143     6854.3414     6882.2872  59.681294 -76.817946  -0.002011   0.000305
1 43905U 18111AF  20045.25305767  .00000712  00000-0  31024-4 0  9993 | 2 43905  97.2770 308.8651 0020424 219.6124 140.3623 15.25204271 63101 | 2020/02/14-06:04:24  286.0009    0.1237  140.5113   94.4136     6868.3091     6854.2813     6882.3370  61.040238 -75.742354  -0.002001   0.000408
1 43905U 18111AF  20046.69641908  .00000668  00000-0  29285-4 0  9998 | 2 43905  97.2769 310.2685 0020528 214.1841 145.8077 15.25206230 63328 | 2020/02/15-16:42:50   85.6132    0.1237  145.9396   94.4135     6868.3032     6854.2040     6882.4025  62.876907 -74.224590  -0.001978   0.000550
1 43905U 18111AF  20048.20538581  .00000728  00000-0  31652-4 0  9997 | 2 43905  97.2768 311.7357 0020664 208.5664 151.4444 15.25208753 63558 | 2020/02/17-04:55:45  268.8423    0.1237  151.5573   94.4133     6868.2957     6854.1030     6882.4883  64.756722 -72.590238  -0.001945   0.000697
1 43905U 18111AF  20049.25510024  .00000791  00000-0  34146-4 0  9996 | 2 43905  97.2767 312.7564 0020757 204.7096 155.3150 15.25210764 63718 | 2020/02/18-06:07:20  286.7397    0.1237  155.4141   94.4132     6868.2896     6854.0331     6882.5461  66.039475 -71.425094  -0.001917   0.000795
1 43905U 18111AF  20050.30480982  .00001372  00000-0  57145-4 0  9993 | 2 43905  97.2767 313.7773 0020828 200.9936 159.0449 15.25216719 63876 | 2020/02/19-07:18:55  304.6350    0.1237  159.1301   94.4128     6868.2717     6853.9665     6882.5770  67.301582 -70.237123  -0.001884   0.000888
1 43905U 18111AF  20051.68254214 +.00003666 +00000-0 +14785-3 0  9992 | 2 43905 097.2770 315.1165 0020924 195.6871 164.3722 15.25233184064088 | 2020/02/20-16:22:51   80.6166    0.1237  164.4366   94.4118     6868.2223     6853.8512     6882.5934  68.924946 -68.645223  -0.001827   0.001021
1 43905U 18111AF  20052.73223947 +.00003082 +00000-0 +12473-3 0  9992 | 2 43905 097.2771 316.1371 0021033 191.7999 168.2750 15.25238967064245 | 2020/02/21-17:34:25   98.5060    0.1238  168.3239   94.4114     6868.2050     6853.7591     6882.6509  70.136784 -67.406718  -0.001782   0.001117
1 43905U 18111AF  20053.78193083  .00003109  00000-0  12578-3 0  9991 | 2 43905  97.2771 317.1579 0021126 188.0584 172.0318 15.25246257 64400 | 2020/02/22-18:45:58  116.3934    0.1237  172.0653   94.4110     6868.1831     6853.6733     6882.6928  71.326529 -66.146507  -0.001735   0.001205
1 43905U 18111AF  20055.15964377  .00003342  00000-0  13494-3 0  9993 | 2 43905  97.2768 318.4977 0021304 183.0117 177.0997 15.25256552 64617 | 2020/02/24-03:49:53  252.3670    0.1237  177.1120   94.4103     6868.1522     6853.5203     6882.7841  72.853428 -64.460482  -0.001667   0.001326
1 43905U 18111AF  20056.20932754  .00002182  00000-0  89067-4 0  9995 | 2 43905  97.2765 319.5185 0021387 179.3336 180.7935 15.25258170 64777 | 2020/02/25-05:01:25  270.2513    0.1237  180.7901   94.4102     6868.1473     6853.4584     6882.8362  73.990026 -63.152146  -0.001610   0.001407
1 43905U 18111AF  20058.70231750  .00001526  00000-0  63117-4 0  9999 | 2 43905  97.2758 321.9425 0021677 170.6205 189.5442 15.25264422 65154 | 2020/02/27-16:51:20   87.7233    0.1236  189.5031   94.4099     6868.1285     6853.2405     6883.0166  76.594235 -59.965860  -0.001466   0.001597
1 43905U 18111AF  20060.14562391  .00001314  00000-0  54731-4 0  9995 | 2 43905  97.2758 323.3457 0021837 165.6037 194.5828 15.25267151 65370 | 2020/02/29-03:29:41  247.3112    0.1237  194.5200   94.4097     6868.1203     6853.1224     6883.1183  78.039711 -58.072237  -0.001373   0.001698
1 43905U 18111AF  20061.26090344  .00001442  00000-0  59781-4 0  9995 | 2 43905  97.2756 324.4298 0022005 161.7616 198.4417 15.25270654 65549 | 2020/03/01-06:15:42  288.8102    0.1237  198.3621   94.4095     6868.1098     6852.9966     6883.2231  79.124306 -56.585216  -0.001299   0.001776
1 43905U 18111AF  20062.50739205  .00001117  00000-0  46934-4 0  9994 | 2 43905  97.2754 325.6418 0022085 157.4181 202.8035 15.25271339 65739 | 2020/03/02-12:10:38   17.5444    0.1238  202.7057   94.4094     6868.1078     6852.9396     6883.2760  80.303318 -54.898821  -0.001205   0.001851
1 43905U 18111AF  20063.68827369  .00001055  00000-0  44494-4 0  9993 | 2 43905  97.2753 326.7898 0022217 153.3259 206.9127 15.25273254 65915 | 2020/03/03-16:31:06   82.6607    0.1236  206.7977   94.4093     6868.1020     6852.8432     6883.3609  81.387016 -53.278866  -0.001115   0.001922
1 43905U 18111AF  20065.26277795  .00001118  00000-0  46963-4 0  9994 | 2 43905  97.2752 328.3203 0022365 147.9546 212.3057 15.25277068 66151 | 2020/03/05-06:18:24  289.4820    0.1237  212.1691   94.4091     6868.0906     6852.7301     6883.4511  82.780926 -51.086034  -0.000990   0.002005
1 43905U 18111AF  20066.70606175 +.00002795 +00000-0 +11311-3 0  9992 | 2 43905 097.2754 329.7235 0022486 142.8944 217.3854 15.25290155066379 | 2020/03/06-16:56:43   89.0640    0.1237  217.2293   94.4083     6868.0513     6852.6078     6883.4948  84.007270 -49.043675  -0.000865   0.002076
1 43905U 18111AF  20068.14934040  .00002486  00000-0  10089-3 0  9995 | 2 43905  97.2754 331.1267 0022615 138.0179 222.2798 15.25296773 66590 | 2020/03/08-03:35:03  248.6458    0.1237  222.1058   94.4079     6868.0314     6852.4994     6883.5635  85.183060 -46.971797  -0.000742   0.002136
1 43905U 18111AF  20069.19899421  .00002166  00000-0  88260-4 0  9996 | 2 43905  97.2754 332.1473 0022717 134.4602 225.8499 15.25300275 66752 | 2020/03/09-04:46:33  266.5227    0.1237  225.6635   94.4076     6868.0209     6852.4188     6883.6230  86.006203 -45.447074  -0.000649   0.002177
1 43905U 18111AF  20070.70786849  .00001695  00000-0  69678-4 0  9992 | 2 43905  97.2747 333.6140 0022767 129.3598 230.9662 15.25303664 66982 | 2020/03/10-16:59:19   89.7221    0.1237  230.7639   94.4074     6868.0107     6852.3743     6883.6471  87.140659 -43.230462  -0.000511   0.002219
1 43905U 18111AF  20073.79120605 +.00001507 +00000-0 +62215-4 0  9998 | 2 43905 097.2743 336.6114 0022982 119.1438 241.2104 15.25312213067450 | 2020/03/13-18:59:20  119.7371    0.1237  240.9799   94.4069     6867.9851     6852.2011     6883.7691  89.281624 -38.614520  -0.000230   0.002287
1 43905U 18111AF  20075.69368353 +.00001198 +00000-0 +50040-4 0  9992 | 2 43905 097.2739 338.4606 0023121 112.8668 247.5015 15.25315300067744 | 2020/03/15-16:38:54   84.6409    0.1238  247.2570   94.4067     6867.9758     6852.0964     6883.8553  90.480808 -35.713232  -0.000054   0.002311
1 43905U 18111AF  20077.46495058 +.00001217 +00000-0 +50766-4 0  9999 | 2 43905 097.2737 340.1824 0023191 107.0365 253.3417 15.25319452068015 | 2020/03/17-11:09:31    2.3112    0.1238  253.0873   94.4065     6867.9633     6852.0359     6883.8908  91.512828 -32.978403   0.000113   0.002316
1 43905U 18111AF  20078.77699767  .00001017  00000-0  42866-4 0  9997 | 2 43905  97.2738 341.4579 0023231 102.6735 257.7102 15.25321066 68219 | 2020/03/18-18:38:52  114.6603    0.1238  257.4503   94.4064     6867.9585     6852.0035     6883.9135  92.224341 -30.933203   0.000238   0.002311
1 43905U 18111AF  20079.95783737  .00000982  00000-0  41492-4 0  9993 | 2 43905  97.2737 342.6057 0023278  98.8814 261.5061 15.25323317 68394 | 2020/03/19-22:59:17  179.7749    0.1238  261.2424   94.4062     6867.9517     6851.9645     6883.9390  92.825381 -29.079570   0.000345   0.002302
1 43905U 18111AF  20081.20427652  .00001149  00000-0  48074-4 0  9994 | 2 43905  97.2737 343.8174 0023296  94.7739 265.6160 15.25326914 68580 | 2020/03/21-04:54:09  268.5074    0.1238  265.3499   94.4060     6867.9409     6851.9414     6883.9405  93.419557 -27.110128   0.000461   0.002284
1 43905U 18111AF  20082.45071333  .00001137  00000-0  47609-4 0  9993 | 2 43905  97.2736 345.0291 0023296  90.6551 269.7356 15.25329616 68775 | 2020/03/22-10:49:01  357.2407    0.1238  269.4687   94.4058     6867.9328     6851.9333     6883.9324  93.971857 -25.128536   0.000576   0.002257
1 43905U 18111AF  20083.69714752  .00001070  00000-0  44941-4 0  9991 | 2 43905  97.2735 346.2407 0023316  86.5579 273.8325 15.25332120 68960 | 2020/03/23-16:43:53   85.9743    0.1238  273.5659   94.4057     6867.9253     6851.9121     6883.9386  94.482089 -23.135875   0.000690   0.002227
1 43905U 18111AF  20085.20598547  .00001006  00000-0  42437-4 0  9999 | 2 43905  97.2733 347.7073 0023322  81.6649 278.7232 15.25335217 69191 | 2020/03/25-04:56:37  269.1788    0.1238  278.4589   94.4055     6867.9160     6851.8987     6883.9334  95.043087 -20.710059   0.000822   0.002183
1 43905U 18111AF  20086.25560941  .00000997  00000-0  42081-4 0  9995 | 2 43905  97.2731 348.7275 0023300  78.1977 282.1873 15.25337658 69354 | 2020/03/26-06:08:04  287.0609    0.1239  281.9262   94.4053     6867.9087     6851.9065     6883.9109  95.396565 -19.014504   0.000913   0.002144
1 43905U 18111AF  20087.37083276 +.00001040 +00000-0 +43760-4 0  9995 | 2 43905 097.2730 349.8115 0023292 074.5794 285.8015 15.25340497069527 | 2020/03/27-08:53:59  328.5606    0.1239  285.5445   94.4052     6867.9002     6851.9035     6883.8969  95.739115 -17.206348   0.001007   0.002100
1 43905U 18111AF  20088.48605475  .00000994  00000-0  41931-4 0  9994 | 2 43905  97.2728 350.8955 0023264  70.9216 289.4539 15.25342563 69691 | 2020/03/28-11:39:55   10.0612    0.1239  289.2023   94.4050     6867.8940     6851.9165     6883.8714  96.047297 -15.392022   0.001099   0.002051
1 43905U 18111AF  20089.53567341 +.00001020 +00000-0 +42986-4 0  9992 | 2 43905 097.2727 351.9157 0023220 067.4732 292.8961 15.25344973069854 | 2020/03/29-12:51:22   27.9444    0.1239  292.6507   94.4049     6867.8867     6851.9395     6883.8340  96.306026 -13.679454   0.001182   0.001998
1 43905U 18111AF  20090.71649228  .00001057  00000-0  44443-4 0  9999 | 2 43905  97.2726 353.0634 0023169  63.5772 296.7840 15.25347779 70037 | 2020/03/30-17:11:44   93.0635    0.1239  296.5467   94.4047     6867.8783     6851.9661     6883.7905  96.560603 -11.747707   0.001274   0.001935
1 43905U 18111AF  20091.96290930  .00001123  00000-0  47043-4 0  9992 | 2 43905  97.2725 354.2748 0023121  59.4808 300.8709 15.25350999 70227 | 2020/03/31-23:06:35  181.8003    0.1240  300.6432   94.4045     6867.8687     6851.9895     6883.7479  96.787284  -9.703651   0.001367   0.001865
1 43905U 18111AF  20093.20932357  .00001042  00000-0  43841-4 0  9999 | 2 43905  97.2724 355.4861 0023056  55.4013 304.9396 15.25353555 70415 | 2020/04/02-05:01:25  270.5374    0.1240  304.7227   94.4043     6867.8610     6852.0264     6883.6955  96.970687  -7.655430   0.001454   0.001789
1 43905U 18111AF  20094.25893314  .00001200  00000-0  50043-4 0  9992 | 2 43905  97.2723 356.5062 0022991  51.9133 308.4174 15.25357092 70570 | 2020/04/03-06:12:51  288.4215    0.1239  308.2106   94.4041     6867.8504     6852.0605     6883.6402  97.091510  -5.927826   0.001526   0.001720
1 43905U 18111AF  20095.30854099  .00001175  00000-0  49058-4 0  9991 | 2 43905  97.2722 357.5263 0022930  48.4582 311.8618 15.25359657 70733 | 2020/04/04-07:24:17  306.3055    0.1239  311.6657   94.4040     6867.8427     6852.0947     6883.5906  97.181556  -4.198346   0.001593   0.001649
1 43905U 18111AF  20096.68614860 +.00001110 +00000-0 +46491-4 0  9990 | 2 43905 097.2720 358.8651 0022844 043.9249 316.3800 15.25362735070947 | 2020/04/05-16:28:03   82.2784    0.1239  316.1990   94.4038     6867.8334     6852.1445     6883.5223  97.252918  -1.926613   0.001676   0.001552
1 43905U 18111AF  20098.19495352  .00000984  00000-0  41567-4 0  9998 | 2 43905  97.2720   0.3315 0022720  38.8763 321.4104 15.25365664 71174 | 2020/04/07-04:40:43  265.4871    0.1239  321.2476   94.4036     6867.8246     6852.2209     6883.4283  97.270372   0.562790   0.001760   0.001436
1 43905U 18111AF  20099.44135468  .00000992  00000-0  41881-4 0  9994 | 2 43905  97.2719   1.5427 0022619  34.6828 325.5880 15.25368605 71367 | 2020/04/08-10:35:33  354.2247    0.1240  325.4412   94.4034     6867.8158     6852.2815     6883.3501  97.236643   2.618748   0.001825   0.001337
1 43905U 18111AF  20100.62215340  .00001110  00000-0  46522-4 0  9995 | 2 43905  97.2717   2.6902 0022523  30.7035 329.5516 15.25371944 71546 | 2020/04/09-14:55:54   59.3443    0.1240  329.4205   94.4032     6867.8058     6852.3374     6883.2741  97.164499   4.565505   0.001880   0.001240
1 43905U 18111AF  20101.67175061  .00001091  00000-0  45774-4 0  9992 | 2 43905  97.2716   3.7102 0022420  27.1583 333.0823 15.25374188 71705 | 2020/04/10-16:07:19   77.2283    0.1240  332.9657   94.4031     6867.7990     6852.4014     6883.1967  97.067730   6.294441   0.001924   0.001150
1 43905U 18111AF  20102.72134575  .00001075  00000-0  45118-4 0  9998 | 2 43905  97.2714   4.7302 0022302  23.5957 336.6299 15.25376595 71867 | 2020/04/11-17:18:44   95.1121    0.1240  336.5283   94.4029     6867.7918     6852.4753     6883.1084  96.940099   8.021371   0.001963   0.001058
1 43905U 18111AF  20104.03333728  .00000986  00000-0  41642-4 0  9993 | 2 43905  97.2713   6.0052 0022184  19.1339 341.0727 15.25379252 72068 | 2020/04/13-00:48:00  207.4662    0.1239  340.9900   94.4028     6867.7838     6852.5484     6883.0193  96.737514  10.176399   0.002008   0.000942
1 43905U 18111AF  20105.14852758  .00001106  00000-0  46347-4 0  9997 | 2 43905  97.2712   7.0890 0022061  15.3614 344.8289 15.25382655 72230 | 2020/04/14-03:33:52  248.9664    0.1240  344.7626   94.4025     6867.7736     6852.6226     6882.9246  96.527625  12.004332   0.002039   0.000842
1 43905U 18111AF  20106.19811649  .00001149  00000-0  48052-4 0  9999 | 2 43905  97.2711   8.1090 0021954  11.7491 348.4255 15.25385563 72397 | 2020/04/15-04:45:17  266.8487    0.1240  348.3749   94.4024     6867.7649     6852.6874     6882.8424  96.298536  13.720745   0.002065   0.000746
1 43905U 18111AF  20107.24770419 +.00001084 +00000-0 +45486-4 0  9991 | 2 43905 097.2711 009.1289 0021850 008.0796 352.0789 15.25387708072554 | 2020/04/16-05:56:41  284.7309    0.1239  352.0443   94.4022     6867.7585     6852.7524     6882.7645  96.039055  15.432653   0.002087   0.000646
1 43905U 18111AF  20108.49408729 +.00001008 +00000-0 +42514-4 0  9996 | 2 43905 097.2711 010.3401 0021714 003.7589 356.3809 15.25390187072741 | 2020/04/17-11:51:29   13.4649    0.1241  356.3652   94.4021     6867.7510     6852.8384     6882.6637  95.691384  17.459265   0.002106   0.000529
1 43905U 18111AF  20109.67486949 +.00000899 +00000-0 +38196-4 0  9995 | 2 43905 097.2710 011.4876 0021585 359.6197 000.5021 15.25392192072924 | 2020/04/18-16:11:48   78.5808    0.1240    0.5043   94.4020     6867.7450     6852.9210     6882.5690  95.322451  19.372089   0.002118   0.000416
1 43905U 18111AF  20111.70843369  .00001040  00000-0  43753-4 0  9999 | 2 43905  97.2709  13.4637 0021357 352.3915   7.6997 15.25397527 73236 | 2020/04/20-17:00:08   90.7228    0.1241    7.7326   94.4016     6867.7290     6853.0616     6882.3964  94.597665  22.647512   0.002125   0.000218
1 43905U 18111AF  20113.21719512  .00002151  00000-0  87485-4 0  9993 | 2 43905  97.2708  14.9300 0021202 347.1094  12.9600 15.25409327 73464 | 2020/04/22-05:12:45  273.9195    0.1240   13.0146   94.4009     6867.6936     6853.1327     6882.2545  93.987065  25.060727   0.002119   0.000075
1 43905U 18111AF  20114.52915571  .00002922  00000-0  11780-3 0  9991 | 2 43905  97.2709  16.2051 0020990 342.5198  17.5315 15.25419795 73666 | 2020/04/23-12:41:59   26.2614    0.1239   17.6041   94.4002     6867.6622     6853.2469     6882.0774  93.406215  27.146030   0.002098  -0.000047
1 43905U 18111AF  20115.77551241  .00002022  00000-0  82363-4 0  9996 | 2 43905  97.2706  17.4163 0020886 338.0488  21.9854 15.25423969 73852 | 2020/04/24-18:36:44  114.9842    0.1240   22.0752   94.4000     6867.6496     6853.3059     6881.9934  92.811250  29.114282   0.002082  -0.000165
1 43905U 18111AF  20116.95626851  .00001500  00000-0  61856-4 0  9991 | 2 43905  97.2703  18.5637 0020740 333.7336  26.2849 15.25427269 74030 | 2020/04/25-22:57:01  180.0885    0.1240   26.3904   94.3998     6867.6397     6853.3962     6881.8832  92.209355  30.966854   0.002055  -0.000278
1 43905U 18111AF  20118.53060694 +.00001301 +00000-0 +53998-4 0  9991 | 2 43905 097.2701 020.0932 0020618 327.8807 032.1174 15.25430585074273 | 2020/04/27-12:44:04   26.8930    0.1240   32.2433   94.3996     6867.6298     6853.4701     6881.7895  91.349758  33.416971   0.002017  -0.000430
1 43905U 18111AF  20119.71135815 +.00001292 +00000-0 +53655-4 0  9999 | 2 43905 097.2700 021.2405 0020507 323.5211 036.4629 15.25434077074451 | 2020/04/28-17:04:21   91.9940    0.1239   36.6028   94.3994     6867.6193     6853.5359     6881.7027  90.662250  35.239316   0.001979  -0.000539
1 43905U 18111AF  20121.22008935 +.00001551 +00000-0 +63824-4 0  9997 | 2 43905 097.2700 022.7066 0020367 317.9001 042.0671 15.25440645074681 | 2020/04/30-05:16:55  275.1750    0.1239   42.2238   94.3990     6867.5996     6853.6123     6881.5868  89.730955  37.547417   0.001921  -0.000676
1 43905U 18111AF  20122.66321554 +.00003042 +00000-0 +12245-3 0  9998 | 2 43905 097.2698 024.1087 0020174 312.5945 047.3591 15.25452736074908 | 2020/05/01-15:55:01   74.7344    0.1239   47.5294   94.3982     6867.5633     6853.7087     6881.4179  88.785166  39.731704   0.001853  -0.000798
1 43905U 18111AF  20123.71275655 +.00003184 +00000-0 +12800-3 0  9999 | 2 43905 097.2699 025.1285 0020077 308.6089 051.3351 15.25459647075062 | 2020/05/02-17:06:22   92.5934    0.1239   51.5150   94.3978     6867.5425     6853.7546     6881.3305  88.064051  41.305645   0.001800  -0.000888
1 43905U 18111AF  20125.28705960  .00003457  00000-0  13872-3 0  9993 | 2 43905  97.2700  26.6583 0019944 302.6677  57.2638 15.25470483 75301 | 2020/05/04-06:53:21  299.3769    0.1240   57.4563   94.3971     6867.5100     6853.8135     6881.2066  86.930021  43.642003   0.001715  -0.001017
1 43905U 18111AF  20126.73016317  .00002892  00000-0  11648-3 0  9996 | 2 43905  97.2701  28.0607 0019825 297.2025  62.7193 15.25477269 75529 | 2020/05/05-17:31:26   98.9239    0.1239   62.9214   94.3967     6867.4897     6853.8749     6881.1045  85.835974  45.756507   0.001629  -0.001130
1 43905U 18111AF  20127.84528261  .00003156  00000-0  12685-3 0  9991 | 2 43905  97.2700  29.1445 0019759 292.9462  66.9691 15.25484901 75691 | 2020/05/06-20:17:12  140.3887    0.1239   67.1777   94.3962     6867.4668     6853.8973     6881.0362  84.955057  47.371839   0.001559  -0.001214
1 43905U 18111AF  20128.96039653  .00003178  00000-0  12769-3 0  9994 | 2 43905  97.2699  30.2282 0019672 288.6431  71.2671 15.25492573 75862 | 2020/05/07-23:02:58  181.8502    0.1239   71.4808   94.3957     6867.4437     6853.9341     6880.9534  84.043832  48.970071   0.001482  -0.001294
1 43905U 18111AF  20130.27228941  .00002707  00000-0  10914-3 0  9998 | 2 43905  97.2693  31.5029 0019631 283.6168  76.2884 15.25499408 76064 | 2020/05/09-06:32:05  294.1550    0.1239   76.5071   94.3953     6867.4232     6853.9418     6880.9047  82.933139  50.827267   0.001391  -0.001385
1 43905U 18111AF  20131.51858230  .00002538  00000-0  10252-3 0  9993 | 2 43905  97.2689  32.7138 0019588 278.7463  81.1557 15.25505980 76253 | 2020/05/10-12:26:45   22.8412    0.1239   81.3776   94.3949     6867.4035     6853.9516     6880.8554  81.840169  52.568295   0.001297  -0.001468
1 43905U 18111AF  20132.76487076  .00002447  00000-0  98920-4 0  9995 | 2 43905  97.2686  33.9246 0019548 273.9540  85.9464 15.25512182 76444 | 2020/05/11-18:21:24  111.5242    0.1239   86.1699   94.3945     6867.3849     6853.9605     6880.8092  80.710833  54.285744   0.001200  -0.001543
1 43905U 18111AF  20134.33912367  .00002265  00000-0  91740-4 0  9997 | 2 43905  97.2684  35.4543 0019520 267.9031  91.9972 15.25518963 76687 | 2020/05/13-08:08:20  318.2773    0.1238   92.2207   94.3941     6867.3645     6853.9594     6880.7696  79.232741  56.420868   0.001073  -0.001630
1 43905U 18111AF  20135.71659390 +.00001637 +00000-0 +67093-4 0  9990 | 2 43905 097.2687 036.7926 0019552 262.5828 097.3189 15.25520511076894 | 2020/05/14-17:11:53   94.1846    0.1239   97.5411   94.3940     6867.3599     6853.9328     6880.7869  77.893624  58.256187   0.000959  -0.001704
1 43905U 18111AF  20136.76609184 +.00001501 +00000-0 +61746-4 0  9991 | 2 43905 097.2686 037.8124 0019555 258.5420 101.3623 15.25523450077054 | 2020/05/15-18:23:10  112.0159    0.1239  101.5819   94.3938     6867.3511     6853.9220     6880.7802  76.844368  59.633243   0.000868  -0.001752
1 43905U 18111AF  20137.81558678 +.00001605 +00000-0 +65835-4 0  9997 | 2 43905 097.2686 038.8322 0019563 254.5211 105.3867 15.25527667077214 | 2020/05/16-19:34:26  129.8452    0.1238  105.6027   94.3936     6867.3384     6853.9038     6880.7730  75.770848  60.991468   0.000775  -0.001796
1 43905U 18111AF  20139.25863796 +.00001833 +00000-0 +74749-4 0  9994 | 2 43905 097.2686 040.2344 0019593 248.8702 111.0443 15.25533988077430 | 2020/05/18-06:12:26  289.3571    0.1239  111.2537   94.3932     6867.3194     6853.8643     6880.7746  74.255663  62.827360   0.000641  -0.001851
1 43905U 18111AF  20140.43931173 +.00002601 +00000-0 +10485-3 0  9991 | 2 43905 097.2690 041.3817 0019585 244.2982 115.6235 15.25541482077610 | 2020/05/19-10:32:36  354.4089    0.1238  115.8256   94.3927     6867.2969     6853.8473     6880.7465  72.983095  64.301837   0.000529  -0.001886
1 43905U 18111AF  20141.68557276 +.00002676 +00000-0 +10776-3 0  9992 | 2 43905 097.2690 042.5928 0019624 239.4862 120.4439 15.25548293077801 | 2020/05/20-16:27:13   83.0717    0.1237  120.6375   94.3923     6867.2765     6853.8002     6880.7529  71.607701  65.830051   0.000411  -0.001919
1 43905U 18111AF  20142.80064424 +.00002537 +00000-0 +10230-3 0  9996 | 2 43905 097.2688 043.6763 0019669 235.1785 124.7603 15.25553638077970 | 2020/05/21-19:12:55  124.5043    0.1237  124.9452   94.3920     6867.2605     6853.7533     6880.7677  70.349938  67.172209   0.000303  -0.001943
1 43905U 18111AF  20143.85011955 +.00002556 +00000-0 +10302-3 0  9994 | 2 43905 097.2686 044.6962 0019727 231.1577 128.7902 15.25559149078138 | 2020/05/22-20:24:10  142.3209    0.1238  128.9661   94.3916     6867.2439     6853.6969     6880.7909  69.143007  68.413632   0.000201  -0.001962
1 43905U 18111AF  20145.16195846 +.00002466 +00000-0 +99495-4 0  9993 | 2 43905 097.2683 045.9708 0019809 226.1173 133.8430 15.25565949078334 | 2020/05/24-03:53:13  254.5889    0.1237  134.0064   94.3912     6867.2235     6853.6202     6880.8268  67.603889  69.934515   0.000072  -0.001980
1 43905U 18111AF  20146.67056544 +.00002574 +00000-0 +10366-3 0  9990 | 2 43905 097.2678 047.4365 0019915 220.3726 139.6035 15.25574561078562 | 2020/05/25-16:05:36   77.6928    0.1237  139.7511   94.3907     6867.1977     6853.5217     6880.8737  65.792612  71.640472  -0.000076  -0.001990
1 43905U 18111AF  20147.78561789  .00002489  00000-0  10031-3 0  9999 | 2 43905  97.2676  48.5199 0020016 216.1018 143.8870 15.25580342 78735 | 2020/05/26-18:51:17  119.1147    0.1237  144.0219   94.3903     6867.1803     6853.4350     6880.9257  64.426156  72.871506  -0.000188  -0.001993
1 43905U 18111AF  20149.35980264 +.00002401 +00000-0 +96830-4 0  9993 | 2 43905 097.2673 050.0492 0020130 210.2116 149.7964 15.25588572078975 | 2020/05/28-08:38:06  325.8243    0.1238  149.9122   94.3898     6867.1556     6853.3320     6880.9792  62.458209  74.564735  -0.000341  -0.001984
1 43905U 18111AF  20150.47484546 +.00002430 +00000-0 +97940-4 0  9995 | 2 43905 097.2673 051.1326 0020221 206.0754 153.9468 15.25594196079140 | 2020/05/29-11:23:46    7.2411    0.1237  154.0483   94.3895     6867.1388     6853.2527     6881.0248  61.037191  75.732351  -0.000448  -0.001972
1 43905U 18111AF  20151.52429363  .00002905  00000-0  11653-3 0  9991 | 2 43905  97.2674  52.1522 0020324 202.1956 157.8404 15.25600880 79304 | 2020/05/30-12:34:58   25.0434    0.1236  157.9280   94.3890     6867.1187     6853.1620     6881.0754  59.679974  76.806561  -0.000548  -0.001957
1 43905U 18111AF  20152.77050869 +.00002757 +00000-0 +11070-3 0  9998 | 2 43905 097.2676 053.3631 0020448 197.5845 162.4688 15.25606987079491 | 2020/05/31-18:29:31  113.6810    0.1237  162.5392   94.3887     6867.1004     6853.0585     6881.1422  58.043641  78.050764  -0.000667  -0.001933
1 43905U 18111AF  20153.81994771 +.00002739 +00000-0 +10997-3 0  9990 | 2 43905 097.2677 054.3827 0020555 193.7288 166.3394 15.25613227079658 | 2020/06/01-19:40:43  131.4789    0.1237  166.3949   94.3883     6867.0816     6852.9664     6881.1969  56.645640  79.071341  -0.000766  -0.001907
1 43905U 18111AF  20155.13173973  .00003005  00000-0  12032-3 0  9999 | 2 43905  97.2679  55.6575 0020707 188.8975 171.1899 15.25622394 79852 | 2020/06/03-03:09:42  243.7230    0.1236  171.2261   94.3877     6867.0541     6852.8345     6881.2737  54.872583  80.312166  -0.000890  -0.001870
1 43905U 18111AF  20156.24675761 +.00002935 +00000-0 +11754-3 0  9995 | 2 43905 097.2679 056.7410 0020847 184.8743 175.2296 15.25629217080024 | 2020/06/04-05:55:19  285.1285    0.1237  175.2494   94.3873     6867.0337     6852.7180     6881.3494  53.344108  81.335420  -0.000991  -0.001834
1 43905U 18111AF  20157.49294846 +.00002727 +00000-0 +10939-3 0  9997 | 2 43905 097.2676 057.9520 0020983 180.4008 179.7217 15.25636309080216 | 2020/06/05-11:49:50   13.7559    0.1237  179.7229   94.3868     6867.0124     6852.6033     6881.4214  51.613062  82.444393  -0.001101  -0.001786
1 43905U 18111AF  20159.39501847 +.00002440 +00000-0 +98143-4 0  9996 | 2 43905 097.2673 059.8001 0021178 173.6027 186.5486 15.25646103080509 | 2020/06/07-09:28:49  338.4990    0.1237  186.5210   94.3862     6866.9830     6852.4401     6881.5259  48.927245  84.065762  -0.001263  -0.001700
1 43905U 18111AF  20160.77237152 +.00002811 +00000-0 +11260-3 0  9991 | 2 43905 097.2669 061.1383 0021337 168.7755 191.3963 15.25654724080718 | 2020/06/08-18:32:12  114.3449    0.1236  191.3481   94.3857     6866.9571     6852.3051     6881.6092  46.950447  85.185124  -0.001374  -0.001632
1 43905U 18111AF  20162.14971781  .00002879  00000-0  11521-3 0  9991 | 2 43905  97.2666  62.4764 0021491 163.9409 196.2516 15.25662532 80923 | 2020/06/10-03:35:35  250.1884    0.1238  196.1829   94.3852     6866.9337     6852.1760     6881.6914  44.948251  86.258021  -0.001482  -0.001557
1 43905U 18111AF  20163.72381933  .00002769  00000-0  11086-3 0  9994 | 2 43905  97.2664  64.0058 0021660 158.4743 201.7411 15.25670804 81167 | 2020/06/11-17:22:17   96.8641    0.1237  201.6494   94.3847     6866.9089     6852.0352     6881.7826  42.629933  87.426777  -0.001597  -0.001463
1 43905U 18111AF  20164.96997710  .00002501  00000-0  10038-3 0  9997 | 2 43905  97.2664  65.2167 0021783 154.1541 206.0791 15.25676669 81351 | 2020/06/12-23:16:46  185.4805    0.1237  205.9696   94.3843     6866.8913     6851.9331     6881.8494  40.772857  88.308135  -0.001684  -0.001382
1 43905U 18111AF  20166.15054429  .00001842  00000-0  74668-4 0  9998 | 2 43905  97.2666  66.3637 0021890 150.1323 210.1169 15.25679994 81539 | 2020/06/14-03:36:47  250.4853    0.1236  209.9913   94.3841     6866.8813     6851.8497     6881.9129  38.997051  89.106798  -0.001760  -0.001302
1 43905U 18111AF  20167.19993815  .00001574  00000-0  64189-4 0  9993 | 2 43905  97.2665  67.3833 0021965 146.5751 213.6879 15.25680696 81698 | 2020/06/15-04:47:54  268.2680    0.1237  213.5486   94.3841     6866.8792     6851.7961     6881.9623  37.405233  89.786528  -0.001822  -0.001227
1 43905U 18111AF  20168.51167671  .00001216  00000-0  50238-4 0  9996 | 2 43905  97.2665  68.6578 0022094 142.1765 218.1031 15.25682690 81897 | 2020/06/16-12:16:48   20.4957    0.1237  217.9472   94.3840     6866.8732     6851.7015     6882.0449  35.398912  90.596297  -0.001897  -0.001132
1 43905U 18111AF  20169.75782741  .00000781  00000-0  33239-4 0  9992 | 2 43905  97.2664  69.8685 0022230 137.8712 222.4240 15.25682993 82081 | 2020/06/17-18:11:16  109.1119    0.1237  222.2525   94.3840     6866.8723     6851.6072     6882.1374  33.476754  91.323926  -0.001968  -0.001035
1 43905U 18111AF  20171.26632380  .00000640  00000-0  27723-4 0  9999 | 2 43905  97.2663  71.3342 0022368 132.8838 227.4283 15.25684390 82315 | 2020/06/19-06:23:30  292.1749    0.1237  227.2399   94.3839     6866.8681     6851.5083     6882.2279  31.129840  92.150237  -0.002040  -0.000918
1 43905U 18111AF  20172.44688417 +.00000669 +00000-0 +28851-4 0  9996 | 2 43905 097.2662 072.4812 0022452 128.9679 231.3565 15.25686255082499 | 2020/06/20-10:43:30  357.1809    0.1238  231.1559   94.3838     6866.8625     6851.4450     6882.2800  29.278947  92.754822  -0.002090  -0.000821
1 43905U 18111AF  20173.88978727 +.00000831 +00000-0 +35165-4 0  9998 | 2 43905 097.2661 073.8832 0022545 124.1798 236.1583 15.25689873082715 | 2020/06/21-21:21:17  156.6326    0.1239  235.9441   94.3835     6866.8517     6851.3703     6882.3330  27.000715  93.443328  -0.002143  -0.000699
1 43905U 18111AF  20175.13592199 +.00001538 +00000-0 +62732-4 0  9998 | 2 43905 097.2658 075.0937 0022648 120.0265 240.3224 15.25698179082908 | 2020/06/23-03:15:43  245.2480    0.1237  240.0972   94.3830     6866.8267     6851.2747     6882.3787  25.020562  93.992592  -0.002186  -0.000591
1 43905U 18111AF  20176.44764092  .00001998  00000-0  80622-4 0  9994 | 2 43905  97.2656  76.3682 0022725 115.6084 244.7506 15.25705019 83108 | 2020/06/24-10:44:36  357.4751    0.1238  244.5154   94.3826     6866.8062     6851.2014     6882.4110  22.923705  94.525661  -0.002223  -0.000472
1 43905U 18111AF  20177.49701275 +.00002014 +00000-0 +81260-4 0  9993 | 2 43905 097.2656 077.3878 0022793 112.1388 248.2273 15.25709240083267 | 2020/06/25-11:55:41   15.2566    0.1238  247.9850   94.3823     6866.7935     6851.1421     6882.4450  21.238045  94.918609  -0.002248  -0.000377
1 43905U 18111AF  20178.80872335  .00002003  00000-0  80811-4 0  9994 | 2 43905  97.2655  78.6622 0022871 107.8271 252.5465 15.25714341 83467 | 2020/06/26-19:24:33  127.4834    0.1238  252.2967   94.3820     6866.7782     6851.0732     6882.4833  19.121721  95.367381  -0.002272  -0.000258
1 43905U 18111AF  20179.85808762 +.00002045 +00000-0 +82422-4 0  9999 | 2 43905 097.2655 079.6816 0022902 104.4102 255.9681 15.25719077083620 | 2020/06/27-20:35:38  145.2647    0.1239  255.7137   94.3817     6866.7640     6851.0378     6882.4903  17.422018  95.692480  -0.002284  -0.000163
1 43905U 18111AF  20181.16978966  .00001981  00000-0  79905-4 0  9990 | 2 43905  97.2653  80.9559 0022989 100.1724 260.2109 15.25723876 83823 | 2020/06/29-04:04:29  257.4910    0.1238  259.9514   94.3814     6866.7496     6850.9637     6882.5356  15.289583  96.056063  -0.002298  -0.000045
1 43905U 18111AF  20182.28473394  .00001629  00000-0  66194-4 0  9994 | 2 43905  97.2653  82.0392 0022983  96.4123 263.9733 15.25726061 83995 | 2020/06/30-06:50:01  298.8843    0.1238  263.7115   94.3813     6866.7431     6850.9612     6882.5249  13.470812  96.327960  -0.002297   0.000062
1 43905U 18111AF  20183.46526161  .00001289  00000-0  52958-4 0  9991 | 2 43905  97.2652  83.1861 0022997  92.6034 267.7837 15.25727620 84171 | 2020/07/01-11:09:58    3.8895    0.1238  267.5204   94.3812     6866.7384     6850.9470     6882.5298  11.540016  96.578192  -0.002293   0.000169
1 43905U 18111AF  20184.71137198  .00000972  00000-0  40636-4 0  9996 | 2 43905  97.2650  84.3966 0023006  88.5220 271.8654 15.25729119 84360 | 2020/07/02-17:04:22   92.5066    0.1239  271.6019   94.3811     6866.7339     6850.9363     6882.5315   9.497145  96.800230  -0.002283   0.000284
1 43905U 18111AF  20185.82631157 +.00000738 +00000-0 +31505-4 0  9998 | 2 43905 097.2650 085.4798 0023022 084.9257 275.4609 15.25730077084537 | 2020/07/03-19:49:53  133.9014    0.1239  275.1982   94.3810     6866.7310     6850.9224     6882.5396   7.665509  96.962468  -0.002270   0.000384
1 43905U 18111AF  20187.00683448  .00000679  00000-0  29201-4 0  9994 | 2 43905  97.2648  86.6268 0023027  81.1113 279.2731 15.25731540 84718 | 2020/07/05-00:09:50  198.9084    0.1239  279.0126   94.3810     6866.7266     6850.9146     6882.5386   5.723007  97.096285  -0.002250   0.000489
1 43905U 18111AF  20188.18735478  .00000817  00000-0  34589-4 0  9994 | 2 43905  97.2646  87.7736 0023004  77.2731 283.1077 15.25734355 84898 | 2020/07/06-04:29:47  263.9161    0.1239  282.8508   94.3808     6866.7182     6850.9220     6882.5144   3.778558  97.191177  -0.002223   0.000594
1 43905U 18111AF  20189.36787074  .00001132  00000-0  46857-4 0  9996 | 2 43905  97.2644  88.9204 0022975  73.3813 286.9946 15.25738955 85070 | 2020/07/07-08:49:44  328.9235    0.1239  286.7426   94.3805     6866.7044     6850.9281     6882.4806   1.832603  97.247134  -0.002189   0.000698
1 43905U 18111AF  20190.48280141  .00001142  00000-0  47244-4 0  9996 | 2 43905  97.2643  90.0035 0022948  69.7324 290.6379 15.25741557 85244 | 2020/07/08-11:35:14   10.3200    0.1240  290.3916   94.3803     6866.6966     6850.9389     6882.4543  -0.005942  97.264300  -0.002153   0.000795
1 43905U 18111AF  20191.99122999  .00001522  00000-0  62004-4 0  9992 | 2 43905  97.2641  91.4689 0022890  64.8024 295.5584 15.25748303 85474 | 2020/07/09-23:47:22  193.3852    0.1239  295.3215   94.3799     6866.6763     6850.9585     6882.3942  -2.493300  97.232138  -0.002095   0.000921
1 43905U 18111AF  20193.17173573  .00001705  00000-0  69120-4 0  9997 | 2 43905  97.2640  92.6157 0022867  60.9590 299.3935 15.25753365 85651 | 2020/07/11-04:07:17  258.3923    0.1239  299.1649   94.3796     6866.6612     6850.9592     6882.3631  -4.438810  97.162661  -0.002048   0.001018
1 43905U 18111AF  20195.13924260  .00001301  00000-0  53418-4 0  9997 | 2 43905  97.2639  94.5269 0022769  54.5224 305.8135 15.25756542 85956 | 2020/07/13-03:20:30  246.7394    0.1240  305.6016   94.3794     6866.6516     6851.0169     6882.2863  -7.676761  96.960474  -0.001953   0.001171
1 43905U 18111AF  20196.38532689  .00001162  00000-0  48003-4 0  9994 | 2 43905  97.2638  95.7374 0022673  50.3974 309.9262 15.25758872 86141 | 2020/07/14-09:14:52  335.3598    0.1240  309.7266   94.3793     6866.6446     6851.0759     6882.2134  -9.723390  96.776560  -0.001883   0.001263
1 43905U 18111AF  20197.76257432 +.00001119 +00000-0 +46312-4 0  9990 | 2 43905 097.2637 097.0751 0022591 045.8013 314.5077 15.25762073086353 | 2020/07/15-18:18:06  111.2032    0.1240  314.3227   94.3791     6866.6350     6851.1226     6882.1474 -11.979990  96.523091  -0.001801   0.001363
1 43905U 18111AF  20199.46773394  .00001080  00000-0  44816-4 0  9993 | 2 43905  97.2635  98.7315 0022450  40.1504 320.1388 15.25765656 86619 | 2020/07/17-11:13:32    5.1048    0.1240  319.9736   94.3788     6866.6243     6851.2087     6882.0398 -14.765013  96.136272  -0.001691   0.001476
1 43905U 18111AF  20200.51706039 +.00001073 +00000-0 +44524-4 0  9992 | 2 43905 097.2634 099.7509 0022360 036.6223 323.6539 15.25768182086772 | 2020/07/18-12:24:34   22.8902    0.1240  323.5017   94.3787     6866.6167     6851.2629     6881.9705 -16.473014  95.858274  -0.001619   0.001543
1 43905U 18111AF  20201.82871367  .00001350  00000-0  55301-4 0  9997 | 2 43905  97.2632 101.0249 0022269  32.2251 328.0343 15.25773690 86973 | 2020/07/19-19:53:20  135.1210    0.1240  327.8989   94.3783     6866.6002     6851.3089     6881.8914 -18.600184  95.468127  -0.001526   0.001622
1 43905U 18111AF  20203.27152752  .00001571  00000-0  63873-4 0  9996 | 2 43905  97.2630 102.4265 0022135  27.4227 332.8174 15.25779584 87193 | 2020/07/21-06:30:59  294.5738    0.1239  332.7012   94.3780     6866.5825     6851.3833     6881.7817 -20.929736  94.984406  -0.001418   0.001699
1 43905U 18111AF  20204.38642568  .00001927  00000-0  77719-4 0  9997 | 2 43905  97.2628 103.5094 0022037  23.6763 336.5484 15.25785065 87361 | 2020/07/22-09:16:27  335.9685    0.1239  336.4476   94.3776     6866.5660     6851.4342     6881.6979 -22.721066  94.571695  -0.001332   0.001756
1 43905U 18111AF  20205.50132016 +.00002086 +00000-0 +83894-4 0  9992 | 2 43905 097.2626 104.5924 0021934 019.8690 340.3398 15.25790247087537 | 2020/07/23-12:01:54   17.3623    0.1240  340.2550   94.3773     6866.5505     6851.4894     6881.6116 -24.504436  94.125161  -0.001241   0.001808
1 43905U 18111AF  20206.74737498  .00002136  00000-0  85833-4 0  9995 | 2 43905  97.2625 105.8027 0021803  15.6715 344.5194 15.25795447 87729 | 2020/07/24-17:56:13  105.9778    0.1240  344.4525   94.3770     6866.5349     6851.5638     6881.5060 -26.487068  93.586480  -0.001138   0.001860
1 43905U 18111AF  20207.99342715  .00001826  00000-0  73798-4 0  9999 | 2 43905  97.2624 107.0130 0021669  11.3862 348.7862 15.25798252 87919 | 2020/07/25-23:50:32  194.5930    0.1240  348.7378   94.3768     6866.5265     6851.6474     6881.4056 -28.457877  93.006041  -0.001031   0.001906
1 43905U 18111AF  20209.17389611  .00001406  00000-0  57457-4 0  9995 | 2 43905  97.2623 108.1596 0021529   7.3062 352.8486 15.25799664 88094 | 2020/07/27-04:10:24  259.5963    0.1240  352.8178   94.3767     6866.5222     6851.7393     6881.3052 -30.313255  92.417864  -0.000926   0.001944
1 43905U 18111AF  20210.41994400 +.00001205 +00000-0 +49661-4 0  9997 | 2 43905 097.2621 109.3698 0021388 003.0051 357.1312 15.25802011088280 | 2020/07/28-10:04:43  348.2100    0.1240  357.1189   94.3766     6866.5152     6851.8291     6881.2013 -32.258330  91.756832  -0.000814   0.001978
1 43905U 18111AF  20211.73157194  .00000886  00000-0  37245-4 0  9993 | 2 43905  97.2619 110.6437 0021226 358.4103   1.7065 15.25803201 88480 | 2020/07/29-17:33:27  100.4345    0.1241    1.7138   94.3765     6866.5116     6851.9368     6881.0865 -34.290217  91.016802  -0.000693   0.002006
1 43905U 18111AF  20212.78087325  .00000737  00000-0  31459-4 0  9993 | 2 43905  97.2618 111.6629 0021106 354.6576   5.4434 15.25804300 88642 | 2020/07/30-18:44:27  118.2138    0.1240    5.4664   94.3765     6866.5083     6852.0159     6881.0008 -35.903712  90.392374  -0.000593   0.002026
1 43905U 18111AF  20214.02691660  .00000813  00000-0  34416-4 0  9996 | 2 43905  97.2617 112.8731 0020976 350.2394   9.8434 15.25806897 88834 | 2020/08/01-00:38:45  206.8256    0.1240    9.8846   94.3763     6866.5005     6852.0974     6880.9037 -37.804788  89.613818  -0.000476   0.002043
1 43905U 18111AF  20215.20737527 +.00001110 +00000-0 +45943-4 0  9998 | 2 43905 097.2616 114.0196 0020845 346.0067 014.0591 15.25811062089010 | 2020/08/02-04:58:37  271.8247    0.1240   14.1173   94.3760     6866.4880     6852.1749     6880.8012 -39.590250  88.839355  -0.000363   0.002053
1 43905U 18111AF  20216.51899101  .00002449  00000-0  98007-4 0  9995 | 2 43905  97.2615 115.2938 0020651 341.4252  18.6231 15.25819875 89219 | 2020/08/03-12:27:20   24.0425    0.1241   18.6989   94.3755     6866.4616     6852.2817     6880.6415 -41.555951  87.936922  -0.000242   0.002051
1 43905U 18111AF  20217.76502297  .00001878  00000-0  75820-4 0  9993 | 2 43905  97.2611 116.5036 0020552 336.8473  23.1838 15.25822992 89400 | 2020/08/04-18:21:37  112.6495    0.1240   23.2767   94.3753     6866.4523     6852.3403     6880.5642 -43.403159  87.039574  -0.000120   0.002052
1 43905U 18111AF  20218.81430956  .00001920  00000-0  77454-4 0  9995 | 2 43905  97.2609 117.5227 0020410 333.0217  26.9959 15.25827309 89567 | 2020/08/05-19:32:36  130.4213    0.1240   27.1023   94.3750     6866.4393     6852.4249     6880.4537 -44.944262  86.253672  -0.000019   0.002041
1 43905U 18111AF  20220.19149281  .00002138  00000-0  85928-4 0  9994 | 2 43905  97.2604 118.8602 0020209 327.9635  32.0374 15.25834331 89770 | 2020/08/07-04:35:44  266.2439    0.1240   32.1605   94.3746     6866.4182     6852.5419     6880.2946 -46.945079  85.180661   0.000112   0.002018
1 43905U 18111AF  20221.37193270  .00001699  00000-0  68830-4 0  9996 | 2 43905  97.2602 120.0065 0020131 323.6529  36.3341 15.25837734 89956 | 2020/08/08-08:55:34  331.2334    0.1240   36.4711   94.3744     6866.4080     6852.5853     6880.2308 -48.639655  84.224287   0.000222   0.002001
1 43905U 18111AF  20222.42121194  .00001539  00000-0  62637-4 0  9991 | 2 43905  97.2604 121.0255 0020063 319.7457  40.2295 15.25839232 90117 | 2020/08/09-10:06:32  349.0009    0.1240   40.3783   94.3743     6866.4035     6852.6275     6880.1796 -50.129908  83.346132   0.000322   0.001980
1 43905U 18111AF  20223.66722809  .00001293  00000-0  53064-4 0  9999 | 2 43905  97.2602 122.2355 0019943 315.0686  44.8938 15.25842015 90305 | 2020/08/10-16:00:48   77.5977    0.1240   45.0554   94.3741     6866.3952     6852.7015     6880.0888 -51.878636  82.268789   0.000438   0.001946
1 43905U 18111AF  20224.84766356 +.00000994 +00000-0 +41454-4 0  9992 | 2 43905 097.2602 123.3818 0019822 310.5284 049.4227 15.25843291090489 | 2020/08/11-20:20:38  142.5829    0.1239   49.5955   94.3740     6866.3914     6852.7808     6880.0019 -53.514072  81.214473   0.000549   0.001905
1 43905U 18111AF  20226.15925745  .00000789  00000-0  33466-4 0  9993 | 2 43905  97.2601 124.6557 0019734 305.6818  54.2583 15.25844609 90687 | 2020/08/13-03:49:19  254.7866    0.1239   54.4421   94.3740     6866.3874     6852.8373     6879.9375 -55.306342  80.004597   0.000664   0.001858
1 43905U 18111AF  20227.20853124  .00000755  00000-0  32155-4 0  9998 | 2 43905  97.2599 125.6745 0019638 301.6794  58.2530 15.25846216 90845 | 2020/08/14-05:00:17  272.5483    0.1240   58.4446   94.3739     6866.3826     6852.8984     6879.8668 -56.720002  79.008414   0.000756   0.001812
1 43905U 18111AF  20228.38896195  .00000855  00000-0  36016-4 0  9994 | 2 43905  97.2598 126.8210 0019600 297.1901  62.7340 15.25849024 91022 | 2020/08/15-09:20:06  337.5286    0.1240   62.9339   94.3737     6866.3742     6852.9161     6879.8323 -58.289456  77.857614   0.000859   0.001762
1 43905U 18111AF  20229.43822720 +.00002418 +00000-0 +96768-4 0  9991 | 2 43905 097.2598 127.8401 0019446 293.1892 066.7298 15.25858738091183 | 2020/08/16-10:31:02  355.2843    0.1239   66.9347   94.3731     6866.3450     6852.9927     6879.6973 -59.664989  76.808579   0.000942   0.001701
1 43905U 18111AF  20230.81538528 +.00002270 +00000-0 +91013-4 0  9999 | 2 43905 097.2596 129.1773 0019390 287.9478 071.9646 15.25864809091391 | 2020/08/17-19:34:09  131.0880    0.1238   72.1760   94.3727     6866.3268     6853.0130     6879.6406 -61.441051  75.395139   0.001053   0.001628
1 43905U 18111AF  20232.45485168 +.00002729 +00000-0 +10881-3 0  9994 | 2 43905 097.2592 130.7693 0019309 281.6235 078.2836 15.25873771091645 | 2020/08/19-10:54:59    1.3251    0.1239   78.5004   94.3722     6866.2999     6853.0418     6879.5581 -63.511707  73.658775   0.001178   0.001530
1 43905U 18111AF  20233.76641969  .00002544  00000-0  10163-3 0  9990 | 2 43905  97.2588 132.0428 0019261 276.5293  83.3753 15.25879279 91841 | 2020/08/20-18:23:38  113.5114    0.1239   83.5946   94.3718     6866.2834     6853.0582     6879.5085 -65.132813  72.228740   0.001274   0.001444
1 43905U 18111AF  20234.81567042  .00002173  00000-0  87193-4 0  9992 | 2 43905  97.2585 133.0615 0019227 272.4710  87.4328 15.25883096 92002 | 2020/08/21-19:34:33  131.2579    0.1239   87.6529   94.3716     6866.2719     6853.0702     6879.4737 -66.406449  71.059126   0.001347   0.001372
1 43905U 18111AF  20236.19280659  .00002727  00000-0  10869-3 0  9991 | 2 43905  97.2581 134.3987 0019201 267.0994  92.8048 15.25891381 92218 | 2020/08/23-04:37:38  267.0467    0.1239   93.0245   94.3711     6866.2471     6853.0632     6879.4310 -68.046350  69.489799   0.001438   0.001272
1 43905U 18111AF  20237.43878301  .00002620  00000-0  10453-3 0  9997 | 2 43905  97.2580 135.6087 0019198 262.2893  97.6166 15.25896573 92405 | 2020/08/24-10:31:50  355.6146    0.1239   97.8346   94.3707     6866.2315     6853.0497     6879.4133 -69.498516  68.037305   0.001515   0.001179
1 43905U 18111AF  20238.68475832  .00001814  00000-0  73210-4 0  9992 | 2 43905  97.2584 136.8185 0019235 257.6175 102.2911 15.25897975 92592 | 2020/08/25-16:26:03   84.1813    0.1239  102.5064   94.3707     6866.2273     6853.0201     6879.4345 -70.919816  66.555061   0.001586   0.001088
1 43905U 18111AF  20240.25861897  .00001355  00000-0  55407-4 0  9996 | 2 43905  97.2581 138.3468 0019272 251.5129 108.4016 15.25900272 92839 | 2020/08/27-06:12:24  290.7882    0.1239  108.6110   94.3705     6866.2204     6852.9878     6879.4530 -72.669434  64.639705   0.001671   0.000960
1 43905U 18111AF  20241.43901365  .00000748  00000-0  31833-4 0  9994 | 2 43905  97.2579 139.4929 0019282 246.9421 112.9785 15.25899881 93011 | 2020/08/28-10:32:10  355.7416    0.1238  113.1817   94.3705     6866.2216     6852.9821     6879.4610 -73.947660  63.173117   0.001727   0.000858
1 43905U 18111AF  20242.48825065  .00001122  00000-0  46352-4 0  9991 | 2 43905  97.2577 140.5114 0019291 242.7656 117.1617 15.25903845 93176 | 2020/08/29-11:43:04   13.4759    0.1238  117.3582   94.3703     6866.2097     6852.9641     6879.4553 -75.058740  61.848572   0.001772   0.000762
1 43905U 18111AF  20243.66863485  .00003218  00000-0  12762-3 0  9995 | 2 43905  97.2576 141.6576 0019344 238.3608 121.5744 15.25915721 93352 | 2020/08/30-16:02:50   78.4235    0.1238  121.7630   94.3696     6866.1741     6852.8921     6879.4560 -76.280838  60.334687   0.001818   0.000662
1 43905U 18111AF  20244.98016715  .00004025  00000-0  15888-3 0  9996 | 2 43905  97.2578 142.9313 0019402 233.2298 126.7161 15.25926575 93552 | 2020/08/31-23:31:26  190.5835    0.1239  126.8941   94.3689     6866.1415     6852.8198     6879.4632 -77.603296  58.624297   0.001864   0.000540
1 43905U 18111AF  20246.22611277  .00003923  00000-0  15489-3 0  9992 | 2 43905  97.2575 144.1409 0019441 228.3505 131.6070 15.25937140 93743 | 2020/09/02-05:25:36  279.1307    0.1238  131.7733   94.3682     6866.1098     6852.7614     6879.4582 -78.823314  56.972857   0.001898   0.000420
1 43905U 18111AF  20247.47205003 +.00003453 +00000-0 +13661-3 0  9994 | 2 43905 097.2571 145.3505 0019531 223.5628 136.4069 15.25946347093933 | 2020/09/03-11:19:45    7.6744    0.1238  136.5610   94.3677     6866.0822     6852.6721     6879.4923 -80.008114  55.295979   0.001930   0.000303
1 43905U 18111AF  20248.78355562  .00002874  00000-0  11413-3 0  9994 | 2 43905  97.2566 146.6235 0019650 218.6500 141.3334 15.25954683 94132 | 2020/09/04-18:48:19  119.8224    0.1238  141.4738   94.3672     6866.0572     6852.5654     6879.5490 -81.216417  53.504579   0.001957   0.000181
1 43905U 18111AF  20249.83275533 +.00002930 +00000-0 +11629-3 0  9992 | 2 43905 097.2565 147.6422 0019713 214.7063 145.2891 15.25961368094297 | 2020/09/05-19:59:10  137.5377    0.1238  145.4175   94.3667     6866.0371     6852.5021     6879.5722 -82.154739  52.052143   0.001970   0.000081
1 43905U 18111AF  20251.20982378  .00002704  00000-0  10749-3 0  9999 | 2 43905  97.2561 148.9792 0019828 209.4986 150.5135 15.25969127 94504 | 2020/09/07-05:02:08  273.2860    0.1237  150.6251   94.3663     6866.0139     6852.3999     6879.6278 -83.346559  50.120855   0.001982  -0.000053
1 43905U 18111AF  20252.39016263  .00002696  00000-0  10714-3 0  9993 | 2 43905  97.2559 150.1252 0019928 205.0958 154.9314 15.25975861 94687 | 2020/09/08-09:21:50  338.2103    0.1237  155.0279   94.3658     6865.9937     6852.3111     6879.6762 -84.332138  48.443787   0.001986  -0.000166
1 43905U 18111AF  20253.70164489  .00002602  00000-0  10349-3 0  9994 | 2 43905  97.2558 151.3985 0020062 200.2325 159.8120 15.25982777 94883 | 2020/09/09-16:50:22   90.3459    0.1237  159.8912   94.3654     6865.9729     6852.1984     6879.7474 -85.387718  46.557795   0.001985  -0.000292
1 43905U 18111AF  20254.94754807  .00002427  00000-0  96704-4 0  9995 | 2 43905  97.2558 152.6081 0020192 195.6377 164.4241 15.25988655 95071 | 2020/09/10-22:44:28  178.8722    0.1238  164.4861   94.3651     6865.9553     6852.0916     6879.8190 -86.351522  44.744891   0.001977  -0.000411
1 43905U 18111AF  20256.52131344 +.00002805 +00000-0 +11129-3 0  9993 | 2 43905 097.2559 154.1360 0020361 189.8975 170.1866 15.25997392095318 | 2020/09/12-12:30:41   25.4287    0.1238  170.2263   94.3645     6865.9291     6851.9494     6879.9088 -87.513976  42.426573   0.001958  -0.000560
1 43905U 18111AF  20257.76720615 +.00002709 +00000-0 +10752-3 0  9999 | 2 43905 097.2560 155.3456 0020475 185.4016 174.7005 15.26003018095503 | 2020/09/13-18:24:46  113.9505    0.1237  174.7221   94.3642     6865.9122     6851.8543     6879.9702 -88.390188  40.569746   0.001933  -0.000675
1 43905U 18111AF  20259.27538370 +.00003098 +00000-0 +12252-3 0  9991 | 2 43905 097.2558 156.8097 0020647 179.9124 180.2122 15.26012502095731 | 2020/09/15-06:36:33  296.8944    0.1237  180.2113   94.3636     6865.8838     6851.7078     6880.0598 -89.397728  38.298001   0.001897  -0.000816
1 43905U 18111AF  20260.45569075 +.00002986 +00000-0 +11817-3 0  9990 | 2 43905 097.2556 157.9556 0020765 175.7271 184.4149 15.26018708095918 | 2020/09/16-10:56:11    1.8050    0.1237  184.3966   94.3632     6865.8652     6851.6082     6880.1221 -90.145562  36.502456   0.001861  -0.000921
1 43905U 18111AF  20261.76713721 +.00002656 +00000-0 +10540-3 0  9990 | 2 43905 097.2554 159.2288 0020908 171.0952 189.0662 15.26025168096119 | 2020/09/17-18:24:40  113.9257    0.1237  189.0285   94.3628     6865.8458     6851.4907     6880.2009 -90.934193  34.490366   0.001817  -0.001035
1 43905U 18111AF  20263.53758026 +.00002334 +00000-0 +92922-4 0  9992 | 2 43905 097.2549 160.9474 0021119 164.8090 195.3787 15.26033696096389 | 2020/09/19-12:54:06   31.2853    0.1237  195.3147   94.3623     6865.8202     6851.3203     6880.3201 -91.927208  31.747505   0.001746  -0.001188
1 43905U 18111AF  20264.71787044  .00002247  00000-0  89533-4 0  9992 | 2 43905  97.2547 162.0932 0021247 160.7088 199.4960 15.26039042 96562 | 2020/09/20-17:13:44   96.1903    0.1237  199.4149   94.3619     6865.8042     6851.2164     6880.3919 -92.543480  29.902859   0.001692  -0.001285
1 43905U 18111AF  20265.76701378  .00002196  00000-0  87542-4 0  9995 | 2 43905  97.2545 163.1118 0021337 157.0449 203.1748 15.26043839 96722 | 2020/09/21-18:24:29  113.8824    0.1237  203.0788   94.3616     6865.7898     6851.1402     6880.4393 -93.060247  28.252931   0.001638  -0.001367
1 43905U 18111AF  20266.94729518  .00002891  00000-0  11431-3 0  9997 | 2 43905  97.2542 164.2576 0021468 152.9659 207.2703 15.26051866 96906 | 2020/09/22-22:44:06  178.7848    0.1238  207.1579   94.3611     6865.7657     6851.0263     6880.5051 -93.606315  26.386308   0.001576  -0.001458
1 43905U 18111AF  20268.38985192 +.00004394 +00000-0 +17223-3 0  9994 | 2 43905 097.2542 165.6580 0021589 147.9798 212.2757 15.26065311097128 | 2020/09/24-09:21:23  338.1074    0.1237  212.1439   94.3603     6865.7254     6850.9030     6880.5478 -94.223216  24.090767   0.001490  -0.001562
1 43905U 18111AF  20269.76682729 +.00004974 +00000-0 +19448-3 0  9992 | 2 43905 097.2541 166.9946 0021726 143.3154 216.9577 15.26077292097331 | 2020/09/25-18:24:13  113.8215    0.1237  216.8083   94.3596     6865.6894     6850.7730     6880.6058 -94.759421  21.886343   0.001406  -0.001657
1 43905U 18111AF  20271.53721053 +.00004353 +00000-0 +17048-3 0  9999 | 2 43905 097.2543 168.7134 0021926 137.2845 223.0103 15.26089079097603 | 2020/09/27-12:53:34   31.1640    0.1238  222.8393   94.3588     6865.6541     6850.6005     6880.7077 -95.373446  19.034300   0.001289  -0.001774
1 43905U 18111AF  20272.78302632 +.00004114 +00000-0 +16121-3 0  9991 | 2 43905 097.2544 169.9226 0022019 133.1988 227.1094 15.26097629097790 | 2020/09/28-18:47:33  119.6630    0.1237  226.9249   94.3583     6865.6284     6850.5110     6880.7459 -95.753986  17.017417   0.001203  -0.001844
1 43905U 18111AF  20274.35667398 +.00004190 +00000-0 +16409-3 0  9992 | 2 43905 097.2544 171.4504 0022111 127.8608 232.4636 15.26111833098032 | 2020/09/30-08:33:36  326.1832    0.1238  232.2630   94.3574     6865.5858     6850.4053     6880.7663 -96.173664  14.458377   0.001082  -0.001928
1 43905U 18111AF  20275.79917488 +.00003614 +00000-0 +14187-3 0  9990 | 2 43905 097.2540 172.8504 0022249 123.0167 237.3214 15.26121200098252 | 2020/10/01-19:10:48  125.4916    0.1238  237.1071   94.3569     6865.5577     6850.2826     6880.8329 -96.497808  12.104279   0.000971  -0.002002
1 43905U 18111AF  20277.37280411 +.00002188 +00000-0 +86957-4 0  9995 | 2 43905 097.2536 174.3778 0022333 117.8195 242.5311 15.26126093098490 | 2020/10/03-08:56:50  332.0093    0.1238  242.3043   94.3566     6865.5431     6850.2103     6880.8759 -96.785763   9.527790   0.000844  -0.002068
1 43905U 18111AF  20278.81529086 +.00002148 +00000-0 +85381-4 0  9995 | 2 43905 097.2535 175.7783 0022440 113.0967 247.2640 15.26132943098717 | 2020/10/04-19:34:01  131.3157    0.1238  247.0271   94.3561     6865.5225     6850.1163     6880.9288 -96.989619   7.159405   0.000726  -0.002123
1 43905U 18111AF  20280.19219984 +.00003635 +00000-0 +14252-3 0  9992 | 2 43905 097.2530 177.1147 0022535 108.5879 251.7810 15.26145977098921 | 2020/10/06-04:36:46  267.0155    0.1238  251.5359   94.3553     6865.4834     6850.0121     6880.9548 -97.129713   4.895395   0.000610  -0.002169
1 43905U 18111AF  20281.70023001  .00003921  00000-0  15345-3 0  9995 | 2 43905  97.2525 178.5786 0022566 103.5668 256.8086 15.26159673 99159 | 2020/10/07-16:48:19   89.9223    0.1238  256.5570   94.3545     6865.4424     6849.9498     6880.9349 -97.222575   2.412403   0.000475  -0.002206
1 43905U 18111AF  20283.27381343  .00003225  00000-0  12667-3 0  9996 | 2 43905  97.2524 180.1060 0022639  98.4499 261.9307 15.26170899 99399 | 2020/10/09-06:34:17  296.4307    0.1238  261.6739   94.3538     6865.4087     6849.8661     6880.9513 -97.252234  -0.179922   0.000337  -0.002239
1 43905U 18111AF  20284.71625905  .00002482  00000-0  98085-4 0  9994 | 2 43905  97.2526 181.5065 0022671  93.6963 266.6869 15.26176207 99619 | 2020/10/10-17:11:24   95.7298    0.1239  266.4276   94.3535     6865.3928     6849.8282     6880.9573 -97.218985  -2.556805   0.000206  -0.002258
1 43905U 18111AF  20286.35539185  .00002636  00000-0  10398-3 0  9991 | 2 43905  97.2528 183.0976 0022683  88.3375 272.0461 15.26185176 99861 | 2020/10/12-08:31:45  325.8417    0.1238  271.7863   94.3529     6865.3659     6849.7932     6880.9386 -97.110707  -5.255248   0.000057  -0.002268
1 43905U 18111AF  20287.66669444 +.00001661 +00000-0 +66527-4 0  9991 | 2 43905 097.2528 184.3701 0022720 083.8736 276.5090 15.26187593100061 | 2020/10/13-16:00:02   77.9316    0.1238  276.2502   94.3528     6865.3586     6849.7605     6880.9567 -96.970052  -7.410537  -0.000070  -0.002271
1 43905U 18111AF  20288.84686441 +.00001425 +00000-0 +57467-4 0  9999 | 2 43905 097.2529 185.5158 0022686 080.1050 280.2748 15.26189959100241 | 2020/10/14-20:19:29  142.8132    0.1239  280.0189   94.3526     6865.3515     6849.7768     6880.9263 -96.802593  -9.347972  -0.000173  -0.002262
1 43905U 18111AF  20290.42042055 +.00001323 +00000-0 +53534-4 0  9991 | 2 43905 097.2527 187.0434 0022659 075.0028 285.3717 15.26193571100484 | 2020/10/16-10:05:24  349.3220    0.1239  285.1211   94.3524     6865.3407     6849.7845     6880.8969 -96.518788 -11.925236  -0.000314  -0.002244
1 43905U 18111AF  20291.79727837 +.00001389 +00000-0 +56076-4 0  9996 | 2 43905 097.2525 188.3799 0022621 070.4975 289.8705 15.26197434100690 | 2020/10/17-19:08:04  125.0180    0.1240  289.6265   94.3521     6865.3291     6849.7991     6880.8592 -96.214186 -14.173188  -0.000436  -0.002220
1 43905U 18111AF  20292.84631122 +.00001280 +00000-0 +51903-4 0  9998 | 2 43905 097.2525 189.3983 0022568 067.0969 293.2649 15.26199300100859 | 2020/10/18-20:18:41  142.6916    0.1240  293.0271   94.3520     6865.3235     6849.8299     6880.8172 -95.947080 -15.881011  -0.000527  -0.002194
1 43905U 18111AF  20294.35429163 +.00001528 +00000-0 +61402-4 0  9996 | 2 43905 097.2524 190.8620 0022514 062.1327 298.2189 15.26204415101082 | 2020/10/20-08:30:10  325.5973    0.1240  297.9913   94.3517     6865.3082     6849.8516     6880.7647 -95.510017 -18.326645  -0.000658  -0.002153
1 43905U 18111AF  20296.58347155 +.00001715 +00000-0 +68597-4 0  9993 | 2 43905 097.2522 193.0258 0022394 054.8000 305.5332 15.26211480101424 | 2020/10/22-14:00:11   48.1539    0.1240  305.3240   94.3513     6865.2870     6849.9129     6880.6611 -94.749772 -21.919652  -0.000845  -0.002074
1 43905U 18111AF  20297.76362140 +.00001683 +00000-0 +67364-4 0  9990 | 2 43905 097.2522 194.1714 0022340 050.8666 309.4554 15.26214794101608 | 2020/10/23-18:19:36  113.0367    0.1240  309.2574   94.3511     6865.2771     6849.9400     6880.6141 -94.292590 -23.809618  -0.000943  -0.002025
1 43905U 18111AF  20299.33714870 +.00001874 +00000-0 +74675-4 0  9991 | 2 43905 097.2521 195.6988 0022246 045.6612 314.6445 15.26220854101841 | 2020/10/25-08:05:29  319.5463    0.1240  314.4628   94.3507     6865.2589     6849.9864     6880.5313 -93.624345 -26.314501  -0.001066  -0.001952
1 43905U 18111AF  20300.58285328 +.00001891 +00000-0 +75304-4 0  9991 | 2 43905 097.2520 196.9080 0022152 041.5171 318.7745 15.26225303102032 | 2020/10/26-13:59:18   48.0327    0.1240  318.6069   94.3504     6865.2455     6850.0377     6880.4534 -93.048086 -28.284362  -0.001160  -0.001887
1 43905U 18111AF  20301.69742780 +.00001774 +00000-0 +70847-4 0  9991 | 2 43905 097.2519 197.9899 0022061 037.7931 322.4852 15.26228728102203 | 2020/10/27-16:44:17   89.3095    0.1240  322.3309   94.3502     6865.2353     6850.0899     6880.3807 -92.497349 -30.036185  -0.001241  -0.001824
1 43905U 18111AF  20303.27093894  .00001868  00000-0  74432-4 0  9990 | 2 43905  97.2519 199.5172 0021929  32.5280 327.7305 15.26235159102440 | 2020/10/29-06:30:09  295.8169    0.1240  327.5960   94.3498     6865.2160     6850.1613     6880.2707 -91.663927 -32.490870  -0.001349  -0.001729
1 43905U 18111AF  20304.45106794  .00001785  00000-0  71261-4 0  9990 | 2 43905  97.2517 200.6628 0021813  28.5614 331.6814 15.26239324102623 | 2020/10/30-10:49:32    0.6967    0.1239  331.5625   94.3496     6865.2035     6850.2284     6880.1786 -90.995822 -34.316957  -0.001425  -0.001652
1 43905U 18111AF  20305.76231862  .00001701  00000-0  68019-4 0  9995 | 2 43905  97.2517 201.9355 0021709  24.0885 336.1364 15.26243876102828 | 2020/10/31-18:17:44  112.7846    0.1240  336.0355   94.3493     6865.1899     6850.2862     6880.0935 -90.211161 -36.329597  -0.001507  -0.001562
1 43905U 18111AF  20306.87687642 +.00002119 +00000-0 +84027-4 0  9990 | 2 43905 097.2517 203.0173 0021602 020.3137 339.8956 15.26250821102993 | 2020/11/01-21:02:42  154.0577    0.1240  339.8103   94.3488     6865.1690     6850.3389     6879.9992 -89.509184 -38.026295  -0.001571  -0.001482
1 43905U 18111AF  20308.18811751  .00001963  00000-0  78042-4 0  9992 | 2 43905  97.2516 204.2901 0021464  15.8221 344.3683 15.26255372103190 | 2020/11/03-04:30:53  266.1430    0.1240  344.3019   94.3486     6865.1554     6850.4200     6879.8907 -88.642341 -40.005114  -0.001642  -0.001383
1 43905U 18111AF  20309.43379443  .00001664  00000-0  66593-4 0  9994 | 2 43905  97.2515 205.4992 0021335  11.5233 348.6489 15.26258193103381 | 2020/11/04-10:24:39  354.6236    0.1240  348.6007   94.3484     6865.1469     6850.5001     6879.7937 -87.778357 -41.866624  -0.001703  -0.001285
1 43905U 18111AF  20310.67946727  .00001554  00000-0  62379-4 0  9993 | 2 43905  97.2515 206.7083 0021200   7.2249 352.9291 15.26262030103571 | 2020/11/05-16:18:25   83.1027    0.1240  352.8991   94.3482     6865.1354     6850.5813     6879.6895 -86.875377 -43.709532  -0.001759  -0.001183
1 43905U 18111AF  20312.12181978  .00001921  00000-0  76430-4 0  9995 | 2 43905  97.2514 208.1083 0021039   2.1881 357.9446 15.26269289103796 | 2020/11/07-02:55:25  242.3926    0.1240  357.9359   94.3477     6865.1136     6850.6701     6879.5572 -85.781436 -45.818992  -0.001817  -0.001061
1 43905U 18111AF  20315.98990928 +.00005497 +00000+0 +21337-3 0  9991 | 2 43905  97.2512 211.8633 0020573 348.7427  11.3349 15.26301019104380 | 2020/11/10-23:45:28  195.0175    0.1241   11.3814   94.3457     6865.0185     6850.8951     6879.1419 -82.596416 -51.338367  -0.001926  -0.000724
1 43905U 18111AF  20317.43222819 +.00003397 +00000+0 +13293-3 0  9999 | 2 43905  97.2514 213.2631 0020389 343.5238  16.5336 15.26307262104608 | 2020/11/12-10:22:24  354.2943    0.1241   16.6003   94.3454     6864.9998     6851.0027     6878.9968 -81.317806 -53.340878  -0.001952  -0.000589
1 43905U 18111AF  20318.67786441 +.00002427 +00000-0 +95764-4 0  9990 | 2 43905 097.2514 214.4721 0020258 339.0352 021.0054 15.26310137104796 | 2020/11/13-16:16:07   82.7589    0.1240   21.0888   94.3452     6864.9912     6851.0841     6878.8983 -80.174239 -55.044765  -0.001970  -0.000473
1 43905U 18111AF  20319.79237719 +.00001945 +00000-0 +77314-4 0  9998 | 2 43905 097.2513 215.5542 0020181 334.9343 025.0914 15.26313323104965 | 2020/11/14-19:01:01  124.0148    0.1240   25.1897   94.3450     6864.9816     6851.1274     6878.8358 -79.120334 -56.548988  -0.001984  -0.000367
1 43905U 18111AF  20320.84132766 +.00001816 +00000-0 +72338-4 0  9990 | 2 43905 097.2513 216.5725 0020069 331.0590 028.9535 15.26316768105122 | 2020/11/15-20:11:30  141.6658    0.1241   29.0651   94.3448     6864.9713     6851.1940     6878.7486 -78.102864 -57.946164  -0.001989  -0.000267
1 43905U 18111AF  20322.21807194 +.00001687 +00000-0 +67406-4 0  9993 | 2 43905 097.2513 217.9089 0019920 326.0357 033.9605 15.26321089105338 | 2020/11/17-05:14:01  277.3306    0.1240   34.0883   94.3445     6864.9583     6851.2833     6878.6333 -76.730172 -59.751954  -0.001987  -0.000137
1 43905U 18111AF  20323.46369225 +.00001900 +00000-0 +75564-4 0  9991 | 2 43905 097.2513 219.1181 0019804 321.4154 038.5668 15.26327230105525 | 2020/11/18-11:07:43    5.7865    0.1240   38.7086   94.3441     6864.9399     6851.3446     6878.5352 -75.452142 -61.357881  -0.001980  -0.000018
1 43905U 18111AF  20324.70929940  .00004607  00000-0  17915-3 0  9997 | 2 43905  97.2507 220.3273 0019644 316.8057  43.1640 15.26347324105715 | 2020/11/19-17:01:23   94.2361    0.1240   43.3183   94.3429     6864.8797     6851.3943     6878.3650 -74.140050 -62.936092  -0.001962   0.000098
1 43905U 18111AF  20326.02045183  .00006358  00000-0  24602-3 0  9998 | 2 43905  97.2504 221.6002 0019474 312.0276  47.9305 15.26365767105911 | 2020/11/21-00:29:27  206.2820    0.1240   48.0964   94.3417     6864.8244     6851.4558     6878.1929 -72.723438 -64.567344  -0.001935   0.000216
1 43905U 18111AF  20327.46270007  .00009875  00000-0  38014-3 0  9991 | 2 43905  97.2504 223.0004 0019320 306.4779  53.4679 15.26392431106133 | 2020/11/22-11:06:17    5.5250    0.1239   53.6460   94.3401     6864.7444     6851.4817     6878.0071 -71.123977 -66.325110  -0.001900   0.000353
1 43905U 18111AF  20328.77381021  .00009722  00000-0  37402-3 0  9996 | 2 43905  97.2507 224.2733 0019214 301.5480  58.3883 15.26420112106336 | 2020/11/23-18:34:17  117.5535    0.1240   58.5760   94.3384     6864.6614     6851.4717     6877.8512 -69.633263 -67.888933  -0.001863   0.000471
1 43905U 18111AF  20330.47823652 +.00003639 +00000-0 +14180-3 0  9996 | 2 43905 097.2510 225.9279 0019094 295.1090 064.8167 15.26428655106599 | 2020/11/25-11:28:39   11.1830    0.1239   65.0149   94.3379     6864.6358     6851.5285     6877.7431 -67.644200 -69.871448  -0.001806   0.000620
1 43905U 18111AF  20331.65821832 +.00002693 +00000-0 +10563-3 0  9995 | 2 43905 097.2511 227.0734 0019052 290.6194 069.3001 15.26433607106778 | 2020/11/26-15:47:50   76.0002    0.1239   69.5045   94.3375     6864.6210     6851.5425     6877.6994 -66.233920 -71.209861  -0.001763   0.000723
1 43905U 18111AF  20332.70708659 +.00002941 +00000-0 +11511-3 0  9993 | 2 43905 097.2511 228.0917 0019007 286.5588 073.3563 15.26440234106933 | 2020/11/27-16:58:12   93.6127    0.1239   73.5651   94.3371     6864.6011     6851.5535     6877.6486 -64.957936 -72.375707  -0.001718   0.000814
1 43905U 18111AF  20334.28038125  .00002966  00000-0  11603-3 0  9991 | 2 43905  97.2511 229.6191 0018943 280.4434  79.4670 15.26449796107170 | 2020/11/29-06:43:44  300.0268    0.1239   79.6805   94.3365     6864.5724     6851.5689     6877.5760 -63.005681 -74.081446  -0.001642   0.000945
1 43905U 18111AF  20335.46034568  .00002885  00000-0  11289-3 0  9999 | 2 43905  97.2509 230.7645 0018905 275.9149  83.9935 15.26456818107351 | 2020/11/30-11:02:53    4.8336    0.1239   84.2090   94.3361     6864.5514     6851.5739     6877.5288 -61.512102 -75.325951  -0.001580   0.001038
1 43905U 18111AF  20336.77141010  .00003268  00000-0  12749-3 0  9993 | 2 43905  97.2508 232.0374 0018885 270.7861  89.1215 15.26466585107558 | 2020/12/01-18:30:49  116.8369    0.1240   89.3379   94.3355     6864.5221     6851.5584     6877.4857 -59.823535 -76.673743  -0.001505   0.001141
1 43905U 18111AF  20338.14800809  .00012809  00000-0  49059-3 0  9999 | 2 43905  97.2485 233.3753 0018981 264.9836  94.9236 15.26499586107768 | 2020/12/03-03:33:07  252.4315    0.1239   95.1403   94.3335     6864.4232     6851.3938     6877.4525 -58.015626 -78.047792  -0.001418   0.001261
1 43905U 18111AF  20339.52458296  .00009421  00000-0  36146-3 0  9990 | 2 43905  97.2502 234.7109 0018790 259.9825  99.9294 15.26524487107979 | 2020/12/04-12:35:23   28.0150    0.1239  100.1414   94.3319     6864.3485     6851.4504     6877.2466 -56.181669 -79.380233  -0.001322   0.001336
1 43905U 18111AF  20340.83558304  .00009741  00000-0  37335-3 0  9993 | 2 43905  97.2500 235.9839 0018768 254.8848 105.0315 15.26551297108179 | 2020/12/05-20:03:14  139.9898    0.1239  105.2391   94.3303     6864.2681     6851.3853     6877.1510 -54.404163 -80.608620  -0.001228   0.001419
1 43905U 18111AF  20342.27765905  .00009396  00000-0  35993-3 0  9994 | 2 43905  97.2500 237.3841 0018786 249.2060 110.7167 15.26577891108392 | 2020/12/07-06:39:49  299.1520    0.1239  110.9179   94.3286     6864.1884     6851.2933     6877.0835 -52.418193 -81.913952  -0.001120   0.001508
1 43905U 18111AF  20344.17854167  .00007999  00000-0  30659-3 0  9995 | 2 43905  97.2504 239.2301 0018822 241.7763 118.1576 15.26609143108680 | 2020/12/09-04:17:06  263.4861    0.1238  118.3475   94.3267     6864.0947     6851.1751     6877.0143 -49.752482 -83.560342  -0.000970   0.001613
1 43905U 18111AF  20345.22728834  .00009794  00000-0  37448-3 0  9991 | 2 43905  97.2508 240.2484 0018844 237.6953 122.2462 15.26628547108844 | 2020/12/10-05:27:17  281.0427    0.1239  122.4286   94.3255     6864.0366     6851.1020     6876.9712 -48.259810 -84.431682  -0.000883   0.001665
1 43905U 18111AF  20346.47266015  .00009347  00000-0  35731-3 0  9994 | 2 43905  97.2511 241.4576 0018869 232.9330 127.0184 15.26647670109031 | 2020/12/11-11:20:37    9.3849    0.1238  127.1908   94.3243     6863.9792     6851.0276     6876.9309 -46.467448 -85.431567  -0.000779   0.001718
1 43905U 18111AF  20347.71801577  .00007604  00000-0  29111-3 0  9999 | 2 43905  97.2514 242.6669 0018922 228.2158 131.7465 15.26665530109226 | 2020/12/12-17:13:56   97.7203    0.1238  131.9080   94.3232     6863.9257     6850.9378     6876.9136 -44.654229 -86.393487  -0.000674   0.001768
1 43905U 18111AF  20348.96335634  .00006851  00000-0  26243-3 0  9999 | 2 43905  97.2514 243.8764 0018979 223.4102 136.5643 15.26682921109418 | 2020/12/13-23:07:13  186.0486    0.1238  136.7136   94.3221     6863.8736     6850.8466     6876.9005 -42.820669 -87.316809  -0.000564   0.001812
1 43905U 18111AF  20350.27422889  .00005774  00000-0  22150-3 0  9991 | 2 43905  97.2512 245.1496 0019082 218.4542 141.5338 15.26696687109614 | 2020/12/15-06:34:53  297.9681    0.1238  141.6696   94.3213     6863.8323     6850.7348     6876.9299 -40.869860 -88.246532  -0.000449   0.001855
1 43905U 18111AF  20351.38846526  .00004306  00000-0  16588-3 0  9990 | 2 43905  97.2509 246.2318 0019196 214.2052 145.7952 15.26702356109788 | 2020/12/16-09:19:23  339.0968    0.1238  145.9186   94.3209     6863.8153     6850.6396     6876.9911 -39.195752 -89.002419  -0.000348   0.001888
1 43905U 18111AF  20352.50269264  .00005085  00000-0  19530-3 0  9998 | 2 43905  97.2506 247.3141 0019284 210.0243 149.9892 15.26714603109951 | 2020/12/17-12:03:52   20.2215    0.1238  150.0995   94.3202     6863.7786     6850.5425     6877.0147 -37.507514 -89.726616  -0.000246   0.001913
1 43905U 18111AF  20353.81354115  .00003832  00000-0  14782-3 0  9995 | 2 43905  97.2504 248.5873 0019347 205.1163 154.9137 15.26723077110157 | 2020/12/18-19:31:29  132.1293    0.1238  155.0075   94.3197     6863.7532     6850.4739     6877.0325 -35.504482 -90.537683  -0.000125   0.001931
1 43905U 18111AF  20354.99329598  .00004709  00000-0  18093-3 0  9995 | 2 43905  97.2503 249.7333 0019454 200.7988 159.2461 15.26734782110338 | 2020/12/19-23:50:20  196.8430    0.1237  159.3249   94.3189     6863.7182     6850.3655     6877.0708 -33.686580 -91.229574  -0.000018   0.001945
1 43905U 18111AF  20356.17304043  .00006023  00000-0  23051-3 0  9996 | 2 43905  97.2502 250.8792 0019561 196.3782 163.6828 15.26750318110519 | 2020/12/21-04:09:10  261.5518    0.1238  163.7456   94.3180     6863.6716     6850.2456     6877.0976 -31.855365 -91.884912   0.000094   0.001954
1 43905U 18111AF  20357.41831190  .00008231  00000-0  31371-3 0  9999 | 2 43905  97.2502 252.0886 0019683 191.7093 168.3691 15.26770659110707 | 2020/12/22-10:02:22  349.8501    0.1238  168.4145   94.3167     6863.6106     6850.1010     6877.1203 -29.908905 -92.536797   0.000213   0.001957
1 43905U 18111AF  20358.46694942  .00008888  00000-0  33831-3 0  9998 | 2 43905  97.2503 253.1070 0019800 187.8760 172.2171 15.26787979110860 | 2020/12/23-11:12:24    7.3601    0.1238  172.2478   94.3156     6863.5587     6849.9689     6877.1486 -28.259507 -93.053861   0.000310   0.001956
1 43905U 18111AF  20359.51557441  .00007758  00000-0  29551-3 0  9996 | 2 43905  97.2506 254.1255 0019879 184.0745 176.0336 15.26804257111020 | 2020/12/24-12:22:25   24.8652    0.1238  176.0493   94.3146     6863.5099     6849.8660     6877.1539 -26.601069 -93.541768   0.000407   0.001946
1 43905U 18111AF  20360.69526267  .00006895  00000-0  26282-3 0  9998 | 2 43905  97.2508 255.2713 0019995 179.8084 180.3166 15.26823187111202 | 2020/12/25-16:41:10   89.5530    0.1237  180.3153   94.3135     6863.4532     6849.7297     6877.1767 -24.725279 -94.055189   0.000515   0.001932
1 43905U 18111AF  20362.46478068  .00005099  00000-0  19500-3 0  9990 | 2 43905  97.2510 256.9900 0020209 173.4513 186.6994 15.26837461111475 | 2020/12/27-11:09:17    6.5792    0.1238  186.6725   94.3126     6863.4104     6849.5402     6877.2807 -21.893253 -94.754644   0.000677   0.001904
1 43905U 18111AF  20363.77551827  .00006425  00000-0  24481-3 0  9998 | 2 43905  97.2509 258.2632 0020319 168.8124 191.3571 15.26855973111672 | 2020/12/28-18:36:44  118.4447    0.1238  191.3114   94.3114     6863.3550     6849.4093     6877.3006 -19.782408 -95.217613   0.000791   0.001871
1 43905U 18111AF  20365.47946449  .00002363  00000-0  91750-4 0  9996 | 2 43905  97.2507 259.9184 0020502 162.8381 197.3555 15.26862677111939 | 2020/12/30-11:30:25   11.8655    0.1237  197.2856   94.3110     6863.3349     6849.2637     6877.4061 -17.023789 -95.749095   0.000939   0.001823
1 43905U 18111AF  20366.79018704  .00001927  00000-0  75325-4 0  9991 | 2 43905  97.2506 261.1918 0020640 158.3041 201.9077 15.26867367112139 | 2020/12/31-18:57:52  123.7259    0.1238  201.8197   94.3107     6863.3208     6849.1549     6877.4867 -14.891719 -96.103673   0.001048   0.001778
1 43905U 18111AF  21002.16644194  .00001626  00000-0  63967-4 0  9993 | 2 43905  97.2507 262.5287 0020728 153.6255 206.6044 15.26870961112349 | 2021/01/02-03:59:40  259.1792    0.1238  206.4983   94.3105     6863.3100     6849.0838     6877.5363 -12.645465 -96.425053   0.001154   0.001722
1 43905U 18111AF  21003.28055053  .00001461  00000-0  57740-4 0  9996 | 2 43905  97.2506 263.6110 0020841 149.7931 210.4514 15.26873908112516 | 2021/01/03-06:43:59  300.2595    0.1237  210.3306   94.3103     6863.3012     6848.9974     6877.6050 -10.821866 -96.646606   0.001242   0.001673
1 43905U 18111AF  21004.46019225  .00001404  00000-0  55576-4 0  9990 | 2 43905  97.2505 264.7568 0020955 145.7851 214.4743 15.26877290112692 | 2021/01/04-11:02:40    4.9326    0.1238  214.3387   94.3101     6863.2911     6848.9090     6877.6731  -8.887085 -96.843583   0.001332   0.001618
1 43905U 18111AF  21005.70536678  .00001383  00000-0  54780-4 0  9996 | 2 43905  97.2504 265.9664 0021065 141.5824 218.6920 15.26880895112887 | 2021/01/05-16:55:43   93.1981    0.1238  218.5414   94.3099     6863.2803     6848.8228     6877.7378  -6.840735 -97.009508   0.001422   0.001554
1 43905U 18111AF  21007.14714310  .00001483  00000-0  58532-4 0  9997 | 2 43905  97.2504 267.3669 0021194 136.7206 223.5703 15.26885820113104 | 2021/01/07-03:31:53  252.2416    0.1238  223.4032   94.3096     6863.2655     6848.7195     6877.8115  -4.467692 -97.147723   0.001522   0.001475
1 43905U 18111AF  21008.26123465  .00005250  00000-0  20018-3 0  9999 | 2 43905  97.2501 268.4490 0021215 132.8868 227.4157 15.26898558113276 | 2021/01/08-06:16:10  293.3190    0.1238  227.2370   94.3088     6863.2273     6848.6670     6877.7877  -2.632244 -97.214470   0.001593   0.001401
1 43905U 18111AF  21009.70299752  .00001044  00000-0  41998-4 0  9990 | 2 43905  97.2504 269.8497 0021366 128.0689 232.2481 15.26899233113495 | 2021/01/09-16:52:18   92.3595    0.1237  232.0548   94.3088     6863.2253     6848.5613     6877.8893  -0.255110 -97.250065   0.001686   0.001313
1 43905U 18111AF  21010.75155048  .00000955  00000-0  38629-4 0  9993 | 2 43905  97.2502 270.8682 0021464 124.5869 235.7399 15.26901251113659 | 2021/01/10-18:02:13  109.8438    0.1238  235.5369   94.3087     6863.2193     6848.4881     6877.9505   1.473571 -97.239035   0.001748   0.001245
1 43905U 18111AF  21012.19330753  .00001024  00000-0  41214-4 0  9993 | 2 43905  97.2503 272.2687 0021563 119.8078 240.5309 15.26904781113870 | 2021/01/12-04:38:21  268.8850    0.1239  240.3161   94.3084     6863.2087     6848.4096     6878.0078   3.849744 -97.174072   0.001827   0.001145
1 43905U 18111AF  21013.43845893  .00001022  00000-0  41144-4 0  9997 | 2 43905  97.2503 273.4782 0021618 115.6997 244.6478 15.26907420114061 | 2021/01/13-10:31:22  357.1485    0.1239  244.4242   94.3083     6863.2008     6848.3639     6878.0376   5.900055 -97.071160   0.001887   0.001054
1 43905U 18111AF  21014.68360839  .00000933  00000-0  37774-4 0  9991 | 2 43905  97.2502 274.6877 0021681 111.6090 248.7462 15.26909475114259 | 2021/01/14-16:24:23   85.4123    0.1239  248.5149   94.3081     6863.1946     6848.3145     6878.0747   7.947729 -96.924894   0.001944   0.000961
1 43905U 18111AF  21016.19089128  .00000889  00000-0  36116-4 0  9997 | 2 43905  97.2501 276.1519 0021749 106.6721 253.6908 15.26912347114485 | 2021/01/16-04:34:53  268.0479    0.1239  253.4518   94.3080     6863.1860     6848.2593     6878.1128  10.421780 -96.690064   0.002005   0.000844
1 43905U 18111AF  21017.43603552  .00000955  00000-0  38604-4 0  9996 | 2 43905  97.2500 277.3613 0021786 102.5835 257.7842 15.26915260114674 | 2021/01/17-10:27:53  356.3129    0.1238  257.5403   94.3078     6863.1773     6848.2252     6878.1294  12.460229 -96.448459   0.002048   0.000743
1 43905U 18111AF  21018.68117118  .00002652  00000-0  10236-3 0  9998 | 2 43905  97.2493 278.5711 0021918  98.4329 261.9396 15.26925815114864 | 2021/01/18-16:20:53   84.5744    0.1239  261.6910   94.3071     6863.1457     6848.1030     6878.1883  14.493705 -96.163189   0.002096   0.000641
1 43905U 18111AF  21020.18843689  .00002117  00000-0  82253-4 0  9990 | 2 43905  97.2499 280.0352 0021952  93.3203 267.0548 15.26930230115091 | 2021/01/20-04:31:20  267.2090    0.1239  266.8036   94.3069     6863.1324     6848.0665     6878.1984  16.946103 -95.762063   0.002136   0.000507
1 43905U 18111AF  21021.36802916  .00003068  00000-0  11793-3 0  9995 | 2 43905  97.2496 281.1811 0021978  89.7044 270.6714 15.26939724115272 | 2021/01/21-08:49:57  331.8783    0.1240  270.4196   94.3063     6863.1040     6848.0203     6878.1877  18.857743 -95.403722   0.002158   0.000415
1 43905U 18111AF  21022.80974878  .00001737  00000-0  67955-4 0  9995 | 2 43905  97.2495 282.5811 0021960  84.9735 275.4011 15.26943036115499 | 2021/01/22-19:26:02  130.9196    0.1240  275.1505   94.3061     6863.0941     6848.0227     6878.1654  21.183013 -94.914410   0.002177   0.000289
1 43905U 18111AF  21024.18593236  .00000980  00000-0  39525-4 0  9994 | 2 43905  97.2496 283.9178 0021918  80.4460 279.9255 15.26945014115701 | 2021/01/24-04:27:44  266.3685    0.1240  279.6780   94.3059     6863.0881     6848.0456     6878.1306  23.391408 -94.394527   0.002185   0.000167
1 43905U 18111AF  21025.43104797  .00001105  00000-0  44194-4 0  9991 | 2 43905  97.2496 285.1271 0021896  76.3587 284.0089 15.26948507115890 | 2021/01/25-10:20:42  354.6320    0.1240  283.7653   94.3057     6863.0777     6848.0503     6878.1051  25.378366 -93.879834   0.002189   0.000057
1 43905U 18111AF  21027.13488456  .00001330  00000-0  52646-4 0  9998 | 2 43905  97.2496 286.7821 0021856  70.7978 289.5624 15.26954162116155 | 2021/01/27-03:14:14  248.0449    0.1240  289.3262   94.3054     6863.0607     6848.0608     6878.0606  28.079140 -93.107715   0.002184  -0.000092
1 43905U 18111AF  21028.44552339  .00001549  00000-0  60851-4 0  9994 | 2 43905  97.2495 288.0552 0021805  66.4667 293.8860 15.26959199116358 | 2021/01/28-10:41:33  359.9011    0.1240  293.6573   94.3051     6863.0456     6848.0808     6878.0105  30.140841 -92.460775   0.002171  -0.000208
1 43905U 18111AF  21029.69062804  .00001279  00000-0  50711-4 0  9999 | 2 43905  97.2494 289.2646 0021754  62.3811 297.9634 15.26961342116541 | 2021/01/29-16:34:30   88.1648    0.1240  297.7429   94.3049     6863.0392     6848.1094     6877.9691  32.085612 -91.803918   0.002152  -0.000316
1 43905U 18111AF  21031.65656451  .00001077  00000-0  43135-4 0  9993 | 2 43905  97.2507 291.1740 0021584  55.0592 305.2671 15.26979435116848 | 2021/01/31-15:45:27   75.9485    0.1240  305.0648   94.3038     6862.9850     6848.1719     6877.7981  35.127095 -90.685092   0.002096  -0.000514
1 43905U 18111AF  21033.22929313  .00006529  00000-0  24740-3 0  9995 | 2 43905  97.2484 292.7022 0021616  50.8674 309.4483 15.27003367117089 | 2021/02/02-05:30:10  282.1634    0.1241  309.2567   94.3023     6862.9133     6848.0784     6877.7482  37.532190 -89.713912   0.002073  -0.000611
1 43905U 18111AF  21034.47435723  .00005571  00000-0  21146-3 0  9993 | 2 43905  97.2483 293.9114 0021548  46.8780 313.4257 15.27015384117277 | 2021/02/03-11:23:04   10.4164    0.1240  313.2460   94.3016     6862.8773     6848.0892     6877.6654  39.417020 -88.901802   0.002035  -0.000709
1 43905U 18111AF  21035.52282198  .00006392  00000-0  24213-3 0  9996 | 2 43905  97.2482 294.9297 0021478  43.4141 316.8785 15.27030067117431 | 2021/02/04-12:32:51   27.8900    0.1240  316.7099   94.3007     6862.8333     6848.0933     6877.5733  40.990693 -88.187162   0.001996  -0.000793
1 43905U 18111AF  21036.70233785  .00003758  00000-0  14349-3 0  9997 | 2 43905  97.2484 296.0752 0021379  39.3986 320.8803 15.27036656117619 | 2021/02/05-16:51:21   92.5465    0.1240  320.7254   94.3003     6862.8135     6848.1415     6877.4856  42.745576 -87.350255   0.001945  -0.000887
1 43905U 18111AF  21038.47160780  .00002765  00000-0  10628-3 0  9990 | 2 43905  97.2483 297.7937 0021228  33.4590 326.7986 15.27042002117888 | 2021/02/07-11:19:06    9.5303    0.1241  326.6651   94.3000     6862.7975     6848.2292     6877.3659  45.345849 -86.028983   0.001861  -0.001021
1 43905U 18111AF  21039.65111781  .00001604  00000-0  62815-4 0  9995 | 2 43905  97.2482 298.9393 0021137  29.2875 330.9544 15.27041841118062 | 2021/02/08-15:37:36   74.1866    0.1240  330.8365   94.3000     6862.7980     6848.2921     6877.3039  47.056728 -85.105093   0.001797  -0.001113
1 43905U 18111AF  21040.69956591  .00004960  00000-0  18845-3 0  9998 | 2 43905  97.2487 299.9576 0021112  25.7037 334.5247 15.27051860118225 | 2021/02/09-16:47:22   91.6565    0.1241  334.4204   94.2994     6862.7680     6848.2793     6877.2567  48.562012 -84.255805   0.001743  -0.001191
1 43905U 18111AF  21041.94459313  .00002336  00000-0  90196-4 0  9992 | 2 43905  97.2489 301.1671 0020940  21.7255 338.4868 15.27055561118410 | 2021/02/10-22:40:12  179.9001    0.1241  338.3986   94.2991     6862.7569     6848.3863     6877.1275  50.329784 -83.212147   0.001670  -0.001263
1 43905U 18111AF  21043.51724958  .00002876  00000-0  11041-3 0  9997 | 2 43905  97.2485 302.6947 0020765  16.2914 343.8988 15.27066184118656 | 2021/02/12-12:24:50   26.1010    0.1240  343.8326   94.2985     6862.7251     6848.4746     6876.9755  52.529991 -81.840521   0.001567  -0.001363
1 43905U 18111AF  21044.95883979  .00005054  00000-0  19183-3 0  9991 | 2 43905  97.2482 304.0950 0020608  11.3490 348.8209 15.27082323118872 | 2021/02/13-23:00:43  185.1144    0.1240  348.7750   94.2975     6862.6767     6848.5341     6876.8193  54.514106 -80.532135   0.001468  -0.001446
1 43905U 18111AF  21046.46594353  .00003695  00000-0  14096-3 0  9991 | 2 43905  97.2475 305.5590 0020432   6.2073 353.9416 15.27092603119101 | 2021/02/15-11:10:57    7.7142    0.1241  353.9168   94.2968     6862.6459     6848.6242     6876.6677  56.553406 -79.112505   0.001361  -0.001524
1 43905U 18111AF  21047.57988634  .00003943  00000-0  15022-3 0  9999 | 2 43905  97.2473 306.6408 0020318   2.2818 357.8510 15.27099927119277 | 2021/02/16-13:55:02   48.7658    0.1240  357.8422   94.2964     6862.6240     6848.6805     6876.5675  58.036839 -78.030524   0.001277  -0.001581
1 43905U 18111AF  21048.62830175  .00001979  00000-0  76769-4 0  9995 | 2 43905  97.2470 307.6591 0020211 358.7036   1.4147 15.27098208119438 | 2021/02/17-15:04:45   66.2250    0.1240    1.4204   94.2965     6862.6291     6848.7591     6876.4992  59.414229 -76.986547   0.001198  -0.001628
1 43905U 18111AF  21050.13539404  .00001252  00000-0  49547-4 0  9993 | 2 43905  97.2474 309.1226 0020075 353.2589   6.8378 15.27100392119663 | 2021/02/19-03:14:58  248.8217    0.1242    6.8653   94.2964     6862.6226     6848.8459     6876.3993  61.361346 -75.444298   0.001075  -0.001695
1 43905U 18111AF  21051.18380312  .00001311  00000-0  51768-4 0  9995 | 2 43905  97.2473 310.1408 0019942 349.4885  10.5935 15.27103950119825 | 2021/02/20-04:24:40  266.2789    0.1241   10.6356   94.2961     6862.6119     6848.9265     6876.2974  62.692238 -74.341917   0.000986  -0.001733
1 43905U 18111AF  21052.69086891  .00005879  00000-0  22247-3 0  9999 | 2 43905  97.2473 311.6045 0019760 344.2052  15.8569 15.27133112120056 | 2021/02/21-16:34:51   88.8642    0.1241   15.9189   94.2943     6862.5246     6848.9642     6876.0849  64.570743 -72.716274   0.000860  -0.001779
1 43905U 18111AF  21054.46000123  .00007881  00000-0  29695-3 0  9999 | 2 43905  97.2474 313.3226 0019500 337.8952  22.1444 15.27167586120321 | 2021/02/23-11:02:24    5.8000    0.1240   22.2288   94.2922     6862.4213     6849.0396     6875.8030  66.721963 -70.747696   0.000706  -0.001818
1 43905U 18111AF  21056.16357929  .00007475  00000-0  28160-3 0  9992 | 2 43905  97.2475 314.9772 0019320 331.7820  28.2371 15.27195159120583 | 2021/02/25-03:55:33  259.1331    0.1241   28.3421   94.2905     6862.3387     6849.0807     6875.5967  68.736998 -68.791725   0.000557  -0.001850
1 43905U 18111AF  21057.47400171  .00007945  00000-0  29897-3 0  9995 | 2 43905  97.2473 316.2502 0019131 326.9181  33.0861 15.27217992120783 | 2021/02/26-11:22:33   10.9187    0.1241   33.2060   94.2891     6862.2703     6849.1421     6875.3985  70.248180 -67.247532   0.000436  -0.001863
1 43905U 18111AF  21058.52232811  .00006907  00000-0  26017-3 0  9994 | 2 43905  97.2469 317.2686 0019009 323.0415  36.9513 15.27232085120948 | 2021/02/27-12:32:09   28.3425    0.1240   37.0825   94.2882     6862.2281     6849.1837     6875.2725  71.432013 -65.988083   0.000340  -0.001870
1 43905U 18111AF  21059.70168742  .00004208  00000-0  15959-3 0  9991 | 2 43905  97.2464 318.4143 0018908 318.7128  41.2680 15.27240305121122 | 2021/02/28-16:50:25   92.9405    0.1240   41.4112   94.2877     6862.2035     6849.2284     6875.1785  72.736784 -64.546282   0.000235  -0.001876
1 43905U 18111AF  21060.94656346  .00002883  00000-0  11020-3 0  9993 | 2 43905  97.2459 319.6235 0018812 314.1273  45.8418 15.27244013121316 | 2021/03/01-22:43:03  181.1254    0.1240   45.9967   94.2875     6862.1923     6849.2832     6875.1015  74.082323 -62.996623   0.000123  -0.001877
1 43905U 18111AF  21062.45351233  .00002497  00000-0  95808-4 0  9996 | 2 43905  97.2455 321.0870 0018724 308.4321  51.5238 15.27250461121549 | 2021/03/03-10:53:03    3.6620    0.1241   51.6920   94.2871     6862.1730     6849.3243     6875.0218  75.666787 -61.083751  -0.000016  -0.001872
1 43905U 18111AF  21063.50182069  .00002390  00000-0  91788-4 0  9997 | 2 43905  97.2455 322.1050 0018645 304.4218  55.5259 15.27254946121701 | 2021/03/04-12:02:37   21.0765    0.1241   55.7023   94.2868     6862.1596     6849.3651     6874.9541  76.740089 -59.729775  -0.000113  -0.001861
1 43905U 18111AF  21064.68116438  .00001953  00000-0  75500-4 0  9992 | 2 43905  97.2453 323.2505 0018563 299.8393  60.1001 15.27258925121883 | 2021/03/05-16:20:52   85.6655    0.1240   60.2847   94.2866     6862.1477     6849.4095     6874.8859  77.918675 -58.183575  -0.000223  -0.001843
1 43905U 18111AF  21066.18809870  .00001720  00000-0  66821-4 0  9996 | 2 43905  97.2455 324.7139 0018470 294.0477  65.8830 15.27264285122116 | 2021/03/07-04:30:51  268.1924    0.1241   66.0764   94.2862     6862.1316     6849.4573     6874.8060  79.379338 -56.174798  -0.000360  -0.001812
1 43905U 18111AF  21067.43295395  .00001791  00000-0  69465-4 0  9991 | 2 43905  97.2454 325.9230 0018457 289.2946  70.6297 15.27268732122305 | 2021/03/08-10:23:27  356.3646    0.1240   70.8294   94.2860     6862.1183     6849.4529     6874.7837  80.546938 -54.487234  -0.000471  -0.001785
1 43905U 18111AF  21068.61227611  .00006076  00000-0  22891-3 0  9990 | 2 43905  97.2458 327.0682 0018298 284.7121  75.2090 15.27290208122485 | 2021/03/09-14:41:40   60.9410    0.1239   75.4118   94.2846     6862.0540     6849.4978     6874.6102  81.620176 -52.866742  -0.000572  -0.001738
1 43905U 18111AF  21069.66055641  .00005763  00000-0  21720-3 0  9990 | 2 43905  97.2458 328.0862 0018234 280.6357  79.2829 15.27301038122648 | 2021/03/10-15:51:12   78.3396    0.1240   79.4883   94.2840     6862.0215     6849.5093     6874.5337  82.546551 -51.408292  -0.000662  -0.001699
1 43905U 18111AF  21070.70882924  .00005163  00000-0  19485-3 0  9998 | 2 43905  97.2457 329.1044 0018217 276.5375  83.3790 15.27311103122801 | 2021/03/11-17:00:42   95.7350    0.1239   83.5864   94.2833     6861.9914     6849.4909     6874.4919  83.446957 -49.933270  -0.000751  -0.001660
1 43905U 18111AF  21072.47777112  .00007399  00000-0  27779-3 0  9994 | 2 43905  97.2454 330.8229 0018137 269.6149  90.3012 15.27335475123078 | 2021/03/13-11:27:59   12.5795    0.1239   90.5090   94.2818     6861.9184     6849.4729     6874.3639  84.906611 -47.408176  -0.000895  -0.001578
1 43905U 18111AF  21074.44321862  .00009386  00000-0  35114-3 0  9990 | 2 43905  97.2447 332.7320 0018107 261.9930  97.9255 15.27375551123377 | 2021/03/15-10:38:14    0.1663    0.1239   98.1309   94.2794     6861.7984     6849.3737     6874.2230  86.438213 -44.552969  -0.001046  -0.001478
1 43905U 18111AF  21075.68798006  .00006271  00000-0  23549-3 0  9994 | 2 43905  97.2442 333.9410 0018086 257.1430 102.7789 15.27391412123565 | 2021/03/16-16:30:41   88.2949    0.1239  102.9809   94.2784     6861.7509     6849.3407     6874.1610  87.358565 -42.719031  -0.001136  -0.001407
1 43905U 18111AF  21076.93273585  .00003231  00000-0  12266-3 0  9990 | 2 43905  97.2439 335.1498 0018112 252.2793 107.6470 15.27395296123755 | 2021/03/17-22:23:08  176.4207    0.1239  107.8446   94.2781     6861.7392     6849.3112     6874.1672  88.240051 -40.866484  -0.001225  -0.001334
1 43905U 18111AF  21078.17748782  .00002492  00000-0  95197-4 0  9997 | 2 43905  97.2436 336.3586 0018172 247.4331 112.4986 15.27399516123949 | 2021/03/19-04:15:34  264.5441    0.1239  112.6908   94.2779     6861.7266     6849.2575     6874.1957  89.082257 -38.995759  -0.001312  -0.001258
1 43905U 18111AF  21079.68429068  .00001978  00000-0  76103-4 0  9991 | 2 43905  97.2434 337.8218 0018194 241.5805 118.3601 15.27402561124170 | 2021/03/20-16:25:22   87.0062    0.1239  118.5434   94.2777     6861.7175     6849.2333     6874.2017  90.048777 -36.708264  -0.001406  -0.001155
1 43905U 18111AF  21081.25659668  .00002203  00000-0  84425-4 0  9996 | 2 43905  97.2437 339.3487 0018278 235.6745 124.2766 15.27411683124418 | 2021/03/22-06:09:29  293.0487    0.1240  124.4495   94.2771     6861.6901     6849.1483     6874.2319  90.995222 -34.295870  -0.001497  -0.001049
1 43905U 18111AF  21082.50133665  .00002284  00000-0  87441-4 0  9999 | 2 43905  97.2437 340.5574 0018349 230.7337 129.2275 15.27416257124604 | 2021/03/23-12:01:55   21.1632    0.1238  129.3901   94.2769     6861.6764     6849.0860     6874.2669  91.698420 -32.368765  -0.001568  -0.000953
1 43905U 18111AF  21083.61504589  .00002264  00000-0  86668-4 0  9997 | 2 43905  97.2437 341.6390 0018441 226.5069 133.4638 15.27421710124778 | 2021/03/24-14:45:39   62.1051    0.1238  133.6169   94.2765     6861.6601     6849.0065     6874.3137  92.293086 -30.632065  -0.001626  -0.000870
1 43905U 18111AF  21085.25283021  .00005139  00000-0  19313-3 0  9990 | 2 43905  97.2433 343.2296 0018449 220.0289 139.9592 15.27446667125025 | 2021/03/26-06:04:04  291.7138    0.1239  140.0950   94.2750     6861.5854     6848.9264     6874.2443  93.107415 -28.058309  -0.001695  -0.000729
1 43905U 18111AF  21086.43202087  .00007248  00000-0  27099-3 0  9997 | 2 43905  97.2437 344.3749 0018609 215.6263 144.3735 15.27467251125205 | 2021/03/27-10:22:06  356.2277    0.1238  144.4975   94.2737     6861.5237     6848.7551     6874.2923  93.650027 -26.191787  -0.001749  -0.000637
1 43905U 18111AF  21087.48017983  .00007875  00000-0  29404-3 0  9990 | 2 43905  97.2436 345.3929 0018691 211.6194 148.3924 15.27483683125363 | 2021/03/28-11:31:27   13.5680    0.1238  148.5044   94.2727     6861.4745     6848.6497     6874.2993  94.100485 -24.523793  -0.001787  -0.000547
1 43905U 18111AF  21088.65934843  .00006960  00000-0  26007-3 0  9993 | 2 43905  97.2431 346.5381 0018803 207.1456 152.8802 15.27497687125543 | 2021/03/29-15:49:27   78.0718    0.1238  152.9782   94.2718     6861.4326     6848.5310     6874.3341  94.571340 -22.638069  -0.001827  -0.000445
1 43905U 18111AF  21089.70749283  .00004411  00000-0  16583-3 0  9999 | 2 43905  97.2426 347.5560 0018896 203.3443 156.6941 15.27502221125708 | 2021/03/30-16:58:47   95.4063    0.1239  156.7796   94.2715     6861.4190     6848.4537     6874.3843  94.958088 -20.954350  -0.001856  -0.000357
1 43905U 18111AF  21090.95215972  .00003301  00000-0  12475-3 0  9994 | 2 43905  97.2422 348.7647 0019022 198.7379 161.3163 15.27507602125897 | 2021/03/31-22:51:06  183.4887    0.1239  161.3860   94.2712     6861.4029     6848.3511     6874.4547  95.378583 -18.946542  -0.001886  -0.000248
1 43905U 18111AF  21092.13131762  .00002004  00000-0  76789-4 0  9998 | 2 43905  97.2421 349.9096 0019152 194.3741 165.6957 15.27507968126070 | 2021/04/02-03:09:05  247.9873    0.1239  165.7498   94.2712     6861.4018     6848.2608     6874.5428  95.738013 -17.036988  -0.001910  -0.000143
1 43905U 18111AF  21093.17945432  .00001709  00000-0  65870-4 0  9990 | 2 43905  97.2421 350.9271 0019219 190.6977 169.3857 15.27510708126235 | 2021/04/03-04:18:24  265.3185    0.1239  169.4262   94.2710     6861.3936     6848.2067     6874.5805  96.025456 -15.334206  -0.001921  -0.000054
1 43905U 18111AF  21094.22758906  .00001482  00000-0  57486-4 0  9997 | 2 43905  97.2420 351.9449 0019345 186.9088 173.1887 15.27512964126392 | 2021/04/04-05:27:43  282.6482    0.1237  173.2149   94.2709     6861.3868     6848.1135     6874.6602  96.282588 -13.626070  -0.001934   0.000039
1 43905U 18111AF  21095.66877140  .00001292  00000-0  50452-4 0  9993 | 2 43905  97.2419 353.3444 0019501 181.7218 178.3958 15.27516276126614 | 2021/04/05-16:03:01   81.4747    0.1238  178.4020   94.2707     6861.3769     6847.9965     6874.7573  96.586564 -11.270440  -0.001943   0.000168
1 43905U 18111AF  21096.97893381  .00001227  00000-0  48038-4 0  9998 | 2 43905  97.2418 354.6166 0019649 177.0608 183.0751 15.27519709126812 | 2021/04/06-23:29:39  193.1341    0.1239  183.0631   94.2705     6861.3666     6847.8847     6874.8485  96.812885  -9.123213  -0.001944   0.000284
1 43905U 18111AF  21098.68213441  .00001841  00000-0  70706-4 0  9990 | 2 43905  97.2418 356.2705 0019830 171.0764 189.0833 15.27529604127079 | 2021/04/08-16:22:16   86.2873    0.1239  189.0475   94.2699     6861.3370     6847.7310     6874.9430  97.035867  -6.325200  -0.001935   0.000434
1 43905U 18111AF  21100.45081085  .00004623  00000-0  17327-3 0  9996 | 2 43905  97.2420 357.9881 0020048 164.5523 195.6333 15.27558460127348 | 2021/04/10-10:49:10    3.0107    0.1238  195.5715   94.2681     6861.2506     6847.4952     6875.0060  97.182056  -3.413881  -0.001912   0.000602
1 43905U 18111AF  21101.62992182  .00005278  00000-0  19733-3 0  9995 | 2 43905  97.2418 359.1333 0020181 160.4821 199.7196 15.27571041127527 | 2021/04/11-15:07:05   67.4915    0.1239  199.6418   94.2673     6861.2129     6847.3663     6875.0595  97.230675  -1.470898  -0.001892   0.000703
1 43905U 18111AF  21103.13655108  .00004354  00000-0  16317-3 0  9996 | 2 43905  97.2415   0.5964 0020365 155.2264 204.9959 15.27583152127755 | 2021/04/13-03:16:38  249.8793    0.1239  204.8975   94.2666     6861.1767     6847.2039     6875.1494  97.236232   1.012182  -0.001858   0.000834
1 43905U 18111AF  21104.18463145  .00005263  00000-0  19658-3 0  9991 | 2 43905  97.2410   1.6140 0020478 151.6510 208.5849 15.27596005127914 | 2021/04/14-04:25:52  267.1901    0.1239  208.4729   94.2658     6861.1382     6847.0879     6875.1884  97.202421   2.738879  -0.001829   0.000921
1 43905U 18111AF  21105.23270381  .00007143  00000-0  26564-3 0  9999 | 2 43905  97.2406   2.6318 0020560 148.0384 212.2107 15.27611288128076 | 2021/04/15-05:35:05  284.4982    0.1238  212.0854   94.2648     6861.0924     6846.9860     6875.1988  97.138034   4.465038  -0.001792   0.001007
1 43905U 18111AF  21106.34627245  .00005149  00000-0  19223-3 0  9995 | 2 43905  97.2403   3.7131 0020691 144.1661 216.0972 15.27619443128240 | 2021/04/16-08:18:37  325.3850    0.1239  215.9578   94.2643     6861.0680     6846.8718     6875.2642  97.036177   6.297327  -0.001752   0.001100
1 43905U 18111AF  21107.59083957  .00004312  00000-0  16135-3 0  9999 | 2 43905  97.2400   4.9212 0020828 139.9645 220.3134 15.27630275128431 | 2021/04/17-14:10:48   53.4331    0.1238  220.1593   94.2636     6861.0356     6846.7454     6875.3257  96.881537   8.341789  -0.001704   0.001198
1 43905U 18111AF  21108.70439310  .00003479  00000-0  13068-3 0  9996 | 2 43905  97.2398   6.0023 0020897 136.2604 224.0296 15.27637496128602 | 2021/04/18-16:54:19   94.3168    0.1239  223.8635   94.2632     6861.0139     6846.6765     6875.3514  96.706702  10.168209  -0.001653   0.001279
1 43905U 18111AF  21109.94894834  .00002510  00000-0  94999-4 0  9997 | 2 43905  97.2400   7.2107 0021006 132.0964 228.2066 15.27642242128794 | 2021/04/19-22:46:29  182.3620    0.1239  228.0275   94.2629     6860.9997     6846.5875     6875.4119  96.470956  12.205420  -0.001593   0.001370
1 43905U 18111AF  21111.52100854  .00002516  00000-0  95191-4 0  9997 | 2 43905  97.2403   8.7372 0021151 126.8471 233.4712 15.27651711129037 | 2021/04/21-12:30:15   28.3113    0.1238  233.2767   94.2623     6860.9714     6846.4597     6875.4830  96.111872  14.771052  -0.001511   0.001480
1 43905U 18111AF  21112.70003499  .00005833  00000-0  21692-3 0  9994 | 2 43905  97.2402   9.8818 0021211 122.9239 237.4045 15.27676453129212 | 2021/04/22-16:48:03   92.7683    0.1239  237.2000   94.2608     6860.8973     6846.3446     6875.4499  95.797534  16.687991  -0.001441   0.001556
1 43905U 18111AF  21114.14105525  .00005920  00000-0  21999-3 0  9994 | 2 43905  97.2405  11.2811 0021294 118.2038 242.1356 15.27693504129439 | 2021/04/24-03:23:07  251.5456    0.1239  241.9201   94.2597     6860.8462     6846.2368     6875.4557  95.361740  19.022445  -0.001354   0.001643
1 43905U 18111AF  21115.18905779  .00007302  00000-0  27054-3 0  9992 | 2 43905  97.2404  12.2988 0021359 114.8051 245.5414 15.27710046129593 | 2021/04/25-04:32:14  268.8347    0.1240  245.3189   94.2587     6860.7967     6846.1427     6875.4507  95.008736  20.713170  -0.001289   0.001703
1 43905U 18111AF  21116.43354300  .00009050  00000-0  33434-3 0  9990 | 2 43905  97.2404  13.5076 0021428 110.7417 249.6122 15.27735169129788 | 2021/04/26-10:24:18  356.8598    0.1240  249.3823   94.2572     6860.7215     6846.0203     6875.4227  94.550628  22.712862  -0.001206   0.001771
1 43905U 18111AF  21117.67800973  .00007634  00000-0  28229-3 0  9991 | 2 43905  97.2399  14.7161 0021484 106.6282 253.7319 15.27755803129977 | 2021/04/27-16:16:20   84.8797    0.1239  253.4957   94.2559     6860.6597     6845.9203     6875.3992  94.050082  24.701826  -0.001118   0.001835
1 43905U 18111AF  21119.44644708  .00003583  00000-0  13393-3 0  9995 | 2 43905  97.2390  16.4331 0021549 100.9156 259.4510 15.27765549130241 | 2021/04/29-10:42:53    1.5367    0.1240  259.2084   94.2553     6860.6306     6845.8466     6875.4145  93.266855  27.508486  -0.000990   0.001914
1 43905U 18111AF  21120.49440620  .00002544  00000-0  95856-4 0  9990 | 2 43905  97.2386  17.4505 0021582  97.4423 262.9270 15.27768221130404 | 2021/04/30-11:51:56   18.8148    0.1240  262.6817   94.2551     6860.6226     6845.8160     6875.4291  92.763328  29.160080  -0.000908   0.001958
1 43905U 18111AF  21121.60786013  .00002141  00000-0  81092-4 0  9993 | 2 43905  97.2387  18.5313 0021630  93.7369 266.6345 15.27771553130570 | 2021/05/01-14:35:19   59.6728    0.1240  266.3871   94.2549     6860.6126     6845.7731     6875.4521  92.196890  30.904663  -0.000820   0.002002
1 43905U 18111AF  21122.65581386  .00002287  00000-0  86402-4 0  9996 | 2 43905  97.2388  19.5489 0021597  90.2235 270.1480 15.27776067130735 | 2021/05/02-15:44:22   76.9513    0.1240  269.9005   94.2547     6860.5991     6845.7822     6875.4159  91.633591  32.537196  -0.000731   0.002032
1 43905U 18111AF  21123.70376396  .00001826  00000-0  69547-4 0  9995 | 2 43905  97.2387  20.5665 0021568  86.9099 273.4608 15.27778343130894 | 2021/05/03-16:53:25   94.2295    0.1240  273.2141   94.2545     6860.5922     6845.7953     6875.3892  91.041200  34.159400  -0.000648   0.002057
1 43905U 18111AF  21124.88270526  .00001629  00000-0  62326-4 0  9992 | 2 43905  97.2387  21.7112 0021567  83.1032 277.2660 15.27781632131075 | 2021/05/04-21:11:05  158.6672    0.1240  277.0208   94.2543     6860.5824     6845.7862     6875.3786  90.340614  35.971354  -0.000551   0.002085
1 43905U 18111AF  21126.52011957  .00001366  00000-0  52668-4 0  9992 | 2 43905  97.2386  23.3011 0021554  77.7985 282.5667 15.27785504131328 | 2021/05/06-12:28:58   28.1643    0.1240  282.3255   94.2541     6860.5708     6845.7835     6875.3581  89.307702  38.464005  -0.000415   0.002115
1 43905U 18111AF  21127.69905428  .00001320  00000-0  50967-4 0  9996 | 2 43905  97.2386  24.4457 0021517  73.9429 286.4178 15.27788988131503 | 2021/05/07-16:46:38   92.6027    0.1240  286.1811   94.2539     6860.5604     6845.7985     6875.3222  88.521536  40.240315  -0.000314   0.002129
1 43905U 18111AF  21129.20546434  .00001596  00000-0  61074-4 0  9999 | 2 43905  97.2385  25.9084 0021473  69.0004 291.3531 15.27795626131730 | 2021/05/09-04:55:52  274.9397    0.1241  291.1237   94.2534     6860.5405     6845.8089     6875.2721  87.465421  42.486774  -0.000184   0.002139
1 43905U 18111AF  21130.44987786  .00003622  00000-0  13517-3 0  9996 | 2 43905  97.2387  27.1168 0021456  65.1212 295.2255 15.27810812131920 | 2021/05/10-10:47:49    2.9535    0.1240  295.0028   94.2525     6860.4950     6845.7752     6875.2149  86.550144  44.321974  -0.000084   0.002144
1 43905U 18111AF  21131.69428356  .00004431  00000-0  16471-3 0  9998 | 2 43905  97.2386  28.3255 0021406  61.1295 299.2089 15.27823695132115 | 2021/05/11-16:39:46   90.9657    0.1240  298.9945   94.2517     6860.4565     6845.7710     6875.1420  85.595860  46.137773   0.000020   0.002141
1 43905U 18111AF  21133.65911014  .00007035  00000-0  25966-3 0  9996 | 2 43905  97.2380  30.2332 0021306  54.7819 305.5411 15.27851226132410 | 2021/05/13-15:49:07   78.3476    0.1240  305.3421   94.2500     6860.3741     6845.7574     6874.9908  84.011997  48.961342   0.000185   0.002123
1 43905U 18111AF  21135.16545040  .00004733  00000-0  17553-3 0  9991 | 2 43905  97.2376  31.6957 0021182  49.7787 310.5302 15.27871195132640 | 2021/05/15-03:58:14  260.6664    0.1241  310.3454   94.2488     6860.3143     6845.7828     6874.8458  82.734665  51.089393   0.000314   0.002095
1 43905U 18111AF  21136.21332923  .00004686  00000-0  17373-3 0  9999 | 2 43905  97.2372  32.7133 0021127  46.3053 313.9933 15.27882685132803 | 2021/05/16-05:07:11  277.9283    0.1241  313.8188   94.2481     6860.2799     6845.7862     6874.7736  81.813956  52.550449   0.000402   0.002074
1 43905U 18111AF  21138.24357079  .00005167  00000-0  19120-3 0  9990 | 2 43905  97.2368  34.6842 0020936  39.6125 320.6639 15.27906648133117 | 2021/05/18-05:50:44  288.8677    0.1240  320.5115   94.2466     6860.2082     6845.8456     6874.5707  79.957917  55.332872   0.000567   0.002015
1 43905U 18111AF  21139.55338478  .00006283  00000-0  23176-3 0  9993 | 2 43905  97.2371  35.9558 0020830  35.3217 324.9398 15.27926166133315 | 2021/05/19-13:16:52   40.4350    0.1241  324.8024   94.2454     6860.1497     6845.8601     6874.4394  78.710534  57.093830   0.000669   0.001973
1 43905U 18111AF  21140.66671599  .00006067  00000-0  22382-3 0  9999 | 2 43905  97.2373  37.0367 0020732  31.6291 328.6190 15.27939789133484 | 2021/05/20-16:00:04   81.2641    0.1241  328.4950   94.2446     6860.1090     6845.8866     6874.3313  77.619661  58.568598   0.000754   0.001931
1 43905U 18111AF  21141.71454512  .00006394  00000-0  23563-3 0  9995 | 2 43905  97.2374  38.0542 0020596  28.0769 332.1577 15.27956044133649 | 2021/05/21-17:08:56   98.5114    0.1241  332.0472   94.2435     6860.0603     6845.9313     6874.1893  76.567452  59.937778   0.000833   0.001883
1 43905U 18111AF  21142.95882956  .00004799  00000-0  17747-3 0  9993 | 2 43905  97.2377  39.2627 0020490  23.8692 336.3493 15.27971290133834 | 2021/05/22-23:00:42  186.4878    0.1241  336.2549   94.2426     6860.0147     6845.9585     6874.0709  75.286521  61.539500   0.000926   0.001828
1 43905U 18111AF  21144.46505492  .00005673  00000-0  20922-3 0  9999 | 2 43905  97.2377  40.7256 0020308  18.8089 341.3897 15.27988107134066 | 2021/05/24-11:09:40    8.7705    0.1242  341.3153   94.2416     6859.9643     6846.0331     6873.8956  73.690901  63.441481   0.001030   0.001750
1 43905U 18111AF  21145.51285518  .00004474  00000-0  16555-3 0  9995 | 2 43905  97.2374  41.7430 0020182  15.1777 345.0064 15.27996042134224 | 2021/05/25-12:18:30   26.0085    0.1241  344.9464   94.2411     6859.9406     6846.0959     6873.7853  72.552589  64.739738   0.001102   0.001691
1 43905U 18111AF  21146.69162320  .00004076  00000-0  15103-3 0  9996 | 2 43905  97.2370  42.8878 0020051  11.1306 349.0373 15.28006047134402 | 2021/05/26-16:35:56   90.3982    0.1241  348.9935   94.2405     6859.9107     6846.1558     6873.6655  71.244366  66.176087   0.001178   0.001623
1 43905U 18111AF  21147.93586646  .00006571  00000-0  24167-3 0  9997 | 2 43905  97.2366  44.0960 0019895   6.8883 353.2626 15.28024992134595 | 2021/05/27-22:27:38  178.3610    0.1241  353.2358   94.2393     6859.8540     6846.2063     6873.5016  69.832884  67.663319   0.001252   0.001546
1 43905U 18111AF  21149.44203617  .00005058  00000-0  18657-3 0  9995 | 2 43905  97.2361  45.5583 0019728   1.5953 358.5346 15.28042942134820 | 2021/05/29-10:36:31    0.6253    0.1241  358.5288   94.2382     6859.8002     6846.2672     6873.3332  68.083079  69.423004   0.001342   0.001446
1 43905U 18111AF  21150.48979658  .00004541  00000-0  16773-3 0  9999 | 2 43905  97.2359  46.5756 0019592 357.9345   2.1810 15.28054337134988 | 2021/05/30-11:45:18   17.8489    0.1241    2.1896   94.2375     6859.7661     6846.3265     6873.2058  66.839653  70.620684   0.001397   0.001373
1 43905U 18111AF  21151.66852018  .00004242  00000-0  15685-3 0  9999 | 2 43905  97.2357  47.7200 0019434 353.8420   6.2578 15.28064255135164 | 2021/05/31-16:02:40   82.2225    0.1241    6.2821   94.2369     6859.7364     6846.4052     6873.0677  65.415735  71.941386   0.001454   0.001289
1 43905U 18111AF  21153.50207516  .00004269  00000-0  15778-3 0  9993 | 2 43905  97.2358  49.5005 0019234 347.1904  12.8845 15.28079495135442 | 2021/06/02-12:02:59   22.3539    0.1242   12.9338   94.2359     6859.6908     6846.4969     6872.8848  63.148955  73.939233   0.001542   0.001149
1 43905U 18111AF  21154.61529657  .00004529  00000-0  16718-3 0  9993 | 2 43905  97.2360  50.5815 0019097 343.1945  16.8660 15.28089160135612 | 2021/06/03-14:46:01   63.1443    0.1241   16.9296   94.2353     6859.6619     6846.5620     6872.7618  61.742914  75.117590   0.001587   0.001062
1 43905U 18111AF  21155.92495928  .00004727  00000-0  17431-3 0  9994 | 2 43905  97.2361  51.8533 0018924 338.4721  21.5721 15.28100926135818 | 2021/06/04-22:11:56  174.6582    0.1241   21.6520   94.2346     6859.6267     6846.6455     6872.6079  60.060510  76.469564   0.001633   0.000955
1 43905U 18111AF  21157.43105855  .00004661  00000-0  17186-3 0  9993 | 2 43905  97.2364  53.3161 0018737 332.9077  27.1183 15.28114778136040 | 2021/06/06-10:20:43  356.8939    0.1241   27.2164   94.2338     6859.5852     6846.7324     6872.4381  58.089008  77.978103   0.001681   0.000828
1 43905U 18111AF  21158.67521808  .00003813  00000-0  14109-3 0  9990 | 2 43905  97.2363  54.5246 0018611 328.3850  31.6271 15.28124026136231 | 2021/06/07-16:12:18   84.8230    0.1242   31.7392   94.2332     6859.5576     6846.7912     6872.3239  56.431414  79.185817   0.001714   0.000724
1 43905U 18111AF  21160.18129217  .00004525  00000-0  16684-3 0  9998 | 2 43905  97.2361  55.9873 0018428 322.7750  37.2211 15.28140233136462 | 2021/06/09-04:21:03  267.0474    0.1241   37.3491   94.2322     6859.5091     6846.8684     6872.1498  54.391604  80.600326   0.001745   0.000593
1 43905U 18111AF  21161.42543400  .00002656  00000-0  99019-4 0  9997 | 2 43905  97.2357  57.1956 0018292 318.0768  41.9070 15.28145120136655 | 2021/06/10-10:12:37  354.9688    0.1240   42.0472   94.2319     6859.4944     6846.9471     6872.0418  52.679654  81.729037   0.001765   0.000482
1 43905U 18111AF  21162.47312721  .00002613  00000-0  97472-4 0  9997 | 2 43905  97.2353  58.2128 0018191 314.0708  45.9033 15.28151309136819 | 2021/06/11-11:21:18   12.1635    0.1240   46.0532   94.2315     6859.4759     6846.9979     6871.9540  51.220242  82.651016   0.001777   0.000387
1 43905U 18111AF  21163.52081443  .00003894  00000-0  14388-3 0  9994 | 2 43905  97.2353  59.2301 0018081 310.1744  49.7912 15.28162246136975 | 2021/06/12-12:29:58   29.3547    0.1241   49.9497   94.2308     6859.4432     6847.0406     6871.8458  49.744757  83.547368   0.001784   0.000295
1 43905U 18111AF  21164.69945238  .00004603  00000-0  16951-3 0  9991 | 2 43905  97.2348  60.3747 0018024 305.6565  54.2996 15.28176242137158 | 2021/06/13-16:47:12   93.6910    0.1240   54.4675   94.2300     6859.4013     6847.0379     6871.7647  48.065666  84.523950   0.001792   0.000189
1 43905U 18111AF  21166.13999705  .00003819  00000-0  14107-3 0  9999 | 2 43905  97.2343  61.7736 0017859 300.0423  59.9045 15.28190676137371 | 2021/06/15-03:21:35  252.3174    0.1241   60.0818   94.2291     6859.3581     6847.1080     6871.6082  45.987622  85.671744   0.001785   0.000057
1 43905U 18111AF  21167.18766258  .00002889  00000-0  10736-3 0  9990 | 2 43905  97.2344  62.7908 0017805 295.9739  63.9666 15.28194882137532 | 2021/06/16-04:30:14  269.4987    0.1240   64.1501   94.2288     6859.3455     6847.1325     6871.5586  44.459529  86.474730   0.001780  -0.000038
1 43905U 18111AF  21168.23532441  .00002331  00000-0  87139-4 0  9996 | 2 43905  97.2346  63.8083 0017749 291.9618  67.9735 15.28199024137690 | 2021/06/17-05:38:52  286.6773    0.1240   68.1622   94.2286     6859.3331     6847.1585     6871.5078  42.917006  87.250777   0.001770  -0.000131
1 43905U 18111AF  21169.28297971  .00002968  00000-0  11019-3 0  9997 | 2 43905  97.2345  64.8256 0017718 287.8295  72.1012 15.28207639137859 | 2021/06/18-06:47:29  303.8531    0.1240   72.2945   94.2280     6859.3074     6847.1540     6871.4607  41.361122  87.998895   0.001757  -0.000227
1 43905U 18111AF  21170.46158721  .00003216  00000-0  11912-3 0  9997 | 2 43905  97.2345  65.9701 0017641 283.1996  76.7276 15.28216548138030 | 2021/06/19-11:04:41    8.1725    0.1241   76.9245   94.2275     6859.2807     6847.1802     6871.3812  39.595184  88.807485   0.001733  -0.000331
1 43905U 18111AF  21172.49139406  .00003617  00000-0  13360-3 0  9995 | 2 43905  97.2348  67.9416 0017581 275.2132  84.7102 15.28233140138343 | 2021/06/21-11:47:36   18.9359    0.1240   84.9108   94.2265     6859.2311     6847.1718     6871.2903  36.516670  90.117363   0.001683  -0.000509
1 43905U 18111AF  21173.66998176  .00004809  00000-0  17666-3 0  9999 | 2 43905  97.2348  69.0862 0017543 270.5650  89.3580 15.28245544138524 | 2021/06/22-16:04:46   83.2450    0.1240   89.5590   94.2257     6859.1939     6847.1609     6871.2270  34.709226  90.828828   0.001645  -0.000610
1 43905U 18111AF  21175.17594217  .00004813  00000-0  17674-3 0  9999 | 2 43905  97.2345  70.5487 0017519 264.5519  95.3722 15.28259639138751 | 2021/06/24-04:13:21  265.4115    0.1239   95.5720   94.2248     6859.1518     6847.1352     6871.1683  32.379625  91.684829   0.001589  -0.000738
1 43905U 18111AF  21176.28903456  .00004936  00000-0  18112-3 0  9995 | 2 43905  97.2343  71.6298 0017538 260.2293  99.6966 15.28270722138926 | 2021/06/25-06:56:12  306.1389    0.1239   99.8946   94.2241     6859.1186     6847.0891     6871.1481  30.643922  92.279245   0.001546  -0.000827
1 43905U 18111AF  21177.46759939  .00003711  00000-0  13683-3 0  9999 | 2 43905  97.2339  72.7740 0017542 255.5337 104.3957 15.28275534139107 | 2021/06/26-11:13:20   10.4362    0.1240  104.5903   94.2238     6859.1042     6847.0720     6871.1364  28.794994  92.872384   0.001493  -0.000922
1 43905U 18111AF  21178.51520652  .00003164  00000-0  11702-3 0  9996 | 2 43905  97.2335  73.7912 0017584 251.4527 108.4803 15.28281515139265 | 2021/06/27-12:21:53   27.5866    0.1240  108.6713   94.2235     6859.0863     6847.0253     6871.1473  27.141622  93.368549   0.001445  -0.001002
1 43905U 18111AF  21179.69376231  .00002460  00000-0  91547-4 0  9992 | 2 43905  97.2332  74.9357 0017600 246.8147 113.1240 15.28285615139446 | 2021/06/28-16:39:01   91.8781    0.1240  113.3093   94.2232     6859.0740     6847.0021     6871.1460  25.271190  93.891758   0.001382  -0.001090
1 43905U 18111AF  21181.13421045  .00003042  00000-0  11254-3 0  9991 | 2 43905  97.2328  76.3344 0017653 241.0865 118.8605 15.28295916139661 | 2021/06/30-03:13:15  250.4522    0.1240  119.0375   94.2226     6859.0432     6846.9350     6871.1515  22.971715  94.480250   0.001300  -0.001194
1 43905U 18111AF  21182.18180339  .00004382  00000-0  16089-3 0  9994 | 2 43905  97.2328  77.3516 0017713 237.0094 122.9444 15.28306690139826 | 2021/07/01-04:21:47  267.5942    0.1239  123.1145   94.2219     6859.0110     6846.8616     6871.1604  21.290829  94.873168   0.001238  -0.001266
1 43905U 18111AF  21183.22938910  .00004725  00000-0  17323-3 0  9999 | 2 43905  97.2330  78.3691 0017784 233.0342 126.9271 15.28316209139980 | 2021/07/02-05:30:19  284.7326    0.1240  127.0898   94.2213     6858.9825     6846.7845     6871.1805  19.602774  95.236482   0.001176  -0.001334
1 43905U 18111AF  21184.66980989  .00004543  00000-0  16660-3 0  9992 | 2 43905  97.2332  79.7679 0017864 227.3548 132.6187 15.28328838140204 | 2021/07/03-16:04:31   83.2928    0.1239  132.7691   94.2206     6858.9447     6846.6919     6871.1975  17.272127  95.686827   0.001078  -0.001424
1 43905U 18111AF  21186.17568858  .00005374  00000-0  19645-3 0  9996 | 2 43905  97.2334  81.2304 0017966 221.5912 138.3963 15.28345839140433 | 2021/07/05-04:12:59  265.4169    0.1240  138.5328   94.2195     6858.8939     6846.5712     6871.2165  14.824348  96.096685   0.000974  -0.001510
1 43905U 18111AF  21187.22324656  .00005870  00000-0  21423-3 0  9997 | 2 43905  97.2335  82.2479 0018082 217.6394 142.3582 15.28358705140593 | 2021/07/06-05:21:28  282.5427    0.1239  142.4845   94.2187     6858.8554     6846.4532     6871.2575  13.115559  96.344879   0.000901  -0.001568
1 43905U 18111AF  21188.46721126  .00005838  00000-0  21298-3 0  9991 | 2 43905  97.2333  83.4560 0018175 212.7946 147.2167 15.28372810140784 | 2021/07/07-11:12:47   10.3743    0.1239  147.3293   94.2178     6858.8132     6846.3473     6871.2791  11.081309  96.599789   0.000804  -0.001630
1 43905U 18111AF  21189.64569544  .00003980  00000-0  14602-3 0  9993 | 2 43905  97.2330  84.6004 0018298 208.3263 151.6984 15.28381352140963 | 2021/07/08-15:29:48   74.6324    0.1239  151.7976   94.2173     6858.7876     6846.2374     6871.3378   9.149758  96.801540   0.000713  -0.001685
1 43905U 18111AF  21190.69323449  .00002237  00000-0  83201-4 0  9998 | 2 43905  97.2326  85.6177 0018400 204.3920 155.6452 15.28383369141124 | 2021/07/09-16:38:15   91.7492    0.1240  155.7320   94.2172     6858.7816     6846.1614     6871.4017   7.429641  96.948331   0.000630  -0.001729
1 43905U 18111AF  21191.93718517  .00001341  00000-0  50924-4 0  9991 | 2 43905  97.2323  86.8257 0018513 199.9257 160.1263 15.28384935141312 | 2021/07/10-22:29:32  179.5747    0.1240  160.1983   94.2171     6858.7769     6846.0792     6871.4745   5.384107  97.083117   0.000534  -0.001773
1 43905U 18111AF  21193.24660354  .00001530  00000-0  57744-4 0  9999 | 2 43905  97.2319  88.0970 0018655 195.0674 165.0013 15.28389302141512 | 2021/07/12-05:55:06  290.9680    0.1239  165.0565   94.2168     6858.7638     6845.9688     6871.5588   3.228829  97.178275   0.000425  -0.001816
1 43905U 18111AF  21194.55601569  .00001856  00000-0  69457-4 0  9992 | 2 43905  97.2318  89.3685 0018770 190.4525 169.6328 15.28396054141713 | 2021/07/13-13:20:39   42.3588    0.1239  169.6714   94.2164     6858.7436     6845.8698     6871.6175   1.071643  97.225894   0.000320  -0.001849
1 43905U 18111AF  21195.66901518  .00001575  00000-0  59314-4 0  9991 | 2 43905  97.2318  90.4492 0018903 186.3922 173.7080 15.28398133141884 | 2021/07/14-16:03:22   83.0401    0.1239  173.7317   94.2163     6858.7374     6845.7723     6871.7025  -0.762291  97.228812   0.000225  -0.001877
1 43905U 18111AF  21197.24030356  .00001550  00000-0  58412-4 0  9991 | 2 43905  97.2316  91.9749 0019108 180.7137 179.4080 15.28403151142125 | 2021/07/16-05:46:02  288.7054    0.1240  179.4103   94.2160     6858.7224     6845.6167     6871.8280  -3.350765  97.173846   0.000090  -0.001909
1 43905U 18111AF  21198.28782727  .00001451  00000-0  54848-4 0  9991 | 2 43905  97.2315  92.9920 0019185 176.9391 183.1971 15.28405828142281 | 2021/07/17-06:54:28  305.8149    0.1240  183.1849   94.2158     6858.7144     6845.5559     6871.8728  -5.075146  97.098957  -0.000002  -0.001918
1 43905U 18111AF  21199.66269961  .00001276  00000-0  48540-4 0  9991 | 2 43905  97.2314  94.3270 0019348 172.0601 188.0949 15.28408602142491 | 2021/07/18-15:54:17   80.7702    0.1239  188.0638   94.2156     6858.7061     6845.4359     6871.9763  -7.335976  96.954260  -0.000122  -0.001931
1 43905U 18111AF  21201.23397776  .00001372  00000-0  51978-4 0  9990 | 2 43905  97.2312  95.8527 0019523 166.5437 193.6327 15.28413275142731 | 2021/07/20-05:36:55  286.4320    0.1238  193.5801   94.2154     6858.6921     6845.3019     6872.0823  -9.914795  96.724367  -0.000258  -0.001935
1 43905U 18111AF  21202.60884160  .00001528  00000-0  57563-4 0  9999 | 2 43905  97.2310  97.1878 0019689 161.7321 198.4631 15.28418096142945 | 2021/07/21-14:36:43   61.3842    0.1239  198.3918   94.2151     6858.6777     6845.1736     6872.1817 -12.165735  96.466897  -0.000378  -0.001932
1 43905U 18111AF  21203.65635298  .00002141  00000-0  79570-4 0  9995 | 2 43905  97.2308  98.2050 0019798 158.0670 202.1422 15.28424888143109 | 2021/07/22-15:45:08   78.4896    0.1239  202.0569   94.2146     6858.6574     6845.0786     6872.2361 -13.876324  96.235524  -0.000470  -0.001923
1 43905U 18111AF  21204.70385831  .00003474  00000-0  12745-3 0  9997 | 2 43905  97.2310  99.2224 0019947 154.4347 205.7884 15.28434039143260 | 2021/07/23-16:53:33   95.5927    0.1239  205.6892   94.2141     6858.6300     6844.9491     6872.3109 -15.582930  95.974161  -0.000561  -0.001914
1 43905U 18111AF  21206.14416514  .00003820  00000-0  13982-3 0  9999 | 2 43905  97.2306 100.6207 0020120 149.5544 210.6869 15.28448498143488 | 2021/07/25-03:27:35  254.1063    0.1239  210.5695   94.2132     6858.5867     6844.7873     6872.3862 -17.920227  95.564926  -0.000682  -0.001893
1 43905U 18111AF  21208.10820541  .00004019  00000-0  14687-3 0  9990 | 2 43905  97.2298 102.5274 0020303 142.8542 217.4107 15.28463105143785 | 2021/07/27-02:35:48  241.1663    0.1238  217.2696   94.2123     6858.5430     6844.6181     6872.4679 -21.089773  94.914991  -0.000846  -0.001846
1 43905U 18111AF  21209.22115433  .00003469  00000-0  12711-3 0  9995 | 2 43905  97.2297 103.6080 0020404 139.1066 221.1710 15.28469293143958 | 2021/07/28-05:18:27  281.8316    0.1240  221.0174   94.2119     6858.5245     6844.5304     6872.5187 -22.875992  94.500283  -0.000935  -0.001813
1 43905U 18111AF  21210.46503099  .00003795  00000-0  13875-3 0  9996 | 2 43905  97.2293 104.8157 0020550 134.9201 225.3711 15.28478415144143 | 2021/07/29-11:09:38    9.6319    0.1239  225.2038   94.2113     6858.4972     6844.4030     6872.5914 -24.862570  93.996752  -0.001036  -0.001775
1 43905U 18111AF  21211.64342991  .00004293  00000-0  15652-3 0  9998 | 2 43905  97.2291 105.9598 0020622 131.0601 229.2426 15.28490705144326 | 2021/07/30-15:26:32   73.8614    0.1240  229.0639   94.2106     6858.4605     6844.3170     6872.6040 -26.734390  93.481390  -0.001123  -0.001730
1 43905U 18111AF  21212.95275746  .00002798  00000-0  10291-3 0  9998 | 2 43905  97.2291 107.2311 0020716 126.6272 233.6877 15.28496518144521 | 2021/07/31-22:51:58  185.2264    0.1239  233.4967   94.2102     6858.4431     6844.2351     6872.6510 -28.801839  92.865236  -0.001222  -0.001673
1 43905U 18111AF  21214.52394029  .00002769  00000-0  10184-3 0  9998 | 2 43905  97.2295 108.7566 0020779 121.4798 238.8476 15.28505804144765 | 2021/08/02-12:34:28   30.8628    0.1239  238.6441   94.2097     6858.4153     6844.1642     6872.6664 -31.264004  92.065942  -0.001329  -0.001597
1 43905U 18111AF  21215.70232313  .00002450  00000-0  90381-4 0  9991 | 2 43905  97.2294 109.9007 0020915 117.5103 242.8266 15.28510813144943 | 2021/08/03-16:51:20   95.0885    0.1239  242.6136   94.2093     6858.4003     6844.0560     6872.7447 -33.096016  91.423246  -0.001415  -0.001540
1 43905U 18111AF  21217.01163246  .00002245  00000-0  83050-4 0  9992 | 2 43905  97.2293 111.1721 0020981 113.2659 247.0793 15.28516109145141 | 2021/08/05-00:16:45  206.4507    0.1240  246.8581   94.2090     6858.3845     6843.9949     6872.7741 -35.116358  90.666301  -0.001498  -0.001469
1 43905U 18111AF  21218.25546817  .00002383  00000-0  87940-4 0  9993 | 2 43905  97.2292 112.3796 0021026 109.2424 251.1094 15.28523735145335 | 2021/08/06-06:07:52  294.2434    0.1240  250.8816   94.2085     6858.3617     6843.9413     6872.7821 -37.019159  89.906057  -0.001572  -0.001397
1 43905U 18111AF  21219.36836853  .00003037  00000-0  11133-3 0  9995 | 2 43905  97.2290 113.4601 0021100 105.5418 254.8154 15.28532608145500 | 2021/08/07-08:50:27  334.8986    0.1240  254.5822   94.2080     6858.3351     6843.8640     6872.8062 -38.707871  89.191811  -0.001640  -0.001328
1 43905U 18111AF  21220.41579767  .00003769  00000-0  13750-3 0  9990 | 2 43905  97.2287 114.4771 0021144 102.2469 258.1141 15.28542298145669 | 2021/08/08-09:58:44  351.9847    0.1240  257.8771   94.2074     6858.3061     6843.8049     6872.8073 -40.284720  88.490459  -0.001695  -0.001264
1 43905U 18111AF  21222.24879174  .00002484  00000-0  91496-4 0  9995 | 2 43905  97.2281 116.2564 0021133  96.1419 264.2230 15.28548180145941 | 2021/08/10-05:58:15  291.8860    0.1240  263.9821   94.2070     6858.2885     6843.7949     6872.7822 -43.012629  87.196429  -0.001784  -0.001132
1 43905U 18111AF  21223.42713978  .00001619  00000-0  60518-4 0  9995 | 2 43905  97.2277 117.4004 0021183  92.4784 267.8881 15.28551585146122 | 2021/08/11-10:15:04  356.1072    0.1239  267.6455   94.2068     6858.2784     6843.7505     6872.8063 -44.744769  86.319936  -0.001837  -0.001055
1 43905U 18111AF  21224.67094964  .00001529  00000-0  57293-4 0  9996 | 2 43905  97.2278 118.6078 0021150  88.3313 272.0349 15.28555008146315 | 2021/08/12-16:06:10   83.8976    0.1240  271.7927   94.2066     6858.2681     6843.7629     6872.7734 -46.553777  85.358016  -0.001885  -0.000958
1 43905U 18111AF  21225.98021910  .00001548  00000-0  57979-4 0  9994 | 2 43905  97.2276 119.8789 0021152  84.0861 276.2789 15.28559425146511 | 2021/08/13-23:31:30  195.2552    0.1240  276.0379   94.2063     6858.2549     6843.7483     6872.7615 -48.435724  84.304133  -0.001933  -0.000859
1 43905U 18111AF  21227.15855891  .00001487  00000-0  55798-4 0  9997 | 2 43905  97.2275 121.0228 0021140  80.2483 280.1143 15.28562708146693 | 2021/08/15-03:48:19  259.4774    0.1240  279.8757   94.2061     6858.2451     6843.7468     6872.7434 -50.109024  83.320300  -0.001970  -0.000767
1 43905U 18111AF  21228.27143200  .00001647  00000-0  61498-4 0  9997 | 2 43905  97.2274 122.1031 0021129  76.6249 283.7345 15.28567132146860 | 2021/08/16-06:30:51  300.1315    0.1241  283.4992   94.2059     6858.2319     6843.7411     6872.7226 -51.670958  82.360666  -0.002001  -0.000678
1 43905U 18111AF  21229.64615466  .00001591  00000-0  59497-4 0  9991 | 2 43905  97.2271 123.4375 0021105  72.1385 288.2155 15.28570954147077 | 2021/08/17-15:30:27   75.0577    0.1241  287.9856   94.2056     6858.2204     6843.7462     6872.6947 -53.574760  81.134789  -0.002033  -0.000567
1 43905U 18111AF  21230.69355897  .00001611  00000-0  60200-4 0  9994 | 2 43905  97.2270 124.4542 0021064  68.7434 291.6053 15.28574470147233 | 2021/08/18-16:38:43   92.1442    0.1241  291.3807   94.2054     6858.2099     6843.7638     6872.6560 -55.005911  80.171312  -0.002051  -0.000481
1 43905U 18111AF  21232.13373559  .00001676  00000-0  62515-4 0  9992 | 2 43905  97.2266 125.8522 0021023  64.0574 296.2829 15.28579686147450 | 2021/08/20-03:12:34  250.6377    0.1240  296.0666   94.2051     6858.1943     6843.7763     6872.6123 -56.945266  78.805130  -0.002071  -0.000362
1 43905U 18111AF  21233.50844271  .00002375  00000-0  87488-4 0  9991 | 2 43905  97.2266 127.1868 0020972  59.7012 300.6300 15.28587718147660 | 2021/08/21-12:12:09   25.5617    0.1241  300.4229   94.2046     6858.1703     6843.7873     6872.5532 -58.765273  77.457436  -0.002082  -0.000252
1 43905U 18111AF  21234.94859484  .00005083  00000-0  18414-3 0  9993 | 2 43905  97.2261 128.5849 0020921  55.0852 305.2350 15.28608706147885 | 2021/08/22-22:45:58  184.0489    0.1241  305.0389   94.2033     6858.1075     6843.7597     6872.4554 -60.637353  76.000171  -0.002088  -0.000134
1 43905U 18111AF  21236.45420153  .00003591  00000-0  13087-3 0  9991 | 2 43905  97.2257 130.0462 0020764  50.0375 310.2685 15.28615325148118 | 2021/08/24-10:54:03    6.1042    0.1241  310.0866   94.2029     6858.0877     6843.8476     6872.3278 -62.555511  74.428790  -0.002076  -0.000003
1 43905U 18111AF  21237.56703550  .00004139  00000-0  15041-3 0  9990 | 2 43905  97.2255 131.1263 0020722  46.2845 314.0107 15.28624097148285 | 2021/08/25-13:36:31   46.7520    0.1241  313.8396   94.2024     6858.0615     6843.8502     6872.2727 -63.947261  73.236232  -0.002070   0.000094
1 43905U 18111AF  21238.61440251  .00004205  00000-0  15273-3 0  9994 | 2 43905  97.2252 132.1428 0020624  42.8783 317.4061 15.28631237148448 | 2021/08/26-14:44:44   63.8307    0.1241  317.2458   94.2019     6858.0401     6843.8961     6872.1841 -65.236232  72.090038  -0.002055   0.000179
1 43905U 18111AF  21239.66176609  .00003787  00000-0  13778-3 0  9995 | 2 43905  97.2250 133.1594 0020551  39.3939 320.8792 15.28636651148606 | 2021/08/27-15:52:56   80.9087    0.1242  320.7303   94.2016     6858.0239     6843.9300     6872.1179 -66.504854  70.921118  -0.002038   0.000266
1 43905U 18111AF  21241.49461565  .00016708  00000-0  59719-3 0  9999 | 2 43905  97.2246 134.9384 0020362  33.3239 326.9279 15.28690249148884 | 2021/08/29-11:52:14   20.7833    0.1242  326.8003   94.1983     6857.8636     6843.8996     6871.8276 -68.674222  68.822047  -0.001994   0.000414
1 43905U 18111AF  21242.67285435  .00014153  00000-0  50620-3 0  9994 | 2 43905  97.2245 136.0820 0020220  29.4867 330.7510 15.28707932149067 | 2021/08/30-16:08:54   84.9811    0.1242  330.6375   94.1972     6857.8107     6843.9442     6871.6772 -70.034039  67.437651  -0.001958   0.000504
1 43905U 18111AF  21244.24383840  .00003752  00000-0  13633-3 0  9994 | 2 43905  97.2247 137.6069 0020083  24.0995 336.1181 15.28699229149301 | 2021/09/01-05:51:07  290.5790    0.1242  336.0247   94.1977     6857.8368     6844.0642     6871.6094 -71.803994  65.550201  -0.001907   0.000630
1 43905U 18111AF  21245.48752622  .00002601  00000-0  95301-4 0  9994 | 2 43905  97.2247 138.8142 0019942  19.8486 340.3526 15.28702779149490 | 2021/09/02-11:42:02   18.3415    0.1242  340.2756   94.1975     6857.8261     6844.1503     6871.5020 -73.169183  64.022753  -0.001858   0.000726
1 43905U 18111AF  21246.60029561  .00002284  00000-0  84008-4 0  9997 | 2 43905  97.2245 139.8943 0019814  16.0245 344.1618 15.28707227149664 | 2021/09/03-14:24:25   58.9701    0.1242  344.0997   94.1972     6857.8128     6844.2248     6871.4009 -74.362870  62.631996  -0.001809   0.000808
1 43905U 18111AF  21247.97488807  .00002425  00000-0  89013-4 0  9998 | 2 43905  97.2244 141.2285 0019666  11.3125 348.8553 15.28713911149878 | 2021/09/04-23:23:50  193.8626    0.1241  348.8116   94.1968     6857.7929     6844.3063     6871.2794 -75.800960  60.883482  -0.001745   0.000907
1 43905U 18111AF  21249.08764967  .00002263  00000-0  83232-4 0  9993 | 2 43905  97.2241 142.3084 0019529   7.4644 352.6883 15.28718296150045 | 2021/09/06-02:06:12  234.4887    0.1242  352.6598   94.1966     6857.7797     6844.3872     6871.1723 -76.934712  59.443888  -0.001687   0.000983
1 43905U 18111AF  21250.46223160  .00002344  00000-0  86120-4 0  9991 | 2 43905  97.2237 143.6425 0019367   2.5881 357.5456 15.28725130150250 | 2021/09/07-11:05:36    9.3780    0.1242  357.5361   94.1961     6857.7593     6844.4779     6871.0407 -78.297527  57.636317  -0.001610   0.001077
1 43905U 18111AF  21251.50952467  .00004611  00000-0  16683-3 0  9991 | 2 43905  97.2233 144.6589 0019251 358.8636   1.2557 15.28737780150412 | 2021/09/08-12:13:42   26.4338    0.1241    1.2605   94.1954     6857.7215     6844.5197     6870.9233 -79.307269  56.238129  -0.001548   0.001144
1 43905U 18111AF  21252.62225924  .00007719  00000-0  27724-3 0  9996 | 2 43905  97.2229 145.7389 0019074 354.9746   5.1300 15.28760423150586 | 2021/09/09-14:56:03   67.0497    0.1242    5.1496   94.1940     6857.6538     6844.5735     6870.7340 -80.352851  54.733095  -0.001476   0.001208
1 43905U 18111AF  21253.66952569  .00008637  00000-0  30971-3 0  9991 | 2 43905  97.2224 146.7552 0018914 351.3363   8.7548 15.28780680150740 | 2021/09/10-16:04:07   84.0950    0.1242    8.7879   94.1927     6857.5932     6844.6227     6870.5636 -81.310585  53.299004  -0.001408   0.001263
1 43905U 18111AF  21255.17494749  .00009369  00000-0  33542-3 0  9990 | 2 43905  97.2221 148.2163 0018734 345.9185  14.1531 15.28810451150971 | 2021/09/12-04:11:55  266.0891    0.1242   14.2057   94.1909     6857.5042     6844.6573     6870.3510 -82.642924  51.208240  -0.001305   0.001345
1 43905U 18111AF  21256.22218013  .00008680  00000-0  31081-3 0  9996 | 2 43905  97.2221 149.2330 0018620 342.1227  17.9356 15.28830385151131 | 2021/09/13-05:19:56  283.1216    0.1242   18.0015   94.1897     6857.4445     6844.6760     6870.2131 -83.538543  49.733776  -0.001230   0.001398
1 43905U 18111AF  21257.26940010  .00008599  00000-0  30779-3 0  9992 | 2 43905  97.2221 150.2496 0018504 338.4106  21.6352 15.28849396151298 | 2021/09/14-06:27:56  300.1489    0.1241   21.7135   94.1885     6857.3877     6844.6988     6870.0766 -84.407775  48.243800  -0.001156   0.001445
1 43905U 18111AF  21258.44751047  .00005959  00000-0  21410-3 0  9992 | 2 43905  97.2222 151.3932 0018353 334.0456  25.9862 15.28862645151473 | 2021/09/15-10:44:24    4.3003    0.1241   26.0785   94.1877     6857.3481     6844.7628     6869.9334 -85.353912  46.549606  -0.001064   0.001495
1 43905U 18111AF  21259.49471562  .00003624  00000-0  13123-3 0  9998 | 2 43905  97.2222 152.4095 0018264 330.1227  29.8970 15.28866603151638 | 2021/09/16-11:52:23   21.3221    0.1242   30.0015   94.1874     6857.3362     6844.8120     6869.8605 -86.166129  45.028374  -0.000982   0.001540
1 43905U 18111AF  21260.93461978  .00002861  00000-0  10418-3 0  9995 | 2 43905  97.2221 153.8069 0017992 325.0548  34.9510 15.28871023151852 | 2021/09/17-22:25:51  179.7233    0.1241   35.0693   94.1871     6857.3230     6844.9853     6869.6607 -87.238512  42.913621  -0.000868   0.001576
1 43905U 18111AF  21262.11271748  .00001856  00000-0  68493-4 0  9991 | 2 43905  97.2221 154.9503 0017978 320.4078  39.5849 15.28873991152031 | 2021/09/19-02:42:18  243.8694    0.1242   39.7164   94.1870     6857.3142     6844.9861     6869.6422 -88.077472  41.164251  -0.000770   0.001625
1 43905U 18111AF  21263.15991311  .00002105  00000-0  77333-4 0  9992 | 2 43905  97.2219 155.9668 0017877 316.4218  43.5609 15.28879101152195 | 2021/09/20-03:50:16  260.8855    0.1241   43.7023   94.1866     6857.2989     6845.0401     6869.5577 -88.793697  39.595167  -0.000681   0.001653
1 43905U 18111AF  21264.46890488  .00001872  00000-0  69030-4 0  9995 | 2 43905  97.2215 157.2369 0017813 311.4426  48.5284 15.28882972152396 | 2021/09/21-11:15:13   12.1543    0.1242   48.6816   94.1864     6857.2873     6845.0724     6869.5022 -89.649163  37.617118  -0.000571   0.001687
1 43905U 18111AF  21265.51609241  .00002774  00000-0  10105-3 0  9997 | 2 43905  97.2211 158.2532 0017674 307.4202  52.5429 15.28891062152551 | 2021/09/22-12:23:10   29.1656    0.1241   52.7039   94.1859     6857.2631     6845.1436     6869.3826 -90.301898  36.020958  -0.000477   0.001702
1 43905U 18111AF  21266.69415477  .00013456  00000-0  47889-3 0  9991 | 2 43905  97.2206 159.3967 0017482 303.1420  56.8142 15.28934425152731 | 2021/09/23-16:39:34   93.2926    0.1241   56.9821   94.1832     6857.1335     6845.1458     6869.1211 -91.002299  34.211498  -0.000380   0.001707
1 43905U 18111AF  21267.93764380  .00013047  00000-0  46405-3 0  9998 | 2 43905  97.2202 160.6036 0017404 298.1150  61.8331 15.28961984152923 | 2021/09/24-22:30:12  180.9755    0.1241   62.0091   94.1815     6857.0511     6845.1170     6868.9851 -91.702324  32.287010  -0.000264   0.001720
1 43905U 18111AF  21269.24655251  .00012060  00000-0  42881-3 0  9998 | 2 43905  97.2199 161.8739 0017303 292.9139  67.0274 15.28994210153123 | 2021/09/26-05:55:02  292.2092    0.1240   67.2101   94.1796     6856.9547     6845.0901     6868.8193 -92.395276  30.246023  -0.000144   0.001724
1 43905U 18111AF  21270.42454691  .00012829  00000-0  45553-3 0  9997 | 2 43905  97.2198 163.0173 0017204 288.2425  71.6942 15.29023848153308 | 2021/09/27-10:11:20  356.3095    0.1240   71.8815   94.1777     6856.8661     6845.0695     6868.6627 -92.980335  28.396245  -0.000038   0.001720
1 43905U 18111AF  21271.92974233  .00009353  00000-0  33279-3 0  9992 | 2 43905  97.2198 164.4783 0017114 282.3360  77.5964 15.29041031153531 | 2021/09/28-22:18:49  178.2067    0.1240   77.7880   94.1767     6856.8147     6845.0800     6868.5495 -93.674113  26.016341   0.000095   0.001709
1 43905U 18111AF  21273.43492800  .00003643  00000-0  13129-3 0  9993 | 2 43905  97.2200 165.9394 0017084 276.5523  83.3773 15.29045492153764 | 2021/09/30-10:26:17    0.0989    0.1241   83.5718   94.1764     6856.8014     6845.0872     6868.5156 -94.307222  23.619406   0.000223   0.001694
1 43905U 18111AF  21274.48200755  .00003798  00000-0  13672-3 0  9999 | 2 43905  97.2200 166.9557 0017068 272.3817  87.5470 15.29053091153920 | 2021/10/01-11:34:05   17.0642    0.1241   87.7424   94.1759     6856.7787     6845.0755     6868.4818 -94.711320  21.942977   0.000316   0.001677
1 43905U 18111AF  21275.65996654  .00003310  00000-0  11947-3 0  9992 | 2 43905  97.2200 168.0989 0017065 267.7210  92.2077 15.29059798154101 | 2021/10/02-15:50:21   81.1472    0.1241   92.4031   94.1755     6856.7586     6845.0576     6868.4597 -95.130259  20.048997   0.000418   0.001655
1 43905U 18111AF  21276.70703581  .00003151  00000-0  11382-3 0  9990 | 2 43905  97.2200 169.1152 0017047 263.5485  96.3814 15.29066971154265 | 2021/10/03-16:58:07   98.1067    0.1240   96.5755   94.1751     6856.7372     6845.0485     6868.4259 -95.470900  18.358532   0.000508   0.001627
1 43905U 18111AF  21277.95042501  .00002871  00000-0  10394-3 0  9996 | 2 43905  97.2200 170.3220 0017070 258.6815 101.2508 15.29074590154456 | 2021/10/04-22:48:36  185.7432    0.1241  101.4426   94.1746     6856.7144     6845.0100     6868.4188 -95.836374  16.343740   0.000612   0.001594
1 43905U 18111AF  21279.25924750  .00003273  00000-0  11807-3 0  9993 | 2 43905  97.2196 171.5922 0017096 253.5412 106.3950 15.29084839154653 | 2021/10/06-06:13:18  296.9352    0.1240  106.5828   94.1740     6856.6838     6844.9616     6868.4059 -96.174726  14.215227   0.000719   0.001551
1 43905U 18111AF  21280.56804296  .00013093  00000-0  46335-3 0  9996 | 2 43905  97.2194 172.8624 0017084 248.0445 111.8980 15.29130792154852 | 2021/10/07-13:37:58   48.1151    0.1240  112.0795   94.1711     6856.5464     6844.8327     6868.2601 -96.466009  12.079769   0.000831   0.001493
1 43905U 18111AF  21281.68049470  .00011114  00000-0  39347-3 0  9992 | 2 43905  97.2188 173.9422 0017110 243.6905 116.2578 15.29159289155029 | 2021/10/08-16:19:54   88.6086    0.1240  116.4335   94.1694     6856.4612     6844.7298     6868.1926 -96.675924  10.259664   0.000916   0.001445
1 43905U 18111AF  21283.25098385  .00016707  00000-0  58896-3 0  9999 | 2 43905  97.2182 175.4667 0017140 237.7169 122.2411 15.29200955155266 | 2021/10/10-06:01:25  293.9984    0.1239  122.4070   94.1668     6856.3367     6844.5849     6868.0884 -96.914059   7.683979   0.001027   0.001372
1 43905U 18111AF  21284.49425693  .00015532  00000-0  54725-3 0  9994 | 2 43905  97.2182 176.6737 0017167 232.7319 127.2357 15.29234211155455 | 2021/10/11-11:51:43   21.5856    0.1240  127.3921   94.1648     6856.2373     6844.4672     6868.0074 -97.054415   5.640822   0.001117   0.001304
1 43905U 18111AF  21285.93379601  .00021816  00000-0  76570-3 0  9995 | 2 43905  97.2178 178.0712 0017258 226.9741 133.0054 15.29288806155676 | 2021/10/12-22:24:39  179.8291    0.1239  133.1498   94.1614     6856.0741     6844.2419     6867.9063 -97.162719   3.272113   0.001219   0.001221
1 43905U 18111AF  21287.43874320  .00005795  00000-0  20566-3 0  9992 | 2 43905  97.2183 179.5321 0017397 221.1021 138.8910 15.29293294155903 | 2021/10/14-10:31:47    1.6190    0.1240  139.0219   94.1611     6856.0607     6844.1332     6867.9882 -97.215058   0.793914   0.001320   0.001133
1 43905U 18111AF  21288.68195393  .00003318  00000-0  11885-3 0  9999 | 2 43905  97.2180 180.7393 0017420 216.3322 143.6738 15.29298014156098 | 2021/10/15-16:22:00   89.1801    0.1240  143.7918   94.1608     6856.0466     6844.1033     6867.9898 -97.209907  -1.254390   0.001390   0.001050
1 43905U 18111AF  21290.25231834  .00002639  00000-0  95035-4 0  9991 | 2 43905  97.2182 182.2635 0017562 210.3970 149.6254 15.29304693156333 | 2021/10/17-06:03:20  294.5185    0.1240  149.7270   94.1604     6856.0266     6843.9860     6868.0672 -97.142346  -3.839657   0.001479   0.000948
1 43905U 18111AF  21291.43008514  .00003358  00000-0  12019-3 0  9998 | 2 43905  97.2182 183.4067 0017686 206.0573 153.9779 15.29313484156511 | 2021/10/18-10:19:19  358.5194    0.1239  154.0666   94.1599     6856.0003     6843.8748     6868.1258 -97.046404  -5.777007   0.001540   0.000870
1 43905U 18111AF  21292.67327786  .00002615  00000-0  94132-4 0  9992 | 2 43905  97.2180 184.6134 0017814 201.4373 158.6124 15.29318627156708 | 2021/10/19-16:09:31   86.0729    0.1240  158.6867   94.1596     6855.9850     6843.7717     6868.1982 -96.903023  -7.819442   0.001600   0.000782
1 43905U 18111AF  21294.24361166  .00007388  00000-0  26084-3 0  9999 | 2 43905  97.2159 186.1364 0018329 196.1784 163.9461 15.29350446156948 | 2021/10/21-05:50:48  291.3431    0.1825  164.0041   94.1576     6855.8899     6843.3237     6868.4560 -96.658876 -10.391967   0.001696   0.000696
1 43905U 18111AF  21295.48675180  .00008796  00000-0  30974-3 0  9997 | 2 43905  97.2175 187.3445 0018121 190.8404 169.2448 15.29379998157138 | 2021/10/22-11:40:55   18.9301    0.1239  169.2835   94.1558     6855.8015     6843.3781     6868.2249 -96.419875 -12.427794   0.001722   0.000566
1 43905U 18111AF  21296.66445583  .00009607  00000-0  33777-3 0  9996 | 2 43905  97.2170 188.4878 0018221 186.4564 173.6444 15.29402538157316 | 2021/10/23-15:56:48   82.9054    0.1239  173.6675   94.1544     6855.7342     6843.2423     6868.2260 -96.152213 -14.349114   0.001760   0.000470
1 43905U 18111AF  21298.23469905  .00010583  00000-0  37138-3 0  9995 | 2 43905  97.2167 190.0121 0018386 180.8048 179.3166 15.29435731157550 | 2021/10/25-05:37:57  288.1958    0.1239  179.3191   94.1524     6855.6350     6843.0302     6868.2398 -95.736193 -16.901721   0.001806   0.000345
1 43905U 18111AF  21300.26287264  .00011393  00000-0  39892-3 0  9997 | 2 43905  97.2164 191.9813 0018632 173.5713 186.5770 15.29485469157865 | 2021/10/27-06:18:32  298.3412    0.1239  186.5526   94.1493     6855.4864     6842.7132     6868.2595 -95.098580 -20.181389   0.001854   0.000180
1 43905U 18111AF  21301.63677789  .00006752  00000-0  23749-3 0  9991 | 2 43905  97.2164 193.3152 0018823 168.4740 191.6936 15.29493631158077 | 2021/10/28-15:16:57   72.9481    0.1240  191.6500   94.1488     6855.4620     6842.5579     6868.3660 -94.603010 -22.389705   0.001881   0.000059
1 43905U 18111AF  21303.20694367  .00005109  00000-0  18029-3 0  9997 | 2 43905  97.2168 194.8397 0018971 162.9997 197.1883 15.29503790158312 | 2021/10/30-04:57:59  278.2105    0.1239  197.1242   94.1482     6855.4316     6842.4262     6868.4371 -93.974246 -24.898739   0.001896  -0.000072
1 43905U 18111AF  21304.51540304  .00005654  00000-0  19915-3 0  9993 | 2 43905  97.2169 196.1100 0019109 158.4595 201.7454 15.29516633158516 | 2021/10/31-12:22:10   29.2584    0.1240  201.6645   94.1474     6855.3932     6842.2933     6868.4932 -93.399264 -26.975973   0.001902  -0.000181
1 43905U 18111AF  21305.56216164  .00005194  00000-0  18309-3 0  9998 | 2 43905  97.2170 197.1262 0019214 154.8700 205.3480 15.29526655158674 | 2021/11/01-13:29:30   46.0939    0.1239  205.2539   94.1468     6855.3633     6842.1914     6868.5352 -92.906248 -28.628205   0.001903  -0.000268
1 43905U 18111AF  21306.60891214  .00006129  00000-0  21546-3 0  9995 | 2 43905  97.2171 198.1424 0019340 151.2674 208.9636 15.29540385158833 | 2021/11/02-14:36:50   62.9266    0.1239  208.8565   94.1459     6855.3223     6842.0641     6868.5805 -92.384007 -30.271436   0.001901  -0.000355
1 43905U 18111AF  21308.17898161  .00026617  00000-0  92271-3 0  9994 | 2 43905  97.2167 199.6666 0019495 145.7034 214.5470 15.29610948159070 | 2021/11/04-04:17:44  268.1556    0.1240  214.4206   94.1416     6855.1114     6841.7474     6868.4755 -91.545748 -32.717928   0.001886  -0.000492
1 43905U 18111AF  21309.48736174  .00006266  00000-0  21974-3 0  9994 | 2 43905  97.2166 200.9372 0019634 141.4394 218.8253 15.29607871159275 | 2021/11/05-11:41:48   19.1771    0.1239  218.6845   94.1418     6855.1206     6841.6613     6868.5800 -90.797647 -34.739814   0.001871  -0.000594
1 43905U 18111AF  21311.44990752  .00003618  00000-0  12790-3 0  9991 | 2 43905  97.2160 202.8428 0019818 134.8341 225.4515 15.29626547159573 | 2021/11/07-10:47:52    5.7015    0.1240  225.2899   94.1406     6855.0648     6841.4795     6868.6502 -89.591682 -37.739651   0.001833  -0.000753
1 43905U 18111AF  21312.56200820  .00002917  00000-0  10358-3 0  9994 | 2 43905  97.2158 203.9227 0019878 131.1572 229.1388 15.29633526159744 | 2021/11/08-13:29:17   46.0635    0.1240  228.9668   94.1402     6855.0440     6841.4175     6868.6704 -88.864318 -39.421374   0.001803  -0.000838
1 43905U 18111AF  21313.60868696  .00002735  00000-0  97255-4 0  9991 | 2 43905  97.2157 204.9391 0019958 127.6724 232.6330 15.29639997159906 | 2021/11/09-14:36:30   62.8738    0.1239  232.4515   94.1398     6855.0246     6841.3434     6868.7059 -88.150966 -40.991457   0.001772  -0.000918
1 43905U 18111AF  21315.11327860  .00002905  00000-0  10310-3 0  9997 | 2 43905  97.2158 206.4001 0020065 122.7151 237.6028 15.29650170160135 | 2021/11/11-02:43:07  244.5362    0.1240  237.4089   94.1392     6854.9943     6841.2397     6868.7488 -87.077260 -43.225717   0.001722  -0.001030
1 43905U 18111AF  21316.61781111  .00009317  00000-0  32425-3 0  9991 | 2 43905  97.2161 207.8608 0020204 117.6937 242.6357 15.29708590160363 | 2021/11/12-14:49:38   66.1787    0.1240  242.4303   94.1356     6854.8197     6840.9702     6868.6692 -85.947351 -45.431520   0.001666  -0.001143
1 43905U 18111AF  21317.66443468  .00009205  00000-0  32018-3 0  9991 | 2 43905  97.2160 208.8773 0020256 114.2004 246.1357 15.29727384160520 | 2021/11/13-15:56:47   82.9716    0.1240  245.9236   94.1344     6854.7636     6840.8786     6868.6486 -85.127767 -46.949057   0.001619  -0.001217
1 43905U 18111AF  21319.49599314  .00009143  00000-0  31768-3 0  9998 | 2 43905  97.2163 210.6559 0020356 108.2185 252.1273 15.29761294160803 | 2021/11/15-11:54:13   22.3496    0.1240  251.9055   94.1323     6854.6623     6840.7089     6868.6156 -83.629834 -49.568739   0.001533  -0.001339
1 43905U 18111AF  21320.93504038  .00011925  00000-0  41296-3 0  9996 | 2 43905  97.2163 212.0533 0020432 103.5469 256.8050 15.29797637161028 | 2021/11/16-22:26:27  180.4215    0.1241  256.5772   94.1301     6854.5537     6840.5485     6868.5589 -82.396138 -51.593462   0.001460  -0.001430
1 43905U 18111AF  21322.50487235  .00009949  00000-0  34465-3 0  9993 | 2 43905  97.2162 213.5778 0020503  98.4757 261.8809 15.29833549161262 | 2021/11/18-12:07:00   25.5791    0.1241  261.6484   94.1279     6854.4464     6840.3928     6868.5001 -80.994277 -53.767245   0.001373  -0.001522
1 43905U 18111AF  21323.94385661  .00008214  00000-0  28480-3 0  9996 | 2 43905  97.2160 214.9753 0020542  93.7286 266.6305 15.29858656161480 | 2021/11/19-22:39:09  183.6318    0.1241  266.3955   94.1263     6854.3715     6840.2912     6868.4517 -79.658716 -55.726471   0.001284  -0.001603
1 43905U 18111AF  21325.12118991  .00010449  00000-0  36126-3 0  9997 | 2 43905  97.2156 216.1188 0020567  89.9870 270.3728 15.29882520161662 | 2021/11/21-02:54:30  247.4880    0.1241  270.1371   94.1249     6854.3002     6840.2029     6868.3974 -78.530423 -57.304848   0.001212  -0.001662
1 43905U 18111AF  21326.42931415  .00010398  00000-0  35918-3 0  9996 | 2 43905  97.2152 217.3894 0020553  85.7131 274.6458 15.29910611161866 | 2021/11/22-10:18:12  358.4324    0.1241  274.4110   94.1231     6854.2163     6840.1288     6868.3037 -77.240099 -59.031875   0.001122  -0.001722
1 43905U 18111AF  21327.60660574  .00009967  00000-0  34417-3 0  9995 | 2 43905  97.2150 218.5329 0020557  81.8063 278.5509 15.29934993162045 | 2021/11/23-14:33:30   62.2759    0.1242  278.3179   94.1216     6854.1434     6840.0534     6868.2335 -76.046489 -60.561437   0.001038  -0.001774
1 43905U 18111AF  21329.17629882  .00009556  00000-0  32978-3 0  9990 | 2 43905  97.2148 220.0576 0020541  76.8773 283.4758 15.29966946162289 | 2021/11/25-04:13:52  267.3920    0.1241  283.2468   94.1197     6854.0480     6839.9691     6868.1269 -74.407999 -62.563304   0.000930  -0.001831
1 43905U 18111AF  21330.41894773  .00009812  00000-0  33824-3 0  9998 | 2 43905  97.2147 221.2648 0020571  72.8926 287.4566 15.29994042162470 | 2021/11/26-10:03:17  354.7671    0.1242  287.2316   94.1180     6853.9671     6839.8678     6868.0664 -73.073322 -64.116983   0.000842  -0.001877
1 43905U 18111AF  21331.59617422  .00011675  00000-0  40157-3 0  9999 | 2 43905  97.2148 222.4082 0020555  69.0638 291.2801 15.30020639162655 | 2021/11/27-14:18:29   58.5909    0.1242  291.0604   94.1164     6853.8877     6839.7995     6867.9758 -71.779406 -65.562445   0.000752  -0.001913
1 43905U 18111AF  21332.96957606  .00012901  00000-0  44294-3 0  9991 | 2 43905  97.2152 223.7423 0020487  64.6355 295.7005 15.30056755162860 | 2021/11/28-23:16:11  193.0430    0.1242  295.4887   94.1142     6853.7798     6839.7385     6867.8211 -70.233791 -67.216142   0.000646  -0.001944
1 43905U 18111AF  21335.12770266  .00012450  00000-0  42675-3 0  9997 | 2 43905  97.2157 225.8388 0020346  57.5631 302.7575 15.30121355163197 | 2021/12/01-03:03:53  250.0147    0.1243  302.5612   94.1102     6853.5869     6839.6426     6867.5312 -67.728181 -69.740847   0.000472  -0.001979
1 43905U 18111AF  21336.17403325  .00017134  00000-0  58530-3 0  9993 | 2 43905  97.2157 226.8553 0020339  54.2795 306.0335 15.30160558163356 | 2021/12/02-04:10:36  266.7161    0.1242  305.8447   94.1078     6853.4698     6839.5306     6867.4091 -66.480296 -70.931393   0.000393  -0.001996
1 43905U 18111AF  21337.28574346  .00007261  00000-0  24972-3 0  9991 | 2 43905  97.2159 227.9353 0020281  50.5586 309.7446 15.30172091163528 | 2021/12/03-06:51:28  306.9573    0.1242  309.5656   94.1071     6853.4354     6839.5359     6867.3349 -65.131674 -72.171991   0.000300  -0.002006
1 43905U 18111AF  21338.92060294  .00003290  00000-0  11455-3 0  9995 | 2 43905  97.2153 229.5236 0020189  45.2191 315.0688 15.30177658163779 | 2021/12/04-22:05:40  175.5451    0.1242  314.9051   94.1067     6853.4188     6839.5824     6867.2551 -63.105833 -73.949093   0.000167  -0.002012
1 43905U 18111AF  21339.96690577  .00003433  00000-0  11940-3 0  9991 | 2 43905  97.2152 230.5408 0020079  41.6752 318.6015 15.30185351163932 | 2021/12/05-23:12:20  192.2394    0.1243  318.4491   94.1062     6853.3958     6839.6349     6867.1567 -61.783039 -75.057653   0.000078  -0.002006
1 43905U 18111AF  21341.14399111  .00003011  00000-0  10503-3 0  9990 | 2 43905  97.2150 231.6846 0019991  37.7402 322.5236 15.30192414164115 | 2021/12/07-03:27:20  256.0195    0.1241  322.3839   94.1058     6853.3747     6839.6741     6867.0753 -60.272322 -76.275838  -0.000020  -0.001999
1 43905U 18111AF  21342.58264453  .00002455  00000-0  86089-4 0  9993 | 2 43905  97.2149 233.0825 0019868  32.8411 327.4060 15.30198881164332 | 2021/12/08-13:59:00   53.9715    0.1242  327.2831   94.1054     6853.3554     6839.7392     6866.9717 -58.393534 -77.723432  -0.000141  -0.001982
1 43905U 18111AF  21343.69432769  .00002136  00000-0  75231-4 0  9996 | 2 43905  97.2148 234.1627 0019760  29.1291 331.1048 15.30203029164507 | 2021/12/09-16:39:49   94.2062    0.1242  330.9951   94.1052     6853.3430     6839.8008     6866.8852 -56.917862 -78.810370  -0.000231  -0.001962
1 43905U 18111AF  21345.13297149  .00001669  00000-0  59347-4 0  9998 | 2 43905  97.2148 235.5605 0019603  24.2121 336.0037 15.30207579164722 | 2021/12/11-03:11:28  252.1562    0.1242  335.9121   94.1049     6853.3294     6839.8949     6866.7640 -54.978441 -80.175360  -0.000348  -0.001929
1 43905U 18111AF  21346.44082522  .00001970  00000-0  69571-4 0  9995 | 2 43905  97.2149 236.8313 0019479  19.7649 340.4343 15.30213279164923 | 2021/12/12-10:34:47    3.0184    0.1243  340.3594   94.1045     6853.3124     6839.9629     6866.6620 -53.186858 -81.375027  -0.000452  -0.001895
1 43905U 18111AF  21347.48710444  .00001976  00000-0  69789-4 0  9998 | 2 43905  97.2151 237.8478 0019394  16.0260 344.1590 15.30217851165087 | 2021/12/13-11:41:25   19.7079    0.1242  344.0982   94.1042     6853.2988     6840.0075     6866.5901 -51.734973 -82.305943  -0.000539  -0.001863
1 43905U 18111AF  21348.59876443  .00005762  00000-0  19843-3 0  9995 | 2 43905  97.2150 238.9279 0019323  12.4851 347.6865 15.30239281165258 | 2021/12/14-14:22:13   59.9345    0.1243  347.6392   94.1029     6853.2348     6839.9923     6866.4773 -50.174247 -83.266447  -0.000616  -0.001832
1 43905U 18111AF  21349.64502762  .00002630  00000-0  91957-4 0  9990 | 2 43905  97.2155 239.9448 0019172   8.7361 351.4210 15.30242473165410 | 2021/12/15-15:28:50   76.6181    0.1242  351.3881   94.1027     6853.2253     6840.0863     6866.3643 -48.688839 -84.144224  -0.000697  -0.001786
1 43905U 18111AF  21350.75667741  .00003207  00000-0  11158-3 0  9998 | 2 43905  97.2154 241.0246 0019022   4.8931 355.2493 15.30250150165587 | 2021/12/16-18:09:36  116.8426    0.1243  355.2312   94.1023     6853.2023     6840.1662     6866.2385 -47.094451 -85.046733  -0.000776  -0.001737
1 43905U 18111AF  21352.45683634  .00003903  00000-0  13520-3 0  9994 | 2 43905  97.2152 242.6766 0018815 358.8530   1.2665 15.30263495165849 | 2021/12/18-10:57:50    8.9465    0.1243    1.2713   94.1014     6853.1625     6840.2683     6866.0567 -44.622986 -86.368885  -0.000897  -0.001654
1 43905U 18111AF  21353.63385987  .00004755  00000-0  16411-3 0  9993 | 2 43905  97.2151 243.8204 0018660 354.7257   5.3785 15.30274750166022 | 2021/12/19-15:12:45   72.7066    0.1243    5.3986   94.1007     6853.1289     6840.3409     6865.9168 -42.889976 -87.242339  -0.000974  -0.001592
1 43905U 18111AF  21354.68009304  .00006723  00000-0  23083-3 0  9995 | 2 43905  97.2149 244.8371 0018548 351.0100   9.0807 15.30290911166187 | 2021/12/20-16:19:20   89.3786    0.1243    9.1143   94.0998     6853.0806     6840.3695     6865.7917 -41.335125 -87.989455  -0.001041  -0.001535
1 43905U 18111AF  21355.98787145  .00006559  00000-0  22516-3 0  9992 | 2 43905  97.2146 246.1079 0018364 346.3969  13.6775 15.30307418166388 | 2021/12/21-23:42:32  200.2133    0.1243   13.7274   94.0987     6853.0314     6840.4465     6865.6163 -39.373422 -88.884262  -0.001118  -0.001457
1 43905U 18111AF  21357.42640916  .00006732  00000-0  23090-3 0  9998 | 2 43905  97.2142 247.5058 0018170 341.0701  18.9862 15.30328015166603 | 2021/12/23-10:14:01  358.1250    0.1242   19.0541   94.0975     6852.9699     6840.5180     6865.4217 -37.193172 -89.817975  -0.001202  -0.001362
1 43905U 18111AF  21358.60338146  .00006387  00000-0  21912-3 0  9995 | 2 43905  97.2143 248.6496 0018037 336.7035  23.3387 15.30343178166783 | 2021/12/24-14:28:52   61.8654    0.1243   23.4208   94.0965     6852.9246     6840.5640     6865.2852 -35.392873 -90.542612  -0.001268  -0.001283
1 43905U 18111AF  21359.64956586  .00009066  00000-0  30970-3 0  9995 | 2 43905  97.2142 249.6663 0017936 332.8579  27.1723 15.30364349166943 | 2021/12/25-15:35:22   78.5182    0.1242   27.2663   94.0952     6852.8614     6840.5701     6865.1527 -33.780694 -91.156269  -0.001322  -0.001212
1 43905U 18111AF  21360.89187195  .00010620  00000-0  36178-3 0  9990 | 2 43905  97.2141 250.8737 0017673 328.4556  31.5625 15.30413982167132 | 2021/12/26-21:24:17  165.7776    0.1243   31.6687   94.0922     6852.7132     6840.6024     6864.8240 -31.852357 -91.847747  -0.001367  -0.001120
1 43905U 18111AF  21362.13416557  .00006465  00000-0  22126-3 0  9996 | 2 43905  97.2144 252.0810 0017554 323.7917  36.2135 15.30425984167322 | 2021/12/28-03:13:11  253.0334    0.1243   36.3326   94.0915     6852.6774     6840.6482     6864.7066 -29.910165 -92.498766  -0.001422  -0.001029
1 43905U 18111AF  21363.18029803  .00005976  00000-0  20466-3 0  9997 | 2 43905  97.2146 253.0976 0017461 319.8304  40.1645 15.30437739167489 | 2021/12/29-04:19:37  269.6659    0.1242   40.2938   94.0907     6852.6423     6840.6769     6864.6077 -28.264394 -93.015066  -0.001466  -0.000949
1 43905U 18111AF  21364.61871598  .00005163  00000-0  17712-3 0  9990 | 2 43905  97.2148 254.4954 0017358 314.3229  45.6588 15.30454051167700 | 2021/12/30-14:50:57   67.5295    0.1242   45.8013   94.0897     6852.5936     6840.6989     6864.4884 -25.987046 -93.677056  -0.001521  -0.000837
1 43905U 18111AF  21365.66483014  .00004099  00000-0  14111-3 0  9995 | 2 43905  97.2149 255.5121 0017232 310.3551  49.6185 15.30462811167861 | 2021/12/31-15:57:21   84.1531    0.1242   49.7691   94.0892     6852.5675     6840.7591     6864.3758 -24.320790 -94.123514  -0.001551  -0.000752
1 43905U 18111AF  22002.23397721  .00017779  00000-0  60183-3 0  9995 | 2 43905  97.2149 257.0371 0017064 304.3105  55.6521 15.30509755168104 | 2022/01/02-05:36:55  289.0787    0.1242   55.8137   94.0863     6852.4274     6840.7344     6864.1203 -21.807255 -94.737429  -0.001589  -0.000621
1 43905U 18111AF  22003.60695739  .00007574  00000-0  25809-3 0  9995 | 2 43905  97.2146 258.3719 0016936 299.0451  60.9093 15.30519732168314 | 2022/01/03-14:34:01   63.3782    0.1242   61.0791   94.0857     6852.3976     6840.7924     6864.0028 -19.594411 -95.219418  -0.001616  -0.000507
1 43905U 18111AF  22004.65303208  .00003907  00000-0  13441-3 0  9993 | 2 43905  97.2143 259.3890 0016878 294.9094  65.0393 15.30522323168470 | 2022/01/04-15:40:21   79.9848    0.1242   65.2148   94.0855     6852.3898     6840.8244     6863.9553 -17.901047 -95.551937  -0.001636  -0.000417
1 43905U 18111AF  22005.69909953  .00003895  00000-0  13397-3 0  9993 | 2 43905  97.2140 260.4059 0016860 290.9289  69.0148 15.30531552168634 | 2022/01/05-16:46:42   96.5882    0.1242   69.1953   94.0850     6852.3623     6840.8092     6863.9154 -16.202386 -95.854288  -0.001653  -0.000331
1 43905U 18111AF  22007.46430704  .00007857  00000-0  26725-3 0  9994 | 2 43905  97.2134 262.1217 0016674 283.9186  76.0200 15.30569155168900 | 2022/01/07-11:08:36   12.0921    0.1241   76.2055   94.0826     6852.2501     6840.8246     6863.6755 -13.324982 -96.295846  -0.001658  -0.000175
1 43905U 18111AF  22008.51034750  .00005665  00000-0  19342-3 0  9994 | 2 43905  97.2135 263.1385 0016635 279.8144  80.1219 15.30576108169063 | 2022/01/08-12:14:54   28.6832    0.1242   80.3098   94.0822     6852.2293     6840.8306     6863.6280 -11.614070 -96.517242  -0.001661  -0.000086
1 43905U 18111AF  22009.68713760  .00004594  00000-0  15731-3 0  9996 | 2 43905  97.2136 264.2823 0016636 275.2202  84.7141 15.30582686169241 | 2022/01/09-16:29:28   92.3457    0.1242   84.9040   94.0818     6852.2097     6840.8103     6863.6090  -9.685113 -96.729947  -0.001664   0.000014
1 43905U 18111AF  22010.99467231  .00004664  00000-0  15962-3 0  9995 | 2 43905  97.2138 265.5532 0016603 270.0007  89.9332 15.30593718169443 | 2022/01/10-23:52:19  203.0765    0.1242   90.1235   94.0811     6852.1768     6840.8001     6863.5534  -7.537317 -96.921163  -0.001655   0.000129
1 43905U 18111AF  22012.17142913  .00013872  00000-0  46865-3 0  9991 | 2 43905  97.2140 266.6969 0016544 265.2869  94.6483 15.30636215169628 | 2022/01/12-04:06:51  266.7238    0.1241   94.8372   94.0785     6852.0499     6840.7139     6863.3860  -5.601280 -97.052498  -0.001638   0.000231
1 43905U 18111AF  22013.41353868  .00010972  00000-0  37106-3 0  9998 | 2 43905  97.2142 267.9043 0016483 260.3010  99.6370 15.30661884169814 | 2022/01/13-09:55:29  353.8973    0.1242   99.8232   94.0769     6851.9733     6840.6792     6863.2674  -3.554998 -97.149177  -0.001613   0.000337
1 43905U 18111AF  22014.45951620  .00007001  00000-0  23772-3 0  9996 | 2 43905  97.2143 268.9212 0016524 256.0759 103.8644 15.30669329169973 | 2022/01/14-11:01:42   10.4610    0.1240  104.0481   94.0765     6851.9511     6840.6289     6863.2733  -1.830302 -97.197068  -0.001596   0.000428
1 43905U 18111AF  22015.50547238  .00018841  00000-0  63372-3 0  9993 | 2 43905  97.2143 269.9380 0016469 251.9038 108.0410 15.30714028170137 | 2022/01/15-12:07:52   27.0149    0.1241  108.2203   94.0737     6851.8177     6840.5334     6863.1020  -0.105196 -97.214243  -0.001565   0.000513
1 43905U 18111AF  22016.68212652  .00016369  00000-0  55008-3 0  9992 | 2 43905  97.2139 271.0823 0016396 247.2638 112.6871 15.30773808170314 | 2022/01/16-16:22:15   90.6197    0.1241  112.8603   94.0701     6851.6393     6840.4054     6862.8733   1.836232 -97.196557  -0.001524   0.000605
1 43905U 18111AF  22018.18560772  .00007425  00000-0  25106-3 0  9997 | 2 43905  97.2141 272.5440 0016539 241.4430 118.5147 15.30786433170547 | 2022/01/18-04:27:16  271.8863    0.1241  118.6811   94.0693     6851.6016     6840.2698     6862.9335   4.315002 -97.118289  -0.001486   0.000725
1 43905U 18111AF  22019.42760142  .00006596  00000-0  22321-3 0  9992 | 2 43905  97.2135 273.7516 0016617 236.4930 123.4724 15.30800666170735 | 2022/01/19-10:15:44  359.0129    0.1241  123.6311   94.0684     6851.5592     6840.1739     6862.9444   6.360776 -97.005181  -0.001443   0.000825
1 43905U 18111AF  22020.60421640  .00005259  00000-0  17843-3 0  9999 | 2 43905  97.2132 274.8958 0016660 231.8608 128.1133 15.30812395170911 | 2022/01/20-14:30:04   62.6012    0.1241  128.2633   94.0677     6851.5242     6840.1095     6862.9388   8.296552 -96.858523  -0.001393   0.000913
1 43905U 18111AF  22021.65008509  .00018336  00000-0  61438-3 0  9999 | 2 43905  97.2131 275.9126 0016690 227.7286 132.2541 15.30839222171073 | 2022/01/21-15:36:07   79.1193    0.1241  132.3955   94.0661     6851.4441     6840.0091     6862.8792  10.014046 -96.695945  -0.001344   0.000989
1 43905U 18111AF  22023.21885182  .00010107  00000-0  33976-3 0  9997 | 2 43905  97.2126 277.4381 0016787 221.5159 138.4808 15.30873419171312 | 2022/01/23-05:15:08  283.8821    0.1240  138.6081   94.0639     6851.3421     6839.8408     6862.8434  12.584657 -96.394585  -0.001266   0.001102
1 43905U 18111AF  22024.46076150  .00014396  00000-0  48198-3 0  9998 | 2 43905  97.2127 278.6455 0016917 216.5982 143.4105 15.30915040171505 | 2022/01/24-11:03:29   10.9743    0.1241  143.5259   94.0614     6851.2179     6839.6277     6862.8081  14.613061 -96.108103  -0.001201   0.001191
1 43905U 18111AF  22025.50655204  .00017536  00000-0  58555-3 0  9994 | 2 43905  97.2123 279.6622 0016993 212.3734 147.6466 15.30955967171666 | 2022/01/25-12:09:26   27.4617    0.1240  147.7506   94.0589     6851.0958     6839.4537     6862.7379  16.316019 -95.833286  -0.001138   0.001262
1 43905U 18111AF  22026.61768773  .00016269  00000-0  54307-3 0  9996 | 2 43905  97.2128 280.7427 0017025 208.2060 151.8261 15.30980942171830 | 2022/01/26-14:49:28   67.4731    0.1240  151.9180   94.0573     6851.0213     6839.3574     6862.6852  18.120355 -95.509063  -0.001070   0.001324
1 43905U 18111AF  22027.66343644  .00012525  00000-0  41844-3 0  9991 | 2 43905  97.2130 281.7594 0017089 204.2195 155.8245 15.31013073171990 | 2022/01/27-15:55:20   83.9448    0.1240  155.9045   94.0554     6850.9255     6839.2179     6862.6330  19.812240 -95.172698  -0.001004   0.001383
1 43905U 18111AF  22029.16664854  .00018667  00000-0  62053-3 0  9995 | 2 43905  97.2133 283.2211 0017255 198.3341 161.7280 15.31082457172221 | 2022/01/29-03:59:58  265.1030    0.1240  161.7899   94.0511     6850.7185     6838.8976     6862.5394  22.233594 -94.636637  -0.000903   0.001470
1 43905U 18111AF  22030.66978734  .00019943  00000-0  66111-3 0  9994 | 2 43905  97.2128 284.6835 0017408 192.4982 167.5830 15.31155866172453 | 2022/01/30-16:04:29   86.2330    0.1240  167.6258   94.0466     6850.4995     6838.5742     6862.4249  24.641440 -94.037907  -0.000795   0.001549
1 43905U 18111AF  22032.10752605  .00040080  00000-0  13195-2 0  9991 | 2 43905  97.2127 286.0823 0017698 187.5982 172.4995 15.31230203172671 | 2022/02/01-02:34:50  243.8207    0.1241  172.5259   94.0420     6850.2778     6838.1542     6862.4014  26.929651 -93.408259  -0.000711   0.001621
1 43905U 18111AF  22033.41449511  .00032757  00000-0  10777-2 0  9990 | 2 43905  97.2127 287.3533 0017740 182.2623 177.8541 15.31294732172870 | 2022/02/02-09:56:52  354.3281    0.1240  177.8617   94.0381     6850.0853     6837.9333     6862.2374  28.994944 -92.787942  -0.000596   0.001671
1 43905U 18111AF  22035.24415191  .00029527  00000-0  96914-3 0  9999 | 2 43905  97.2113 289.1335 0018001 175.4936 184.6471 15.31387207173157 | 2022/02/04-05:51:34  293.0035    0.1240  184.6304   94.0324     6849.8096     6837.4792     6862.1399  31.862981 -91.841098  -0.000455   0.001742
1 43905U 18111AF  22036.42030432  .00025819  00000-0  84669-3 0  9995 | 2 43905  97.2111 290.2782 0018129 170.9732 189.1839 15.31440618173333 | 2022/02/05-10:05:14  356.4165    0.1240  189.1508   94.0291     6849.6503     6837.2326     6862.0680  33.691304 -91.186041  -0.000354   0.001778
1 43905U 18111AF  22037.92310813  .00017663  00000-0  57957-3 0  9993 | 2 43905  97.2111 291.7399 0018271 166.0029 194.1723 15.31494991173562 | 2022/02/06-22:09:16  177.4273    0.1241  194.1212   94.0258     6849.4882     6836.9735     6862.0029  36.006379 -90.296947  -0.000246   0.001810
1 43905U 18111AF  22039.49119796  .00016323  00000-0  53497-3 0  9991 | 2 43905  97.2113 293.2657 0018439 160.3438 199.8518 15.31546680173809 | 2022/02/08-11:47:19   21.9390    0.1240  199.7802   94.0226     6849.3341     6836.7046     6861.9636  38.398036 -89.306370  -0.000116   0.001840
1 43905U 18111AF  22040.60189715  .00016077  00000-0  52634-3 0  9992 | 2 43905  97.2113 294.3463 0018575 156.4768 203.7328 15.31581950173970 | 2022/02/09-14:26:43   61.7909    0.1241  203.6473   94.0204     6849.2289     6836.5065     6861.9514  40.075428 -88.566342  -0.000027   0.001857
1 43905U 18111AF  22041.64723717  .00019143  00000-0  62522-3 0  9997 | 2 43905  97.2114 295.3633 0018707 152.8570 207.3654 15.31619146174139 | 2022/02/10-15:32:01   78.1138    0.1241  207.2671   94.0182     6849.1180     6836.3054     6861.9307  41.641128 -87.841179   0.000058   0.001870
1 43905U 18111AF  22042.69254432  .00024098  00000-0  78457-3 0  9995 | 2 43905  97.2116 296.3805 0018843 149.1799 211.0553 15.31672679174293 | 2022/02/11-16:37:15   94.4247    0.1240  210.9441   94.0149     6848.9584     6836.0529     6861.8639  43.194060 -87.088279   0.000146   0.001879
1 43905U 18111AF  22044.45642412  .00021244  00000-0  69047-3 0  9995 | 2 43905  97.2117 298.0973 0018992 143.2180 217.0369 15.31749607174560 | 2022/02/13-10:57:15    9.4235    0.1241  216.9061   94.0101     6848.7291     6835.7220     6861.7362  45.783825 -85.755210   0.000287   0.001877
1 43905U 18111AF  22045.50164776  .00014866  00000-0  48371-3 0  9993 | 2 43905  97.2117 299.1148 0019157 139.6325 220.6343 15.31786180174727 | 2022/02/14-12:02:22   25.7048    0.1241  220.4916   94.0079     6848.6201     6835.5002     6861.7400  47.299428 -84.928668   0.000374   0.001879
1 43905U 18111AF  22046.61217244  .00013081  00000-0  42555-3 0  9991 | 2 43905  97.2115 300.1956 0019266 135.8629 224.4155 15.31819210174893 | 2022/02/15-14:41:31   65.4959    0.1242  224.2613   94.0059     6848.5217     6835.3273     6861.7160  48.892871 -84.021205   0.000464   0.001870
1 43905U 18111AF  22047.65735157  .00015611  00000-0  50668-3 0  9999 | 2 43905  97.2111 301.2131 0019348 132.4201 227.8682 15.31851142175057 | 2022/02/16-15:46:35   81.7632    0.1241  227.7040   94.0039     6848.4265     6835.1762     6861.6768  50.376986 -83.139385   0.000545   0.001856
1 43905U 18111AF  22049.15975598  .00012266  00000-0  39822-3 0  9993 | 2 43905  97.2106 302.6758 0019448 127.3374 232.9643 15.31895879175280 | 2022/02/18-03:50:02  262.6335    0.1241  232.7867   94.0012     6848.2932     6834.9746     6861.6117  52.482530 -81.825942   0.000665   0.001828
1 43905U 18111AF  22050.46616031  .00015039  00000-0  48691-3 0  9998 | 2 43905  97.2101 303.9477 0019556 123.1201 237.1921 15.31934629175485 | 2022/02/19-11:11:16   12.9443    0.1241  237.0040   93.9988     6848.1777     6834.7854     6861.5700  54.285612 -80.640411   0.000762   0.001801
1 43905U 18111AF  22051.51125836  .00016033  00000-0  51830-3 0  9997 | 2 43905  97.2097 304.9650 0019627 119.7036 240.6163 15.31969327175647 | 2022/02/20-12:16:12   29.1847    0.1242  240.4206   93.9967     6848.0743     6834.6335     6861.5150  55.708540 -79.663570   0.000840   0.001774
1 43905U 18111AF  22052.68696602  .00013912  00000-0  44963-3 0  9992 | 2 43905  97.2094 306.1094 0019705 115.8439 244.4839 15.32005055175823 | 2022/02/21-16:29:13   92.4460    0.1242  244.2803   93.9945     6847.9678     6834.4739     6861.4617  57.288310 -78.534814   0.000927   0.001739
1 43905U 18111AF  22054.12390526  .00014192  00000-0  45799-3 0  9998 | 2 43905  97.2092 307.5080 0019777 111.1895 249.1462 15.32048280176041 | 2022/02/23-02:58:25  249.7539    0.1241  248.9346   93.9918     6847.8390     6834.2960     6861.3820  59.187979 -77.112980   0.001028   0.001690
1 43905U 18111AF  22055.23423849  .00015148  00000-0  48807-3 0  9991 | 2 43905  97.2094 308.5887 0019837 107.5763 252.7648 15.32084043176211 | 2022/02/24-05:37:18  289.4822    0.1242  252.5479   93.9896     6847.7324     6834.1486     6861.3163  60.631977 -75.983096   0.001105   0.001648
1 43905U 18111AF  22056.47517142  .00012802  00000-0  41253-3 0  9990 | 2 43905  97.2098 309.7967 0019915 103.5914 256.7548 15.32117260176400 | 2022/02/25-11:24:14   16.2281    0.1242  256.5328   93.9876     6847.6334     6833.9964     6861.2705  62.220634 -74.688271   0.001188   0.001599
1 43905U 18111AF  22058.10793632  .00011592  00000-0  37331-3 0  9999 | 2 43905  97.2100 311.3862 0019960  98.3393 262.0114 15.32159660176655 | 2022/02/27-02:35:25  244.0388    0.1243  261.7850   93.9850     6847.5071     6833.8395     6861.1747  64.268562 -72.933779   0.001290   0.001523
1 43905U 18111AF  22059.21818821  .00014837  00000-0  47641-3 0  9990 | 2 43905  97.2099 312.4672 0020003  94.6946 265.6581 15.32195540176829 | 2022/02/28-05:14:11  283.7408    0.1242  265.4296   93.9828     6847.4002     6833.7034     6861.0971  65.633017 -71.708241   0.001360   0.001467
1 43905U 18111AF  22060.26310781  .00015047  00000-0  48259-3 0  9999 | 2 43905  97.2097 313.4847 0020005  91.3627 268.9907 15.32228231176983 | 2022/03/01-06:18:52  299.9236    0.1242  268.7615   93.9808     6847.3028     6833.6048     6861.0008  66.895910 -70.531291   0.001418   0.001411
1 43905U 18111AF  22061.50392156  .00013229  00000-0  42422-3 0  9999 | 2 43905  97.2094 314.6932 0020005  87.4443 272.9089 15.32263938177171 | 2022/03/02-12:05:38   26.6312    0.1242  272.6799   93.9786     6847.1964     6833.4986     6860.8943  68.368376 -69.104505   0.001483   0.001342
1 43905U 18111AF  22062.67940296  .00014012  00000-0  44864-3 0  9995 | 2 43905  97.2090 315.8379 0020012  83.5880 276.7641 15.32298319177352 | 2022/03/03-16:18:20   89.8195    0.1243  276.5363   93.9765     6847.0940     6833.3916     6860.7964  69.734977 -67.724609   0.001546   0.001271
1 43905U 18111AF  22064.18136598  .00021633  00000-0  68950-3 0  9994 | 2 43905  97.2081 317.3005 0019966  78.7925 281.5561 15.32354171177586 | 2022/03/05-04:21:10  270.5475    0.1243  281.3318   93.9731     6846.9276     6833.2571     6860.5982  71.440227 -65.921990   0.001613   0.001176
1 43905U 18111AF  22065.22617212  .00031202  00000-0  99050-3 0  9995 | 2 43905  97.2078 318.3179 0019947  75.7496 284.5960 15.32410497177742 | 2022/03/06-05:25:41  286.6931    0.1243  284.3747   93.9696     6846.7599     6833.1026     6860.4171  72.599254 -64.642901   0.001652   0.001117
1 43905U 18111AF  22066.46683083  .00023528  00000-0  74693-3 0  9999 | 2 43905  97.2074 319.5261 0019860  71.7296 288.6105 15.32466361177939 | 2022/03/07-11:12:14   13.3504    0.1243  288.3947   93.9662     6846.5935     6832.9961     6860.1908  73.945837 -63.097478   0.001698   0.001030
1 43905U 18111AF  22067.51155979  .00021403  00000-0  67890-3 0  9995 | 2 43905  97.2074 320.5434 0019798  68.3517 291.9831 15.32513354178097 | 2022/03/08-12:16:38   29.4706    0.1242  291.7725   93.9633     6846.4535     6832.8989     6860.0081  75.054434 -61.774676   0.001733   0.000957
1 43905U 18111AF  22068.94801455  .00016791  00000-0  53256-3 0  9995 | 2 43905  97.2073 321.9421 0019689  63.7568 296.5695 15.32566985178313 | 2022/03/09-22:45:08  186.6199    0.1243  296.3675   93.9600     6846.2938     6832.8141     6859.7734  76.539881 -59.924167   0.001774   0.000854
1 43905U 18111AF  22070.12325691  .00023683  00000-0  74833-3 0  9993 | 2 43905  97.2073 323.0867 0019635  59.9754 300.3434 15.32619544178499 | 2022/03/11-02:57:29  249.7285    0.1244  300.1490   93.9568     6846.1373     6832.6949     6859.5796  77.721636 -58.383272   0.001807   0.000769
1 43905U 18111AF  22071.49431064  .00032338  00000-0  10172-2 0  9998 | 2 43905  97.2076 324.4222 0019516  55.7421 304.5667 15.32703934178700 | 2022/03/12-11:51:48   23.3337    0.1244  304.3823   93.9516     6845.8860     6832.5255     6859.2464  79.061493 -56.556148   0.001832   0.000673
1 43905U 18111AF  22072.66944720  .00024678  00000-0  77636-3 0  9993 | 2 43905  97.2078 325.5669 0019372  51.8776 308.4209 15.32756898178880 | 2022/03/13-16:04:00   86.4067    0.1243  308.2467   93.9484     6845.7282     6832.4667     6858.9898  80.175727 -54.965526   0.001848   0.000581
1 43905U 18111AF  22074.69316223  .00019877  00000-0  62385-3 0  9999 | 2 43905  97.2076 327.5387 0019175  45.4559 314.8246 15.32878519179198 | 2022/03/15-16:38:09   94.9850    0.1244  314.6685   93.9409     6845.3661     6832.2402     6858.4921  82.019318 -52.174218   0.001868   0.000431
1 43905U 18111AF  22076.12927215  .00019091  00000-0  59835-3 0  9992 | 2 43905  97.2071 328.9379 0018981  40.8248 319.4412 15.32935748179416 | 2022/03/17-03:06:09  252.0154    0.1243  319.2995   93.9374     6845.1958     6832.2029     6858.1886  83.268435 -50.155638   0.001871   0.000322
1 43905U 18111AF  22077.23895986  .00017326  00000-0  54272-3 0  9993 | 2 43905  97.2070 330.0195 0018903  37.0958 323.1587 15.32974370179582 | 2022/03/18-05:44:06  291.5266    0.1244  323.0286   93.9350     6845.0808     6832.1415     6858.0201  84.200268 -48.574846   0.001876   0.000234
1 43905U 18111AF  22078.41389363  .00015295  00000-0  47899-3 0  9991 | 2 43905  97.2065 331.1644 0018774  33.2539 326.9879 15.33011627179769 | 2022/03/19-09:56:00  354.5286    0.1244  326.8705   93.9328     6844.9699     6832.1191     6857.8206  85.153592 -46.882507   0.001872   0.000145
1 43905U 18111AF  22079.65407156  .00018330  00000-0  57264-3 0  9999 | 2 43905  97.2058 332.3730 0018609  29.1340 331.0936 15.33053253179954 | 2022/03/20-15:41:51   81.0207    0.1243  330.9903   93.9302     6844.8460     6832.1084     6857.5836  86.122896 -45.075651   0.001860   0.000049
1 43905U 18111AF  22080.69840336  .00016360  00000-0  51094-3 0  9992 | 2 43905  97.2054 333.3905 0018478  25.6267 334.5888 15.33089534180113 | 2022/03/21-16:45:42   97.0040    0.1244  334.4977   93.9280     6844.7380     6832.0903     6857.3857  86.909402 -43.539012   0.001848  -0.000032
1 43905U 18111AF  22082.19958612  .00019028  00000-0  59272-3 0  9996 | 2 43905  97.2050 334.8532 0018282  20.4274 339.7696 15.33145343180345 | 2022/03/23-04:47:24  277.4653    0.1244  339.6970   93.9246     6844.5719     6832.0586     6857.0851  87.992105 -41.306192   0.001822  -0.000150
1 43905U 18111AF  22083.43965184  .00021213  00000-0  65935-3 0  9998 | 2 43905  97.2052 336.0614 0018082  16.2654 343.9165 15.33195546180534 | 2022/03/24-10:33:05    3.9181    0.1244  343.8590   93.9215     6844.4225     6832.0464     6856.7986  88.843687 -39.441732   0.001792  -0.000241
1 43905U 18111AF  22084.48388434  .00021405  00000-0  66441-3 0  9997 | 2 43905  97.2051 337.0789 0017938  12.6170 347.5518 15.33240413180692 | 2022/03/25-11:36:47   19.8666    0.1244  347.5074   93.9187     6844.2889     6832.0117     6856.5662  89.529984 -37.857806   0.001765  -0.000321
1 43905U 18111AF  22085.59334939  .00021583  00000-0  66903-3 0  9991 | 2 43905  97.2053 338.1602 0017738   8.6437 351.5107 15.33285161180866 | 2022/03/26-14:14:25   59.3007    0.1243  351.4806   93.9160     6844.1558     6832.0156     6856.2959  90.228646 -36.161607   0.001727  -0.000405
1 43905U 18111AF  22086.63751789  .00024106  00000-0  74558-3 0  9992 | 2 43905  97.2055 339.1778 0017557   5.0882 355.0536 15.33337435181023 | 2022/03/27-15:18:01   75.2256    0.1244  355.0362   93.9128     6844.0002     6831.9842     6856.0162  90.856816 -34.553556   0.001690  -0.000476
1 43905U 18111AF  22088.46471311  .00028711  00000-0  88413-3 0  9996 | 2 43905  97.2053 340.9592 0017157 358.5907   1.5285 15.33448452181302 | 2022/03/29-11:09:11   13.0580    0.1245    1.5338   93.9060     6843.6699     6831.9282     6855.4116  91.886858 -31.712390   0.001608  -0.000599
1 43905U 18111AF  22089.50876727  .00031010  00000-0  95266-3 0  9992 | 2 43905  97.2051 341.9772 0016968 354.8091   5.2973 15.33512170181464 | 2022/03/30-12:12:37   28.9414    0.1244    5.3153   93.9021     6843.4803     6831.8683     6855.0923  92.435583 -30.074814   0.001559  -0.000669
1 43905U 18111AF  22090.68327212  .00043419  00000-0  13272-2 0  9995 | 2 43905  97.2048 343.1225 0016796 350.6522   9.4406 15.33601466181643 | 2022/03/31-16:23:54   91.7891    0.1244    9.4722   93.8966     6843.2147     6831.7208     6854.7085  93.017963 -28.221123   0.001507  -0.000742
1 43905U 18111AF  22092.24915787  .00042970  00000-0  13080-2 0  9997 | 2 43905  97.2042 344.6497 0016470 344.5256  15.5482 15.33741883181885 | 2022/04/02-05:58:47  295.5431    0.1245   15.5989   93.8880     6842.7970     6831.5269     6854.0671  93.736478 -25.731870   0.001414  -0.000844
1 43905U 18111AF  22093.48871767  .00034649  00000-0  10532-2 0  9996 | 2 43905  97.2037 345.8585 0016172 340.0778  19.9832 15.33839960182072 | 2022/04/03-11:43:45   21.8104    0.1245   20.0467   93.8820     6842.5053     6831.4396     6853.5710  94.257972 -23.748559   0.001340  -0.000906
1 43905U 18111AF  22094.92390863  .00035132  00000-0  10645-2 0  9992 | 2 43905  97.2030 347.2582 0015943 334.3210  25.7240 15.33941252182290 | 2022/04/04-22:10:25  178.5101    0.1244   25.8034   93.8758     6842.2041     6831.2955     6853.1126  94.809269 -21.438884   0.001249  -0.000991
1 43905U 18111AF  22096.22854800  .00030468  00000-0  92170-3 0  9994 | 2 43905  97.2030 348.5305 0015688 329.4049  30.6278 15.34025714182493 | 2022/04/06-05:29:06  288.2062    0.1244   30.7195   93.8707     6841.9529     6831.2193     6852.6866  95.261924 -19.328454   0.001165  -0.001051
1 43905U 18111AF  22097.59834492  .00036579  00000-0  11022-2 0  9995 | 2 43905  97.2026 349.8666 0015500 323.8321  36.1873 15.34115463182703 | 2022/04/07-14:21:37   61.3604    0.1244   36.2923   93.8652     6841.6861     6831.0815     6852.2907  95.686316 -17.101884   0.001071  -0.001121
1 43905U 18111AF  22098.77238846  .00031546  00000-0  94912-3 0  9996 | 2 43905  97.2027 351.0119 0015323 319.2738  40.7359 15.34196987182885 | 2022/04/08-18:32:14  124.0377    0.1245   40.8507   93.8602     6841.4437     6830.9606     6851.9268  96.009130 -15.185912   0.000991  -0.001169
1 43905U 18111AF  22099.94637418  .00032758  00000-0  98309-3 0  9994 | 2 43905  97.2029 352.1573 0015151 314.6493  45.3514 15.34271898183069 | 2022/04/09-22:42:46  186.6933    0.1244   45.4751   93.8556     6841.2210     6830.8559     6851.5861  96.293705 -13.263714   0.000908  -0.001213
1 43905U 18111AF  22101.18551169  .00033548  00000-0  10038-2 0  9992 | 2 43905  97.2030 353.3664 0015033 309.4929  50.4984 15.34363490183259 | 2022/04/11-04:27:08  272.8044    0.1244   50.6315   93.8500     6840.9488     6830.6648     6851.2328  96.552245 -11.228859   0.000816  -0.001263
1 43905U 18111AF  22102.42458996  .00030430  00000-0  90931-3 0  9992 | 2 43905  97.2031 354.5760 0014851 304.6458  55.3385 15.34427199183448 | 2022/04/12-10:11:24  358.8913    0.1244   55.4786   93.8461     6840.7594     6830.6002     6850.9186  96.767869  -9.188155   0.000725  -0.001296
1 43905U 18111AF  22103.66361743  .00027212  00000-0  81218-3 0  9994 | 2 43905  97.2030 355.7854 0014767 299.4345  60.5424 15.34489378183636 | 2022/04/13-15:55:36   84.9604    0.1244   60.6899   93.8423     6840.5746     6830.4731     6850.6761  96.940142  -7.143675   0.000629  -0.001336
1 43905U 18111AF  22104.96779901  .00033779  00000-0  10044-2 0  9990 | 2 43905  97.2031 357.0585 0014627 293.8901  66.0810 15.34566196183830 | 2022/04/14-23:13:37  194.4839    0.1244   66.2343   93.8376     6840.3463     6830.3409     6850.3517  97.075030  -4.988104   0.000523  -0.001366
1 43905U 18111AF  22106.20669808  .00021535  00000-0  64048-3 0  9994 | 2 43905  97.2026 358.2682 0014522 288.9293  71.0376 15.34650436184024 | 2022/04/16-04:57:38  280.5032    0.1244   71.1951   93.8324     6840.0960     6830.1628     6850.0292  97.158202  -2.937561   0.000429  -0.001387
1 43905U 18111AF  22107.24993851  .00026569  00000-0  78773-3 0  9999 | 2 43905  97.2021 359.2867 0014515 284.5078  75.4555 15.34707262184184 | 2022/04/17-05:59:54  296.0832    0.1244   75.6166   93.8290     6839.9271     6829.9990     6849.8553  97.194567  -1.210080   0.000346  -0.001410
1 43905U 18111AF  22108.42354382  .00024616  00000-0  72897-3 0  9992 | 2 43905  97.2014   0.4326 0014421 279.5309  80.4305 15.34761407184368 | 2022/04/18-10:09:54  358.5938    0.1244   80.5935   93.8257     6839.7663     6829.9026     6849.6299  97.198629   0.733892   0.000250  -0.001420
1 43905U 18111AF  22109.59710324  .00028485  00000-0  84108-3 0  9999 | 2 43905  97.2009   1.5784 0014393 274.6459  85.3140 15.34825310184547 | 2022/04/19-14:19:49   61.0876    0.1243   85.4784   93.8218     6839.5764     6829.7322     6849.4206  97.164019   2.677379   0.000156  -0.001431
1 43905U 18111AF  22110.83580977  .00026300  00000-0  77539-3 0  9991 | 2 43905  97.2005   2.7875 0014361 269.1567  90.8032 15.34888269184735 | 2022/04/20-20:03:33  147.0338    0.1244   90.9677   93.8179     6839.3894     6829.5673     6849.2114  97.085490   4.727041   0.000049  -0.001435
1 43905U 18111AF  22111.87888618  .00033099  00000-0  97229-3 0  9990 | 2 43905  97.2003   3.8057 0014372 264.6756  95.2848 15.34957420184896 | 2022/04/21-21:05:35  162.5507    0.1244   95.4488   93.8137     6839.1840     6829.3547     6849.0132  96.985961   6.451492  -0.000038  -0.001437
1 43905U 18111AF  22113.18266671  .00035014  00000-0  10253-2 0  9995 | 2 43905  97.2004   5.0789 0014418 259.2155 100.7466 15.35044438185095 | 2022/04/23-04:23:02  271.9219    0.1244  100.9089   93.8084     6838.9255     6829.0651     6848.7859  96.818765   8.604907  -0.000143  -0.001435
1 43905U 18111AF  22114.48637079  .00034581  00000-0  10098-2 0  9998 | 2 43905  97.2008   6.3520 0014378 253.7050 106.2612 15.35135294185291 | 2022/04/24-11:40:22   21.2631    0.1243  106.4193   93.8028     6838.6557     6828.8230     6848.4883  96.604080  10.753942  -0.000248  -0.001416
1 43905U 18111AF  22115.65964147  .00030427  00000-0  88712-3 0  9991 | 2 43905  97.2010   7.4981 0014506 248.8563 111.1131 15.35208466185477 | 2022/04/25-15:49:53   83.6477    0.1244  111.2681   93.7983     6838.4384     6828.5185     6848.3582  96.369853  12.684081  -0.000342  -0.001410
1 43905U 18111AF  22117.22391051  .00031632  00000-0  91886-3 0  9999 | 2 43905  97.2013   9.0266 0014588 242.2391 117.7374 15.35315603185711 | 2022/04/27-05:22:25  286.7908    0.1243  117.8852   93.7918     6838.1202     6828.1448     6848.0957  95.997521  15.250203  -0.000469  -0.001382
1 43905U 18111AF  22118.26669194  .00046261  00000-0  13363-2 0  9997 | 2 43905  97.2010  10.0455 0014681 237.9200 122.0619 15.35406359185871 | 2022/04/28-06:24:02  302.1956    0.1243  122.2043   93.7862     6837.8508     6827.8121     6847.8894  95.710864  16.954788  -0.000551  -0.001361
1 43905U 18111AF  22119.50491057  .00043855  00000-0  12627-2 0  9994 | 2 43905  97.2007  11.2558 0014762 232.8912 127.0984 15.35519446186062 | 2022/04/29-12:07:04   27.9568    0.1244  127.2332   93.7793     6837.5150     6827.4215     6847.6086  95.331096  18.972566  -0.000644  -0.001328
1 43905U 18111AF  22120.61271533  .00043264  00000-0  12420-2 0  9998 | 2 43905  97.2002  12.3386 0014840 228.2759 131.7216 15.35614516186236 | 2022/04/30-14:42:18   66.7677    0.1243  131.8484   93.7735     6837.2328     6827.0864     6847.3793  94.955054  20.770572  -0.000728  -0.001293
1 43905U 18111AF  22121.78561865  .00031981  00000-0  91763-3 0  9998 | 2 43905  97.2000  13.4854 0015033 223.8203 136.1849 15.35692938186411 | 2022/05/01-18:51:17  129.0145    0.1243  136.3040   93.7687     6837.0001     6826.7220     6847.2781  94.520135  22.666805  -0.000812  -0.001265
1 43905U 18111AF  22123.41456216  .00025647  00000-0  73478-3 0  9998 | 2 43905  97.1991  15.0774 0015245 217.1088 142.9103 15.35780881186660 | 2022/05/03-09:56:58  355.4338    0.1243  143.0155   93.7634     6836.7390     6826.3164     6847.1617  93.853051  25.283786  -0.000935  -0.001204
1 43905U 18111AF  22124.91310789  .00026253  00000-0  74997-3 0  9999 | 2 43905  97.1985  16.5418 0015402 211.4355 148.5970 15.35864155186899 | 2022/05/04-21:54:52  174.9095    0.1243  148.6888   93.7583     6836.4919     6825.9624     6847.0215  93.175675  27.673849  -0.001031  -0.001144
1 43905U 18111AF  22126.21612590  .00043117  00000-0  12243-2 0  9992 | 2 43905  97.1985  17.8156 0015590 206.1963 153.8495 15.35946672187095 | 2022/05/06-05:11:13  283.9932    0.1244  153.9281   93.7533     6836.2471     6825.5894     6846.9048  92.537455  29.738322  -0.001121  -0.001083
1 43905U 18111AF  22127.64937963  .00041362  00000-0  11720-2 0  9993 | 2 43905  97.1984  19.2170 0015743 200.8763 159.1841 15.36019273187313 | 2022/05/07-15:35:06   79.9612    0.1244  159.2481   93.7488     6836.0316     6825.2697     6846.7936  91.782384  31.992546  -0.001204  -0.001014
1 43905U 18111AF  22128.69170773  .00031708  00000-0  89881-3 0  9994 | 2 43905  97.1986  20.2361 0015875 196.9227 163.1490 15.36061064187472 | 2022/05/08-16:36:03   95.1963    0.1243  163.2016   93.7463     6835.9077     6825.0557     6846.7597  91.199043  33.619969  -0.001265  -0.000959
1 43905U 18111AF  22130.25513411  .00019830  00000-0  56247-3 0  9991 | 2 43905  97.1988  21.7647 0016153 191.1259 168.9630 15.36130138187714 | 2022/05/10-06:07:23  298.0250    0.1243  168.9984   93.7421     6835.7027     6824.6610     6846.7444  90.269930  36.040899  -0.001356  -0.000877
1 43905U 18111AF  22131.49279346  .00022541  00000-0  63764-3 0  9999 | 2 43905  97.1989  22.9755 0016293 186.5096 173.5939 15.36187166187908 | 2022/05/11-11:49:37   23.5768    0.1243  173.6147   93.7386     6835.5336     6824.3964     6846.6707  89.488291  37.940374  -0.001418  -0.000802
1 43905U 18111AF  22132.66526671  .00028128  00000-0  79283-3 0  9995 | 2 43905  97.1989  24.1224 0016438 182.3289 177.7882 15.36253222188082 | 2022/05/12-15:57:59   85.6624    0.1244  177.7955   93.7345     6835.3376     6824.1017     6846.5735  88.710954  39.723957  -0.001472  -0.000732
1 43905U 18111AF  22134.16335134  .00030843  00000-0  86621-3 0  9995 | 2 43905  97.1992  25.5875 0016658 177.0394 183.0952 15.36343267188318 | 2022/05/14-03:55:13  264.9668    0.1243  183.0849   93.7291     6835.0705     6823.6847     6846.4564  87.666561  41.979264  -0.001538  -0.000641
1 43905U 18111AF  22135.20543931  .00036092  00000-0  10100-2 0  9997 | 2 43905  97.1987  26.6076 0016769 173.5266 186.6198 15.36421574188475 | 2022/05/15-04:55:49  280.1137    0.1243  186.5977   93.7243     6834.8383     6823.3769     6846.2996  86.904856  43.533129  -0.001574  -0.000577
1 43905U 18111AF  22136.50797199  .00041248  00000-0  11492-2 0  9992 | 2 43905  97.1981  27.8820 0016941 169.0838 191.0778 15.36527099188671 | 2022/05/16-12:11:28   29.0197    0.1244  191.0406   93.7178     6834.5253     6822.9470     6846.1037  85.914624  45.454900  -0.001620  -0.000494
1 43905U 18111AF  22138.20108711  .00072050  00000-0  19821-2 0  9996 | 2 43905  97.1973  29.5383 0017205 163.6261 196.5543 15.36769367188934 | 2022/05/18-04:49:33  278.5349    0.1243  196.4982   93.7031     6833.8070     6822.0495     6845.5646  84.564211  47.918779  -0.001675  -0.000392
1 43905U 18111AF  22139.50328762  .00095107  00000-0  25907-2 0  9990 | 2 43905  97.1970  30.8128 0017443 159.8459 200.3478 15.36972822189139 | 2022/05/19-12:04:44   27.3228    0.1243  200.2784   93.6907     6833.2039     6821.2848     6845.1231  83.477205  49.787681  -0.001714  -0.000323
1 43905U 18111AF  22140.67511553  .00084974  00000-0  23032-2 0  9999 | 2 43905  97.1961  31.9602 0017755 155.9965 204.2112 15.37164672189318 | 2022/05/20-16:12:09   89.1744    0.1244  204.1279   93.6790     6832.6354     6820.5040     6844.7667  82.462726  51.448816  -0.001758  -0.000246
1 43905U 18111AF  22141.91187586  .00094219  00000-0  25323-2 0  9990 | 2 43905  97.1964  33.1710 0017830 152.0557 208.1650 15.37386078189501 | 2022/05/21-21:53:06  174.4033    0.1244  208.0687   93.6655     6831.9794     6819.7979     6844.1608  81.357406  53.180002  -0.001776  -0.000162
1 43905U 18111AF  22142.95322022  .00084969  00000-0  22729-2 0  9999 | 2 43905  97.1965  34.1912 0017962 148.7817 211.4499 15.37569573189662 | 2022/05/22-22:52:38  189.2826    0.1244  211.3427   93.6543     6831.4358     6819.1652     6843.7064  80.397727  54.620189  -0.001794  -0.000093
1 43905U 18111AF  22144.12459341  .00067359  00000-0  17959-2 0  9998 | 2 43905  97.1967  35.3393 0017975 145.4581 214.7837 15.37747620189849 | 2022/05/24-02:59:24  250.9732    0.1245  214.6664   93.6435     6830.9085     6818.6299     6843.1870  79.287337  56.220252  -0.001797  -0.000025
1 43905U 18111AF  22145.16570583  .00067839  00000-0  17998-2 0  9991 | 2 43905  97.1974  36.3600 0018185 142.2086 218.0441 15.37894266190005 | 2022/05/25-03:58:36  265.7683    0.1245  217.9159   93.6345     6830.4742     6818.0530     6842.8954  78.273833  57.624141  -0.001818   0.000045
1 43905U 18111AF  22146.20671842  .00071314  00000-0  18817-2 0  9991 | 2 43905  97.1972  37.3807 0018229 139.2835 220.9777 15.38046386190164 | 2022/05/26-04:57:40  280.5297    0.1245  220.8410   93.6253     6830.0238     6817.5734     6842.4743  77.234758  59.009218  -0.001820   0.000106
1 43905U 18111AF  22147.44280704  .00051337  00000-0  13525-2 0  9995 | 2 43905  97.1972  38.5926 0018340 135.6461 224.6257 15.38183114190354 | 2022/05/27-10:37:38    5.5174    0.1244  224.4783   93.6169     6829.6191     6817.0936     6842.1446  75.969433  60.629539  -0.001825   0.000184
1 43905U 18111AF  22148.67877209  .00070326  00000-0  18369-2 0  9993 | 2 43905  97.1964  39.8049 0018472 131.8482 228.4344 15.38358722190541 | 2022/05/28-16:17:25   90.4600    0.1245  228.2763   93.6063     6829.0993     6816.4846     6841.7140  74.669072  62.222744  -0.001828   0.000268
1 43905U 18111AF  22150.17477026  .00054203  00000-0  14115-2 0  9995 | 2 43905  97.1962  41.2731 0018441 127.1366 233.1568 15.38525387190778 | 2022/05/30-04:11:40  269.0148    0.1245  232.9879   93.5961     6828.6061     6816.0135     6841.1988  73.050129  64.115365  -0.001806   0.000371
1 43905U 18111AF  22152.45101310  .00041529  00000-0  10765-2 0  9992 | 2 43905  97.1953  43.5064 0018574 120.0688 240.2403 15.38726931191123 | 2022/06/01-10:49:27    8.4568    0.1245  240.0557   93.5839     6828.0098     6815.3275     6840.6922  70.495506  66.912704  -0.001782   0.000525
1 43905U 18111AF  22153.49148706  .00035379  00000-0  91577-3 0  9994 | 2 43905  97.1951  44.5272 0018651 116.7901 243.5255 15.38803464191284 | 2022/06/02-11:47:44   23.0257    0.1245  243.3344   93.5792     6827.7834     6815.0489     6840.5179  69.292100  68.157849  -0.001767   0.000597
1 43905U 18111AF  22155.18214922  .00033899  00000-0  87428-3 0  9991 | 2 43905  97.1944  46.1865 0018631 111.7422 248.5809 15.38924007191549 | 2022/06/04-04:22:17  271.6637    0.1245  248.3823   93.5719     6827.4269     6814.7067     6840.1471  67.288968  70.135200  -0.001727   0.000700
1 43905U 18111AF  22156.22249347  .00030744  00000-0  79164-3 0  9990 | 2 43905  97.1943  47.2075 0018677 108.5674 251.7603 15.38991666191707 | 2022/06/05-05:20:23  286.1874    0.1246  251.5572   93.5678     6827.2268     6814.4756     6839.9780  66.028486  71.323004  -0.001703   0.000766
1 43905U 18111AF  22157.26279078  .00032773  00000-0  84160-3 0  9995 | 2 43905  97.1940  48.2286 0018654 105.4101 254.9208 15.39062750191862 | 2022/06/06-06:18:25  300.6955    0.1246  254.7145   93.5634     6827.0166     6814.2814     6839.7517  64.746782  72.488123  -0.001671   0.000828
1 43905U 18111AF  22158.43306279  .00041229  00000-0  10538-2 0  9992 | 2 43905  97.1945  49.3776 0018663 101.8091 258.5249 15.39157458192047 | 2022/06/07-10:23:36    1.9948    0.1245  258.3154   93.5577     6826.7365     6813.9958     6839.4772  63.280521  73.772261  -0.001635   0.000899
1 43905U 18111AF  22159.92829229  .00038936  00000-0  99128-3 0  9996 | 2 43905  97.1948  50.8461 0018605  97.3829 262.9532 15.39291261192272 | 2022/06/08-22:16:44  180.2806    0.1246  262.7417   93.5495     6826.3409     6813.6405     6839.0413  61.369339  75.369977  -0.001582   0.000980
1 43905U 18111AF  22161.48840498  .00041737  00000-0  10577-2 0  9994 | 2 43905  97.1950  52.3786 0018520  92.6204 267.7163 15.39419514192516 | 2022/06/10-11:43:18   21.9258    0.1247  267.5043   93.5418     6825.9617     6813.3201     6838.6034  59.331817  76.984437  -0.001517   0.001062
1 43905U 18111AF  22162.65840061  .00046984  00000-0  11856-2 0  9990 | 2 43905  97.1950  53.5281 0018366  89.0657 271.2694 15.39525528192690 | 2022/06/11-15:48:05   83.1295    0.1247  271.0590   93.5353     6825.6484     6813.1124     6838.1844  57.775475  78.159212  -0.001459   0.001116
1 43905U 18111AF  22163.76332117  .00050935  00000-0  12800-2 0  9992 | 2 43905  97.1950  54.6137 0018309  85.8735 274.4604 15.39633561192862 | 2022/06/12-18:19:10  120.9056    0.1247  274.2512   93.5287     6825.3291     6812.8326     6837.8256  56.284288  79.239807  -0.001413   0.001165
1 43905U 18111AF  22164.86814915  .00061351  00000-0  15323-2 0  9992 | 2 43905  97.1945  55.6997 0018120  82.7608 277.5698 15.39776792193038 | 2022/06/13-20:50:08  158.6499    0.1247  277.3639   93.5200     6824.9058     6812.5391     6837.2725  54.772053  80.291924  -0.001356   0.001202
1 43905U 18111AF  22166.42773995  .00072320  00000-0  17924-2 0  9995 | 2 43905  97.1938  57.2320 0017896  78.2354 282.0899 15.39967742193272 | 2022/06/15-10:15:56    0.1128    0.1247  281.8893   93.5085     6824.3416     6812.1288     6836.5545  52.605043  81.727255  -0.001276   0.001255
1 43905U 18111AF  22170.32581069  .00074359  00000-0  18121-2 0  9992 | 2 43905  97.1922  61.0645 0017159  66.3523 293.9523 15.40485295193877 | 2022/06/19-07:49:10  323.4486    0.1247  293.7724   93.4770     6822.8130     6811.1058     6834.5203  47.023989  85.059204  -0.001043   0.001363
1 43905U 18111AF  22171.49498176  .00061069  00000-0  14841-2 0  9996 | 2 43905  97.1925  62.2145 0016969  63.1953 297.1027 15.40631269194058 | 2022/06/20-11:52:46   24.3592    0.1247  296.9294   93.4682     6822.3820     6810.8051     6833.9589  45.307524  85.986105  -0.000983   0.001383
1 43905U 18111AF  22172.66403994  .00059139  00000-0  14308-2 0  9993 | 2 43905  97.1926  63.3647 0016695  59.6010 300.6884 15.40780016194234 | 2022/06/21-15:56:13   85.2308    0.1247  300.5237   93.4592     6821.9430     6810.5537     6833.3322  43.572404  86.878347  -0.000908   0.001401
1 43905U 18111AF  22174.41742642  .00061224  00000-0  14709-2 0  9997 | 2 43905  97.1928  65.0906 0016384  54.1028 306.1737 15.40988281194509 | 2022/06/23-10:01:05  356.4652    0.1248  306.0220   93.4465     6821.3283     6810.1522     6832.5043  40.936112  88.151433  -0.000799   0.001430
1 43905U 18111AF  22175.65115892  .00039540  00000-0  94977-3 0  9997 | 2 43905  97.1929  66.3054 0016104  50.2466 310.0197 15.41103616194697 | 2022/06/24-15:37:40   80.6203    0.1248  309.8782   93.4395     6820.9879     6810.0034     6831.9725  39.058082  88.999584  -0.000720   0.001441
1 43905U 18111AF  22176.94972280  .00052502  00000-0  12530-2 0  9999 | 2 43905  97.1929  67.5844 0015903  46.0134 314.2421 15.41237048194893 | 2022/06/25-22:47:36  188.1150    0.1248  314.1114   93.4314     6820.5943     6809.7475     6831.4410  37.061800  89.849223  -0.000637   0.001457
1 43905U 18111AF  22178.44291265  .00045646  00000-0  10845-2 0  9991 | 2 43905  97.1925  69.0548 0015493  41.3905 318.8513 15.41412980195124 | 2022/06/27-10:37:47    5.6784    0.1248  318.7343   93.4208     6820.0753     6809.5089     6830.6416  34.743876  90.770288  -0.000541   0.001452
1 43905U 18111AF  22179.67631410  .00037141  00000-0  88103-3 0  9991 | 2 43905  97.1921  70.2700 0015341  37.2905 322.9404 15.41507774195312 | 2022/06/28-16:13:53   89.7143    0.1248  322.8343   93.4150     6819.7957     6809.3334     6830.2579  32.810903  91.486332  -0.000463   0.001463
1 43905U 18111AF  22181.49383118  .00029757  00000-0  70427-3 0  9997 | 2 43905  97.1916  72.0603 0014992  31.1557 329.0576 15.41626520195594 | 2022/06/30-11:51:07   24.0392    0.1248  328.9691   93.4078     6819.4454     6809.2217     6829.6692  29.936558  92.466262  -0.000343   0.001459
1 43905U 18111AF  22182.66216377  .00027498  00000-0  64974-3 0  9999 | 2 43905  97.1912  73.2112 0014773  27.0976 333.1040 15.41695617195779 | 2022/07/01-15:53:30   84.6513    0.1249  333.0273   93.4037     6819.2417     6809.1676     6829.3158  28.073159  93.048520  -0.000264   0.001453
1 43905U 18111AF  22184.41453429  .00040202  00000-0  94261-3 0  9995 | 2 43905  97.1905  74.9376 0014349  21.3403 338.8440 15.41857528196040 | 2022/07/03-09:56:55  355.5228    0.1249  338.7846   93.3938     6818.7643     6808.9800     6828.5485  25.256980  93.851363  -0.000157   0.001426
1 43905U 18111AF  22185.45289197  .00048789  00000-0  11390-2 0  9998 | 2 43905  97.1902  75.9607 0014105  17.6418 342.5317 15.41948194196202 | 2022/07/04-10:52:09    9.3427    0.1249  342.4831   93.3884     6818.4970     6808.8795     6828.1145  23.577116  94.287086  -0.000089   0.001408
1 43905U 18111AF  22186.68586096  .00035939  00000-0  83808-3 0  9999 | 2 43905  97.1901  77.1759 0013887  13.1948 346.9660 15.42051599196392 | 2022/07/05-16:27:38   93.2243    0.1249  346.9301   93.3821     6818.1922     6808.7237     6827.6606  21.572183  94.765798  -0.000009   0.001389
1 43905U 18111AF  22188.50272356  .00043221  00000-0  10019-2 0  9999 | 2 43905  97.1903  78.9672 0013426   6.5667 353.5754 15.42198580196671 | 2022/07/07-12:03:55   27.3131    0.1249  353.5582   93.3732     6817.7589     6808.6054     6826.9125  18.599397  95.394009   0.000105   0.001339
1 43905U 18111AF  22189.60570597  .00053826  00000-0  12388-2 0  9992 | 2 43905  97.1905  80.0545 0012970   2.4341 357.6968 15.42369099196849 | 2022/07/08-14:32:12   64.3978    0.1249  357.6908   93.3629     6817.2564     6808.4145     6826.0984  16.785902  95.729968   0.000170   0.001286
1 43905U 18111AF  22190.64370446  .00040032  00000-0  91991-3 0  9992 | 2 43905  97.1908  81.0784 0012700 358.3434   1.7769 15.42487219197005 | 2022/07/09-15:26:56   78.0870    0.1248    1.7814   93.3557     6816.9084     6808.2509     6825.5659  15.072624  96.014934   0.000233   0.001248
1 43905U 18111AF  22191.68163281  .00052440  00000-0  11983-2 0  9992 | 2 43905  97.1908  82.1026 0012500 354.3581   5.7524 15.42596463197165 | 2022/07/10-16:21:33   91.7499    0.1249    5.7668   93.3491     6816.5866     6808.0658     6825.1073  13.353977  96.269013   0.000293   0.001215
1 43905U 18111AF  22192.91407133  .00070904  00000-0  16082-2 0  9996 | 2 43905  97.1906  83.3190 0012234 349.1738  10.9245 15.42740508197358 | 2022/07/11-21:56:15  175.4383    0.1249   10.9511   93.3404     6816.1622     6807.8234     6824.5011  11.307289  96.530606   0.000368   0.001167
1 43905U 18111AF  22194.14636659  .00070724  00000-0  15934-2 0  9995 | 2 43905  97.1899  84.5350 0011904 344.1417  15.9457 15.42945837197545 | 2022/07/13-03:30:46  259.0741    0.1249   15.9832   93.3280     6815.5575     6807.4443     6823.6708   9.256141  96.748129   0.000433   0.001109
1 43905U 18111AF  22195.44336299  .00058847  00000-0  13208-2 0  9990 | 2 43905  97.1893  85.8147 0011526 338.4423  21.6338 15.43115760197749 | 2022/07/14-10:38:26    6.0028    0.1249   21.6826   93.3177     6815.0572     6807.2021     6822.9122   7.093101  96.930119   0.000501   0.001038
1 43905U 18111AF  22196.48085893  .00064891  00000-0  14486-2 0  9991 | 2 43905  97.1888  86.8387 0011282 333.9732  26.0948 15.43253235197906 | 2022/07/15-11:32:26   19.5080    0.1249   26.1517   93.3094     6814.6524     6806.9641     6822.3407   5.359681  97.040902   0.000550   0.000985
1 43905U 18111AF  22197.64792144  .00074145  00000-0  16430-2 0  9998 | 2 43905  97.1882  87.9908 0011031 328.5451  31.5137 15.43436713198086 | 2022/07/16-15:33:00   79.6579    0.1250   31.5799   93.2983     6814.1124     6806.5957     6821.6290   3.407415  97.128450   0.000608   0.000920
1 43905U 18111AF  22198.68519482  .00068496  00000-0  15112-2 0  9993 | 2 43905  97.1881  89.0153 0010824 323.7880  36.2634 15.43593343198247 | 2022/07/17-16:26:40   93.0816    0.1248   36.3368   93.2888     6813.6514     6806.2763     6821.0265   1.670217  97.173747   0.000654   0.000862
1 43905U 18111AF  22199.91682798  .00079129  00000-0  17333-2 0  9993 | 2 43905  97.1879  90.2322 0010647 317.9355  42.1075 15.43764051198433 | 2022/07/18-22:00:13  176.4750    0.1249   42.1894   93.2785     6813.1491     6805.8951     6820.4030  -0.393868  97.187102   0.000710   0.000793
1 43905U 18111AF  22200.95386864  .00093262  00000-0  20254-2 0  9995 | 2 43905  97.1879  91.2570 0010413 312.9833  47.0542 15.43963986198594 | 2022/07/19-22:53:34  189.8125    0.1249   47.1416   93.2664     6812.5609     6805.4670     6819.6548  -2.132014  97.164512   0.000746   0.000726
1 43905U 18111AF  22202.12042179  .00060158  00000-0  13080-2 0  9991 | 2 43905  97.1883  92.4094 0010325 307.7451  52.2862 15.44069541198771 | 2022/07/21-02:53:24  249.7753    0.1250   52.3799   93.2600     6812.2504     6805.2168     6819.2841  -4.085754  97.102380   0.000789   0.000666
1 43905U 18111AF  22203.48131630  .00038812  00000-0  84414-3 0  9994 | 2 43905  97.1880  93.7553 0010130 301.7066  58.3195 15.44165300198981 | 2022/07/22-11:33:05   19.6980    0.1249   58.4183   93.2543     6811.9688     6805.0683     6818.8693  -6.365370  96.979325   0.000825   0.000588
1 43905U 18111AF  22204.64772768  .00037315  00000-0  80953-3 0  9997 | 2 43905  97.1880  94.9085 0010061 296.3546  63.6669 15.44249066199167 | 2022/07/23-15:32:43   79.6071    0.1249   63.7703   93.2492     6811.7224     6804.8692     6818.5757  -8.315865  96.831574   0.000860   0.000522
1 43905U 18111AF  22205.68448828  .00027893  00000-0  60508-3 0  9993 | 2 43905  97.1879  95.9336 0009988 291.7584  68.2602 15.44309974199323 | 2022/07/24-16:25:39   92.8406    0.1250   68.3666   93.2455     6811.5433     6804.7400     6818.3467 -10.046881  96.667203   0.000884   0.000464
1 43905U 18111AF  22206.91559439  .00022858  00000-0  49556-3 0  9997 | 2 43905  97.1879  97.1510 0009934 285.6973  74.3180 15.44367641199511 | 2022/07/25-21:58:27  176.0382    0.1249   74.4276   93.2420     6811.3738     6804.6073     6818.1402 -12.098409  96.431926   0.000915   0.000386
1 43905U 18111AF  22208.14665776  .00018886  00000-0  40929-3 0  9997 | 2 43905  97.1878  98.3682 0009897 280.0479  79.9652 15.44417588199703 | 2022/07/27-03:31:11  259.2194    0.1248   80.0769   93.2390     6811.2269     6804.4858     6817.9680 -14.144124  96.153067   0.000939   0.000313
1 43905U 18111AF  22209.50728183  .00011664  00000-0  25354-3 0  9992 | 2 43905  97.1871  99.7136 0009821 274.2548  85.7579 15.44437172199911 | 2022/07/28-12:10:29   29.0401    0.1249   85.8701   93.2378     6811.1693     6804.4801     6817.8586 -16.397733  95.793772   0.000953   0.000237
1 43905U 18111AF  22210.67351854  .00007193  00000-0  15709-3 0  9994 | 2 43905  97.1868 100.8666 0009799 269.2262  90.7864 15.44448275200091 | 2022/07/29-16:09:52   88.8819    0.1249   90.8987   93.2372     6811.1367     6804.4625     6817.8109 -18.321946  95.444122   0.000965   0.000172
1 43905U 18111AF  22212.42285487  .00005645  00000-0  12362-3 0  9999 | 2 43905  97.1862 102.5961 0009821 261.3654  98.6483 15.44465846200363 | 2022/07/31-10:08:54  358.6367    0.1249   98.7595   93.2361     6811.0850     6804.3959     6817.7742 -21.194057  94.847084   0.000980   0.000068
1 43905U 18111AF  22213.91301307  .00005650  00000-0  12366-3 0  9994 | 2 43905  97.1858 104.0694 0009864 254.8734 105.1424 15.44482529200592 | 2022/08/01-21:54:44  175.0870    0.1249  105.2515   93.2351     6811.0360     6804.3176     6817.7544 -23.625576  94.270419   0.000986  -0.000018
1 43905U 18111AF  22215.20878879  .00006292  00000-0  13741-3 0  9992 | 2 43905  97.1854 105.3507 0009909 249.1874 110.8314 15.44499381200794 | 2022/08/03-05:00:39  281.5591    0.1249  110.9375   93.2341     6810.9864     6804.2374     6817.7354 -25.727547  93.718169   0.000986  -0.000094
1 43905U 18111AF  22216.50455143  .00005893  00000-0  12876-3 0  9995 | 2 43905  97.1854 106.6319 0009958 243.4636 116.5593 15.44514533200997 | 2022/08/04-12:06:33   28.0255    0.1249  116.6613   93.2332     6810.9419     6804.1596     6817.7242 -27.816588  93.119490   0.000981  -0.000171
1 43905U 18111AF  22217.67072571  .00006597  00000-0  14383-3 0  9991 | 2 43905  97.1855 107.7851 0010017 238.4234 121.6037 15.44530957201176 | 2022/08/05-16:05:50   87.8403    0.1248  121.7014   93.2322     6810.8936     6804.0711     6817.7161 -29.685086  92.540894   0.000973  -0.000239
1 43905U 18111AF  22219.16081980  .00007108  00000-0  15469-3 0  9996 | 2 43905  97.1855 109.2587 0010127 232.0425 127.9910 15.44552093201403 | 2022/08/07-03:51:34  264.2629    0.1249  128.0824   93.2309     6810.8315     6803.9341     6817.7288 -32.055082  91.746897   0.000959  -0.000325
1 43905U 18111AF  22220.26217814  .00012436  00000-0  26885-3 0  9990 | 2 43905  97.1858 110.3479 0010198 227.4108 132.6282 15.44578522201571 | 2022/08/08-06:17:32  300.7427    0.1249  132.7141   93.2293     6810.7538     6803.8082     6817.6994 -33.793409  91.121267   0.000944  -0.000386
1 43905U 18111AF  22221.42830066  .00011719  00000-0  25323-3 0  9998 | 2 43905  97.1855 111.5011 0010332 222.4444 137.6007 15.44605561201755 | 2022/08/09-10:16:45    0.5369    0.1249  137.6805   93.2277     6810.6743     6803.6375     6817.7111 -35.620341  90.422413   0.000928  -0.000454
1 43905U 18111AF  22223.17744599  .00009502  00000-0  20546-3 0  9996 | 2 43905  97.1850 113.2307 0010534 215.2639 144.7914 15.44643201202027 | 2022/08/11-04:15:31  270.2135    0.1248  144.8609   93.2254     6810.5637     6803.3894     6817.7379 -38.333101  89.305641   0.000898  -0.000550
1 43905U 18111AF  22224.21395791  .00010927  00000-0  23576-3 0  9997 | 2 43905  97.1849 114.2553 0010621 211.1312 148.9309 15.44666193202185 | 2022/08/12-05:08:05  283.3480    0.1248  148.9936   93.2240     6810.4961     6803.2626     6817.7295 -39.923867  88.605810   0.000874  -0.000603
1 43905U 18111AF  22225.63913868  .00009589  00000-0  20695-3 0  9996 | 2 43905  97.1840 115.6646 0010775 205.1619 154.9107 15.44693697202404 | 2022/08/13-15:20:21   76.3980    0.1249  154.9630   93.2224     6810.4152     6803.0770     6817.7535 -42.090611  87.596291   0.000835  -0.000681
1 43905U 18111AF  22226.67561764  .00009159  00000-0  19762-3 0  9991 | 2 43905  97.1835 116.6894 0010891 201.1593 158.9207 15.44713044202561 | 2022/08/14-16:12:53   89.5198    0.1248  158.9655   93.2212     6810.3584     6802.9412     6817.7755 -43.650330  86.829035   0.000807  -0.000731
1 43905U 18111AF  22228.16553383  .00008981  00000-0  19361-3 0  9992 | 2 43905  97.1831 118.1626 0011084 195.4605 164.6307 15.44740547202799 | 2022/08/16-03:58:22  265.8738    0.1248  164.6643   93.2195     6810.2775     6802.7290     6817.8260 -45.868032  85.677760   0.000765  -0.000802
1 43905U 18111AF  22229.20198185  .00009485  00000-0  20422-3 0  9993 | 2 43905  97.1831 119.1876 0011242 191.4195 168.6801 15.44760071202958 | 2022/08/17-04:50:51  278.9833    0.1249  168.7054   93.2184     6810.2201     6802.5641     6817.8762 -47.393353  84.843532   0.000732  -0.000853
1 43905U 18111AF  22230.23841534  .00013795  00000-0  29575-3 0  9998 | 2 43905  97.1830 120.2125 0011367 187.4943 172.6138 15.44787634203112 | 2022/08/18-05:43:19  292.0875    0.1248  172.6305   93.2167     6810.1391     6802.3981     6817.8802 -48.903311  83.982151   0.000695  -0.000899
1 43905U 18111AF  22231.46915793  .00010509  00000-0  22560-3 0  9990 | 2 43905  97.1829 121.4298 0011558 182.9702 177.1481 15.44813394203304 | 2022/08/19-11:15:35   15.1404    0.1249  177.1547   93.2151     6810.0634     6802.1924     6817.9345 -50.676363  82.924196   0.000653  -0.000954
1 43905U 18111AF  22232.63510411  .00009832  00000-0  21102-3 0  9996 | 2 43905  97.1828 122.5829 0011723 178.6501 181.4781 15.44838506203480 | 2022/08/20-15:14:32   74.8672    0.1247  181.4746   93.2136     6809.9896     6802.0063     6817.9730 -52.334816  81.887506   0.000608  -0.001002
1 43905U 18111AF  22233.67148751  .00007779  00000-0  16727-3 0  9990 | 2 43905  97.1830 123.6078 0011816 174.7819 185.3556 15.44854959203644 | 2022/08/21-16:06:56   87.9526    0.1249  185.3430   93.2126     6809.9413     6801.8947     6817.9879 -53.791270  80.938463   0.000562  -0.001039
1 43905U 18111AF  22235.16126993  .00005860  00000-0  12640-3 0  9999 | 2 43905  97.1829 125.0810 0012001 169.3275 190.8232 15.44874904203874 | 2022/08/23-03:52:13  264.2562    0.1249  190.7974   93.2114     6809.8827     6801.7101     6818.0552 -55.854308  79.528689   0.000496  -0.001093
1 43905U 18111AF  22238.14073328  .00016273  00000-0  34614-3 0  9998 | 2 43905  97.1826 128.0275 0012389 159.1734 201.0023 15.44968169204337 | 2022/08/26-03:22:39  256.8282    0.1249  200.9515   93.2058     6809.6086     6801.1722     6818.0450 -59.868332  76.552208   0.000366  -0.001183
1 43905U 18111AF  22239.50085978  .00016718  00000-0  35497-3 0  9997 | 2 43905  97.1820 129.3723 0012627 154.6189 205.5683 15.45012187204547 | 2022/08/27-12:01:14   26.4581    0.1248  205.5059   93.2031     6809.4793     6800.8809     6818.0776 -61.648068  75.125607   0.000305  -0.001225
1 43905U 18111AF  22240.66666430  .00013005  00000-0  27648-3 0  9999 | 2 43905  97.1815 130.5251 0012762 150.4707 209.7266 15.45029925204722 | 2022/08/28-15:59:59   86.1339    0.1249  209.6542   93.2021     6809.4271     6800.7370     6818.1173 -63.146702  73.869736   0.000243  -0.001253
1 43905U 18111AF  22242.41534677  .00008594  00000-0  18328-3 0  9993 | 2 43905  97.1808 132.2547 0012892 144.6590 215.5516 15.45051095204995 | 2022/08/30-09:58:05  355.6403    0.1248  215.4658   93.2008     6809.3649     6800.5863     6818.1436 -65.347045  71.929630   0.000155  -0.001280
1 43905U 18111AF  22244.16399627  .00008318  00000-0  17726-3 0  9996 | 2 43905  97.1783 133.9833 0013268 141.5055 218.7156 15.45078807205269 | 2022/09/01-03:56:09  265.1385    0.1261  218.6206   93.1991     6809.2835     6800.2490     6818.3181 -67.485342  69.923892   0.000127  -0.001321
1 43905U 18111AF  22245.20021867  .00007564  00000-0  16129-3 0  9998 | 2 43905  97.1800 135.0090 0013207 135.4593 224.7720 15.45095268205421 | 2022/09/02-04:48:18  278.1640    0.1248  224.6655   93.1981     6809.2352     6800.2422     6818.2281 -68.727430  68.705842   0.000011  -0.001321
1 43905U 18111AF  22246.68976650  .00010623  00000-0  22546-3 0  9990 | 2 43905  97.1801 136.4822 0013296 130.6694 229.5714 15.45124846205653 | 2022/09/03-16:33:15   94.3867    0.1249  229.4555   93.1964     6809.1483     6800.0948     6818.2017 -70.471169  66.916263  -0.000066  -0.001328
1 43905U 18111AF  22248.17927836  .00016060  00000-0  33914-3 0  9990 | 2 43905  97.1802 137.9556 0013409 125.8891 234.3606 15.45170195205882 | 2022/09/05-04:18:09  270.5968    0.1249  234.2358   93.1936     6809.0150     6799.8848     6818.1452 -72.168551  65.082191  -0.000144  -0.001333
1 43905U 18111AF  22249.66874564  .00012132  00000-0  25639-3 0  9995 | 2 43905  97.1805 139.4292 0013516 121.0848 239.1730 15.45211438206112 | 2022/09/06-16:02:59   86.7914    0.1249  239.0401   93.1911     6808.8939     6799.6910     6818.0968 -73.818586  63.204951  -0.000223  -0.001333
1 43905U 18111AF  22251.15817602  .00011534  00000-0  24353-3 0  9999 | 2 43905  97.1801 140.9025 0013625 116.2576 244.0075 15.45248115206348 | 2022/09/08-03:47:46  262.9738    0.1249  243.8673   93.1889     6808.7861     6799.5092     6818.0631 -75.418942  61.285847  -0.000303  -0.001328
1 43905U 18111AF  22252.64756976  .00012833  00000-0  27034-3 0  9992 | 2 43905  97.1797 142.3754 0013758 111.7476 248.5239 15.45287908206572 | 2022/09/09-15:32:30   79.1443    0.1249  248.3773   93.1865     6808.6692     6799.3019     6818.0366 -76.969005  59.326776  -0.000376  -0.001323
1 43905U 18111AF  22253.68364625  .00012214  00000-0  25715-3 0  9990 | 2 43905  97.1793 143.4001 0013795 108.6784 251.5964 15.45315707206739 | 2022/09/10-16:24:27   92.1250    0.1249  251.4465   93.1848     6808.5876     6799.1951     6817.9800 -78.017341  57.940580  -0.000424  -0.001313
1 43905U 18111AF  22255.10821866  .00015093  00000-0  31675-3 0  9994 | 2 43905  97.1787 144.8090 0013829 104.3216 255.9570 15.45359947206955 | 2022/09/12-02:35:50  244.9625    0.1249  255.8033   93.1822     6808.4576     6799.0422     6817.8731 -79.417877  56.004469  -0.000493  -0.001292
1 43905U 18111AF  22256.14424467  .00015304  00000-0  32076-3 0  9996 | 2 43905  97.1782 145.8338 0013830 101.1226 259.1580 15.45394352207119 | 2022/09/13-03:27:42  257.9263    0.1250  259.0024   93.1801     6808.3566     6798.9406     6817.7726 -80.406410  54.574827  -0.000541  -0.001273
1 43905U 18111AF  22257.18024940  .00014538  00000-0  30452-3 0  9997 | 2 43905  97.1778 146.8586 0013854  98.0362 262.2460 15.45424981207272 | 2022/09/14-04:19:33  270.8827    0.1249  262.0887   93.1783     6808.2666     6798.8345     6817.6988 -81.369295  53.127796  -0.000588  -0.001255
1 43905U 18111AF  22258.21623261  .00018478  00000-0  38589-3 0  9999 | 2 43905  97.1775 147.8835 0013844  94.8645 265.4185 15.45461564207439 | 2022/09/15-05:11:22  283.8321    0.1249  265.2604   93.1760     6808.1592     6798.7340     6817.5844 -82.306316  51.663690  -0.000634  -0.001231
1 43905U 18111AF  22259.64067610  .00014225  00000-0  29724-3 0  9994 | 2 43905  97.1772 149.2927 0013977  90.1791 270.1060 15.45499351207656 | 2022/09/16-15:22:34   76.6244    0.1249  269.9458   93.1738     6808.0482     6798.5326     6817.5638 -83.551714  49.623777  -0.000710  -0.001204
1 43905U 18111AF  22260.93559366  .00012926  00000-0  27001-3 0  9994 | 2 43905  97.1772 150.5738 0013945  86.2756 274.0088 15.45530846207853 | 2022/09/17-22:27:15  182.7907    0.1250  273.8494   93.1719     6807.9557     6798.4620     6817.4494 -84.640296  47.743361  -0.000763  -0.001168
1 43905U 18111AF  22262.16573939  .00014019  00000-0  29233-3 0  9997 | 2 43905  97.1773 151.7909 0013890  82.4352 277.8475 15.45564767208048 | 2022/09/19-03:58:39  265.6402    0.1250  277.6898   93.1698     6807.8561     6798.4000     6817.3122 -85.635395  45.934809  -0.000812  -0.001127
1 43905U 18111AF  22264.17276064  .00013648  00000-0  28414-3 0  9996 | 2 43905  97.1775 153.7763 0013787  76.2849 283.9934 15.45619808208356 | 2022/09/21-04:08:46  268.1651    0.1249  283.8400   93.1665     6807.6945     6798.3087     6817.0803 -87.175571  42.940498  -0.000885  -0.001057
1 43905U 18111AF  22265.92075769  .00012372  00000-0  25742-3 0  9993 | 2 43905  97.1776 155.5056 0013736  71.0410 289.2327 15.45660136208628 | 2022/09/22-22:05:53  177.4422    0.1250  289.0840   93.1641     6807.5761     6798.2252     6816.9270 -88.431791  40.290251  -0.000945  -0.000997
1 43905U 18111AF  22267.15080074  .00013788  00000-0  28631-3 0  9997 | 2 43905  97.1775 156.7226 0013739  66.7887 293.4808 15.45693214208816 | 2022/09/24-03:37:09  260.2573    0.1250  293.3363   93.1621     6807.4790     6798.1262     6816.8318 -89.267478  38.402915  -0.000996  -0.000946
1 43905U 18111AF  22268.63976204  .00014179  00000-0  29394-3 0  9992 | 2 43905  97.1768 158.1957 0013702  62.3736 297.8903 15.45737352209042 | 2022/09/25-15:21:15   76.2835    0.1250  297.7514   93.1594     6807.3494     6798.0219     6816.6768 -90.224573  36.095109  -0.001041  -0.000891
1 43905U 18111AF  22271.74666138  .00082406  00000-0  16558-2 0  9995 | 2 43905  97.1750 161.2705 0013202  54.6068 305.6413 15.46261107209524 | 2022/09/28-17:55:11  114.7706    0.1250  305.5182   93.1279     6805.8121     6796.8270     6814.7971 -92.029105  31.202955  -0.001070  -0.000774
1 43905U 18111AF  22273.49376642  .00126197  00000-0  24911-2 0  9995 | 2 43905  97.1748 163.0003 0012737  49.8000 310.4363 15.46614424209797 | 2022/09/30-11:51:01   23.7324    0.1251  310.3251   93.1066     6804.7755     6796.1083     6813.4428 -92.928872  28.410675  -0.001071  -0.000690
1 43905U 18111AF  22274.52888068  .00095556  00000-0  18790-2 0  9992 | 2 43905  97.1745 164.0262 0012474  47.1008 313.1287 15.46848438209956 | 2022/10/01-12:41:35   36.3747    0.1251  313.0243   93.0925     6804.0892     6795.6018     6812.5766 -93.422363  26.742205  -0.001068  -0.000645
1 43905U 18111AF  22275.69319945  .00120172  00000-0  23333-2 0  9996 | 2 43905  97.1746 165.1803 0012171  44.3289 315.8934 15.47125412210135 | 2022/10/02-16:38:12   95.5302    0.1251  315.7962   93.0758     6803.2771     6794.9969     6811.5574 -93.942136  24.855141  -0.001059  -0.000599
1 43905U 18111AF  22277.43922050  .00170187  00000-0  32226-2 0  9999 | 2 43905  97.1746 166.9119 0011562  39.7910 320.4187 15.47671698210400 | 2022/10/04-10:32:28    4.0997    0.1252  320.3342   93.0430     6801.6761     6793.8120     6809.5402 -94.650297  22.005092  -0.001033  -0.000520
1 43905U 18111AF  22279.24924515  .00183066  00000-0  33916-2 0  9995 | 2 43905  97.1733 168.7096 0011096  35.1457 325.0524 15.48260020210688 | 2022/10/06-05:58:54  295.7065    0.1252  324.9795   93.0076     6799.9530     6792.4077     6807.4982 -95.292751  19.024767  -0.001015  -0.000449
1 43905U 18111AF  22281.18774851  .00188645  00000-0  34096-2 0  9995 | 2 43905  97.1736 170.6334 0010474  31.3342 328.8531 15.48957158210985 | 2022/10/08-04:30:21  273.5654    0.1252  328.7910   92.9658     6797.9125     6790.7924     6805.0326 -95.878004  15.815083  -0.000971  -0.000392
1 43905U 18111AF  22282.22126110  .00205858  00000-0  36640-2 0  9993 | 2 43905  97.1736 171.6612 0010179  29.8477 330.3353 15.49337154211146 | 2022/10/09-05:18:36  285.6251    0.1252  330.2775   92.9430     6796.8009     6789.8825     6803.7194 -96.146262  14.092724  -0.000947  -0.000373
1 43905U 18111AF  22283.25449754  .00200088  00000-0  35113-2 0  9993 | 2 43905  97.1730 172.6891 0009781  26.7711 333.4044 15.49766124211306 | 2022/10/10-06:06:28  297.5882    0.1253  333.3542   92.9172     6795.5467     6788.8999     6802.1934 -96.383008  12.365585  -0.000922  -0.000326
1 43905U 18111AF  22284.61021420  .00171730  00000-0  29734-2 0  9993 | 2 43905  97.1720 174.0384 0009312  24.0174 336.1511 15.50256744211518 | 2022/10/11-14:38:42   65.6402    0.1253  336.1079   92.8878     6794.1128     6787.7862     6800.4395 -96.646467  10.092469  -0.000885  -0.000289
1 43905U 18111AF  22285.64286604  .00169647  00000-0  29031-2 0  9998 | 2 43905  97.1719 175.0672 0008902  21.5678 338.5947 15.50600794211676 | 2022/10/12-15:25:43   77.3899    0.1252  338.5574   92.8672     6793.1078     6787.0606     6799.1550 -96.811998   8.355548  -0.000853  -0.000255
1 43905U 18111AF  22287.19142159  .00166343  00000-0  27975-2 0  9991 | 2 43905  97.1704 176.6107 0008275  17.9716 342.1828 15.51110138211910 | 2022/10/14-04:35:38  274.8608    0.1254  342.1538   92.8367     6791.6206     6786.0005     6797.2407 -97.000438   5.744709  -0.000801  -0.000208
1 43905U 18111AF  22288.22348809  .00203723  00000-0  33612-2 0  9995 | 2 43905  97.1701 177.6394 0007936  16.0027 344.1475 15.51517695212071 | 2022/10/15-05:21:49  286.3975    0.1253  344.1226   92.8123     6790.4312     6785.0423     6795.8201 -97.087640   4.002299  -0.000771  -0.000187
1 43905U 18111AF  22289.64217700  .00143085  00000-0  23409-2 0  9994 | 2 43905  97.1702 179.0548 0007421  12.0484 348.0945 15.51977550212290 | 2022/10/16-15:24:44   77.1157    0.1253  348.0769   92.7848     6789.0898     6784.0516     6794.1280 -97.156978   1.602930  -0.000728  -0.000143
1 43905U 18111AF  22290.67367996  .00136830  00000-0  22137-2 0  9999 | 2 43905  97.1701 180.0845 0006961  10.0516 350.0875 15.52316698212457 | 2022/10/17-16:10:05   88.4476    0.1254  350.0738   92.7646     6788.1009     6783.3757     6792.8261 -97.169994  -0.143307  -0.000685  -0.000123
1 43905U 18111AF  22292.15610879  .00144690  00000-0  23035-2 0  9996 | 2 43905  97.1695 181.5657 0006422   6.2030 353.9302 15.52741620212685 | 2022/10/19-03:44:47  262.1078    0.1254  353.9224   92.7392     6786.8624     6782.5039     6791.2209 -97.133222  -2.654984  -0.000636  -0.000087
1 43905U 18111AF  22293.25156561  .00123017  00000-0  19436-2 0  9991 | 2 43905  97.1699 182.6600 0005997   2.9620 357.1668 15.53035245212853 | 2022/10/20-06:02:15  296.4621    0.1254  357.1634   92.7217     6786.0069     6781.9374     6790.0765 -97.065201  -4.509566  -0.000597  -0.000059
1 43905U 18111AF  22294.60448822  .00125799  00000-0  19609-2 0  9996 | 2 43905  97.1701 184.0115 0005584   0.3845 359.7412 15.53402649213062 | 2022/10/21-14:30:27   63.4994    0.1254  359.7409   92.6997     6784.9369     6781.1482     6788.7256 -96.932036  -6.797699  -0.000557  -0.000043
1 43905U 18111AF  22295.63506683  .00158272  00000-0  24299-2 0  9993 | 2 43905  97.1700 185.0428 0005167 356.9522   3.1700 15.53709175213220 | 2022/10/22-15:14:29   74.4957    0.1255    3.1733   92.6814     6784.0445     6780.5392     6787.5498 -96.793886  -8.541231  -0.000516  -0.000018
1 43905U 18111AF  22296.66540552  .00153468  00000-0  23258-2 0  9996 | 2 43905  97.1695 186.0735 0004742 354.1181   6.0017 15.54086976213382 | 2022/10/23-15:58:11   85.4048    0.1255    6.0074   92.6589     6782.9450     6779.7285     6786.1614 -96.624086 -10.280938  -0.000474  -0.000002
1 43905U 18111AF  22297.69552529  .00130418  00000-0  19605-2 0  9998 | 2 43905  97.1691 187.1050 0004380 349.9081  10.2084 15.54395033213545 | 2022/10/24-16:41:33   96.2351    0.1254   10.2173   92.6405     6782.0488     6779.0782     6785.0193 -96.422953 -12.018659  -0.000437   0.000023
1 43905U 18111AF  22299.49780197  .00104339  00000-0  15491-2 0  9994 | 2 43905  97.1687 188.9107 0003782 342.9578  17.1549 15.54833864213823 | 2022/10/26-11:56:50   25.0292    0.1255   17.1677   92.6144     6780.7726     6778.2081     6783.3371 -95.995967 -15.050935  -0.000374   0.000053
1 43905U 18111AF  22300.59177828  .00141464  00000-0  20659-2 0  9991 | 2 43905  97.1679 190.0067 0003389 339.1117  20.9998 15.55154156213992 | 2022/10/27-14:12:09   58.8442    0.1254   21.0137   92.5953     6779.8416     6777.5439     6782.1392 -95.689728 -16.884219  -0.000333   0.000064
1 43905U 18111AF  22301.68550219  .00169984  00000-0  24384-2 0  9997 | 2 43905  97.1674 191.1036 0002993 334.6627  25.4481 15.55543788214161 | 2022/10/28-16:27:07   92.5666    0.1255   25.4628   92.5721     6778.7094     6776.6805     6780.7382 -95.348481 -18.712850  -0.000290   0.000074
1 43905U 18111AF  22303.48623433  .00217531  00000-0  30111-2 0  9993 | 2 43905  97.1671 192.9110 0002420 322.7529  37.3558 15.56351263214448 | 2022/10/30-11:40:10   20.7997    0.1255   37.3726   92.5241     6776.3645     6774.7246     6778.0044 -94.710552 -21.710750  -0.000220   0.000100
1 43905U 18111AF  22305.09325793  .00239501  00000-0  32194-2 0  9994 | 2 43905  97.1662 194.5260 0001741 308.8955  51.2145 15.57070760214690 | 2022/11/01-02:14:17  239.2959    0.1256   51.2301   92.4813     6774.2769     6773.0975     6775.4563 -94.060178 -24.371159  -0.000140   0.000104
1 43905U 18111AF  22306.12136444  .00218027  00000-0  28910-2 0  9993 | 2 43905  97.1661 195.5601 0001418 291.6102  68.5003 15.57512703214853 | 2022/11/02-02:54:45  249.3930    0.1256   68.5154   92.4551     6772.9953     6772.0349     6773.9557 -93.604924 -26.064711  -0.000086   0.000113
1 43905U 18111AF  22307.21339088  .00254376  00000-0  32912-2 0  9997 | 2 43905  97.1665 196.6584 0001128 272.3242  87.7885 15.58048248215028 | 2022/11/03-05:07:16  282.4984    0.1256   87.8014   92.4233     6771.4432     6770.6794     6772.2070 -93.088508 -27.854236  -0.000037   0.000107
1 43905U 18111AF  22308.49757954  .00281276  00000-0  35235-2 0  9994 | 2 43905  97.1672 197.9517 0001054 240.4785 119.6366 15.58821462215220 | 2022/11/04-11:56:30   24.7763    0.1256  119.6471   92.3775     6769.2038     6768.4903     6769.9173 -92.436778 -29.948403   0.000021   0.000103
1 43905U 18111AF  22309.58866130  .00252802  00000-0  31097-2 0  9997 | 2 43905  97.1671 199.0514 0001350 217.2370 142.8793 15.59401478215392 | 2022/11/05-14:07:40   57.5403    0.1256  142.8886   92.3431     6767.5252     6766.6116     6768.4388 -91.844882 -31.716920   0.000075   0.000112
1 43905U 18111AF  22311.19248979  .00241279  00000-0  28848-2 0  9998 | 2 43905  97.1662 200.6698 0001864 189.7288 170.3934 15.60191681215640 | 2022/11/07-04:37:11  274.8751    0.1258  170.3970   92.2964     6765.2399     6763.9789     6766.5010 -90.911632 -34.297894   0.000161   0.000094
1 43905U 18111AF  22312.60310756  .00302654  00000-0  34670-2 0  9993 | 2 43905  97.1657 202.0949 0002306 175.1465 184.9816 15.61113857215861 | 2022/11/08-14:28:28   62.6568    0.1258  184.9793   92.2418     6762.5754     6761.0160     6764.1349 -90.030057 -36.548080   0.000220   0.000068
1 43905U 18111AF  22313.62846234  .00299060  00000-0  33396-2 0  9991 | 2 43905  97.1656 203.1323 0002736 169.9197 190.2116 15.61791019216022 | 2022/11/09-15:04:59   71.7546    0.1257  190.2060   92.2018     6760.6205     6758.7708     6762.4702 -89.353503 -38.172050   0.000267   0.000062
1 43905U 18111AF  22314.65344339  .00244799  00000-0  26993-2 0  9998 | 2 43905  97.1649 204.1698 0003181 165.7182 194.4168 15.62294725216186 | 2022/11/10-15:40:57   80.7168    0.1259  194.4077   92.1721     6759.1673     6757.0172     6761.3174 -88.647042 -39.783411   0.000313   0.000055
1 43905U 18111AF  22315.67810399  .00291013  00000-0  31279-2 0  9999 | 2 43905  97.1641 205.2082 0003621 159.9200 200.2202 15.62806457216346 | 2022/11/11-16:16:28   89.5610    0.1259  200.2059   92.1419     6757.6917     6755.2448     6760.1387 -87.910784 -41.383044   0.000361   0.000032
1 43905U 18111AF  22317.15040258  .00230258  00000-0  24172-2 0  9991 | 2 43905  97.1636 206.7021 0004270 156.0167 204.1292 15.63605198216577 | 2022/11/13-03:36:34  259.5401    0.1259  204.1092   92.0949     6755.3902     6752.5056     6758.2747 -86.801580 -43.660633   0.000427   0.000020
1 43905U 18111AF  22318.23815174  .00249675  00000-0  25562-2 0  9995 | 2 43905  97.1638 207.8059 0004618 150.9128 209.2390 15.64183002216748 | 2022/11/14-05:42:56  291.0922    0.1260  209.2132   92.0608     6753.7265     6750.6076     6756.8453 -85.944582 -45.324749   0.000462  -0.000010
1 43905U 18111AF  22319.64525110  .00238478  00000-0  23776-2 0  9993 | 2 43905  97.1634 209.2349 0005122 148.4904 211.6664 15.64891279216964 | 2022/11/15-15:29:09   77.6009    0.1260  211.6356   92.0192     6751.6885     6748.2302     6755.1467 -84.787188 -47.453758   0.000512  -0.000020
1 43905U 18111AF  22320.66821298  .00232627  00000-0  22769-2 0  9994 | 2 43905  97.1629 210.2750 0005605 145.0473 215.1156 15.65373690217123 | 2022/11/16-16:02:13   85.8292    0.1260  215.0787   91.9908     6750.3012     6746.5177     6754.0848 -83.911397 -48.984758   0.000559  -0.000046
1 43905U 18111AF  22322.13816472  .00229911  00000-0  21897-2 0  9999 | 2 43905  97.1635 211.7708 0006110 141.4208 218.7490 15.66066691217353 | 2022/11/18-03:18:57  254.9580    0.1260  218.7052   91.9501     6748.3097     6744.1865     6752.4329 -82.604632 -51.158778   0.000607  -0.000072
1 43905U 18111AF  22323.16035198  .00292261  00000-0  27054-2 0  9990 | 2 43905  97.1633 212.8121 0006472 139.0975 221.0773 15.66587158217512 | 2022/11/19-03:50:54  262.9066    0.1261  221.0286   91.9196     6746.8150     6742.4484     6751.1815 -81.661108 -52.651404   0.000641  -0.000091
1 43905U 18111AF  22324.18219547  .00263095  00000-0  23926-2 0  9992 | 2 43905  97.1633 213.8532 0006806 134.6365 225.5452 15.67115930217670 | 2022/11/20-04:22:21  270.7295    0.1261  225.4896   91.8885     6745.2972     6740.7064     6749.8881 -80.690971 -54.126464   0.000667  -0.000136
1 43905U 18111AF  22325.20370065  .00298269  00000-0  26446-2 0  9990 | 2 43905  97.1631 214.8955 0007087 133.5838 226.6013 15.67637424217833 | 2022/11/21-04:53:19  278.4325    0.1261  226.5423   91.8580     6743.8012     6739.0219     6748.5805 -79.692865 -55.585208   0.000694  -0.000142
1 43905U 18111AF  22326.48008334  .00255375  00000-0  22144-2 0  9990 | 2 43905  97.1626 216.1985 0007576 129.8195 230.3735 15.68312121218033 | 2022/11/22-11:31:19   17.8774    0.1262  230.3067   91.8185     6741.8669     6736.7593     6746.9746 -78.407864 -57.382730   0.000735  -0.000183
1 43905U 18111AF  22327.69215347  .00239383  00000-0  20290-2 0  9999 | 2 43905  97.1626 217.4369 0007888 127.4803 232.7177 15.68916100218223 | 2022/11/23-16:36:42   94.1739    0.1261  232.6458   91.7831     6740.1365     6734.8199     6745.4532 -77.149367 -59.063914   0.000762  -0.000205
1 43905U 18111AF  22329.22253758  .00263187  00000-0  21564-2 0  9992 | 2 43905  97.1620 219.0024 0008282 123.8204 236.3848 15.69670376218461 | 2022/11/25-05:20:27  285.0479    0.1262  236.3058   91.7390     6737.9771     6732.3967     6743.5575 -75.506495 -61.149191   0.000791  -0.000245
1 43905U 18111AF  22330.24232090  .00369209  00000-0  29021-2 0  9990 | 2 43905  97.1618 220.0462 0008510 121.2736 238.9362 15.70368009218628 | 2022/11/26-05:48:56  292.1267    0.1263  238.8527   91.6983     6735.9814     6730.2491     6741.7138 -74.379873 -62.514397   0.000806  -0.000273
1 43905U 18111AF  22331.64379873  .00325232  00000-0  24743-2 0  9990 | 2 43905  97.1607 221.4833 0008714 118.9995 241.2143 15.71279576218848 | 2022/11/27-15:27:04   76.5990    0.1263  241.1268   91.6451     6733.3760     6727.5085     6739.2434 -72.787824 -64.359415   0.000821  -0.000291
1 43905U 18111AF  22333.17174502  .00392736  00000-0  28359-2 0  9992 | 2 43905  97.1599 223.0524 0009105 116.5576 243.6622 15.72331941219088 | 2022/11/29-04:07:18  266.5905    0.1263  243.5687   91.5837     6730.3712     6724.2432     6736.4992 -70.997622 -66.327851   0.000853  -0.000317
1 43905U 18111AF  22334.44424137  .00360518  00000-0  25181-2 0  9998 | 2 43905  97.1605 224.3602 0009224 114.4849 245.7378 15.73208869219285 | 2022/11/30-10:39:42    4.6328    0.1264  245.6415   91.5327     6727.8699     6721.6641     6734.0757 -69.465727 -67.931403   0.000860  -0.000333
1 43905U 18111AF  22335.97025011  .00426090  00000-0  28058-2 0  9999 | 2 43905  97.1601 225.9316 0009683 110.6835 249.5469 15.74406395219527 | 2022/12/01-23:17:09  193.9209    0.1265  249.4430   91.4630     6724.4579     6717.9466     6730.9692 -67.576465 -69.810504   0.000889  -0.000384
1 43905U 18111AF  22337.24102376  .00409481  00000-0  25878-2 0  9993 | 2 43905  97.1599 227.2413 0009676 108.6374 251.5943 15.75407238219723 | 2022/12/03-05:47:04  291.3410    0.1265  251.4891   91.4049     6721.6096     6715.1058     6728.1134 -65.963045 -71.336686   0.000883  -0.000395
1 43905U 18111AF  22338.25705387  .00392346  00000-0  23980-2 0  9999 | 2 43905  97.1606 228.2900 0009782 107.4819 252.7517 15.76222092219884 | 2022/12/04-06:10:09  297.0626    0.1266  252.6447   91.3577     6719.2928     6712.7200     6725.8656 -64.646841 -72.532532   0.000892  -0.000401
1 43905U 18111AF  22339.65334829  .00381151  00000-0  22428-2 0  9991 | 2 43905  97.1590 229.7329 0010353 104.3204 255.9212 15.77112188220106 | 2022/12/05-15:40:49   79.6540    0.1266  255.8062   91.3061     6716.7644     6709.8105     6723.7183 -62.798889 -74.136164   0.000931  -0.000453
1 43905U 18111AF  22340.66837550  .00268667  00000-0  15638-2 0  9994 | 2 43905  97.1587 230.7834 0010413 102.1389 258.1045 15.77653151220268 | 2022/12/06-16:02:27   85.0119    0.1267  257.9878   91.2748     6715.2289     6708.2363     6722.2215 -61.428957 -75.274805   0.000927  -0.000474
1 43905U 18111AF  22341.68306071  .00350429  00000-0  19699-2 0  9995 | 2 43905  97.1591 231.8341 0010376  99.6852 260.5588 15.78226105220424 | 2022/12/07-16:23:36   90.2474    0.1267  260.4415   91.2417     6713.6036     6706.6375     6720.5696 -60.038550 -76.388894   0.000912  -0.000495
1 43905U 18111AF  22342.95075100  .00317234  00000-0  17158-2 0  9997 | 2 43905  97.1588 233.1487 0010282  97.8750 262.3685 15.79176839220628 | 2022/12/08-22:49:04  186.5513    0.1267  262.2517   91.1867     6710.9087     6704.0085     6717.8089 -58.270047 -77.745958   0.000899  -0.000498
1 43905U 18111AF  22344.21771047  .00343607  00000-0  17815-2 0  9994 | 2 43905  97.1576 234.4649 0010185  95.5488 264.6942 15.80049449220825 | 2022/12/10-05:13:30  282.5898    0.1268  264.5780   91.1364     6708.4377     6701.6051     6715.2702 -56.468151 -79.062932   0.000882  -0.000509
1 43905U 18111AF  22345.23081813  .00301620  00000-0  15294-2 0  9990 | 2 43905  97.1560 235.5126 0010704  91.7740 268.3749 15.80638680220980 | 2022/12/11-05:32:22  287.3536    0.0263  268.2523   91.1024     6706.7704     6699.5915     6713.9493 -55.012155 -80.080904   0.000901  -0.000578
1 43905U 18111AF  22346.49665149  .00328462  00000-0  15976-2 0  9999 | 2 43905  97.1565 236.8321 0010465  90.9048 269.3420 15.81485105221185 | 2022/12/12-11:55:10   22.8838    0.1269  269.2221   91.0537     6704.3772     6697.3610     6711.3933 -53.153771 -81.326884   0.000885  -0.000559
1 43905U 18111AF  22348.22618145  .00377255  00000-0  17275-2 0  9994 | 2 43905  97.1460 238.6400 0011422  81.2380  42.6948 15.82657493221452 | 2022/12/14-05:25:42  161.7254  124.0216   42.7836   90.9862     6701.0658     6693.4118     6708.7198 -50.556101 -82.954361   0.000873  -0.000736
1 43905U 18111AF  22349.65827986  .00399382  00000-0  17428-2 0  9992 | 2 43905  97.1550 240.1280 0010371  85.2584 274.9870 15.83652479221687 | 2022/12/15-15:47:55   80.8918    0.1270  274.8686   90.9290     6698.2587     6691.3120     6705.2055 -48.389411 -84.247011   0.000854  -0.000589
1 43905U 18111AF  22350.66901929  .00406573  00000-0  17046-2 0  9992 | 2 43905  97.1539 241.1840 0010348  84.2119 276.0331 15.84485249221847 | 2022/12/16-16:03:23   84.6986    0.1271  275.9152   90.8813     6695.9115     6688.9826     6702.8405 -46.828021 -85.123538   0.000852  -0.000588
1 43905U 18111AF  22351.67921263  .00437812  00000-0  17545-2 0  9991 | 2 43905  97.1544 242.2396 0010135  82.2143 278.0278 15.85365647222001 | 2022/12/17-16:18:03   88.3112    0.1271  277.9128   90.8308     6693.4324     6686.6486     6700.2162 -45.252105 -85.972230   0.000825  -0.000589
1 43905U 18111AF  22352.68886271  .00452836  00000-0  17396-2 0  9999 | 2 43905  97.1550 243.2963 0009988  80.4233 279.8167 15.86214794222163 | 2022/12/18-16:31:57   91.7258    0.1272  279.7039   90.7822     6691.0434     6684.3603     6697.7264 -43.659192 -86.792678   0.000805  -0.000591
1 43905U 18111AF  22353.69793377  .00586702  00000-0  21142-2 0  9999 | 2 43905  97.1553 244.3541 0009745  79.0210 281.2158 15.87233500222322 | 2022/12/19-16:45:01   94.9314    0.1272  281.1062   90.7239     6688.1801     6681.6625     6694.6978 -42.049598 -87.584152   0.000782  -0.000581
1 43905U 18111AF  22355.21026855  .00536884  11046-3  19132-2 0  9996 | 2 43905  97.1539 245.9428 0009519  78.0654 282.1685 15.88814112222563 | 2022/12/21-05:02:47  279.2767    0.1272  282.0618   90.6336     6683.7436     6677.3814     6690.1059 -39.604638 -88.715010   0.000770  -0.000559
1 43905U 18111AF  22356.21766950  .00499753  96514-4  16907-2 0  9998 | 2 43905  97.1515 247.0032 0009619  76.0487 284.1855 15.89849511222725 | 2022/12/22-05:13:26  281.8733    0.1273  284.0786   90.5746     6680.8414     6674.4151     6687.2677 -37.955121 -89.430547   0.000769  -0.000578
1 43905U 18111AF  22357.22441735  .00565351  12622-3  18141-2 0  9998 | 2 43905  97.1508 248.0628 0009479  74.9895 285.2427 15.90902357222887 | 2022/12/23-05:23:09  284.2372    0.1274  285.1379   90.5147     6677.8935     6671.5636     6684.2235 -36.294578 -90.116489   0.000758  -0.000570
1 43905U 18111AF  22358.67037195  .00644886  17013-3  18959-2 0  9996 | 2 43905  97.1495 249.5886 0009302  73.6198 286.6099 15.92618073223119 | 2022/12/24-16:05:20   84.6828    0.1275  286.5077   90.4172     6673.0966     6666.8893     6679.3040 -33.881717 -91.049737   0.000745  -0.000557
1 43905U 18111AF  22359.73811786  .00532239  11565-3  14684-2 0  9995 | 2 43905  97.1496 250.7180 0009098  71.6982 288.5282 15.93826802223287 | 2022/12/25-17:42:53  108.9976    0.1275  288.4293   90.3486     6669.7224     6663.6543     6675.7905 -32.080534 -91.699968   0.000721  -0.000555
1 43905U 18111AF  22360.74227540  .00780127  26492-3  20076-2 0  9995 | 2 43905  97.1492 251.7824 0008880  70.0590 290.1642 15.95176905223446 | 2022/12/26-17:48:52  110.4229    0.1276  290.0686   90.2721     6665.9585     6660.0391     6671.8779 -30.371435 -92.279700   0.000698  -0.000549
1 43905U 18111AF  22361.93344444  .00946892  41817-3  21851-2 0  9993 | 2 43905  97.1492 253.0485 0008599  71.3237 288.8974 15.97236971223638 | 2022/12/27-22:24:09  179.1538    0.1278  288.8041   90.1557     6660.2256     6654.4984     6665.9527 -28.325025 -92.928252   0.000699  -0.000501
1 43905U 18111AF  22362.93536714  .00791765  28885-3  16718-2 0  9990 | 2 43905  97.1495 254.1150 0008161  70.0715 290.1442 15.98818073223797 | 2022/12/28-22:26:55  179.7724    0.1279  290.0564   90.0665     6655.8339     6650.4021     6661.2657 -26.590540 -93.439652   0.000662  -0.000478
1 43905U 18111AF  22364.31097824  .01567407  15005-2  27612-2 0  9997 | 2 43905  97.1480 255.5842 0006983  78.7230 281.4834 16.02339610224016 | 2022/12/30-07:27:48  314.8884    0.1280  281.4050   89.8686     6646.0784     6641.4375     6650.7194 -24.185672 -94.089251   0.000629  -0.000303
1 43905U 18111AF  22365.68235309  .02388500  59934-2  31199-2 0  9990 | 2 43905  97.1478 257.0601 0007683  81.2280 278.8829 16.08467942224239 | 2022/12/31-16:22:35   88.5546    0.0239  278.7959   89.5262     6629.1865     6624.0933     6634.2797 -21.754197 -94.680779   0.000714  -0.000284
1 43905U 18111AF  23002.29678168  .03032878  22123-1  28201-2 0  9994 | 2 43905  97.1474 258.8118 0006101 103.6780 256.5187 16.16380486224499 | 2023/01/02-07:07:21  309.5027    0.1287  256.4507   89.0879     6607.5345     6603.5033     6611.5658 -18.849735 -95.301127   0.000610   0.000027
1 43905U 18111AF  23004.32910579  .08255650  24139-5  71601-3 0  9991 | 2 43905  97.1736 261.0922 0012379 138.8645 230.9088 16.39172317224823 | 2023/01/04-07:53:54  311.2855    9.6633  230.7988   87.8492     6546.1422     6538.0387     6554.2457 -15.046835 -96.001569   0.000949   0.000795
