# SPACE DATA - HISTORICAL TLEs
# ----------------------------
# NORAD_ID    : 44818
# OBJECT_NAME : FLOCK 4P 5
# --------------------------------------------------------------------+-----------------------------------------------------------------------+----------------------------------------------------------------------------------------------------------------------------------------
#                  LINE 1                                             |                 LINE 2                                                |      DERIVED PARAMETERS
# --------------------------------------------------------------------+-----------------------------------------------------------------------+----------------------------------------------------------------------------------------------------------------------------------------
# NORAD  COSPAR     TLE_EPOCH      MEANMOT1 MEANMOT2   BSTAR  #  REV  |   NORAD    INC     RAAN     ECC    ARGPER  MEANANOM   MEANMOT     REV |  CAL_DATE              LONG     ARGLAT     PERIOD        SMA         PERIGEE        APOGEE      INC_X      INC_Y      ECC_X      ECC_Y
# ------ ------   -------------- ----------  -------  ------- -- ----     -----  ------- -------- ------- -------- -------- -----------  ----   ------------------- ---------  --------  --------  ------------  ------------   ----------- ---------- ----------  ---------  ---------   
1 44810U 19081G   19331.28582414 -.00000069  00000-0  00000+0 0  9992 | 2 44810  97.5199  28.3392 0009844 250.9115 192.4263 15.18698131    15 | 2019/11/27-06:51:35   57.1258   83.3136  192.4021   94.8181     6887.9111     6881.1307     6894.6916  85.832412  46.291769   0.000158  -0.000972
1 44810U 19081G   19332.91717916 +.00000873 +00000-0 +44679-4 0  9997 | 2 44810 097.5235 029.9622 0012199 236.1595 123.8479 15.19243790000266 | 2019/11/28-22:00:44    7.7290    0.1234  123.9639   94.7840     6886.2618     6877.8612     6894.6623  84.489980  48.706020  -0.000083  -0.001217
1 44810U 19081G   19334.30032529  .00001021  00000-0  51675-4 0  9992 | 2 44810  97.5245  31.3416 0012346 231.4311 128.5820 15.19247234   475 | 2019/11/30-07:12:28  145.6398    0.1236  128.6925   94.7838     6886.2514     6877.7496     6894.7531  83.293862  50.726331  -0.000155  -0.001225
1 44810U 19081G   19335.74933469  .00000445  00000-0  24415-4 0  9995 | 2 44810  97.5235  32.7825 0012435 227.0605 132.9587 15.19247591   698 | 2019/12/01-17:59:02  307.2644    0.1234  133.0629   94.7838     6886.2503     6877.6872     6894.8133  81.991129  52.804240  -0.000219  -0.001224
1 44810U 19081G   19336.80315928 +.00000437 +00000-0 +24023-4 0  9993 | 2 44810 097.5234 033.8321 0012522 223.0976 136.9279 15.19248613000850 | 2019/12/02-19:16:32  326.6240    0.1234  137.0258   94.7837     6886.2472     6877.6242     6894.8702  81.010023  54.297234  -0.000283  -0.001220
1 44810U 19081G   19337.85698288 +.00000456 +00000-0 +24920-4 0  9999 | 2 44810 097.5233 034.8816 0012607 219.2070 140.8252 15.19249931001013 | 2019/12/03-20:34:03  345.9830    0.1233  140.9163   94.7836     6886.2432     6877.5617     6894.9247  80.001832  55.771865  -0.000346  -0.001212
1 44810U 19081G   19339.43771753  .00000432  00000-0  23761-4 0  9990 | 2 44810  97.5233  36.4558 0012728 213.3117 146.7318 15.19251467  1256 | 2019/12/05-10:30:18  195.0200    0.1234  146.8117   94.7835     6886.2386     6877.4738     6895.0034  78.439501  57.948587  -0.000440  -0.001194
1 44810U 19081G   19340.68913163  .00000462  00000-0  25204-4 0  9999 | 2 44810  97.5231  37.7020 0012830 208.5958 151.4574 15.19252779  1440 | 2019/12/06-16:32:20  285.5067    0.1233  151.5275   94.7834     6886.2346     6877.3996     6895.0697  77.160490  59.640706  -0.000516  -0.001175
1 44810U 19081G   19341.80881674  .00000513  00000-0  27594-4 0  9996 | 2 44810  97.5229  38.8170 0012937 204.4723 155.5899 15.19254189  1619 | 2019/12/07-19:24:41  328.5729    0.1234  155.6511   94.7833     6886.2304     6877.3216     6895.1391  75.985164  61.130769  -0.000581  -0.001156
1 44810U 19081G   19343.45540850  .00000289  00000-0  17000-4 0  9998 | 2 44810  97.5228  40.4567 0013110 198.7582 161.3171 15.19258499  1862 | 2019/12/09-10:55:47  201.3161    0.1233  161.3651   94.7831     6886.2173     6877.1895     6895.2452  74.204762  63.279932  -0.000671  -0.001126
1 44810U 19081G   19344.70681517  .00000349  00000-0  19818-4 0  9999 | 2 44810  97.5224  41.7028 0013223 194.7755 165.3095 15.19263037  2052 | 2019/12/10-16:57:48  291.8002    0.1234  165.3479   94.7828     6886.2036     6877.0980     6895.3092  72.810777  64.878419  -0.000730  -0.001102
1 44810U 19081G   19345.76063040  .00000716  00000-0  37227-4 0  9993 | 2 44810  97.5221  42.7525 0013327 190.4298 169.6661 15.19263966  2217 | 2019/12/11-18:15:18  311.1517    0.1233  169.6935   94.7827     6886.2008     6877.0236     6895.3780  71.609785  66.201199  -0.000799  -0.001067
1 44810U 19081G   19347.14376033  .00000824  00000-0  42324-4 0  9990 | 2 44810  97.5218  44.1296 0013444 185.6142 174.4944 15.19266608  2425 | 2019/12/13-03:27:00   89.0520    0.1234  174.5092   94.7826     6886.1928     6876.9350     6895.4506  69.997899  67.902840  -0.000869  -0.001026
1 44810U 19081G   19348.32929846  .00000790  00000-0  40693-4 0  9996 | 2 44810  97.5217  45.3100 0013564 181.5130 178.6066 15.19268560  2606 | 2019/12/14-07:54:11  155.8228    0.1234  178.6104   94.7825     6886.1869     6876.8465     6895.5274  68.584148  69.330344  -0.000928  -0.000989
1 44810U 19081G   19349.51483495  .00000769  00000-0  39693-4 0  9997 | 2 44810  97.5216  46.4905 0013673 177.4118 182.7189 15.19270701  2782 | 2019/12/15-12:21:21  222.5929    0.1233  182.7115   94.7823     6886.1805     6876.7650     6895.5959  67.141168  70.728538  -0.000985  -0.000948
1 44810U 19081G   19350.76623386  .00000674  00000-0  35204-4 0  9990 | 2 44810  97.5215  47.7365 0013791 173.0985 187.0442 15.19272095  2979 | 2019/12/16-18:23:22  313.0719    0.1234  187.0249   94.7822     6886.1762     6876.6795     6895.6730  65.587226  72.171730  -0.001043  -0.000902
1 44810U 19081G   19351.88590517 +.00000608 +00000-0 +32066-4 0  9993 | 2 44810 097.5213 048.8514 0013895 169.3198 190.8334 15.19273324003142 | 2019/12/17-21:15:42  356.1318    0.1233  190.8035   94.7822     6886.1725     6876.6042     6895.7409  64.170401  73.434077  -0.001092  -0.000859
1 44810U 19081G   19353.20316342  .00000755  00000-0  39019-4 0  9991 | 2 44810  97.5212  50.1629 0014021 164.9382 195.2272 15.19276174  3340 | 2019/12/19-04:52:33  110.3194    0.1233  195.1851   94.7820     6886.1639     6876.5088     6895.8190  62.472767  74.883495  -0.001147  -0.000806
1 44810U 19081G   19354.78387148  .00000598  00000-0  31607-4 0  9997 | 2 44810  97.5211  51.7368 0014155 159.7049 200.4751 15.19277744  3587 | 2019/12/20-18:48:46  319.3438    0.1234  200.4185   94.7819     6886.1592     6876.4118     6895.9065  60.392365  76.571060  -0.001208  -0.000738
1 44810U 19081G   19356.16698883  .00000627  00000-0  32958-4 0  9995 | 2 44810  97.5210  53.1138 0014273 155.1196 205.0729 15.19279990  3795 | 2019/12/22-04:00:27   97.2399    0.1233  205.0037   94.7817     6886.1524     6876.3238     6895.9810  58.534796  78.000148  -0.001257  -0.000675
1 44810U 19081G   19357.41837934  .00000649  00000-0  34023-4 0  9995 | 2 44810  97.5208  54.3597 0014383 150.9955 209.2081 15.19281823  3988 | 2019/12/23-10:02:27  187.7169    0.1233  209.1278   94.7816     6886.1469     6876.2425     6896.0512  56.824857  79.254288  -0.001300  -0.000616
1 44810U 19081G   19358.80149308  .00000631  00000-0  33137-4 0  9996 | 2 44810  97.5206  55.7368 0014484 146.5602 213.6550 15.19283794  4192 | 2019/12/24-19:14:09  325.6124    0.1234  213.5632   94.7815     6886.1409     6876.1670     6896.1148  54.903644  80.596882  -0.001340  -0.000550
1 44810U 19081G   19360.11874247  .00000605  00000-0  31927-4 0  9996 | 2 44810  97.5203  57.0482 0014577 142.3316 217.8942 15.19285682  4391 | 2019/12/26-02:50:59   79.7985    0.1234  217.7918   94.7814     6886.1352     6876.0973     6896.1731  53.044540  81.832058  -0.001375  -0.000484
1 44810U 19081G   19361.17254090  .00000596  00000-0  31485-4 0  9999 | 2 44810  97.5201  58.0973 0014654 138.9067 221.3274 15.19287146  4558 | 2019/12/27-04:08:27   99.1472    0.1234  221.2167   94.7813     6886.1308     6876.0398     6896.2217  51.537261  82.789375  -0.001401  -0.000429
1 44810U 19081G   19362.42392557  .00000608  00000-0  32045-4 0  9996 | 2 44810  97.5200  59.3431 0014740 134.8629 225.3805 15.19288736  4746 | 2019/12/28-10:10:27  189.6240    0.1233  225.2604   94.7812     6886.1260     6875.9758     6896.2761  49.725054  83.890222  -0.001429  -0.000362
1 44810U 19081G   19363.80703315  .00000605  00000-0  31909-4 0  9992 | 2 44810  97.5197  60.7199 0014820 130.4873 229.7655 15.19290451  4951 | 2019/12/29-19:22:07  327.5198    0.1233  229.6360   94.7811     6886.1208     6875.9155     6896.3260  47.694889  85.060504  -0.001454  -0.000288
1 44810U 19081G   19364.92669010 +.00000611 +00000-0 +32192-4 0  9991 | 2 44810 097.5195 061.8345 0014872 126.9633 233.2966 15.19292041005127 | 2019/12/30-22:14:26   10.5782    0.1234  233.1601   94.7810     6886.1160     6875.8749     6896.3570  46.031156  85.972005  -0.001470  -0.000227
1 44810U 19081G   20001.44151853  .00000501  00000-0  27000-4 0  9999 | 2 44810  97.5194  63.3425 0014955 122.1663 238.1024 15.19293483  5350 | 2020/01/01-10:35:47  195.8927    0.1234  237.9571   94.7809     6886.1116     6875.8134     6896.4098  43.752684  87.153520  -0.001489  -0.000144
1 44810U 19081G   20002.75875952  .00000535  00000-0  28571-4 0  9998 | 2 44810  97.5193  64.6537 0015024 118.0191 242.2566 15.19295075  5553 | 2020/01/02-18:12:36  310.0796    0.1235  242.1044   94.7808     6886.1068     6875.7611     6896.4525  41.746872  88.131791  -0.001501  -0.000070
1 44810U 19081G   20003.87841281 +.00000570 +00000-0 +30228-4 0  9991 | 2 44810 097.5192 065.7683 0015052 114.5108 245.7697 15.19296561005729 | 2020/01/03-21:04:54  353.1390    0.1233  245.6125   94.7807     6886.1023     6875.7374     6896.4673  40.024573  88.927093  -0.001505  -0.000007
1 44810U 19081G   20005.12978843  .00000592  00000-0  31293-4 0  9993 | 2 44810  97.5191  67.0140 0015069 110.6109 249.6743 15.19298335  5914 | 2020/01/05-03:06:53   83.6172    0.1234  249.5125   94.7806     6886.0970     6875.7203     6896.4736  38.081813  89.776113  -0.001506   0.000062
1 44810U 19081G   20006.44702337  .00000759  00000-0  39180-4 0  9990 | 2 44810  97.5190  68.3252 0015093 106.4646 253.8248 15.19301336  6113 | 2020/01/06-10:43:42  197.8047    0.1234  253.6588   94.7804     6886.0879     6875.6947     6896.4811  36.017479  90.623929  -0.001503   0.000137
1 44810U 19081G   20007.83011934 +.00000674 +00000-0 +35159-4 0  9998 | 2 44810 097.5187 069.7019 0015136 102.1537 258.1394 15.19302652006320 | 2020/01/07-19:55:22  335.7021    0.1234  257.9697   94.7803     6886.0839     6875.6611     6896.5067  33.829681  91.462832  -0.001498   0.000214
1 44810U 19081G   20008.88390486 +.00000703 +00000-0 +36541-4 0  9995 | 2 44810 097.5185 070.7508 0015151 098.8814 261.4136 15.19304333006485 | 2020/01/08-21:12:49  355.0528    0.1234  261.2420   94.7802     6886.0788     6875.6457     6896.5119  32.149652  92.066594  -0.001490   0.000273
1 44810U 19081G   20010.33285734  .00000727  00000-0  37627-4 0  9999 | 2 44810  97.5182  72.1931 0015141  94.3901 265.9064 15.19306893  6702 | 2020/01/10-07:59:18  156.6600    0.1235  265.7334   94.7801     6886.0711     6875.6449     6896.4973  29.822037  92.846354  -0.001473   0.000351
1 44810U 19081G   20011.78180693  .00000739  00000-0  38217-4 0  9996 | 2 44810  97.5180  73.6353 0015131  89.8632 270.4336 15.19309630  6922 | 2020/01/11-18:45:48  318.2675    0.1234  270.2602   94.7799     6886.0628     6875.6435     6896.4821  27.475732  93.567326  -0.001451   0.000430
1 44810U 19081G   20013.16489198  .00000844  00000-0  43163-4 0  9995 | 2 44810  97.5178  75.0120 0015114  85.5301 274.7659 15.19312882  7136 | 2020/01/13-03:57:26   96.1655    0.1234  274.5933   94.7797     6886.0530     6875.6454     6896.4606  25.219735  94.200246  -0.001425   0.000503
1 44810U 19081G   20014.41625209  .00000981  00000-0  49648-4 0  9995 | 2 44810  97.5177  76.2575 0015092  81.6390 278.6555 15.19316134  7325 | 2020/01/14-09:59:24  186.6445    0.1235  278.4845   94.7795     6886.0432     6875.6508     6896.4356  23.166182  94.726078  -0.001398   0.000568
1 44810U 19081G   20015.79933117  .00000898  00000-0  45716-4 0  9996 | 2 44810  97.5174  77.6339 0015041  77.2944 282.9970 15.19318825  7536 | 2020/01/15-19:11:02  324.5429    0.1234  282.8290   94.7793     6886.0350     6875.6778     6896.3923  20.884075  95.254914  -0.001362   0.000637
1 44810U 19081G   20016.85310353  .00000937  00000-0  47574-4 0  9993 | 2 44810  97.5174  78.6827 0014999  73.9443 286.3442 15.19321541  7695 | 2020/01/16-20:28:28  343.8937    0.1235  286.1792   94.7791     6886.0268     6875.6985     6896.3552  19.137031  95.621218  -0.001332   0.000690
1 44810U 19081G   20018.17031687  .00000911  00000-0  46327-4 0  9997 | 2 44810  97.5172  79.9937 0014953  69.8428 290.4413 15.19324377  7892 | 2020/01/18-04:05:15   98.0822    0.1234  290.2806   94.7790     6886.0183     6875.7216     6896.3149  16.944244  96.033832  -0.001293   0.000751
1 44810U 19081G   20019.22408616 +.00001089 +00000-0 +54719-4 0  9995 | 2 44810 097.5171 081.0424 0014916 066.5355 293.7445 15.19327386008051 | 2020/01/19-05:22:41  117.4332    0.1234  293.5879   94.7788     6886.0092     6875.7380     6896.2803  15.183755  96.327765  -0.001259   0.000800
1 44810U 19081G   20020.73887664  .00001067  00000-0  53690-4 0  9990 | 2 44810  97.5169  82.5499 0014837  61.7708 298.5022 15.19330285  8288 | 2020/01/20-17:43:58  302.7503    0.1235  298.3527   94.7786     6886.0004     6875.7837     6896.2172  12.644302  96.693678  -0.001205   0.000865
1 44810U 19081G   20022.12194304  .00000992  00000-0  50155-4 0  9996 | 2 44810  97.5166  83.9263 0014744  57.3573 302.9082 15.19332814  8496 | 2020/01/22-02:55:35   80.6485    0.1235  302.7662   94.7784     6885.9928     6875.8401     6896.1455  10.318001  96.969202  -0.001150   0.000922
1 44810U 19081G   20023.43914619  .00001103  00000-0  55391-4 0  9992 | 2 44810  97.5164  85.2372 0014674  53.1778 307.0800 15.19336293  8694 | 2020/01/23-10:32:22  194.8368    0.1235  306.9457   94.7782     6885.9823     6875.8778     6896.0868   8.096869  97.179674  -0.001098   0.000974
1 44810U 19081G   20024.82220750  .00001084  00000-0  54469-4 0  9995 | 2 44810  97.5161  86.6135 0014576  48.7653 311.4835 15.19338904  8908 | 2020/01/24-19:43:58  332.7348    0.1235  311.3582   94.7781     6885.9744     6875.9374     6896.0114   5.760390  97.345815  -0.001037   0.001024
1 44810U 19081G   20026.13940363  .00001227  00000-0  61252-4 0  9997 | 2 44810  97.5158  87.9243 0014442  44.3118 315.9270 15.19343127  9106 | 2020/01/26-03:20:44   86.9229    0.1235  315.8117   94.7778     6885.9616     6876.0169     6895.9063   3.532010  97.451815  -0.000971   0.001069
1 44810U 19081G   20027.19315775 +.00001444 +00000-0 +71475-4 0  9996 | 2 44810 097.5156 088.9729 0014363 040.8400 319.3908 15.19347413009266 | 2020/01/27-04:38:08  106.2724    0.1235  319.2835   94.7775     6885.9487     6876.0584     6895.8390   1.747998  97.499932  -0.000920   0.001103
1 44810U 19081G   20028.44448738  .00001657  00000-0  81493-4 0  9998 | 2 44810  97.5154  90.2181 0014272  36.7597 323.4613 15.19352515  9451 | 2020/01/28-10:40:03  196.7490    0.1235  323.3638   94.7772     6885.9333     6876.1056     6895.7609  -0.371198  97.514694  -0.000858   0.001140
1 44810U 19081G   20029.82753061 +.00001876 +00000-0 +91824-4 0  9991 | 2 44810 097.5153 091.5943 0014161 032.2416 327.9682 15.19358695009661 | 2020/01/29-19:51:38  334.6428    0.1236  327.8820   94.7768     6885.9146     6876.1634     6895.6657  -2.713090  97.477551  -0.000789   0.001176
1 44810U 19081G   20031.27642797  .00002017  00000-0  98484-4 0  9993 | 2 44810  97.5151  93.0360 0014034  27.4236 332.7736 15.19364903  9881 | 2020/01/31-06:38:03  136.2448    0.1235  332.6999   94.7764     6885.8958     6876.2322     6895.5595  -5.164732  97.378233  -0.000711   0.001210
1 44810U 19081G   20033.12047114  .00001858  00000-0  90984-4 0  9990 | 2 44810  97.5148  94.8709 0013858  21.2455 338.9351 15.19371405 10160 | 2020/02/02-02:53:28   80.0996    0.1234  338.8779   94.7760     6885.8762     6876.3337     6895.4186  -8.280067  97.162630  -0.000610   0.001244
1 44810U 19081G   20034.17420644 +.00001955 +00000-0 +95554-4 0  9995 | 2 44810 097.5147 095.9195 0013734 017.8503 342.3211 15.19375842010329 | 2020/02/03-04:10:51   99.4436    0.1235  342.2732   94.7758     6885.8628     6876.4057     6895.3198 -10.056795  96.994730  -0.000554   0.001257
1 44810U 19081G   20035.42551259 +.00001845 +00000-0 +90319-4 0  9993 | 2 44810 097.5145 097.1645 0013649 013.4493 346.7103 15.19380345010519 | 2020/02/04-10:12:44  189.9139    0.1236  346.6743   94.7755     6885.8492     6876.4507     6895.2477 -12.161862  96.753123  -0.000481   0.001278
1 44810U 19081G   20036.80853060 +.00001920 +00000-0 +93867-4 0  9996 | 2 44810 097.5142 098.5405 0013513 008.6471 351.4993 15.19386226010724 | 2020/02/05-19:24:17  327.8008    0.1235  351.4764   94.7751     6885.8314     6876.5266     6895.1362 -14.481684  96.432878  -0.000399   0.001291
1 44810U 19081G   20037.86225509 +.00001915 +00000-0 +93626-4 0  9991 | 2 44810 097.5140 099.5890 0013405 004.9570 355.1795 15.19390470010884 | 2020/02/06-20:41:38  347.1416    0.1236  355.1666   94.7748     6885.8186     6876.5881     6895.0490 -16.243828  96.151538  -0.000337   0.001298
1 44810U 19081G   20039.44283634 +.00001940 +00000-0 +94785-4 0  9995 | 2 44810 097.5138 101.1616 0013248 359.4700 000.6518 15.19397033011120 | 2020/02/08-10:37:41  196.1508    0.1235    0.6535   94.7744     6885.7987     6876.6764     6894.9211 -18.876416  95.669337  -0.000244   0.001302
1 44810U 19081G   20040.69412766 +.00001619 +00000-0 +79626-4 0  9994 | 2 44810 097.5135 102.4066 0013115 355.0634 005.0469 15.19399572011316 | 2020/02/09-16:39:32  286.6155    0.1235    5.0601   94.7743     6885.7911     6876.7604     6894.8218 -20.950564  95.236320  -0.000171   0.001300
1 44810U 19081G   20041.87955820 +.00001466 +00000-0 +72451-4 0  9997 | 2 44810 097.5133 103.5860 0012998 350.8019 009.2976 15.19402687011496 | 2020/02/10-21:06:33  353.3703    0.1236    9.3217   94.7741     6885.7817     6876.8315     6894.7318 -22.906324  94.784725  -0.000099   0.001296
1 44810U 19081G   20043.32841387 +.00001278 +00000-0 +63543-4 0  9994 | 2 44810 097.5130 105.0275 0012861 345.4797 014.6066 15.19406319011713 | 2020/02/12-07:52:54  154.9581    0.1235   14.6438   94.7739     6885.7707     6876.9149     6894.6265 -25.283427  94.178201  -0.000011   0.001286
1 44810U 19081G   20044.44798156 +.00001231 +00000-0 +61337-4 0  9991 | 2 44810 097.5128 106.1413 0012756 341.4287 018.6480 15.19409421011888 | 2020/02/13-10:45:05  198.0018    0.1235   18.6948   94.7737     6885.7613     6876.9778     6894.5448 -27.109254  93.668749   0.000054   0.001274
1 44810U 19081G   20045.89683089 +.00001262 +00000-0 +62801-4 0  9990 | 2 44810 097.5126 107.5827 0012618 336.1517 023.9131 15.19413550012100 | 2020/02/14-21:31:26  359.5861    0.1235   23.9718   94.7734     6885.7488     6877.0604     6894.4373 -29.456808  92.956999   0.000138   0.001254
1 44810U 19081G   20047.47739007 +.00001390 +00000-0 +68821-4 0  9998 | 2 44810 097.5124 109.1551 0012486 330.2492 029.8031 15.19418318012347 | 2020/02/16-11:27:26  208.5854    0.1235   29.8743   94.7731     6885.7344     6877.1369     6894.3320 -31.996401  92.113509   0.000230   0.001227
1 44810U 19081G   20048.59694984  .00001478  00000-0  72960-4 0  9992 | 2 44810  97.5122 110.2688 0012414 325.9974  34.0464 15.19421928 12514 | 2020/02/17-14:19:36  251.6252    0.1235   34.1261   94.7729     6885.7235     6877.1756     6894.2715 -33.780652  91.474022   0.000295   0.001206
1 44810U 19081G   20049.71650642  .00001666  00000-0  81839-4 0  9994 | 2 44810  97.5120 111.3826 0012329 321.7526  38.2833 15.19426413 12688 | 2020/02/18-17:11:46  294.6632    0.1235   38.3709   94.7726     6885.7100     6877.2206     6894.1994 -35.552292  90.799916   0.000358   0.001180
1 44810U 19081G   20050.83605963 +.00002938 +00000-0 +14174-3 0  9995 | 2 44810 097.5120 112.4965 0012208 317.5059 042.5229 15.19433991012859 | 2020/02/19-20:03:55  337.6990    0.1235   42.6176   94.7721     6885.6871     6877.2810     6894.0931 -37.310724  90.091620   0.000417   0.001147
1 44810U 19081G   20051.88975160 +.00002647 +00000-0 +12799-3 0  9998 | 2 44810 097.5117 113.5447 0012141 313.3735 046.6487 15.19438972013017 | 2020/02/20-21:21:14  357.0251    0.1235   46.7500   94.7718     6885.6720     6877.3121     6894.0319 -38.952453  89.393725   0.000476   0.001117
1 44810U 19081G   20053.27271672 +.00002327 +00000-0 +11292-3 0  9992 | 2 44810 097.5114 114.9204 0012045 308.0706 051.9441 15.19445884013224 | 2020/02/22-06:32:42  134.8875    0.1235   52.0529   94.7714     6885.6512     6877.3574     6893.9449 -41.087280  88.432508   0.000547   0.001073
1 44810U 19081G   20054.58982205 +.00002127 +00000-0 +10350-3 0  9990 | 2 44810 097.5109 116.2305 0011948 302.9728 057.0357 15.19451100013426 | 2020/02/23-14:09:20  249.0397    0.1235   57.1507   94.7711     6885.6354     6877.4084     6893.8624 -43.098201  87.469541   0.000612   0.001026
1 44810U 19081G   20055.64350264 +.00002101 +00000-0 +10226-3 0  9996 | 2 44810 097.5105 117.2785 0011917 298.7811 061.2226 15.19455510013584 | 2020/02/24-15:26:38  268.3600    0.1235   61.3424   94.7708     6885.6221     6877.4165     6893.8277 -44.690629  86.666287   0.000665   0.000989
1 44810U 19081G   20057.28987476 +.00001680 +00000-0 +82410-4 0  9995 | 2 44810 097.5104 118.9159 0011894 292.3997 067.5977 15.19459771013838 | 2020/02/26-06:57:25  141.0456    0.1235   67.7238   94.7705     6885.6092     6877.4195     6893.7989 -47.148747  85.353815   0.000743   0.000928
1 44810U 19081G   20058.80453319 +.00001285 +00000-0 +63794-4 0  9993 | 2 44810 097.5101 120.4225 0011872 286.3698 073.6231 15.19462733014063 | 2020/02/27-19:18:31  326.3135    0.1235   73.7537   94.7703     6885.6003     6877.4257     6893.7748 -49.376427  84.084411   0.000813   0.000865
1 44810U 19081G   20060.31918793  .00001437  00000-0  70953-4 0  9998 | 2 44810  97.5099 121.9290 0011864 280.3782  79.6115 15.19468012 14294 | 2020/02/29-07:39:37  151.5788    0.1235   79.7453   94.7700     6885.5843     6877.4153     6893.7534 -51.569863  82.757053   0.000877   0.000799
1 44810U 19081G   20061.70212861  .00001654  00000-0  81136-4 0  9991 | 2 44810  97.5097 123.3045 0011850 274.8903  85.0978 15.19473443 14500 | 2020/03/01-16:51:03  289.4267    0.1234   85.2331   94.7697     6885.5679     6877.4085     6893.7273 -53.541451  81.495120   0.000931   0.000733
1 44810U 19081G   20062.75579571  .00001744  00000-0  85368-4 0  9992 | 2 44810  97.5096 124.3524 0011852 270.7308  89.2569 15.19476971 14666 | 2020/03/02-18:08:20  308.7379    0.1235   89.3927   94.7695     6885.5572     6877.3965     6893.7180 -55.022846  80.502227   0.000970   0.000681
1 44810U 19081G   20063.80946004  .00001829  00000-0  89371-4 0  9990 | 2 44810  97.5093 125.4003 0011869 266.5975  93.3902 15.19480825 14826 | 2020/03/03-19:25:37  328.0477    0.1235   93.5260   94.7692     6885.5456     6877.3731     6893.7181 -56.485718  79.482245   0.001007   0.000629
1 44810U 19081G   20065.32409780  .00001840  00000-0  89875-4 0  9996 | 2 44810  97.5090 126.9066 0011898 260.5703  99.4187 15.19486366 15057 | 2020/03/05-07:46:42  153.3026    0.1235   99.5532   94.7689     6885.5289     6877.3365     6893.7213 -58.555358  77.969707   0.001056   0.000549
1 44810U 19081G   20066.44361016 +.00001635 +00000-0 +80229-4 0  9995 | 2 44810 097.5088 128.0200 0011928 256.1655 103.8252 15.19489145015228 | 2020/03/06-10:38:47  196.3153    0.1234  103.9579   94.7687     6885.5205     6877.3074     6893.7335 -60.059230  76.817023   0.001088   0.000489
1 44810U 19081G   20067.69482552  .00001737  00000-0  85007-4 0  9994 | 2 44810  97.5086 129.2645 0011966 251.1846 108.8091 15.19494236 15415 | 2020/03/07-16:40:32  286.7386    0.1234  108.9388   94.7684     6885.5051     6877.2659     6893.7443 -61.713318  75.494327   0.001121   0.000418
1 44810U 19081G   20068.74847853  .00001651  00000-0  80967-4 0  9995 | 2 44810  97.5083 130.3123 0012011 247.0570 112.9398 15.19497311 15576 | 2020/03/08-17:57:48  306.0413    0.1235  113.0665   94.7682     6885.4958     6877.2256     6893.7660 -63.083335  74.352952   0.001146   0.000359
1 44810U 19081G   20069.86798153 +.00001763 +00000-0 +86193-4 0  9998 | 2 44810 097.5081 131.4256 0012074 242.7343 117.2662 15.19501866015744 | 2020/03/09-20:49:53  349.0489    0.1234  117.3891   94.7679     6885.4820     6877.1685     6893.7956 -64.515937  73.113086   0.001171   0.000295
1 44810U 19081G   20073.68744113  .00001829  00000-0  89257-4 0  9997 | 2 44810  97.5074 135.2238 0012305 228.0240 131.9947 15.19516103 16322 | 2020/03/13-16:29:54  284.0026    0.1234  132.0994   94.7670     6885.4390     6876.9665     6893.9116 -69.216932  68.678304   0.001229   0.000070
1 44810U 19081G   20074.74107868  .00001902  00000-0  92706-4 0  9990 | 2 44810  97.5072 136.2715 0012385 224.0540 135.9708 15.19520444 16487 | 2020/03/14-17:47:09  303.2968    0.1233  136.0693   94.7667     6885.4259     6876.8983     6893.9535 -70.460984  67.401066   0.001238   0.000007
1 44810U 19081G   20076.18982686 +.00001875 +00000-0 +91394-4 0  9990 | 2 44810 097.5069 137.7120 0012503 218.5981 141.4361 15.19525684016701 | 2020/03/16-04:33:21  104.8242    0.1234  141.5253   94.7664     6885.4101     6876.8013     6894.0189 -72.132878  65.608258   0.001248  -0.000080
1 44810U 19081G   20077.44101465  .00001893  00000-0  92233-4 0  9991 | 2 44810  97.5067 138.9561 0012608 213.9232 146.1198 15.19530389 16893 | 2020/03/17-10:35:03  195.2321    0.1234  146.2002   94.7661     6885.3959     6876.7148     6894.0770 -73.540205  64.026516   0.001251  -0.000156
1 44810U 19081G   20079.08730917  .00001724  00000-0  84253-4 0  9999 | 2 44810  97.5063 140.5929 0012763 207.8744 152.1809 15.19535329 17142 | 2020/03/19-02:05:43   67.8717    0.1235  152.2491   94.7658     6885.3809     6876.5931     6894.1688 -75.338722  61.899560   0.001251  -0.000255
1 44810U 19081G   20080.33848848  .00001926  00000-0  93731-4 0  9997 | 2 44810  97.5061 141.8370 0012886 203.3179 156.7473 15.19540801 17332 | 2020/03/20-08:07:25  158.2755    0.1234  156.8055   94.7655     6885.3644     6876.4919     6894.2369 -76.664764  60.249095   0.001246  -0.000330
1 44810U 19081G   20081.72136596 +.00002261 +00000-0 +10945-3 0  9999 | 2 44810 097.5060 143.2121 0013045 198.1191 161.9581 15.19546931017545 | 2020/03/21-17:18:46  296.0873    0.1234  162.0043   94.7651     6885.3459     6876.3640     6894.3278 -78.088446  58.391905   0.001236  -0.000418
1 44810U 19081G   20083.69689469  .00002066  00000-0  10026-3 0  9992 | 2 44810  97.5053 145.1761 0013251 191.2319 168.8622 15.19555422 17843 | 2020/03/23-16:43:31  287.2439    0.1234  168.8915   94.7646     6885.3203     6876.1965     6894.4440 -80.043181  55.680991   0.001214  -0.000530
1 44810U 19081G   20084.75050556  .00001636  00000-0  80058-4 0  9994 | 2 44810  97.5050 146.2235 0013349 187.5004 172.6033 15.19558925 18004 | 2020/03/24-18:00:43  306.5253    0.1234  172.6230   94.7643     6885.3097     6876.1185     6894.5009 -81.047381  54.208367   0.001197  -0.000591
1 44810U 19081G   20085.86996517  .00001847  00000-0  89940-4 0  9996 | 2 44810  97.5049 147.3363 0013432 183.6803 176.4335 15.19563082 18178 | 2020/03/25-20:52:44  349.5113    0.1234  176.4431   94.7641     6885.2971     6876.0488     6894.5454 -82.084781  52.624084   0.001175  -0.000651
1 44810U 19081G   20087.31867247  .00001772  00000-0  86411-4 0  9992 | 2 44810  97.5047 148.7765 0013577 178.7293 181.3979 15.19568476 18390 | 2020/03/27-07:38:53  151.0202    0.1234  181.3941   94.7637     6885.2808     6875.9327     6894.6290 -83.381312  50.544271   0.001145  -0.000729
1 44810U 19081G   20088.70152578  .00001619  00000-0  79209-4 0  9997 | 2 44810  97.5045 150.1513 0013717 173.9496 186.1907 15.19572556 18606 | 2020/03/28-16:50:11  288.8225    0.1234  186.1738   94.7635     6885.2685     6875.8240     6894.7130 -84.569819  48.529097   0.001111  -0.000804
1 44810U 19081G   20089.88682501  .00001682  00000-0  82187-4 0  9990 | 2 44810  97.5043 151.3296 0013849 169.9146 190.2369 15.19576889 18788 | 2020/03/29-21:17:01  355.5090    0.1233  190.2087   94.7632     6885.2554     6875.7200     6894.7908 -85.549701  46.779666   0.001080  -0.000867
1 44810U 19081G   20091.73061496  .00002060  00000-0  99860-4 0  9998 | 2 44810  97.5040 153.1625 0014023 163.8188 196.3497 15.19586033 19068 | 2020/03/31-17:32:05  299.2408    0.1233  196.3045   94.7627     6885.2278     6875.5726     6894.8829 -87.001896  44.019316   0.001025  -0.000957
1 44810U 19081G   20092.91590469  .00002447  00000-0  11798-3 0  9998 | 2 44810  97.5036 154.3409 0014190 159.7900 200.3900 15.19591429 19247 | 2020/04/01-21:58:54    5.9235    0.1234  200.3334   94.7623     6885.2115     6875.4414     6894.9816 -87.888415  42.220594   0.000988  -0.001018
1 44810U 19081G   20094.10118820  .00002133  00000-0  10326-3 0  9996 | 2 44810  97.5035 155.5191 0014279 155.9861 204.2043 15.19596592 19426 | 2020/04/03-02:25:42   72.6053    0.1234  204.1373   94.7620     6885.1959     6875.3645     6895.0273 -88.737883  40.404463   0.000946  -0.001069
1 44810U 19081G   20095.15476944 +.00002195 +00000-0 +10611-3 0  9991 | 2 44810 097.5034 156.5663 0014370 152.5664 207.6332 15.19602426019585 | 2020/04/04-03:42:52   91.8766    0.1233  207.5569   94.7616     6885.1783     6875.2843     6895.0723 -89.461405  38.775895   0.000907  -0.001115
1 44810U 19081G   20096.27419683 +.00001765 +00000-0 +85963-4 0  9997 | 2 44810 097.5033 157.6791 0014480 148.8533 211.3563 15.19606069019757 | 2020/04/05-06:34:50  134.8510    0.1234  211.2701   94.7614     6885.1673     6875.1975     6895.1370 -90.197499  37.031132   0.000862  -0.001163
1 44810U 19081G   20097.78871131  .00001916  00000-0  93030-4 0  9996 | 2 44810  97.5029 159.1845 0014612 143.9021 216.3203 15.19612269 19984 | 2020/04/06-18:55:44  320.0508    0.1234  216.2213   94.7610     6885.1485     6875.0880     6895.2091 -91.138844  34.648615   0.000798  -0.001224
1 44810U 19081G   20099.10567541  .00001758  00000-0  85613-4 0  9993 | 2 44810  97.5027 160.4934 0014655 139.7090 220.5234 15.19616680 20188 | 2020/04/08-02:32:10   74.1370    0.1234  220.4144   94.7607     6885.1352     6875.0450     6895.2254 -91.906341  32.557657   0.000737  -0.001267
1 44810U 19081G   20100.15924355  .00001683  00000-0  82068-4 0  9999 | 2 44810  97.5025 161.5406 0014731 136.3831 223.8571 15.19620338 20346 | 2020/04/09-03:49:18   93.4050    0.1234  223.7403   94.7605     6885.1242     6874.9817     6895.2666 -92.485827  30.872469   0.000690  -0.001302
1 44810U 19081G   20101.21280802  .00001970  00000-0  95482-4 0  9992 | 2 44810  97.5023 162.5878 0014793 133.0360 227.2116 15.19626119 20501 | 2020/04/10-05:06:26  112.6720    0.1234  227.0874   94.7602     6885.1067     6874.9216     6895.2918 -93.034416  29.176976   0.000640  -0.001334
1 44810U 19081G   20102.72730182  .00001907  00000-0  92522-4 0  9992 | 2 44810  97.5021 164.0931 0014873 128.3031 231.9544 15.19632012 20738 | 2020/04/11-17:27:18  297.8674    0.1234  231.8203   94.7598     6885.0889     6874.8487     6895.3291 -93.768580  26.722892   0.000567  -0.001375
1 44810U 19081G   20104.43933045  .00002120  00000-0  10246-3 0  9995 | 2 44810  97.5013 165.7947 0015012 122.9086 237.3595 15.19639950 20992 | 2020/04/13-10:32:38  194.1729    0.1234  237.2148   94.7593     6885.0649     6874.7291     6895.4008 -94.519969  23.926532   0.000481  -0.001422
1 44810U 19081G   20105.69042209  .00002166  00000-0  10460-3 0  9995 | 2 44810  97.5012 167.0382 0015044 119.0546 241.2198 15.19646106 21188 | 2020/04/14-16:34:12  284.5493    0.1234  241.0688   94.7589     6885.0463     6874.6885     6895.4042 -95.016853  21.869653   0.000417  -0.001445
1 44810U 19081G   20106.74397004  .00001953  00000-0  94607-4 0  9997 | 2 44810  97.5012 168.0853 0015094 115.7494 244.5301 15.19650010 21341 | 2020/04/15-17:51:19  303.8127    0.1235  244.3741   94.7587     6885.0345     6874.6423     6895.4268 -95.400639  20.129632   0.000361  -0.001466
1 44810U 19081G   20107.79751547 +.00001960 +00000-0 +94940-4 0  9997 | 2 44810 097.5012 169.1324 0015150 112.4399 247.8442 15.19653874021508 | 2020/04/16-19:08:25  323.0758    0.1234  247.6835   94.7584     6885.0229     6874.5921     6895.4537 -95.752563  18.382889   0.000304  -0.001484
1 44810U 19081G   20109.44367378  .00001804  00000-0  87638-4 0  9999 | 2 44810  97.5011 170.7681 0015126 107.3735 252.9156 15.19659642 21756 | 2020/04/18-10:38:53  195.6746    0.1235  252.7500   94.7581     6885.0054     6874.5912     6895.4197 -96.238178  15.642176   0.000214  -0.001497
1 44810U 19081G   20110.69474802  .00002055  00000-0  99344-4 0  9995 | 2 44810  97.5009 172.0117 0015163 103.5571 256.7354 15.19666047 21949 | 2020/04/19-16:40:26  286.0475    0.1235  256.5664   94.7577     6884.9861     6874.5464     6895.4258 -96.554797  13.549786   0.000147  -0.001509
1 44810U 19081G   20111.81412577 +.00002702 +00000-0 +12957-3 0  9994 | 2 44810 097.5007 173.1240 0015191 100.0531 260.2419 15.19673522022113 | 2020/04/20-19:32:20  329.0120    0.1235  260.0704   94.7572     6884.9635     6874.5046     6895.4225 -96.799434  11.672880   0.000084  -0.001517
1 44810U 19081G   20113.13103509  .00002695  00000-0  12919-3 0  9992 | 2 44810  97.5004 174.4327 0015207  95.9872 264.3096 15.19680136 22315 | 2020/04/22-03:08:41   83.0869    0.1234  264.1362   94.7568     6884.9435     6874.4736     6895.4135 -97.040484   9.458990   0.000011  -0.001521
1 44810U 19081G   20114.18455639 +.00003157 +00000-0 +15075-3 0  9992 | 2 44810 097.5000 175.4795 0015219 092.7818 267.5159 15.19688109022479 | 2020/04/23-04:25:45  102.3452    0.1235  267.3417   94.7563     6884.9195     6874.4413     6895.3976 -97.196697   7.684539  -0.000046  -0.001521
1 44810U 19081G   20115.43560630  .00002937  00000-0  14046-3 0  9991 | 2 44810  97.4997 176.7227 0015178  88.8963 271.4011 15.19695794 22668 | 2020/04/24-10:27:16  192.7134    0.1235  271.2272   94.7558     6884.8963     6874.4464     6895.3461 -97.340244   5.573911  -0.000116  -0.001513
1 44810U 19081G   20116.62080636  .00002432  00000-0  11686-3 0  9993 | 2 44810  97.4995 177.9005 0015126  85.2640 275.0322 15.19701683 22849 | 2020/04/25-14:53:57  259.3770    0.1235  274.8595   94.7554     6884.8785     6874.4644     6895.2925 -97.434050   3.571893  -0.000180  -0.001502
1 44810U 19081G   20117.74015804  .00002612  00000-0  12522-3 0  9992 | 2 44810  97.4993 179.0128 0015104  81.7769 278.5178 15.19707941 23015 | 2020/04/26-17:45:49  302.3361    0.1235  278.3466   94.7550     6884.8596     6874.4607     6895.2585 -97.484828   1.679819  -0.000242  -0.001491
1 44810U 19081G   20118.85950457 +.00002970 +00000-0 +14193-3 0  9990 | 2 44810 097.4991 180.1252 0015092 078.3041 281.9886 15.19714894023182 | 2020/04/27-20:37:41  345.2937    0.1235  281.8194   94.7546     6884.8386     6874.4480     6895.2292 -97.498867  -0.213050  -0.000303  -0.001479
1 44810U 19081G   20120.17637583 +.00003143 +00000-0 +14998-3 0  9996 | 2 44810 097.4989 181.4339 0015037 074.2026 286.0866 15.19723288023389 | 2020/04/29-04:13:58   99.3601    0.1235  285.9209   94.7541     6884.8132     6874.4605     6895.1659 -97.468369  -2.439780  -0.000373  -0.001457
1 44810U 19081G   20121.82245451  .00002827  00000-0  13521-3 0  9997 | 2 44810  97.4990 183.0695 0014921  69.0303 291.2527 15.19732882 23635 | 2020/04/30-19:44:20  331.9415    0.1235  291.0932   94.7535     6884.7842     6874.5115     6895.0570 -97.359120  -5.220804  -0.000459  -0.001420
1 44810U 19081G   20123.13931064  .00002475  00000-0  11875-3 0  9994 | 2 44810  97.4991 184.3781 0014870  64.9426 295.3351 15.19739395 23837 | 2020/05/02-03:20:36   86.0044    0.1236  295.1810   94.7531     6884.7646     6874.5269     6895.0022 -97.214598  -7.442879  -0.000525  -0.001391
1 44810U 19081G   20124.19279281 +.00002273 +00000-0 +10931-3 0  9995 | 2 44810 097.4991 185.4249 0014814 061.6905 298.5823 15.19743243023995 | 2020/05/03-04:37:37  105.2544    0.1236  298.4331   94.7528     6884.7529     6874.5539     6894.9520 -97.062399  -9.217659  -0.000576  -0.001365
1 44810U 19081G   20125.44379843  .00001970  00000-0  95153-4 0  9992 | 2 44810  97.4989 186.6680 0014733  57.5190 302.7466 15.19747736 24188 | 2020/05/04-10:39:04  195.6136    0.1235  302.6045   94.7526     6884.7394     6874.5961     6894.8827 -96.839384 -11.321185  -0.000642  -0.001326
1 44810U 19081G   20126.69480347  .00001331  00000-0  65349-4 0  9997 | 2 44810  97.4988 187.9111 0014621  53.6158 306.6423 15.19748441 24378 | 2020/05/05-16:40:31  285.9729    0.1235  306.5077   94.7525     6884.7372     6874.6711     6894.8034 -96.570886 -13.419387  -0.000697  -0.001285
1 44810U 19081G   20128.07748803  .00001307  00000-0  64257-4 0  9995 | 2 44810  97.4985 189.2850 0014514  49.1968 311.0523 15.19752699 24584 | 2020/05/07-01:51:34   63.7373    0.1235  310.9267   94.7523     6884.7244     6874.7319     6894.7169 -96.221074 -15.730940  -0.000759  -0.001237
1 44810U 19081G   20129.13095897  .00001326  00000-0  65142-4 0  9996 | 2 44810  97.4984 190.3317 0014421  45.7869 314.4548 15.19756095 24749 | 2020/05/08-03:08:34   82.9858    0.1236  314.3367   94.7520     6884.7141     6874.7857     6894.6426 -95.917557 -17.486001  -0.000804  -0.001197
1 44810U 19081G   20130.25027062  .00001174  00000-0  58019-4 0  9996 | 2 44810  97.4983 191.4439 0014328  42.1867 318.0467 15.19758366 24912 | 2020/05/09-06:00:23  125.9374    0.1235  317.9368   94.7519     6884.7073     6874.8429     6894.5717 -95.559979 -19.344478  -0.000850  -0.001154
1 44810U 19081G   20131.69878748  .00001224  00000-0  60362-4 0  9990 | 2 44810  97.4982 192.8832 0014218  37.5133 322.7091 15.19762700 25132 | 2020/05/10-16:46:15  287.4029    0.1235  322.6102   94.7516     6884.6942     6874.9055     6894.4828 -95.043840 -21.738617  -0.000906  -0.001095
1 44810U 19081G   20132.75225142 +.00001336 +00000-0 +65575-4 0  9997 | 2 44810 097.4980 193.9299 0014129 034.0498 326.1640 15.19766381025290 | 2020/05/11-18:03:14  306.6501    0.1235  326.0737   94.7514     6884.6831     6874.9557     6894.4104 -94.630680 -23.471140  -0.000946  -0.001050
1 44810U 19081G   20134.20076052  .00001387  00000-0  67939-4 0  9995 | 2 44810  97.4977 195.3691 0013981  29.2316 330.9698 15.19771020 25515 | 2020/05/13-04:49:05  108.1143    0.1235  330.8919   94.7511     6884.6691     6875.0436     6894.2945 -94.011034 -25.840414  -0.000995  -0.000982
1 44810U 19081G   20135.71510718 +.00001326 +00000-0 +65112-4 0  9998 | 2 44810 097.4976 196.8737 0013834 024.2385 335.9497 15.19775084025740 | 2020/05/14-17:09:45  293.2803    0.1235  335.8850   94.7509     6884.6568     6875.1325     6894.1810 -93.300028 -28.299942  -0.001042  -0.000910
1 44810U 19081G   20136.76856331 +.00001324 +00000-0 +64984-4 0  9992 | 2 44810 097.4975 197.9204 0013747 020.7792 339.3999 15.19778029025901 | 2020/05/15-18:26:43  312.5253    0.1236  339.3444   94.7507     6884.6479     6875.1836     6894.1122 -92.767400 -29.999533  -0.001073  -0.000860
1 44810U 19081G   20138.21706229 +.00001360 +00000-0 +66692-4 0  9992 | 2 44810 097.4973 199.3595 0013595 015.9074 344.2585 15.19782144026122 | 2020/05/17-05:12:34  113.9867    0.1236  344.2162   94.7504     6884.6355     6875.2758     6893.9951 -91.984531 -32.319802  -0.001110  -0.000785
1 44810U 19081G   20139.92891878 +.00001466 +00000-0 +71610-4 0  9999 | 2 44810 097.4972 201.0603 0013410 010.0241 350.1259 15.19787688026380 | 2020/05/18-22:17:38   10.2575    0.1236  350.0995   94.7501     6884.6187     6875.3864     6893.8510 -90.984655 -35.035646  -0.001148  -0.000692
1 44810U 19081G   20141.44324822  .00001563  00000-0  76113-4 0  9990 | 2 44810  97.4971 202.5648 0013249   4.8002 355.3357 15.19792876 26617 | 2020/05/20-10:38:16  195.4182    0.1235  355.3233   94.7498     6884.6031     6875.4816     6893.7245 -90.033320 -37.412374  -0.001177  -0.000609
1 44810U 19081G   20142.69421291  .00001535  00000-0  74813-4 0  9990 | 2 44810  97.4970 203.8076 0013108   0.4189 359.7054 15.19796444 26805 | 2020/05/21-16:39:39  285.7673    0.1235  359.7046   94.7495     6884.5923     6875.5680     6893.6166 -89.200603 -39.356288  -0.001195  -0.000538
1 44810U 19081G   20144.20853349  .00001612  00000-0  78414-4 0  9999 | 2 44810  97.4968 205.3121 0012942 355.0314   5.0790 15.19801710 27031 | 2020/05/23-05:00:17  110.9247    0.1236    5.0922   94.7492     6884.5764     6875.6664     6893.4864 -88.136354 -41.684638  -0.001213  -0.000450
1 44810U 19081G   20146.71044374 +.00001554 +00000-0 +75680-4 0  9994 | 2 44810 097.4947 207.7953 0012795 344.9203 015.1685 15.19809651027416 | 2020/05/25-17:03:02  291.6168    0.1272   15.2069   94.7487     6884.5524     6875.7436     6893.3612 -86.245686 -45.463151  -0.001248  -0.000282
1 44810U 19081G   20149.08066122  .00001531  00000-0  74606-4 0  9994 | 2 44810  97.4963 210.1526 0012465 337.5234  22.5453 15.19817692 27772 | 2020/05/28-01:56:09   64.8941    0.1235   22.6001   94.7482     6884.5281     6875.9465     6893.1097 -84.304139 -48.972857  -0.001235  -0.000166
1 44810U 19081G   20150.13408787  .00001465  00000-0  71518-4 0  9994 | 2 44810  97.4963 211.1990 0012358 333.5226  26.5376 15.19820752 27933 | 2020/05/29-03:13:05   84.1281    0.1236   26.6010   94.7480     6884.5189     6876.0110     6893.0268 -83.395732 -50.504261  -0.001232  -0.000102
1 44810U 19081G   20151.58254517 +.00001613 +00000-0 +78431-4 0  9990 | 2 44810 097.4962 212.6380 0012217 328.0924 031.9570 15.19826462028154 | 2020/05/30-13:58:51  245.5722    0.1236   32.0312   94.7477     6884.5016     6876.0908     6892.9124 -82.101051 -52.582567  -0.001222  -0.000016
1 44810U 19081G   20152.76764333  .00001607  00000-0  78108-4 0  9997 | 2 44810  97.4962 213.8154 0012096 323.5577  36.4833 15.19830325 28330 | 2020/05/31-18:25:24  312.2066    0.1235   36.5658   94.7474     6884.4900     6876.1625     6892.8174 -81.003247 -54.258483  -0.001208   0.000055
1 44810U 19081G   20153.88690121 +.00001438 +00000-0 +70272-4 0  9990 | 2 44810 097.4961 214.9274 0012017 319.2863 040.7473 15.19832713028507 | 2020/06/01-21:17:08  355.1381    0.1236   40.8373   94.7473     6884.4827     6876.2097     6892.7558 -79.934924 -55.820224  -0.001196   0.000121
1 44810U 19081G   20155.13783231  .00001498  00000-0  73064-4 0  9993 | 2 44810  97.4960 216.1702 0011918 314.4198  45.6060 15.19837164 28694 | 2020/06/03-03:18:28   85.4712    0.1235   45.7037   94.7470     6884.4693     6876.2644     6892.6742 -78.705341 -57.540763  -0.001176   0.000195
1 44810U 19081G   20156.71795051  .00001464  00000-0  71464-4 0  9996 | 2 44810  97.4960 217.7401 0011820 308.2040  51.8130 15.19842545 28939 | 2020/06/04-17:13:50  294.3101    0.1236   51.9196   94.7467     6884.4531     6876.3156     6892.5905 -77.099383 -59.675415  -0.001147   0.000287
1 44810U 19081G   20158.10055072  .00001386  00000-0  67797-4 0  9990 | 2 44810  97.4960 219.1136 0011743 302.7626  57.2476 15.19846493 29146 | 2020/06/06-02:24:47   72.0423    0.1235   57.3609   94.7464     6884.4411     6876.3567     6892.5255 -75.646823 -61.506326  -0.001116   0.000365
1 44810U 19081G   20159.21979512 +.00001487 +00000-0 +72527-4 0  9996 | 2 44810 097.4958 220.2255 0011692 298.4019 061.6037 15.19850652029311 | 2020/06/07-05:16:30  114.9661    0.1235   61.7216   94.7462     6884.4286     6876.3793     6892.4778 -74.438890 -62.962550  -0.001089   0.000426
1 44810U 19081G   20160.73406041  .00001849  00000-0  89351-4 0  9992 | 2 44810  97.4957 221.7298 0011638 292.3763  67.6238 15.19858389 29541 | 2020/06/08-17:37:02  300.0954    0.1235   67.7472   94.7457     6884.4052     6876.3931     6892.4173 -72.760270 -64.894951  -0.001047   0.000508
1 44810U 19081G   20162.11664579  .00002266  00000-0  10873-3 0  9994 | 2 44810  97.4950 223.1034 0011562 286.6601  73.3364 15.19865249 29751 | 2020/06/10-02:47:58   77.8189    0.1235   73.4634   94.7452     6884.3845     6876.4248     6892.3442 -71.183218 -66.620001  -0.000999   0.000582
1 44810U 19081G   20163.23587639  .00002328  00000-0  11161-3 0  9999 | 2 44810  97.4949 224.2153 0011556 282.2414  77.7526 15.19871004 29923 | 2020/06/11-05:39:39  120.7356    0.1234   77.8820   94.7449     6884.3671     6876.4115     6892.3227 -69.876975 -67.988704  -0.000963   0.000639
1 44810U 19081G   20164.42093992 +.00002223 +00000-0 +10671-3 0  9994 | 2 44810 097.4951 225.3927 0011564 277.4518 082.5403 15.19876685030107 | 2020/06/12-10:06:09  187.3511    0.1235   82.6717   94.7445     6884.3500     6876.3889     6892.3110 -68.465326 -69.410328  -0.000922   0.000698
1 44810U 19081G   20165.73767301 +.00002075 +00000-0 +99782-4 0  9997 | 2 44810 097.4951 226.7008 0011575 272.1210 087.8699 15.19882248030304 | 2020/06/13-17:42:14  301.3659    0.1235   88.0025   94.7442     6884.3332     6876.3645     6892.3018 -66.862938 -70.955211  -0.000871   0.000762
1 44810U 19081G   20167.25191393  .00001632  00000-0  79201-4 0  9990 | 2 44810  97.4953 228.2049 0011600 266.2241  93.7668 15.19885028 30531 | 2020/06/15-06:02:45  126.4810    0.1235   93.8994   94.7440     6884.3248     6876.3390     6892.3106 -64.977567 -72.685963  -0.000812   0.000828
1 44810U 19081G   20168.43697053  .00001269  00000-0  62315-4 0  9999 | 2 44810  97.4953 229.3821 0011582 261.5663  98.4259 15.19886546 30710 | 2020/06/16-10:29:14  193.0910    0.1235   98.5572   94.7439     6884.3202     6876.3468     6892.2936 -63.470551 -74.005558  -0.000759   0.000875
1 44810U 19081G   20169.75369919  .00000814  00000-0  41128-4 0  9996 | 2 44810  97.4952 230.6901 0011630 256.2102 103.7839 15.19886833 30911 | 2020/06/17-18:05:19  307.1012    0.1235  103.9133   94.7439     6884.3193     6876.3129     6892.3258 -61.764630 -75.435035  -0.000698   0.000930
1 44810U 19081G   20171.07042553  .00000708  00000-0  36195-4 0  9996 | 2 44810  97.4951 231.9982 0011676 250.9182 109.0789 15.19888608 31110 | 2020/06/19-01:41:24   61.1094    0.1235  109.2053   94.7438     6884.3140     6876.2758     6892.3521 -60.026391 -76.825301  -0.000634   0.000980
1 44810U 19081G   20172.12380398  .00000750  00000-0  38142-4 0  9996 | 2 44810  97.4947 233.0447 0011749 246.8258 113.1739 15.19892307 31272 | 2020/06/20-02:58:16   80.3148    0.1234  113.2976   94.7436     6884.3028     6876.2144     6892.3912 -58.613012 -77.908481  -0.000585   0.001019
1 44810U 19081G   20173.44052660 +.00000763 +00000-0 +38721-4 0  9997 | 2 44810 097.4949 234.3527 0011777 241.4829 118.5221 15.19894145031472 | 2020/06/21-10:34:21  194.3195    0.1235  118.6406   94.7434     6884.2972     6876.1896     6892.4049 -56.819445 -79.226298  -0.000513   0.001060
1 44810U 19081G   20174.75724874  .00000626  00000-0  32356-4 0  9991 | 2 44810  97.4949 235.6607 0011879 236.3688 123.6414 15.19894987 31671 | 2020/06/22-18:10:26  308.3241    0.1234  123.7546   94.7434     6884.2947     6876.1168     6892.4726 -54.996147 -80.502667  -0.000446   0.001101
1 44810U 19081G   20176.07396829  .00000695  00000-0  35550-4 0  9998 | 2 44810  97.4948 236.9686 0011978 231.2899 128.7266 15.19897323 31879 | 2020/06/24-01:46:30   62.3268    0.1235  128.8336   94.7432     6884.2876     6876.0416     6892.5336 -53.144276 -81.736907  -0.000375   0.001137
1 44810U 19081G   20177.12734204  .00000752  00000-0  38208-4 0  9995 | 2 44810  97.4948 238.0150 0012071 227.2528 132.7692 15.19899560 32039 | 2020/06/25-03:03:22   81.5277    0.1234  132.8706   94.7431     6884.2809     6875.9709     6892.5909 -51.642725 -82.693802  -0.000318   0.001164
1 44810U 19081G   20178.44405709  .00001066  00000-0  52817-4 0  9997 | 2 44810  97.4948 239.3230 0012162 222.2448 137.7850 15.19903633 32239 | 2020/06/26-10:39:26  195.5271    0.1233  137.8785   94.7428     6884.2686     6875.8959     6892.6412 -49.741624 -83.851100  -0.000244   0.001191
1 44810U 19081G   20179.69493411  .00001190  00000-0  58556-4 0  9996 | 2 44810  97.4947 240.5656 0012255 217.4650 142.5732 15.19907021 32427 | 2020/06/27-16:40:42  285.8247    0.1234  142.6584   94.7426     6884.2584     6875.8217     6892.6950 -47.911502 -84.909979  -0.000171   0.001213
1 44810U 19081G   20180.81413729  .00001221  00000-0  60001-4 0  9999 | 2 44810  97.4946 241.6774 0012364 213.3017 146.7441 15.19909991 32591 | 2020/06/28-19:32:21  328.7216    0.1234  146.8217   94.7425     6884.2494     6875.7377     6892.7611 -46.254897 -85.823549  -0.000107   0.001232
1 44810U 19081G   20182.13084433  .00001232  00000-0  60527-4 0  9997 | 2 44810  97.4946 242.9854 0012494 208.4807 151.5746 15.19913416 32791 | 2020/06/30-03:08:24   82.7165    0.1234  151.6427   94.7422     6884.2390     6875.6379     6892.8402 -44.283756 -86.857043  -0.000032   0.001249
1 44810U 19081G   20183.44754845  .00001245  00000-0  61095-4 0  9998 | 2 44810  97.4946 244.2933 0012613 203.6056 156.4601 15.19916971 32995 | 2020/07/01-10:44:28  196.7095    0.1233  156.5177   94.7420     6884.2283     6875.5452     6892.9114 -42.289692 -87.845199   0.000046   0.001260
1 44810U 19081G   20184.69841483  .00001202  00000-0  59073-4 0  9997 | 2 44810  97.4946 245.5359 0012749 199.0511 161.0248 15.19920017 33182 | 2020/07/02-16:45:43  287.0015    0.1233  161.0722   94.7418     6884.2191     6875.4424     6892.9958 -40.374757 -88.741625   0.000120   0.001269
1 44810U 19081G   20185.88344407 +.00001176 +00000-0 +57886-4 0  9993 | 2 44810 097.4945 246.7130 0012870 194.7487 165.3374 15.19922773033368 | 2020/07/03-21:12:09  353.5927    0.1234  165.3747   94.7417     6884.2108     6875.3508     6893.0708 -38.543193 -89.552218   0.000191   0.001273
1 44810U 19081G   20187.20013982  .00001302  00000-0  63706-4 0  9991 | 2 44810  97.4944 248.0209 0013012 190.1435 169.9539 15.19926952 33569 | 2020/07/05-04:48:12  107.5818    0.1234  169.9799   94.7414     6884.1982     6875.2405     6893.1559 -36.489069 -90.408550   0.000267   0.001274
1 44810U 19081G   20188.71433644  .00001260  00000-0  61757-4 0  9996 | 2 44810  97.4943 249.5251 0013147 184.7120 175.3994 15.19930818 33797 | 2020/07/06-17:08:38  292.6668    0.1235  175.4115   94.7412     6884.1865     6875.1359     6893.2371 -34.103215 -91.335148   0.000357   0.001265
1 44810U 19081G   20189.76768785  .00001327  00000-0  64875-4 0  9997 | 2 44810  97.4942 250.5714 0013259 181.0206 179.1004 15.19934082 33950 | 2020/07/07-18:25:28  311.8557    0.1234  179.1028   94.7410     6884.1766     6875.0489     6893.3044 -32.429682 -91.942562   0.000419   0.001258
1 44810U 19081G   20190.88687199 +.00001312 +00000-0 +64177-4 0  9990 | 2 44810 097.4941 251.6830 0013381 177.1487 182.9827 15.19936952034126 | 2020/07/08-21:17:05  354.7431    0.1234  182.9747   94.7408     6884.1680     6874.9563     6893.3797 -30.639875 -92.554296   0.000483   0.001248
1 44810U 19081G   20192.13772210  .00001202  00000-0  59025-4 0  9993 | 2 44810  97.4940 252.9255 0013515 172.9302 187.2126 15.19939805 34319 | 2020/07/10-03:18:19   85.0281    0.1234  187.1932   94.7406     6884.1594     6874.8554     6893.4633 -28.625692 -93.196834   0.000553   0.001233
1 44810U 19081G   20193.45440413  .00001165  00000-0  57336-4 0  9997 | 2 44810  97.4939 254.2334 0013649 168.4736 191.6814 15.19943013 34510 | 2020/07/11-10:54:20  199.0113    0.1234  191.6498   94.7404     6884.1497     6874.7535     6893.5459 -26.490973 -93.825843   0.000626   0.001213
1 44810U 19081G   20194.57358179 +.00001162 +00000-0 +57189-4 0  9991 | 2 44810 097.4939 255.3450 0013762 164.6616 195.5039 15.19945728034687 | 2020/07/12-13:45:57  241.8963    0.1234  195.4618   94.7402     6884.1415     6874.6675     6893.6154 -24.665779 -94.322107   0.000688   0.001192
1 44810U 19081G   20195.82442530  .00001199  00000-0  58873-4 0  9996 | 2 44810  97.4937 256.5874 0013895 160.4408 199.7362 15.19948676 34879 | 2020/07/13-19:47:10  332.1790    0.1233  199.6825   94.7400     6884.1326     6874.5671     6893.6981 -22.614816 -94.834549   0.000756   0.001166
1 44810U 19081G   20196.87776452 +.00001289 +00000-0 +63026-4 0  9991 | 2 44810 097.4936 257.6336 0013993 157.0003 203.1862 15.19951753035039 | 2020/07/14-21:03:58  351.3636    0.1235  203.1232   94.7398     6884.1233     6874.4903     6893.7562 -20.879477 -95.231557   0.000810   0.001141
1 44810U 19081G   20198.12860207  .00001331  00000-0  64965-4 0  9994 | 2 44810  97.4936 258.8760 0014099 152.9459 207.2514 15.19955361 35229 | 2020/07/16-03:05:11   81.6448    0.1234  207.1775   94.7396     6884.1124     6874.4065     6893.8183 -18.809732 -95.661884   0.000871   0.001108
1 44810U 19081G   20199.44527052  .00001308  00000-0  63911-4 0  9992 | 2 44810  97.4936 260.1838 0014218 148.6165 211.5921 15.19958780 35420 | 2020/07/17-10:41:11  195.6241    0.1234  211.5069   94.7394     6884.1021     6874.3143     6893.8899 -16.621500 -96.066268   0.000937   0.001070
1 44810U 19081G   20200.49860337 +.00001210 +00000-0 +59344-4 0  9993 | 2 44810 097.4936 261.2300 0014319 145.2135 215.0039 15.19960956035582 | 2020/07/18-11:57:59  214.8072    0.1234  214.9099   94.7393     6884.0955     6874.2382     6893.9528 -14.864691 -96.353739   0.000987   0.001038
1 44810U 19081G   20201.88109934 +.00001174 +00000-0 +57702-4 0  9991 | 2 44810 097.4935 262.6032 0014438 140.8180 219.4102 15.19964410035792 | 2020/07/19-21:08:46  352.4844    0.1233  219.3053   94.7391     6884.0851     6874.1458     6894.0243 -12.551334 -96.682194   0.001049   0.000992
1 44810U 19081G   20203.32942524 +.00001117 +00000-0 +55047-4 0  9999 | 2 44810 097.4934 264.0418 0014539 136.2335 224.0055 15.19967826036017 | 2020/07/21-07:54:22  153.8598    0.1234  223.8899   94.7388     6884.0748     6874.0660     6894.0835 -10.120096 -96.966730   0.001109   0.000940
1 44810U 19081G   20204.44858401 +.00001111 +00000-0 +54741-4 0  9997 | 2 44810 097.4934 265.1534 0014621 132.6640 227.5829 15.19970491036186 | 2020/07/22-10:45:57  196.7406    0.1234  227.4594   94.7387     6884.0667     6874.0015     6894.1319  -8.237050 -97.144810   0.001155   0.000896
1 44810U 19081G   20205.89690447  .00001144  00000-0  56245-4 0  9998 | 2 44810  97.4932 266.5919 0014722 128.0587 232.1979 15.19973869 36402 | 2020/07/23-21:31:32  358.1153    0.1235  232.0648   94.7385     6884.0565     6873.9218     6894.1912  -5.795727 -97.320777   0.001211   0.000837
1 44810U 19081G   20207.14772359  .00001242  00000-0  60798-4 0  9998 | 2 44810  97.4931 267.8342 0014795 124.1395 236.1246 15.19977297 36599 | 2020/07/25-03:32:43   88.3932    0.1235  235.9840   94.7383     6884.0462     6873.8612     6894.2311  -3.684395 -97.423456   0.001255   0.000783
1 44810U 19081G   20208.39853825  .00001389  00000-0  67590-4 0  9993 | 2 44810  97.4930 269.0766 0014851 120.2541 240.0166 15.19981684 36786 | 2020/07/26-09:33:53  178.6704    0.1234  239.8693   94.7380     6884.0329     6873.8094     6894.2564  -1.571165 -97.480339   0.001295   0.000727
1 44810U 19081G   20209.45185433 +.00001341 +00000-0 +65366-4 0  9991 | 2 44810 097.4929 270.1227 0014895 116.9763 243.2995 15.19984352036943 | 2020/07/27-10:50:40  197.8512    0.1234  243.1471   94.7378     6884.0249     6873.7711     6894.2786   0.208783 -97.492676   0.001326   0.000679
1 44810U 19081G   20210.76849560 +.00001407 +00000-0 +68420-4 0  9992 | 2 44810 097.4928 271.4304 0014954 112.8482 247.4333 15.19988657037148 | 2020/07/28-18:26:38  311.8264    0.1234  247.2752   94.7375     6884.0119     6873.7175     6894.3062   2.433673 -97.462420   0.001363   0.000615
1 44810U 19081G   20212.15096586  .00001336  00000-0  65114-4 0  9997 | 2 44810  97.4927 272.8034 0014995 108.5824 251.7041 15.19992196 37359 | 2020/07/30-03:37:23   89.5003    0.1235  251.5411   94.7373     6884.0012     6873.6786     6894.3237   4.768274 -97.376024   0.001396   0.000547
1 44810U 19081G   20213.27010559  .00001297  00000-0  63332-4 0  9993 | 2 44810  97.4927 273.9149 0015018 105.1400 255.1497 15.19995225 37526 | 2020/07/31-06:28:57  132.3790    0.1234  254.9834   94.7371     6883.9920     6873.6537     6894.3304   6.656289 -97.265206   0.001420   0.000490
1 44810U 19081G   20214.71840017  .00001340  00000-0  65286-4 0  9992 | 2 44810  97.4926 275.3533 0015039 100.6465 259.6464 15.19999648 37742 | 2020/08/01-17:14:29  293.7509    0.1234  259.4769   94.7369     6883.9787     6873.6259     6894.3315   9.095751 -97.067370   0.001446   0.000415
1 44810U 19081G   20216.10085918  .00001483  00000-0  71913-4 0  9990 | 2 44810  97.4925 276.7262 0015058  96.3418 263.9532 15.20004347 37957 | 2020/08/03-02:25:14   71.4238    0.1234  263.7816   94.7366     6883.9645     6873.5986     6894.3304  11.418797 -96.821478   0.001467   0.000340
1 44810U 19081G   20217.15415810  .00001707  00000-0  82252-4 0  9991 | 2 44810  97.4925 277.7724 0015058  93.0747 267.2211 15.20008742 38113 | 2020/08/04-03:41:59   90.6026    0.1235  267.0488   94.7363     6883.9512     6873.5854     6894.3171  13.184720 -96.596846   0.001479   0.000283
1 44810U 19081G   20218.33911573  .00001721  00000-0  82927-4 0  9994 | 2 44810  97.4923 278.9492 0015042  89.5308 270.7651 15.20012823 38293 | 2020/08/05-08:08:19  157.1784    0.1235  270.5927   94.7360     6883.9389     6873.5841     6894.2937  15.165775 -96.305492   0.001488   0.000222
1 44810U 19081G   20219.78739257 +.00001677 +00000-0 +80875-4 0  9991 | 2 44810 097.4921 280.3875 0015017 085.0602 275.2347 15.20017832038515 | 2020/08/06-18:53:50  318.5482    0.1235  275.0633   94.7357     6883.9238     6873.5862     6894.2614  17.578270 -95.894285   0.001495   0.000143
1 44810U 19081G   20220.90651191 +.00001635 +00000-0 +78904-4 0  9991 | 2 44810 097.4920 281.4989 0014979 081.6441 278.6491 15.20021744038683 | 2020/08/07-21:45:22    1.4245    0.1235  278.4794   94.7355     6883.9120     6873.6006     6894.2234  19.434945 -95.535192   0.001496   0.000082
1 44810U 19081G   20222.42061029  .00001513  00000-0  73272-4 0  9993 | 2 44810  97.4918 283.0025 0014942  76.9783 283.3119 15.20026461 38912 | 2020/08/09-10:05:40  186.4917    0.1235  283.1452   94.7352     6883.8977     6873.6118     6894.1836  21.935028 -94.992134   0.001494  -0.000001
1 44810U 19081G   20223.86887273 +.00001548 +00000-0 +74850-4 0  9990 | 2 44810 097.4916 284.4407 0014880 072.4539 287.8321 15.20031768039135 | 2020/08/10-20:51:10  347.8597    0.1236  287.6697   94.7349     6883.8817     6873.6385     6894.1249  24.312246 -94.411476   0.001486  -0.000081
1 44810U 19081G   20224.92215187 +.00001503 +00000-0 +72769-4 0  9995 | 2 44810 097.4915 285.4867 0014833 069.1870 291.0952 15.20035073039291 | 2020/08/11-22:07:53    7.0361    0.1235  290.9365   94.7347     6883.8717     6873.6609     6894.0826  26.031662 -93.951824   0.001477  -0.000138
1 44810U 19081G   20226.17291790  .00001457  00000-0  70636-4 0  9997 | 2 44810  97.4915 286.7288 0014775  65.2832 294.9939 15.20038855 39481 | 2020/08/13-04:09:00   97.3077    0.1235  294.8403   94.7344     6883.8603     6873.6894     6894.0312  28.062142 -93.365458   0.001463  -0.000205
1 44810U 19081G   20227.22619240  .00001428  00000-0  69290-4 0  9990 | 2 44810  97.4915 287.7747 0014721  61.9790 298.2932 15.20041840 39645 | 2020/08/14-05:25:43  116.4837    0.1235  298.1445   94.7342     6883.8513     6873.7176     6893.9850  29.761703 -92.837674   0.001449  -0.000262
1 44810U 19081G   20228.74027063  .00001369  00000-0  66548-4 0  9991 | 2 44810  97.4913 289.2782 0014624  57.1939 303.0702 15.20045974 39870 | 2020/08/15-17:45:59  301.5488    0.1235  302.9296   94.7340     6883.8388     6873.7719     6893.9057  32.187266 -92.024635   0.001422  -0.000342
1 44810U 19081G   20229.79353996  .00001305  00000-0  63602-4 0  9992 | 2 44810  97.4912 290.3242 0014546  53.8618 306.3961 15.20048636 40034 | 2020/08/16-19:02:41  320.7241    0.1236  306.2618   94.7338     6883.8308     6873.8176     6893.8440  33.861790 -91.421624   0.001400  -0.000396
1 44810U 19081G   20230.84680761 +.00001245 +00000-0 +60830-4 0  9996 | 2 44810 097.4911 291.3701 0014502 050.5309 309.7206 15.20051155040193 | 2020/08/17-20:19:24  339.8991    0.1235  309.5926   94.7337     6883.8232     6873.8402     6893.8061  35.524866 -90.788207   0.001378  -0.000451
1 44810U 19081G   20231.90007294 +.00001315 +00000-0 +64072-4 0  9998 | 2 44810 097.4910 292.4159 0014420 047.1926 313.0518 15.20054310040355 | 2020/08/18-21:36:06  359.0741    0.1235  312.9309   94.7335     6883.8136     6873.8872     6893.7401  37.175944 -90.124604   0.001352  -0.000502
1 44810U 19081G   20233.74328092  .00001553  00000-0  75042-4 0  9997 | 2 44810  97.4907 294.2461 0014262  41.2483 318.9827 15.20060916 40631 | 2020/08/20-17:50:19  302.6289    0.1236  318.8753   94.7330     6883.7937     6873.9760     6893.6114  40.035218 -88.891045   0.001298  -0.000592
1 44810U 19081G   20234.79654009 +.00001402 +00000-0 +68076-4 0  9995 | 2 44810 097.4906 295.2920 0014165 037.8049 322.4178 15.20063144040794 | 2020/08/21-19:07:01  321.8027    0.1236  322.3187   94.7329     6883.7870     6874.0361     6893.5379  41.651068 -88.145367   0.001263  -0.000641
1 44810U 19081G   20236.44225256  .00001523  00000-0  73673-4 0  9990 | 2 44810  97.4904 296.9261 0014026  32.4494 327.7601 15.20068831 41045 | 2020/08/23-10:36:50  194.2604    0.1236  327.6742   94.7326     6883.7698     6874.1146     6893.4250  44.147641 -86.921596   0.001207  -0.000714
1 44810U 19081G   20237.75881961  .00001474  00000-0  71398-4 0  9993 | 2 44810  97.4902 298.2334 0013904  28.1102 332.0881 15.20072207 41244 | 2020/08/24-18:12:42  308.2261    0.1236  332.0134   94.7323     6883.7596     6874.1884     6893.3308  46.119146 -85.891580   0.001157  -0.000771
1 44810U 19081G   20239.14121114  .00001362  00000-0  66202-4 0  9999 | 2 44810  97.4900 299.6059 0013762  23.4958 336.6903 15.20075469 41451 | 2020/08/26-03:23:20   85.8893    0.1236  336.6278   94.7321     6883.7498     6874.2763     6893.2232  48.163121 -84.762102   0.001101  -0.000826
1 44810U 19081G   20240.19445948 +.00001426 +00000-0 +69179-4 0  9997 | 2 44810 097.4899 300.6517 0013654 019.9370 340.2396 15.20078755041614 | 2020/08/27-04:40:01  105.0606    0.1236  340.1866   94.7319     6883.7398     6874.3408     6893.1389  49.702095 -83.868840   0.001055  -0.000867
1 44810U 19081G   20241.31353394 +.00001340 +00000-0 +65199-4 0  9998 | 2 44810 097.4899 301.7628 0013544 016.1468 344.0195 15.20081357041783 | 2020/08/28-07:31:29  147.9296    0.1235  343.9767   94.7318     6883.7320     6874.4087     6893.0553  51.319062 -82.889291   0.001005  -0.000908
1 44810U 19081G   20242.43260420 +.00001708 +00000-0 +82171-4 0  9996 | 2 44810 097.4898 302.8739 0013431 012.3785 347.7777 15.20086925041953 | 2020/08/29-10:22:57  190.7969    0.1236  347.7451   94.7314     6883.7152     6874.4697     6892.9607  52.916676 -81.878486   0.000954  -0.000946
1 44810U 19081G   20243.81498255 +.00001696 +00000-0 +81636-4 0  9999 | 2 44810 097.4896 304.2464 0013273 007.6086 352.5348 15.20091010042160 | 2020/08/30-19:33:34  328.4559    0.1236  352.5150   94.7312     6883.7028     6874.5661     6892.8396  54.862564 -80.587351   0.000886  -0.000989
1 44810U 19081G   20244.86821826 +.00001935 +00000-0 +92672-4 0  9997 | 2 44810 097.4895 305.2922 0013160 003.8945 356.2390 15.20096330042322 | 2020/08/31-20:50:14  347.6230    0.1236  356.2291   94.7308     6883.6868     6874.6278     6892.7457  56.324219 -79.572514   0.000832  -0.001020
1 44810U 19081G   20246.44806703 +.00002257 +00000-0 +10750-3 0  9994 | 2 44810 097.4893 306.8609 0012948 358.5457 001.5738 15.20103909042563 | 2020/09/02-10:45:12  196.3710    0.1236    1.5779   94.7304     6883.6639     6874.7509     6892.5769  58.481332 -78.000625   0.000750  -0.001055
1 44810U 19081G   20247.50129461 +.00001875 +00000-0 +89858-4 0  9992 | 2 44810 097.4890 307.9066 0012830 354.6840 005.4256 15.20107847042723 | 2020/09/03-12:01:51  215.5353    0.1235    5.4395   94.7301     6883.6520     6874.8203     6892.4837  59.894911 -76.920119   0.000691  -0.001081
1 44810U 19081G   20248.75199890  .00001508  00000-0  72897-4 0  9991 | 2 44810  97.4887 309.1483 0012698 350.1666   9.9318 15.20112281 42912 | 2020/09/04-18:02:52  305.7911    0.1235    9.9569   94.7298     6883.6386     6874.8978     6892.3795  61.547520 -75.603898   0.000622  -0.001107
1 44810U 19081G   20249.87104790 +.00001647 +00000-0 +79339-4 0  9992 | 2 44810 097.4887 310.2590 0012618 346.0459 014.0426 15.20115667043087 | 2020/09/05-20:54:18  348.6509    0.1236   14.0777   94.7296     6883.6284     6874.9426     6892.3142  63.001474 -74.396646   0.000559  -0.001131
1 44810U 19081G   20251.45087670  .00001453  00000-0  70339-4 0  9992 | 2 44810  97.4884 311.8274 0012462 340.2591  19.8160 15.20120628 43328 | 2020/09/07-10:49:15  197.3914    0.1236   19.8645   94.7293     6883.6134     6875.0351     6892.1918  65.013931 -72.644180   0.000469  -0.001155
1 44810U 19081G   20252.76739711  .00001411  00000-0  68416-4 0  9994 | 2 44810  97.4883 313.1343 0012326 335.4305  24.6341 15.20124740 43523 | 2020/09/08-18:25:03  311.3400    0.1236   24.6931   94.7291     6883.6010     6875.1163     6892.0857  66.653800 -71.142390   0.000392  -0.001168
1 44810U 19081G   20254.08391501  .00001348  00000-0  65484-4 0  9993 | 2 44810  97.4880 314.4411 0012206 330.5086  29.5459 15.20128194 43722 | 2020/09/10-02:00:50   65.2874    0.1236   29.6150   94.7289     6883.5906     6875.1885     6891.9927  68.258726 -69.603566   0.000315  -0.001179
1 44810U 19081G   20255.13712731  .00001271  00000-0  61922-4 0  9990 | 2 44810  97.4879 315.4866 0012124 326.4983  33.5484 15.20130715 43886 | 2020/09/11-03:17:27   84.4442    0.1236   33.6253   94.7287     6883.5830     6875.2373     6891.9286  69.517306 -68.346432   0.000252  -0.001186
1 44810U 19081G   20256.65111657  .00001314  00000-0  63920-4 0  9996 | 2 44810  97.4879 316.9896 0012005 320.7529  39.2835 15.20135131 44113 | 2020/09/12-15:37:36  269.4799    0.1236   39.3707   94.7284     6883.5696     6875.3059     6891.8334  71.286067 -66.499528   0.000162  -0.001190
1 44810U 19081G   20257.70432481  .00001264  00000-0  61597-4 0  9996 | 2 44810  97.4878 318.0350 0011913 316.6865  43.3432 15.20137473 44271 | 2020/09/13-16:54:13  288.6342    0.1235   43.4370   94.7283     6883.5626     6875.3622     6891.7630  72.487389 -65.187803   0.000098  -0.001187
1 44810U 19081G   20258.75753067  .00001348  00000-0  65485-4 0  9991 | 2 44810  97.4876 319.0805 0011845 312.5984  47.4251 15.20140657 44436 | 2020/09/14-18:10:50  307.7871    0.1236   47.5252   94.7281     6883.5530     6875.3994     6891.7065  73.664613 -63.854185   0.000035  -0.001184
1 44810U 19081G   20260.07403582  .00001320  00000-0  64191-4 0  9996 | 2 44810  97.4874 320.3873 0011770 307.4146  52.6017 15.20143859 44631 | 2020/09/16-01:46:36   61.7270    0.1235   52.7089   94.7279     6883.5433     6875.4414     6891.6452  75.101557 -62.157456  -0.000045  -0.001176
1 44810U 19081G   20261.12723722  .00001332  00000-0  64750-4 0  9998 | 2 44810  97.4873 321.4327 0011720 303.2634  56.7477 15.20146938 44790 | 2020/09/17-03:03:13   80.8774    0.1235   56.8601   94.7277     6883.5340     6875.4665     6891.6015  76.223020 -60.776845  -0.000108  -0.001167
1 44810U 19081G   20262.44373644 +.00001363 +00000-0 +66137-4 0  9993 | 2 44810 097.4871 322.7394 0011646 298.0441 061.9616 15.20150842044994 | 2020/09/18-10:38:58  194.8134    0.1236   62.0795   94.7274     6883.5222     6875.5057     6891.5388  77.589009 -59.022711  -0.000187  -0.001150
1 44810U 19081G   20263.76023315  .00001195  00000-0  58380-4 0  9990 | 2 44810  97.4868 324.0460 0011588 292.8020  67.1990 15.20153477 45192 | 2020/09/19-18:14:44  308.7479    0.1235   67.3215   94.7273     6883.5143     6875.5376     6891.4909  78.914457 -57.237965  -0.000264  -0.001128
1 44810U 19081G   20264.87925337 +.00001126 +00000-0 +55214-4 0  9995 | 2 44810 097.4866 325.1566 0011560 288.3343 071.6635 15.20155947045366 | 2020/09/20-21:06:07  351.5908    0.1236   71.7893   94.7271     6883.5068     6875.5495     6891.4641  80.008878 -55.697546  -0.000328  -0.001108
1 44810U 19081G   20265.93244703 +.00001060 +00000-0 +52145-4 0  9991 | 2 44810 097.4864 326.2019 0011551 284.1214 075.8737 15.20158269045527 | 2020/09/21-22:22:43   10.7360    0.1235   76.0021   94.7270     6883.4998     6875.5487     6891.4509  81.011483 -54.228570  -0.000389  -0.001088
1 44810U 19081G   20267.44640930 +.00001425 +00000-0 +69009-4 0  9993 | 2 44810 097.4862 327.7046 0011533 278.0930 081.8996 15.20164235045757 | 2020/09/23-10:42:49  195.7544    0.1235   82.0305   94.7266     6883.4818     6875.5431     6891.4205  82.405546 -52.085364  -0.000473  -0.001052
1 44810U 19081G   20268.82871690 +.00001889 +00000-0 +90411-4 0  9990 | 2 44810 097.4860 329.0764 0011517 272.5805 087.4112 15.20171104045967 | 2020/09/24-19:53:21  333.3767    0.1235   87.5430   94.7262     6883.4610     6875.5334     6891.3887  83.628687 -50.097533  -0.000547  -0.001014
1 44810U 19081G   20269.88189869 +.00002512 +00000-0 +11910-3 0  9997 | 2 44810 097.4859 330.1217 0011522 268.3642 091.6274 15.20178632046127 | 2020/09/25-21:09:56  352.5150    0.1236   91.7594   94.7257     6883.4383     6875.5072     6891.3694  84.528609 -48.563515  -0.000602  -0.000982
1 44810U 19081G   20271.46166466 +.00003596 +00000-0 +16901-3 0  9990 | 2 44810 097.4863 331.6894 0011523 261.8248 098.1680 15.20189528046365 | 2020/09/27-11:04:47  201.2190    0.1235   98.2987   94.7250     6883.4054     6875.4737     6891.3372  85.825928 -46.232984  -0.000685  -0.000926
1 44810U 19081G   20272.84395199 +.00002950 +00000-0 +13921-3 0  9992 | 2 44810 097.4860 333.0613 0011597 256.4033 103.5910 15.20195808046578 | 2020/09/28-20:15:17  338.8315    0.1234  103.7201   94.7246     6883.3865     6875.4038     6891.3691  86.907963 -44.164761  -0.000754  -0.000881
1 44810U 19081G   20273.89711644 +.00003256 +00000-0 +15327-3 0  9997 | 2 44810 097.4858 334.1065 0011644 252.3165 107.6799 15.20203694046733 | 2020/09/29-21:31:50  357.9614    0.1235  107.8070   94.7241     6883.3627     6875.3477     6891.3777  87.698940 -42.572023  -0.000803  -0.000844
1 44810U 19081G   20275.47685930 +.00001910 +00000-0 +91269-4 0  9996 | 2 44810 097.4855 335.6745 0011736 246.0805 113.9201 15.20207941046977 | 2020/10/01-11:26:40  206.6537    0.1235  114.0430   94.7239     6883.3499     6875.2716     6891.4282  88.830741 -40.156222  -0.000876  -0.000782
1 44810U 19081G   20276.79330919 +.00001680 +00000-0 +80626-4 0  9995 | 2 44810 097.4850 336.9806 0011804 241.1306 118.8745 15.20210297047170 | 2020/10/02-19:02:21  320.5626    0.1235  118.9929   94.7237     6883.3427     6875.2176     6891.4678  89.722513 -38.120806  -0.000929  -0.000729
1 44810U 19081G   20277.84646659 +.00001320 +00000-0 +64050-4 0  9997 | 2 44810 097.4847 338.0257 0011863 237.0003 123.0093 15.20212498047339 | 2020/10/03-20:18:54  339.6877    0.1235  123.1232   94.7236     6883.3361     6875.1704     6891.5018  90.402611 -36.477865  -0.000971  -0.000681
1 44810U 19081G   20278.89962272 +.00000877 +00000-0 +43619-4 0  9999 | 2 44810 097.4845 339.0708 0011933 232.8626 127.1520 15.20213722047499 | 2020/10/04-21:35:27  358.8119    0.1235  127.2609   94.7235     6883.3324     6875.1185     6891.5463  91.052721 -34.822834  -0.001013  -0.000631
1 44810U 19081G   20280.15024448  .00000820  00000-0  41014-4 0  9990 | 2 44810  97.4842 340.3117 0012028 228.0981 131.9229 15.20216042 47680 | 2020/10/06-03:36:21   89.0211    0.1234  132.0253   94.7234     6883.3254     6875.0461     6891.6047  91.785211 -32.842719  -0.001058  -0.000572
1 44810U 19081G   20281.20339770 +.00000879 +00000-0 +43726-4 0  9990 | 2 44810 097.4840 341.3567 0012113 224.1200 135.9070 15.20218626047840 | 2020/10/07-04:52:53  108.1433    0.1235  136.0035   94.7232     6883.3176     6874.9798     6891.6554  92.368731 -31.163244  -0.001094  -0.000521
1 44810U 19081G   20282.25654986 +.00000840 +00000-0 +41907-4 0  9992 | 2 44810 097.4839 342.4017 0012196 220.1382 139.8953 15.20220602048007 | 2020/10/08-06:09:25  127.2646    0.1234  139.9852   94.7231     6883.3116     6874.9167     6891.7065  92.921618 -29.473439  -0.001126  -0.000468
1 44810U 19081G   20283.44134474 +.00000801 +00000-0 +40104-4 0  9994 | 2 44810 097.4838 343.5772 0012289 215.6228 144.4188 15.20222681048187 | 2020/10/09-10:35:32  193.7749    0.1234  144.5006   94.7230     6883.3054     6874.8465     6891.7643  93.506612 -27.560930  -0.001161  -0.000404
1 44810U 19081G   20284.75778214 +.00000742 +00000-0 +37419-4 0  9994 | 2 44810 097.4836 344.8834 0012408 210.6811 149.3700 15.20224615048389 | 2020/10/10-18:11:12  307.6743    0.1234  149.4423   94.7228     6883.2995     6874.7587     6891.8403  94.110386 -25.422184  -0.001195  -0.000333
1 44810U 19081G   20286.40332623  .00000724  00000-0  36542-4 0  9994 | 2 44810  97.4834 346.5160 0012570 204.6771 155.3864 15.20227295 48639 | 2020/10/12-09:40:47  180.0471    0.1234  155.4463   94.7227     6883.2914     6874.6391     6891.9437  94.796277 -22.730577  -0.001233  -0.000244
1 44810U 19081G   20287.45647315  .00000729  00000-0  36793-4 0  9990 | 2 44810  97.4833 347.5609 0012667 200.8589 159.2130 15.20229053 48799 | 2020/10/13-10:57:19  199.1647    0.1233  159.2644   94.7226     6883.2861     6874.5671     6892.0052  95.194929 -20.998076  -0.001253  -0.000185
1 44810U 19081G   20288.90454858 +.00000751 +00000-0 +37802-4 0  9996 | 2 44810 097.4831 348.9976 0012807 195.5992 164.4850 15.20231350049019 | 2020/10/14-21:42:32    0.4501    0.1234  164.5242   94.7224     6883.2792     6874.4638     6892.0946  95.691282 -18.604661  -0.001277  -0.000103
1 44810U 19081G   20290.15515756  .00000765  00000-0  38432-4 0  9996 | 2 44810  97.4829 350.2383 0012926 191.1724 168.9226 15.20233254 49203 | 2020/10/16-03:43:25   90.6505    0.1234  168.9510   94.7223     6883.2734     6874.3761     6892.1708  96.071490 -16.528299  -0.001292  -0.000032
1 44810U 19081G   20291.33994338  .00000785  00000-0  39354-4 0  9990 | 2 44810  97.4828 351.4137 0013047 187.0257 173.0797 15.20235218 49383 | 2020/10/17-08:09:31  157.1554    0.1234  173.0977   94.7222     6883.2675     6874.2869     6892.2481  96.390223 -14.554077  -0.001304   0.000036
1 44810U 19081G   20292.72219127  .00000852  00000-0  42432-4 0  9996 | 2 44810  97.4825 352.7849 0013177 182.2574 177.8604 15.20238006 49597 | 2020/10/18-17:19:57  294.7434    0.1234  177.8660   94.7220     6883.2591     6874.1890     6892.3292  96.710598 -12.243285  -0.001313   0.000114
1 44810U 19081G   20293.90697309 +.00000983 +00000-0 +48448-4 0  9997 | 2 44810 097.4823 353.9602 0013286 178.1417 181.9870 15.20240886049776 | 2020/10/19-21:46:02    1.2465    0.1234  181.9817   94.7218     6883.2504     6874.1053     6892.3955  96.941180 -10.257017  -0.001316   0.000183
1 44810U 19081G   20295.15757435 +.00001097 +00000-0 +53700-4 0  9997 | 2 44810 097.4820 355.2008 0013405 173.8015 186.3388 15.20243801049961 | 2020/10/21-03:46:54   91.4434    0.1234  186.3219   94.7216     6883.2416     6874.0146     6892.4686  97.140231  -8.155727  -0.001316   0.000256
1 44810U 19081G   20296.34235246 +.00001215 +00000-0 +59102-4 0  9994 | 2 44810 097.4818 356.3761 0013514 169.7853 190.3659 15.20246731050144 | 2020/10/22-08:12:59  157.9451    0.1234  190.3381   94.7215     6883.2328     6873.9308     6892.5348  97.286880  -6.161515  -0.001312   0.000323
1 44810U 19081G   20297.79041130 +.00001222 +00000-0 +59425-4 0  9997 | 2 44810 097.4817 357.8125 0013648 164.9325 195.2320 15.20250019050369 | 2020/10/23-18:58:11  319.2238    0.1235  195.1910   94.7213     6883.2228     6873.8286     6892.6171  97.410662  -3.720857  -0.001303   0.000405
1 44810U 19081G   20298.90936300 +.00001328 +00000-0 +64301-4 0  9999 | 2 44810 097.4816 358.9224 0013756 161.1570 199.0177 15.20253358050531 | 2020/10/24-21:49:28    2.0292    0.1234  198.9664   94.7211     6883.2128     6873.7442     6892.6813  97.464360  -1.833293  -0.001293   0.000469
1 44810U 19081G   20300.42323590 +.00001388 +00000-0 +67025-4 0  9993 | 2 44810 097.4815 000.4240 0013885 156.1166 204.0717 15.20257350050763 | 2020/10/26-10:09:27  187.0004    0.1235  204.0069   94.7208     6883.2007     6873.6434     6892.7580  97.478831   0.721376  -0.001274   0.000553
1 44810U 19081G   20301.73964183 +.00001456 +00000-0 +70171-4 0  9999 | 2 44810 097.4814 001.7298 0014018 151.7243 208.4756 15.20261744050960 | 2020/10/27-17:45:05  300.8867    0.1234  208.3991   94.7205     6883.1874     6873.5386     6892.8363  97.436977   2.942585  -0.001254   0.000626
1 44810U 19081G   20303.05603957  .00002707  00000-0  12763-3 0  9997 | 2 44810  97.4814   3.0354 0014130 147.2859 212.9254 15.20273118 51160 | 2020/10/29-01:20:41   54.7704    0.1234  212.8375   94.7198     6883.1531     6873.4272     6892.8790  97.344634   5.161927  -0.001228   0.000700
1 44810U 19081G   20304.10915165  .00003086  00000-0  14499-3 0  9990 | 2 44810  97.4813   4.0802 0014209 144.0602 216.1592 15.20280777 51324 | 2020/10/30-02:37:10   73.8758    0.1235  216.0633   94.7193     6883.1300     6873.3498     6892.9102  97.234227   6.936062  -0.001207   0.000750
1 44810U 19081G   20305.42553956  .00001862  00000-0  88759-4 0  9993 | 2 44810  97.4809   5.3859 0014307 139.8599 220.3696 15.20283668 51527 | 2020/10/31-10:12:46  187.7571    0.1235  220.2636   94.7192     6883.1213     6873.2736     6892.9690  97.050531   9.149880  -0.001175   0.000816
1 44810U 19081G   20306.80774038  .00002658  00000-0  12529-3 0  9997 | 2 44810  97.4804   6.7568 0014397 135.4025 224.8371 15.20292540 51730 | 2020/11/01-19:23:08  325.3308    0.1234  224.7209   94.7186     6883.0945     6873.1849     6893.0041  96.803350  11.469081  -0.001137   0.000883
1 44810U 19081G   20307.92665780 +.00003746 +00000-0 +17517-3 0  9995 | 2 44810 097.4801 007.8666 0014475 131.8150 228.4324 15.20301942051908 | 2020/11/02-22:14:23    8.1263    0.1234  228.3084   94.7180     6883.0661     6873.1029     6893.0294  96.562755  13.341820  -0.001104   0.000937
1 44810U 19081G   20309.37466257  .00002577  00000-0  12149-3 0  9991 | 2 44810  97.4796   9.3027 0014541 127.2903 232.9661 15.20307269 52125 | 2020/11/04-08:59:30  169.3902    0.1235  232.8332   94.7177     6883.0500     6873.0414     6893.0587  96.197558  15.757609  -0.001056   0.000999
1 44810U 19081G   20310.42775331  .00001975  00000-0  93884-4 0  9992 | 2 44810  97.4794  10.3470 0014584 123.9814 236.2810 15.20310775 52284 | 2020/11/05-10:15:57  188.4905    0.1235  236.1421   94.7175     6883.0395     6873.0012     6893.0777  95.894193  17.508201  -0.001019   0.001043
1 44810U 19081G   20311.74411114  .00002480  00000-0  11699-3 0  9999 | 2 44810  97.4794  11.6524 0014662 119.8142 240.4553 15.20318590 52489 | 2020/11/06-17:51:31  302.3643    0.1235  240.3093   94.7170     6883.0159     6872.9240     6893.1077  95.470442  19.688276  -0.000971   0.001099
1 44810U 19081G   20312.79719385 +.00002650 +00000-0 +12480-3 0  9994 | 2 44810 097.4794 012.6967 0014710 116.4942 243.7804 15.20323664052647 | 2020/11/07-19:07:57  321.4626    0.1235  243.6293   94.7167     6883.0006     6872.8757     6893.1254  95.095756  21.424999  -0.000930   0.001140
1 44810U 19081G   20316.15387849 +.00001507 +00000+0 +72327-4 0  9990 | 2 44810  97.4791  16.0256 0014761 105.9995 254.2867 15.20332240053153 | 2020/11/11-03:41:35   89.8371    0.1235  254.1240   94.7161     6882.9747     6872.8147     6893.1346  93.690911  26.910746  -0.000783   0.001251
1 44810U 19081G   20317.20695084 +.00001573 +00000+0 +75369-4 0  9992 | 2 44810  97.4789  17.0699 0014762 102.6849 257.6038 15.20336134053316 | 2020/11/12-04:58:00  108.9343    0.1235  257.4386   94.7159     6882.9629     6872.8023     6893.1235  93.184697  28.613777  -0.000733   0.001282
1 44810U 19081G   20318.45746797 +.00001479 +00000-0 +71036-4 0  9991 | 2 44810 097.4785 018.3098 0014829 099.1055 261.1859 15.20344812053506 | 2020/11/13-10:58:45  199.1105    0.1235  261.0180   94.7154     6882.9367     6872.7300     6893.1434  92.543335  30.623343  -0.000683   0.001316
1 44810U 19081G   20319.70797813 +.00003723 +00000-0 +17384-3 0  9994 | 2 44810 097.4789 019.5503 0014796 095.0464 265.2461 15.20355679053693 | 2020/11/14-16:59:29  289.2851    0.1236  265.0772   94.7147     6882.9039     6872.7200     6893.0879  91.859054  32.619781  -0.000616   0.001345
1 44810U 19081G   20320.89266377 +.00003466 +00000-0 +16202-3 0  9994 | 2 44810 097.4784 020.7251 0014774 091.3471 268.9457 15.20364188053875 | 2020/11/15-21:25:26  355.7645    0.1235  268.7764   94.7141     6882.8782     6872.7095     6893.0470  91.170484  34.496105  -0.000555   0.001369
1 44810U 19081G   20322.27479120 +.00002734 +00000-0 +12844-3 0  9995 | 2 44810 097.4780 022.0954 0014794 087.0926 273.2002 15.20370655054080 | 2020/11/17-06:35:41  133.3224    0.1235  273.0309   94.7137     6882.8587     6872.6762     6893.0412  90.319102  36.666338  -0.000486   0.001397
1 44810U 19081G   20323.72272766 +.00002469 +00000-0 +11631-3 0  9991 | 2 44810 097.4776 023.5312 0014740 082.5137 277.7772 15.20377283054306 | 2020/11/18-17:20:43  294.5727    0.1235  277.6098   94.7133     6882.8387     6872.6934     6892.9840  89.371636  38.917775  -0.000407   0.001417
1 44810U 19081G   20324.90739660 +.00002649 +00000-0 +12454-3 0  9997 | 2 44810 097.4773 024.7057 0014707 078.8443 281.4444 15.20384094054488 | 2020/11/19-21:46:39    1.0489    0.1235  281.2792   94.7129     6882.8182     6872.6956     6892.9407  88.554872  40.741364  -0.000345   0.001430
1 44810U 19081G   20326.42113119  .00003325  00000-0  15541-3 0  9993 | 2 44810  97.4774  26.2066 0014657  74.0718 286.2131 15.20395608 54718 | 2020/11/21-10:06:25  185.9883    0.1235  286.0517   94.7122     6882.7834     6872.6953     6892.8715  87.457455  43.046917  -0.000262   0.001442
1 44810U 19081G   20327.73741700  .00003183  00000-0  14891-3 0  9990 | 2 44810  97.4776  27.5118 0014584  69.9599 290.3205 15.20402051 54912 | 2020/11/22-17:41:52  299.8479    0.1236  290.1637   94.7118     6882.7640     6872.7262     6892.8018  86.454416  45.027953  -0.000190   0.001446
1 44810U 19081G   20328.85625670 +.00002686 +00000-0 +12613-3 0  9998 | 2 44810 097.4777 028.6212 0014554 066.6094 293.6670 15.20405118055089 | 2020/11/23-20:33:00  342.6275    0.1235  293.5141   94.7116     6882.7547     6872.7376     6892.7719  85.566490  46.693445  -0.000133   0.001449
1 44810U 19081G   20329.90927825 +.00001930 +00000-0 +91538-4 0  9997 | 2 44810 097.4774 029.6655 0014488 062.9495 297.3217 15.20407417055248 | 2020/11/24-21:49:21    1.7141    0.1236  297.1741   94.7115     6882.7478     6872.7761     6892.7195  84.701007  48.245030  -0.000066   0.001447
1 44810U 19081G   20331.29136547  .00001930  00000-0  91525-4 0  9991 | 2 44810  97.4776  31.0359 0014418  58.7239 301.5406 15.20413099 55454 | 2020/11/26-06:59:33  139.2641    0.1236  301.3997   94.7111     6882.7306     6872.8071     6892.6542  83.523138  50.257019   0.000006   0.001442
1 44810U 19081G   20332.41019360  .00002080  00000-0  98398-4 0  9991 | 2 44810  97.4775  32.1454 0014356  55.1719 305.0864 15.20418123 55625 | 2020/11/27-09:50:40  182.0417    0.1235  304.9516   94.7108     6882.7155     6872.8346     6892.5963  82.534256  51.864820   0.000067   0.001434
1 44810U 19081G   20333.72645280  .00003154  00000-0  14747-3 0  9990 | 2 44810  97.4757  33.4542 0014171  50.9770 309.2725 15.20432116 55824 | 2020/11/28-17:26:05  295.8923    0.1236  309.1466   94.7099     6882.6732     6872.9198     6892.4267  81.326584  53.735452   0.000138   0.001410
1 44810U 19081G   20334.91107402 +.00006689 +00000-0 +30886-3 0  9999 | 2 44810 097.4769 034.6255 0014192 047.2335 313.0092 15.20450379056002 | 2020/11/29-21:51:56    2.3591    0.1236  312.8901   94.7088     6882.6181     6872.8503     6892.3859  80.212139  55.387353   0.000201   0.001405
1 44810U 19081G   20336.42473583  .00005874  00000-0  27149-3 0  9996 | 2 44810  97.4764  36.1264 0014100  42.4232 317.8090 15.20471208 56235 | 2020/12/01-10:11:37  187.2789    0.1235  317.7003   94.7075     6882.5553     6872.8509     6892.2597  78.733474  57.469024   0.000280   0.001382
1 44810U 19081G   20337.74095134  .00004404  00000-0  20436-3 0  9994 | 2 44810  97.4758  37.4313 0013978  37.9488 322.2729 15.20481780 56438 | 2020/12/02-17:46:58  301.1194    0.1236  322.1748   94.7068     6882.5234     6872.9030     6892.1438  77.403846  59.246740   0.000353   0.001353
1 44810U 19081G   20338.92554068  .00003358  00000-0  15655-3 0  9995 | 2 44810  97.4755  38.6056 0013876  34.1046 326.1078 15.20486842 56612 | 2020/12/03-22:12:46    7.5741    0.1236  326.0190   94.7065     6882.5081     6872.9579     6892.0583  76.173155  60.820421   0.000412   0.001325
1 44810U 19081G   20340.43917671  .00002050  00000-0  96844-4 0  9995 | 2 44810  97.4753  40.1062 0013731  29.1514 331.0485 15.20490794 56842 | 2020/12/05-10:32:24  192.4869    0.1236  330.9722   94.7063     6882.4962     6873.0458     6891.9465  74.554148  62.794212   0.000486   0.001284
1 44810U 19081G   20341.75537688  .00001926  00000-0  91160-4 0  9994 | 2 44810  97.4753  41.4111 0013608  24.6852 335.5032 15.20496130 57049 | 2020/12/06-18:07:44  306.3229    0.1236  335.4384   94.7059     6882.4801     6873.1144     6891.8457  73.104812  64.475736   0.000551   0.001244
1 44810U 19081G   20343.13738286  .00001748  00000-0  83052-4 0  9998 | 2 44810  97.4754  42.7814 0013507  19.8709 340.3050 15.20500318 57250 | 2020/12/08-03:17:49   83.8494    0.1237  340.2528   94.7057     6882.4674     6873.1713     6891.7636  71.542108  66.205592   0.000620   0.001200
1 44810U 19081G   20344.19033654  .00002060  00000-0  97286-4 0  9994 | 2 44810  97.4753  43.8253 0013409  16.2842 343.8822 15.20506053 57413 | 2020/12/09-04:34:05  102.9162    0.1237  343.8395   94.7053     6882.4501     6873.2214     6891.6788  70.323997  67.497923   0.000668   0.001163
1 44810U 19081G   20346.16460273  .00002853  00000-0  13341-3 0  9993 | 2 44810  97.4757  45.7821 0012929   9.1215 351.0253 15.20529027 57718 | 2020/12/11-03:57:01   93.6607    0.1237  351.0022   94.7039     6882.3808     6873.4826     6891.2790  67.978485  69.860129   0.000743   0.001058
1 44810U 19081G   20347.48076447  .00002045  00000-0  96462-4 0  9994 | 2 44810  97.4755  47.0881 0013079   5.0028 355.1335 15.20544501 57913 | 2020/12/12-11:32:18  207.4807    0.1236  355.1208   94.7029     6882.3341     6873.3327     6891.3355  66.368436  71.391203   0.000804   0.001032
1 44810U 19081G   20348.79691427  .00001929  00000-0  91168-4 0  9998 | 2 44810  97.4751  48.3933 0012949   0.5526 359.5721 15.20556340 58113 | 2020/12/13-19:07:33  321.2983    0.1236  359.5710   94.7022     6882.2984     6873.3865     6891.2103  64.724797  72.884125   0.000850   0.000976
1 44810U 19081G   20350.17886031  .00004784  00000-0  22122-3 0  9995 | 2 44810  97.4746  49.7632 0012817 355.5674   4.5446 15.20570885 58323 | 2020/12/15-04:17:33   98.8038    0.1237    4.5563   94.7013     6882.2545     6873.4335     6891.0755  62.963535  74.410287   0.000901   0.000912
1 44810U 19081G   20351.42918410  .00003571  00000-0  16594-3 0  9990 | 2 44810  97.4740  51.0026 0012671 351.1506   8.9504 15.20578618 58510 | 2020/12/16-10:18:01  188.9244    0.1236    8.9730   94.7008     6882.2312     6873.5107     6890.9516  61.338938  75.754309   0.000939   0.000850
1 44810U 19081G   20352.67950629  .00000976  00000-0  47679-4 0  9991 | 2 44810  97.4738  52.2421 0012559 346.5218  13.5680 15.20578338 58709 | 2020/12/17-16:18:29  279.0444    0.1236   13.6018   94.7008     6882.2320     6873.5886     6890.8754  59.685771  77.063289   0.000979   0.000786
1 44810U 19081G   20353.79821331  .00001187  00000-0  57314-4 0  9994 | 2 44810  97.4739  53.3512 0012512 342.2978  17.7820 15.20581088 58874 | 2020/12/18-19:09:25  321.7825    0.1237   17.8259   94.7006     6882.2237     6873.6127     6890.8347  58.182993  78.204223   0.001017   0.000729
1 44810U 19081G   20354.85111219  .00001326  00000-0  63616-4 0  9996 | 2 44810  97.4737  54.3950 0012423 338.5189  21.5524 15.20584166 59035 | 2020/12/19-20:25:36  340.8286    0.1237   21.6048   94.7004     6882.2144     6873.6646     6890.7642  56.748596  79.250988   0.001043   0.000675
1 44810U 19081G   20356.16723308  .00001252  00000-0  60242-4 0  9990 | 2 44810  97.4736  55.6998 0012289 333.6609  26.4000 15.20587392 59232 | 2020/12/21-04:00:48   94.6349    0.1236   26.4627   94.7002     6882.2047     6873.7471     6890.6622  54.929194  80.522583   0.001071   0.000603
1 44810U 19081G   20357.41754448  .00001572  00000-0  74847-4 0  9999 | 2 44810  97.4736  56.9393 0012182 329.0039  31.0476 15.20592480 59427 | 2020/12/22-10:01:15  184.7493    0.1236   31.1197   94.6999     6882.1893     6873.8054     6890.5732  53.174503  81.691951   0.001095   0.000533
1 44810U 19081G   20358.73365842  .00001750  00000-0  82952-4 0  9995 | 2 44810  97.4735  58.2441 0012083 324.0133  36.0287 15.20597280 59625 | 2020/12/23-17:36:28  298.5522    0.1235   36.1102   94.6996     6882.1748     6873.8591     6890.4906  51.300448  82.881525   0.001118   0.000458
1 44810U 19081G   20359.85235248  .00001695  00000-0  80434-4 0  9996 | 2 44810  97.4734  59.3532 0012004 319.7577  40.2769 15.20600487 59797 | 2020/12/24-20:27:23  341.2830    0.1236   40.3659   94.6994     6882.1652     6873.9038     6890.4265  49.686511  83.858895   0.001134   0.000393
1 44810U 19081G   20360.90523848  .00001627  00000-0  77341-4 0  9998 | 2 44810  97.4733  60.3970 0011927 315.7446  44.2835 15.20603539 59955 | 2020/12/25-21:43:32    0.3225    0.1236   44.3790   94.6992     6882.1560     6873.9476     6890.3643  48.150581  84.750019   0.001146   0.000332
1 44810U 19081G   20362.41875133  .00001534  00000-0  73062-4 0  9996 | 2 44810  97.4727  61.8972 0011800 309.7308  50.2886 15.20617344 60185 | 2020/12/27-10:03:00  185.1874    0.1235   50.3927   94.6984     6882.1143     6873.9934     6890.2352  45.915002  85.981044   0.001156   0.000238
1 44810U 19081G   20363.73483585  .00001553  00000-0  73902-4 0  9992 | 2 44810  97.4734  63.2017 0011841 304.2121  55.7992 15.20635047 60387 | 2020/12/28-17:38:09  298.9786    0.1236   55.9115   94.6973     6882.0609     6873.9118     6890.2099  43.945985  87.004678   0.001174   0.000153
1 44810U 19081G   20364.85349973  .00006151  00000-0  28293-3 0  9999 | 2 44810  97.4728  64.3117 0011704 300.3634  59.6443 15.20647624 60554 | 2020/12/29-20:29:02  341.6938    0.1235   59.7601   94.6965     6882.0229     6873.9682     6890.0777  42.252029  87.839130   0.001167   0.000095
1 44810U 19081G   20365.90634998  .00005448  00000-0  25091-3 0  9991 | 2 44810  97.4724  65.3554 0011665 296.2614  63.7422 15.20659108 60714 | 2020/12/30-21:45:08    0.7181    0.1236   63.8622   94.6958     6881.9883     6873.9605     6890.0161  40.644863  88.593814   0.001166   0.000033
1 44810U 19081G   21001.15659968  .00004568  00000-0  21082-3 0  9998 | 2 44810  97.4719  66.5946 0011628 291.3760  68.6234 15.20671571 60907 | 2021/01/01-03:45:30   90.8052    0.1235   68.7475   94.6950     6881.9507     6873.9484     6889.9530  38.719190  89.451638   0.001162  -0.000041
1 44810U 19081G   21002.20943631  .00003354  00000-0  15565-3 0  9999 | 2 44810  97.4716  67.6381 0011586 287.1945  72.8022 15.20677316 61063 | 2021/01/02-05:01:35  109.8234    0.1236   72.9291   94.6946     6881.9334     6873.9600     6889.9068  37.083606  90.141661   0.001154  -0.000104
1 44810U 19081G   21003.78868964  .00002664  00000-0  12426-3 0  9994 | 2 44810  97.4719  69.2037 0011649 281.1341  78.8585 15.20680944 61304 | 2021/01/03-18:55:42  318.3496    0.1236   78.9895   94.6944     6881.9224     6873.9057     6889.9392  34.607066  91.121470   0.001148  -0.000196
1 44810U 19081G   21005.17052958  .00002252  00000-0  10553-3 0  9999 | 2 44810  97.4716  70.5735 0011572 275.5478  84.4437 15.20685034 61511 | 2021/01/05-04:05:33   95.8053    0.1235   84.5757   94.6942     6881.9101     6873.9463     6889.8738  32.418796  91.922437   0.001123  -0.000278
1 44810U 19081G   21006.42076549  .00001053  00000-0  51074-4 0  9992 | 2 44810  97.4715  71.8128 0011619 270.4851  89.5053 15.20685703 61705 | 2021/01/06-10:05:54  185.8844    0.1235   89.6384   94.6941     6881.9081     6873.9120     6889.9041  30.423066  92.602000   0.001107  -0.000353
1 44810U 19081G   21007.67099891  .00001095  00000-0  52976-4 0  9993 | 2 44810  97.4714  73.0521 0011647 265.5229  94.4676 15.20688264 61891 | 2021/01/07-16:06:14  275.9613    0.1235   94.6006   94.6940     6881.9003     6873.8850     6889.9157  28.413108  93.238238   0.001084  -0.000425
1 44810U 19081G   21009.11863534  .00001010  00000-0  49084-4 0  9990 | 2 44810  97.4711  74.4871 0011671 259.7413 100.2506 15.20691079 62110 | 2021/01/09-02:50:50   77.1008    0.1235  100.3822   94.6938     6881.8918     6873.8600     6889.9237  26.069165  93.920253   0.001051  -0.000507
1 44810U 19081G   21010.43466648  .00000957  00000-0  46665-4 0  9993 | 2 44810  97.4710  75.7916 0011694 254.5138 105.4806 15.20693560 62314 | 2021/01/10-10:25:55  190.8622    0.1235  105.6097   94.6936     6881.8844     6873.8367     6889.9320  23.924209  94.489301   0.001016  -0.000579
1 44810U 19081G   21011.81649635  .00000962  00000-0  46913-4 0  9997 | 2 44810  97.4707  77.1613 0011745 249.0846 110.9132 15.20696532 62520 | 2021/01/11-19:35:45  328.3098    0.1235  111.0389   94.6934     6881.8754     6873.7926     6889.9581  21.658682  95.033883   0.000977  -0.000653
1 44810U 19081G   21013.13252177  .00001035  00000-0  50203-4 0  9994 | 2 44810  97.4704  78.4658 0011819 243.9711 116.0307 15.20699971 62729 | 2021/01/13-03:10:49   82.0676    0.1234  116.1523   94.6932     6881.8650     6873.7313     6889.9987  19.489481  95.502037   0.000937  -0.000721
1 44810U 19081G   21014.44854547  .00000962  00000-0  46897-4 0  9990 | 2 44810  97.4702  79.7702 0011896 238.8835 121.1234 15.20702447 62927 | 2021/01/14-10:45:54  195.8238    0.1235  121.2400   94.6931     6881.8575     6873.6709     6890.0442  17.310377  95.920752   0.000893  -0.000786
1 44810U 19081G   21016.15937306  .00000906  00000-0  44320-4 0  9992 | 2 44810  97.4699  81.4659 0011993 232.2830 127.7318 15.20705752 63180 | 2021/01/16-03:49:29   91.7044    0.1234  127.8404   94.6929     6881.8476     6873.5942     6890.1010  14.464339  96.390686   0.000829  -0.000866
1 44810U 19081G   21017.40959124  .00000928  00000-0  45316-4 0  9993 | 2 44810  97.4697  82.7050 0012081 227.4781 132.5435 15.20708349 63377 | 2021/01/17-09:49:48  181.7693    0.1235  132.6454   94.6927     6881.8397     6873.5258     6890.1537  12.376512  96.680734   0.000780  -0.000923
1 44810U 19081G   21018.72560830  .00000894  00000-0  43801-4 0  9990 | 2 44810  97.4696  84.0093 0012189 222.5184 137.5108 15.20710785 63571 | 2021/01/18-17:24:52  295.5207    0.1234  137.6050   94.6926     6881.8324     6873.4441     6890.2207  10.172613  96.937304   0.000726  -0.000979
1 44810U 19081G   21019.91002154  .00000874  00000-0  42884-4 0  9990 | 2 44810  97.4696  85.1832 0012278 218.1018 141.9350 15.20713041 63756 | 2021/01/19-21:50:25    1.8954    0.1234  142.0216   94.6924     6881.8256     6873.3761     6890.2751   8.184525  97.125365   0.000674  -0.001026
1 44810U 19081G   21021.29183125  .00000990  00000-0  48113-4 0  9992 | 2 44810  97.4694  86.5525 0012334 213.0472 146.9994 15.20720676 63963 | 2021/01/21-07:00:14  139.3298    0.1235  147.0763   94.6919     6881.8025     6873.3145     6890.2906   5.861218  97.293011   0.000609  -0.001072
1 44810U 19081G   21022.73943397  .00000981  00000-0  47727-4 0  9997 | 2 44810  97.4693  87.9876 0012523 207.6230 152.4341 15.20728270 64188 | 2021/01/22-17:44:47  300.4480    0.1234  152.5004   94.6915     6881.7796     6873.1616     6890.3977   3.422711  97.409186   0.000541  -0.001129
1 44810U 19081G   21023.92383114  .00001080  00000-0  52190-4 0  9995 | 2 44810  97.4688  89.1617 0012483 203.0704 156.9973 15.20738331 64369 | 2021/01/23-22:10:19    6.8136    0.1235  157.0531   94.6908     6881.7493     6873.1588     6890.3398   1.426024  97.458368   0.000472  -0.001155
1 44810U 19081G   21025.43721617  .00003918  00000-0  18081-3 0  9999 | 2 44810  97.4693  90.6615 0012759 197.7609 162.3182 15.20750744 64599 | 2021/01/25-10:29:35  191.6127    0.1234  162.3625   94.6901     6881.7118     6872.9315     6890.4922  -1.125292  97.462804   0.000403  -0.001211
1 44810U 19081G   21026.81898813  .00006351  00000-0  29087-3 0  9997 | 2 44810  97.4690  92.0311 0012869 192.7471 167.3440 15.20770125 64800 | 2021/01/26-19:39:20  329.0310    0.1234  167.3763   94.6889     6881.6534     6872.7974     6890.5094  -3.454492  97.407764   0.000328  -0.001244
1 44810U 19081G   21027.87176112  .00003678  00000-0  16983-3 0  9995 | 2 44810  97.4686  93.0744 0012970 189.0142 171.0862 15.20773402 64961 | 2021/01/27-20:55:20  348.0143    0.1234  171.1092   94.6887     6881.6435     6872.7180     6890.5690  -5.227500  97.328317   0.000272  -0.001268
1 44810U 19081G   21029.45091541  .00001821  00000-0  85706-4 0  9991 | 2 44810  97.4680  94.6392 0013130 183.4793 176.6353 15.20776790 65207 | 2021/01/29-10:49:19  196.4873    0.1234  176.6441   94.6885     6881.6333     6872.5977     6890.6688  -7.883297  97.148673   0.000185  -0.001300
1 44810U 19081G   21031.75384343  .00000991  00000-0  48055-4 0  9995 | 2 44810  97.4677  96.9211 0013348 175.6782 184.4571 15.20779658 65553 | 2021/01/31-18:05:32  305.5087    0.1234  184.4452   94.6883     6881.6246     6872.4390     6890.8102 -11.745094  96.757456   0.000061  -0.001333
1 44810U 19081G   21033.13559615  .00000971  00000-0  47142-4 0  9999 | 2 44810  97.4674  98.2904 0013481 170.9785 189.1695 15.20783083 65762 | 2021/02/02-03:15:15   82.9196    0.1234  189.1449   94.6881     6881.6143     6872.3372     6890.8914 -14.053864  96.448862  -0.000017  -0.001348
1 44810U 19081G   21035.10951770  .00001085  00000-0  52318-4 0  9994 | 2 44810  97.4673 100.2464 0013656 164.6978 195.4673 15.20795489 66067 | 2021/02/04-02:37:42   73.5038    0.1234  195.4256   94.6873     6881.5769     6872.1794     6890.9743 -17.337651  95.912879  -0.000120  -0.001360
1 44810U 19081G   21036.42545419  .00000700  00000-0  34856-4 0  9999 | 2 44810  97.4667 101.5500 0013910 159.3775 200.8025 15.20808132 66268 | 2021/02/05-10:12:39  187.2195    0.1235  200.7460   94.6865     6881.5387     6871.9665     6891.1109 -19.515075  95.493033  -0.000219  -0.001374
1 44810U 19081G   21037.54399458  .00000586  00000-0  29684-4 0  9998 | 2 44810  97.4667 102.6588 0013862 156.3820 203.8055 15.20813247 66438 | 2021/02/06-13:03:21  229.8803    0.1235  203.7415   94.6862     6881.5233     6871.9841     6891.0624 -21.359307  95.097516  -0.000264  -0.001361
1 44810U 19081G   21038.79411978  .00004344  00000-0  19957-3 0  9995 | 2 44810  97.4668 103.8977 0013971 152.0570 208.1418 15.20829231 66622 | 2021/02/07-19:03:31  319.9073    0.1234  208.0664   94.6852     6881.4751     6871.8610     6891.0892 -23.410461  94.613569  -0.000339  -0.001355
1 44810U 19081G   21039.91264830  .00002643  00000-0  12268-3 0  9991 | 2 44810  97.4666 105.0061 0014065 148.5072 211.7009 15.20830110 66792 | 2021/02/08-21:54:12    2.5624    0.1235  211.6163   94.6851     6881.4724     6871.7936     6891.1512 -25.236235  94.142820  -0.000399  -0.001349
1 44810U 19081G   21041.42594265  .00002246  00000-0  10469-3 0  9998 | 2 44810  97.4662 106.5055 0014177 143.6466 216.5735 15.20838472 67029 | 2021/02/10-10:13:21  187.3285    0.1234  216.4768   94.6846     6881.4472     6871.6914     6891.2030 -27.690867  93.449858  -0.000481  -0.001333
1 44810U 19081G   21042.80764527  .00001721  00000-0  80981-4 0  9995 | 2 44810  97.4657 107.8743 0014238 139.1642 221.0663 15.20840385 67235 | 2021/02/11-19:23:00  324.7241    0.1235  220.9593   94.6845     6881.4414     6871.6436     6891.2392 -29.915123  92.761242  -0.000555  -0.001311
1 44810U 19081G   21043.86036803  .00001348  00000-0  64101-4 0  9992 | 2 44810  97.4654 108.9173 0014315 135.8075 224.4307 15.20842368 67392 | 2021/02/12-20:38:55  343.6912    0.1235  224.3160   94.6844     6881.4354     6871.5847     6891.2862 -31.598582  92.201051  -0.000611  -0.001294
1 44810U 19081G   21044.91308839  .00001407  00000-0  66767-4 0  9996 | 2 44810  97.4653 109.9603 0014372 132.4503 227.7951 15.20846260 67556 | 2021/02/13-21:54:50    2.6580    0.1236  227.6733   94.6841     6881.4237     6871.5337     6891.3137 -33.271627  91.610499  -0.000666  -0.001274
1 44810U 19081G   21046.42637330  .00000896  00000-0  43655-4 0  9997 | 2 44810  97.4650 111.4596 0014476 127.6582 232.5969 15.20846930 67782 | 2021/02/15-10:13:58  187.4231    0.1235  232.4653   94.6841     6881.4217     6871.4601     6891.3832 -35.657091  90.708313  -0.000743  -0.001242
1 44810U 19081G   21047.80806430  .00001310  00000-0  62346-4 0  9999 | 2 44810  97.4647 112.8285 0014549 123.2550 237.0082 15.20852107 67998 | 2021/02/16-19:23:36  324.8167    0.1235  236.8685   94.6838     6881.4061     6871.3943     6891.4178 -37.813778  89.830317  -0.000812  -0.001207
1 44810U 19081G   21049.45293193  .00000936  00000-0  45442-4 0  9999 | 2 44810  97.4646 114.4581 0014630 118.2491 242.0223 15.20853480 68240 | 2021/02/18-10:52:13  196.9525    0.1235  241.8744   94.6837     6881.4019     6871.3344     6891.4694 -40.353043  88.718545  -0.000886  -0.001164
1 44810U 19081G   21050.76882268  .00000905  00000-0  44051-4 0  9993 | 2 44810  97.4644 115.7617 0014679 114.0754 246.2019 15.20856195 68448 | 2021/02/19-18:27:06  310.6607    0.1235  246.0481   94.6835     6881.3937     6871.2925     6891.4949 -42.360872  87.777365  -0.000947  -0.001122
1 44810U 19081G   21051.82153257  .00000997  00000-0  48188-4 0  9996 | 2 44810  97.4642 116.8045 0014685 110.7547 249.5263 15.20859175 68609 | 2021/02/20-19:43:00  329.6273    0.1235  249.3688   94.6833     6881.3847     6871.2794     6891.4901 -43.951251  86.991711  -0.000991  -0.001084
1 44810U 19081G   21053.13741496  .00001424  00000-0  67491-4 0  9994 | 2 44810  97.4640 118.1082 0014699 106.6199 253.6651 15.20865472 68801 | 2021/02/22-03:17:52   83.3343    0.1234  253.5035   94.6829     6881.3657     6871.2508     6891.4807 -45.919006  85.969042  -0.001044  -0.001034
1 44810U 19081G   21054.78226322  .00001526  00000-0  72052-4 0  9994 | 2 44810  97.4636 119.7376 0014740 101.5128 258.7763 15.20871284 69058 | 2021/02/23-18:46:27  315.4674    0.1235  258.6107   94.6826     6881.3482     6871.2051     6891.4913 -48.344733  84.628247  -0.001108  -0.000972
1 44810U 19081G   21056.42710382  .00001832  00000-0  85853-4 0  9994 | 2 44810  97.4632 121.3670 0014771  96.4156 263.8762 15.20878805 69307 | 2021/02/25-10:15:01  187.5992    0.1235  263.7079   94.6821     6881.3255     6871.1611     6891.4899 -50.731344  83.219025  -0.001167  -0.000905
1 44810U 19081G   21057.80876487  .00001708  00000-0  80262-4 0  9997 | 2 44810  97.4630 122.7357 0014720  92.1145 268.1776 15.20883216 69515 | 2021/02/26-19:24:37  324.9900    0.1235  268.0090   94.6818     6881.3122     6871.1829     6891.4415 -52.704535  81.983342  -0.001208  -0.000841
1 44810U 19081G   21058.86145482  .00001595  00000-0  75170-4 0  9994 | 2 44810  97.4628 123.7784 0014665  88.8596 271.4320 15.20886778 69672 | 2021/02/27-20:40:29  343.9537    0.1236  271.2640   94.6816     6881.3015     6871.2100     6891.3929 -54.187592  81.010507  -0.001235  -0.000791
1 44810U 19081G   21060.44048097  .00002405  00000-0  11165-3 0  9999 | 2 44810  97.4620 125.3425 0014722  84.0585 276.2328 15.20898214 69910 | 2021/03/01-10:34:17  192.3957    0.1236  276.0651   94.6809     6881.2670     6871.1364     6891.3976 -56.378146  79.500604  -0.001283  -0.000723
1 44810U 19081G   21061.88790818  .00004395  00000-0  20131-3 0  9996 | 2 44810  97.4615 126.7762 0014674  79.5989 280.6899 15.20915094 70130 | 2021/03/02-21:18:35  353.4650    0.1235  280.5246   94.6798     6881.2161     6871.1186     6891.3136 -58.349316  78.064725  -0.001315  -0.000652
1 44810U 19081G   21063.46690306  .00005532  00000-0  25243-3 0  9996 | 2 44810  97.4612 128.3403 0014623  74.6951 285.5899 15.20933520 70370 | 2021/03/04-11:12:20  201.8992    0.1235  285.4284   94.6787     6881.1605     6871.0982     6891.2228 -60.458190  76.442741  -0.001346  -0.000572
1 44810U 19081G   21064.78271978  .00004333  00000-0  19838-3 0  9993 | 2 44810  97.4613 129.6436 0014542  70.5926 289.6879 15.20944291 70570 | 2021/03/05-18:47:06  315.5913    0.1235  289.5309   94.6780     6881.1280     6871.1215     6891.1345 -62.181297  75.047926  -0.001364  -0.000503
1 44810U 19081G   21065.90115607  .00004024  00000-0  18439-3 0  9997 | 2 44810  97.4613 130.7516 0014474  67.0338 293.2423 15.20953640 70747 | 2021/03/06-21:37:39  358.2272    0.1236  293.0898   94.6774     6881.0998     6871.1401     6891.0595 -63.620876  73.831492  -0.001378  -0.000442
1 44810U 19081G   21067.15116567  .00003903  00000-0  17891-3 0  9998 | 2 44810  97.4613 131.9898 0014401  63.0876 297.1829 15.20963439 70937 | 2021/03/08-03:37:40   88.2301    0.1236  297.0360   94.6768     6881.0702     6871.1608     6890.9797 -65.201444  72.439469  -0.001391  -0.000375
1 44810U 19081G   21068.46695831  .00003753  00000-0  17214-3 0  9991 | 2 44810  97.4612 133.2930 0014342  58.9949 301.2693 15.20971859 71130 | 2021/03/09-11:12:25  201.9154    0.1236  301.1287   94.6763     6881.0449     6871.1761     6890.9136 -66.832013  70.937772  -0.001401  -0.000305
1 44810U 19081G   21069.91432348  .00002406  00000-0  11148-3 0  9998 | 2 44810  97.4607 134.7264 0014222  54.3772 305.8786 15.20976447 71356 | 2021/03/10-21:56:37    2.9685    0.1236  305.7464   94.6760     6881.0310     6871.2448     6890.8172 -68.585252  69.243420  -0.001404  -0.000225
1 44810U 19081G   21071.16431754  .00001579  00000-0  74269-4 0  9992 | 2 44810  97.4604 135.9643 0014112  50.2877 309.9600 15.20978971 71541 | 2021/03/12-03:56:37   92.9686    0.1236  309.8359   94.6759     6881.0234     6871.3129     6890.7339 -70.064947  67.745352  -0.001403  -0.000154
1 44810U 19081G   21072.48009772  .00001475  00000-0  69575-4 0  9998 | 2 44810  97.4600 137.2672 0014039  45.9615 314.2774 15.20982705 71746 | 2021/03/13-11:31:20  206.6523    0.1236  314.1621   94.6756     6881.0121     6871.3519     6890.6724 -71.586928  66.134433  -0.001402  -0.000079
1 44810U 19081G   21073.59850646  .00001651  00000-0  77477-4 0  9991 | 2 44810  97.4598 138.3748 0013940  42.3165 317.9143 15.20987595 71910 | 2021/03/14-14:21:50  249.2823    0.1236  317.8071   94.6753     6880.9974     6871.4053     6890.5895 -72.851786  64.738164  -0.001394  -0.000017
1 44810U 19081G   21074.71691282  .00001699  00000-0  79615-4 0  9993 | 2 44810  97.4596 139.4824 0013848  38.6970 321.5255 15.20991539 72081 | 2021/03/15-17:12:21  291.9116    0.1236  321.4266   94.6751     6880.9855     6871.4567     6890.5143 -74.089415  63.317709  -0.001384   0.000044
1 44810U 19081G   21075.90110561  .00001563  00000-0  73510-4 0  9999 | 2 44810  97.4594 140.6551 0013747  34.7804 325.4328 15.20994445 72264 | 2021/03/16-21:37:35  358.2248    0.1237  325.3433   94.6749     6880.9767     6871.5175     6890.4360 -75.369605  61.788002  -0.001370   0.000109
1 44810U 19081G   21077.41423163  .00001729  00000-0  80948-4 0  9999 | 2 44810  97.4592 142.1537 0013615  29.9198 330.2813 15.21005595 72497 | 2021/03/18-09:56:29  182.9551    0.1236  330.2038   94.6742     6880.9431     6871.5747     6890.3115 -76.959580  59.795641  -0.001348   0.000188
1 44810U 19081G   21078.72998517  .00003559  00000-0  16326-3 0  9995 | 2 44810  97.4585 143.4567 0013477  25.5731 334.6168 15.21015740 72693 | 2021/03/19-17:31:10  296.6314    0.1236  334.5505   94.6736     6880.9125     6871.6391     6890.1859 -78.298852  58.029726  -0.001323   0.000256
1 44810U 19081G   21080.17730255  .00005388  00000-0  24535-3 0  9993 | 2 44810  97.4582 144.8899 0013302  20.6395 339.5375 15.21031254 72919 | 2021/03/21-04:15:18   97.6719    0.1236  339.4841   94.6726     6880.8657     6871.7128     6890.0186 -79.725519  56.053032  -0.001288   0.000332
1 44810U 19081G   21081.36145679  .00006525  00000-0  29627-3 0  9996 | 2 44810  97.4583 146.0626 0013161  16.6309 343.5356 15.21049017 73095 | 2021/03/22-08:40:29  163.9724    0.1237  343.4928   94.6715     6880.8121     6871.7563     6889.8680 -80.856087  54.409681  -0.001257   0.000392
1 44810U 19081G   21082.41402991  .00004864  00000-0  22166-3 0  9991 | 2 44810  97.4583 147.1049 0013044  13.0211 347.1359 15.21058290 73253 | 2021/03/23-09:56:12  182.9034    0.1237  347.1026   94.6709     6880.7842     6871.8089     6889.7595 -81.832452  52.929860  -0.001227   0.000443
1 44810U 19081G   21083.79552115  .00005626  00000-0  25579-3 0  9995 | 2 44810  97.4582 148.4730 0012881   8.1532 351.9911 15.21073456 73463 | 2021/03/24-19:05:33  320.2465    0.1237  351.9705   94.6700     6880.7384     6871.8754     6889.6015 -83.072770  50.960922  -0.001182   0.000511
1 44810U 19081G   21085.11121453  .00005775  00000-0  26238-3 0  9998 | 2 44810  97.4579 149.7757 0012725   3.5999 356.5326 15.21088016 73666 | 2021/03/26-02:40:08   73.9020    0.1237  356.5238   94.6691     6880.6945     6871.9389     6889.4502 -84.209608  49.058987  -0.001138   0.000570
1 44810U 19081G   21086.16375967  .00005766  00000-0  26186-3 0  9997 | 2 44810  97.4577 150.8180 0012626 359.8565   0.2664 15.21100240 73823 | 2021/03/27-03:55:48   92.8230    0.1236    0.2671   94.6683     6880.6577     6871.9702     6889.3452 -85.087911  47.518951  -0.001101   0.000618
1 44810U 19081G   21087.41364918  .00004878  00000-0  22201-3 0  9997 | 2 44810  97.4573 152.0557 0012505 355.2924   4.8192 15.21110253 74019 | 2021/03/28-09:55:39  182.7888    0.1237    4.8313   94.6677     6880.6275     6872.0233     6889.2317 -86.094127  45.669756  -0.001053   0.000675
1 44810U 19081G   21088.66353008  .00004628  00000-0  21076-3 0  9995 | 2 44810  97.4568 153.2933 0012370 350.7983   9.3024 15.21120367 74201 | 2021/03/29-15:55:28  272.7512    0.1236    9.3253   94.6671     6880.5970     6872.0857     6889.1083 -87.059996  43.799373  -0.001002   0.000725
1 44810U 19081G   21090.11075411  .00002928  00000-0  13452-3 0  9997 | 2 44810  97.4564 154.7263 0012240 345.3107  14.7771 15.21125381 74427 | 2021/03/31-02:39:29   73.7582    0.1236   14.8129   94.6668     6880.5819     6872.1600     6889.0037 -88.127739  41.608311  -0.000938   0.000786
1 44810U 19081G   21091.22905497  .00004003  00000-0  18264-3 0  9998 | 2 44810  97.4561 155.8335 0012152 341.1893  18.8892 15.21137026 74590 | 2021/04/01-05:29:50  116.3508    0.1236   18.9343   94.6660     6880.5467     6872.1855     6888.9080 -88.915012  39.897520  -0.000889   0.000828
1 44810U 19081G   21092.41313063  .00004975  00000-0  22613-3 0  9993 | 2 44810  97.4558 157.0062 0012014 336.8723  23.1970 15.21149214 74775 | 2021/04/02-09:54:54  182.6217    0.1236   23.2513   94.6653     6880.5100     6872.2437     6888.7762 -89.712657  38.069307  -0.000833   0.000866
1 44810U 19081G   21093.46563521  .00004937  00000-0  22439-3 0  9999 | 2 44810  97.4556 158.0484 0011916 332.9221  27.1391 15.21158795 74935 | 2021/04/03-11:10:30  201.5266    0.1236   27.2015   94.6647     6880.4811     6872.2823     6888.6799 -90.390066  36.431167  -0.000781   0.000900
1 44810U 19081G   21094.64969520  .00004384  00000-0  19958-3 0  9997 | 2 44810  97.4556 159.2209 0011818 328.3142  31.7381 15.21168144 75115 | 2021/04/04-15:35:33  267.7917    0.1236   31.8094   94.6641     6880.4529     6872.3216     6888.5842 -91.116615  34.573927  -0.000720   0.000937
1 44810U 19081G   21095.83374803  .00003573  00000-0  16320-3 0  9992 | 2 44810  97.4556 160.3933 0011745 323.6925  36.3513 15.21176164 75296 | 2021/04/05-20:00:35  334.0538    0.1237   36.4312   94.6636     6880.4287     6872.3477     6888.5098 -91.804951  32.702370  -0.000658   0.000973
1 44810U 19081G   21096.88623429  .00003175  00000-0  14534-3 0  9992 | 2 44810  97.4556 161.4355 0011652 319.6723  40.3647 15.21182872 75458 | 2021/04/06-21:16:10  352.9509    0.1236   40.4513   94.6632     6880.4085     6872.3914     6888.4255 -92.384581  31.027136  -0.000602   0.000998
1 44810U 19081G   21098.13605793  .00003472  00000-0  15862-3 0  9991 | 2 44810  97.4554 162.6728 0011566 314.9461  45.0836 15.21190916 75645 | 2021/04/08-03:15:55   82.8893    0.1237   45.1776   94.6627     6880.3842     6872.4264     6888.3421 -93.032827  29.024956  -0.000536   0.001025
1 44810U 19081G   21099.25431410  .00003368  00000-0  15394-3 0  9992 | 2 44810  97.4551 163.7798 0011489 310.5143  49.5091 15.21197916 75812 | 2021/04/09-06:06:12  125.4630    0.1236   49.6093   94.6622     6880.3631     6872.4583     6888.2680 -93.575926  27.222099  -0.000473   0.001047
1 44810U 19081G   21100.43834523  .00002916  00000-0  13367-3 0  9993 | 2 44810  97.4550 164.9522 0011443 305.7647  54.2524 15.21203881 75996 | 2021/04/10-10:31:13  191.7151    0.1236   54.3589   94.6619     6880.3451     6872.4720     6888.2183 -94.113226  25.301734  -0.000405   0.001070
1 44810U 19081G   21101.49081523  .00002400  00000-0  11060-3 0  9990 | 2 44810  97.4547 165.9941 0011398 301.5740  58.4382 15.21207717 76154 | 2021/04/11-11:46:46  210.6047    0.1236   58.5496   94.6616     6880.3336     6872.4914     6888.1758 -94.557451  23.586163  -0.000344   0.001087
1 44810U 19081G   21103.13529214  .00002657  00000-0  12208-3 0  9996 | 2 44810  97.4542 167.6222 0011313 295.1064  64.8997 15.21215902 76400 | 2021/04/13-03:14:49   82.6153    0.1236   65.0172   94.6611     6880.3089     6872.5252     6888.0926 -95.188917  20.889979  -0.000249   0.001103
1 44810U 19081G   21104.25352926  .00003320  00000-0  15169-3 0  9991 | 2 44810  97.4538 168.7292 0011287 290.4789  69.5235 15.21224315 76579 | 2021/04/14-06:05:04  125.1795    0.1236   69.6447   94.6606     6880.2835     6872.5178     6888.0493 -95.574344  19.046991  -0.000181   0.001114
1 44810U 19081G   21105.43754197  .00002905  00000-0  13312-3 0  9994 | 2 44810  97.4535 169.9014 0011291 285.7321  74.2669 15.21229690 76750 | 2021/04/15-10:30:03  191.4223    0.1236   74.3915   94.6603     6880.2673     6872.4988     6888.0358 -95.943698  17.087757  -0.000111   0.001124
1 44810U 19081G   21106.48999446  .00002041  00000-0  94450-4 0  9992 | 2 44810  97.4534 170.9434 0011260 281.3368  78.6602 15.21232270 76917 | 2021/04/16-11:45:35  210.3026    0.1235   78.7867   94.6601     6880.2595     6872.5124     6888.0067 -96.238480  15.340148  -0.000045   0.001125
1 44810U 19081G   21107.87132994  .00003155  00000-0  14421-3 0  9999 | 2 44810  97.4533 172.3109 0011256 275.8927  84.1025 15.21243519 77128 | 2021/04/17-20:54:42  347.5791    0.1235   84.2308   94.6594     6880.2256     6872.4812     6887.9700 -96.577065  13.039023   0.000035   0.001125
1 44810U 19081G   21109.44998262  .00004248  00000-0  19298-3 0  9993 | 2 44810  97.4530 173.8739 0011274 269.4812  90.5131 15.21261457 77368 | 2021/04/19-10:47:58  195.8880    0.1235   90.6423   94.6583     6880.1715     6872.4148     6887.9282 -96.896488  10.399893   0.000130   0.001120
1 44810U 19081G   21110.50241137  .00001825  00000-0  84729-4 0  9994 | 2 44810  97.4532 174.9158 0011313 265.2749  94.7194 15.21265481 77528 | 2021/04/20-12:03:28  214.7578    0.1235   94.8486   94.6580     6880.1594     6872.3759     6887.9429 -97.069774   8.636266   0.000193   0.001115
1 44810U 19081G   21111.81794431  .00001658  00000-0  77230-4 0  9992 | 2 44810  97.4532 176.2181 0011325 259.9944 100.0014 15.21270561 77728 | 2021/04/21-19:37:50  328.3425    0.1236  100.1292   94.6577     6880.1441     6872.3523     6887.9359 -97.240982   6.427885   0.000270   0.001100
1 44810U 19081G   21113.46235020  .00001993  00000-0  92152-4 0  9991 | 2 44810  97.4531 177.8459 0011418 253.7202 106.2778 15.21282016 77974 | 2021/04/23-11:05:47  200.3194    0.1235  106.4033   94.6570     6880.1096     6872.2538     6887.9653 -97.384235   3.662997   0.000361   0.001083
1 44810U 19081G   21114.51476549  .00001561  00000-0  72871-4 0  9998 | 2 44810  97.4529 178.8878 0011448 249.5083 110.4924 15.21285656 78132 | 2021/04/24-12:21:15  219.1816    0.1235  110.6152   94.6568     6880.0986     6872.2222     6887.9749 -97.434540   1.891593   0.000422   0.001064
1 44810U 19081G   21115.89605614  .00001900  00000-0  87977-4 0  9997 | 2 44810  97.4527 180.2552 0011515 244.0873 115.9176 15.21292781 78347 | 2021/04/25-21:30:19  356.4361    0.1235  116.0362   94.6563     6880.0771     6872.1547     6887.9995 -97.451733  -0.434061   0.000499   0.001038
1 44810U 19081G   21117.21155965  .00001845  00000-0  85505-4 0  9997 | 2 44810  97.4525 181.5575 0011632 239.3072 120.7018 15.21308166 78548 | 2021/04/27-05:04:38  110.0076    0.1235  120.8163   94.6554     6880.0307     6872.0279     6888.0336 -97.416496  -2.648774   0.000566   0.001016
1 44810U 19081G   21118.79015631  .00001791  00000-0  83049-4 0  9997 | 2 44810  97.4521 183.1198 0011707 232.6539 127.3631 15.21313558 78781 | 2021/04/28-18:57:49  318.2880    0.1235  127.4696   94.6550     6880.0145     6871.9600     6888.0689 -97.307668  -5.303721   0.000658   0.000968
1 44810U 19081G   21120.23719400  .00001640  00000-0  76298-4 0  9995 | 2 44810  97.4488 184.5494 0011612 220.0002 140.0379 15.21323166 79001 | 2021/04/30-05:41:33  119.1972    0.1235  140.1233   94.6544     6879.9855     6871.9965     6887.9745 -97.141770  -7.729503   0.000828   0.000815
1 44810U 19081G   21121.42113054  .00001562  00000-0  72822-4 0  9992 | 2 44810  97.4514 185.7246 0011931 222.3867 137.6448 15.21327386 79183 | 2021/05/01-10:06:25  185.4127    0.1235  137.7368   94.6542     6879.9728     6871.7643     6888.1813 -96.965394  -9.720482   0.000797   0.000888
1 44810U 19081G   21122.73661349  .00001309  00000-0  61515-4 0  9998 | 2 44810  97.4518 187.0268 0012019 217.6154 142.4242 15.21330513 79384 | 2021/05/02-17:40:43  298.9728    0.1235  142.5081   94.6540     6879.9633     6871.6943     6888.2324 -96.719843 -11.921629   0.000855   0.000845
1 44810U 19081G   21124.11786690  .00001220  00000-0  57553-4 0  9998 | 2 44810  97.4516 188.3941 0012139 212.4067 147.6425 15.21333753 79595 | 2021/05/04-02:49:43   76.2086    0.1236  147.7169   94.6538     6879.9536     6871.6020     6888.3051 -96.407637 -14.226097   0.000919   0.000793
1 44810U 19081G   21125.43334444  .00001066  00000-0  50683-4 0  9995 | 2 44810  97.4515 189.6962 0012250 207.4397 152.6193 15.21336058 79796 | 2021/05/05-10:24:00  189.7652    0.1235  152.6838   94.6536     6879.9466     6871.5187     6888.3746 -96.059370 -16.413172   0.000977   0.000740
1 44810U 19081G   21126.74881977  .00000931  00000-0  44621-4 0  9993 | 2 44810  97.4513 190.9983 0012385 202.6413 157.4278 15.21338238 79998 | 2021/05/06-17:58:18  303.3207    0.1235  157.4822   94.6535     6879.9400     6871.4192     6888.4609 -95.661397 -18.591746   0.001031   0.000686
1 44810U 19081G   21127.93274552  .00000909  00000-0  43660-4 0  9997 | 2 44810  97.4511 192.1702 0012508 198.3658 161.7127 15.21340700 80178 | 2021/05/07-22:23:09    9.5196    0.1234  161.7576   94.6534     6879.9326     6871.3272     6888.5380 -95.260952 -20.544291   0.001077   0.000636
1 44810U 19081G   21129.11666969  .00000857  00000-0  41311-4 0  9999 | 2 44810  97.4510 193.3420 0012634 194.1107 165.9778 15.21342901 80353 | 2021/05/09-02:48:00   75.7175    0.1235  166.0128   94.6532     6879.9260     6871.2339     6888.6181 -94.820795 -22.488090   0.001121   0.000582
1 44810U 19081G   21130.43213510  .00000866  00000-0  41707-4 0  9995 | 2 44810  97.4510 194.6442 0012748 189.6627 170.4366 15.21349804 80558 | 2021/05/10-10:22:16  189.2686    0.1235  170.4608   94.6528     6879.9052     6871.1347     6888.6757 -94.285248 -24.637153   0.001162   0.000525
1 44810U 19081G   21131.74759789  .00001257  00000-0  59118-4 0  9993 | 2 44810  97.4507 195.9461 0012886 184.8563 175.2550 15.21353863 80758 | 2021/05/11-17:56:32  302.8179    0.1235  175.2672   94.6525     6879.8929     6871.0275     6888.7584 -93.700853 -26.772918   0.001205   0.000458
1 44810U 19081G   21133.72078613  .00001295  00000-0  60835-4 0  9993 | 2 44810  97.4505 197.8991 0013110 177.8791 182.2502 15.21359628 81055 | 2021/05/13-17:17:55  293.1395    0.1234  182.2443   94.6522     6879.8756     6870.8560     6888.8951 -92.733821 -29.950599   0.001262   0.000356
1 44810U 19081G   21134.90469532  .00001227  00000-0  57799-4 0  9998 | 2 44810  97.4505 199.0709 0013235 173.8539 186.2861 15.21362456 81235 | 2021/05/14-21:42:45  359.3312    0.1234  186.2695   94.6520     6879.8670     6870.7615     6888.9725 -92.101927 -31.840774   0.001290   0.000296
1 44810U 19081G   21136.15437402  .00001236  00000-0  58177-4 0  9999 | 2 44810  97.4503 200.3077 0013359 169.6256 190.5258 15.21366158 81425 | 2021/05/16-03:42:17   89.1991    0.1235  190.4979   94.6518     6879.8559     6870.6651     6889.0467 -91.393014 -33.821266   0.001316   0.000230
1 44810U 19081G   21137.66713878  .00001181  00000-0  55695-4 0  9991 | 2 44810  97.4503 201.8050 0013515 164.5905 195.5745 15.21370523 81653 | 2021/05/17-16:00:40  273.7746    0.1235  195.5330   94.6515     6879.8427     6870.5446     6889.1408 -90.478064 -36.197803   0.001343   0.000151
1 44810U 19081G   21138.71949371  .00001307  00000-0  61319-4 0  9997 | 2 44810  97.4502 202.8465 0013616 161.1331 199.0412 15.21374631 81813 | 2021/05/18-17:16:04  292.6088    0.1235  198.9904   94.6512     6879.8303     6870.4628     6889.1979 -89.805071 -37.836368   0.001358   0.000094
1 44810U 19081G   21140.16647840  .00001348  00000-0  63145-4 0  9999 | 2 44810  97.4502 204.2787 0013735 156.2426 203.9446 15.21379338 82034 | 2021/05/20-03:59:43   93.5044    0.1234  203.8808   94.6510     6879.8161     6870.3667     6889.2656 -88.831334 -40.069136   0.001373   0.000012
1 44810U 19081G   21141.21882742  .00001662  00000-0  77068-4 0  9996 | 2 44810  97.4500 205.3202 0013824 152.7569 207.4395 15.21384421 82192 | 2021/05/21-05:15:06  112.3366    0.1235  207.3666   94.6506     6879.8008     6870.2902     6889.3115 -88.088156 -41.677082   0.001382  -0.000046
1 44810U 19081G   21142.40271674  .00001356  00000-0  63452-4 0  9996 | 2 44810  97.4518 206.4953 0014218 148.3748 211.8345 15.21387580 82377 | 2021/05/22-09:39:54  178.5157    0.1235  211.7487   94.6504     6879.7913     6870.0096     6889.5730 -87.216531 -43.475626   0.001416  -0.000127
1 44810U 19081G   21143.45505583  .00001329  00000-0  62255-4 0  9991 | 2 44810  97.4497 207.5332 0013998 145.7545 214.4596 15.21396478 82537 | 2021/05/23-10:55:16  197.3523    0.1235  214.3690   94.6499     6879.7645     6870.1342     6889.3948 -86.412851 -45.047343   0.001390  -0.000164
1 44810U 19081G   21145.42818079  .00001264  00000-0  59306-4 0  9998 | 2 44810  97.4499 209.4867 0014049 139.4416 220.7870 15.21408904 82834 | 2021/05/25-10:16:34  187.6541    0.1236  220.6820   94.6491     6879.7270     6870.0617     6889.3923 -84.827212 -47.966937   0.001379  -0.000270
1 44810U 19081G   21146.74359287  .00001055  00000-0  50023-4 0  9990 | 2 44810  97.4495 210.7881 0014264 134.9730 225.2665 15.21411434 83036 | 2021/05/26-17:50:46  301.1866    0.1235  225.1505   94.6490     6879.7194     6869.9062     6889.5326 -83.715574 -49.880935   0.001383  -0.000351
1 44810U 19081G   21147.79591849  .00001545  00000-0  71807-4 0  9995 | 2 44810  97.4494 211.8295 0014308 131.8138 228.4322 15.21417008 83198 | 2021/05/27-19:06:07  320.0132    0.1235  228.3097   94.6486     6879.7026     6869.8591     6889.5461 -82.795083 -51.394162   0.001373  -0.000403
1 44810U 19081G   21149.44016613  .00001317  00000-0  61624-4 0  9993 | 2 44810  97.4496 213.4571 0014402 126.5406 233.7158 15.21429447 83443 | 2021/05/29-10:33:50  191.9250    0.1235  233.5829   94.6478     6879.6651     6869.7570     6889.5732 -81.302089 -53.725179   0.001353  -0.000493
1 44810U 19081G   21150.55825019  .00001237  00000-0  58083-4 0  9991 | 2 44810  97.4494 214.5638 0014467 123.0417 237.2211 15.21432779 83612 | 2021/05/30-13:23:52  234.4242    0.1236  237.0819   94.6476     6879.6550     6869.7022     6889.6078 -80.249091 -55.285341   0.001338  -0.000551
1 44810U 19081G   21151.87364072  .00001118  00000-0  52777-4 0  9996 | 2 44810  97.4493 215.8655 0014525 118.9226 241.3469 15.21435738 83811 | 2021/05/31-20:58:02  347.9529    0.1236  241.2010   94.6474     6879.6461     6869.6534     6889.6388 -78.972384 -57.094034   0.001314  -0.000619
1 44810U 19081G   21153.45210544  .00001177  00000-0  55386-4 0  9990 | 2 44810  97.4492 217.4277 0014589 113.9781 246.2984 15.21440281 84051 | 2021/06/02-10:51:01  196.1868    0.1235  246.1454   94.6472     6879.6324     6869.5957     6889.6691 -77.386445 -59.225710   0.001281  -0.000698
1 44810U 19081G   21155.09633596  .00001091  00000-0  51564-4 0  9997 | 2 44810  97.4491 219.0550 0014643 108.8519 251.4306 15.21443573 84306 | 2021/06/04-02:18:43   68.0971    0.1235  251.2716   94.6470     6879.6225     6869.5487     6889.6963 -75.673270 -61.399375   0.001241  -0.000778
1 44810U 19081G   21156.34594823  .00001104  00000-0  52123-4 0  9992 | 2 44810  97.4491 220.2917 0014670 105.0017 255.2844 15.21446332 84494 | 2021/06/05-08:18:09  157.9489    0.1236  255.1219   94.6468     6879.6142     6869.5218     6889.7066 -74.330472 -63.018315   0.001206  -0.000835
1 44810U 19081G   21157.66132603  .00001232  00000-0  57832-4 0  9996 | 2 44810  97.4491 221.5935 0014635 101.0564 259.2319 15.21450216 84691 | 2021/06/06-15:52:18  271.4774    0.1236  259.0672   94.6465     6879.6025     6869.5342     6889.6708 -72.879590 -64.690744   0.001163  -0.000888
1 44810U 19081G   21158.71362124  .00001283  00000-0  60096-4 0  9998 | 2 44810  97.4490 222.6351 0014666  97.7972 262.4930 15.21456883 84851 | 2021/06/07-17:07:36  290.2974    0.1236  262.3264   94.6461     6879.5824     6869.4928     6889.6720 -71.691503 -66.004818   0.001131  -0.000934
1 44810U 19081G   21159.89745259  .00001640  00000-0  75910-4 0  9990 | 2 44810  97.4489 223.8065 0014695  94.0721 266.2195 15.21460768 85031 | 2021/06/08-21:32:19  356.4707    0.1236  266.0515   94.6459     6879.5707     6869.4611     6889.6802 -70.327088 -67.456570   0.001090  -0.000986
1 44810U 19081G   21161.54165868  .00001224  00000-0  57434-4 0  9996 | 2 44810  97.4489 225.4337 0014667  88.9267 271.3650 15.21464706 85283 | 2021/06/10-12:59:59  228.3782    0.1237  271.1970   94.6456     6879.5588     6869.4685     6889.6490 -68.383220 -69.426388   0.001025  -0.001049
1 44810U 19081G   21162.85701949  .00001131  00000-0  53314-4 0  9997 | 2 44810  97.4488 226.7354 0014654  84.9038 275.3870 15.21468342 85483 | 2021/06/11-20:34:06  341.9038    0.1236  275.2198   94.6454     6879.5478     6869.4665     6889.6291 -66.788345 -70.961860   0.000974  -0.001095
1 44810U 19081G   21164.43544822  .00001120  00000-0  52821-4 0  9998 | 2 44810  97.4487 228.2974 0014633  80.0315 280.2571 15.21472588 85726 | 2021/06/13-10:27:02  190.1341    0.1235  280.0920   94.6451     6879.5350     6869.4682     6889.6019 -64.829135 -72.755978   0.000908  -0.001148
1 44810U 19081G   21165.81656899  .00001154  00000-0  54311-4 0  9992 | 2 44810  97.4486 229.6643 0014571  75.6931 284.5921 15.21476653 85934 | 2021/06/14-19:35:51  327.3354    0.1235  284.4304   94.6449     6879.5228     6869.4986     6889.5469 -63.075054 -74.281674   0.000843  -0.001188
1 44810U 19081G   21166.86884909  .00001178  00000-0  55385-4 0  9991 | 2 44810  97.4486 230.7057 0014526  72.4212 287.8609 15.21479793 86098 | 2021/06/15-20:51:08  346.1551    0.1236  287.7024   94.6447     6879.5133     6869.5201     6889.5065 -61.714577 -75.415785   0.000794  -0.001216
1 44810U 19081G   21168.38149727  .00001305  00000-0  60993-4 0  9995 | 2 44810  97.4485 232.2028 0014472  67.6834 292.5934 15.21485116 86324 | 2021/06/17-09:09:21  170.7076    0.1236  292.4402   94.6444     6879.4973     6869.5413     6889.4533 -59.723110 -77.002339   0.000721  -0.001255
1 44810U 19081G   21170.42026991  .00001267  00000-0  59311-4 0  9999 | 2 44810  97.4481 234.2208 0014447  61.1427 299.1257 15.21501028 86637 | 2021/06/19-10:05:11  184.6656    0.1237  298.9810   94.6434     6879.4493     6869.5106     6889.3880 -56.974318 -79.057317   0.000619  -0.001305
1 44810U 19081G   21172.13019029  .00004358  00000-0  19622-3 0  9997 | 2 44810  97.4483 235.9126 0014263  55.6355 304.6227 15.21516743 86897 | 2021/06/21-03:07:28   80.2407    0.1236  304.4881   94.6424     6879.4019     6869.5898     6889.2140 -54.615570 -80.705084   0.000524  -0.001327
1 44810U 19081G   21173.44550242  .00004096  00000-0  18455-3 0  9991 | 2 44810  97.4485 237.2142 0014123  51.8418 308.4087 15.21526959 87094 | 2021/06/22-10:41:31  193.7556    0.1235  308.2817   94.6418     6879.3711     6869.6554     6889.0869 -52.768350 -81.925035   0.000461  -0.001335
1 44810U 19081G   21174.76080736  .00003042  00000-0  13788-3 0  9997 | 2 44810  97.4483 238.5160 0013999  47.4728 312.7687 15.21534292 87296 | 2021/06/23-18:15:33  307.2690    0.1236  312.6508   94.6413     6879.3490     6869.7186     6888.9794 -50.893392 -83.102550   0.000386  -0.001346
1 44810U 19081G   21175.87881516  .00002587  00000-0  11770-3 0  9997 | 2 44810  97.4482 239.6225 0013938  44.0096 316.2247 15.21535725 87465 | 2021/06/24-21:05:29  349.7545    0.1237  316.1141   94.6412     6879.3447     6869.7563     6888.9331 -49.279069 -84.069763   0.000329  -0.001355
1 44810U 19081G   21177.39141001  .00001368  00000-0  63700-4 0  9991 | 2 44810  97.4482 241.1196 0013804  38.9653 321.2575 15.21538614 87698 | 2021/06/26-09:23:37  174.2940    0.1237  321.1584   94.6410     6879.3360     6869.8398     6888.8322 -47.065812 -85.328548   0.000242  -0.001359
1 44810U 19081G   21178.44364718  .00001294  00000-0  60449-4 0  9995 | 2 44810  97.4481 242.1609 0013725  35.4900 324.7246 15.21541394 87856 | 2021/06/27-10:38:51  193.1034    0.1236  324.6336   94.6409     6879.3276     6869.8858     6888.7695 -45.507307 -86.169700   0.000183  -0.001360
1 44810U 19081G   21179.69317653  .00001264  00000-0  59109-4 0  9997 | 2 44810  97.4480 243.3975 0013613  31.4065 328.7981 15.21544546 88042 | 2021/06/28-16:38:10  282.9389    0.1237  328.7172   94.6407     6879.3181     6869.9533     6888.6829 -43.637029 -87.131638   0.000114  -0.001357
1 44810U 19081G   21180.74540960  .00001358  00000-0  63260-4 0  9991 | 2 44810  97.4479 244.4389 0013518  27.9213 332.2746 15.21547749 88205 | 2021/06/29-17:53:23  301.7473    0.1237  332.2024   94.6405     6879.3085     6870.0090     6888.6079 -42.046173 -87.910253   0.000056  -0.001351
1 44810U 19081G   21181.86340441  .00001446  00000-0  67145-4 0  9991 | 2 44810  97.4478 245.5453 0013401  24.1781 336.0081 15.21551409 88378 | 2021/06/30-20:43:18  344.2306    0.1237  335.9456   94.6402     6879.2974     6870.0785     6888.5164 -40.340823 -88.705646  -0.000006  -0.001340
1 44810U 19081G   21183.44174605  .00001502  00000-0  69656-4 0  9996 | 2 44810  97.4478 247.1073 0013242  18.8882 341.2842 15.21556294 88616 | 2021/07/02-10:36:06  192.4411    0.1236  341.2354   94.6399     6879.2827     6870.1732     6888.3923 -37.907835 -89.772322  -0.000092  -0.001321
1 44810U 19081G   21184.49396902  .00001532  00000-0  70941-4 0  9990 | 2 44810  97.4481 248.1487 0013180  15.4052 344.7582 15.21563679 88774 | 2021/07/03-11:51:18  211.2461    0.1236  344.7184   94.6395     6879.2605     6870.1936     6888.3273 -36.270086 -90.446741  -0.000148  -0.001310
1 44810U 19081G   21185.74347354  .00002098  00000-0  95980-4 0  9994 | 2 44810  97.4478 249.3853 0012961  10.9995 349.1521 15.21577589 88960 | 2021/07/04-17:50:36  301.0745    0.1236  349.1241   94.6386     6879.2185     6870.3024     6888.1347 -34.309596 -91.208143  -0.000216  -0.001278
1 44810U 19081G   21187.12449340  .00005585  00000-0  25014-3 0  9990 | 2 44810  97.4478 250.7519 0012816   6.2479 353.8914 15.21593583 89173 | 2021/07/06-02:59:16   78.2486    0.1236  353.8757   94.6376     6879.1703     6870.3540     6887.9867 -32.124577 -92.000463  -0.000288  -0.001249
1 44810U 19081G   21188.43973917  .00003810  00000-0  17161-3 0  9990 | 2 44810  97.4478 252.0535 0012668   1.5119 358.6152 15.21602411 89370 | 2021/07/07-10:33:13  191.7440    0.1236  358.6117   94.6371     6879.1437     6870.4292     6887.8582 -30.026475 -92.706443  -0.000358  -0.001215
1 44810U 19081G   21189.75498117  .00002125  00000-0  97126-4 0  9998 | 2 44810  97.4477 253.3553 0012528 356.7757   3.3396 15.21605496 89573 | 2021/07/08-18:07:10  305.2375    0.1237    3.3480   94.6369     6879.1344     6870.5162     6887.7526 -27.912522 -93.364583  -0.000426  -0.001178
1 44810U 19081G   21191.13598225  .00001482  00000-0  68667-4 0  9997 | 2 44810  97.4475 254.7221 0012392 351.8927   8.2107 15.21607477 89780 | 2021/07/10-03:15:48   82.4042    0.1237    8.2310   94.6368     6879.1285     6870.6038     6887.6531 -25.677512 -94.003620  -0.000492  -0.001137
1 44810U 19081G   21192.45121914  .00001046  00000-0  49379-4 0  9995 | 2 44810  97.4476 256.0238 0012267 346.9515  13.1402 15.21609552 89984 | 2021/07/11-10:49:45  195.8958    0.1237   13.1722   94.6366     6879.1222     6870.6836     6887.5608 -23.535430 -94.562774  -0.000557  -0.001093
1 44810U 19081G   21193.76645399  .00001032  00000-0  48783-4 0  9991 | 2 44810  97.4474 257.3254 0012135 342.1946  17.8863 15.21612853 90188 | 2021/07/12-18:23:41  309.3859    0.1237   17.9291   94.6364     6879.1122     6870.7644     6887.4600 -21.381296 -95.072793  -0.000616  -0.001046
1 44810U 19081G   21195.14744833  .00000905  00000-0  43144-4 0  9992 | 2 44810  97.4472 258.6920 0012001 337.0971  22.9728 15.21615044 90398 | 2021/07/14-03:32:19   86.5494    0.1236   23.0265   94.6363     6879.1056     6870.8500     6887.3613 -19.107745 -95.555486  -0.000675  -0.000992
1 44810U 19081G   21196.72572502  .00000816  00000-0  39219-4 0  9998 | 2 44810  97.4471 260.2539 0011848 331.2005  28.8575 15.21617645 90635 | 2021/07/15-17:25:02  294.7347    0.1236   28.9231   94.6361     6879.0978     6870.9474     6887.2482 -16.496081 -96.040703  -0.000738  -0.000927
1 44810U 19081G   21198.10671413  .00000880  00000-0  42042-4 0  9992 | 2 44810  97.4470 261.6207 0011732 325.9889  34.0593 15.21620804 90846 | 2021/07/17-02:33:40   71.8949    0.1236   34.1347   94.6359     6879.0883     6871.0177     6887.1588 -14.200524 -96.406758  -0.000791  -0.000866
1 44810U 19081G   21199.15889419  .00000966  00000-0  45836-4 0  9994 | 2 44810  97.4468 262.6617 0011654 322.0461  37.9952 15.21623525 91009 | 2021/07/18-03:48:48   90.6827    0.1236   38.0775   94.6358     6879.0801     6871.0632     6887.0970 -12.446648 -96.648641  -0.000828  -0.000820
1 44810U 19081G   21200.73714022  .00000987  00000-0  46757-4 0  9994 | 2 44810  97.4480 264.2236 0011722 305.5398  54.4744 15.21640541 91245 | 2021/07/19-17:41:28  298.8721    0.1236   54.5838   94.6347     6879.0288     6870.9652     6887.0924  -9.807800 -96.953183  -0.001018  -0.000582
1 44810U 19081G   21202.44690969  .00001264  00000-0  58942-4 0  9995 | 2 44810  97.4468 265.9159 0011393 308.8006  51.2212 15.21657407 91502 | 2021/07/21-10:43:32  194.3744    0.1237   51.3231   94.6337     6878.9780     6871.1407     6886.8152  -6.940224 -97.199342  -0.000936  -0.000649
1 44810U 19081G   21203.69633873  .00006712  00000-0  29932-3 0  9993 | 2 44810  97.4470 267.1524 0011343 303.9010  56.1147 15.21676402 91698 | 2021/07/22-16:42:43  284.1700    0.1237   56.2227   94.6325     6878.9207     6871.1180     6886.7235  -4.841122 -97.326673  -0.000972  -0.000585
1 44810U 19081G   21204.87999624  .00006708  00000-0  29904-3 0  9997 | 2 44810  97.4468 268.3240 0011282 299.1848  60.8259 15.21690056 91877 | 2021/07/23-21:07:11  350.2867    0.1237   60.9389   94.6316     6878.8796     6871.1188     6886.6403  -2.850080 -97.405112  -0.001001  -0.000521
1 44810U 19081G   21206.12940563  .00001729  00000-0  79426-4 0  9998 | 2 44810  97.4466 269.5605 0011295 294.2131  65.7924 15.21691760 92066 | 2021/07/25-03:06:20   80.0743    0.1236   65.9105   94.6315     6878.8744     6871.1047     6886.6441  -0.747478 -97.443733  -0.001034  -0.000455
1 44810U 19081G   21207.44457145  .00001525  00000-0  70407-4 0  9997 | 2 44810  97.4466 270.8621 0011251 288.9163  71.0853 15.21695176 92264 | 2021/07/26-10:40:10  193.5326    0.1236   71.2073   94.6313     6878.8641     6871.1247     6886.6036   1.466173 -97.435569  -0.001059  -0.000381
1 44810U 19081G   21208.75973380  .00001415  00000-0  65582-4 0  9992 | 2 44810  97.4463 272.1636 0011235 283.6137  76.3847 15.21698751 92462 | 2021/07/27-18:14:01  306.9890    0.1236   76.5099   94.6311     6878.8534     6871.1250     6886.5818   3.678887 -97.376831  -0.001081  -0.000305
1 44810U 19081G   21210.14065046  .00001435  00000-0  66432-4 0  9996 | 2 44810  97.4461 273.5302 0011231 278.0495  81.9466 15.21703151 92679 | 2021/07/29-03:22:32   84.1158    0.1236   82.0741   94.6308     6878.8401     6871.1145     6886.5657   6.000208 -97.261194  -0.001100  -0.000225
1 44810U 19081G   21211.45580587  .00001395  00000-0  64674-4 0  9994 | 2 44810  97.4460 274.8317 0011219 272.7180  87.2772 15.21707000 92874 | 2021/07/30-10:56:21  197.5674    0.1236   87.4056   94.6306     6878.8285     6871.1111     6886.5459   8.207795 -97.099717  -0.001112  -0.000147
1 44810U 19081G   21212.57368571  .00001348  00000-0  62575-4 0  9991 | 2 44810  97.4459 275.9379 0011212 268.1951  91.8001 15.21710090 93049 | 2021/07/31-13:46:06  239.9998    0.1236   91.9285   94.6304     6878.8192     6871.1067     6886.5317  10.080826 -96.923064  -0.001118  -0.000081
1 44810U 19081G   21213.88883637  .00001202  00000-0  56141-4 0  9992 | 2 44810  97.4458 277.2394 0011229 262.9194  97.0765 15.21712843 93244 | 2021/08/01-21:19:55  353.4481    0.1236   97.2042   94.6302     6878.8109     6871.0867     6886.5351  12.279675 -96.668989  -0.001123  -0.000003
1 44810U 19081G   21215.13822690  .00001124  00000-0  52695-4 0  9997 | 2 44810  97.4457 278.4758 0011258 257.9254 102.0721 15.21715766 93430 | 2021/08/03-03:19:02   83.2222    0.1236  102.1982   94.6300     6878.8021     6871.0579     6886.5462  14.362684 -96.381418  -0.001124   0.000071
1 44810U 19081G   21216.71640032  .00001212  00000-0  56579-4 0  9993 | 2 44810  97.4458 280.0375 0011307 251.5622 108.4385 15.21720547 93674 | 2021/08/04-17:11:36  291.3552    0.1236  108.5614   94.6297     6878.7877     6871.0098     6886.5655  16.984091 -95.954284  -0.001119   0.000165
1 44810U 19081G   21218.16305654  .00002801  00000-0  12660-3 0  9999 | 2 44810  97.4433 281.4675 0011500 244.9201 115.1160 15.21730885 93895 | 2021/08/06-03:54:48   92.1120    0.1553  115.2352   94.6291     6878.7565     6870.8460     6886.6671  19.372903 -95.498101  -0.001118   0.000271
1 44810U 19081G   21219.41242610  .00000957  00000-0  45283-4 0  9998 | 2 44810  97.4452 282.7053 0011406 240.2805 119.7297 15.21740782 94084 | 2021/08/07-09:53:53  181.9045    0.1236  119.8431   94.6285     6878.7267     6870.8808     6886.5726  21.431751 -95.059177  -0.001091   0.000334
1 44810U 19081G   21220.59603280  .00001151  00000-0  53830-4 0  9997 | 2 44810  97.4452 283.8761 0011536 236.0836 123.9303 15.21752837 94262 | 2021/08/08-14:18:17  247.9951    0.1235  124.0399   94.6277     6878.6904     6870.7551     6886.6256  23.369610 -94.601418  -0.001084   0.000395
1 44810U 19081G   21222.17416599  .00004167  00000-0  18653-3 0  9991 | 2 44810  97.4426 285.4387 0011849 233.1513 126.8888 15.21768469 94507 | 2021/08/10-04:10:47   96.0897    0.1486  126.9973   94.6267     6878.6433     6870.4928     6886.7938  25.939926 -93.926463  -0.001103   0.000433
1 44810U 19081G   21223.42350964  .00001026  00000-0  48291-4 0  9996 | 2 44810  97.4454 286.6753 0011682 225.0354 134.9936 15.21770883 94693 | 2021/08/11-10:09:51  185.8593    0.1236  135.0882   94.6266     6878.6360     6870.6004     6886.6716  27.961722 -93.347459  -0.001029   0.000554
1 44810U 19081G   21225.52766729  .00001088  00000-0  51011-4 0  9991 | 2 44810  97.4449 288.7571 0011934 217.5101 142.5303 15.21775726 95015 | 2021/08/13-12:39:50  223.3368    0.1235  142.6134   94.6263     6878.6214     6870.4125     6886.8303  31.334071 -92.269630  -0.000992   0.000663
1 44810U 19081G   21226.90851777  .00000985  00000-0  46443-4 0  9990 | 2 44810  97.4447 290.1235 0012083 212.2820 147.7677 15.21778160 95222 | 2021/08/14-21:48:15    0.4284    0.1235  147.8415   94.6261     6878.6141     6870.3026     6886.9255  33.525346 -91.496015  -0.000957   0.000737
1 44810U 19081G   21228.09210205  .00000977  00000-0  46101-4 0  9999 | 2 44810  97.4446 291.2947 0012189 207.8823 152.1761 15.21780536 95407 | 2021/08/16-02:12:37   66.5054    0.1235  152.2412   94.6260     6878.6069     6870.2226     6886.9912  35.388473 -90.791553  -0.000922   0.000797
1 44810U 19081G   21229.14417533  .00001000  00000-0  47098-4 0  9993 | 2 44810  97.4445 292.3357 0012286 203.9565 156.1100 15.21782828 95565 | 2021/08/17-03:27:36   85.2396    0.1234  156.1669   94.6259     6878.6000     6870.1489     6887.0510  37.032084 -90.133542  -0.000888   0.000849
1 44810U 19081G   21230.45926463  .00001052  00000-0  49404-4 0  9996 | 2 44810  97.4444 293.6369 0012420 199.1463 160.9308 15.21785935 95761 | 2021/08/18-11:01:20  198.6562    0.1235  160.9772   94.6257     6878.5906     6870.0474     6887.1338  39.069271 -89.269273  -0.000844   0.000912
1 44810U 19081G   21231.64284257  .00001123  00000-0  52530-4 0  9999 | 2 44810  97.4444 294.8081 0012545 194.9067 165.1801 15.21789061 95945 | 2021/08/19-15:25:41  264.7300    0.1235  165.2168   94.6255     6878.5812     6869.9520     6887.2104  40.885762 -88.452053  -0.000802   0.000965
1 44810U 19081G   21233.15518768  .00001356  00000-0  62748-4 0  9994 | 2 44810  97.4442 296.3045 0012675 189.5159 170.5839 15.21794272 96173 | 2021/08/21-03:43:28   89.1554    0.1235  170.6076   94.6251     6878.5655     6869.8469     6887.2841  43.181579 -87.354012  -0.000742   0.001028
1 44810U 19081G   21234.20724643  .00001372  00000-0  63439-4 0  9998 | 2 44810  97.4444 297.3460 0012720 186.4693 173.6381 15.21804450 96331 | 2021/08/22-04:58:26  107.8844    0.1235  173.6542   94.6245     6878.5348     6869.7853     6887.2843  44.762336 -86.554863  -0.000708   0.001057
1 44810U 19081G   21235.71957122  .00001295  00000-0  60035-4 0  9998 | 2 44810  97.4441 298.8421 0012952 180.6104 179.5119 15.21816434 96565 | 2021/08/23-17:16:10  292.3010    0.1236  179.5132   94.6238     6878.4987     6869.5897     6887.4078  47.006784 -85.356399  -0.000637   0.001128
1 44810U 19081G   21237.10038065  .00001060  00000-0  49673-4 0  9994 | 2 44810  97.4435 300.2082 0013109 175.9109 184.2237 15.21825175 96775 | 2021/08/25-02:24:32   69.3750    0.1236  184.2127   94.6232     6878.4724     6869.4554     6887.4894  49.028077 -84.210946  -0.000577   0.001177
1 44810U 19081G   21238.41543207  .00001566  00000-0  71892-4 0  9997 | 2 44810  97.4435 301.5091 0013204 171.3552 188.7914 15.21831331 96971 | 2021/08/26-09:58:13  182.7768    0.1235  188.7683   94.6228     6878.4538     6869.3715     6887.5362  50.927284 -83.076154  -0.000513   0.001217
1 44810U 19081G   21239.53322318  .00001613  00000-0  73941-4 0  9999 | 2 44810  97.4433 302.6150 0013310 167.5857 192.5709 15.21834792 97149 | 2021/08/27-12:47:50  225.1674    0.1235  192.5378   94.6226     6878.4434     6869.2882     6887.5986  52.521093 -82.077594  -0.000460   0.001249
1 44810U 19081G   21240.71675906  .00003338  00000-0  14962-3 0  9998 | 2 44810  97.4431 303.7859 0013399 163.5874 196.5798 15.21849078 97322 | 2021/08/28-17:12:07  291.2254    0.1235  196.5361   94.6217     6878.4004     6869.1840     6887.6167  54.187241 -80.987040  -0.000400   0.001279
1 44810U 19081G   21241.90029539  .00003904  00000-0  17442-3 0  9990 | 2 44810  97.4426 304.9569 0013556 159.6207 200.5572 15.21852179 97500 | 2021/08/29-21:36:25  357.2833    0.1234  200.5027   94.6215     6878.3910     6869.0667     6887.7154  55.830720 -79.862326  -0.000341   0.001312
1 44810U 19081G   21243.21532948  .00002332  00000-0  10545-3 0  9990 | 2 44810  97.4427 306.2578 0013691 155.2786 204.9109 15.21853455 97704 | 2021/08/31-05:10:04  110.6792    0.1235  204.8449   94.6215     6878.3872     6868.9700     6887.8044  57.629506 -78.574295  -0.000274   0.001341
1 44810U 19081G   21244.33310349  .00002222  00000-0  10060-3 0  9993 | 2 44810  97.4432 307.3644 0013679 151.5488 208.6497 15.21861198 97872 | 2021/09/01-07:59:40  153.0640    0.1235  208.5747   94.6210     6878.3638     6868.9549     6887.7728  59.136536 -77.447061  -0.000212   0.001351
1 44810U 19081G   21245.45086782  .00002001  00000-0  90890-4 0  9993 | 2 44810  97.4427 308.4697 0013899 148.3703 211.8371 15.21871645 98049 | 2021/09/02-10:49:14  195.4467    0.1235  211.7532   94.6203     6878.3324     6868.7722     6887.8926  60.619170 -76.291520  -0.000166   0.001380
1 44810U 19081G   21246.63437404  .00001814  00000-0  82650-4 0  9991 | 2 44810  97.4423 309.6400 0013983 144.1359 216.0819 15.21882497 98226 | 2021/09/03-15:13:29  261.4947    0.1236  215.9877   94.6197     6878.2997     6868.6817     6887.9176  62.164461 -75.037202  -0.000092   0.001395
1 44810U 19081G   21248.21237072  .00001820  00000-0  82856-4 0  9991 | 2 44810  97.4421 311.2015 0014095 139.0350 221.1947 15.21894293 98466 | 2021/09/05-05:05:48  109.5555    0.1235  221.0885   94.6189     6878.2641     6868.5692     6887.9590  64.186004 -73.315208  -0.000006   0.001409
1 44810U 19081G   21250.51358074  .00001295  00000-0  59819-4 0  9992 | 2 44810  97.4421 313.4783 0014209 132.0506 228.1942 15.21921891 98811 | 2021/09/07-12:19:33  217.9674    0.1236  228.0730   94.6172     6878.1810     6868.4078     6887.9542  67.047941 -70.707401   0.000111   0.001417
1 44810U 19081G   21251.56555058  .00001378  00000-0  63430-4 0  9995 | 2 44810  97.4419 314.5190 0014282 128.7010 231.5505 15.21934482 98975 | 2021/09/08-13:34:23  236.6660    0.1235  231.4225   94.6164     6878.1430     6868.3197     6887.9664  68.320974 -69.477827   0.000169   0.001418
1 44810U 19081G   21253.34072872  .00001768  00000-0  80446-4 0  9990 | 2 44810  97.4415 316.2753 0014229 123.0388 237.2217 15.21958186 99243 | 2021/09/10-08:10:38  155.7145    0.1235  237.0847   94.6150     6878.0716     6868.2848     6887.8584  70.417975 -67.350982   0.000264   0.001398
1 44810U 19081G   21254.52416943  .00003063  00000-0  13704-3 0  9994 | 2 44810  97.4409 317.4462 0014354 119.4688 240.7982 15.21967426 99422 | 2021/09/11-12:34:48  221.7422    0.1235  240.6547   94.6144     6878.0438     6868.1710     6887.9165  71.779122 -65.897547   0.000325   0.001398
1 44810U 19081G   21255.90483798  .00004111  00000-0  18273-3 0  9990 | 2 44810  97.4406 318.8120 0014396 115.2660 245.0070 15.21984585 99639 | 2021/09/12-21:42:58  358.7720    0.1236  244.8576   94.6133     6877.9921     6868.0905     6887.8936  73.329201 -64.167740   0.000395   0.001384
1 44810U 19081G   21257.28549510  .00003663  00000-0  16314-3 0  9993 | 2 44810  97.4408 320.1777 0014408 110.8009 249.4772 15.21994669 99841 | 2021/09/14-06:51:06  135.7986    0.1236  249.3227   94.6127     6877.9617     6868.0519     6887.8715  74.837879 -62.401933   0.000470   0.001362
1 44810U 19081G   21258.33741608  .00004334  00000-0  19239-3 0  9997 | 2 44810  97.4408 321.2180 0014465 107.5942 252.6875 15.22005127100007 | 2021/09/15-08:05:52  154.4831    0.1235  252.5293   94.6120     6877.9302     6867.9813     6887.8791  75.958493 -61.032917   0.000523   0.001349
1 44810U 19081G   21259.38933361  .00002211  00000-0  99643-4 0  9992 | 2 44810  97.4408 322.2587 0014456 104.4113 255.8728 15.22008109100167 | 2021/09/16-09:20:38  173.1671    0.1235  255.7122   94.6118     6877.9212     6867.9785     6887.8639  77.054482 -59.643242   0.000572   0.001327
1 44810U 19081G   21260.70422741  .00001870  00000-0  84749-4 0  9996 | 2 44810  97.4405 323.5595 0014431 100.2353 260.0511 15.22011991100363 | 2021/09/17-16:54:05  286.5218    0.1236  259.8883   94.6116     6877.9095     6867.9840     6887.8350  78.388362 -57.878457   0.000637   0.001295
1 44810U 19081G   21261.75613902  .00001493  00000-0  68273-4 0  9998 | 2 44810  97.4404 324.6000 0014448  96.9568 263.3312 15.22014466100525 | 2021/09/18-18:08:50  305.2047    0.1236  263.1668   94.6115     6877.9021     6867.9649     6887.8393  79.426378 -56.445389   0.000688   0.001270
1 44810U 19081G   21263.13676992  .00001500  00000-0  68588-4 0  9998 | 2 44810  97.4402 325.9658 0014444  92.6645 267.6245 15.22019246100737 | 2021/09/20-03:16:56   82.2258    0.1236  267.4591   94.6112     6877.8877     6867.9532     6887.8221  80.749049 -54.536077   0.000752   0.001233
1 44810U 19081G   21264.45165202  .00001669  00000-0  75967-4 0  9996 | 2 44810  97.4400 327.2664 0014440  88.5715 271.7175 15.22024616100932 | 2021/09/21-10:50:22  195.5788    0.1236  271.5521   94.6108     6877.8715     6867.9398     6887.8031  81.965926 -52.689093   0.000811   0.001195
1 44810U 19081G   21265.89801073  .00002765  00000-0  12374-3 0  9998 | 2 44810  97.4397 328.6971 0014420  84.0706 276.2173 15.22037563101150 | 2021/09/22-21:33:08  356.2639    0.1236  276.0530   94.6100     6877.8325     6867.9147     6887.7503  83.255650 -50.626000   0.000872   0.001148
1 44810U 19081G   21267.14713133  .00004314  00000-0  19126-3 0  9991 | 2 44810  97.4392 329.9330 0014376  80.3002 279.9857 15.22050369101345 | 2021/09/24-03:31:52   85.9446    0.1236  279.8234   94.6092     6877.7939     6867.9064     6887.6814  84.327794 -48.818244   0.000920   0.001105
1 44810U 19081G   21268.92217783  .00005810  00000-0  25633-3 0  9990 | 2 44810  97.4386 331.6887 0014319  74.8177 285.4642 15.22070568101610 | 2021/09/25-22:07:56    4.9592    0.1237  285.3060   94.6080     6877.7331     6867.8848     6887.5813  85.783368 -46.211411   0.000986   0.001039
1 44810U 19081G   21270.03978796  .00006021  00000-0  26540-3 0  9996 | 2 44810  97.4384 332.7940 0014244  71.2949 288.9832 15.22082914101780 | 2021/09/27-00:57:17   47.2989    0.1237  288.8288   94.6072     6877.6959     6867.8993     6887.4925  86.658644 -44.547966   0.001023   0.000991
1 44810U 19081G   21271.09164896  .00005470  00000-0  24134-3 0  9995 | 2 44810  97.4383 333.8342 0014188  68.0595 292.2148 15.22092399101949 | 2021/09/28-02:11:58   65.9693    0.1237  292.0642   94.6066     6877.6673     6867.9093     6887.4253  87.452993 -42.967386   0.001056   0.000947
1 44810U 19081G   21272.14350272  .00006116  00000-0  26938-3 0  9999 | 2 44810  97.4386 334.8745 0014127  64.7093 295.5605 15.22103719102101 | 2021/09/29-03:26:38   84.6376    0.1236  295.4143   94.6059     6877.6332     6867.9172     6887.3492  88.218951 -41.372665   0.001089   0.000900
1 44810U 19081G   21273.45830945  .00006080  00000-0  26772-3 0  9990 | 2 44810  97.4386 336.1749 0014038  60.5412 299.7223 15.22116875102301 | 2021/09/30-10:59:57  197.9698    0.1237  299.5825   94.6051     6877.5936     6867.9388     6887.2483  89.135155 -39.359941   0.001125   0.000839
1 44810U 19081G   21274.70736236  .00006719  00000-0  29539-3 0  9990 | 2 44810  97.4388 337.4104 0013939  56.5895 303.6673 15.22133360102493 | 2021/10/01-16:58:36  287.6312    0.1237  303.5342   94.6041     6877.5439     6867.9573     6887.1305  89.963291 -37.428946   0.001156   0.000779
1 44810U 19081G   21275.75918646  .00005542  00000-0  24414-3 0  9993 | 2 44810  97.4388 338.4508 0013866  53.2198 307.0309 15.22144342102655 | 2021/10/02-18:13:13  306.2903    0.1237  306.9039   94.6034     6877.5108     6867.9745     6887.0472  90.628072 -35.789275   0.001180   0.000728
1 44810U 19081G   21277.13969275  .00005224  00000-0  23025-3 0  9995 | 2 44810  97.4387 339.8164 0013765  48.7893 311.4527 15.22159926102864 | 2021/10/04-03:21:09   83.2764    0.1236  311.3343   94.6024     6877.4639     6867.9971     6886.9307  91.455167 -33.619231   0.001208   0.000659
1 44810U 19081G   21278.45444929  .00005169  00000-0  22779-3 0  9998 | 2 44810  97.4384 341.1170 0013653  44.5189 315.7141 15.22172865103061 | 2021/10/05-10:54:24  196.5930    0.1236  315.6047   94.6016     6877.4249     6868.0352     6886.8147  92.194404 -31.534642   0.001231   0.000591
1 44810U 19081G   21279.70345775  .00004481  00000-0  19781-3 0  9991 | 2 44810  97.4379 342.3525 0013535  40.3807 319.8432 15.22183808103250 | 2021/10/06-16:52:58  286.2407    0.1237  319.7430   94.6009     6877.3920     6868.0834     6886.7005  92.852440 -29.539275   0.001248   0.000523
1 44810U 19081G   21280.75524609  .00004695  00000-0  20706-3 0  9999 | 2 44810  97.4374 343.3928 0013444  36.8873 323.3285 15.22194739103414 | 2021/10/07-18:07:33  304.8890    0.1237  323.2364   94.6002     6877.3590     6868.1131     6886.6049  93.372961 -27.848466   0.001261   0.000466
1 44810U 19081G   21282.06997153  .00005035  00000-0  22173-3 0  9992 | 2 44810  97.4368 344.6930 0013326  32.5964 327.6092 15.22208391103612 | 2021/10/09-01:40:45   58.1960    0.1237  327.5273   94.5994     6877.3179     6868.1532     6886.4826  93.980246 -25.722428   0.001272   0.000396
1 44810U 19081G   21283.12174292  .00005776  00000-0  25384-3 0  9990 | 2 44810  97.4365 345.7332 0013208  29.0615 331.1353 15.22220728103775 | 2021/10/10-02:55:18   76.8390    0.1236  331.0621   94.5986     6877.2807     6868.1972     6886.3643  94.431431 -24.012005   0.001277   0.000337
1 44810U 19081G   21284.69938399  .00006708  00000-0  29408-3 0  9996 | 2 44810  97.4362 347.2932 0013053  23.6491 336.5342 15.22241002104018 | 2021/10/11-16:47:06  284.7983    0.1236  336.4745   94.5974     6877.2197     6868.2428     6886.1965  95.049836 -21.432260   0.001282   0.000248
1 44810U 19081G   21285.88259888  .00009380  00000-0  40962-3 0  9994 | 2 44810  97.4362 348.4633 0012936  19.6768 340.4965 15.22261920104195 | 2021/10/12-21:10:56  350.7618    0.1237  340.4469   94.5961     6877.1567     6868.2604     6886.0530  95.467677 -19.486808   0.001281   0.000183
1 44810U 19081G   21287.13153202  .00006360  00000-0  27871-3 0  9996 | 2 44810  97.4364 349.6985 0012805  15.2866 344.8754 15.22277643104380 | 2021/10/14-03:09:24   80.3848    0.1237  344.8371   94.5951     6877.1093     6868.3032     6885.9155  95.865760 -17.424354   0.001276   0.000111
1 44810U 19081G   21288.18325520  .00005851  00000-0  25658-3 0  9991 | 2 44810  97.4366 350.7386 0012694  11.6789 348.4739 15.22290391104546 | 2021/10/15-04:23:53   99.0109    0.1237  348.4448   94.5943     6877.0709     6868.3412     6885.8007  96.166452 -15.681343   0.001268   0.000054
1 44810U 19081G   21289.43216652  .00004989  00000-0  21920-3 0  9994 | 2 44810  97.4367 351.9739 0012566   7.2634 352.8782 15.22302440104737 | 2021/10/16-10:22:19  188.6259    0.1237  352.8603   94.5936     6877.0346     6868.3930     6885.6763  96.482265 -13.604520   0.001256  -0.000017
1 44810U 19081G   21291.07545692  .00005401  00000-0  23692-3 0  9994 | 2 44810  97.4365 353.5994 0012400   1.4995 358.6277 15.22318894104989 | 2021/10/18-01:48:39   60.2190    0.1238  358.6243   94.5925     6876.9851     6868.4576     6885.5126  96.829154 -10.862157   0.001235  -0.000106
1 44810U 19081G   21292.45580284  .00006592  00000-0  28834-3 0  9998 | 2 44810  97.4361 354.9648 0012244 356.5832   3.5319 15.22337847105192 | 2021/10/19-10:56:21  197.1508    0.1238    3.5406   94.5914     6876.9280     6868.5079     6885.3481  97.060091  -8.551747   0.001211  -0.000180
1 44810U 19081G   21293.90186291  .00004822  00000-0  21169-3 0  9997 | 2 44810  97.4357 356.3951 0012102 351.2386   8.8637 15.22353223105411 | 2021/10/20-21:38:40  357.7402    0.1237    8.8851   94.5904     6876.8817     6868.5593     6885.2041  97.242909  -6.126355   0.001182  -0.000259
1 44810U 19081G   21295.41364027  .00004357  00000-0  19153-3 0  9993 | 2 44810  97.4351 357.8903 0011961 345.7253  14.3643 15.22366283105645 | 2021/10/22-09:55:38  181.9876    0.1237   14.3984   94.5896     6876.8424     6868.6170     6885.0678  97.369056  -3.586868   0.001148  -0.000337
1 44810U 19081G   21296.72822055  .00004272  00000-0  18781-3 0  9990 | 2 44810  97.4346 359.1903 0011822 340.9305  19.1487 15.22376230105849 | 2021/10/23-17:28:38  295.2427    0.1237   19.1932   94.5890     6876.8124     6868.6827     6884.9422  97.424871  -1.376893   0.001112  -0.000402
1 44810U 19081G   21298.10851851  .00004641  00000-0  20368-3 0  9994 | 2 44810  97.4341   0.5552 0011717 335.5572  24.5107 15.22388945106059 | 2021/10/25-02:36:15   72.1568    0.1237   24.5665   94.5882     6876.7741     6868.7166     6884.8316  97.429526   0.944128   0.001071  -0.000474
1 44810U 19081G   21299.22589313  .00005655  00000-0  24741-3 0  9994 | 2 44810  97.4340   1.6600 0011631 331.3628  28.6968 15.22402459106221 | 2021/10/26-05:25:17  114.4165    0.1237   28.7609   94.5873     6876.7334     6868.7351     6884.7318  97.393110   2.822508   0.001037  -0.000528
1 44810U 19081G   21300.67189354  .00006840  00000-0  29841-3 0  9990 | 2 44810  97.4339   3.0900 0011500 325.9006  34.1490 15.22420626106444 | 2021/10/27-16:07:31  274.9819    0.1237   34.2231   94.5862     6876.6787     6868.7706     6884.5869  97.292240   5.252129   0.000986  -0.000592
1 44810U 19081G   21301.85497128  .00007621  00000-0  33194-3 0  9996 | 2 44810  97.4340   4.2599 0011418 321.3006  38.7411 15.22437159106623 | 2021/10/28-20:31:09  340.8940    0.1237   38.8231   94.5852     6876.6289     6868.7772     6884.4807  97.164825   7.237476   0.000942  -0.000646
1 44810U 19081G   21302.90658565  .00009893  00000-0  42964-3 0  9995 | 2 44810  97.4341   5.2998 0011367 317.2708  42.7644 15.22455595106788 | 2021/10/29-21:45:29  359.4783    0.1237   42.8529   94.5840     6876.5734     6868.7568     6884.3900  97.017571   8.999706   0.000903  -0.000691
1 44810U 19081G   21304.41825945  .00010755  00000-0  46641-3 0  9996 | 2 44810  97.4343   6.7950 0011264 311.3933  48.6334 15.22480684107010 | 2021/10/31-10:02:17  183.6841    0.1237   48.7304   94.5825     6876.4979     6868.7522     6884.2436  96.749906  11.528165   0.000840  -0.000751
1 44810U 19081G   21305.92990510  .00009450  00000-0  40995-3 0  9990 | 2 44810  97.4343   8.2902 0011198 305.3902  54.6288 15.22507831107243 | 2021/11/01-22:19:03    7.8790    0.1237   54.7335   94.5808     6876.4161     6868.7159     6884.1164  96.416157  14.048754   0.000773  -0.000810
1 44810U 19081G   21307.44152122  .00012548  00000-0  54259-3 0  9998 | 2 44810  97.4341   9.7854 0011103 299.5836  60.4293 15.22541946107470 | 2021/11/03-10:35:47  192.0616    0.1236   60.5400   94.5787     6876.3134     6868.6787     6883.9482  96.016555  16.559743   0.000704  -0.000858
1 44810U 19081G   21309.15026312  .00015130  00000-0  65253-3 0  9995 | 2 44810  97.4332  11.4756 0011018 292.7368  67.2703 15.22586656107738 | 2021/11/05-03:36:22   87.2085    0.1236   67.3868   94.5759     6876.1788     6868.6026     6883.7550  95.485463  19.384394   0.000620  -0.000911
1 44810U 19081G   21311.45042190  .00006532  00000-0  28345-3 0  9990 | 2 44810  97.4322  13.7503 0011016 283.4143  76.5865 15.22624764108082 | 2021/11/07-10:48:36  195.2644    0.1236   76.7093   94.5735     6876.0641     6868.4894     6883.6388  94.639874  23.158755   0.000503  -0.000980
1 44810U 19081G   21312.89621013  .00005010  00000-0  21803-3 0  9998 | 2 44810  97.4318  15.1799 0010988 277.6904  82.3085 15.22642163108304 | 2021/11/08-21:30:32  355.7455    0.1237   82.4333   94.5725     6876.0117     6868.4563     6883.5671  94.032250  25.512578   0.000427  -0.001012
1 44810U 19081G   21314.07911813  .00005094  00000-0  22157-3 0  9995 | 2 44810  97.4319  16.3497 0011001 272.9836  87.0141 15.22654326108480 | 2021/11/10-01:53:55   61.5898    0.1236   87.1400   94.5717     6875.9751     6868.4108     6883.5393  93.491897  27.426999   0.000364  -0.001038
1 44810U 19081G   21315.13058380  .00005356  00000-0  23272-3 0  9994 | 2 44810  97.4319  17.3895 0011003 268.7526  91.2450 15.22665690108648 | 2021/11/11-03:08:02   80.1141    0.1237   91.3711   94.5710     6875.9409     6868.3753     6883.5065  92.978786  29.119074   0.000306  -0.001057
1 44810U 19081G   21316.18204157  .00004986  00000-0  21679-3 0  9992 | 2 44810  97.4320  18.4294 0011040 264.6167  95.3810 15.22676532108802 | 2021/11/12-04:22:08   98.6352    0.1236   95.5069   94.5703     6875.9082     6868.3172     6883.4992  92.435095  30.801752   0.000249  -0.001076
1 44810U 19081G   21317.43063918  .00004059  00000-0  17700-3 0  9990 | 2 44810  97.4322  19.6644 0011087 259.5882 100.4105 15.22686586108999 | 2021/11/13-10:20:07  188.1251    0.1236  100.5354   94.5697     6875.8780     6868.2547     6883.5013  91.749936  32.786931   0.000178  -0.001094
1 44810U 19081G   21318.74494400  .00004093  00000-0  17840-3 0  9992 | 2 44810  97.4323  20.9644 0011106 254.3554 105.6457 15.22697616109192 | 2021/11/14-17:52:43  301.2678    0.1236  105.7682   94.5690     6875.8448     6868.2084     6883.4811  90.982566  34.860089   0.000103  -0.001106
1 44810U 19081G   21319.92781097  .00004754  00000-0  20667-3 0  9999 | 2 44810  97.4322  22.1345 0011142 249.6013 110.4027 15.22708140109372 | 2021/11/15-22:16:02    7.0928    0.1236  110.5223   94.5684     6875.8131     6868.1520     6883.4741  90.251634  36.710708   0.000034  -0.001114
1 44810U 19081G   21321.43923722  .00005261  00000-0  22826-3 0  9994 | 2 44810  97.4320  23.6295 0011233 243.6565 116.3518 15.22724648109604 | 2021/11/17-10:32:30  191.1967    0.1236  116.4671   94.5673     6875.7634     6868.0398     6883.4869  89.262958  39.052771  -0.000053  -0.001122
1 44810U 19081G   21322.75350957  .00004198  00000-0  18268-3 0  9997 | 2 44810  97.4316  24.9295 0011301 238.5416 121.4717 15.22735654109806 | 2021/11/18-18:05:03  304.3252    0.1237  121.5821   94.5666     6875.7303     6867.9600     6883.5005  88.353617  41.067689  -0.000128  -0.001123
1 44810U 19081G   21324.13348556  .00004017  00000-0  17491-3 0  9990 | 2 44810  97.4311  26.2944 0011373 233.1210 126.8985 15.22747015110014 | 2021/11/20-03:12:13   81.1056    0.1236  127.0026   94.5659     6875.6961     6867.8763     6883.5158  87.349878  43.160376  -0.000209  -0.001118
1 44810U 19081G   21325.44773871  .00004707  00000-0  20432-3 0  9992 | 2 44810  97.4307  27.5942 0011474 228.0659 131.9600 15.22759442110213 | 2021/11/21-10:44:44  194.2259    0.1236  132.0577   94.5652     6875.6586     6867.7695     6883.5478  86.348004  45.130516  -0.000284  -0.001112
1 44810U 19081G   21326.76198123  .00004179  00000-0  18168-3 0  9995 | 2 44810  97.4302  28.8938 0011574 223.0649 136.9682 15.22770618110417 | 2021/11/22-18:17:15  307.3418    0.1235  137.0586   94.5645     6875.6250     6867.6672     6883.5829  85.301779  47.077069  -0.000358  -0.001100
1 44810U 19081G   21328.14192522  .00004520  00000-0  19615-3 0  9994 | 2 44810  97.4298  30.2583 0011663 217.7766 142.2653 15.22783831110625 | 2021/11/24-03:24:22   84.1085    0.1236  142.3470   94.5637     6875.5852     6867.5662     6883.6042  84.156209  49.094789  -0.000436  -0.001082
1 44810U 19081G   21329.45614702  .00004394  00000-0  19070-3 0  9992 | 2 44810  97.4297  31.5579 0011781 212.7799 147.2708 15.22795210110827 | 2021/11/25-10:56:51  197.2153    0.1236  147.3437   94.5629     6875.5510     6867.4509     6883.6511  83.020989  50.990801  -0.000510  -0.001062
1 44810U 19081G   21330.77035794  .00004907  00000-0  21252-3 0  9992 | 2 44810  97.4299  32.8575 0011906 208.0982 151.9614 15.22809024111020 | 2021/11/26-18:29:18  310.3181    0.1236  152.0254   94.5621     6875.5094     6867.3234     6883.6954  81.843312  52.860738  -0.000578  -0.001041
1 44810U 19081G   21332.15026752  .00004678  00000-0  20268-3 0  9991 | 2 44810  97.4300  34.2223 0012026 203.0210 157.0489 15.22821956111230 | 2021/11/28-03:36:23   87.0705    0.1236  157.1026   94.5613     6875.4705     6867.2020     6883.7389  80.561140  54.795143  -0.000651  -0.001011
1 44810U 19081G   21333.59587151  .00006426  00000-0  27702-3 0  9998 | 2 44810  97.4302  35.6521 0012155 197.6321 162.4496 15.22841972111454 | 2021/11/29-14:18:03  247.4712    0.1236  162.4915   94.5600     6875.4102     6867.0532     6883.7673  79.168964  56.788371  -0.000727  -0.000974
1 44810U 19081G   21335.10716506  .00005501  00000-0  23749-3 0  9995 | 2 44810  97.4304  37.1469 0012296 192.3131 167.7807 15.22860522111682 | 2021/12/01-02:34:19   71.5196    0.1236  167.8105   94.5589     6875.3544     6866.9005     6883.8083  77.660788  58.834385  -0.000799  -0.000934
1 44810U 19081G   21336.15848692  .00006885  00000-0  29623-3 0  9996 | 2 44810  97.4304  38.1869 0012390 188.6891 171.4133 15.22877873111842 | 2021/12/02-03:48:13   89.9831    0.1236  171.4345   94.5578     6875.3022     6866.7837     6883.8207  76.580125  60.234270  -0.000847  -0.000904
1 44810U 19081G   21337.20979877  .00005877  00000-0  25322-3 0  9995 | 2 44810  97.4300  39.2267 0012487 184.9777 175.1338 15.22891133112003 | 2021/12/03-05:02:06  108.4427    0.1236  175.1459   94.5570     6875.2623     6866.6771     6883.8474  75.474138  61.613793  -0.000895  -0.000871
1 44810U 19081G   21338.26110148  .00006607  00000-0  28417-3 0  9990 | 2 44810  97.4296  40.2664 0012578 181.2536 178.8671 15.22905949112162 | 2021/12/04-06:15:59  126.8990    0.1235  178.8699   94.5561     6875.2177     6866.5700     6883.8653  74.343412  62.972883  -0.000942  -0.000834
1 44810U 19081G   21339.44380648  .00005308  00000-0  22883-3 0  9993 | 2 44810  97.4290  41.4360 0012691 177.1849 182.9461 15.22918072112343 | 2021/12/05-10:39:04  192.6586    0.1235  182.9386   94.5553     6875.1812     6866.4559     6883.9065  73.042074  64.476860  -0.000992  -0.000792
1 44810U 19081G   21340.75791205  .00004041  00000-0  17487-3 0  9991 | 2 44810  97.4284  42.7354 0012811 172.6906 187.4520 15.22929993112543 | 2021/12/06-18:11:23  305.7209    0.1236  187.4330   94.5546     6875.1453     6866.3376     6883.9531  71.560717  66.116238  -0.001044  -0.000743
1 44810U 19081G   21342.13771299  .00003719  00000-0  16112-3 0  9991 | 2 44810  97.4280  44.0997 0012937 167.9420 192.2129 15.22940941112752 | 2021/12/08-03:18:18   82.4326    0.1236  192.1816   94.5539     6875.1124     6866.2180     6884.0067  69.965964  67.801026  -0.001097  -0.000686
1 44810U 19081G   21343.45180028  .00003596  00000-0  15587-3 0  9999 | 2 44810  97.4280  45.3992 0013054 163.6030 196.5631 15.22950783112954 | 2021/12/09-10:50:35  195.4885    0.1235  196.5205   94.5533     6875.0827     6866.1080     6884.0575  68.410336  69.370318  -0.001142  -0.000633
1 44810U 19081G   21344.63447260  .00003186  00000-0  13842-3 0  9991 | 2 44810  97.4282  46.5687 0013157 159.7217 200.4544 15.22958153113135 | 2021/12/10-15:13:38  261.2368    0.1235  200.4018   94.5528     6875.0606     6866.0150     6884.1061  66.980361  70.752282  -0.001180  -0.000583
1 44810U 19081G   21345.75143652  .00003283  00000-0  14251-3 0  9996 | 2 44810  97.4283  47.6734 0013249 155.9606 204.2252 15.22965070113306 | 2021/12/11-18:02:04  303.3303    0.1236  204.1630   94.5524     6875.0397     6865.9310     6884.1485  65.603913  72.030551  -0.001214  -0.000531
1 44810U 19081G   21346.93409781  .00002915  00000-0  12683-3 0  9993 | 2 44810  97.4283  48.8431 0013346 152.0662 208.1294 15.22971368113486 | 2021/12/12-22:25:06    9.0746    0.1236  208.0574   94.5520     6875.0208     6865.8454     6884.1962  64.119832  73.354760  -0.001247  -0.000476
1 44810U 19081G   21348.44526688  .00003711  00000-0  16057-3 0  9991 | 2 44810  97.4285  50.3378 0013458 147.2133 212.9941 15.22983592113719 | 2021/12/14-10:41:11  193.0784    0.1235  212.9102   94.5512     6874.9840     6865.7316     6884.2364  62.184722  75.002486  -0.001283  -0.000406
1 44810U 19081G   21349.75931617  .00004582  00000-0  19745-3 0  9992 | 2 44810  97.4283  51.6374 0013548 142.9256 217.2919 15.22996538113914 | 2021/12/15-18:13:24  306.1216    0.1236  217.1980   94.5504     6874.9450     6865.6309     6884.2592  60.467519  76.393408  -0.001311  -0.000341
1 44810U 19081G   21351.73036569  .00006321  00000-0  27098-3 0  9998 | 2 44810  97.4278  53.5868 0013694 136.5398 223.6920 15.23021475114212 | 2021/12/17-17:31:43  295.6785    0.1235  223.5837   94.5489     6874.8700     6865.4555     6884.2844  57.833562  78.405710  -0.001348  -0.000241
1 44810U 19081G   21352.78157727  .00007891  00000-0  33725-3 0  9991 | 2 44810  97.4274  54.6265 0013726 133.2188 227.0197 15.23038985114373 | 2021/12/18-18:45:28  314.1044    0.1236  226.9048   94.5478     6874.8173     6865.3809     6884.2537  56.401122  79.441877  -0.001360  -0.000187
1 44810U 19081G   21354.16127345  .00012169  00000-0  51774-3 0  9996 | 2 44810  97.4270  55.9909 0013791 128.7091 231.5382 15.23068484114588 | 2021/12/20-03:52:14   90.7817    0.1237  231.4146   94.5460     6874.7285     6865.2476     6884.2095  54.493315  80.761990  -0.001374  -0.000113
1 44810U 19081G   21355.73803230  .00011013  00000-0  46840-3 0  9999 | 2 44810  97.4264  57.5502 0013819 123.7838 236.4717 15.23104687114822 | 2021/12/21-17:42:45  298.4016    0.1236  236.3398   94.5437     6874.6196     6865.1196     6884.1196  52.275154  82.214425  -0.001382  -0.000032
1 44810U 19081G   21357.18335808  .00012081  00000-0  51286-3 0  9997 | 2 44810  97.4262  58.9794 0013886 119.0732 241.1898 15.23142876115043 | 2021/12/23-04:24:02   98.7067    0.1237  241.0505   94.5414     6874.5047     6864.9587     6884.0506  50.208224  83.492507  -0.001388   0.000047
1 44810U 19081G   21358.43156548  .00011302  00000-0  47958-3 0  9994 | 2 44810  97.4259  60.2138 0013942 115.0932 245.1754 15.23173370115237 | 2021/12/24-10:21:27  188.0517    0.1237  245.0305   94.5395     6874.4129     6864.8286     6883.9972  48.397771  84.554490  -0.001390   0.000114
1 44810U 19081G   21359.61405755  .00011430  00000-0  48461-3 0  9994 | 2 44810  97.4257  61.3832 0013932 111.4399 248.8326 15.23198726115411 | 2021/12/25-14:44:14  253.7410    0.1237  248.6838   94.5379     6874.3366     6864.7593     6883.9140  46.661968  85.524428  -0.001382   0.000174
1 44810U 19081G   21360.73083733  .00010382  00000-0  44022-3 0  9991 | 2 44810  97.4258  62.4877 0013939 107.9016 252.3742 15.23221925115584 | 2021/12/26-17:32:24  295.7747    0.1236  252.2220   94.5365     6874.2668     6864.6848     6883.8489  45.004779  86.408081  -0.001374   0.000233
1 44810U 19081G   21362.17605489  .00010751  00000-0  45528-3 0  9991 | 2 44810  97.4262  63.9173 0014031 103.2869 256.9933 15.23254457115806 | 2021/12/28-04:13:31   96.0435    0.1236  256.8367   94.5344     6874.1690     6864.5238     6883.8141  42.835182  87.504352  -0.001368   0.000311
1 44810U 19081G   21363.75262021  .00010136  00000-0  42901-3 0  9996 | 2 44810  97.4263  65.4769 0013992  98.2161 262.0663 15.23288940116047 | 2021/12/29-18:03:46  303.5992    0.1236  261.9075   94.5323     6874.0652     6864.4470     6883.6834  40.437768  88.637864  -0.001343   0.000393
1 44810U 19081G   21365.13208917  .00008498  00000-0  36000-3 0  9995 | 2 44810  97.4263  66.8417 0013950  93.9330 266.3502 15.23312559116252 | 2021/12/31-03:10:12   80.2021    0.1237  266.1907   94.5308     6873.9942     6864.4049     6883.5834  38.315119  89.575865  -0.001317   0.000459
1 44810U 19081G   22001.18309952  .00006898  00000-0  29271-3 0  9993 | 2 44810  97.4260  67.8814 0013980  90.6041 269.6798 15.23327392116419 | 2022/01/01-04:23:39   98.5613    0.1237  269.5196   94.5299     6873.9495     6864.3398     6883.5593  36.683327  90.256075  -0.001301   0.000513
1 44810U 19081G   22002.69390829  .00006040  00000-0  25655-3 0  9994 | 2 44810  97.4255  69.3760 0013955  85.5461 274.7370 15.23348482116642 | 2022/01/02-16:39:13  282.4478    0.1237  274.5776   94.5286     6873.8861     6864.2936     6883.4786  34.316546  91.181702  -0.001264   0.000591
1 44810U 19081G   22003.74489355  .00005782  00000-0  24565-3 0  9995 | 2 44810  97.4249  70.4153 0013929  82.4871 277.7948 15.23362200116802 | 2022/01/03-17:52:38  300.8003    0.1237  277.6366   94.5277     6873.8448     6864.2703     6883.4194  32.656826  91.788577  -0.001240   0.000634
1 44810U 19081G   22005.12429834  .00004890  00000-0  20813-3 0  9996 | 2 44810  97.4244  71.7795 0013909  78.3735 281.9062 15.23377340117013 | 2022/01/05-02:58:59   77.3836    0.1237  281.7502   94.5268     6873.7993     6864.2385     6883.3601  30.462154  92.539564  -0.001206   0.000692
1 44810U 19081G   22006.17526407  .00004548  00000-0  19371-3 0  9993 | 2 44810  97.4240  72.8189 0013867  75.1643 285.1129 15.23388628117172 | 2022/01/06-04:12:22   95.7303    0.1237  284.9594   94.5261     6873.7653     6864.2335     6883.2972  28.778360  93.076537  -0.001176   0.000735
1 44810U 19081G   22007.42327942  .00003694  00000-0  15790-3 0  9997 | 2 44810  97.4239  74.0532 0013804  71.1241 289.1491 15.23396924117362 | 2022/01/07-10:09:31  185.0156    0.1237  288.9996   94.5256     6873.7404     6864.2519     6883.2289  26.766699  93.674757  -0.001133   0.000788
1 44810U 19081G   22008.73697243  .00004471  00000-0  19042-3 0  9994 | 2 44810  97.4239  75.3526 0013773  67.0416 293.2272 15.23407578117565 | 2022/01/08-17:41:14  297.9449    0.1237  293.0821   94.5249     6873.7083     6864.2412     6883.1755  24.635566  94.257653  -0.001091   0.000840
1 44810U 19081G   22010.11633579  .00005895  00000-0  24993-3 0  9993 | 2 44810  97.4239  76.7170 0013681  62.6495 297.6133 15.23424230117772 | 2022/01/10-02:47:31   74.5169    0.1238  297.4743   94.5239     6873.6582     6864.2544     6883.0621  22.384211  94.817527  -0.001038   0.000891
1 44810U 19081G   22011.16726887  .00005701  00000-0  24171-3 0  9998 | 2 44810  97.4241  77.7567 0013621  59.3179 300.9399 15.23437106117938 | 2022/01/11-04:00:52   92.8539    0.1238  300.8059   94.5231     6873.6195     6864.2570     6882.9821  20.660086  95.208278  -0.000997   0.000928
1 44810U 19081G   22012.21819333  .00005151  00000-0  21866-3 0  9991 | 2 44810  97.4241  78.7963 0013564  55.9925 304.2598 15.23448512118095 | 2022/01/12-05:14:11  111.1885    0.1237  304.1312   94.5224     6873.5852     6864.2619     6882.9085  18.929278  95.567451  -0.000956   0.000963
1 44810U 19081G   22013.72888295  .00006209  00000-0  26276-3 0  9996 | 2 44810  97.4240  80.2907 0013454  51.1745 309.0691 15.23467370118322 | 2022/01/13-17:29:35  295.0401    0.1238  308.9493   94.5212     6873.5285     6864.2808     6882.7761  16.430496  96.028509  -0.000891   0.001008
1 44810U 19081G   22015.10818968  .00008899  00000-0  37495-3 0  9992 | 2 44810  97.4238  81.6553 0013341  46.6871 313.5476 15.23491351118535 | 2022/01/15-02:35:47   71.5943    0.1238  313.4367   94.5197     6873.4564     6864.2865     6882.6262  14.138936  96.392361  -0.000828   0.001046
1 44810U 19081G   22016.15907050  .00011879  00000-0  49892-3 0  9995 | 2 44810  97.4235  82.6947 0013290  43.1981 317.0296 15.23518668118694 | 2022/01/16-03:49:03   89.9148    0.1238  316.9257   94.5180     6873.3742     6864.2395     6882.5089  12.388018  96.632683  -0.000779   0.001077
1 44810U 19081G   22017.20993213  .00010955  00000-0  46006-3 0  9996 | 2 44810  97.4230  83.7344 0013170  39.6531 320.5667 15.23545252118858 | 2022/01/17-05:02:18  108.2290    0.1238  320.4707   94.5164     6873.2942     6864.2421     6882.3464  10.632505  96.841059  -0.000725   0.001100
1 44810U 19081G   22018.45781253  .00011320  00000-0  47492-3 0  9990 | 2 44810  97.4226  84.9687 0013070  35.5477 324.6629 15.23569732119043 | 2022/01/18-10:59:15  197.4708    0.1239  324.5762   94.5149     6873.2206     6864.2373     6882.2039   8.543956  97.047225  -0.000664   0.001126
1 44810U 19081G   22019.77134769  .00011252  00000-0  47171-3 0  9998 | 2 44810  97.4222  86.2678 0012965  31.3833 328.8175 15.23598128119241 | 2022/01/19-18:30:44  310.3488    0.1238  328.7405   94.5131     6873.1352     6864.2242     6882.0462   6.341515  97.215586  -0.000602   0.001148
1 44810U 19081G   22021.15053759  .00006318  00000-0  26622-3 0  9997 | 2 44810  97.4216  87.6319 0012821  26.6454 333.5439 15.23615434119457 | 2022/01/21-03:36:46   86.8640    0.1238  333.4784   94.5120     6873.0832     6864.2712     6881.8951   4.025400  97.338401  -0.000527   0.001169
1 44810U 19081G   22023.12077985  .00007526  00000-0  31626-3 0  9995 | 2 44810  97.4212  89.5807 0012626  19.9850 340.1879 15.23644234119759 | 2022/01/23-02:53:55   76.1607    0.1238  340.1388   94.5103     6872.9966     6864.3187     6881.6744   0.712938  97.418591  -0.000423   0.001190
1 44810U 19081G   22024.17155942  .00006331  00000-0  26644-3 0  9998 | 2 44810  97.4212  90.6201 0012536  16.4066 343.7574 15.23659139119910 | 2022/01/24-04:07:02   94.4466    0.1238  343.7172   94.5093     6872.9517     6864.3358     6881.5677  -1.054348  97.415494  -0.000367   0.001199
1 44810U 19081G   22025.41934839  .00005848  00000-0  24627-3 0  9997 | 2 44810  97.4212  91.8546 0012409  12.1527 348.0007 15.23674533120106 | 2022/01/25-10:03:51  183.6566    0.1238  347.9711   94.5084     6872.9054     6864.3769     6881.4340  -3.152864  97.370168  -0.000300   0.001204
1 44810U 19081G   22026.73279328  .00007944  00000-0  33317-3 0  9993 | 2 44810  97.4213  93.1541 0012272   7.5304 352.6115 15.23697628120309 | 2022/01/26-17:35:13  296.5034    0.1238  352.5934   94.5069     6872.8360     6864.4016     6881.2703  -5.360279  97.273723  -0.000228   0.001206
1 44810U 19081G   22028.11189015  .00007208  00000-0  30240-3 0  9995 | 2 44810  97.4215  94.5185 0012127   2.6975 357.4325 15.23719595120516 | 2022/01/28-02:41:07   72.9850    0.1238  357.4263   94.5056     6872.7699     6864.4353     6881.1045  -7.674961  97.118709  -0.000152   0.001203
1 44810U 19081G   22029.16261719  .00006424  00000-0  26977-3 0  9994 | 2 44810  97.4214  95.5580 0012034 358.9745   1.1466 15.23735291120671 | 2022/01/29-03:54:10   91.2518    0.1239    1.1494   94.5046     6872.7227     6864.4521     6880.9934  -9.435587  96.963389  -0.000095   0.001200
1 44810U 19081G   22030.73868338  .00009456  00000-0  39515-3 0  9999 | 2 44810  97.4209  97.1172 0011869 353.3317   6.7760 15.23767737120914 | 2022/01/30-17:43:42  298.6433    0.1238    6.7921   94.5026     6872.6252     6864.4681     6880.7823 -12.070388  96.670251  -0.000009   0.001187
1 44810U 19081G   22032.44605125  .00013708  00000-0  57054-3 0  9995 | 2 44810  97.4202  98.8062 0011718 347.1439  12.9498 15.23809211121172 | 2022/02/01-10:42:18  193.3036    0.1238   12.9799   94.5000     6872.5005     6864.4473     6880.5537 -14.914328  96.271793   0.000083   0.001169
1 44810U 19081G   22033.89071867  .00009724  00000-0  40556-3 0  9997 | 2 44810  97.4196 100.2352 0011576 341.7418  18.3402 15.23830611121390 | 2022/02/02-21:22:38  353.3905    0.1238   18.3820   94.4987     6872.4361     6864.4806     6880.3917 -17.310426  95.869326   0.000162   0.001146
1 44810U 19081G   22035.13836237  .00014304  00000-0  59423-3 0  9999 | 2 44810  97.4190 101.4693 0011475 336.9361  23.1360 15.23863092121583 | 2022/02/04-03:19:14   82.5478    0.1238   23.1877   94.4967     6872.3385     6864.4525     6880.2245 -19.371071  95.473678   0.000231   0.001124
1 44810U 19081G   22036.45163808  .00016085  00000-0  66690-3 0  9994 | 2 44810  97.4187 102.7684 0011357 332.1933  27.8696 15.23905269121783 | 2022/02/05-10:50:21  195.3315    0.1238   27.9305   94.4941     6872.2117     6864.4069     6880.0164 -21.530570  95.009671   0.000295   0.001097
1 44810U 19081G   22037.89620501  .00010252  00000-0  42607-3 0  9993 | 2 44810  97.4187 104.1976 0011234 326.7810  33.2720 15.23937586122002 | 2022/02/06-21:30:32  355.3802    0.1237   33.3427   94.4921     6872.1145     6864.3944     6879.8346 -23.893571  94.443107   0.000366   0.001062
1 44810U 19081G   22039.14376316  .00010242  00000-0  42534-3 0  9993 | 2 44810  97.4185 105.4320 0011167 321.7711  38.2733 15.23962714122197 | 2022/02/08-03:27:01   84.5050    0.1237   38.3526   94.4905     6872.0390     6864.3650     6879.7130 -25.922530  93.906265   0.000433   0.001029
1 44810U 19081G   22040.45696096  .00011039  00000-0  45784-3 0  9994 | 2 44810  97.4185 106.7313 0011066 316.7851  43.2517 15.23989642122397 | 2022/02/09-10:58:01  197.2588    0.1238   43.3387   94.4888     6871.9580     6864.3535     6879.5625 -28.045201  93.294324   0.000493   0.000990
1 44810U 19081G   22041.90145050  .00014132  00000-0  58442-3 0  9996 | 2 44810  97.4186 108.1605 0010991 311.3140  48.7150 15.24025061122611 | 2022/02/10-21:38:05  357.2774    0.1237   48.8097   94.4866     6871.8515     6864.2987     6879.4044 -30.363422  92.565902   0.000558   0.000947
1 44810U 19081G   22043.14893183  .00014472  00000-0  59774-3 0  9997 | 2 44810  97.4184 109.3950 0010893 306.2892  53.7338 15.24063019122803 | 2022/02/12-03:34:27   86.3718    0.1237   53.8345   94.4843     6871.7374     6864.2521     6879.2228 -32.350587  91.890066   0.000614   0.000900
1 44810U 19081G   22044.46203768  .00013860  00000-0  57202-3 0  9991 | 2 44810  97.4181 110.6943 0010861 301.1056  58.9115 15.24099919123009 | 2022/02/13-11:05:20  199.0907    0.1238   59.0182   94.4820     6871.6265     6864.1633     6879.0898 -34.425782  91.132605   0.000672   0.000854
1 44810U 19081G   22045.70946175  .00009427  00000-0  38991-3 0  9993 | 2 44810  97.4181 111.9285 0010782 296.2249  63.7879 15.24127350123194 | 2022/02/14-17:01:37  288.1630    0.1237   63.8988   94.4803     6871.5441     6864.1352     6878.9530 -36.380717  90.369960   0.000719   0.000803
1 44810U 19081G   22046.75990779  .00007655  00000-0  31708-3 0  9998 | 2 44810  97.4176 112.9678 0010740 291.9955  68.0141 15.24146493123352 | 2022/02/15-18:14:16  306.3229    0.1238   68.1283   94.4791     6871.4865     6864.1066     6878.8665 -38.013687  89.694751   0.000760   0.000759
1 44810U 19081G   22048.13859870  .00010601  00000-0  43741-3 0  9993 | 2 44810  97.4169 114.3319 0010748 286.4442  73.5614 15.24175234123564 | 2022/02/17-03:19:34   82.6504    0.1238   73.6796   94.4773     6871.4002     6864.0148     6878.7855 -40.137879  88.763748   0.000814   0.000702
1 44810U 19081G   22049.18901329  .00008450  00000-0  34917-3 0  9990 | 2 44810  97.4164 115.3710 0010723 282.1718  77.8318 15.24193063123723 | 2022/02/18-04:32:10  100.7979    0.1237   77.9519   94.4762     6871.3466     6863.9784     6878.7147 -41.740771  88.020810   0.000850   0.000653
1 44810U 19081G   22050.43636319  .00009184  00000-0  37893-3 0  9995 | 2 44810  97.4161 116.6052 0010725 277.2256  82.7762 15.24217694123913 | 2022/02/19-10:28:21  189.8409    0.1237   82.8981   94.4747     6871.2726     6863.9031     6878.6420 -43.626849  87.101059   0.000891   0.000597
1 44810U 19081G   22051.74934155  .00009664  00000-0  39827-3 0  9991 | 2 44810  97.4156 117.9044 0010724 271.9443  88.0566 15.24244221124110 | 2022/02/20-17:59:03  302.5089    0.1237   88.1794   94.4730     6871.1928     6863.8242     6878.5615 -45.590275  86.089058   0.000930   0.000534
1 44810U 19081G   22053.12794625  .00010263  00000-0  42238-3 0  9998 | 2 44810  97.4153 119.2685 0010736 266.4251  93.5759 15.24270847124323 | 2022/02/22-03:04:14   78.8012    0.1238   93.6987   94.4714     6871.1128     6863.7360     6878.4896 -47.626626  84.979087   0.000967   0.000465
1 44810U 19081G   22054.44088066  .00008177  00000-0  33702-3 0  9996 | 2 44810  97.4154 120.5677 0010736 261.0225  98.9798 15.24293347124526 | 2022/02/23-10:34:52  191.4512    0.1238   99.1013   94.4700     6871.0452     6863.6684     6878.4220 -49.541196  83.877471   0.000998   0.000395
1 44810U 19081G   22055.75379529  .00007694  00000-0  31706-3 0  9993 | 2 44810  97.4155 121.8671 0010780 255.8473 104.1567 15.24316030124721 | 2022/02/24-18:05:27  304.0935    0.1237  104.2764   94.4686     6870.9770     6863.5701     6878.3839 -51.430587  82.732547   0.001027   0.000328
1 44810U 19081G   22057.13233690  .00007637  00000-0  31455-3 0  9993 | 2 44810  97.4154 123.2313 0010858 250.4686 109.5379 15.24337552124937 | 2022/02/26-03:10:33   80.3605    0.1237  109.6551   94.4673     6870.9124     6863.4519     6878.3728 -53.385612  81.484579   0.001055   0.000257
1 44810U 19081G   22058.44521709  .00006877  00000-0  28342-3 0  9995 | 2 44810  97.4153 124.5304 0010904 245.2644 114.7459 15.24355527125130 | 2022/02/27-10:41:06  192.9885    0.1237  114.8593   94.4662     6870.8583     6863.3664     6878.3503 -55.219222  80.253213   0.001075   0.000185
1 44810U 19081G   22059.75808119  .00007549  00000-0  31060-3 0  9991 | 2 44810  97.4151 125.8294 0010986 240.2453 119.7692 15.24375255125339 | 2022/02/28-18:11:38  305.6104    0.1237  119.8784   94.4649     6870.7991     6863.2508     6878.3473 -57.024245  78.980613   0.001092   0.000116
1 44810U 19081G   22061.13657258  .00006702  00000-0  27595-3 0  9990 | 2 44810  97.4147 127.1935 0011088 234.8258 125.1942 15.24392214125543 | 2022/03/02-03:16:39   81.8564    0.1238  125.2980   94.4639     6870.7481     6863.1298     6878.3664 -58.888038  77.600404   0.001108   0.000039
1 44810U 19081G   22062.44940733  .00006297  00000-0  25934-3 0  9992 | 2 44810  97.4140 128.4924 0011166 229.6566 130.3697 15.24408053125745 | 2022/03/03-10:47:08  194.4657    0.1237  130.4671   94.4629     6870.7005     6863.0287     6878.3723 -60.631528  76.245034   0.001116  -0.000036
1 44810U 19081G   22063.76222817  .00005625  00000-0  23189-3 0  9998 | 2 44810  97.4135 129.7913 0011263 224.7054 135.3277 15.24423328125940 | 2022/03/04-18:17:36  307.0695    0.1237  135.4183   94.4619     6870.6546     6862.9162     6878.3930 -62.343961  74.850654   0.001121  -0.000108
1 44810U 19081G   22065.14066949  .00012546  00000-0  51260-3 0  9995 | 2 44810  97.4130 131.1552 0011354 219.4814 140.5598 15.24456820126158 | 2022/03/06-03:22:33   83.2950    0.1238  140.6424   94.4599     6870.5540     6862.7532     6878.3548 -64.107587  73.345142   0.001120  -0.000185
1 44810U 19081G   22066.45344315  .00010918  00000-0  44618-3 0  9996 | 2 44810  97.4127 132.4542 0011442 214.5697 145.4797 15.24485713126350 | 2022/03/07-10:52:57  195.8803    0.1236  145.5539   94.4581     6870.4672     6862.6060     6878.3284 -65.753635  71.872760   0.001115  -0.000257
1 44810U 19081G   22067.76619228  .00009243  00000-0  37792-3 0  9993 | 2 44810  97.4125 133.7532 0011564 209.4272 150.6316 15.24512562126558 | 2022/03/08-18:23:19  308.4555    0.1237  150.6965   94.4564     6870.3865     6862.4416     6878.3314 -67.365945  70.363517   0.001107  -0.000335
1 44810U 19081G   22069.14455492  .00008882  00000-0  36302-3 0  9992 | 2 44810  97.4125 135.1173 0011697 204.5984 155.4697 15.24538482126765 | 2022/03/10-03:28:09   84.6512    0.1237  155.5253   94.4548     6870.3086     6862.2724     6878.3448 -69.021913  68.739877   0.001097  -0.000406
1 44810U 19081G   22070.91669196  .00015774  00000-0  64078-3 0  9996 | 2 44810  97.4127 136.8710 0011834 198.1167 161.9651 15.24591711127033 | 2022/03/11-22:00:02    2.5998    0.1237  162.0070   94.4515     6870.1487     6862.0186     6878.2789 -71.093381  66.595535   0.001072  -0.000500
1 44810U 19081G   22072.42623798  .00012701  00000-0  51602-3 0  9998 | 2 44810  97.4127 138.3651 0011958 192.6635 167.4304 15.24636726127267 | 2022/03/13-10:13:46  186.0181    0.1237  167.4602   94.4487     6870.0135     6861.7983     6878.2287 -72.805623  64.719204   0.001046  -0.000579
1 44810U 19081G   22073.73884682  .00016903  00000-0  68437-3 0  9996 | 2 44810  97.4127 139.6641 0012071 188.2678 171.8362 15.24686213127466 | 2022/03/14-17:43:56  298.5419    0.1236  171.8558   94.4457     6869.8648     6861.5722     6878.1575 -74.254089  63.052077   0.001023  -0.000641
1 44810U 19081G   22075.18267190  .00012627  00000-0  51161-3 0  9991 | 2 44810  97.4123 141.0928 0012198 183.1432 176.9731 15.24728733127683 | 2022/03/16-04:23:02   98.3011    0.1237  176.9805   94.4430     6869.7371     6861.3574     6878.1168 -75.802767  61.180852   0.000990  -0.000713
1 44810U 19081G   22076.42958687  .00010836  00000-0  43921-3 0  9992 | 2 44810  97.4118 142.3268 0012315 178.8803 181.2465 15.24754533127873 | 2022/03/17-10:18:36  187.1750    0.1237  181.2434   94.4414     6869.6596     6861.1996     6878.1196 -77.102364  59.533892   0.000960  -0.000772
1 44810U 19081G   22077.74210727  .00009785  00000-0  39663-3 0  9993 | 2 44810  97.4111 143.6255 0012434 174.6502 185.4871 15.24779093128076 | 2022/03/18-17:48:38  299.6668    0.1237  185.4735   94.4399     6869.5859     6861.0442     6878.1275 -78.431309  57.770686   0.000928  -0.000828
1 44810U 19081G   22079.12023102  .00010104  00000-0  40911-3 0  9991 | 2 44810  97.4104 144.9895 0012539 169.9204 190.2288 15.24805499128283 | 2022/03/20-02:53:07   75.7738    0.1237  190.2033   94.4383     6869.5065     6860.8929     6878.1202 -79.783688  55.886932   0.000885  -0.000888
1 44810U 19081G   22080.17021173  .00009892  00000-0  40031-3 0  9999 | 2 44810  97.4101 146.0285 0012639 166.3795 193.7786 15.24827820128444 | 2022/03/21-04:05:06   93.7538    0.1237  193.7442   94.4369     6869.4395     6860.7572     6878.1218 -80.783718  54.430860   0.000852  -0.000933
1 44810U 19081G   22081.41704556  .00009367  00000-0  37896-3 0  9992 | 2 44810  97.4099 147.2628 0012763 162.1999 197.9689 15.24852052128636 | 2022/03/22-10:00:32  182.5980    0.1237  197.9238   94.4354     6869.3667     6860.5994     6878.1341 -81.937297  52.677966   0.000811  -0.000985
1 44810U 19081G   22083.12320540  .00012033  00000-0  48523-3 0  9992 | 2 44810  97.4097 148.9515 0012892 156.5476 203.6352 15.24891093128895 | 2022/03/24-02:57:24   76.7945    0.1237  203.5761   94.4330     6869.2495     6860.3936     6878.1053 -83.453912  50.240365   0.000749  -0.001050
1 44810U 19081G   22084.43560366  .00012323  00000-0  49631-3 0  9992 | 2 44810  97.4095 150.2504 0013032 152.0631 208.1309 15.24924214129095 | 2022/03/25-10:27:16  189.2413    0.1237  208.0606   94.4309     6869.1500     6860.1981     6878.1019 -84.571150  48.335611   0.000697  -0.001101
1 44810U 19081G   22085.74797519  .00012227  00000-0  49202-3 0  9996 | 2 44810  97.4099 151.5498 0013061 148.1504 212.0526 15.24955036129295 | 2022/03/26-17:57:05  301.6802    0.1237  211.9733   94.4290     6869.0575     6860.0858     6878.0291 -85.645854  46.405564   0.000647  -0.001135
1 44810U 19081G   22086.92908236  .00018074  00000-0  72450-3 0  9994 | 2 44810  97.4098 152.7188 0013105 144.4246 215.7868 15.24995131129473 | 2022/03/27-22:17:52    6.8655    0.1237  215.6991   94.4265     6868.9371     6859.9353     6877.9388 -86.574682  44.648557   0.000598  -0.001166
1 44810U 19081G   22088.17577137  .00016075  00000-0  64400-3 0  9990 | 2 44810  97.4096 153.9525 0013224 140.1285 220.0927 15.25038427129660 | 2022/03/29-04:13:06   95.6589    0.1237  219.9952   94.4239     6868.8070     6859.7237     6877.8904 -87.515738  42.774126   0.000540  -0.001207
1 44810U 19081G   22089.42242461  .00017688  00000-0  70721-3 0  9992 | 2 44810  97.4094 155.1867 0013272 136.3867 223.8423 15.25082745129852 | 2022/03/30-10:08:17  184.4408    0.1238  223.7371   94.4211     6868.6740     6859.5579     6877.7901 -88.416573  40.879101   0.000488  -0.001234
1 44810U 19081G   22090.73464931  .00027317  00000-0  10873-2 0  9997 | 2 44810  97.4087 156.4856 0013182 132.5372 227.6981 15.25144298130052 | 2022/03/31-17:37:53  296.8299    0.1237  227.5865   94.4173     6868.4892     6859.4351     6877.5432 -89.319865  38.864078   0.000430  -0.001246
1 44810U 19081G   22092.11241975  .00027571  00000-0  10948-2 0  9997 | 2 44810  97.4080 157.8491 0013301 127.9932 232.2509 15.25220681130260 | 2022/04/02-02:41:53   72.8129    0.1237  232.1305   94.4126     6868.2599     6859.1244     6877.3953 -90.218709  36.727415   0.000363  -0.001280
1 44810U 19081G   22093.16210177  .00026896  00000-0  10663-2 0  9996 | 2 44810  97.4077 158.8887 0013338 124.8849 235.3644 15.25279310130424 | 2022/04/03-03:53:25   90.6883    0.1237  235.2388   94.4089     6868.0838     6858.9232     6877.2445 -90.869940  35.084383   0.000318  -0.001295
1 44810U 19081G   22094.73656174  .00024812  00000-0  98211-3 0  9993 | 2 44810  97.4071 160.4477 0013250 120.3823 239.8727 15.25350784130660 | 2022/04/04-17:40:38  297.4810    0.1238  239.7415   94.4045     6867.8693     6858.7694     6876.9692 -91.790256  32.598958   0.000249  -0.001301
1 44810U 19081G   22096.44214076  .00020858  00000-0  82460-3 0  9999 | 2 44810  97.4067 162.1360 0013330 115.1028 245.1595 15.25425802130929 | 2022/04/06-10:36:40  191.4750    0.1238  245.0210   94.3999     6867.6441     6858.4896     6876.7987 -92.710463  29.880348   0.000168  -0.001322
1 44810U 19081G   22097.68847499  .00023151  00000-0  91324-3 0  9995 | 2 44810  97.4067 163.3705 0013261 111.5341 248.7312 15.25479100131114 | 2022/04/07-16:31:24  280.1463    0.1238  248.5897   94.3966     6867.4842     6858.3772     6876.5911 -93.332699  27.876019   0.000113  -0.001321
1 44810U 19081G   22098.73798236  .00021738  00000-0  85661-3 0  9992 | 2 44810  97.4067 164.4100 0013176 108.2035 252.0639 15.25527699131277 | 2022/04/08-17:42:41  297.9618    0.1238  251.9203   94.3936     6867.3383     6858.2899     6876.3867 -93.823058  26.178217   0.000060  -0.001316
1 44810U 19081G   22099.91864014  .00022121  00000-0  87026-3 0  9995 | 2 44810  97.4069 165.5797 0013130 104.2103 256.0595 15.25579949131455 | 2022/04/09-22:02:50    2.9902    0.1238  255.9135   94.3903     6867.1815     6858.1649     6876.1981 -94.338095  24.257537  -0.000005  -0.001313
1 44810U 19081G   22101.16484224  .00021227  00000-0  83380-3 0  9992 | 2 44810  97.4070 166.8141 0013079 100.2704 260.0009 15.25640863131649 | 2022/04/11-03:57:22   91.6153    0.1237  259.8533   94.3866     6866.9987     6858.0174     6875.9801 -94.838871  22.219635  -0.000067  -0.001306
1 44810U 19081G   22102.73893354  .00023960  00000-0  93871-3 0  9996 | 2 44810  97.4071 168.3732 0012954  95.3542 264.9174 15.25703520131880 | 2022/04/12-17:44:03  298.2803    0.1238  264.7696   94.3827     6866.8107     6857.9154     6875.7060 -95.408412  19.631046  -0.000142  -0.001288
1 44810U 19081G   22104.11621668  .00016046  00000-0  62950-3 0  9998 | 2 44810  97.4070 169.7373 0012919  91.0586 269.2132 15.25744180132090 | 2022/04/14-02:47:21   74.0954    0.1238  269.0652   94.3802     6866.6887     6857.8176     6875.5598 -95.848608  17.354193  -0.000207  -0.001275
1 44810U 19081G   22105.16554183  .00021401  00000-0  83683-3 0  9998 | 2 44810  97.4069 170.7768 0012876  87.8099 272.4613 15.25792214132251 | 2022/04/15-03:58:22   91.8479    0.1238  272.3139   94.3772     6866.5446     6857.7032     6875.3860 -96.147570  15.612464  -0.000255  -0.001262
1 44810U 19081G   22106.73946716  .00015243  00000-0  59625-3 0  9995 | 2 44810  97.4060 172.3357 0012727  83.0133 277.2552 15.25855795132491 | 2022/04/16-17:44:49  298.4561    0.1238  277.1105   94.3733     6866.3538     6857.6150     6875.0927 -96.535823  12.990911  -0.000322  -0.001231
1 44810U 19081G   22108.18218153  .00017116  00000-0  66795-3 0  9990 | 2 44810  97.4053 173.7650 0012668  78.1236 282.1423 15.25907755132718 | 2022/04/18-04:22:20   97.8286    0.1239  282.0003   94.3701     6866.1980     6857.4999     6874.8961 -96.829129  10.578861  -0.000394  -0.001204
1 44810U 19081G   22109.42812114  .00020323  00000-0  79108-3 0  9991 | 2 44810  97.4049 174.9995 0012561  74.2159 286.0464 15.25957738132906 | 2022/04/19-10:16:29  186.3640    0.1239  285.9080   94.3670     6866.0480     6857.4236     6874.6725 -97.034171   8.490243  -0.000446  -0.001174
1 44810U 19081G   22111.13302784  .00020528  00000-0  79749-3 0  9997 | 2 44810  97.4042 176.6886 0012352  68.4417 291.8137 15.26023550133164 | 2022/04/21-03:11:33   80.1287    0.1239  291.6822   94.3629     6865.8506     6857.3699     6874.3313 -97.241568   5.626326  -0.000519  -0.001121
1 44810U 19081G   22112.44443728  .00021500  00000-0  83351-3 0  9991 | 2 44810  97.4041 177.9880 0012247  64.2130 296.0370 15.26085609133361 | 2022/04/22-10:39:59  192.2347    0.1238  295.9108   94.3591     6865.6645     6857.2561     6874.0729 -97.344050   3.419742  -0.000571  -0.001083
1 44810U 19081G   22114.14918999  .00026633  00000-0  10286-2 0  9995 | 2 44810  97.4047 179.6781 0012084  58.4491 301.7925 15.26169989133623 | 2022/04/24-03:34:50   85.9442    0.1238  301.6747   94.3538     6865.4114     6857.1153     6873.7076 -97.403163   0.547238  -0.000638  -0.001026
1 44810U 19081G   22115.46047450  .00022498  00000-0  86824-3 0  9993 | 2 44810  97.4050 180.9776 0011919  54.0997 306.1346 15.26231538133823 | 2022/04/25-11:03:04  198.0069    0.1239  306.0242   94.3500     6865.2268     6857.0442     6873.4095 -97.390822  -1.661876  -0.000682  -0.000977
1 44810U 19081G   22116.90282415  .00024540  00000-0  94454-3 0  9993 | 2 44810  97.4049 182.4071 0011809  49.2013 311.0248 15.26302648134041 | 2022/04/26-21:40:04  357.2531    0.1239  310.9226   94.3456     6865.0136     6856.9067     6873.1205 -97.318953  -4.090954  -0.000733  -0.000926
1 44810U 19081G   22118.14843323  .00033886  00000-0  12988-2 0  9996 | 2 44810  97.4045 183.6415 0011672  44.4334 315.7839 15.26376350134232 | 2022/04/28-03:33:44   85.6745    0.1239  315.6905   94.3411     6864.7926     6856.7800     6872.8052 -97.207839  -6.186490  -0.000780  -0.000868
1 44810U 19081G   22119.45952874  .00032127  00000-0  12286-2 0  9991 | 2 44810  97.4043 184.9409 0011515  39.8605 320.3477 15.26464590134438 | 2022/04/29-11:01:43  197.6709    0.1239  320.2634   94.3356     6864.5281     6856.6236     6872.4326 -97.042352  -8.389250  -0.000817  -0.000811
1 44810U 19081G   22120.70500202  .00029092  00000-0  11107-2 0  9993 | 2 44810  97.4041 186.1756 0011425  35.7749 324.4253 15.26541713134620 | 2022/04/30-16:55:12  286.0422    0.1239  324.3490   94.3309     6864.2969     6856.4544     6872.1393 -96.838851 -10.478341  -0.000850  -0.000764
1 44810U 19081G   22121.75377772  .00021501  00000-0  82126-3 0  9990 | 2 44810  97.4034 187.2155 0011259  32.0510 328.1411 15.26590542134786 | 2022/05/01-18:05:26  303.6033    0.1239  328.0729   94.3278     6864.1505     6856.4221     6871.8788 -96.632039 -12.234025  -0.000872  -0.000713
1 44810U 19081G   22122.93361384  .00020435  00000-0  77973-3 0  9992 | 2 44810  97.4030 188.3854 0011149  27.6689 332.5140 15.26636364134966 | 2022/05/02-22:24:24    8.3465    0.1239  332.4550   94.3250     6864.0131     6856.3604     6871.6658 -96.361716 -14.204371  -0.000901  -0.000656
1 44810U 19081G   22124.17895819  .00024054  00000-0  91550-3 0  9993 | 2 44810  97.4029 189.6204 0011045  23.3572 336.8167 15.26688017135156 | 2022/05/04-04:17:41   96.6720    0.1240  336.7668   94.3218     6863.8583     6856.2772     6871.4394 -96.033084 -16.277953  -0.000927  -0.000601
1 44810U 19081G   22125.42425793  .00039426  00000-0  14925-2 0  9991 | 2 44810  97.4028 190.8554 0010917  18.7196 341.4442 15.26762114135344 | 2022/05/05-10:10:55  184.9824    0.1239  341.4043   94.3172     6863.6362     6856.1432     6871.1293 -95.659836 -18.343968  -0.000949  -0.000539
1 44810U 19081G   22127.12829399  .00037800  00000-0  14288-2 0  9996 | 2 44810  97.4024 192.5451 0010739  12.0189 348.1304 15.26823499135600 | 2022/05/07-03:04:44   78.4398    0.1240  348.1051   94.3135     6863.4523     6856.0816     6870.8229 -95.076950 -21.156584  -0.000977  -0.000446
1 44810U 19081G   22128.17690016  .00023038  00000-0  87313-3 0  9992 | 2 44810  97.4021 193.5847 0010650   8.5219 351.6198 15.26841396135766 | 2022/05/08-04:14:44   95.9396    0.1239  351.6020   94.3123     6863.3986     6856.0891     6870.7082 -94.677155 -22.878054  -0.000987  -0.000401
1 44810U 19081G   22129.42208522  .00017353  00000-0  65815-3 0  9994 | 2 44810  97.4023 194.8199 0010522   4.0209 356.1112 15.26877891135956 | 2022/05/09-10:07:48  184.2079    0.1239  356.1030   94.3101     6863.2893     6856.0677     6870.5108 -94.162174 -24.913710  -0.000996  -0.000340
1 44810U 19081G   22130.66723514  .00015262  00000-0  57866-3 0  9999 | 2 44810  97.4023 196.0546 0010414 359.1856   0.9364 15.26919111136145 | 2022/05/10-16:00:49  272.4645    0.1240    0.9384   94.3075     6863.1657     6856.0184     6870.3131 -93.603473 -26.936924  -0.001005  -0.000274
1 44810U 19081G   22132.17447649  .00018225  00000-0  68908-3 0  9990 | 2 44810  97.4026 197.5494 0010278 353.6709   6.4398 15.26973585136378 | 2022/05/12-04:11:14   95.0735    0.1239    6.4530   94.3042     6863.0025     6855.9487     6870.0563 -92.869223 -29.369609  -0.001008  -0.000200
1 44810U 19081G   22133.41954530  .00019649  00000-0  74145-3 0  9991 | 2 44810  97.4029 198.7847 0010190 348.7822  11.3188 15.27024071136561 | 2022/05/13-10:04:08  183.2999    0.1239   11.3417   94.3011     6862.8513     6855.8580     6869.8445 -92.214762 -31.364990  -0.001010  -0.000134
1 44810U 19081G   22134.73009911  .00022720  00000-0  85509-3 0  9991 | 2 44810  97.4025 200.0846 0010118 343.5972  16.4938 15.27082023136764 | 2022/05/14-17:31:20  295.1011    0.1240   16.5268   94.2975     6862.6776     6855.7340     6869.6213 -91.479122 -33.448727  -0.001010  -0.000065
1 44810U 19081G   22135.90954865  .00027517  00000-0  10324-2 0  9999 | 2 44810  97.4020 201.2548 0010004 339.0340  21.0487 15.27146395136948 | 2022/05/15-21:49:45  359.7036    0.1239   21.0899   94.2935     6862.4848     6855.6195     6869.3500 -90.776473 -35.309795  -0.001000  -0.000005
1 44810U 19081G   22137.15447264  .00024965  00000-0  93546-3 0  9990 | 2 44810  97.4011 202.4899 0009992 333.9344  26.1391 15.27209069137131 | 2022/05/17-03:42:26   87.8774    0.1240   26.1896   94.2896     6862.2970     6855.4402     6869.1538 -89.993452 -37.257924  -0.000997   0.000062
1 44810U 19081G   22139.44760633  .00031206  00000-0  11630-2 0  9991 | 2 44810  97.4002 204.7655 0009831 324.3960  35.6622 15.27343119137481 | 2022/05/19-10:44:33  193.4054    0.1239   35.7279   94.2814     6861.8955     6855.1496     6868.6414 -88.442292 -40.801470  -0.000966   0.000185
1 44810U 19081G   22141.08543413  .00032231  00000-0  11973-2 0  9998 | 2 44810  97.3998 206.3908 0009855 317.6852  42.3626 15.27442770137734 | 2022/05/21-02:03:01   63.0228    0.1240   42.4388   94.2752     6861.5970     6854.8349     6868.3591 -87.249099 -43.293368  -0.000948   0.000270
1 44810U 19081G   22142.13358728  .00031307  00000-0  11609-2 0  9997 | 2 44810  97.4003 207.4308 0009952 313.2029  46.8378 15.27507838137891 | 2022/05/22-03:12:21   80.3582    0.1240   46.9211   94.2712     6861.4022     6854.5737     6868.2307 -86.449377 -44.870075  -0.000939   0.000330
1 44810U 19081G   22143.44371598  .00025397  00000-0  94081-3 0  9990 | 2 44810  97.4008 208.7320 0009893 308.2457  51.7891 15.27584178138097 | 2022/05/23-10:38:57  192.0005    0.1239   51.8782   94.2665     6861.1736     6854.3858     6867.9613 -85.408601 -46.821861  -0.000911   0.000387
1 44810U 19081G   22144.68828164  .00023575  00000-0  87205-3 0  9999 | 2 44810  97.4008 209.9671 0009918 303.2581  56.7707 15.27648388138286 | 2022/05/24-16:31:07  280.0418    0.1239   56.8658   94.2625     6860.9813     6854.1766     6867.7860 -84.379518 -48.651956  -0.000885   0.000447
1 44810U 19081G   22145.73630030  .00024887  00000-0  91888-3 0  9998 | 2 44810  97.4008 211.0073 0009924 298.9230  61.1013 15.27697585138445 | 2022/05/25-17:40:16  297.3258    0.1239   61.2009   94.2595     6860.8340     6854.0253     6867.6427 -83.482389 -50.175757  -0.000859   0.000497
1 44810U 19081G   22146.91528253  .00020867  00000-0  77016-3 0  9993 | 2 44810  97.4016 212.1783 0009862 294.2776  65.7433 15.27746486138620 | 2022/05/26-21:58:00    1.7538    0.1240   65.8464   94.2565     6860.6876     6853.9216     6867.4536 -82.440220 -51.871782  -0.000822   0.000545
1 44810U 19081G   22148.15972513  .00022930  00000-0  84453-3 0  9999 | 2 44810  97.4010 213.4137 0009902 289.2844  70.7324 15.27796412138816 | 2022/05/28-03:50:00   89.7485    0.1240   70.8396   94.2534     6860.5382     6853.7449     6867.3315 -81.302194 -53.636816  -0.000788   0.000600
1 44810U 19081G   22149.73159274  .00017088  00000-0  62941-3 0  9991 | 2 44810  97.4008 214.9743 0009915 282.8370  77.1761 15.27856080139050 | 2022/05/29-17:33:29  295.6132    0.1239   77.2869   94.2497     6860.3595     6853.5575     6867.1616 -79.811115 -55.831010  -0.000735   0.000666
1 44810U 19081G   22150.91045667  .00012499  00000-0  46089-3 0  9999 | 2 44810  97.4006 216.1449 0009902 277.9439  82.0676 15.27891142139230 | 2022/05/30-21:51:03  359.9972    0.1239   82.1800   94.2476     6860.2546     6853.4616     6867.0476 -78.653703 -57.449734  -0.000689   0.000711
1 44810U 19081G   22152.15478525  .00012321  00000-0  45389-3 0  9996 | 2 44810  97.4000 217.3804 0009956 272.9532  87.0568 15.27926389139428 | 2022/06/01-03:42:53   87.9479    0.1239   87.1707   94.2454     6860.1491     6853.3191     6866.9790 -77.396217 -59.131934  -0.000644   0.000759
1 44810U 19081G   22154.11946615  .00010609  00000-0  39077-3 0  9998 | 2 44810  97.3995 219.3316 0010020 264.9451  95.0645 15.27970152139720 | 2022/06/03-02:52:01   75.2187    0.1240   95.1789   94.2427     6860.0181     6853.1444     6866.8918 -75.337614 -61.732540  -0.000564   0.000828
1 44810U 19081G   22155.16727414  .00009141  00000-0  33691-3 0  9993 | 2 44810  97.3994 220.3722 0010044 260.6470  99.3634 15.27990702139887 | 2022/06/04-04:00:52   92.4210    0.1239   99.4769   94.2414     6859.9566     6853.0664     6866.8467 -74.203995 -63.090493  -0.000518   0.000861
1 44810U 19081G   22156.93542071  .00010306  00000-0  37906-3 0  9991 | 2 44810  97.3993 222.1282 0010144 253.6037 106.4088 15.28024153140153 | 2022/06/05-22:27:00    8.9384    0.1240  106.5203   94.2393     6859.8565     6852.8978     6866.8151 -72.235780 -65.334645  -0.000440   0.000914
1 44810U 19081G   22158.17964746  .00010736  00000-0  39443-3 0  9991 | 2 44810  97.3992 223.3638 0010227 248.6495 111.3653 15.28050312140344 | 2022/06/07-04:18:41   96.8485    0.1239  111.4744   94.2377     6859.7782     6852.7627     6866.7937 -70.810059 -66.877049  -0.000383   0.000948
1 44810U 19081G   22159.42385086  .00010422  00000-0  38265-3 0  9997 | 2 44810  97.3997 224.5996 0010276 243.6540 116.3645 15.28078940140533 | 2022/06/08-10:10:20  184.7486    0.1239  116.4699   94.2360     6859.6925     6852.6435     6866.7415 -69.351601 -68.389013  -0.000322   0.000976
1 44810U 19081G   22161.12640926  .00010998  00000-0  40314-3 0  9990 | 2 44810  97.3998 226.2904 0010417 237.1086 122.9151 15.28116454140798 | 2022/06/10-03:02:01   77.6517    0.1238  123.0152   94.2337     6859.5802     6852.4346     6866.7259 -67.303606 -70.405580  -0.000241   0.001013
1 44810U 19081G   22162.17411640  .00010540  00000-0  38620-3 0  9995 | 2 44810  97.3999 227.3309 0010488 232.9901 127.0379 15.28140070140954 | 2022/06/11-04:10:43   94.8142    0.1239  127.1338   94.2322     6859.5096     6852.3153     6866.7038 -66.014071 -71.616220  -0.000188   0.001032
1 44810U 19081G   22163.41824795  .00010996  00000-0  40242-3 0  9990 | 2 44810  97.3998 228.5665 0010596 228.2569 131.7766 15.28167819141143 | 2022/06/12-10:02:16  182.6867    0.1240  131.8671   94.2305     6859.4265     6852.1583     6866.6948 -64.454350 -73.022995  -0.000126   0.001052
1 44810U 19081G   22165.12069976  .00015096  00000-0  55023-3 0  9991 | 2 44810  97.3996 230.2576 0010741 221.9189 138.1229 15.28220650141409 | 2022/06/14-02:53:48   75.5480    0.1239  138.2050   94.2272     6859.2684     6851.9009     6866.6360 -62.271169 -74.893148  -0.000041   0.001073
1 44810U 19081G   22166.43023846  .00014861  00000-0  54105-3 0  9991 | 2 44810  97.3992 231.5586 0010865 217.0308 143.0183 15.28259671141607 | 2022/06/15-10:19:32  186.9643    0.1239  143.0931   94.2248     6859.1517     6851.6992     6866.6041 -60.554435 -76.287381   0.000027   0.001086
1 44810U 19081G   22170.42411738  .00016195  00000-0  58697-3 0  9998 | 2 44810  97.3984 235.5271 0011222 202.7641 157.3102 15.28385223142212 | 2022/06/19-10:10:43  184.7036    0.1238  157.3597   94.2171     6858.7760     6851.0791     6866.4729 -55.129089 -80.294656   0.000228   0.001099
1 44810U 19081G   22171.73351782  .00014778  00000-0  53533-3 0  9994 | 2 44810  97.3984 236.8280 0011352 198.3478 161.7354 15.28422117142412 | 2022/06/20-17:36:15  296.0686    0.1239  161.7761   94.2148     6858.6657     6850.8797     6866.4516 -53.291947 -81.525558   0.000290   0.001097
1 44810U 19081G   22173.10835209  .00012972  00000-0  46977-3 0  9996 | 2 44810  97.3985 238.1939 0011480 193.5480 166.5453 15.28461380142622 | 2022/06/22-02:36:01   70.9880    0.1239  166.5759   94.2124     6858.5482     6850.6746     6866.4218 -51.333517 -82.772809   0.000360   0.001090
1 44810U 19081G   22174.15582142  .00013629  00000-0  49290-3 0  9998 | 2 44810  97.3987 239.2346 0011570 189.9271 170.1742 15.28491803142787 | 2022/06/23-03:44:22   88.0607    0.1239  170.1968   94.2105     6858.4572     6850.5220     6866.3924 -49.821778 -83.691679   0.000412   0.001081
1 44810U 19081G   22175.72699210  .00009870  00000-0  35748-3 0  9993 | 2 44810  97.3990 240.7957 0011718 184.5675 175.5460 15.28525960143025 | 2022/06/24-17:26:52  293.6575    0.1239  175.5564   94.2084     6858.3550     6850.3184     6866.3916 -47.523424 -85.018171   0.000488   0.001065
1 44810U 19081G   22177.16719666  .00016214  00000-0  58423-3 0  9996 | 2 44810  97.3991 242.2268 0011843 179.8075 180.3172 15.28569756143247 | 2022/06/26-04:00:45   92.1084    0.1239  180.3164   94.2057     6858.2240     6850.1018     6866.3462 -45.385334 -86.178629   0.000555   0.001046
1 44810U 19081G   22178.73828681  .00011563  00000-0  41718-3 0  9999 | 2 44810  97.3987 243.7883 0011970 174.6463 185.4907 15.28607128143480 | 2022/06/27-17:43:07  297.6755    0.1239  185.4776   94.2034     6858.1122     6849.9031     6866.3214 -43.019941 -87.383016   0.000627   0.001020
1 44810U 19081G   22180.17842154  .00008839  00000-0  31937-3 0  9995 | 2 44810  97.3987 245.2196 0012104 169.6600 190.4891 15.28634661143706 | 2022/06/29-04:16:55   96.1001    0.1239  190.4639   94.2017     6858.0299     6849.7289     6866.3308 -40.823839 -88.430317   0.000696   0.000990
1 44810U 19081G   22181.74945139  .00006951  00000-0  25159-3 0  9998 | 2 44810  97.3980 246.7807 0012189 164.4413 195.7203 15.28658006143942 | 2022/06/30-17:59:12  301.6457    0.1238  195.6825   94.2003     6857.9601     6849.6009     6866.3192 -38.399307 -89.509014   0.000763   0.000950
1 44810U 19081G   22183.45137142  .00009379  00000-0  33809-3 0  9993 | 2 44810  97.3975 248.4725 0012412 159.0898 201.0852 15.28688651144200 | 2022/07/02-10:49:58  194.3092    0.1239  201.0341   94.1984     6857.8684     6849.3564     6866.3804 -35.739794 -90.603202   0.000838   0.000916
1 44810U 19081G   22184.69505490  .00009581  00000-0  34500-3 0  9999 | 2 44810  97.3974 249.7086 0012485 155.0467 205.1379 15.28717848144391 | 2022/07/03-16:40:52  282.0154    0.1239  205.0772   94.1966     6857.7811     6849.2191     6866.3430 -33.776919 -91.353015   0.000887   0.000879
1 44810U 19081G   22185.74234980  .00012011  00000-0  43132-3 0  9992 | 2 44810  97.3973 250.7496 0012545 151.7239 208.4684 15.28744170144555 | 2022/07/04-17:48:59  299.0252    0.1239  208.4000   94.1950     6857.7024     6849.0994     6866.3054 -32.111621 -91.951497   0.000925   0.000847
1 44810U 19081G   22187.18235315  .00009418  00000-0  33856-3 0  9994 | 2 44810  97.3975 252.1808 0012640 147.0127 213.1904 15.28775316144778 | 2022/07/06-04:22:35   97.4037    0.1239  213.1112   94.1930     6857.6092     6848.9412     6866.2772 -29.805033 -92.725040   0.000980   0.000799
1 44810U 19081G   22188.68778104  .00011483  00000-0  41168-3 0  9998 | 2 44810  97.3976 253.6772 0012741 142.3591 217.8543 15.28807901145003 | 2022/07/07-16:30:24  279.3349    0.1239  217.7648   94.1910     6857.5118     6848.7746     6866.2489 -27.373462 -93.471846   0.001030   0.000750
1 44810U 19081G   22189.73500679  .00016890  00000-0  60305-3 0  9996 | 2 44810  97.3978 254.7180 0012763 139.0731 221.1469 15.28850094145166 | 2022/07/08-17:38:24  296.3209    0.1239  221.0508   94.1884     6857.3856     6848.6335     6866.1377 -25.671139 -93.953840   0.001061   0.000710
1 44810U 19081G   22191.17489954  .00012282  00000-0  43889-3 0  9998 | 2 44810  97.3983 256.1491 0012833 134.6401 225.5887 15.28895996145382 | 2022/07/10-04:11:51   94.6616    0.1239  225.4838   94.1856     6857.2484     6848.4485     6866.0483 -23.316772 -94.566151   0.001102   0.000657
1 44810U 19081G   22192.41841288  .00013799  00000-0  49213-3 0  9999 | 2 44810  97.3984 257.3854 0012850 130.8396 229.3960 15.28932222145578 | 2022/07/11-10:02:30  182.3090    0.1239  229.2843   94.1834     6857.1400     6848.3286     6865.9515 -21.271023 -95.047314   0.001132   0.000608
1 44810U 19081G   22193.72733782  .00021241  00000-0  75413-3 0  9995 | 2 44810  97.3982 258.6869 0012832 126.7803 233.4617 15.28985694145771 | 2022/07/12-17:27:21  293.5042    0.1240  233.3437   94.1801     6856.9802     6848.1813     6865.7790 -19.106638 -95.505737   0.001159   0.000552
1 44810U 19081G   22195.42887035  .00015707  00000-0  55768-3 0  9996 | 2 44810  97.3977 260.3788 0012882 121.5678 238.6821 15.29048017146037 | 2022/07/14-10:17:34  186.0332    0.1239  238.5561   94.1762     6856.7938     6847.9609     6865.6268 -16.278425 -96.027730   0.001195   0.000481
1 44810U 19081G   22196.67225685  .00017646  00000-0  62519-3 0  9997 | 2 44810  97.3967 261.6154 0012856 117.7471 242.5075 15.29092850146226 | 2022/07/15-16:08:02  273.6366    0.1240  242.3769   94.1735     6856.6598     6847.8449     6865.4747 -14.202107 -96.355681   0.001213   0.000426
1 44810U 19081G   22197.71928779  .00020321  00000-0  71831-3 0  9998 | 2 44810  97.3969 262.6567 0012814 114.6097 245.6479 15.29137705146389 | 2022/07/16-17:15:46  290.5555    0.1239  245.5142   94.1707     6856.5257     6847.7398     6865.3117 -12.448704 -96.598064   0.001224   0.000380
1 44810U 19081G   22198.89716261  .00017972  00000-0  63492-3 0  9991 | 2 44810  97.3967 263.8282 0012805 111.0336 249.2275 15.29182981146561 | 2022/07/17-21:31:54  354.5764    0.1240  249.0904   94.1679     6856.3904     6847.6108     6865.1700 -10.471123 -96.832189   0.001238   0.000328
1 44810U 19081G   22200.14043783  .00020105  00000-0  70870-3 0  9995 | 2 44810  97.3966 265.0646 0012752 107.1694 253.0943 15.29232165146758 | 2022/07/19-03:22:13   82.1419    0.1240  252.9546   94.1649     6856.2434     6847.5003     6864.9865  -8.379273 -97.035486   0.001246   0.000270
1 44810U 19081G   22201.44909725  .00020157  00000-0  70910-3 0  9998 | 2 44810  97.3969 266.3659 0012703 103.2389 257.0269 15.29297651146951 | 2022/07/20-10:46:42  193.2458    0.1240  256.8851   94.1609     6856.0476     6847.3384     6864.7569  -6.173453 -97.201053   0.001252   0.000212
1 44810U 19081G   22203.15028351  .00022440  00000-0  78728-3 0  9997 | 2 44810  97.3971 268.0582 0012582  97.9328 262.3341 15.29365185147213 | 2022/07/22-03:36:24   85.6562    0.1240  262.1912   94.1567     6855.8458     6847.2198     6864.4718  -3.300234 -97.341171   0.001251   0.000131
1 44810U 19081G   22204.45883774  .00020145  00000-0  70617-3 0  9998 | 2 44810  97.3974 269.3597 0012531  93.8365 266.4308 15.29415795147419 | 2022/07/23-11:00:43  196.7236    0.1240  266.2875   94.1536     6855.6946     6847.1037     6864.2854  -1.088427 -97.391318   0.001251   0.000070
1 44810U 19081G   22205.89820203  .00013078  00000-0  45920-3 0  9991 | 2 44810  97.3976 270.7914 0012459  89.5083 270.7585 15.29457628147638 | 2022/07/24-21:33:24  354.8822    0.1240  270.6157   94.1510     6855.5696     6847.0282     6864.1109   1.345265 -97.388309   0.001246   0.000007
1 44810U 19081G   22207.14126109  .00014967  00000-0  52453-3 0  9992 | 2 44810  97.3976 272.0282 0012367  85.5894 274.6758 15.29490696147823 | 2022/07/26-03:23:24   82.3735    0.1239  274.5345   94.1490     6855.4707     6846.9926     6863.9489   3.447035 -97.336583   0.001236  -0.000051
1 44810U 19081G   22208.44971765  .00011984  00000-0  42032-3 0  9990 | 2 44810  97.3975 273.3301 0012308  81.4835 278.7800 15.29518861148024 | 2022/07/27-10:47:35  193.4073    0.1241  278.6406   94.1473     6855.3866     6846.9490     6863.8242   5.657674 -97.233038   0.001226  -0.000111
1 44810U 19081G   22209.69272755  .00011031  00000-0  38683-3 0  9991 | 2 44810  97.3969 274.5667 0012219  77.7055 282.5553 15.29546845148210 | 2022/07/28-16:37:31  280.8822    0.1241  282.4186   94.1455     6855.3030     6846.9265     6863.6795   7.754701 -97.087696   0.001211  -0.000164
1 44810U 19081G   22211.45907354  .00009742  00000-0  34164-3 0  9994 | 2 44810  97.3962 276.3242 0012104  72.1562 288.0998 15.29581003148485 | 2022/07/30-11:01:03  196.7550    0.1241  287.9679   94.1434     6855.2009     6846.9034     6863.4984  10.728593 -96.803497   0.001186  -0.000242
1 44810U 19081G   22212.63661660  .00008325  00000-0  29223-3 0  9998 | 2 44810  97.3959 277.4958 0012009  68.4883 291.7637 15.29601148148669 | 2022/07/31-15:16:43  260.6636    0.1241  291.6358   94.1422     6855.1407     6846.9084     6863.3731  12.705638 -96.563596   0.001165  -0.000291
1 44810U 19081G   22214.14123050  .00008791  00000-0  30817-3 0  9990 | 2 44810  97.3956 278.9931 0011906  63.6709 296.5752 15.29629196148891 | 2022/08/02-03:23:22   82.3162    0.1240  296.4531   94.1405     6855.0569     6846.8953     6863.2185  15.224444 -96.198333   0.001137  -0.000355
1 44810U 19081G   22215.18790126  .00010807  00000-0  37786-3 0  9992 | 2 44810  97.3954 280.0344 0011808  60.2351 300.0063 15.29652774149051 | 2022/08/03-04:30:34   99.1127    0.1241  299.8890   94.1390     6854.9865     6846.8921     6863.0808  16.970118 -95.905574   0.001111  -0.000399
1 44810U 19081G   22216.62704900  .00009716  00000-0  33974-3 0  9999 | 2 44810  97.3955 281.4662 0011669  55.5931 304.6410 15.29681326149271 | 2022/08/04-15:02:57  257.1999    0.1240  304.5309   94.1373     6854.9012     6846.9022     6862.9002  19.361234 -95.451695   0.001075  -0.000455
1 44810U 19081G   22217.93533854  .00011923  00000-0  41582-3 0  9999 | 2 44810  97.3959 282.7679 0011534  51.2733 308.9537 15.29713059149479 | 2022/08/05-22:26:53    8.1790    0.1241  308.8508   94.1353     6854.8064     6846.9000     6862.7127  21.524702 -94.987623   0.001037  -0.000505
1 44810U 19081G   22219.17818786  .00012096  00000-0  42142-3 0  9992 | 2 44810  97.3962 284.0046 0011424  47.3106 312.9095 15.29744895149661 | 2022/08/07-04:16:35   95.6000    0.1241  312.8135   94.1333     6854.7113     6846.8804     6862.5421  23.569860 -94.501225   0.001002  -0.000548
1 44810U 19081G   22220.42100611  .00022376  00000-0  77514-3 0  9996 | 2 44810  97.3962 285.2410 0011287  42.9968 317.2152 15.29795328149853 | 2022/08/08-10:06:14  183.0113    0.1241  317.1273   94.1302     6854.5606     6846.8239     6862.2974  25.603480 -93.970642   0.000960  -0.000594
1 44810U 19081G   22222.12163351  .00022054  00000-0  76235-3 0  9997 | 2 44810  97.3948 286.9323 0011095  36.5311 323.6766 15.29869978150112 | 2022/08/10-02:55:09   75.2263    0.1323  323.6012   94.1256     6854.3376     6846.7327     6861.9425  28.365412 -93.172692   0.000891  -0.000661
1 44810U 19081G   22223.16813744  .00015057  00000-0  52130-3 0  9993 | 2 44810  97.3961 287.9753 0011001  33.4127 326.7806 15.29900646150277 | 2022/08/11-04:02:07   91.9706    0.1242  326.7115   94.1238     6854.2460     6846.7057     6861.7864  30.057115 -92.642162   0.000860  -0.000687
1 44810U 19081G   22224.73784612  .00017574  00000-0  60679-3 0  9991 | 2 44810  97.3954 289.5375 0010741  27.9431 332.2384 15.29958599150513 | 2022/08/12-17:42:29  297.0625    0.1241  332.1810   94.1202     6854.0729     6846.7110     6861.4349  32.571334 -91.787647   0.000792  -0.000726
1 44810U 19081G   22226.17669357  .00016820  00000-0  58004-3 0  9991 | 2 44810  97.3949 290.9700 0010589  22.8638 337.3072 15.30010495150738 | 2022/08/14-04:14:26   95.0438    0.1241  337.2603   94.1170     6853.9180     6846.6603     6861.1756  34.855597 -90.944235   0.000733  -0.000764
1 44810U 19081G   22227.61549525  .00016024  00000-0  55200-3 0  9996 | 2 44810  97.3943 292.4022 0010464  17.3742 342.7855 15.30057561150951 | 2022/08/15-14:46:18  253.0097    0.1242  342.7500   94.1141     6853.7774     6846.6056     6860.9492  37.117540 -90.044089   0.000669  -0.000804
1 44810U 19081G   22229.18504705  .00015978  00000-0  54957-3 0  9996 | 2 44810  97.3941 293.9643 0010312  11.6337 348.5140 15.30108881151193 | 2022/08/17-04:26:28   98.0452    0.1241  348.4904   94.1109     6853.6241     6846.5567     6860.6916  39.558303 -88.998603   0.000600  -0.000838
1 44810U 19081G   22230.42756689  .00022356  00000-0  76604-3 0  9996 | 2 44810  97.3940 295.2013 0010187   6.8845 353.2533 15.30162749151381 | 2022/08/18-10:15:41  185.3500    0.1241  353.2396   94.1076     6853.4633     6846.4817     6860.4449  41.470348 -88.123785   0.000541  -0.000863
1 44810U 19081G   22232.45473774  .00022188  00000-0  75823-3 0  9997 | 2 44810  97.3943 297.2192 0010007 359.2560   0.8664 15.30252941151692 | 2022/08/20-10:54:49  195.1271    0.1241    0.8681   94.1021     6853.1940     6846.3360     6860.0520  44.547758 -86.609162   0.000446  -0.000896
1 44810U 19081G   22233.69715039  .00014368  00000-0  49194-3 0  9990 | 2 44810  97.3943 298.4560 0009896 354.4423   5.6706 15.30285976151888 | 2022/08/21-16:43:53  282.3929    0.1241    5.6818   94.1001     6853.0954     6846.3135     6859.8772  46.406800 -85.627441   0.000385  -0.000912
1 44810U 19081G   22235.46263520  .00009994  00000-0  34274-3 0  9992 | 2 44810  97.3945 300.2137 0009749 347.6681  12.4320 15.30328423152153 | 2022/08/23-11:06:11  197.9627    0.1242   12.4561   94.0974     6852.9686     6846.2877     6859.6496  49.011502 -84.163895   0.000299  -0.000928
1 44810U 19081G   22237.16269125  .00008595  00000-0  29489-3 0  9996 | 2 44810  97.3944 301.9066 0009591 341.1957  18.8928 15.30362175152416 | 2022/08/25-03:54:16   89.9772    0.1241   18.9284   94.0954     6852.8679     6846.2953     6859.4405  51.476459 -82.679159   0.000217  -0.000934
1 44810U 19081G   22239.12425058  .00010962  00000-0  37482-3 0  9996 | 2 44810  97.3941 303.8604 0009466 332.9118  27.1628 15.30401743152718 | 2022/08/27-02:58:55   76.1321    0.1242   27.2124   94.0929     6852.7498     6846.2630     6859.2366  54.265199 -80.875824   0.000112  -0.000940
1 44810U 19081G   22240.17039093  .00014439  00000-0  49219-3 0  9997 | 2 44810  97.3937 304.9021 0009357 328.8699  31.1987 15.30432396152873 | 2022/08/28-04:05:21   92.7380    0.1242   31.2543   94.0911     6852.6583     6846.2462     6859.0703  55.726331 -79.875583   0.000062  -0.000934
1 44810U 19081G   22242.13185154  .00013559  00000-0  46147-3 0  9994 | 2 44810  97.3931 306.8578 0010745 319.3867  40.6649 15.30485382153177 | 2022/08/30-03:09:51   78.8585    0.1319   40.7452   94.0878     6852.5001     6845.1371     6859.8631  58.419408 -77.926817  -0.000070  -0.001072
1 44810U 19081G   22243.17793334  .00015953  00000-0  54200-3 0  9993 | 2 44810  97.3927 307.8971 0009180 316.5012  43.5504 15.30519507153339 | 2022/08/31-04:16:13   95.4397    0.1241   43.6229   94.0857     6852.3982     6846.1077     6858.6887  59.823004 -76.854058  -0.000090  -0.000914
1 44810U 19081G   22244.42012836  .00014769  00000-0  50151-3 0  9998 | 2 44810  97.3923 309.1340 0009131 311.4871  48.5585 15.30554674153522 | 2022/09/01-10:04:59  182.6233    0.1241   48.6370   94.0835     6852.2933     6846.0365     6858.5501  61.467807 -75.544482  -0.000149  -0.000901
1 44810U 19081G   22246.11992870  .00012245  00000-0  41580-3 0  9994 | 2 44810  97.3922 310.8265 0009123 304.5749  55.4630 15.30599754153788 | 2022/09/03-02:52:41   74.5421    0.1241   55.5492   94.0808     6852.1587     6845.9075     6858.4100  63.672162 -73.695973  -0.000230  -0.000883
1 44810U 19081G   22247.16592748  .00019151  00000-0  64738-3 0  9993 | 2 44810  97.3921 311.8678 0009061 300.1885  59.8458 15.30645252153949 | 2022/09/04-03:58:56   91.0949    0.1241   59.9356   94.0780     6852.0229     6845.8143     6858.2316  65.000866 -72.526606  -0.000279  -0.000862
1 44810U 19081G   22248.73485532  .00025347  00000-0  85285-3 0  9993 | 2 44810  97.3925 313.4300 0009073 293.3028  66.7257 15.30737763154188 | 2022/09/05-17:38:11  295.8989    0.1241   66.8213   94.0723     6851.7469     6845.5303     6857.9635  66.954213 -70.727876  -0.000358  -0.000834
1 44810U 19081G   22250.10759556  .00023058  00000-0  77470-3 0  9991 | 2 44810  97.3925 314.7975 0009058 287.9011  72.1242 15.30805386154399 | 2022/09/07-02:34:56   70.0742    0.1241   72.2230   94.0681     6851.5451     6845.3390     6857.7512  68.623072 -69.109862  -0.000415  -0.000805
1 44810U 19081G   22251.15345569  .00021234  00000-0  71276-3 0  9994 | 2 44810  97.3923 315.8393 0009089 283.5478  76.4751 15.30851003154553 | 2022/09/08-03:40:58   86.5753    0.1242   76.5764   94.0653     6851.4090     6845.1817     6857.6362  69.868129 -67.850605  -0.000463  -0.000782
1 44810U 19081G   22252.46073385  .00024002  00000-0  80345-3 0  9996 | 2 44810  97.3920 317.1416 0009102 277.9976  82.0232 15.30915925154750 | 2022/09/09-11:03:27  197.1837    0.1241   82.1265   94.0613     6851.2153     6844.9793     6857.4513  71.391934 -66.244950  -0.000520  -0.000747
1 44810U 19081G   22253.70259690  .00021088  00000-0  70515-3 0  9998 | 2 44810  97.3915 318.3793 0009138 273.0164  87.0031 15.30975913154946 | 2022/09/10-16:51:44  284.2421    0.1241   87.1077   94.0577     6851.0363     6844.7758     6857.2968  72.805812 -64.687077  -0.000570  -0.000714
1 44810U 19081G   22254.74833635  .00022159  00000-0  73948-3 0  9993 | 2 44810  97.3910 319.4214 0009203 268.7927  91.2259 15.31030156155102 | 2022/09/11-17:57:36  300.6978    0.1240   91.3313   94.0543     6850.8745     6844.5696     6857.1794  73.969859 -63.351928  -0.000613  -0.000686
1 44810U 19081G   22256.12080713  .00027736  00000-0  92183-3 0  9996 | 2 44810  97.3903 320.7890 0009246 263.8020  96.2168 15.31115665155312 | 2022/09/13-02:53:57   74.7722    0.1241   96.3221   94.0491     6850.6194     6844.2853     6856.9535  75.460257 -61.568012  -0.000658  -0.000649
1 44810U 19081G   22257.16645193  .00025802  00000-0  85643-3 0  9995 | 2 44810  97.3898 321.8307 0009303 259.6224 100.3969 15.31172303155478 | 2022/09/14-03:59:41   91.1928    0.1241  100.5017   94.0456     6850.4505     6844.0775     6856.8235  76.566705 -60.185653  -0.000697  -0.000616
1 44810U 19081G   22258.60415071  .00026980  00000-0  89309-3 0  9996 | 2 44810  97.3894 323.2628 0009346 253.3737 106.6478 15.31251068155697 | 2022/09/15-14:29:58  248.7471    0.1241  106.7504   94.0408     6850.2156     6843.8134     6856.6178  78.046644 -58.253040  -0.000750  -0.000558
1 44810U 19081G   22260.17246594  .00020233  00000-0  66937-3 0  9990 | 2 44810  97.3895 324.8260 0009463 248.3154 111.7080 15.31327799155932 | 2022/09/17-04:08:21   93.3213    0.1241  111.8087   94.0360     6849.9867     6843.5046     6856.4689  79.606800 -56.102336  -0.000792  -0.000517
1 44810U 19081G   22261.74071120  .00025070  00000-0  82638-3 0  9995 | 2 44810  97.3895 326.3884 0009614 241.9058 118.1212 15.31399237156172 | 2022/09/18-17:46:37  297.8693    0.1241  118.2183   94.0317     6849.7737     6843.1883     6856.3591  81.106870 -53.910948  -0.000847  -0.000456
1 44810U 19081G   22263.63557311  .00019580  00000-0  64464-3 0  9992 | 2 44810  97.3897 328.2771 0009720 234.5976 125.4358 15.31487181156465 | 2022/09/20-15:15:13  259.9922    0.1241  125.5265   94.0263     6849.5115     6842.8537     6856.1692  82.839778 -51.208640  -0.000896  -0.000378
1 44810U 19081G   22265.72634126  .00019967  00000-0  65566-3 0  9997 | 2 44810  97.3898 330.3614 0009861 226.7987 133.2431 15.31567307156780 | 2022/09/22-17:25:55  292.6368    0.1240  133.3253   94.0213     6849.2726     6842.5185     6856.0266  84.647510 -48.161937  -0.000942  -0.000291
1 44810U 19081G   22267.09834964  .00023259  00000-0  76165-3 0  9997 | 2 44810  97.3895 331.7292 0009918 222.2314 137.8164 15.31624050156997 | 2022/09/24-02:21:37   66.5383    0.1240  137.8926   94.0178     6849.1034     6842.3105     6855.8963  85.772769 -46.127507  -0.000963  -0.000239
1 44810U 19081G   22268.14365293  .00023893  00000-0  78112-3 0  9996 | 2 44810  97.3890 332.7716 0009940 218.8576 141.1951 15.31671936157156 | 2022/09/25-03:26:51   82.8305    0.1240  141.2664   94.0149     6848.9607     6842.1528     6855.7685  86.597295 -44.559239  -0.000974  -0.000200
1 44810U 19081G   22269.45023853  .00018022  00000-0  58928-3 0  9995 | 2 44810  97.3887 334.0745 0010142 213.3186 146.7418 15.31722228157354 | 2022/09/26-10:48:20  193.1786    0.1241  146.8055   94.0118     6848.8107     6841.8647     6855.7568  87.587821 -42.578544  -0.001006  -0.000131
1 44810U 19081G   22271.14873338  .00024252  00000-0  78956-3 0  9990 | 2 44810  97.3877 335.7682 0010244 207.2748 152.7957 15.31799704157617 | 2022/09/28-03:34:10   84.6070    0.1241  152.8493   94.0071     6848.5798     6841.5641     6855.5955  88.807110 -39.970757  -0.001023  -0.000054
1 44810U 19081G   22273.17375353  .00020943  00000-0  68069-3 0  9996 | 2 44810  97.3868 337.7871 0010395 199.8372 160.2467 15.31882036157920 | 2022/09/30-04:10:12   93.5779    0.1241  160.2869   94.0020     6848.3344     6841.2156     6855.4533  90.159286 -36.817005  -0.001039   0.000043
1 44810U 19081G   22274.74143158  .00022896  00000-0  74207-3 0  9996 | 2 44810  97.3867 339.3498 0010581 194.5026 165.5914 15.31952164158169 | 2022/10/01-17:47:39  297.9144    0.1241  165.6215   93.9977     6848.1254     6840.8794     6855.3714  91.129693 -34.344554  -0.001052   0.000113
1 44810U 19081G   22276.17840520  .00031164  00000-0  10057-2 0  9992 | 2 44810  97.3868 340.7826 0010641 189.5107 170.5934 15.32026234158385 | 2022/10/03-04:16:54   95.1984    0.1240  170.6133   93.9932     6847.9047     6840.6178     6855.1915  91.960062 -32.055199  -0.001049   0.000179
1 44810U 19081G   22278.07248617  .00030442  00000-0  97930-3 0  9996 | 2 44810  97.3872 342.6713 0010755 183.0805 177.0373 15.32131427158678 | 2022/10/05-01:44:22   57.0320    0.1242  177.0437   93.9867     6847.5912     6840.2267     6854.9558  92.966963 -29.007078  -0.001042   0.000265
1 44810U 19081G   22279.11743989  .00032197  00000-0  10334-2 0  9995 | 2 44810  97.3870 343.7132 0010813 179.2680 180.8580 15.32192482158834 | 2022/10/06-02:49:06   73.1952    0.1241  180.8561   93.9830     6847.4093     6840.0052     6854.8134  93.478853 -27.311754  -0.001034   0.000316
1 44810U 19081G   22280.16235319  .00032519  00000-0  10417-2 0  9995 | 2 44810  97.3871 344.7562 0010888 176.0966 184.0363 15.32252489158993 | 2022/10/07-03:53:47   89.3440    0.1241  184.0275   93.9793     6847.2305     6839.7753     6854.6858  93.960611 -25.605680  -0.001029   0.000357
1 44810U 19081G   22281.72964630  .00029347  00000-0  93812-3 0  9999 | 2 44810  97.3868 346.3199 0011001 170.9423 189.2019 15.32339694159239 | 2022/10/08-17:30:41  293.5393    0.1241  189.1818   93.9739     6846.9708     6839.4384     6854.5031  94.624065 -23.032046  -0.001015   0.000425
1 44810U 19081G   22282.77445399  .00033228  00000-0  10590-2 0  9995 | 2 44810  97.3863 347.3625 0011077 167.3880 192.7641 15.32409301159399 | 2022/10/09-18:35:12  309.6494    0.1241  192.7361   93.9697     6846.7634     6839.1793     6854.3476  95.026998 -21.306363  -0.001002   0.000473
1 44810U 19081G   22284.14569383  .00029073  00000-0  92490-3 0  9991 | 2 44810  97.3858 348.7309 0011095 162.8641 197.2978 15.32494190159609 | 2022/10/11-03:29:47   83.2691    0.1241  197.2600   93.9645     6846.5106     6838.9144     6854.1068  95.508220 -19.030867  -0.000976   0.000528
1 44810U 19081G   22285.45156886  .00030698  00000-0  97389-3 0  9993 | 2 44810  97.3854 350.0342 0011205 158.2641 201.9078 15.32571294159807 | 2022/10/12-10:50:15  193.3580    0.1241  201.8600   93.9597     6846.2809     6838.6097     6853.9522  95.915974 -16.853548  -0.000953   0.000589
1 44810U 19081G   22287.14910829  .00028669  00000-0  90705-3 0  9996 | 2 44810  97.3847 351.7281 0011255 152.5891 207.5947 15.32671200160063 | 2022/10/14-03:34:42   84.4395    0.1241  207.5350   93.9536     6845.9834     6838.2783     6853.6886  96.371555 -14.010823  -0.000914   0.000657
1 44810U 19081G   22288.78123093  .00033413  00000-0  10518-2 0  9992 | 2 44810  97.3842 353.3564 0011297 147.2540 212.9404 15.32801516160319 | 2022/10/15-18:44:58  311.9735    0.1241  212.8701   93.9456     6845.5954     6837.8619     6853.3289  96.730267 -11.266674  -0.000873   0.000717
1 44810U 19081G   22290.15211316  .00032187  00000-0  10104-2 0  9990 | 2 44810  97.3839 354.7245 0011282 143.2726 216.9291 15.32897718160522 | 2022/10/17-03:39:02   85.4669    0.1241  216.8515   93.9397     6845.3090     6837.5861     6853.0319  96.971392  -8.953943  -0.000838   0.000755
1 44810U 19081G   22291.45764342  .00026420  00000-0  82848-3 0  9994 | 2 44810  97.3842 356.0275 0011319 138.9417 221.2679 15.32972836160729 | 2022/10/18-10:59:00  195.4337    0.1241  221.1824   93.9351     6845.0854     6837.3374     6852.8333  97.150226  -6.746550  -0.000800   0.000801
1 44810U 19081G   22293.15474292  .00022673  00000-0  70971-3 0  9995 | 2 44810  97.3847 357.7218 0011351 133.4099 226.8090 15.33059528160982 | 2022/10/20-03:42:49   86.3586    0.1242  226.7143   93.9298     6844.8273     6837.0577     6852.5969  97.307726  -3.871199  -0.000747   0.000855
1 44810U 19081G   22294.46014059  .00022742  00000-0  71042-3 0  9998 | 2 44810  97.3850 359.0252 0011408 129.3122 230.9134 15.33124243161188 | 2022/10/21-11:02:36  196.2784    0.1242  230.8120   93.9259     6844.6347     6836.8263     6852.4430  97.370906  -1.656777  -0.000708   0.000895
1 44810U 19081G   22295.70021639  .00027437  00000-0  85426-3 0  9995 | 2 44810  97.3848   0.2636 0011468 125.2684 234.9632 15.33190723161374 | 2022/10/22-16:48:18  282.6835    0.1241  234.8557   93.9218     6844.4368     6836.5876     6852.2860  97.383769   0.448035  -0.000666   0.000933
1 44810U 19081G   22297.13601333  .00030758  00000-0  95407-3 0  9999 | 2 44810  97.3843   1.6980 0011441 120.5772 239.6600 15.33286852161593 | 2022/10/24-03:15:51   79.5456    0.1241  239.5469   93.9159     6844.1508     6836.3204     6851.9811  97.341538   2.885629  -0.000611   0.000967
1 44810U 19081G   22298.44122047  .00018692  00000-0  58061-3 0  9992 | 2 44810  97.3839   3.0014 0011461 116.6308 243.6110 15.33343357161792 | 2022/10/25-10:35:21  189.3986    0.1242  243.4934   93.9124     6843.9826     6836.1387     6851.8265  97.250314   5.099056  -0.000567   0.000996
1 44810U 19081G   22299.74638065  .00020279  00000-0  62848-3 0  9990 | 2 44810  97.3830   4.3049 0011488 112.4313 247.8147 15.33398738161995 | 2022/10/26-17:54:47  299.2350    0.1242  247.6929   93.9090     6843.8178     6835.9556     6851.6800  97.108255   7.309958  -0.000517   0.001026
1 44810U 19081G   22301.18199393  .00025379  00000-0  78344-3 0  9992 | 2 44810  97.3823   5.7385 0011496 107.5446 252.7054 15.33478148162218 | 2022/10/28-04:22:04   96.0332    0.1243  252.5797   93.9042     6843.5816     6835.7142     6851.4489  96.894279   9.737096  -0.000454   0.001056
1 44810U 19081G   22303.66148070  .00033435  00000-0  10245-2 0  9990 | 2 44810  97.3815   8.2142 0011425  99.5304 260.7230 15.33658614162597 | 2022/10/30-15:52:31  268.6133    0.1242  260.5938   93.8931     6843.0447     6835.2265     6850.8629  96.382449  13.913307  -0.000348   0.001088
1 44810U 19081G   22305.42303921  .00037711  00000-0  11498-2 0  9996 | 2 44810  97.3820   9.9748 0011380  93.8488 266.4056 15.33790975162869 | 2022/11/01-10:09:10  182.7490    0.1243  266.2755   93.8850     6842.6510     6834.8641     6850.4379  95.909977  16.868025  -0.000272   0.001105
1 44810U 19081G   22306.46685764  .00037274  00000-0  11340-2 0  9999 | 2 44810  97.3824  11.0178 0011303  90.3847 269.8691 15.33863371163022 | 2022/11/02-11:12:16  198.5101    0.1243  269.7396   93.8806     6842.4357     6834.7017     6850.1697  95.587434  18.611135  -0.000223   0.001108
1 44810U 19081G   22308.09770929  .00050799  00000-0  15347-2 0  9996 | 2 44810  97.3829  12.6480 0011208  84.9207 275.3315 15.34012921163273 | 2022/11/04-02:20:42   65.5955    0.1243  275.2036   93.8714     6841.9910     6834.3225     6849.6595  95.019774  21.323033  -0.000148   0.001111
1 44810U 19081G   22309.14136866  .00038601  00000-0  11654-2 0  9994 | 2 44810  97.3827  13.6912 0011089  81.2438 279.0061 15.34101010163430 | 2022/11/05-03:23:34   81.3007    0.1244  278.8806   93.8660     6841.7290     6834.1423     6849.3158  94.615618  23.049406  -0.000095   0.001105
1 44810U 19081G   22310.18497035  .00032913  00000-0  99223-3 0  9997 | 2 44810  97.3825  14.7346 0011115  78.0613 282.1876 15.34181292163596 | 2022/11/06-04:26:21   96.9835    0.1244  282.0631   93.8611     6841.4904     6833.8860     6849.0947  94.180012  24.768461  -0.000054   0.001110
1 44810U 19081G   22311.61983806  .00036534  00000-0  10970-2 0  9996 | 2 44810  97.3821  16.1695 0011058  73.3104 286.9352 15.34286553163816 | 2022/11/07-14:52:34  253.5186    0.1243  286.8139   93.8547     6841.1774     6833.6125     6848.7424  93.529865  27.118955   0.000010   0.001106
1 44810U 19081G   22313.11980192  .00035300  00000-0  10556-2 0  9998 | 2 44810  97.3815  17.6695 0010994  68.2171 292.0241 15.34424335164043 | 2022/11/09-02:52:30   73.4884    0.1244  291.9073   93.8463     6840.7679     6833.2472     6848.2887  92.787352  29.557807   0.000079   0.001097
1 44810U 19081G   22314.16318710  .00025050  00000-0  74926-3 0  9998 | 2 44810  97.3810  18.7128 0010919  64.8390 295.3984 15.34488789164204 | 2022/11/10-03:54:59   89.0960    0.1243  295.2853   93.8423     6840.5764     6833.1071     6848.0456  92.233307  31.242220   0.000123   0.001085
1 44810U 19081G   22315.72820311  .00024747  00000-0  73864-3 0  9998 | 2 44810  97.3803  20.2777 0010809  59.8406 300.3907 15.34559631164447 | 2022/11/11-17:28:36  292.4855    0.1244  300.2838   93.8380     6840.3658     6832.9721     6847.7596  91.345048  33.749148   0.000185   0.001065
1 44810U 19081G   22317.16273374  .00018511  00000-0  55244-3 0  9993 | 2 44810  97.3798  21.7125 0010708  55.0750 305.1498 15.34624519164661 | 2022/11/13-03:54:20   88.9021    0.1244  305.0494   93.8340     6840.1730     6832.8485     6847.4975  90.470887  36.025604   0.000245   0.001042
1 44810U 19081G   22318.46680393  .00019508  00000-0  58103-3 0  9994 | 2 44810  97.3797  23.0165 0010601  50.9412 309.2772 15.34677658164864 | 2022/11/14-11:12:11  198.3552    0.1243  309.1831   93.8308     6840.0151     6832.7640     6847.2662  89.627525  38.075093   0.000293   0.001019
1 44810U 19081G   22319.77083274  .00016560  00000-0  49306-3 0  9994 | 2 44810  97.3795  24.3207 0010522  46.5781 313.6336 15.34723034165063 | 2022/11/15-18:29:59  307.7933    0.1244  313.5463   93.8280     6839.8803     6832.6834     6847.0772  88.737512  40.105124   0.000344   0.000994
1 44810U 19081G   22321.14002267  .00016084  00000-0  47832-3 0  9994 | 2 44810  97.3796  25.6902 0010431  42.0821 318.1221 15.34768052165270 | 2022/11/17-03:21:37   80.6893    0.1243  318.0422   93.8253     6839.7465     6832.6120     6846.8811  87.753742  42.214539   0.000395   0.000966
1 44810U 19081G   22322.44397611  .00014924  00000-0  44351-3 0  9992 | 2 44810  97.3798  26.9945 0010333  37.7041 322.4925 15.34809055165479 | 2022/11/18-10:39:19  190.1010    0.1244  322.4203   93.8227     6839.6247     6832.5573     6846.6921  86.770281  44.201175   0.000442   0.000934
1 44810U 19081G   22324.13906047  .00015671  00000-0  46472-3 0  9995 | 2 44810  97.3801  28.6905 0010182  32.1097 328.0764 15.34867049165730 | 2022/11/20-03:20:14   80.3167    0.1243  328.0146   93.8192     6839.4524     6832.4885     6846.4164  85.424334  46.750049   0.000497   0.000889
1 44810U 19081G   22325.44292766  .00018781  00000-0  55543-3 0  9990 | 2 44810  97.3800  29.9953 0010073  27.5991 332.5785 15.34914873165939 | 2022/11/21-10:37:48  189.6977    0.1244  332.5253   93.8163     6839.3104     6832.4211     6846.1996  84.337548  48.683082   0.000540   0.000850
1 44810U 19081G   22326.74675766  .00014512  00000-0  42944-3 0  9998 | 2 44810  97.3797  31.3001 0009952  23.2043 336.9648 15.34954123166131 | 2022/11/22-17:55:19  299.0653    0.1244  336.9201   93.8139     6839.1938     6832.3874     6846.0001  83.206856  50.590760   0.000578   0.000810
1 44810U 19081G   22328.44168662  .00013989  00000-0  41344-3 0  9999 | 2 44810  97.3789  32.9960 0009791  17.5836 342.5744 15.35003732166390 | 2022/11/24-10:36:01  189.2255    0.1244  342.5408   93.8108     6839.0464     6832.3503     6845.7425  81.672520  53.030648   0.000622   0.000756
1 44810U 19081G   22329.68025497  .00018096  00000-0  53319-3 0  9993 | 2 44810  97.3781  34.2350 0009665  13.4489 346.7010 15.35043844166580 | 2022/11/25-16:19:34  275.1000    0.1244  346.6755   93.8084     6838.9273     6832.3174     6845.5371  80.506084  54.783800   0.000651   0.000715
1 44810U 19081G   22330.72323253  .00016814  00000-0  49512-3 0  9997 | 2 44810  97.3777  35.2785 0009570   9.8350 350.3079 15.35079937166745 | 2022/11/26-17:21:27  290.5635    0.1244  350.2894   93.8062     6838.8201     6832.2753     6845.3648  79.494711  56.240620   0.000675   0.000678
1 44810U 19081G   22332.15728565  .00017114  00000-0  50308-3 0  9990 | 2 44810  97.3774  36.7131 0009434   4.7109 355.4221 15.35130503166964 | 2022/11/28-03:46:29   86.8114    0.1244  355.4135   93.8031     6838.6699     6832.2183     6845.1215  78.061520  58.213032   0.000707   0.000624
1 44810U 19081G   22334.11274290  .00017088  00000-0  50135-3 0  9997 | 2 44810  97.3772  38.6696 0009232 357.8237   2.2965 15.35194126167266 | 2022/11/30-02:42:20   70.7597    0.1244    2.3007   93.7992     6838.4809     6832.1677     6844.7942  76.028421  60.844049   0.000742   0.000549
1 44810U 19081G   22335.15562080  .00015170  00000-0  44502-3 0  9990 | 2 44810  97.3773  39.7131 0009106 354.0728   6.0406 15.35225037167423 | 2022/12/01-03:44:05   86.1869    0.1244    6.0516   93.7973     6838.3892     6832.1621     6844.6162  74.907828  62.218614   0.000757   0.000506
1 44810U 19081G   22336.45918396  .00016548  00000-0  48448-3 0  9992 | 2 44810  97.3776  41.0179 0008977 349.2274  10.8776 15.35270836167623 | 2022/12/02-11:01:13  195.4581    0.1244   10.8970   93.7945     6838.2532     6832.1145     6844.3919  73.471845  63.908410   0.000776   0.000452
1 44810U 19081G   22337.63235900  .00014290  00000-0  41832-3 0  9998 | 2 44810  97.3779  42.1923 0008869 344.8325  15.2651 15.35307632167809 | 2022/12/03-15:10:35  257.7905    0.1244   15.2919   93.7923     6838.1439     6832.0791     6844.2086  72.146786  65.401045   0.000790   0.000403
1 44810U 19081G   22339.45724077  .00018324  00000-0  53443-3 0  9991 | 2 44810  97.3776  44.0191 0008707 337.8869  22.1997 15.35371856168080 | 2022/12/05-10:58:25  194.7308    0.1243   22.2374   93.7884     6837.9532     6831.9994     6843.9070  70.025030  67.667512   0.000808   0.000325
1 44810U 19081G   22340.63033587  .00016103  00000-0  46944-3 0  9993 | 2 44810  97.3772  45.1933 0008596 333.4209  26.6593 15.35414731168269 | 2022/12/06-15:07:41  257.0335    0.1244   26.7035   93.7857     6837.8259     6831.9481     6843.7037  68.623386  69.087987   0.000815   0.000274
1 44810U 19081G   22341.93373947  .00022880  00000-0  66436-3 0  9991 | 2 44810  97.3766  46.4979 0008484 328.3592  31.7140 15.35466426168465 | 2022/12/07-22:24:35    6.2459    0.1244   31.7652   93.7826     6837.6724     6831.8714     6843.4735  67.032217  70.632033   0.000820   0.000218
1 44810U 19081G   22343.17192847  .00019085  00000-0  55394-3 0  9991 | 2 44810  97.3761  47.7375 0008356 323.3698  36.6973 15.35517070168655 | 2022/12/09-04:07:34   91.9808    0.1244   36.7546   93.7795     6837.5221     6831.8087     6843.2355  65.488181  72.065269   0.000820   0.000161
1 44810U 19081G   22344.73590353  .00017390  00000-0  50418-3 0  9997 | 2 44810  97.3755  49.3029 0008231 317.0886  42.9714 15.35572823168899 | 2022/12/10-17:39:42  294.9951    0.1243   43.0357   93.7761     6837.3566     6831.7288     6842.9844  63.494671  73.826924   0.000818   0.000092
1 44810U 19081G   22346.10433331  .00016766  00000-0  48544-3 0  9995 | 2 44810  97.3750  50.6727 0008129 311.3606  48.6938 15.35623235169107 | 2022/12/12-02:30:14   67.6144    0.1244   48.7638   93.7730     6837.2069     6831.6490     6842.7649  61.711359  75.323295   0.000812   0.000029
1 44810U 19081G   22347.14691736  .00018087  00000-0  52279-3 0  9993 | 2 44810  97.3747  51.7160 0008099 307.0056  53.0445 15.35662025169263 | 2022/12/13-03:31:33   82.9333    0.1243   53.1187   93.7706     6837.0918     6831.5544     6842.6292  60.329455  76.434214   0.000810  -0.000018
1 44810U 19081G   22348.64558908  .00015976  00000-0  46144-3 0  9990 | 2 44810  97.3746  53.2163 0008034 300.8543  59.1910 15.35711810169499 | 2022/12/14-15:29:38  262.4368    0.1244   59.2701   93.7676     6836.9440     6831.4512     6842.4368  58.307499  77.987488   0.000799  -0.000083
1 44810U 19081G   22349.68811268  .00018512  00000-0  53349-3 0  9990 | 2 44810  97.3747  54.2602 0008018 296.4531  63.5890 15.35751347169651 | 2022/12/15-16:30:52  277.7321    0.1244   63.6713   93.7652     6836.8267     6831.3449     6842.3085  56.877066  79.036900   0.000791  -0.000129
1 44810U 19081G   22350.73060946  .00017455  00000-0  50260-3 0  9991 | 2 44810  97.3746  55.3040 0007978 292.0803  67.9593 15.35790050169816 | 2022/12/16-17:32:04  293.0172    0.1244   68.0441   93.7628     6836.7118     6831.2575     6842.1662  55.427777  80.059817   0.000779  -0.000174
1 44810U 19081G   22351.77308000  .00016236  00000-0  46719-3 0  9992 | 2 44810  97.3746  56.3478 0007948 287.7523  72.2854 15.35827471169973 | 2022/12/17-18:33:14  308.2922    0.1245   72.3722   93.7605     6836.6008     6831.1671     6842.0345  53.960150  81.056245   0.000764  -0.000218
1 44810U 19081G   22352.94583228  .00016821  00000-0  48333-3 0  9993 | 2 44810  97.3747  57.5224 0007905 282.8057  77.2304 15.35865736170150 | 2022/12/18-22:41:59   10.4659    0.1245   77.3188   93.7582     6836.4872     6831.0830     6841.8915  52.287277  82.145437   0.000744  -0.000266
1 44810U 19081G   22354.44429747  .00020206  00000-0  57867-3 0  9999 | 2 44810  97.3747  59.0231 0007880 276.5739  83.4608 15.35930342170381 | 2022/12/20-10:39:47  189.8911    0.1244   83.5505   93.7543     6836.2955     6830.9085     6841.6825  50.118023  83.486622   0.000718  -0.000326
1 44810U 19081G   22355.94270289  .00020013  00000-0  57211-3 0  9999 | 2 44810  97.3744  60.5238 0007869 270.1035  89.9307 15.35989235170616 | 2022/12/21-22:37:29    9.2937    0.1244   90.0209   93.7507     6836.1208     6830.7414     6841.5001  47.914240  84.770274   0.000686  -0.000386
1 44810U 19081G   22357.44105354  .00019302  00000-0  55093-3 0  9991 | 2 44810  97.3739  62.0243 0007885 263.9641  96.0705 15.36045632170845 | 2022/12/23-10:35:07  188.6759    0.1244   96.1603   93.7472     6835.9534     6830.5633     6841.3436  45.677809  85.995431   0.000654  -0.000441
1 44810U 19081G   22358.74392301  .00018957  00000-0  54030-3 0  9990 | 2 44810  97.3731  63.3288 0007906 258.3859 101.6497 15.36094579171041 | 2022/12/24-17:51:14  297.6876    0.1243  101.7384   93.7442     6835.8082     6830.4038     6841.2126  43.707852  87.012322   0.000621  -0.000490
1 44810U 19081G   22360.11189302  .00013411  00000-0  38264-3 0  9990 | 2 44810  97.3725  64.6986 0007940 252.5602 107.4774 15.36137070171252 | 2022/12/26-02:41:07   70.1333    0.1244  107.5642   93.7416     6835.6822     6830.2546     6841.1097  41.615055  88.031761   0.000583  -0.000539
1 44810U 19081G   22361.15412615  .00019341  00000-0  54960-3 0  9990 | 2 44810  97.3723  65.7423 0007961 247.9798 112.0600 15.36182132171412 | 2022/12/27-03:41:56   85.3186    0.1243  112.1445   93.7389     6835.5485     6830.1067     6840.9903  40.004570  88.774992   0.000550  -0.000575
1 44810U 19081G   22363.43390437  .00015802  00000-0  44833-3 0  9996 | 2 44810  97.3721  68.0258 0008035 238.5264 121.5195 15.36274033171763 | 2022/12/29-10:24:49  185.9962    0.1243  121.5979   93.7333     6835.2759     6829.7837     6840.7680  36.435574  90.298255   0.000479  -0.000645
1 44810U 19081G   22364.73657781  .00022916  00000-0  64735-3 0  9995 | 2 44810  97.3722  69.3307 0008121 233.2908 126.7590 15.36331142171969 | 2022/12/30-17:40:40  294.9338    0.1243  126.8335   93.7298     6835.1065     6829.5557     6840.6573  34.369813  91.104672   0.000438  -0.000684
1 44810U 19081G   22365.90893736  .00021422  00000-0  60431-3 0  9997 | 2 44810  97.3725  70.5056 0008185 228.5277 131.5265 15.36387703172141 | 2022/12/31-21:48:52  356.9595    0.1244  131.5967   93.7263     6834.9387     6829.3443     6840.5331  32.494637  91.790535   0.000397  -0.000716
1 44810U 19081G   23002.14638740  .00021351  00000-0  60133-3 0  9994 | 2 44810  97.3724  71.7456 0008272 223.8539 136.2049 15.36438480172335 | 2023/01/02-03:30:47   82.4166    0.1244  136.2705   93.7232     6834.7881     6829.1344     6840.4419  30.500613  92.472141   0.000357  -0.000746
1 44810U 19081G   23003.44892431  .00018821  00000-0  52968-3 0  9992 | 2 44810  97.3722  73.0506 0008354 218.6617 141.4030 15.36486862172531 | 2023/01/03-10:46:27  191.3028    0.1244  141.4627   93.7203     6834.6447     6828.9350     6840.3543  28.386630  93.142604   0.000309  -0.000776
1 44810U 19081G   23004.62117305  .00022620  00000-0  63483-3 0  9999 | 2 44810  97.3720  74.2252 0008432 214.0689 146.0014 15.36534980172714 | 2023/01/04-14:54:29  253.2876    0.1243  146.0554   93.7174     6834.5020     6828.7391     6840.2648  26.471261  93.704742   0.000265  -0.000801
1 44810U 19081G   23006.44458971  .00021836  00000-0  61128-3 0  9990 | 2 44810  97.3713  76.0522 0008580 207.0629 153.0169 15.36619943172998 | 2023/01/06-10:40:12  189.6784    0.1244  153.0615   93.7122     6834.2500     6828.3863     6840.1138  23.470164  94.500378   0.000195  -0.000836
1 44810U 19081G   23007.61673506  .00022188  00000-0  62006-3 0  9990 | 2 44810  97.3708  77.2266 0008656 202.5608 157.5257 15.36670284173174 | 2023/01/07-14:48:05  251.6249    0.1244  157.5636   93.7091     6834.1008     6828.1852     6840.0164  21.528270  94.961078   0.000147  -0.000853
1 44810U 19081G   23009.11441990  .00023619  00000-0  65837-3 0  9992 | 2 44810  97.3703  78.7274 0008713 197.0362 163.0591 15.36737081173401 | 2023/01/09-02:44:45   70.7580    0.1244  163.0882   93.7050     6833.9027     6827.9484     6839.8571  19.033671  95.491857   0.000087  -0.000867
1 44810U 19081G   23010.15624852  .00022973  00000-0  63950-3 0  9994 | 2 44810  97.3697  79.7714 0008820 193.3451 166.7561 15.36783231173562 | 2023/01/10-03:44:59   85.7933    0.1243  166.7792   93.7022     6833.7659     6827.7385     6839.7933  17.290521  95.822212   0.000048  -0.000881
1 44810U 19081G   23011.65381597  .00027097  00000-0  75150-3 0  9993 | 2 44810  97.3693  81.2719 0008959 187.5819 172.5292 15.36864514173792 | 2023/01/11-15:41:29  264.8833    0.1244  172.5425   93.6973     6833.5250     6827.4028     6839.6471  14.775363  96.241723  -0.000018  -0.000896
1 44810U 19081G   23013.15130095  .00028536  00000-0  78894-3 0  9992 | 2 44810  97.3691  82.7729 0009002 182.3140 177.8064 15.36950657174023 | 2023/01/13-03:37:52   83.9436    0.1243  177.8103   93.6920     6833.2696     6827.1183     6839.4209  12.249274  96.595533  -0.000077  -0.000897
1 44810U 19081G   23014.45338731  .00036023  00000-0  99149-3 0  9999 | 2 44810  97.3693  84.0781 0009103 177.6149 182.5140 15.37041355174223 | 2023/01/14-10:52:52  192.6643    0.1243  182.5094   93.6865     6833.0008     6826.7807     6839.2209  10.045857  96.849684  -0.000132  -0.000901
1 44810U 19081G   23015.75539898  .00032912  00000-0  90383-3 0  9994 | 2 44810  97.3688  85.3833 0009180 173.0813 187.0560 15.37129467174421 | 2023/01/15-18:07:46  301.3583    0.1244  187.0431   93.6811     6832.7397     6826.4672     6839.0122   7.837161  97.052883  -0.000184  -0.000899
1 44810U 19081G   23016.92713519  .00036273  00000-0  99243-3 0  9996 | 2 44810  97.3686  86.5581 0009229 168.9711 191.1738 15.37223776174607 | 2023/01/16-22:15:04    3.1558    0.1244  191.1533   93.6754     6832.4602     6826.1546     6838.7659   5.845657  97.192966  -0.000231  -0.000894
1 44810U 19081G   23018.16390435  .00035467  00000-0  96809-3 0  9991 | 2 44810  97.3685  87.7983 0009338 164.8601 195.2925 15.37300799174793 | 2023/01/18-03:56:01   88.3638    0.1244  195.2643   93.6707     6832.2320     6825.8521     6838.6120   3.740650  97.296620  -0.000278  -0.000891
1 44810U 19081G   23019.46569628  .00031215  00000-0  85043-3 0  9992 | 2 44810  97.3686  89.1040 0009404 160.7308 199.4294 15.37385733174995 | 2023/01/19-11:10:36  196.9787    0.1244  199.3936   93.6655     6831.9804     6825.5556     6838.4052   1.522603  97.356694  -0.000324  -0.000883
1 44810U 19081G   23021.15791434  .00035394  00000-0  95985-3 0  9991 | 2 44810  97.3679  90.8010 0009463 155.0916 205.0787 15.37501662175252 | 2023/01/21-03:47:23   86.1381    0.1244  205.0328   93.6584     6831.6369     6825.1722     6838.1017  -1.361167  97.358385  -0.000387  -0.000864
1 44810U 19081G   23022.45953525  .00034251  00000-0  92637-3 0  9998 | 2 44810  97.3672  92.1063 0009509 150.6470 209.5311 15.37590518175457 | 2023/01/22-11:01:43  194.6914    0.1244  209.4774   93.6530     6831.3737     6824.8778     6837.8697  -3.578594  97.301415  -0.000435  -0.000845
1 44810U 19081G   23024.15153404  .00032850  00000-0  88561-3 0  9999 | 2 44810  97.3662  93.8033 0009614 145.1558 215.0318 15.37698327175719 | 2023/01/24-03:38:12   83.7722    0.1244  214.9686   93.6465     6831.0544     6824.4871     6837.6218  -6.458433  97.151766  -0.000496  -0.000824
1 44810U 19081G   23025.45299384  .00026666  00000-0  71815-3 0  9993 | 2 44810  97.3656  95.1085 0009721 140.8692 219.3258 15.37771893175916 | 2023/01/25-10:52:18  192.2679    0.1245  219.2553   93.6420     6830.8366     6824.1963     6837.4768  -8.669634  96.978851  -0.000544  -0.000806
1 44810U 19081G   23026.75439111  .00030202  00000-0  81071-3 0  9997 | 2 44810  97.3654  96.4141 0009728 136.8589 223.3420 15.37848779176115 | 2023/01/26-18:06:19  300.7422    0.1245  223.2656   93.6373     6830.6089     6823.9641     6837.2537 -10.877028  96.755937  -0.000582  -0.000780
1 44810U 19081G   23028.12079090  .00027227  00000-0  72958-3 0  9993 | 2 44810  97.3653  97.7854 0009785 132.3228 227.8847 15.37923204176325 | 2023/01/28-02:53:56   72.6150    0.1244  227.8016   93.6328     6830.3885     6823.7050     6837.0721 -13.189406  96.467825  -0.000628  -0.000751
1 44810U 19081G   23029.16181539  .00023095  00000-0  61853-3 0  9991 | 2 44810  97.3651  98.8295 0009824 129.1128 231.0991 15.37972072176482 | 2023/01/29-03:53:00   87.3614    0.1244  231.0116   93.6298     6830.2438     6823.5338     6836.9539 -14.945020  96.211273  -0.000658  -0.000729
1 44810U 19081G   23030.91847374  .00019897  00000-0  53213-3 0  9998 | 2 44810  97.3654 100.5925 0009905 123.4792 236.7401 15.38044864176758 | 2023/01/30-22:02:36  359.7194    0.1245  236.6453   93.6254     6830.0283     6823.2632     6836.7935 -17.897969  95.706237  -0.000712  -0.000689
1 44810U 19081G   23032.15459071  .00022390  00000-0  59728-3 0  9998 | 2 44810  97.3654 101.8331 0009934 119.5239 240.6998 15.38098929176944 | 2023/02/01-03:42:36   84.6949    0.1245  240.6006   93.6221     6829.8683     6823.0835     6836.6531 -19.965896  95.296296  -0.000746  -0.000656
1 44810U 19081G   23034.17131805  .00019215  00000-0  51163-3 0  9991 | 2 44810  97.3647 103.8571 0009986 113.1830 247.0468 15.38186993177255 | 2023/02/03-04:06:41   90.6744    0.1245  246.9415   93.6167     6829.6076     6822.7876     6836.4276 -23.318958  94.531005  -0.000797  -0.000602
1 44810U 19081G   23035.73257181  .00023225  00000-0  61608-3 0  9991 | 2 44810  97.3642 105.4237 0010016 108.5429 251.6905 15.38264821177495 | 2023/02/04-17:34:54  292.6944    0.1245  251.5816   93.6120     6829.3772     6822.5369     6836.2175 -25.894485  93.857675  -0.000831  -0.000560
1 44810U 19081G   23036.90345837  .00024229  00000-0  64130-3 0  9995 | 2 44810  97.3636 106.5988 0009985 104.8947 255.3405 15.38324461177673 | 2023/02/05-21:40:58  354.1908    0.1245  255.2298   93.6083     6829.2007     6822.3818     6836.0197 -27.813694  93.306318  -0.000851  -0.000522
1 44810U 19081G   23038.13933840  .00033918  00000-0  89336-3 0  9999 | 2 44810  97.3631 107.8390 0009943 101.0191 259.2173 15.38407884177860 | 2023/02/07-03:20:38   79.0843    0.1245  259.1054   93.6033     6828.9538     6822.1638     6835.7439 -29.826536  92.681988  -0.000871  -0.000480
1 44810U 19081G   23039.18001959  .00039861  00000-0  10457-2 0  9992 | 2 44810  97.3625 108.8833 0009920  97.6901 262.5471 15.38497015178022 | 2023/02/08-04:19:13   93.7102    0.1245  262.4344   93.5978     6828.6901     6821.9160     6835.4641 -31.510560  92.122424  -0.000887  -0.000444
1 44810U 19081G   23040.74092104  .00048629  00000-0  12676-2 0  9995 | 2 44810  97.3619 110.4501 0009817  92.9824 267.2545 15.38648311178260 | 2023/02/09-17:46:55  295.6067    0.1245  267.1421   93.5886     6828.2424     6821.5391     6834.9457 -34.017419  91.225845  -0.000901  -0.000390
1 44810U 19081G   23041.78143058  .00053643  00000-0  13919-2 0  9998 | 2 44810  97.3613 111.4951 0009796  89.5914 270.6453 15.38765013178425 | 2023/02/10-18:45:15  310.1709    0.1245  270.5331   93.5815     6827.8972     6821.2086     6834.5858 -35.675289  90.589715  -0.000914  -0.000352
1 44810U 19081G   23043.14696498  .00060740  00000-0  15650-2 0  9991 | 2 44810  97.3609 112.8663 0009551  84.8049 275.4286 15.38950262178633 | 2023/02/12-03:31:37   81.7413    0.1245  275.3196   93.5703     6827.3492     6820.8284     6833.8700 -37.832699  89.709708  -0.000910  -0.000290
1 44810U 19081G   23044.44732003  .00066171  00000-0  16935-2 0  9999 | 2 44810  97.3614 114.1730 0009597  79.8404 280.3923 15.39131501178831 | 2023/02/13-10:44:08  189.8449    0.1245  280.2841   93.5593     6826.8133     6820.2616     6833.3650 -39.868828  88.824089  -0.000931  -0.000232
1 44810U 19081G   23045.74751845  .00073968  00000-0  18792-2 0  9993 | 2 44810  97.3617 115.4795 0009454  74.9689 285.2602 15.39323180179039 | 2023/02/14-17:56:25  297.8949    0.1246  285.1557   93.5476     6826.2465     6819.7930     6832.7001 -41.883848  87.892229  -0.000930  -0.000171
1 44810U 19081G   23046.78755431  .00103326  00000-0  25984-2 0  9996 | 2 44810  97.3618 116.5252 0009424  71.3636 288.8632 15.39510639179196 | 2023/02/15-18:54:04  312.2895    0.1246  288.7610   93.5362     6825.6924     6819.2598     6832.1249 -43.480941  87.113305  -0.000933  -0.000129
1 44810U 19081G   23048.15237718  .00078951  00000-0  19734-2 0  9993 | 2 44810  97.3617 117.8972 0009202  66.4050 293.8161 15.39801881179406 | 2023/02/17-03:39:25   83.6047    0.1246  293.7196   93.5185     6824.8317     6818.5515     6831.1119 -45.554237  86.047150  -0.000918  -0.000069
1 44810U 19081G   23049.19208642  .00063818  00000-0  15897-2 0  9994 | 2 44810  97.3615 118.9429 0009252  62.8179 297.4009 15.39972594179568 | 2023/02/18-04:36:36   97.8814    0.1246  297.3067   93.5082     6824.3273     6818.0134     6830.6412 -47.116905  85.201285  -0.000925  -0.000028
1 44810U 19081G   23051.14126595  .00067182  00000-0  16577-2 0  9992 | 2 44810  97.3609 120.9044 0009072  54.8578 305.3516 15.40248274179869 | 2023/02/20-03:23:25   79.5552    0.1246  305.2668   93.4914     6823.5130     6817.3227     6829.7033 -50.005254  83.538132  -0.000905   0.000067
1 44810U 19081G   23052.44052102  .00077009  00000-0  18853-2 0  9996 | 2 44810  97.3598 122.2125 0009111  50.3739 309.8310 15.40444007180062 | 2023/02/21-10:34:21  187.2640    0.1247  309.7508   93.4795     6822.9349     6816.7186     6829.1513 -51.898700  82.373877  -0.000903   0.000118
1 44810U 19081G   23054.12929465  .00071868  00000-0  17456-2 0  9993 | 2 44810  97.3596 123.9122 0008939  44.6267 315.5697 15.40708223180328 | 2023/02/23-03:06:11   75.1958    0.1246  315.4979   93.4635     6822.1549     6816.0565     6828.2532 -54.319046  80.798100  -0.000876   0.000178
1 44810U 19081G   23055.16839984  .00081127  00000-0  19571-2 0  9993 | 2 44810  97.3593 124.9587 0008815  40.8061 319.3844 15.40876053180484 | 2023/02/24-04:02:29   89.2573    0.1247  319.3186   93.4533     6821.6595     6815.6462     6827.6728 -55.785499  79.792302  -0.000854   0.000217
1 44810U 19081G   23056.72687067  .00066027  00000-0  15861-2 0  9999 | 2 44810  97.3593 126.5289 0008688  34.6478 325.5333 15.41071492180726 | 2023/02/25-17:26:41  290.2821    0.1247  325.4769   93.4415     6821.0827     6815.1566     6827.0089 -57.950999  78.233721  -0.000822   0.000280
1 44810U 19081G   23058.15526600  .00079748  00000-0  18973-2 0  9994 | 2 44810  97.3592 127.9685 0008466  29.0906 331.0811 15.41305670180943 | 2023/02/27-03:43:34   84.4821    0.1247  331.0341   93.4273     6820.3918     6814.6177     6826.1659 -59.898121  76.753039  -0.000780   0.000330
1 44810U 19081G   23059.90796418  .00060541  00000-0  14297-2 0  9990 | 2 44810  97.3588 129.7347 0008236  22.5560 337.6048 15.41616159181214 | 2023/02/28-21:47:28  355.4257    0.1248  337.5688   93.4085     6819.4760     6813.8595     6825.0925 -62.235023  74.870140  -0.000729   0.000383
1 44810U 19081G   23061.14118016  .00053116  00000-0  12499-2 0  9993 | 2 44810  97.3591 130.9780 0008114  17.9444 342.2088 15.41758884181406 | 2023/03/02-03:23:17   79.3633    0.1248  342.1804   93.3998     6819.0551     6813.5221     6824.5881 -63.845098  73.502366  -0.000695   0.000419
1 44810U 19081G   23062.17958124  .00082807  00000-0  19300-2 0  9996 | 2 44810  97.3592 132.0252 0008036  13.9078 346.2389 15.41916367181563 | 2023/03/03-04:18:35   93.1705    0.1248  346.2170   93.3903     6818.5908     6813.1114     6824.0702 -65.177836  72.323326  -0.000666   0.000450
1 44810U 19081G   23063.67205576  .00109156  00000-0  25088-2 0  9995 | 2 44810  97.3585 133.5301 0008047   6.3995 353.7354 15.42228115181790 | 2023/03/04-16:07:45  270.4392    0.1248  353.7253   93.3714     6817.6719     6812.1857     6823.1581 -67.054260  70.586144  -0.000616   0.000518
1 44810U 19081G   23064.90472681  .00120998  00000-0  27496-2 0  9997 | 2 44810  97.3583 134.7741 0007966   0.9821 359.1440 15.42521362181983 | 2023/03/05-21:42:48  354.1806    0.1247  359.1426   93.3537     6816.8078     6811.3775     6822.2381 -68.570754  69.113604  -0.000571   0.000556
1 44810U 19081G   23066.13715356  .00121173  00000-0  27254-2 0  9991 | 2 44810  97.3578 136.0183 0007890 355.1752   4.9418 15.42829670182171 | 2023/03/07-03:17:30   77.8339    0.1248    4.9496   93.3350     6815.8996     6810.5219     6821.2774 -70.054938  67.608039  -0.000520   0.000594
1 44810U 19081G   23067.62874177  .00147239  00000-0  32656-2 0  9996 | 2 44810  97.3567 137.5248 0007980 348.0740  12.0317 15.43144423182406 | 2023/03/08-15:05:23  254.7806    0.1248   12.0508   93.3160     6814.9728     6809.5344     6820.4111 -71.807351  65.742158  -0.000465   0.000649
1 44810U 19081G   23068.73102569  .00133607  00000-0  29436-2 0  9994 | 2 44810  97.3569 138.6377 0008035 341.9980  18.0982 15.43396504182574 | 2023/03/09-17:32:40  291.5859    0.1248   18.1268   93.3007     6814.2307     6808.7555     6819.7059 -73.070836  64.335207  -0.000409   0.000691
1 44810U 19081G   23070.15719799  .00124484  00000-0  27106-2 0  9997 | 2 44810  97.3561 140.0794 0008049 335.8675  24.2195 15.43782204182799 | 2023/03/11-03:46:21   84.9811    0.1249   24.2574   93.2774     6813.0957     6807.6118     6818.5795 -74.665750  62.475884  -0.000352   0.000724
1 44810U 19081G   23071.19420770  .00114858  00000-0  24839-2 0  9994 | 2 44810  97.3558 141.1283 0008055 331.8702  28.2110 15.44024199182956 | 2023/03/12-04:39:39   98.2836    0.1249   28.2547   93.2628     6812.3838     6806.8964     6817.8712 -75.796672  61.098415  -0.000315   0.000741
1 44810U 19081G   23072.95331928  .00119100  00000-0  25432-2 0  9990 | 2 44810  97.3431 142.9194 0008227 314.3526  98.3783 15.44382406183220 | 2023/03/13-22:52:46  318.8569   52.8242   98.4716   93.2412     6811.3304     6805.7267     6816.9340 -77.659169  58.691844  -0.000104   0.000816
1 44810U 19081G   23074.17482594  .00118046  00000-0  24989-2 0  9996 | 2 44810  97.3558 144.1441 0008415 318.4767  41.5841 15.44641445183417 | 2023/03/15-04:11:44   91.2486    0.1249   41.6482   93.2255     6810.5688     6804.8377     6816.2999 -78.906168  57.026033  -0.000184   0.000821
1 44810U 19081G   23075.92371949  .00087482  00000-0  18368-2 0  9994 | 2 44810  97.3561 145.9156 0008487 311.1266  48.9249 15.45004675183687 | 2023/03/16-22:10:09    0.8119    0.1249   48.9983   93.2036     6809.5013     6803.7221     6815.2806 -80.631583  54.559674  -0.000104   0.000842
1 44810U 19081G   23077.73701992  .00084964  00000-0  17658-2 0  9993 | 2 44810  97.3563 147.7528 0008714 302.9193  57.1217 15.45313699183969 | 2023/03/18-17:41:18  293.5606    0.1249   57.2056   93.1850     6808.5935     6802.6605     6814.5265 -82.339470  51.946711  -0.000010   0.000871
1 44810U 19081G   23079.16148570  .00091453  00000-0  18821-2 0  9993 | 2 44810  97.3557 149.1959 0008800 296.9614  63.0736 15.45575036184184 | 2023/03/20-03:52:32   86.3352    0.1250   63.1636   93.1692     6807.8260     6801.8351     6813.8169 -83.621075  49.856275   0.000059   0.000878
1 44810U 19081G   23081.16828722  .00095123  00000-0  19312-2 0  9994 | 2 44810  97.3550 151.2309 0008965 288.6827  71.3449 15.45957443184499 | 2023/03/22-04:02:20   88.7342    0.1250   71.4423   93.1462     6806.7033     6800.6011     6812.8055 -85.338119  46.855112   0.000157   0.000883
1 44810U 19081G   23082.72158239  .00105465  00000-0  21153-2 0  9993 | 2 44810  97.3542 152.8069 0009236 284.4434  75.5790 15.46269493184734 | 2023/03/23-17:19:04  287.8806    0.1249   75.6815   93.1274     6805.7875     6799.5016     6812.0733 -86.593778  44.489975   0.000204   0.000901
1 44810U 19081G   23083.88629967  .00097471  00000-0  19361-2 0  9997 | 2 44810  97.3535 153.9889 0009358 278.9757  81.0433 15.46582734184911 | 2023/03/24-21:16:16  347.1483    0.1249   81.1492   93.1085     6804.8685     6798.5005     6811.2365 -87.492477  42.693916   0.000274   0.000895
1 44810U 19081G   23084.92144882  .00098268  00000-0  19382-2 0  9999 | 2 44810  97.3533 155.0397 0009432 275.3563  84.6611 15.46784599185073 | 2023/03/25-22:06:53  359.7730    0.1250   84.7687   93.0963     6804.2764     6797.8586     6810.6942 -88.260541  41.082137   0.000316   0.000889
1 44810U 19081G   23086.15051384  .00090666  00000-0  17757-2 0  9998 | 2 44810  97.3532 156.2878 0009621 270.8632  89.1515 15.47017754185263 | 2023/03/27-03:36:44   82.2025    0.1249   89.2617   93.0823     6803.5927     6797.0470     6810.1385 -89.134349  39.149883   0.000374   0.000887
1 44810U 19081G   23087.70275783  .00095580  00000-0  18520-2 0  9990 | 2 44810  97.3532 157.8655 0009715 265.3009  94.7132 15.47308348185500 | 2023/03/28-16:51:58  280.9632    0.1250   94.8241   93.0648     6802.7409     6796.1320     6809.3497 -90.178456  36.680943   0.000439   0.000867
1 44810U 19081G   23088.73741962  .00106329  00000-0  20425-2 0  9992 | 2 44810  97.3533 158.9167 0009792 261.6768  98.3372 15.47516598185668 | 2023/03/29-17:41:53  293.4101    0.1250   98.4482   93.0523     6802.1306     6795.4699     6808.7912 -90.836317  35.020403   0.000481   0.000853
1 44810U 19081G   23089.77193924  .00117522  00000-0  22370-2 0  9994 | 2 44810  97.3530 159.9680 0009865 257.4073 102.6074 15.47737016185825 | 2023/03/30-18:31:35  305.8049    0.1250  102.7177   93.0391     6801.4847     6794.7751     6808.1944 -91.463285  33.347775   0.000532   0.000831
1 44810U 19081G   23091.12950923  .00110614  00000-0  20845-2 0  9996 | 2 44810  97.3534 161.3488 0009988 252.5226 107.4933 15.48051920186039 | 2023/04/01-03:06:29   74.4862    0.1250  107.6024   93.0201     6800.5623     6793.7699     6807.3547 -92.240692  31.134213   0.000589   0.000807
1 44810U 19081G   23092.16368115  .00110584  00000-0  20691-2 0  9992 | 2 44810  97.3529 162.4008 0010057 248.8301 111.1875 15.48257075186197 | 2023/04/02-03:55:42   86.7537    0.1250  111.2949   93.0078     6799.9616     6793.1229     6806.8003 -92.796287  29.435290   0.000630   0.000784
1 44810U 19081G   23093.19770855  .00104265  00000-0  19380-2 0  9996 | 2 44810  97.3529 163.4530 0010097 244.9533 115.0670 15.48471460186356 | 2023/04/03-04:44:42   98.9678    0.1250  115.1717   92.9949     6799.3339     6792.4686     6806.1992 -93.321169  27.726279   0.000670   0.000755
1 44810U 19081G   23095.13613062  .00103291  00000-0  18936-2 0  9992 | 2 44810  97.3523 165.4263 0010182 238.4126 121.6131 15.48870238186650 | 2023/04/05-03:16:01   76.7317    0.1250  121.7124   92.9710     6798.1668     6791.2449     6805.0887 -94.219968  24.496285   0.000734   0.000705
1 44810U 19081G   23096.16975428  .00097233  00000-0  17712-2 0  9992 | 2 44810  97.3517 166.4790 0010305 235.0025 125.0259 15.49075138186811 | 2023/04/06-04:04:26   88.7996    0.1250  125.1225   92.9587     6797.5673     6790.5625     6804.5722 -94.653529  22.760997   0.000772   0.000683
1 44810U 19081G   23097.65535218  .00102830  00000-0  18531-2 0  9996 | 2 44810  97.3508 167.9930 0010289 230.4954 129.5388 15.49361754187044 | 2023/04/07-15:43:42  263.5593    0.1251  129.6297   92.9415     6796.7290     6789.7358     6803.7222 -95.220978  20.252003   0.000805   0.000640
1 44810U 19081G   23099.14067587  .00093725  00000-0  16744-2 0  9997 | 2 44810  97.3501 169.5063 0010453 225.4414 134.5985 15.49643105187277 | 2023/04/09-03:22:34   78.2208    0.1251  134.6837   92.9246     6795.9063     6788.8025     6803.0101 -95.721914  17.730122   0.000857   0.000599
1 44810U 19081G   23100.17379007  .00099158  00000-0  17582-2 0  9993 | 2 44810  97.3497 170.5598 0010507 222.1618 137.8826 15.49835762187436 | 2023/04/10-04:10:15   90.1022    0.1251  137.9633   92.9131     6795.3431     6788.2032     6802.4830 -96.031325  15.967115   0.000884   0.000568
1 44810U 19081G   23101.91685166  .00095683  00000-0  16762-2 0  9990 | 2 44810  97.3495 172.3379 0010586 216.8391 143.2134 15.50191636187706 | 2023/04/11-22:00:15  357.5362    0.1251  143.2860   92.8917     6794.3031     6787.1106     6801.4955 -96.480326  12.979671   0.000924   0.000516
1 44810U 19081G   23103.14321147  .00098729  00000-0  17136-2 0  9993 | 2 44810  97.3495 173.5891 0010605 213.2866 146.7720 15.50442853187897 | 2023/04/13-03:26:13   78.9772    0.1251  146.8385   92.8767     6793.5691     6786.3645     6800.7737 -96.740744  10.869849   0.000946   0.000479
1 44810U 19081G   23104.17578035  .00113030  00000-0  19423-2 0  9991 | 2 44810  97.3498 174.6432 0010626 210.3109 149.7530 15.50672020188056 | 2023/04/14-04:13:07   90.6604    0.1252  149.8143   92.8630     6792.8998     6785.6817     6800.1179 -96.924638   9.088349   0.000963   0.000448
1 44810U 19081G   23105.27271089  .00121582  00000-0  20675-2 0  9994 | 2 44810  97.3497 175.7631 0010572 207.8548 152.2139 15.50936873188228 | 2023/04/15-06:32:42  125.5119    0.1251  152.2703   92.8471     6792.1264     6784.9458     6799.3071 -97.083653   7.192242   0.000969   0.000424
1 44810U 19081G   23106.75647441  .00123094  00000-0  20640-2 0  9999 | 2 44810  97.3492 177.2785 0010526 204.2207 155.8552 15.51328303188459 | 2023/04/16-18:09:19  299.6066    0.1252  155.9045   92.8237     6790.9838     6783.8357     6798.1320 -97.239403   4.622264   0.000979   0.000386
1 44810U 19081G   23107.78843875  .00136022  00000-0  22554-2 0  9993 | 2 44810  97.3489 178.3329 0010452 201.3070 158.7749 15.51596721188614 | 2023/04/17-18:55:21  311.0705    0.1252  158.8182   92.8076     6790.2006     6783.1035     6797.2977 -97.307695   2.832101   0.000984   0.000351
1 44810U 19081G   23109.14262759  .00137760  00000-0  22557-2 0  9994 | 2 44810  97.3488 179.7172 0010479 197.5743 162.5148 15.51942877188822 | 2023/04/19-03:25:23   78.5217    0.1251  162.5508   92.7869     6789.1909     6782.0765     6796.3053 -97.347614   0.480491   0.001001   0.000311
1 44810U 19081G   23110.17418525  .00112879  00000-0  18368-2 0  9992 | 2 44810  97.3484 180.7723 0010418 194.5732 165.5222 15.52209066188980 | 2023/04/20-04:10:49   89.8379    0.1252  165.5520   92.7710     6788.4147     6781.3425     6795.4869 -97.339557  -1.312137   0.001005   0.000276
1 44810U 19081G   23111.46339965  .00110540  00000-0  17811-2 0  9990 | 2 44810  97.3478 182.0918 0010303 190.9725 169.1305 15.52494719189185 | 2023/04/21-11:07:17  193.8987    0.1252  169.1527   92.7539     6787.5820     6780.5887     6794.5752 -97.282930  -3.553262   0.001004   0.000233
1 44810U 19081G   23112.75236680  .00108640  00000-0  17315-2 0  9990 | 2 44810  97.3468 183.4109 0010218 188.0724 172.0366 15.52806821189386 | 2023/04/22-18:03:24  297.8722    0.1252  172.0528   92.7353     6786.6724     6779.7378     6793.6071 -97.174353  -5.791772   0.001001   0.000203
1 44810U 19081G   23113.78336195  .00153556  00000-0  24116-2 0  9999 | 2 44810  97.3463 184.4666 0010141 184.6544 175.4616 15.53055381189548 | 2023/04/23-18:48:02  308.9839    0.1252  175.4708   92.7205     6785.9483     6779.0667     6792.8299 -97.050650  -7.581129   0.001001   0.000161
1 44810U 19081G   23115.13619449  .00114536  00000-0  17765-2 0  9993 | 2 44810  97.3464 185.8524 0010015 180.3831 179.7416 15.53543077189751 | 2023/04/25-03:16:07   75.9426    0.1252  179.7421   92.6913     6784.5280     6777.7333     6791.3227 -96.839018  -9.926035   0.000996   0.000109
1 44810U 19081G   23116.16672230  .00092791  00000-0  14340-2 0  9998 | 2 44810  97.3462 186.9088 0009992 177.4803 182.6502 15.53724013189912 | 2023/04/26-04:00:04   86.8861    0.1252  182.6449   92.6806     6784.0013     6777.2227     6790.7799 -96.639357 -11.709708   0.000996   0.000076
1 44810U 19081G   23117.19711578  .00103685  00000-0  15874-2 0  9999 | 2 44810  97.3460 187.9656 0010052 174.2500 185.8871 15.53942298190070 | 2023/04/27-04:43:50   97.7800    0.1253  185.8753   92.6675     6783.3660     6776.5473     6790.1846 -96.406752 -13.490065   0.001004   0.000039
1 44810U 19081G   23118.48488941  .00115123  00000-0  17409-2 0  9993 | 2 44810  97.3461 189.2865 0009955 171.0309 189.1125 15.54242229190279 | 2023/04/28-11:38:14  201.3206    0.1254  189.0945   92.6497     6782.4933     6775.7413     6789.2452 -96.070259 -15.708866   0.000995   0.000006
1 44810U 19081G   23119.51492944  .00112601  00000-0  16888-2 0  9994 | 2 44810  97.3461 190.3432 0009926 167.9818 192.1674 15.54478433190438 | 2023/04/29-12:21:29  212.0877    0.1253  192.1435   92.6356     6781.8062     6775.0746     6788.5378 -95.764220 -17.477908   0.000992  -0.000029
1 44810U 19081G   23120.54481155  .00107664  00000-0  16021-2 0  9993 | 2 44810  97.3463 191.4002 0009800 165.2819 194.8722 15.54713856190599 | 2023/04/30-13:04:31  222.7985    0.1253  194.8434   92.6215     6781.1215     6774.4760     6787.7670 -95.425705 -19.241544   0.000978  -0.000057
1 44810U 19081G   23121.89631501  .00106510  00000-0  15695-2 0  9999 | 2 44810  97.3462 192.7871 0009708 161.9215 198.2387 15.54987548190806 | 2023/05/01-21:30:41  349.2789    0.1254  198.2039   92.6052     6780.3258     6773.7435     6786.9082 -94.931937 -21.545531   0.000967  -0.000090
1 44810U 19081G   23123.11888610  .00110888  00000-0  16166-2 0  9998 | 2 44810  97.3462 194.0426 0009620 158.6459 201.5199 15.55265862190991 | 2023/05/03-02:51:11   69.3484    0.1254  201.4795   92.5887     6779.5169     6772.9950     6786.0388 -94.437066 -23.620399   0.000954  -0.000122
1 44810U 19081G   23124.14825651  .00107641  00000-0  15573-2 0  9992 | 2 44810  97.3460 195.1002 0009420 156.0294 204.1400 15.55488961191158 | 2023/05/04-03:33:29   79.8751    0.1253  204.0959   92.5754     6778.8687     6772.4830     6785.2543 -93.984810 -25.359400   0.000931  -0.000145
1 44810U 19081G   23125.75633728  .00110929  00000-0  15827-2 0  9997 | 2 44810  97.3454 196.7533 0009100 151.6197 208.5555 15.55859638191405 | 2023/05/05-18:09:07  298.7103    0.1254  208.5057   92.5533     6777.7919     6771.6241     6783.9597 -93.213551 -28.059950   0.000891  -0.000183
1 44810U 19081G   23127.10680827  .00148362  00000-0  20778-2 0  9993 | 2 44810  97.3448 198.1421 0008958 148.1779 212.0019 15.56235163191617 | 2023/05/07-02:33:48   64.8175    0.1255  211.9476   92.5310     6776.7015     6770.6310     6782.7721 -92.505517 -30.310715   0.000870  -0.000212
1 44810U 19081G   23128.45696188  .00145664  00000-0  20147-2 0  9991 | 2 44810  97.3442 199.5319 0008691 144.1235 216.0605 15.56585885191826 | 2023/05/08-10:58:01  190.8096    0.1254  216.0019   92.5102     6775.6836     6769.7948     6781.5723 -91.742576 -32.545245   0.000834  -0.000245
1 44810U 19081G   23130.19241007  .00154677  00000-0  20991-2 0  9992 | 2 44810  97.3438 201.3181 0008333 139.6999 220.4876 15.57071782192095 | 2023/05/10-04:37:04   95.4918    0.1255  220.4256   92.4813     6774.2739     6768.6289     6779.9189 -90.683190 -35.388904   0.000788  -0.000271
1 44810U 19081G   23131.92730033  .00145228  00000-0  19374-2 0  9991 | 2 44810  97.3440 203.1055 0007871 135.2648 224.9244 15.57569654192365 | 2023/05/11-22:15:18  359.9732    0.1256  224.8608   92.4517     6772.8302     6767.4993     6778.1611 -89.535437 -38.200259   0.000732  -0.000290
1 44810U 19081G   23133.14781852  .00146166  00000-0  19240-2 0  9996 | 2 44810  97.3438 204.3637 0007587 131.6651 228.5256 15.57928007192554 | 2023/05/13-03:32:51   79.3030    0.1256  228.4605   92.4305     6771.7916     6766.6538     6776.9294 -88.674868 -40.156983   0.000693  -0.000308
1 44810U 19081G   23134.49649805  .00126133  00000-0  16425-2 0  9990 | 2 44810  97.3441 205.7548 0007199 127.1322 233.0593 15.58288605192760 | 2023/05/14-11:54:57  204.7651    0.1256  232.9934   92.4091     6770.7469     6765.8726     6775.6211 -87.674116 -42.298028   0.000641  -0.000328
1 44810U 19081G   23135.71646206  .00118952  00000-0  15323-2 0  9994 | 2 44810  97.3439 207.0141 0006981 123.6932 236.4990 15.58604381192959 | 2023/05/15-17:11:42  283.8946    0.1255  236.4323   92.3903     6769.8323     6765.1063     6774.5584 -86.723172 -44.214549   0.000609  -0.000342
1 44810U 19081G   23136.93619143  .00110765  00000-0  14129-2 0  9996 | 2 44810  97.3443 208.2728 0006732 120.7839 239.4081 15.58896183193145 | 2023/05/16-22:28:06    2.9409    0.1256  239.3417   92.3731     6768.9875     6764.4306     6773.5444 -85.731351 -46.109091   0.000577  -0.000346
1 44810U 19081G   23138.41241092  .00107090  00000-0  13502-2 0  9996 | 2 44810  97.3438 209.7977 0006384 116.3519 243.8394 15.59220888193375 | 2023/05/18-09:53:52  174.3107    0.1257  243.7738   92.3538     6768.0477     6763.7270     6772.3684 -84.473529 -48.373943   0.000530  -0.000356
1 44810U 19081G   23139.95249329  .00113798  00000-0  14155-2 0  9994 | 2 44810  97.3432 211.3882 0005878 111.3683 248.8202 15.59559645193613 | 2023/05/19-22:51:35    8.6707    0.1257  248.7574   92.3338     6767.0676     6763.0899     6771.0453 -83.097809 -50.699632   0.000468  -0.000356
1 44810U 19081G   23141.49214810  .00136622  00000-0  16628-2 0  9991 | 2 44810  97.3429 212.9805 0005549 105.4344 254.7526 15.60058908193853 | 2023/05/21-11:48:41  202.8732    0.1257  254.6913   92.3042     6765.6238     6761.8695     6769.3780 -81.656664 -52.988955   0.000415  -0.000368
1 44810U 19081G   23142.64658705  .00145932  00000-0  17512-2 0  9991 | 2 44810  97.3421 214.1753 0005254 102.4024 257.7822 15.60401131194039 | 2023/05/22-15:31:05  258.4166    0.1258  257.7234   92.2840     6764.6345     6761.0804     6768.1887 -80.533340 -54.679664   0.000382  -0.000361
1 44810U 19081G   23143.67254885  .00139584  00000-0  16583-2 0  9999 | 2 44810  97.3421 215.2372 0005013  98.5384 261.6442 15.60687238194198 | 2023/05/23-16:08:28  267.7142    0.1258  261.5874   92.2670     6763.8078     6760.4171     6767.1985 -79.506153 -56.162764   0.000347  -0.000362
1 44810U 19081G   23146.17258522  .00120234  00000-0  13973-2 0  9991 | 2 44810  97.3414 217.8260 0004417  90.1622 270.0142 15.61331616194585 | 2023/05/26-04:08:31   87.6089    0.1258  269.9636   92.2290     6761.9466     6758.9599     6764.9334 -76.887714 -59.696127   0.000272  -0.000348
1 44810U 19081G   23147.45426610  .00110583  00000-0  12722-2 0  9995 | 2 44810  97.3415 219.1544 0004101  85.2148 274.9578 15.61629563194783 | 2023/05/27-10:54:08  188.9527    0.1258  274.9110   92.2114     6761.0865     6758.3138     6763.8592 -75.483199 -61.462625   0.000232  -0.000339
1 44810U 19081G   23148.92789625  .00134544  00000-0  15214-2 0  9998 | 2 44810  97.3417 220.6819 0003689  78.1544 282.0128 15.61998810195010 | 2023/05/28-22:16:10  359.3899    0.1258  281.9714   92.1896     6760.0210     6757.5272     6762.5147 -73.818134 -63.453051   0.000178  -0.000323
1 44810U 19081G   23150.14497210  .00127859  00000-0  14301-2 0  9998 | 2 44810  97.3416 221.9444 0003355  71.7621 288.4002 15.62305495195206 | 2023/05/30-03:28:45   77.4792    0.1258  288.3637   92.1715     6759.1363     6756.8686     6761.4039 -72.402079 -65.064015   0.000135  -0.000307
1 44810U 19081G   23151.16969309  .00139557  00000-0  15423-2 0  9998 | 2 44810  97.3420 223.0077 0003134  65.9718 294.1868 15.62578127195368 | 2023/05/31-04:04:21   86.3292    0.1258  294.1540   92.1554     6758.3500     6756.2320     6760.4681 -71.182510 -66.396651   0.000102  -0.000296
1 44810U 19081G   23152.19422326  .00157231  00000-0  17130-2 0  9991 | 2 44810  97.3422 224.0712 0002902  59.2467 300.9077 15.62888976195528 | 2023/06/01-04:39:40   95.1106    0.1259  300.8792   92.1371     6757.4539     6755.4929     6759.4149 -69.938036 -67.706536   0.000067  -0.000282
1 44810U 19081G   23153.73063173  .00147117  00000-0  15766-2 0  9998 | 2 44810  97.3414 225.6671 0002661  46.9479 313.2002 15.63346830195768 | 2023/06/02-17:32:06  288.1424    0.1259  313.1780   92.1101     6756.1344     6754.3366     6757.9322 -68.024714 -69.627483   0.000012  -0.000266
1 44810U 19081G   23154.75466588  .00140119  00000-0  14868-2 0  9995 | 2 44810  97.3416 226.7308 0002510  35.9041 324.2387 15.63624079195925 | 2023/06/03-18:06:43  296.7456    0.1260  324.2219   92.0937     6755.3358     6753.6402     6757.0314 -66.720564 -70.878441  -0.000032  -0.000249
1 44810U 19081G   23155.77851898  .00144029  00000-0  15108-2 0  9992 | 2 44810  97.3407 227.7962 0002322  27.8789 332.2594 15.63906333196085 | 2023/06/04-18:41:04  305.2810    0.1259  332.2470   92.0771     6754.5230     6752.9546     6756.0914 -65.390535 -72.106101  -0.000057  -0.000225
1 44810U 19081G   23156.99408398  .00157355  00000-0  16236-2 0  9999 | 2 44810  97.3408 229.0604 0002208  13.8612 346.2708 15.64283859196272 | 2023/06/05-23:51:28   22.8246    0.1260  346.2648   92.0549     6753.4362     6751.9450     6754.9273 -63.783831 -73.531315  -0.000101  -0.000197
1 44810U 19081G   23158.27330084  .00147899  00000-0  15033-2 0  9994 | 2 44810  97.3400 230.3923 0002224   0.8562 359.2701 15.64696141196472 | 2023/06/07-06:33:33  123.2773    0.1260  359.2698   92.0306     6752.2498     6750.7481     6753.7515 -62.056930 -74.993420  -0.000139  -0.000173
1 44810U 19081G   23160.44721260  .00162055  00000-0  15995-2 0  9994 | 2 44810  97.3398 232.6570 0002530 336.4775  23.6369 15.65394083196816 | 2023/06/09-10:43:59  185.7755    0.1260   23.6485   91.9896     6750.2426     6748.5348     6751.9504 -59.044885 -77.386939  -0.000221  -0.000123
1 44810U 19081G   23161.46989122  .00168135  00000-0  16367-2 0  9999 | 2 44810  97.3396 233.7231 0002738 328.3718  31.7377 15.65723304196975 | 2023/06/10-11:16:38  193.8866    0.1260   31.7542   91.9703     6749.2963     6747.4484     6751.1443 -57.594693 -78.471964  -0.000254  -0.000103
1 44810U 19081G   23162.49235262  .00182902  00000-0  17532-2 0  9995 | 2 44810  97.3400 234.7892 0003005 320.6996  39.4046 15.66064001197136 | 2023/06/11-11:48:59  201.9197    0.1261   39.4265   91.9503     6748.3174     6746.2896     6750.3453 -56.124914 -79.530307  -0.000290  -0.000080
1 44810U 19081G   23163.77010350  .00168289  00000-0  15875-2 0  9996 | 2 44810  97.3399 236.1223 0003313 311.4441  48.6534 15.66510106197330 | 2023/06/12-18:28:56  301.8430    0.1260   48.6819   91.9241     6747.0362     6744.8009     6749.2715 -54.259404 -80.814437  -0.000328  -0.000044
1 44810U 19081G   23165.49450221  .00158152  00000-0  14593-2 0  9996 | 2 44810  97.3403 237.9226 0003703 302.0701  58.0200 15.67091072197608 | 2023/06/14-11:52:04  202.5333    0.1261   58.0560   91.8900     6745.3686     6742.8707     6747.8664 -51.693968 -82.479499  -0.000370   0.000000
1 44810U 19081G   23166.70759424  .00169644  00000-0  15381-2 0  9992 | 2 44810  97.3402 239.1905 0004124 296.4019  63.6818 15.67489831197792 | 2023/06/15-16:58:56  279.1806    0.1261   63.7242   91.8666     6744.2245     6741.4432     6747.0058 -49.856217 -83.603063  -0.000411   0.000032
1 44810U 19081G   23167.79267367  .00232910  00000-0  20513-2 0  9992 | 2 44810  97.3396 240.3249 0004313 292.1797  67.9006 15.68014549197961 | 2023/06/16-19:01:27  309.7477    0.1261   67.9464   91.8359     6742.7199     6739.8117     6745.6280 -48.190999 -84.573195  -0.000428   0.000056
1 44810U 19081G   23168.94121368  .00199372  00000-0  17305-2 0  9999 | 2 44810  97.3399 241.5268 0004686 286.4720  73.6027 15.68473554198146 | 2023/06/17-22:35:20    3.1579    0.1262   73.6542   91.8090     6741.4043     6738.2453     6744.5633 -46.406568 -85.565686  -0.000458   0.000097
1 44810U 19081G   23170.15320693  .00214582  00000-0  18226-2 0  9991 | 2 44810  97.3390 242.7959 0005012 281.8809  78.1890 15.68958019198331 | 2023/06/19-03:40:37   79.4057    0.1261   78.2452   91.7807     6740.0165     6736.6384     6743.3946 -44.499650 -86.571716  -0.000483   0.000132
1 44810U 19081G   23171.23729484  .00223746  00000-0  18621-2 0  9993 | 2 44810  97.3385 243.9316 0005417 277.9328  82.1318 15.69426531198505 | 2023/06/20-05:41:42  109.6155    0.1261   82.1933   91.7533     6738.6751     6735.0247     6742.3254 -42.774802 -87.436262  -0.000515   0.000169
1 44810U 19081G   23172.44852214  .00228166  00000-0  18551-2 0  9998 | 2 44810  97.3386 245.2019 0005929 274.4653  85.5932 15.69978017198692 | 2023/06/21-10:45:52  185.5870    0.1262   85.6609   91.7210     6737.0969     6733.1025     6741.0913 -40.825948 -88.363143  -0.000556   0.000206
1 44810U 19081G   23173.72304649  .00241826  00000-0  19166-2 0  9995 | 2 44810  97.3375 246.5398 0006268 271.5152  88.5393 15.70553890198899 | 2023/06/22-17:21:11  284.3381    0.1263   88.6111   91.6874     6735.4499     6731.2282     6739.6717 -38.751221 -89.291275  -0.000581   0.000234
1 44810U 19081G   23174.74230949  .00254269  00000-0  19701-2 0  9999 | 2 44810  97.3376 247.6104 0006624 269.0811  90.9693 15.71060891199051 | 2023/06/23-17:48:55  291.2109    0.1263   91.0452   91.6578     6734.0008     6729.5402     6738.4614 -37.076140 -89.999823  -0.000608   0.000262
1 44810U 19081G   23176.14324603  .00309697  00000-0  23098-2 0  9996 | 2 44810  97.3374 249.0826 0007110 265.2348  94.8103 15.71812076199273 | 2023/06/25-03:26:16   75.4620    0.1263   94.8915   91.6140     6731.8551     6727.0688     6736.6415 -34.751563 -90.922485  -0.000641   0.000308
1 44810U 19081G   23177.67077744  .00256536  00000-0  18615-2 0  9998 | 2 44810  97.3367 250.6899 0007446 261.6854  98.3566 15.72613629199510 | 2023/06/26-16:05:55  265.2747    0.1264   98.4410   91.5673     6729.5675     6724.5566     6734.5783 -32.187374 -91.860798  -0.000660   0.000345
1 44810U 19081G   23178.75231158  .00264362  00000-0  18719-2 0  9990 | 2 44810  97.3373 251.8289 0007873 259.6706 100.3671 15.73166607199689 | 2023/06/27-18:03:19  294.5583    0.1264  100.4558   91.5351     6727.9904     6722.6934     6733.2873 -30.355193 -92.483037  -0.000692   0.000376
1 44810U 19081G   23180.72358003  .00257672  00000-0  17528-2 0  9992 | 2 44810  97.3368 253.9074 0008304 254.6628 105.3719 15.74122860199992 | 2023/06/29-17:21:57  284.0824    0.1264  105.4636   91.4795     6725.2653     6719.6807     6730.8500 -26.980842 -93.522654  -0.000709   0.000433
1 44810U 19081G   23181.80409215  .00237636  00000-0  15845-2 0  9992 | 2 44810  97.3371 255.0476 0008565 252.1524 107.8807 15.74641740200162 | 2023/06/30-19:17:53  312.9932    0.1265  107.9741   91.4494     6723.7878     6718.0289     6729.5468 -25.114577 -94.041316  -0.000720   0.000464
1 44810U 19081G   23183.77355649  .00242733  00000-0  15557-2 0  9995 | 2 44810  97.3367 257.1289 0009166 247.7826 112.2468 15.75537482200470 | 2023/07/02-18:33:55  301.8639    0.1266  112.3440   91.3974     6721.2391     6715.0785     6727.3998 -21.682569 -94.890987  -0.000750   0.000527
1 44810U 19081G   23185.80532415  .00260368  00000-0  15929-2 0  9996 | 2 44810  97.3358 259.2785 0009463 244.1909 115.8381 15.76554011200793 | 2023/07/04-19:19:40  313.1537    0.1265  115.9356   91.3385     6718.3497     6711.9921     6724.7073 -18.107897 -95.636614  -0.000760   0.000563
1 44810U 19081G   23186.94760729  .00302721  00000-0  17948-2 0  9996 | 2 44810  97.3359 260.4889 0009694 242.2101 117.8183 15.77153838200977 | 2023/07/05-22:44:33    4.2917    0.1266  117.9165   91.3037     6716.6462     6710.1350     6723.1573 -16.083655 -95.997883  -0.000771   0.000587
1 44810U 19081G   23188.78699542  .00343370  00000-0  19310-2 0  9994 | 2 44810  97.3339 262.4404 0009850 238.9674 121.0626 15.78240611201260 | 2023/07/07-18:53:16  306.3313    0.1266  121.1592   91.2408     6713.5624     6706.9496     6720.1753 -12.804999 -96.487927  -0.000770   0.000614
1 44810U 19081G   23189.80124935  .00302069  00000-0  16583-2 0  9996 | 2 44810  97.3337 263.5167 0010159 237.7549 122.2734 15.78883505201424 | 2023/07/08-19:13:47  311.3878    0.1267  122.3718   91.2037     6711.7399     6704.9214     6718.5583 -10.990300 -96.711232  -0.000793   0.000636
1 44810U 19081G   23191.19522685  .00312396  00000-0  16515-2 0  9994 | 2 44810  97.3344 264.9981 0010469 235.7176 124.3101 15.79692581201647 | 2023/07/10-04:41:07   93.1129    0.1267  124.4091   91.1570     6709.4480     6702.4238     6716.4721  -8.486467 -96.963732  -0.000810   0.000663
1 44810U 19081G   23192.20856406  .00330574  00000-0  16939-2 0  9996 | 2 44810  97.3345 266.0765 0010595 234.6254 125.4024 15.80334623201802 | 2023/07/11-05:00:19   97.8346    0.1267  125.5013   91.1199     6707.6306     6700.5239     6714.7373  -6.660063 -97.106377  -0.000820   0.000671
1 44810U 19081G   23194.67662783  .00392561  00000-0  18342-2 0  9996 | 2 44810  97.3332 268.7066 0010717 232.9363 127.0927 15.82194440202195 | 2023/07/13-16:14:20  266.1389    0.1269  127.1906   91.0128     6702.3732     6695.1902     6709.5561  -2.197022 -97.308401  -0.000840   0.000665
1 44810U 19081G   23195.68830073  .00485166  00000-0  21554-2 0  9990 | 2 44810  97.3333 269.7866 0010815 232.5746 127.4540 15.83055063202356 | 2023/07/14-16:31:09  270.2587    0.1269  127.5523   90.9634     6699.9438     6692.6978     6707.1898  -0.362520 -97.332625  -0.000856   0.000660
1 44810U 19081G   23196.69937360  .00471998  00000-0  20078-2 0  9997 | 2 44810  97.3339 270.8679 0010844 232.1146 127.9144 15.84013977202511 | 2023/07/15-16:47:05  274.1598    0.1270  128.0124   90.9083     6697.2396     6689.9771     6704.5021   1.474330 -97.322733  -0.000866   0.000653
1 44810U 19081G   23197.77301284  .00452588  00000-0  18479-2 0  9993 | 2 44810  97.3332 272.0177 0011126 231.5365 128.4907 15.84923135202688 | 2023/07/16-18:33:08  300.5801    0.1269  128.5904   90.8561     6694.6782     6687.2297     6702.1267   3.426930 -97.272853  -0.000895   0.000661
1 44810U 19081G   23200.10723812  .00546359  11281-3  20750-2 0  9991 | 2 44810  97.3302 274.5231 0011092 231.2888 128.7392 15.87495841203056 | 2023/07/19-02:34:25   60.6958    0.1271  128.8383   90.7089     6687.4433     6680.0256     6694.8610   7.675559 -97.027077  -0.000918   0.000623
1 44810U 19081G   23201.74525168  .00575689  12851-3  20029-2 0  9997 | 2 44810  97.3294 276.2868 0010948 234.2551 125.7704 15.89271573203319 | 2023/07/20-17:53:09  290.2340    0.1272  125.8721   90.6075     6682.4610     6675.1450     6689.7769  10.658087 -96.744081  -0.000953   0.000538
1 44810U 19081G   23204.76364700  .00773189  25401-3  21626-2 0  9999 | 2 44810  97.3289 279.5493 0011682 236.0454 123.9711 15.93545598203797 | 2023/07/23-18:19:39  296.5778    0.1274  124.0820   90.3645     6670.5070     6662.7145     6678.2995  16.146494 -95.980235  -0.001064   0.000483
1 44810U 19081G   23205.95603489  .00844013  31617-3  21261-2 0  9997 | 2 44810  97.3287 280.8445 0012036 238.6148 121.3951 15.95524426203987 | 2023/07/24-22:56:41    5.7242    0.1275  121.5127   90.2525     6664.9905     6656.9685     6673.0125  18.311828 -95.590548  -0.001127   0.000422
1 44810U 19081G   23207.14690316  .01070343  55544-3  24005-2 0  9997 | 2 44810  97.3277 282.1420 0012078 241.3778 118.6285 15.97720653204173 | 2023/07/26-03:31:32   74.3166    0.1277  118.7499   90.1284     6658.8813     6650.8387     6666.9239  20.471447 -95.150413  -0.001158   0.000343
1 44810U 19081G   23208.27333467  .01121759  64701-3  21670-2 0  9991 | 2 44810  97.3266 283.3731 0012280 245.2204 114.7798 16.00402368204352 | 2023/07/27-06:33:36  119.7172    0.1279  114.9075   89.9774     6651.4406     6643.2726     6659.6086  22.510783 -94.687548  -0.001204   0.000243
1 44810U 19081G   23209.64746952  .01300994  97744-3  20660-2 0  9991 | 2 44810  97.3243 284.8814 0012799 248.7783 111.2130 16.03839278204573 | 2023/07/28-15:32:21  254.2608    0.1279  111.3496   89.7846     6641.9348     6633.4338     6650.4359  24.994736 -94.059994  -0.001272   0.000141
1 44810U 19081G   23210.70707055  .01623451  18298-2  21313-2 0  9999 | 2 44810  97.3224 286.0499 0013013 251.9071 108.0794 16.07185061204748 | 2023/07/29-16:58:10  275.5978    0.1282  108.2211   89.5976     6632.7137     6624.0825     6641.3448  26.907155 -93.528897  -0.001300   0.000046
1 44810U 19081G   23211.76418378  .02189829  49838-2  22897-2 0  9992 | 2 44810  97.3208 287.2216 0013315 256.8044 103.1755 16.11554352204919 | 2023/07/30-18:20:25  296.0354    0.1284  103.3240   89.3547     6620.7197     6611.9042     6629.5352  28.813590 -92.957599  -0.001328  -0.000093
1 44810U 19081G   23213.37390380  .04288792  24013-5  18659-2 0  9996 | 2 44810  97.3187 289.0242 0015230 261.5877  98.3687 16.22278791205179 | 2023/08/01-08:58:25  155.3422    0.1290   98.5413   88.7640     6591.5090     6581.4701     6601.5478  31.722732 -92.003248  -0.001497  -0.000280
1 44810U 19081G   23214.41764402  .13916581  25074-5  52741-3 0  9995 | 2 44810  97.3123 290.2146 0015664 263.9854  95.9662 16.42448783205345 | 2023/08/02-10:01:24  170.9318    0.1301   96.1447   87.6740     6537.4335     6527.1933     6547.6737  33.625033 -91.318349  -0.001519  -0.000384
