# SPACE DATA - HISTORICAL TLEs
# ----------------------------
# NORAD_ID    : 46313
# OBJECT_NAME : FLOCK 4V 1
# --------------------------------------------------------------------+-----------------------------------------------------------------------+----------------------------------------------------------------------------------------------------------------------------------------
#                  LINE 1                                             |                 LINE 2                                                |      DERIVED PARAMETERS
# --------------------------------------------------------------------+-----------------------------------------------------------------------+----------------------------------------------------------------------------------------------------------------------------------------
# NORAD  COSPAR     TLE_EPOCH      MEANMOT1 MEANMOT2   BSTAR  #  REV  |   NORAD    INC     RAAN     ECC    ARGPER  MEANANOM   MEANMOT     REV |  CAL_DATE              LONG     ARGLAT     PERIOD        SMA         PERIGEE        APOGEE      INC_X      INC_Y      ECC_X      ECC_Y
# ------ ------   -------------- ----------  -------  ------- -- ----     -----  ------- -------- ------- -------- -------- -----------  ----   ------------------- ---------  --------  --------  ------------  ------------   ----------- ---------- ----------  ---------  ---------   
1 46527U 20061BD  20274.81563633  .00001322  00000-0  75250-4 0  9994 | 2 46527  97.4700 347.4123 0010451 123.4452 236.7747 15.14524029   222 | 2020/09/30-19:34:30  316.0046    0.1198  236.6746   95.0794     6900.5609     6893.3492     6907.7727  95.127169 -21.242001  -0.000372   0.000977
1 46527U 20061BD  20275.87274058 +.00001484 +00000-0 +84030-4 0  9996 | 2 46527 097.4691 348.4555 0010410 121.9303 238.2943 15.14528604000389 | 2020/10/01-20:56:44  336.5562    0.1232  238.1929   95.0791     6900.5470     6893.3636     6907.7305  95.497258 -19.506389  -0.000363   0.000976
1 46527U 20061BD  20277.12805321  .00001095  00000-0  62916-4 0  9996 | 2 46527  97.4690 349.6877 0010453 118.3449 241.8839 15.14530795   575 | 2020/10/03-03:04:23   68.4696    0.1232  241.7783   95.0790     6900.5404     6893.3273     6907.7535  95.894547 -17.448260  -0.000324   0.000994
1 46527U 20061BD  20278.31729584  .00000732  00000-0  43221-4 0  9999 | 2 46527  97.4688 350.8551 0010487 114.8171 245.4153 15.14531871   750 | 2020/10/04-07:36:54  136.5981    0.1232  245.3061   95.0789     6900.5371     6893.3005     6907.7737  96.229929 -15.490893  -0.000283   0.001010
1 46527U 20061BD  20279.44046792  .00000598  00000-0  35967-4 0  9995 | 2 46527  97.4686 351.9576 0010531 111.5177 248.7178 15.14533215   923 | 2020/10/05-10:34:16  180.9415    0.1231  248.6054   95.0788     6900.5330     6893.2661     6907.8000  96.509977 -13.636430  -0.000245   0.001024
1 46527U 20061BD  20281.15825739  .00000613  00000-0  36786-4 0  9990 | 2 46527  97.4683 353.6437 0010560 106.4059 253.8334 15.14536016  1181 | 2020/10/07-03:47:53   79.3490    0.1231  253.7172   95.0786     6900.5245     6893.2376     6907.8115  96.869128 -10.790808  -0.000184   0.001040
1 46527U 20061BD  20282.74390741  .00000560  00000-0  33896-4 0  9996 | 2 46527  97.4681 355.2001 0010585 101.7452 258.4968 15.14537761  1425 | 2020/10/08-17:51:13  290.1868    0.1232  258.3780   95.0785     6900.5192     6893.2150     6907.8234  97.126280  -8.155751  -0.000128   0.001051
1 46527U 20061BD  20284.13134983  .00000487  00000-0  29930-4 0  9997 | 2 46527  97.4679 356.5618 0010606  97.7336 262.5101 15.14539023  1630 | 2020/10/10-03:09:08   69.6702    0.1232  262.3896   95.0784     6900.5154     6893.1967     6907.8341  97.292464  -5.845335  -0.000079   0.001058
1 46527U 20061BD  20285.18844777  .00000456  00000-0  28245-4 0  9996 | 2 46527  97.4679 357.5994 0010614  94.6616 265.5829 15.14540162  1797 | 2020/10/11-04:31:21   90.2290    0.1232  265.4616   95.0784     6900.5119     6893.1877     6907.8361  97.382361  -4.082552  -0.000042   0.001061
1 46527U 20061BD  20286.24554485  .00000441  00000-0  27448-4 0  9996 | 2 46527  97.4678 358.6368 0010611  91.5674 268.6774 15.14541346  1956 | 2020/10/12-05:53:35  110.7881    0.1232  268.5558   95.0783     6900.5083     6893.1862     6907.8305  97.440214  -2.318767  -0.000004   0.001061
1 46527U 20061BD  20287.43477804  .00000439  00000-0  27336-4 0  9990 | 2 46527  97.4678 359.8040 0010599  88.0999 272.1447 15.14542581  2132 | 2020/10/13-10:26:04  178.9173    0.1232  272.0233   95.0782     6900.5046     6893.1907     6907.8184  97.467230  -0.333422   0.000039   0.001059
1 46527U 20061BD  20288.82221565 +.00000436 +00000-0 +27163-4 0  9990 | 2 46527 097.4676 001.1656 0010570 083.9870 276.2566 15.14543761002342 | 2020/10/14-19:43:59  318.4017    0.1232  276.1362   95.0781     6900.5010     6893.2072     6907.7948  97.447432   1.982701   0.000089   0.001053
1 46527U 20061BD  20290.47392543 +.00000460 +00000-0 +28481-4 0  9990 | 2 46527 097.4674 002.7866 0010529 079.1028 281.1388 15.14545309002590 | 2020/10/16-11:22:27  193.0262    0.1232  281.0204   95.0780     6900.4963     6893.2308     6907.7618  97.352148   4.738492   0.000149   0.001042
1 46527U 20061BD  20291.79529190 +.00000493 +00000-0 +30243-4 0  9991 | 2 46527 097.4672 004.0834 0010489 075.2545 284.9848 15.14546781002793 | 2020/10/17-19:05:13  308.7261    0.1232  284.8687   95.0779     6900.4918     6893.2539     6907.7298  97.219775   6.940489   0.000194   0.001031
1 46527U 20061BD  20292.85238388 +.00000535 +00000-0 +32507-4 0  9997 | 2 46527 097.4671 005.1208 0010458 072.1658 288.0714 15.14548221002952 | 2020/10/18-20:27:25  329.2858    0.1232  287.9574   95.0779     6900.4875     6893.2709     6907.7040  97.078082   8.699512   0.000230   0.001020
1 46527U 20061BD  20294.37195158 +.00000651 +00000-0 +38803-4 0  9997 | 2 46527 097.4669 006.6120 0010400 067.6227 292.6106 15.14550763003182 | 2020/10/20-08:55:36  156.3406    0.1232  292.5005   95.0777     6900.4797     6893.3032     6907.6562  96.818616  11.222846   0.000283   0.001001
1 46527U 20061BD  20296.15578920  .00000684  00000-0  40599-4 0  9998 | 2 46527  97.4667   8.3627 0010318  62.1570 298.0706 15.14553086  3457 | 2020/10/22-03:44:20   78.5354    0.1232  297.9662   95.0776     6900.4727     6893.3528     6907.5926  96.430358  14.175457   0.000344   0.000973
1 46527U 20061BD  20297.47714843 +.00000769 +00000-0 +45223-4 0  9993 | 2 46527 097.4666 009.6594 0010247 058.1524 302.0704 15.14555189003650 | 2020/10/23-11:27:05  194.2352    0.1232  301.9708   95.0774     6900.4663     6893.3954     6907.5372  96.084778  16.354005   0.000387   0.000949
1 46527U 20061BD  20298.79850561 +.00000809 +00000-0 +47359-4 0  9994 | 2 46527 097.4665 010.9560 0010154 054.1020 306.1153 15.14557328003853 | 2020/10/24-19:09:50  309.9351    0.1232  306.0212   95.0773     6900.4598     6893.4531     6907.4665  95.690020  18.524006   0.000428   0.000921
1 46527U 20061BD  20299.85558990 +.00000837 +00000-0 +48883-4 0  9997 | 2 46527 097.4665 011.9934 0010077 050.8705 309.3421 15.14559187004013 | 2020/10/25-20:32:02  330.4947    0.1232  309.2527   95.0772     6900.4542     6893.5006     6907.4077  95.338957  20.253443   0.000460   0.000897
1 46527U 20061BD  20301.11087515  .00000870  00000-0  50682-4 0  9997 | 2 46527  97.4665  13.2252 0009988  47.0221 313.1847 15.14561747  4202 | 2020/10/27-02:39:39   62.4086    0.1233  313.1012   95.0770     6900.4464     6893.5542     6907.3385  94.881530  22.298293   0.000496   0.000867
1 46527U 20061BD  20302.16795622 +.00000812 +00000-0 +47539-4 0  9991 | 2 46527 097.4665 014.2626 0009914 043.7585 316.4430 15.14563332004366 | 2020/10/28-04:01:51   82.9676    0.1231  316.3646   95.0769     6900.4416     6893.6005     6907.2827  94.462266  24.012474   0.000525   0.000841
1 46527U 20061BD  20303.48930552 +.00000809 +00000-0 +47383-4 0  9993 | 2 46527 097.4663 015.5591 0009827 039.6863 320.5086 15.14565608004568 | 2020/10/29-11:44:35  198.6658    0.1232  320.4369   95.0768     6900.4347     6893.6536     6907.2157  93.894578  26.143601   0.000560   0.000807
1 46527U 20061BD  20304.74458546 +.00000738 +00000-0 +43545-4 0  9998 | 2 46527 097.4661 016.7909 0009724 035.7059 324.4821 15.14567413004759 | 2020/10/30-17:52:12  290.5790    0.1232  324.4173   95.0767     6900.4292     6893.7192     6907.1391  93.310671  28.155982   0.000592   0.000771
1 46527U 20061BD  20305.80166173 +.00000760 +00000-0 +44707-4 0  9994 | 2 46527 097.4659 017.8280 0009627 032.3224 327.8596 15.14569419004911 | 2020/10/31-19:14:23  311.1373    0.1233  327.8009   95.0765     6900.4231     6893.7800     6907.0661  92.785577  29.840215   0.000617   0.000739
1 46527U 20061BD  20307.45333972 +.00000912 +00000-0 +52954-4 0  9992 | 2 46527 097.4656 019.4487 0009472 026.8832 333.2889 15.14573585005169 | 2020/11/02-10:52:48  185.7585    0.1233  333.2401   95.0763     6900.4104     6893.8744     6906.9465  91.904212  32.452412   0.000654   0.000685
1 46527U 20061BD  20309.17108217 +.00000734 +00000-0 +43293-4 0  9993 | 2 46527 097.4653 021.1342 0009317 021.3422 338.8197 15.14575878005428 | 2020/11/04-04:06:21   84.1636    0.1233  338.7811   95.0761     6900.4035     6893.9744     6906.8326  90.909636  35.141467   0.000687   0.000629
1 46527U 20061BD  20310.75668794  .00000673  00000-0  39994-4 0  9995 | 2 46527  97.4650  22.6899 0009173  16.2002 343.9522 15.14578133  5667 | 2020/11/05-18:09:37  294.9983    0.1233  343.9231   95.0760     6900.3966     6894.0669     6906.7263  89.921804  37.596482   0.000714   0.000576
1 46527U 20061BD  20312.14409078  .00000824  00000-0  48145-4 0  9994 | 2 46527  97.4649  24.0512 0009048  11.5432 348.6005 15.14581049  5870 | 2020/11/07-03:27:29   74.4782    0.1232  348.5800   95.0758     6900.3878     6894.1443     6906.6312  89.003156  39.722096   0.000736   0.000527
1 46527U 20061BD  20316.10808663 +.00000830 +00000+0 +48516-4 0  9995 | 2 46527  97.4647  27.9404 0008660 357.7746   2.3446 15.14587924006470 | 2020/11/11-02:35:38   61.5591    0.1233    2.3487   95.0754     6900.3669     6894.3912     6906.3426  86.103773  45.667363   0.000780   0.000376
1 46527U 20061BD  20317.16514854 +.00000923 +00000+0 +53508-4 0  9998 | 2 46527  97.4647  28.9776 0008571 354.0205   6.0923 15.14590475006638 | 2020/11/12-03:57:48   82.1125    0.1232    6.1027   95.0752     6900.3591     6894.4448     6906.2734  85.263014  47.218494   0.000789   0.000335
1 46527U 20061BD  20318.48647450 +.00000877 +00000-0 +51039-4 0  9999 | 2 46527 097.4646 030.2739 0008456 349.3059 010.7992 15.14592565006830 | 2020/11/13-11:40:31  197.8036    0.1233   10.8174   95.0751     6900.3528     6894.5178     6906.1877  84.172893  49.135245   0.000797   0.000283
1 46527U 20061BD  20319.80779838 +.00000920 +00000-0 +53340-4 0  9998 | 2 46527 097.4644 031.5703 0008341 344.4267 015.6707 15.14595127007031 | 2020/11/14-19:23:13  313.4939    0.1232   15.6965   95.0749     6900.3450     6894.5894     6906.1006  83.039516  51.026934   0.000802   0.000230
1 46527U 20061BD  20320.86485611 +.00000865 +00000-0 +50373-4 0  9990 | 2 46527 097.4643 032.6073 0008247 340.4746 019.6169 15.14596726007194 | 2020/11/15-20:45:23  334.0454    0.1233   19.6487   95.0748     6900.3401     6894.6494     6906.0308  82.102342  52.521378   0.000803   0.000187
1 46527U 20061BD  20322.45044073 +.00000748 +00000-0 +44045-4 0  9999 | 2 46527 097.4642 034.1630 0008095 334.4998 025.5834 15.14598944007438 | 2020/11/17-10:48:38  184.8713    0.1233   25.6235   95.0747     6900.3334     6894.7476     6905.9192  80.646107  54.730939   0.000800   0.000122
1 46527U 20061BD  20323.77175884 +.00000725 +00000-0 +42809-4 0  9991 | 2 46527 097.4640 035.4592 0007988 329.4676 030.6090 15.14601253007635 | 2020/11/18-18:31:19  300.5586    0.1232   30.6556   95.0745     6900.3264     6894.8144     6905.8384  79.387238  56.541116   0.000796   0.000069
1 46527U 20061BD  20325.15914100 +.00000774 +00000-0 +45417-4 0  9999 | 2 46527 097.4638 036.8203 0007891 324.1325 035.9377 15.14603768007844 | 2020/11/20-03:49:09   80.0289    0.1233   35.9908   95.0744     6900.3187     6894.8737     6905.7638  78.021632  58.410763   0.000789   0.000013
1 46527U 20061BD  20326.74471812  .00000829  00000-0  48409-4 0  9998 | 2 46527  97.4637  38.3758 0007777 317.9438  42.1197 15.14606581  8086 | 2020/11/21-17:52:23  290.8507    0.1233   42.1795   95.0742     6900.3102     6894.9438     6905.6766  76.407227  60.507094   0.000776  -0.000050
1 46527U 20061BD  20327.80176669  .00001047  00000-0  60240-4 0  9998 | 2 46527  97.4637  39.4129 0007725 313.6676  46.3915 15.14609921  8243 | 2020/11/22-19:14:32  311.3974    0.1232   46.4556   95.0740     6900.3001     6894.9696     6905.6305  75.299543  61.880139   0.000767  -0.000093
1 46527U 20061BD  20328.85881420 +.00001157 +00000-0 +66174-4 0  9996 | 2 46527 097.4636 040.4498 0007666 309.3868 050.6685 15.14612724008407 | 2020/11/23-20:36:41  331.9433    0.1233   50.7365   95.0738     6900.2915     6895.0018     6905.5813  74.167333  63.232587   0.000755  -0.000135
1 46527U 20061BD  20330.18012074  .00001164  00000-0  66531-4 0  9991 | 2 46527  97.4636  41.7460 0007591 304.0207  56.0304 15.14615986  8609 | 2020/11/25-04:19:22   87.6240    0.1233   56.1026   95.0736     6900.2816     6895.0436     6905.5196  72.717968  64.894148   0.000736  -0.000187
1 46527U 20061BD  20331.76568407  .00001278  00000-0  72697-4 0  9998 | 2 46527  97.4636  43.3016 0007507 297.6077  62.4393 15.14620830  8842 | 2020/11/26-18:22:35  298.4381    0.1233   62.5156   95.0733     6900.2669     6895.0869     6905.4470  70.929486  66.844306   0.000709  -0.000246
1 46527U 20061BD  20333.15304741  .00001386  00000-0  78558-4 0  9994 | 2 46527  97.4635  44.6626 0007469 291.9389  68.1049 15.14625396  9059 | 2020/11/28-03:40:23   77.8985    0.1232   68.1843   95.0730     6900.2531     6895.0993     6905.4069  69.321739  68.510074   0.000685  -0.000297
1 46527U 20061BD  20334.21008374  .00001481  00000-0  83695-4 0  9999 | 2 46527  97.4633  45.6996 0007454 287.6021  72.4397 15.14629017  9213 | 2020/11/29-05:02:31   98.4385    0.1233   72.5212   95.0728     6900.2421     6895.0986     6905.3855  68.070345  69.753300   0.000666  -0.000335
1 46527U 20061BD  20335.46531121  .00001536  00000-0  86660-4 0  9994 | 2 46527  97.4632  46.9310 0007432 282.3252  77.7148 15.14633227  9401 | 2020/11/30-11:10:02  190.3280    0.1232   77.7980   95.0725     6900.2293     6895.1010     6905.3575  66.555535  71.199972   0.000639  -0.000380
1 46527U 20061BD  20337.18298350  .00001749  00000-0  98131-4 0  9991 | 2 46527  97.4629  48.6159 0007407 275.0900  84.9486 15.14640756  9666 | 2020/12/02-04:23:29   88.6995    0.1232   85.0332   95.0720     6900.2064     6895.0954     6905.3174  64.433082  73.125884   0.000597  -0.000438
1 46527U 20061BD  20338.43820163  .00001663  00000-0  93471-4 0  9990 | 2 46527  97.4627  49.8473 0007380 269.6811  90.3575 15.14644941  9857 | 2020/12/03-10:31:00  180.5838    0.1232   90.4421   95.0718     6900.1937     6895.1014     6905.2860  62.846573  74.493531   0.000561  -0.000479
1 46527U 20061BD  20340.22191881 +.00003435 +00000-0 +18922-3 0  9994 | 2 46527 097.4623 051.5967 0007403 262.1268 097.9124 15.14661286010127 | 2020/12/05-05:19:33  102.7301    0.1232   97.9964   95.0708     6900.1441     6895.0359     6905.2522  60.542890  76.377080   0.000512  -0.000535
1 46527U 20061BD  20341.47711676  .00004193  00000-0  23009-3 0  9996 | 2 46527  97.4619  52.8280 0007405 257.0516 102.9890 15.14673011 10312 | 2020/12/06-11:27:02  194.6059    0.1233  103.0717   95.0700     6900.1084     6894.9989     6905.2180  58.887434  77.660106   0.000475  -0.000568
1 46527U 20061BD  20343.12868056  .00003264  00000-0  17982-3 0  9996 | 2 46527  97.4619  54.4479 0007428 250.0930 109.9502 15.14684359 10569 | 2020/12/08-03:05:18   69.1742    0.1232  110.0302   95.0693     6900.0740     6894.9486     6905.1994  56.668540  79.293748   0.000421  -0.000612
1 46527U 20061BD  20344.25173845  .00003372  00000-0  18562-3 0  9991 | 2 46527  97.4621  55.5497 0007503 245.7256 114.3193 15.14691558 10734 | 2020/12/09-06:02:30  113.4785    0.1232  114.3976   95.0689     6900.0521     6894.8750     6905.2292  55.133448  80.368924   0.000390  -0.000641
1 46527U 20061BD  20345.77116148  .00003988  00000-0  21881-3 0  9993 | 2 46527  97.4622  57.0402 0007570 239.3767 120.6719 15.14702529 10968 | 2020/12/10-18:30:28  300.4742    0.1232  120.7465   95.0682     6900.0188     6894.7955     6905.2421  53.024356  81.775902   0.000337  -0.000678
1 46527U 20061BD  20347.15845280  .00003485  00000-0  19161-3 0  9993 | 2 46527  97.4622  58.4012 0007664 233.7197 126.3328 15.14709315 11172 | 2020/12/12-03:48:10   79.9016    0.1232  126.4035   95.0677     6899.9982     6894.7100     6905.2864  51.067081  83.012250   0.000289  -0.000710
1 46527U 20061BD  20348.47967461  .00003343  00000-0  18394-3 0  9995 | 2 46527  97.4621  59.6974 0007752 228.4723 131.5845 15.14717681 11374 | 2020/12/13-11:30:43  195.5432    0.1232  131.6509   95.0672     6899.9728     6894.6239     6905.3216  49.176140  84.146112   0.000242  -0.000737
1 46527U 20061BD  20350.46149575  .00002306  00000-0  12796-3 0  9993 | 2 46527  97.4616  61.6414 0007900 220.9405 139.1235 15.14726653 11678 | 2020/12/15-11:04:33  189.0009    0.1232  139.1827   95.0667     6899.9455     6894.4946     6905.3965  46.293137  85.765430   0.000172  -0.000771
1 46527U 20061BD  20351.84876441  .00002139  00000-0  11891-3 0  9994 | 2 46527  97.4611  63.0021 0007998 215.6137 144.4562 15.14732423 11880 | 2020/12/16-20:22:13  328.4184    0.1231  144.5094   95.0663     6899.9280     6894.4095     6905.4466  44.243231  86.840098   0.000120  -0.000791
1 46527U 20061BD  20353.16996760  .00002564  00000-0  14179-3 0  9992 | 2 46527  97.4607  64.2981 0008105 210.5672 149.5089 15.14739214 12080 | 2020/12/18-04:04:45   84.0516    0.1232  149.5560   95.0659     6899.9074     6894.3150     6905.4998  42.267630  87.818196   0.000069  -0.000808
1 46527U 20061BD  20354.49116642  .00002466  00000-0  13647-3 0  9992 | 2 46527  97.4605  65.5939 0008238 205.6041 154.4784 15.14744194 12289 | 2020/12/19-11:47:16  199.6832    0.1231  154.5190   95.0656     6899.8923     6894.2081     6905.5764  40.270813  88.751398   0.000017  -0.000824
1 46527U 20061BD  20355.74629925  .00002716  00000-0  14992-3 0  9996 | 2 46527  97.4604  66.8249 0008360 201.0949 158.9940 15.14751131 12472 | 2020/12/20-17:54:40  291.5308    0.1232  159.0283   95.0651     6899.8712     6894.1029     6905.6395  38.354802  89.595975  -0.000030  -0.000835
1 46527U 20061BD  20357.13354463  .00002619  00000-0  14468-3 0  9993 | 2 46527  97.4604  68.1857 0008487 196.1639 163.9323 15.14758481 12681 | 2020/12/22-03:12:18   70.9383    0.1231  163.9592   95.0647     6899.8489     6893.9930     6905.7048  36.216242  90.481564  -0.000084  -0.000845
1 46527U 20061BD  20358.19048823  .00002916  00000-0  16062-3 0  9992 | 2 46527  97.4605  69.2224 0008571 192.3919 167.7104 15.14765644 12841 | 2020/12/23-04:34:18   91.4370    0.1232  167.7313   95.0642     6899.8271     6893.9133     6905.7410  34.573280  91.122101  -0.000125  -0.000848
1 46527U 20061BD  20359.31348666  .00002953  00000-0  16259-3 0  9994 | 2 46527  97.4606  70.3240 0008671 188.3614 171.7475 15.14772025 13018 | 2020/12/24-07:31:25  135.7151    0.1231  171.7617   95.0638     6899.8078     6893.8249     6905.7906  32.815068  91.770038  -0.000170  -0.000850
1 46527U 20061BD  20360.76677065  .00003025  00000-0  16645-3 0  9993 | 2 46527  97.4607  71.7496 0008816 183.2347 176.8830 15.14780954 13230 | 2020/12/25-18:24:08  298.8954    0.1232  176.8885   95.0632     6899.7806     6893.6978     6905.8635  30.521810  92.558129  -0.000228  -0.000851
1 46527U 20061BD  20361.88975750  .00002989  00000-0  16449-3 0  9999 | 2 46527  97.4606  72.8512 0008928 179.4168 180.7076 15.14787352 13406 | 2020/12/26-21:21:15  343.1692    0.1231  180.7063   95.0628     6899.7612     6893.6011     6905.9213  28.736676  93.127719  -0.000272  -0.000850
1 46527U 20061BD  20363.21091157  .00003038  00000-0  16704-3 0  9998 | 2 46527  97.4604  74.1472 0009050 175.0383 185.0940 15.14795742 13604 | 2020/12/28-05:03:42   98.7830    0.1231  185.0848   95.0623     6899.7357     6893.4915     6905.9800  26.622950  93.753656  -0.000322  -0.000846
1 46527U 20061BD  20364.33388667  .00002972  00000-0  16345-3 0  9994 | 2 46527  97.4601  75.2487 0009132 171.3925 188.7465 15.14802838 13776 | 2020/12/29-08:00:47  143.0527    0.1231  188.7306   95.0619     6899.7142     6893.4134     6906.0150  24.815670  94.247831  -0.000362  -0.000838
1 46527U 20061BD  20365.85319817  .00002677  00000-0  14758-3 0  9991 | 2 46527  97.4597  76.7388 0009263 166.3280 193.8205 15.14811325 14006 | 2020/12/30-20:28:36  330.0027    0.1232  193.7952   95.0613     6899.6884     6893.2972     6906.0796  22.356345  94.860882  -0.000420  -0.000826
1 46527U 20061BD  21001.37250193  .00002520  00000-0  13907-3 0  9999 | 2 46527  97.4593  78.2290 0009405 161.3532 198.8047 15.14819096 14231 | 2021/01/01-08:56:24  156.9500    0.1232  198.7700   95.0609     6899.6648     6893.1757     6906.1540  19.881753  95.409806  -0.000476  -0.000811
1 46527U 20061BD  21002.49546130  .00002336  00000-0  12917-3 0  9997 | 2 46527  97.4591  79.3304 0009502 157.6964 202.4683 15.14823836 14406 | 2021/01/02-11:53:27  201.2140    0.1231  202.4267   95.0606     6899.6504     6893.0944     6906.2065  18.044088  95.774146  -0.000517  -0.000797
1 46527U 20061BD  21003.81658508  .00002213  00000-0  12252-3 0  9993 | 2 46527  97.4588  80.6261 0009618 153.5578 206.6147 15.14829410 14600 | 2021/01/03-19:35:52  316.8172    0.1232  206.5654   95.0602     6899.6335     6892.9974     6906.2696  15.873751  96.157380  -0.000563  -0.000780
1 46527U 20061BD  21005.20375987  .00001992  00000-0  11062-3 0  9996 | 2 46527  97.4590  81.9866 0009671 149.1932 210.9870 15.14834565 14813 | 2021/01/05-04:53:24   96.1992    0.1232  210.9300   95.0599     6899.6179     6892.9452     6906.2905  13.586242  96.507361  -0.000606  -0.000753
1 46527U 20061BD  21006.45881801  .00002179  00000-0  12066-3 0  9994 | 2 46527  97.4589  83.2175 0009753 145.3772 214.8096 15.14840952 15002 | 2021/01/06-11:00:41  188.0197    0.1231  214.7459   95.0595     6899.5985     6892.8693     6906.3276  11.509962  96.776846  -0.000645  -0.000732
1 46527U 20061BD  21007.64781659  .00001926  00000-0  10705-3 0  9993 | 2 46527  97.4587  84.3836 0009875 141.7381 218.4554 15.14844955 15182 | 2021/01/07-15:32:51  256.0583    0.1232  218.3851   95.0592     6899.5863     6892.7730     6906.3996   9.538065  96.990842  -0.000684  -0.000712
1 46527U 20061BD  21009.16708836  .00001876  00000-0  10434-3 0  9991 | 2 46527  97.4587  85.8738 0009998 136.9992 223.2023 15.14850221 15413 | 2021/01/09-04:00:36   82.9954    0.1231  223.1239   95.0589     6899.5703     6892.6721     6906.4685   7.012499  97.206086  -0.000733  -0.000680
1 46527U 20061BD  21010.48818980  .00001734  00000-0  96705-4 0  9999 | 2 46527  97.4584  87.1694 0010040 132.9326 227.2751 15.14854407 15617 | 2021/01/10-11:42:59  198.5923    0.1233  227.1907   95.0586     6899.5576     6892.6304     6906.4848   4.812807  97.339492  -0.000768  -0.000647
1 46527U 20061BD  21011.94139523  .00001832  00000-0  10192-3 0  9994 | 2 46527  97.4581  88.5945 0010113 128.5414 231.6726 15.14860549 15837 | 2021/01/11-22:35:36    1.7472    0.1232  231.5818   95.0583     6899.5390     6892.5615     6906.5165   2.390466  97.428779  -0.000806  -0.000611
1 46527U 20061BD  21013.19643212  .00001838  00000-0  10224-3 0  9990 | 2 46527  97.4579  89.8254 0010161 124.8114 235.4076 15.14865388 16028 | 2021/01/13-04:42:51   93.5616    0.1232  235.3118   95.0580     6899.5243     6892.5137     6906.5349   0.296987  97.457447  -0.000836  -0.000578
1 46527U 20061BD  21014.25330294  .00001706  00000-0  95126-4 0  9990 | 2 46527  97.4577  90.8618 0010211 121.7180 238.5049 15.14868461 16183 | 2021/01/14-06:04:45  114.0365    0.1232  238.4052   95.0578     6899.5149     6892.4698     6906.5600  -1.465830  97.446676  -0.000860  -0.000550
1 46527U 20061BD  21015.44227922  .00001614  00000-0  90219-4 0  9991 | 2 46527  97.4575  92.0279 0010267 118.1911 242.0359 15.14872371 16360 | 2021/01/15-10:36:52  182.0696    0.1231  241.9320   95.0575     6899.5031     6892.4193     6906.5868  -3.448645  97.396464  -0.000887  -0.000517
1 46527U 20061BD  21016.76336064  .00001487  00000-0  83343-4 0  9993 | 2 46527  97.4573  93.3235 0010293 114.2383 245.9926 15.14876264 16562 | 2021/01/16-18:19:14  297.6616    0.1232  245.8849   95.0573     6899.4912     6892.3896     6906.5929  -5.649940  97.293389  -0.000912  -0.000476
1 46527U 20061BD  21018.15049213  .00001469  00000-0  82390-4 0  9996 | 2 46527  97.4571  94.6838 0010331 110.0817 250.1528 15.14880615 16776 | 2021/01/18-03:36:42   77.0322    0.1232  250.0415   95.0570     6899.4780     6892.3502     6906.6059  -7.958026  97.131643  -0.000938  -0.000433
1 46527U 20061BD  21019.47156719  .00001384  00000-0  77820-4 0  9990 | 2 46527  97.4569  95.9793 0010360 106.2105 254.0268 15.14883754 16979 | 2021/01/19-11:19:03  192.6231    0.1232  253.9127   95.0568     6899.4685     6892.3206     6906.6163 -10.152003  96.926695  -0.000959  -0.000391
1 46527U 20061BD  21020.92474519  .00001498  00000-0  83907-4 0  9992 | 2 46527  97.4568  97.4043 0010372 101.9937 258.2458 15.14888548 17199 | 2021/01/20-22:11:37  355.7723    0.1232  258.1295   95.0565     6899.4539     6892.2978     6906.6101 -12.559260  96.644156  -0.000978  -0.000344
1 46527U 20061BD  21022.17975910  .00001428  00000-0  80162-4 0  9995 | 2 46527  97.4566  98.6349 0010379  98.3229 261.9180 15.14892021 17384 | 2021/01/22-04:18:51   87.5823    0.1232  261.8003   95.0563     6899.4434     6892.2825     6906.6043 -14.631899  96.351940  -0.000993  -0.000303
1 46527U 20061BD  21023.76503431  .00001578  00000-0  88194-4 0  9995 | 2 46527  97.4565 100.1894 0010379  93.5969 266.6450 15.14897948 17627 | 2021/01/23-18:21:38  298.2884    0.1232  266.5263   95.0559     6899.4254     6892.2645     6906.5863 -17.240314  95.919450  -0.001008  -0.000247
1 46527U 20061BD  21025.48240810  .00001838  00000-0  10213-3 0  9990 | 2 46527  97.4563 101.8734 0010363  88.4850 271.7569 15.14905247 17889 | 2021/01/25-11:34:40  196.5517    0.1232  271.6382   95.0555     6899.4032     6892.2534     6906.5531 -20.051622  95.371185  -0.001019  -0.000186
1 46527U 20061BD  21026.93556166  .00002645  00000-0  14536-3 0  9994 | 2 46527  97.4561 103.2985 0010363  84.5175 275.7239 15.14915131 18105 | 2021/01/26-22:27:12  359.6946    0.1232  275.6057   95.0548     6899.3732     6892.2234     6906.5230 -22.417267  94.842804  -0.001027  -0.000141
1 46527U 20061BD  21028.19055011  .00002571  00000-0  14140-3 0  9996 | 2 46527  97.4560 104.5292 0010350  80.7640 279.4763 15.14922970 18292 | 2021/01/28-04:34:23   91.4978    0.1233  279.3593   95.0543     6899.3494     6892.2086     6906.4903 -24.449116  94.339349  -0.001031  -0.000095
1 46527U 20061BD  21029.24737876  .00001886  00000-0  10463-3 0  9991 | 2 46527  97.4557 105.5654 0010309  77.6201 282.6185 15.14926699 18457 | 2021/01/29-05:56:13  111.9633    0.1233  282.5032   95.0541     6899.3381     6892.2256     6906.4506 -26.151081  93.881491  -0.001029  -0.000057
1 46527U 20061BD  21031.88943969  .00001667  00000-0  92865-4 0  9990 | 2 46527  97.4548 108.1558 0010209  69.8724 290.3606 15.14935890 18852 | 2021/01/31-21:20:47  343.1246    0.1233  290.2509   95.0535     6899.3102     6892.2667     6906.3537 -30.367109  92.602790  -0.001020   0.000035
1 46527U 20061BD  21033.47466686  .00002013  00000-0  11141-3 0  9996 | 2 46527  97.4549 109.7102 0010137  64.7875 295.4407 15.14943826 19096 | 2021/02/02-11:23:31  193.8193    0.1232  295.3357   95.0530     6899.2861     6892.2923     6906.2799 -32.867918  91.745068  -0.001009   0.000097
1 46527U 20061BD  21034.92778596  .00001925  00000-0  10667-3 0  9996 | 2 46527  97.4547 111.1349 0010039  60.4558 299.7674 15.14948987 19317 | 2021/02/03-22:16:00  356.9547    0.1233  299.6675   95.0527     6899.2704     6892.3443     6906.1966 -35.138756  90.899320  -0.000993   0.000147
1 46527U 20061BD  21036.18274873  .00001748  00000-0  97167-4 0  9999 | 2 46527  97.4545 112.3653 0009959  56.6757 303.5427 15.14952824 19509 | 2021/02/05-04:23:09   88.7526    0.1232  303.4475   95.0525     6899.2588     6892.3878     6906.1298 -37.082448  90.123646  -0.000978   0.000189
1 46527U 20061BD  21037.37165697  .00001645  00000-0  91646-4 0  9996 | 2 46527  97.4544 113.5310 0009886  53.1240 307.0897 15.14956901 19688 | 2021/02/06-08:55:11  156.7705    0.1233  306.9993   95.0522     6899.2464     6892.4258     6906.0670 -38.908200  89.350501  -0.000962   0.000228
1 46527U 20061BD  21038.42846086  .00002516  00000-0  13828-3 0  9994 | 2 46527  97.4543 114.5673 0009839  50.2169 309.9928 15.14963750 19840 | 2021/02/07-10:16:59  177.2292    0.1233  309.9064   95.0518     6899.2256     6892.4375     6906.0138 -40.517775  88.632107  -0.000949   0.000258
1 46527U 20061BD  21039.81551097  .00001755  00000-0  97492-4 0  9997 | 2 46527  97.4539 115.9269 0009738  45.6394 314.5634 15.14967203 20055 | 2021/02/08-19:34:20  316.5817    0.1232  314.4838   95.0516     6899.2151     6892.4967     6905.9336 -42.609191  87.645419  -0.000924   0.000308
1 46527U 20061BD  21040.87230848  .00001609  00000-0  89703-4 0  9997 | 2 46527  97.4537 116.9630 0009647  42.3450 317.8525 15.14970321 20210 | 2021/02/09-20:56:07  337.0396    0.1233  317.7783   95.0514     6899.2057     6892.5500     6905.8613 -44.186971  86.860435  -0.000902   0.000341
1 46527U 20061BD  21042.45750131  .00001367  00000-0  76749-4 0  9992 | 2 46527  97.4534 118.5170 0009497  37.3393 322.8497 15.14974327 20457 | 2021/02/11-10:58:48  187.7260    0.1232  322.7839   95.0511     6899.1935     6892.6413     6905.7457 -46.526152  85.629915  -0.000867   0.000388
1 46527U 20061BD  21043.51429368  .00001263  00000-0  71151-4 0  9992 | 2 46527  97.4532 119.5530 0009398  33.9579 326.2253 15.14977231 20617 | 2021/02/12-12:20:34  208.1826    0.1233  326.1654   95.0509     6899.1847     6892.7008     6905.6685 -48.066691  84.774521  -0.000841   0.000419
1 46527U 20061BD  21044.83528025  .00001635  00000-0  91032-4 0  9991 | 2 46527  97.4529 120.8480 0009288  29.6660 330.5097 15.14983550 20810 | 2021/02/13-20:02:48  323.7523    0.1233  330.4573   95.0505     6899.1655     6892.7576     6905.5734 -49.970172  83.666299  -0.000808   0.000457
1 46527U 20061BD  21046.15626497  .00001235  00000-0  69624-4 0  9998 | 2 46527  97.4527 122.1430 0009174  25.4626 334.7056 15.14984947 21013 | 2021/02/15-03:45:01   79.3214    0.1232  334.6606   95.0504     6899.1613     6892.8320     6905.4906 -51.848168  82.515430  -0.000775   0.000491
1 46527U 20061BD  21047.47724528  .00001507  00000-0  84209-4 0  9996 | 2 46527  97.4525 123.4378 0009058  21.1892 338.9714 15.14990155 21212 | 2021/02/16-11:27:13  194.8891    0.1233  338.9341   95.0501     6899.1454     6892.8962     6905.3947 -53.699387  81.322602  -0.000739   0.000524
1 46527U 20061BD  21048.79822089  .00001703  00000-0  94660-4 0  9993 | 2 46527  97.4522 124.7327 0008924  16.7791 343.3734 15.14995561 21416 | 2021/02/17-19:09:26  310.4555    0.1232  343.3441   95.0498     6899.1290     6892.9723     6905.2858 -55.523259  80.088070  -0.000699   0.000555
1 46527U 20061BD  21050.44943485  .00001596  00000-0  88962-4 0  9990 | 2 46527  97.4521 126.3513 0008752  11.1748 348.9677 15.15000867 21661 | 2021/02/19-10:47:11  184.9115    0.1233  348.9485   95.0495     6899.1129     6893.0748     6905.1510 -57.763225  78.487716  -0.000646   0.000591
1 46527U 20061BD  21051.83644747  .00001760  00000-0  97683-4 0  9996 | 2 46527  97.4519 127.7108 0008619   6.2953 353.8386 15.15007496 21878 | 2021/02/20-20:04:29  324.2522    0.1233  353.8280   95.0490     6899.0928     6893.1465     6905.0391 -59.609005  77.095002  -0.000599   0.000620
1 46527U 20061BD  21053.15740449  .00003004  00000-0  16423-3 0  9994 | 2 46527  97.4516 129.0058 0008466   2.1334 357.9933 15.15018582 22076 | 2021/02/22-03:46:39   79.8109    0.1233  357.9899   95.0483     6899.0591     6893.2184     6904.8999 -61.335945  75.727909  -0.000557   0.000638
1 46527U 20061BD  21054.80858925  .00003102  00000-0  16939-3 0  9997 | 2 46527  97.4515 130.6243 0008272 356.4047   3.7125 15.15030755 22323 | 2021/02/23-19:24:22  314.2559    0.1233    3.7186   95.0476     6899.0222     6893.3153     6904.7291 -63.450299  73.965224  -0.000498   0.000660
1 46527U 20061BD  21056.19557457  .00002827  00000-0  15466-3 0  9994 | 2 46527  97.4511 131.9837 0008152 351.0975   9.0111 15.15039365 22533 | 2021/02/25-04:41:37   93.5869    0.1232    9.0257   95.0470     6898.9961     6893.3720     6904.6201 -65.186908  72.438829  -0.000445   0.000683
1 46527U 20061BD  21057.45045902  .00002803  00000-0  15335-3 0  9990 | 2 46527  97.4509 133.2137 0008033 346.4892  13.6124 15.15047633 22725 | 2021/02/26-10:48:39  185.3592    0.1233   13.6341   95.0465     6898.9710     6893.4290     6904.5129 -66.726716  71.022696  -0.000398   0.000698
1 46527U 20061BD  21058.70533922  .00002260  00000-0  12430-3 0  9993 | 2 46527  97.4505 134.4437 0007915 341.8746  18.2203 15.15052820 22916 | 2021/02/27-16:55:41  277.1296    0.1233   18.2487   95.0462     6898.9552     6893.4947     6904.4157 -68.235627  69.573696  -0.000351   0.000709
1 46527U 20061BD  21059.82812327  .00002065  00000-0  11389-3 0  9991 | 2 46527  97.4501 135.5441 0007809 337.6535  22.4356 15.15057234 23089 | 2021/02/28-19:52:29  321.3440    0.1233   22.4698   95.0459     6898.9418     6893.5544     6904.3292 -69.558880  68.250159  -0.000308   0.000718
1 46527U 20061BD  21060.95090303  .00002559  00000-0  14028-3 0  9990 | 2 46527  97.4497 136.6445 0007700 333.2859  26.7976 15.15063765 23250 | 2021/03/01-22:49:18    5.5566    0.1233   26.8374   95.0455     6898.9220     6893.6098     6904.2342 -70.856466  66.901460  -0.000262   0.000724
1 46527U 20061BD  21062.46994893  .00003149  00000-0  17174-3 0  9996 | 2 46527  97.4493 138.1332 0007580 327.3031  32.7731 15.15074570 23487 | 2021/03/03-11:16:43  192.4289    0.1233   32.8202   95.0448     6898.8892     6893.6598     6904.1185 -72.570337  65.037775  -0.000202   0.000731
1 46527U 20061BD  21063.65875954  .00003051  00000-0  16648-3 0  9991 | 2 46527  97.4491 139.2984 0007494 322.6242  37.4468 15.15082841 23665 | 2021/03/04-15:48:36  260.4125    0.1233   37.4991   95.0443     6898.8641     6893.6941     6904.0341 -73.877734  63.548466  -0.000155   0.000733
1 46527U 20061BD  21065.44196765  .00002441  00000-0  13386-3 0  9994 | 2 46527  97.4491 141.0463 0007380 315.5284  44.5355 15.15091284 23934 | 2021/03/06-10:36:26  182.3842    0.1233   44.5949   95.0438     6898.8384     6893.7471     6903.9298 -75.781707  61.265487  -0.000084   0.000733
1 46527U 20061BD  21066.82890090  .00002537  00000-0  13897-3 0  9992 | 2 46527  97.4490 142.4056 0007293 309.8582  50.2008 15.15097919 24140 | 2021/03/07-19:53:37  321.6928    0.1232   50.2650   95.0434     6898.8183     6893.7870     6903.8496 -77.213644  59.450490  -0.000029   0.000729
1 46527U 20061BD  21068.48000445  .00002472  00000-0  13547-3 0  9993 | 2 46527  97.4489 144.0236 0007202 302.8417  57.2122 15.15105152 24396 | 2021/03/09-11:31:12  196.1046    0.1233   57.2816   95.0429     6898.7963     6893.8278     6903.7649 -78.861403  57.246548   0.000039   0.000719
1 46527U 20061BD  21069.53670636  .00002075  00000-0  11428-3 0  9990 | 2 46527  97.4487 145.0592 0007172 298.3496  61.7012 15.15109063 24553 | 2021/03/10-12:52:51  216.5263    0.1232   61.7736   95.0427     6898.7845     6893.8367     6903.7323 -79.883011  55.811770   0.000082   0.000712
1 46527U 20061BD  21070.79153734  .00001946  00000-0  10739-3 0  9995 | 2 46527  97.4484 146.2886 0007174 293.3065  66.7412 15.15113161 24742 | 2021/03/11-18:59:48  308.2760    0.1233   66.8168   95.0424     6898.7720     6893.8229     6903.7212 -81.061839  54.084831   0.000130   0.000706
1 46527U 20061BD  21071.84823381  .00001986  00000-0  10946-3 0  9998 | 2 46527  97.4481 147.3241 0007143 288.7855  71.2602 15.15117656 24900 | 2021/03/12-20:21:27  328.6948    0.1232   71.3377   95.0421     6898.7584     6893.8306     6903.6862 -82.025764  52.610895   0.000171   0.000693
1 46527U 20061BD  21073.49931255  .00003425  00000-0  18622-3 0  9990 | 2 46527  97.4478 148.9423 0007062 281.6502  78.3937 15.15130061 25158 | 2021/03/14-11:59:00  203.0941    0.1232   78.4730   95.0413     6898.7207     6893.8489     6903.5926 -83.478482  50.273420   0.000235   0.000666
1 46527U 20061BD  21074.75412436  .00003980  00000-0  21571-3 0  9998 | 2 46527  97.4472 150.1718 0007076 276.0441  83.9985 15.15139636 25342 | 2021/03/15-18:05:56  294.8349    0.1232   84.0791   95.0407     6898.6917     6893.8102     6903.5732 -84.537468  48.470335   0.000285   0.000648
1 46527U 20061BD  21075.87684484  .00002886  00000-0  15738-3 0  9998 | 2 46527  97.4470 151.2719 0007064 271.1446  88.8976 15.15144530 25513 | 2021/03/16-21:02:39  339.0212    0.1231   88.9785   95.0404     6898.6768     6893.8036     6903.5500 -85.452301  46.838254   0.000327   0.000626
1 46527U 20061BD  21077.46185494  .00002234  00000-0  12259-3 0  9994 | 2 46527  97.4467 152.8250 0007112 264.4684  95.5737 15.15152096 25751 | 2021/03/18-11:05:04  189.6341    0.1232   95.6548   95.0400     6898.6538     6893.7475     6903.5602 -86.690118  44.504863   0.000384   0.000598
1 46527U 20061BD  21078.78269435  .00002252  00000-0  12357-3 0  9997 | 2 46527  97.4470 154.1193 0007161 259.2241 100.8185 15.15156585 25957 | 2021/03/19-18:47:04  305.1434    0.1232  100.8991   95.0397     6898.6402     6893.7001     6903.5803 -87.673540  42.535494   0.000428   0.000574
1 46527U 20061BD  21080.16956728  .00002939  00000-0  16012-3 0  9994 | 2 46527  97.4465 155.4784 0007167 253.0641 106.9806 15.15165157 26169 | 2021/03/21-04:04:10   84.4234    0.1232  107.0591   95.0391     6898.6142     6893.6700     6903.5584 -88.657300  40.443831   0.000475   0.000537
1 46527U 20061BD  21081.42434872  .00004189  00000-0  22662-3 0  9992 | 2 46527  97.4465 156.7079 0007216 247.7318 112.3150 15.15177155 26351 | 2021/03/22-10:11:03  176.1499    0.1233  112.3915   95.0384     6898.5778     6893.5998     6903.5558 -89.504699  38.532184   0.000515   0.000505
1 46527U 20061BD  21082.48100123  .00003696  00000-0  20036-3 0  9993 | 2 46527  97.4464 157.7433 0007299 243.2008 116.8478 15.15183915 26514 | 2021/03/23-11:32:38  196.5491    0.1232  116.9224   95.0380     6898.5573     6893.5220     6903.5925 -90.186275  36.908491   0.000551   0.000478
1 46527U 20061BD  21083.66972836  .00003352  00000-0  18199-3 0  9998 | 2 46527  97.4465 158.9080 0007372 238.3041 121.7473 15.15192352 26694 | 2021/03/24-16:04:24  264.4950    0.1232  121.8191   95.0374     6898.5317     6893.4461     6903.6173 -90.917954  35.067735   0.000587   0.000446
1 46527U 20061BD  21085.12260931  .00003134  00000-0  17035-3 0  9993 | 2 46527  97.4462 160.3315 0007469 232.6564 127.3989 15.15201246 26915 | 2021/03/26-02:56:33   67.5368    0.1233  127.4669   95.0369     6898.5047     6893.3522     6903.6572 -91.760773  32.798209   0.000626   0.000407
1 46527U 20061BD  21086.17924458  .00003439  00000-0  18650-3 0  9992 | 2 46527  97.4460 161.3668 0007533 228.4472 131.6115 15.15208906 27075 | 2021/03/27-04:18:06   87.9283    0.1232  131.6760   95.0364     6898.4814     6893.2848     6903.6780 -92.338215  31.134819   0.000654   0.000375
1 46527U 20061BD  21087.63211272  .00003183  00000-0  17283-3 0  9994 | 2 46527  97.4456 162.7903 0007643 222.5876 137.4764 15.15216121 27298 | 2021/03/28-15:10:14  250.9640    0.1232  137.5356   95.0359     6898.4595     6893.1870     6903.7320 -93.082793  28.831207   0.000691   0.000328
1 46527U 20061BD  21088.68873955  .00002925  00000-0  15909-3 0  9998 | 2 46527  97.4453 163.8256 0007743 218.4044 141.6638 15.15220814 27459 | 2021/03/29-16:31:47  271.3516    0.1232  141.7188   95.0357     6898.4453     6893.1038     6903.7867 -93.588244  27.144559   0.000717   0.000293
1 46527U 20061BD  21089.74536244  .00002810  00000-0  15298-3 0  9997 | 2 46527  97.4450 164.8608 0007852 214.4302 145.6423 15.15225981 27616 | 2021/03/30-17:53:19  291.7378    0.1232  145.6930   95.0353     6898.4296     6893.0129     6903.8462 -94.063091  25.449223   0.000741   0.000259
1 46527U 20061BD  21090.93405874  .00002477  00000-0  13524-3 0  9993 | 2 46527  97.4446 166.0253 0007949 209.8850 150.1929 15.15231318 27796 | 2021/03/31-22:25:02  359.6702    0.1231  150.2381   95.0350     6898.4134     6892.9298     6903.8969 -94.560479  23.532230   0.000764   0.000218
1 46527U 20061BD  21092.12275040  .00002354  00000-0  12865-3 0  9997 | 2 46527  97.4444 167.1901 0008060 205.5437 154.5399 15.15237143 27976 | 2021/04/02-02:56:45   67.6004    0.1233  154.5796   95.0346     6898.3957     6892.8356     6903.9558 -95.019112  21.605079   0.000786   0.000178
1 46527U 20061BD  21093.44351474  .00002315  00000-0  12657-3 0  9995 | 2 46527  97.4443 168.4842 0008186 200.6721 159.4181 15.15242882 28176 | 2021/04/03-10:38:39  183.0766    0.1231  159.4510   95.0343     6898.3783     6892.7313     6904.0253 -95.482716  19.453600   0.000808   0.000130
1 46527U 20061BD  21094.63219900  .00002162  00000-0  11840-3 0  9997 | 2 46527  97.4443 169.6488 0008303 196.2568 163.8400 15.15247185 28359 | 2021/04/04-15:10:21  251.0034    0.1233  163.8665   95.0340     6898.3652     6892.6375     6904.0929 -95.858381  17.508924   0.000826   0.000085
1 46527U 20061BD  21095.82087969  .00002064  00000-0  11321-3 0  9992 | 2 46527  97.4442 170.8134 0008430 191.9878 168.1156 15.15251371 28535 | 2021/04/05-19:42:04  318.9289    0.1233  168.1355   95.0337     6898.3525     6892.5372     6904.1678 -96.194345  15.556997   0.000842   0.000041
1 46527U 20061BD  21097.14163062  .00001850  00000-0  10182-3 0  9994 | 2 46527  97.4443 172.1071 0008519 187.6935 172.4168 15.15256243 28731 | 2021/04/07-03:23:56   74.4004    0.1232  172.4297   95.0334     6898.3377     6892.4610     6904.2144 -96.521160  13.381227   0.000852  -0.000003
1 46527U 20061BD  21098.19822790  .00002070  00000-0  11349-3 0  9991 | 2 46527  97.4441 173.1424 0008674 183.9771 176.1394 15.15262066 28890 | 2021/04/08-04:45:26   94.7753    0.1232  176.1461   95.0331     6898.3201     6892.3365     6904.3037 -96.746982  11.635035   0.000866  -0.000044
1 46527U 20061BD  21099.45293373  .00002047  00000-0  11225-3 0  9997 | 2 46527  97.4439 174.3713 0008763 179.8051 180.3186 15.15266893 29085 | 2021/04/09-10:52:13  186.4700    0.1231  180.3180   95.0328     6898.3054     6892.2604     6904.3504 -96.974064   9.557435   0.000872  -0.000089
1 46527U 20061BD  21101.16989402  .00001967  00000-0  10796-3 0  9996 | 2 46527  97.4438 176.0535 0008940 173.9953 186.1388 15.15273255 29345 | 2021/04/11-04:04:38   84.5755    0.1232  186.1279   95.0324     6898.2861     6892.1190     6904.4532 -97.212736   6.706566   0.000881  -0.000154
1 46527U 20061BD  21103.15099215  .00001931  00000-0  10602-3 0  9998 | 2 46527  97.4435 177.9942 0009133 167.4337 192.7125 15.15280735 29649 | 2021/04/13-03:37:25   77.7706    0.1232  192.6895   95.0319     6898.2634     6891.9632     6904.5636 -97.383795   3.410587   0.000884  -0.000230
1 46527U 20061BD  21104.20757369  .00001926  00000-0  10572-3 0  9996 | 2 46527  97.4434 179.0292 0009231 163.9830 196.1696 15.15284719 29802 | 2021/04/14-04:58:54   98.1400    0.1232  196.1402   95.0316     6898.2513     6891.8835     6904.6191 -97.429413   1.650968   0.000883  -0.000270
1 46527U 20061BD  21105.46225914  .00002269  00000-0  12390-3 0  9992 | 2 46527  97.4433 180.2583 0009345 159.9430 200.2171 15.15291823 29994 | 2021/04/15-11:05:39  189.8269    0.1231  200.1801   95.0312     6898.2298     6891.7834     6904.6761 -97.442310  -0.439291   0.000879  -0.000317
1 46527U 20061BD  21106.78297710  .00001806  00000-0  99325-4 0  9991 | 2 46527  97.4425 181.5520 0009517 155.7462 204.4220 15.15296060 30193 | 2021/04/16-18:47:29  305.2853    0.1232  204.3770   95.0309     6898.2169     6891.6519     6904.7819 -97.406754  -2.639152   0.000878  -0.000367
1 46527U 20061BD  21108.16972056  .00002981  00000-0  16162-3 0  9990 | 2 46527  97.4423 182.9104 0009646 151.2731 208.9034 15.15307734 30404 | 2021/04/18-04:04:23   84.5131    0.1231  208.8500   95.0302     6898.1815     6891.5275     6904.8354 -97.316615  -4.947557   0.000868  -0.000420
1 46527U 20061BD  21109.35834991  .00003949  00000-0  21289-3 0  9998 | 2 46527  97.4421 184.0749 0009732 147.7618 212.4211 15.15319090 30584 | 2021/04/19-08:36:01  152.4203    0.1232  212.3614   95.0295     6898.1470     6891.4337     6904.8603 -97.195767  -6.924282   0.000858  -0.000459
1 46527U 20061BD  21110.48093633  .00003972  00000-0  21403-3 0  9998 | 2 46527  97.4423 185.1746 0009820 144.3193 215.8698 15.15329028 30751 | 2021/04/20-11:32:32  196.5520    0.1232  215.8039   95.0289     6898.1168     6891.3429     6904.8908 -97.045172  -8.788426   0.000846  -0.000498
1 46527U 20061BD  21111.53748214  .00003296  00000-0  17819-3 0  9992 | 2 46527  97.4424 186.2096 0009908 141.0053 219.1896 15.15336500 30916 | 2021/04/21-12:53:58  216.9091    0.1232  219.1179   95.0284     6898.0942     6891.2595     6904.9288 -96.870691 -10.539947   0.000833  -0.000537
1 46527U 20061BD  21112.85815767  .00002786  00000-0  15113-3 0  9994 | 2 46527  97.4424 187.5032 0009972 137.0423 223.1590 15.15344015 31116 | 2021/04/22-20:35:44  332.3540    0.1232  223.0809   95.0279     6898.0714     6891.1926     6904.9501 -96.608056 -12.724181   0.000812  -0.000578
1 46527U 20061BD  21114.50899424  .00002499  00000-0  13588-3 0  9995 | 2 46527  97.4424 189.1204 0010085 132.0685 228.1407 15.15352691 31365 | 2021/04/24-12:12:57  206.6572    0.1232  228.0547   95.0274     6898.0450     6891.0883     6905.0017 -96.210478 -15.445558   0.000786  -0.000632
1 46527U 20061BD  21115.76362301  .00003293  00000-0  17787-3 0  9991 | 2 46527  97.4423 190.3495 0010173 128.2326 231.9824 15.15361829 31556 | 2021/04/25-18:19:37  298.3253    0.1232  231.8906   95.0268     6898.0173     6890.9999     6905.0346 -95.856933 -17.505720   0.000763  -0.000673
1 46527U 20061BD  21116.88617843  .00004189  00000-0  22526-3 0  9991 | 2 46527  97.4421 191.4491 0010216 125.0593 235.1599 15.15371412 31724 | 2021/04/26-21:16:05  342.4479    0.1232  235.0639   95.0262     6897.9882     6890.9412     6905.0352 -95.503142 -19.341995   0.000741  -0.000703
1 46527U 20061BD  21118.20682229  .00003507  00000-0  18908-3 0  9991 | 2 46527  97.4417 192.7425 0010262 121.2753 238.9486 15.15381457 31925 | 2021/04/28-04:57:49   97.8832    0.1232  238.8479   95.0256     6897.9577     6890.8790     6905.0364 -95.041828 -21.492692   0.000713  -0.000738
1 46527U 20061BD  21119.46142768  .00002651  00000-0  14378-3 0  9995 | 2 46527  97.4415 193.9716 0010303 117.6081 242.6199 15.15387326 32114 | 2021/04/29-11:04:27  189.5446    0.1232  242.5151   95.0252     6897.9399     6890.8330     6905.0469 -94.558744 -23.526365   0.000684  -0.000771
1 46527U 20061BD  21120.84809152  .00002148  00000-0  11713-3 0  9997 | 2 46527  97.4413 195.3302 0010369 113.5019 246.7304 15.15393261 32328 | 2021/04/30-20:21:15  328.7474    0.1232  246.6213   95.0248     6897.9219     6890.7695     6905.0744 -93.974163 -25.761669   0.000650  -0.000808
1 46527U 20061BD  21122.43284412  .00002478  00000-0  13455-3 0  9991 | 2 46527  97.4412 196.8826 0010417 108.8748 251.3615 15.15400758 32567 | 2021/05/02-10:23:17  179.2640    0.1232  251.2484   95.0244     6897.8992     6890.7136     6905.0847 -93.241662 -28.298056   0.000609  -0.000845
1 46527U 20061BD  21123.62140284  .00002581  00000-0  13999-3 0  9999 | 2 46527  97.4412 198.0469 0010435 105.5450 254.6935 15.15406519 32740 | 2021/05/03-14:54:49  247.1501    0.1232  254.5782   95.0240     6897.8817     6890.6837     6905.0796 -92.647410 -30.186834   0.000577  -0.000869
1 46527U 20061BD  21124.87598725  .00002319  00000-0  12609-3 0  9990 | 2 46527  97.4411 199.2759 0010439 101.9278 258.3125 15.15412083 32932 | 2021/05/04-21:01:25  338.8063    0.1232  258.1954   95.0237     6897.8648     6890.6641     6905.0655 -91.978541 -32.167000   0.000541  -0.000893
1 46527U 20061BD  21126.46071916  .00001542  00000-0  85013-4 0  9992 | 2 46527  97.4412 200.8281 0010447  97.3099 262.9321 15.15417366 33175 | 2021/05/06-11:03:26  189.3178    0.1232  262.8133   95.0233     6897.8488     6890.6426     6905.0549 -91.073555 -34.646719   0.000493  -0.000921
1 46527U 20061BD  21127.51720546  .00001793  00000-0  98293-4 0  9991 | 2 46527  97.4413 201.8629 0010433  94.0597 266.1829 15.15420756 33339 | 2021/05/07-12:24:46  209.6588    0.1233  266.0636   95.0231     6897.8385     6890.6420     6905.0350 -90.433085 -36.285865   0.000456  -0.000938
1 46527U 20061BD  21128.77177806  .00001664  00000-0  91443-4 0  9992 | 2 46527  97.4412 203.0918 0010414  90.4427 269.7999 15.15425115 33526 | 2021/05/08-18:31:21  301.3126    0.1233  269.6806   95.0228     6897.8252     6890.6419     6905.0086 -89.633981 -38.216972   0.000416  -0.000955
1 46527U 20061BD  21130.15840710  .00001611  00000-0  88607-4 0  9998 | 2 46527  97.4411 204.4500 0010395  86.3515 273.8906 15.15429750 33733 | 2021/05/10-03:48:06   80.5081    0.1232  273.7717   95.0226     6897.8112     6890.6409     6904.9815 -88.702856 -40.330773   0.000369  -0.000972
1 46527U 20061BD  21131.74312042  .00001723  00000-0  94537-4 0  9999 | 2 46527  97.4410 206.0022 0010362  81.7040 278.5367 15.15435692 33976 | 2021/05/11-17:50:05  291.0161    0.1233  278.4193   95.0222     6897.7932     6890.6457     6904.9406 -87.577750 -42.718686   0.000315  -0.000987
1 46527U 20061BD  21133.72399984  .00002500  00000-0  13555-3 0  9993 | 2 46527  97.4406 207.9424 0010313  76.1492 284.0887 15.15447657 34279 | 2021/05/13-17:22:33  284.1477    0.1232  283.9740   95.0214     6897.7568     6890.6432     6904.8705 -86.080888 -45.659076   0.000251  -0.001000
1 46527U 20061BD  21135.17663443  .00002625  00000-0  14212-3 0  9997 | 2 46527  97.4404 209.3654 0010269  71.8666 288.3684 15.15456314 34499 | 2021/05/15-04:14:21   87.1079    0.1233  288.2567   95.0209     6897.7306     6890.6473     6904.8139 -84.920293 -47.782585   0.000200  -0.001007
1 46527U 20061BD  21136.36514864  .00002140  00000-0  11652-3 0  9998 | 2 46527  97.4404 210.5297 0010223  68.4317 291.8004 15.15461102 34677 | 2021/05/16-08:45:48  154.9830    0.1233  291.6916   95.0206     6897.7160     6890.6645     6904.7676 -83.931843 -49.498255   0.000159  -0.001010
1 46527U 20061BD  21137.88379843  .00002254  00000-0  12250-3 0  9993 | 2 46527  97.4402 212.0174 0010122  64.0225 296.2049 15.15468967 34904 | 2021/05/17-21:12:40  341.7108    0.1233  296.1008   95.0201     6897.6922     6890.7103     6904.6740 -82.618291 -51.660532   0.000107  -0.001007
1 46527U 20061BD  21139.13832728  .00002787  00000-0  15058-3 0  9999 | 2 46527  97.4402 213.2462 0010026  60.2194 300.0034 15.15478213 35097 | 2021/05/19-03:19:11   73.3535    0.1232  299.9038   95.0195     6897.6641     6890.7485     6904.5797 -81.491433 -53.420397   0.000061  -0.001001
1 46527U 20061BD  21140.19476756  .00002621  00000-0  14179-3 0  9992 | 2 46527  97.4402 214.2810 0009960  57.0670 303.1519 15.15484557 35251 | 2021/05/20-04:40:27   93.6824    0.1233  303.0563   95.0191     6897.6449     6890.7748     6904.5149 -80.513387 -54.883395   0.000023  -0.000996
1 46527U 20061BD  21141.44928456  .00003028  00000-0  16324-3 0  9996 | 2 46527  97.4404 215.5099 0009870  53.1902 307.0235 15.15493656 35440 | 2021/05/21-10:46:58  185.3213    0.1233  306.9331   95.0185     6897.6173     6890.8093     6904.4252 -79.317964 -56.597634  -0.000022  -0.000987
1 46527U 20061BD  21142.50571620  .00002348  00000-0  12739-3 0  9991 | 2 46527  97.4405 216.5447 0009817  50.0976 310.1118 15.15497312 35603 | 2021/05/22-12:08:13  205.6475    0.1233  310.0257   95.0183     6897.6062     6890.8348     6904.3776 -78.282973 -58.020921  -0.000057  -0.000980
1 46527U 20061BD  21143.89227772  .00002402  00000-0  13021-3 0  9996 | 2 46527  97.4405 217.9028 0009697  45.9604 314.2426 15.15503957 35813 | 2021/05/23-21:24:52  344.8246    0.1233  314.1629   95.0179     6897.5860     6890.8974     6904.2746 -76.885823 -59.860014  -0.000104  -0.000964
1 46527U 20061BD  21145.21280629  .00002408  00000-0  13047-3 0  9998 | 2 46527  97.4405 219.1963 0009560  41.8523 318.3438 15.15510341 36015 | 2021/05/25-05:06:26  100.2299    0.1232  318.2709   95.0175     6897.5666     6890.9726     6904.1607 -75.514955 -61.580375  -0.000149  -0.000944
1 46527U 20061BD  21146.46730327  .00002102  00000-0  11433-3 0  9999 | 2 46527  97.4403 220.4251 0009451  37.8872 322.3024 15.15515631 36203 | 2021/05/26-11:12:55  191.8630    0.1233  322.2361   95.0172     6897.5506     6891.0317     6904.0695 -74.176848 -63.185499  -0.000191  -0.000926
1 46527U 20061BD  21147.85384797  .00002369  00000-0  12838-3 0  9994 | 2 46527  97.4401 221.7833 0009342  33.4893 326.6928 15.15522686 36416 | 2021/05/27-20:29:32  331.0350    0.1233  326.6340   95.0167     6897.5292     6891.0855     6903.9729 -72.658183 -64.925816  -0.000237  -0.000904
1 46527U 20061BD  21149.43846190  .00002070  00000-0  11259-3 0  9995 | 2 46527  97.4401 223.3359 0009190  28.4598 331.7135 15.15529495 36652 | 2021/05/29-10:31:23  181.5141    0.1233  331.6635   95.0163     6897.5085     6891.1697     6903.8473 -70.872365 -66.870629  -0.000287  -0.000873
1 46527U 20061BD  21150.75896754  .00002199  00000-0  11938-3 0  9999 | 2 46527  97.4399 224.6295 0009051  24.2644 335.9013 15.15536290 36857 | 2021/05/30-18:12:54  296.9117    0.1233  335.8589   95.0159     6897.4879     6891.2450     6903.7308 -69.344511 -68.453436  -0.000326  -0.000844
1 46527U 20061BD  21152.14549303  .00002042  00000-0  11110-3 0  9998 | 2 46527  97.4397 225.9877 0008890  19.6679 340.4895 15.15541969 37063 | 2021/06/01-03:29:30   76.0776    0.1233  340.4554   95.0155     6897.4707     6891.3388     6903.6025 -67.702349 -70.077722  -0.000366  -0.000810
1 46527U 20061BD  21153.46598837  .00002026  00000-0  11025-3 0  9997 | 2 46527  97.4398 227.2813 0008766  15.1269 345.0224 15.15547799 37263 | 2021/06/02-11:11:01  191.4719    0.1233  344.9964   95.0151     6897.4530     6891.4067     6903.4993 -66.103111 -71.588360  -0.000406  -0.000777
1 46527U 20061BD  21155.11660291  .00001956  00000-0  10655-3 0  9994 | 2 46527  97.4401 228.8980 0008634   9.3648 350.7744 15.15553560 37511 | 2021/06/04-02:47:54   65.7135    0.1233  350.7585   95.0148     6897.4355     6891.4803     6903.3908 -64.057273 -73.425056  -0.000454  -0.000734
1 46527U 20061BD  21156.17299221  .00001921  00000-0  10469-3 0  9997 | 2 46527  97.4401 229.9329 0008520   5.7442 354.3887 15.15557557 37671 | 2021/06/05-04:09:06   86.0263    0.1233  354.3791   95.0145     6897.4234     6891.5468     6903.3000 -62.720662 -74.570045  -0.000480  -0.000704
1 46527U 20061BD  21157.75757090  .00001970  00000-0  10728-3 0  9997 | 2 46527  97.4401 231.4851 0008371   0.3224 359.8012 15.15563920 37910 | 2021/06/06-18:10:54  296.4935    0.1233  359.8009   95.0141     6897.4041     6891.6303     6903.1779 -60.677717 -76.241640  -0.000518  -0.000658
1 46527U 20061BD  21159.14407179  .00001692  00000-0  92603-4 0  9996 | 2 46527  97.4401 232.8433 0008219 355.3251   4.7903 15.15567759 38128 | 2021/06/08-03:27:27   75.6504    0.1233    4.7982   95.0139     6897.3924     6891.7235     6903.0614 -58.853526 -77.658454  -0.000548  -0.000612
1 46527U 20061BD  21160.46454285  .00002059  00000-0  11189-3 0  9990 | 2 46527  97.4401 234.1366 0008012 350.6593   9.4489 15.15575824 38321 | 2021/06/09-11:08:56  191.0355    0.1233    9.4640   95.0134     6897.3680     6891.8418     6902.8941 -57.085749 -78.967020  -0.000569  -0.000565
1 46527U 20061BD  21161.71898550  .00001615  00000-0  88515-4 0  9991 | 2 46527  97.4400 235.3656 0007896 345.9967  14.1046 15.15580514 38511 | 2021/06/10-17:15:20  282.6491    0.1234   14.1267   95.0131     6897.3537     6891.9076     6902.7999 -55.378840 -80.173173  -0.000593  -0.000522
1 46527U 20061BD  21162.90740115  .00001926  00000-0  10487-3 0  9993 | 2 46527  97.4398 236.5298 0007788 341.6148  18.4802 15.15586314 38696 | 2021/06/11-21:46:39  350.4922    0.1233   18.5085   95.0127     6897.3361     6891.9645     6902.7078 -53.738361 -81.281628  -0.000612  -0.000481
1 46527U 20061BD  21164.09581269  .00002095  00000-0  11378-3 0  9996 | 2 46527  97.4396 237.6940 0007659 337.1342  22.9548 15.15591724 38871 | 2021/06/13-02:17:58   58.3335    0.1233   22.9891   95.0124     6897.3197     6892.0371     6902.6024 -52.075704 -82.356522  -0.000629  -0.000437
1 46527U 20061BD  21165.15217412  .00002303  00000-0  12470-3 0  9996 | 2 46527  97.4394 238.7288 0007547 332.9895  27.0943 15.15597479 39035 | 2021/06/14-03:39:07   78.6353    0.1232   27.1337   95.0120     6897.3023     6892.0969     6902.5077 -50.579774 -83.283390  -0.000642  -0.000397
1 46527U 20061BD  21166.47262060  .00002009  00000-0  10923-3 0  9995 | 2 46527  97.4393 240.0224 0007441 327.5862  32.4913 15.15603530 39232 | 2021/06/15-11:20:34  194.0102    0.1233   32.5371   95.0117     6897.2839     6892.1516     6902.4162 -48.686656 -84.403950  -0.000659  -0.000345
1 46527U 20061BD  21167.72703858  .00002209  00000-0  11972-3 0  9996 | 2 46527  97.4393 241.2513 0007358 322.5978  37.4742 15.15611238 39426 | 2021/06/16-17:26:56  285.6137    0.1233   37.5255   95.0112     6897.2605     6892.1855     6902.3355 -46.865271 -85.428705  -0.000673  -0.000298
1 46527U 20061BD  21168.84940864  .00002291  00000-0  12398-3 0  9994 | 2 46527  97.4394 242.3508 0007276 318.2257  41.8420 15.15617163 39597 | 2021/06/17-20:23:08  329.6780    0.1234   41.8977   95.0108     6897.2425     6892.2241     6902.2610 -45.217421 -86.312349  -0.000681  -0.000256
1 46527U 20061BD  21170.43392542  .00002153  00000-0  11670-3 0  9995 | 2 46527  97.4396 243.9030 0007157 311.5868  48.4751 15.15623904 39835 | 2021/06/19-10:24:51  180.1194    0.1233   48.5365   95.0104     6897.2221     6892.2857     6902.1584 -42.862915 -87.505692  -0.000690  -0.000191
1 46527U 20061BD  21172.41456198  .00002179  00000-0  11807-3 0  9993 | 2 46527  97.4399 245.8432 0007036 303.0713  56.9844 15.15632034 40132 | 2021/06/21-09:56:58  173.1667    0.1233   57.0520   95.0099     6897.1974     6892.3446     6902.0503 -39.875836 -88.906984  -0.000695  -0.000109
1 46527U 20061BD  21173.73497999  .00002069  00000-0  11226-3 0  9996 | 2 46527  97.4398 247.1368 0007032 297.7448  62.3071 15.15637590 40331 | 2021/06/22-17:38:22  288.5289    0.1233   62.3785   95.0095     6897.1806     6892.3305     6902.0307 -37.858501 -89.784456  -0.000701  -0.000060
1 46527U 20061BD  21174.85733205  .00002126  00000-0  11524-3 0  9998 | 2 46527  97.4398 248.2364 0006984 293.0226  67.0270 15.15642515 40502 | 2021/06/23-20:34:33  332.5846    0.1233   67.1007   95.0092     6897.1656     6892.3486     6901.9826 -36.128524 -90.494444  -0.000698  -0.000015
1 46527U 20061BD  21176.50784329  .00002218  00000-0  12008-3 0  9995 | 2 46527  97.4398 249.8533 0006905 285.6197  74.4273 15.15649726 40757 | 2021/06/25-12:11:17  206.7811    0.1232   74.5035   95.0088     6897.1438     6892.3813     6901.9062 -33.560704 -91.477832  -0.000688   0.000055
1 46527U 20061BD  21177.76222699  .00002408  00000-0  13002-3 0  9997 | 2 46527  97.4396 251.0822 0006881 280.0922  79.9534 15.15655363 40944 | 2021/06/26-18:17:36  298.3682    0.1233   80.0311   95.0084     6897.1267     6892.3807     6901.8726 -31.591021 -92.176369  -0.000680   0.000106
1 46527U 20061BD  21178.88456564  .00002678  00000-0  14419-3 0  9993 | 2 46527  97.4393 252.1818 0006866 275.2578  84.7871 15.15661360 41116 | 2021/06/27-21:13:46  342.4174    0.1233   84.8655   95.0080     6897.1085     6892.3729     6901.8440 -29.816205 -92.765355  -0.000670   0.000149
1 46527U 20061BD  21180.00690009  .00002594  00000-0  13975-3 0  9997 | 2 46527  97.4391 253.2814 0006889 270.3569  89.6875 15.15666845 41282 | 2021/06/29-00:09:56   26.4649    0.1233   89.7664   95.0077     6897.0918     6892.3404     6901.8432 -28.030447 -93.320267  -0.000661   0.000194
1 46527U 20061BD  21181.52534624  .00002576  00000-0  13877-3 0  9996 | 2 46527  97.4390 254.7691 0006932 263.8419  96.2024 15.15674625 41511 | 2021/06/30-12:36:29  213.1146    0.1233   96.2814   95.0072     6897.0682     6892.2872     6901.8493 -25.598159 -94.016451  -0.000645   0.000253
1 46527U 20061BD  21182.84572782  .00002726  00000-0  14665-3 0  9992 | 2 46527  97.4391 256.0626 0006951 258.2510 101.7943 15.15681737 41712 | 2021/07/01-20:17:50  328.4589    0.1233  101.8723   95.0068     6897.0466     6892.2525     6901.8408 -23.469340 -94.570441  -0.000626   0.000301
1 46527U 20061BD  21183.96804758  .00003004  00000-0  16118-3 0  9992 | 2 46527  97.4392 257.1621 0006971 253.3922 106.6545 15.15688275 41889 | 2021/07/02-23:13:59   12.4993    0.1232  106.7310   95.0063     6897.0268     6892.2189     6901.8347 -21.650356 -95.003472  -0.000607   0.000343
1 46527U 20061BD  21185.48647335  .00002791  00000-0  14999-3 0  9994 | 2 46527  97.4394 258.6495 0007048 246.7783 113.2708 15.15695632 42110 | 2021/07/04-11:40:31  199.1394    0.1233  113.3450   95.0059     6897.0045     6892.1435     6901.8655 -19.177085 -95.533639  -0.000580   0.000400
1 46527U 20061BD  21186.74081863  .00002767  00000-0  14869-3 0  9991 | 2 46527  97.4395 259.8783 0007145 241.6024 118.4489 15.15702425 42307 | 2021/07/05-17:46:46  290.7091    0.1233  118.5209   95.0055     6896.9839     6892.0560     6901.9118 -17.123977 -95.923019  -0.000559   0.000445
1 46527U 20061BD  21187.79710450  .00002531  00000-0  13627-3 0  9998 | 2 46527  97.4395 260.9130 0007218 237.2762 122.7776 15.15707984 42466 | 2021/07/06-19:07:49  310.9759    0.1233  122.8471   95.0051     6896.9670     6891.9888     6901.9452 -15.389013 -96.216602  -0.000538   0.000481
1 46527U 20061BD  21188.85338711  .00002194  00000-0  11861-3 0  9995 | 2 46527  97.4396 261.9479 0007277 232.9574 127.0993 15.15712714 42626 | 2021/07/07-20:28:52  331.2410    0.1232  127.1658   95.0048     6896.9527     6891.9338     6901.9716 -13.648707 -96.478953  -0.000514   0.000515
1 46527U 20061BD  21190.43780553  .00001971  00000-0  10687-3 0  9994 | 2 46527  97.4396 263.5002 0007379 226.4818 133.5802 15.15719379 42869 | 2021/07/09-10:30:26  181.6357    0.1232  133.6414   95.0044     6896.9325     6891.8432     6902.0217 -11.030138 -96.813283  -0.000474   0.000565
1 46527U 20061BD  21191.89018370  .00002088  00000-0  11300-3 0  9999 | 2 46527  97.4393 264.9231 0007501 220.6181 139.4492 15.15725356 43088 | 2021/07/10-21:21:51  344.4952    0.1231  139.5050   95.0040     6896.9143     6891.7409     6902.0877  -8.622668 -97.057028  -0.000436   0.000610
1 46527U 20061BD  21193.14450508  .00001957  00000-0  10610-3 0  9999 | 2 46527  97.4393 266.1520 0007602 216.1534 143.9185 15.15730372 43271 | 2021/07/12-03:28:05   76.0537    0.1232  143.9698   95.0037     6896.8991     6891.6561     6902.1421  -6.539131 -97.219633  -0.000406   0.000643
1 46527U 20061BD  21194.39882396  .00001839  00000-0  99889-4 0  9996 | 2 46527  97.4392 267.3808 0007723 211.3208 148.7565 15.15734444 43461 | 2021/07/13-09:34:18  167.6106    0.1232  148.8024   95.0034     6896.8868     6891.5603     6902.2132  -4.452752 -97.337406  -0.000371   0.000677
1 46527U 20061BD  21195.45509048  .00001620  00000-0  88383-4 0  9999 | 2 46527  97.4392 268.4156 0007830 207.3202 152.7620 15.15736853 43628 | 2021/07/14-10:55:19  187.8679    0.1232  152.8030   95.0033     6896.8794     6891.4792     6902.2797  -2.694142 -97.401947  -0.000340   0.000705
1 46527U 20061BD  21196.90745109  .00001615  00000-0  88131-4 0  9995 | 2 46527  97.4390 269.8384 0007977 201.9029 158.1864 15.15742273 43840 | 2021/07/15-21:46:43  350.7194    0.1232  158.2203   95.0030     6896.8630     6891.3614     6902.3646  -0.274822 -97.438612  -0.000295   0.000741
1 46527U 20061BD  21198.09574236  .00001690  00000-0  92016-4 0  9998 | 2 46527  97.4390 271.0025 0008095 197.6130 162.4823 15.15747116 44028 | 2021/07/17-02:17:52   58.5054    0.1232  162.5102   95.0027     6896.8483     6891.2653     6902.4313   1.704796 -97.424085  -0.000258   0.000767
1 46527U 20061BD  21199.15199820  .00001827  00000-0  99210-4 0  9993 | 2 46527  97.4389 272.0373 0008197 193.8572 166.2437 15.15751780 44186 | 2021/07/18-03:38:52   78.7582    0.1232  166.2660   95.0024     6896.8342     6891.1808     6902.4875   3.463963 -97.377308  -0.000224   0.000788
1 46527U 20061BD  21200.20825143  .00001878  00000-0  10188-3 0  9998 | 2 46527  97.4389 273.0721 0008292 190.0362 170.0706 15.15755984 44346 | 2021/07/19-04:59:52   99.0097    0.1232  170.0870   95.0021     6896.8214     6891.1026     6902.5403   5.222001 -97.298869  -0.000188   0.000808
1 46527U 20061BD  21201.46254806  .00002009  00000-0  10869-3 0  9992 | 2 46527  97.4389 274.3008 0008483 185.5086 174.6055 15.15761843 44531 | 2021/07/20-11:06:04  190.5568    0.1232  174.6146   95.0017     6896.8036     6890.9531     6902.6542   7.307201 -97.164520  -0.000145   0.000836
1 46527U 20061BD  21202.71683962  .00002209  00000-0  11918-3 0  9998 | 2 46527  97.4391 275.5297 0008608 181.1433 178.9782 15.15768042 44727 | 2021/07/21-17:12:14  282.1018    0.1233  178.9800   95.0013     6896.7848     6890.8481     6902.7216   9.389399 -96.985656  -0.000100   0.000855
1 46527U 20061BD  21203.77308061  .00003396  00000-0  18124-3 0  9993 | 2 46527  97.4391 276.5645 0008709 177.5231 182.6046 15.15776750 44889 | 2021/07/22-18:33:14  302.3486    0.1232  182.6001   95.0008     6896.7584     6890.7520     6902.7648  11.139398 -96.800269  -0.000062   0.000869
1 46527U 20061BD  21204.89533155  .00003895  00000-0  20735-3 0  9996 | 2 46527  97.4389 277.6640 0008818 173.6853 186.4493 15.15784570 45058 | 2021/07/23-21:29:16  346.3587    0.1233  186.4380   95.0003     6896.7347     6890.6532     6902.8162  12.994793 -96.568497  -0.000021   0.000882
1 46527U 20061BD  21206.14960521  .00003538  00000-0  18858-3 0  9994 | 2 46527  97.4387 278.8928 0008961 169.5704 190.5717 15.15791588 45249 | 2021/07/25-03:35:25   77.8972    0.1233  190.5529   94.9999     6896.7134     6890.5333     6902.8936  15.062682 -96.267419   0.000024   0.000896
1 46527U 20061BD  21207.46988619  .00002950  00000-0  15779-3 0  9994 | 2 46527  97.4384 280.1864 0009096 165.4392 194.7105 15.15798507 45446 | 2021/07/26-11:16:38  193.1984    0.1233  194.6841   94.9994     6896.6924     6890.4192     6902.9657  17.232090 -95.902538   0.000069   0.000907
1 46527U 20061BD  21208.65813339  .00002570  00000-0  13790-3 0  9991 | 2 46527  97.4382 281.3506 0009206 161.6572 198.4995 15.15804775 45624 | 2021/07/27-15:47:42  260.9674    0.1233  198.4661   94.9990     6896.6734     6890.3243     6903.0225  19.177015 -95.532429   0.000112   0.000914
1 46527U 20061BD  21209.84637530  .00002768  00000-0  14821-3 0  9995 | 2 46527  97.4378 282.5147 0009298 157.8502 202.3135 15.15812111 45808 | 2021/07/28-20:18:46  328.7346    0.1233  202.2731   94.9986     6896.6512     6890.2387     6903.0637  21.113806 -95.122721   0.000156   0.000917
1 46527U 20061BD  21210.90258650  .00002974  00000-0  15895-3 0  9997 | 2 46527  97.4377 283.5495 0009401 154.3507 205.8194 15.15818278 45967 | 2021/07/29-21:39:43  348.9705    0.1232  205.7725   94.9982     6896.6325     6890.1489     6903.1160  22.828225 -94.725802   0.000197   0.000919
1 46527U 20061BD  21212.48689519  .00002932  00000-0  15674-3 0  9993 | 2 46527  97.4376 285.1014 0009561 149.4874 210.6917 15.15826925 46203 | 2021/07/31-11:41:07  199.3223    0.1232  210.6358   94.9977     6896.6062     6890.0124     6903.2001  25.385233 -94.072716   0.000254   0.000922
1 46527U 20061BD  21213.67512067  .00002444  00000-0  13117-3 0  9996 | 2 46527  97.4377 286.2653 0009652 145.9909 214.1945 15.15832170 46384 | 2021/08/01-16:12:10  267.0844    0.1233  214.1324   94.9973     6896.5903     6889.9337     6903.2469  27.290874 -93.537765   0.000294   0.000919
1 46527U 20061BD  21215.25941327  .00002671  00000-0  14303-3 0  9997 | 2 46527  97.4379 287.8173 0009755 141.2085 218.9850 15.15841704 46625 | 2021/08/03-06:13:33  117.4312    0.1232  218.9147   94.9967     6896.5614     6889.8338     6903.2890  29.814319 -92.764491   0.000349   0.000911
1 46527U 20061BD  21216.44762833  .00002237  00000-0  12032-3 0  9997 | 2 46527  97.4381 288.9812 0009841 137.5988 222.6007 15.15845991 46804 | 2021/08/04-10:44:35  185.1899    0.1232  222.5244   94.9965     6896.5484     6889.7615     6903.3353  31.692511 -92.139937   0.000391   0.000903
1 46527U 20061BD  21217.89988537  .00002309  00000-0  12406-3 0  9993 | 2 46527  97.4382 290.4040 0009950 133.1990 227.0075 15.15852639 47028 | 2021/08/05-21:35:50  348.0041    0.1232  226.9242   94.9960     6896.5282     6889.6662     6903.3903  33.970609 -91.324699   0.000442   0.000891
1 46527U 20061BD  21219.35213673  .00001957  00000-0  10566-3 0  9991 | 2 46527  97.4381 291.8267 0010042 128.8616 231.3515 15.15857553 47244 | 2021/08/07-08:27:04  150.8167    0.1233  231.2617   94.9957     6896.5133     6889.5879     6903.4388  36.227532 -90.453023   0.000492   0.000876
1 46527U 20061BD  21220.67235855  .00002383  00000-0  12787-3 0  9995 | 2 46527  97.4378 293.1201 0010104 125.0890 235.1291 15.15865137 47447 | 2021/08/08-16:08:11  266.0994    0.1232  235.0342   94.9953     6896.4903     6889.5221     6903.4585  38.259905 -89.611967   0.000532   0.000859
1 46527U 20061BD  21221.92656393  .00001972  00000-0  10642-3 0  9999 | 2 46527  97.4375 294.3488 0010145 121.4109 238.8118 15.15870387 47634 | 2021/08/09-22:14:15  357.6162    0.1233  238.7124   94.9949     6896.4744     6889.4779     6903.4709  40.172553 -88.770673   0.000571   0.000839
1 46527U 20061BD  21223.11475520  .00001352  00000-0  74042-4 0  9990 | 2 46527  97.4372 295.5129 0010190 117.9066 242.3200 15.15873692 47812 | 2021/08/11-02:45:14   65.3682    0.1233  242.2167   94.9947     6896.4644     6889.4369     6903.4919  41.967595 -87.935936   0.000607   0.000818
1 46527U 20061BD  21224.17092285  .00001655  00000-0  89799-4 0  9991 | 2 46527  97.4370 296.5476 0010241 114.7777 245.4522 15.15878122 47978 | 2021/08/12-04:06:07   85.5916    0.1232  245.3455   94.9944     6896.4509     6889.3883     6903.5136  43.548605 -87.163570   0.000640   0.000800
1 46527U 20061BD  21225.29309812  .00001880  00000-0  10154-3 0  9990 | 2 46527  97.4372 297.6466 0010224 111.4160 248.8164 15.15882947 48141 | 2021/08/13-07:02:03  129.5792    0.1232  248.7072   94.9941     6896.4363     6889.3854     6903.4872  45.212483 -86.312452   0.000670   0.000772
1 46527U 20061BD  21226.87734009  .00001736  00000-0  94029-4 0  9999 | 2 46527  97.4370 299.1984 0010266 106.8062 253.4297 15.15887916 48382 | 2021/08/14-21:03:22  339.9126    0.1232  253.3170   94.9938     6896.4212     6889.3414     6903.5011  47.533206 -85.056236   0.000713   0.000739
1 46527U 20061BD  21228.46157578  .00001888  00000-0  10196-3 0  9996 | 2 46527  97.4369 300.7503 0010295 102.1944 258.0443 15.15894362 48620 | 2021/08/16-11:04:40  190.2442    0.1233  257.9289   94.9934     6896.4017     6889.3018     6903.5015  49.819252 -83.737636   0.000754   0.000701
1 46527U 20061BD  21229.64974877  .00001851  00000-0  10002-3 0  9992 | 2 46527  97.4368 301.9142 0010306  98.8214 261.4187 15.15898460 48801 | 2021/08/17-15:35:38  257.9923    0.1233  261.3019   94.9932     6896.3893     6889.2818     6903.4967  51.509840 -82.708321   0.000781   0.000673
1 46527U 20061BD  21230.70589843  .00001950  00000-0  10514-3 0  9994 | 2 46527  97.4367 302.9487 0010306  95.7671 264.4737 15.15903220 48968 | 2021/08/18-16:56:29  278.2120    0.1233  264.3562   94.9929     6896.3748     6889.2674     6903.4822  52.994643 -81.764774   0.000804   0.000645
1 46527U 20061BD  21232.15809938  .00002296  00000-0  12315-3 0  9990 | 2 46527  97.4369 304.3711 0010341  91.7098 268.5320 15.15909960 49189 | 2021/08/20-03:47:39   81.0123    0.1233  268.4135   94.9924     6896.3544     6889.2229     6903.4859  55.008074 -80.424258   0.000836   0.000609
1 46527U 20061BD  21233.28024984  .00002540  00000-0  13588-3 0  9990 | 2 46527  97.4368 305.4704 0010325  88.5015 271.7401 15.15915756 49352 | 2021/08/21-06:43:33  124.9934    0.1233  271.6218   94.9921     6896.3368     6889.2163     6903.4573  56.540850 -79.354032   0.000856   0.000577
1 46527U 20061BD  21234.46840389  .00002507  00000-0  13415-3 0  9998 | 2 46527  97.4366 306.6343 0010278  85.1199 275.1207 15.15921885 49537 | 2021/08/22-11:14:30  192.7370    0.1233  275.0034   94.9917     6896.3182     6889.2302     6903.4063  58.140943 -78.189013   0.000874   0.000541
1 46527U 20061BD  21235.72256177  .00002129  00000-0  11440-3 0  9990 | 2 46527  97.4364 307.8629 0010236  81.3859 278.8533 15.15927284 49722 | 2021/08/23-17:20:29  284.2428    0.1233  278.7374   94.9914     6896.3018     6889.2428     6903.3609  59.803941 -76.924253   0.000893   0.000500
1 46527U 20061BD  21236.84469996  .00001603  00000-0  86992-4 0  9990 | 2 46527  97.4360 308.9621 0010203  78.1132 282.1244 15.15930309 49891 | 2021/08/24-20:16:22  328.2210    0.1233  282.0101   94.9912     6896.2927     6889.2564     6903.3290  61.268360 -75.762538   0.000908   0.000464
1 46527U 20061BD  21237.90082673  .00002870  00000-0  15298-3 0  9998 | 2 46527  97.4357 309.9966 0010182  75.0089 285.2270 15.15938206 50050 | 2021/08/25-21:37:11  348.4348    0.1233  285.1144   94.9907     6896.2687     6889.2469     6903.2905  62.626031 -74.643793   0.000923   0.000430
1 46527U 20061BD  21239.41900217  .00003402  00000-0  18067-3 0  9998 | 2 46527  97.4354 311.4836 0010124  70.5979 289.6347 15.15946757 50283 | 2021/08/27-10:03:21  174.9907    0.1233  289.5254   94.9901     6896.2428     6889.2610     6903.2245  64.541759 -72.993277   0.000938   0.000381
1 46527U 20061BD  21240.73914391  .00008199  00000-0  43002-3 0  9998 | 2 46527  97.4351 312.7766 0010042  66.6225 293.6063 15.15967088 50487 | 2021/08/28-17:44:22  290.2537    0.1233  293.5008   94.9889     6896.1811     6889.2560     6903.1063  66.172228 -71.518074   0.000947   0.000334
1 46527U 20061BD  21241.92725881  .00007384  00000-0  38758-3 0  9991 | 2 46527  97.4351 313.9402 0009985  63.1414 297.0838 15.15978574 50663 | 2021/08/29-22:15:15  357.9861    0.1233  296.9819   94.9881     6896.1463     6889.2605     6903.0321  67.610919 -70.159550   0.000954   0.000293
1 46527U 20061BD  21243.11536933  .00004191  00000-0  22155-3 0  9999 | 2 46527  97.4351 315.1038 0009913  59.6089 300.6123 15.15980940 50849 | 2021/08/31-02:46:07   65.7174    0.1234  300.5145   94.9880     6896.1391     6889.3030     6902.9753  69.021724 -68.772090   0.000959   0.000252
1 46527U 20061BD  21244.17146515  .00003304  00000-0  17539-3 0  9994 | 2 46527  97.4353 316.1381 0009829  56.3114 303.9055 15.15984098 51009 | 2021/09/01-04:06:54   85.9228    0.1234  303.8120   94.9878     6896.1295     6889.3513     6902.9077  70.252025 -67.515115   0.000960   0.000212
1 46527U 20061BD  21245.42557164  .00003200  00000-0  16993-3 0  9997 | 2 46527  97.4354 317.3664 0009743  52.6498 307.5621 15.15990841 51198 | 2021/09/02-10:12:49  177.4139    0.1233  307.4735   94.9874     6896.1091     6889.3902     6902.8280  71.683226 -65.993729   0.000959   0.000169
1 46527U 20061BD  21246.48165647  .00003024  00000-0  16077-3 0  9992 | 2 46527  97.4354 318.4008 0009641  49.4580 310.7491 15.15996331 51354 | 2021/09/03-11:33:35  197.6158    0.1233  310.6653   94.9870     6896.0924     6889.4439     6902.7410  72.862909 -64.688899   0.000955   0.000132
1 46527U 20061BD  21247.93376562  .00003035  00000-0  16129-3 0  9993 | 2 46527  97.4353 319.8230 0009513  44.8866 315.3134 15.16005193 51576 | 2021/09/04-22:24:37    0.3913    0.1233  315.2367   94.9865     6896.0656     6889.5053     6902.6258  74.445935 -62.860484   0.000948   0.000078
1 46527U 20061BD  21249.45187015  .00002960  00000-0  15734-3 0  9992 | 2 46527  97.4351 321.3101 0009389  40.0811 320.1113 15.16014679 51804 | 2021/09/06-10:50:41  186.9257    0.1233  320.0422   94.9859     6896.0368     6889.5621     6902.5115  76.052053 -60.907175   0.000939   0.000023
1 46527U 20061BD  21250.50793778  .00003027  00000-0  16079-3 0  9997 | 2 46527  97.4349 322.3446 0009313  36.7950 323.3920 15.16021176 51965 | 2021/09/07-12:11:25  207.1219    0.1233  323.3283   94.9855     6896.0171     6889.5948     6902.4394  77.139144 -59.524048   0.000931  -0.000014
1 46527U 20061BD  21251.63000470  .00003339  00000-0  17699-3 0  9997 | 2 46527  97.4346 323.4436 0009214  33.2961 326.8850 15.16028814 52133 | 2021/09/08-15:07:12  251.0788    0.1234  326.8273   94.9850     6895.9939     6889.6400     6902.3479  78.266384 -58.033391   0.000920  -0.000052
1 46527U 20061BD  21252.88407244  .00003428  00000-0  18158-3 0  9995 | 2 46527  97.4341 324.6719 0009087  29.1497 331.0242 15.16037039 52324 | 2021/09/09-21:13:03  342.5582    0.1234  330.9737   94.9845     6895.9690     6889.7026     6902.2354  79.492009 -56.342030   0.000903  -0.000098
1 46527U 20061BD  21254.13813254  .00003780  00000-0  19980-3 0  9992 | 2 46527  97.4336 325.9000 0008955  24.9223 335.2440 15.16047198 52512 | 2021/09/11-03:18:54   74.0354    0.1233  335.2010   94.9839     6895.9382     6889.7629     6902.1135  80.680899 -54.625076   0.000884  -0.000143
1 46527U 20061BD  21255.39218356  .00003350  00000-0  17744-3 0  9992 | 2 46527  97.4334 327.1281 0008852  21.0360 339.1235 15.16056428 52703 | 2021/09/12-09:24:44  165.5085    0.1233  339.0873   94.9833     6895.9102     6889.8059     6902.0145  81.832964 -52.883206   0.000866  -0.000182
1 46527U 20061BD  21256.44822099  .00003023  00000-0  16046-3 0  9995 | 2 46527  97.4333 328.1622 0008746  17.5651 342.5883 15.16063504 52864 | 2021/09/13-10:45:26  185.6948    0.1234  342.5583   94.9828     6895.8887     6889.8576     6901.9199  82.773959 -51.397662   0.000848  -0.000216
1 46527U 20061BD  21257.90026479  .00003185  00000-0  16879-3 0  9998 | 2 46527  97.4334 329.5841 0008591  12.4767 347.6677 15.16073381 53089 | 2021/09/14-21:36:22  348.4489    0.1234  347.6467   94.9822     6895.8588     6889.9346     6901.7830  84.023954 -49.327909   0.000817  -0.000265
1 46527U 20061BD  21259.08829466  .00003128  00000-0  16584-3 0  9996 | 2 46527  97.4335 330.7474 0008455   8.3803 351.7569 15.16080365 53266 | 2021/09/16-02:07:08   56.1545    0.1233  351.7430   94.9818     6895.8376     6890.0072     6901.6680  85.008179 -47.611935   0.000790  -0.000301
1 46527U 20061BD  21260.14431705  .00002739  00000-0  14562-3 0  9991 | 2 46527  97.4335 331.7814 0008321   4.9098 355.2215 15.16085412 53428 | 2021/09/17-03:27:48   76.3354    0.1233  355.2135   94.9815     6895.8223     6890.0843     6901.5603  85.853529 -46.070148   0.000764  -0.000329
1 46527U 20061BD  21261.46433812  .00002799  00000-0  14872-3 0  9998 | 2 46527  97.4336 333.0744 0008185   0.1057   0.0176 15.16093606 53624 | 2021/09/18-11:08:38  191.5590    0.1233    0.0176   94.9809     6895.7975     6890.1533     6901.4417  86.871339 -44.121161   0.000730  -0.000369
1 46527U 20061BD  21262.78435321  .00002107  00000-0  11277-3 0  9990 | 2 46527  97.4337 334.3673 0008057 355.3193   4.7963 15.16099116 53823 | 2021/09/19-18:49:28  306.7803    0.1233    4.8040   94.9806     6895.7808     6890.2248     6901.3367  87.844838 -42.149855   0.000696  -0.000407
1 46527U 20061BD  21264.17036341  .00002435  00000-0  12977-3 0  9996 | 2 46527  97.4334 335.7247 0007925 350.4188   9.6892 15.16107163 54036 | 2021/09/21-04:05:19   85.7603    0.1233    9.7045   94.9801     6895.7564     6890.2915     6901.2212  88.818397 -40.056958   0.000658  -0.000442
1 46527U 20061BD  21266.15036575  .00003783  00000-0  19960-3 0  9991 | 2 46527  97.4327 337.6639 0007724 343.0795  17.0179 15.16121442 54333 | 2021/09/23-03:36:31   78.5842    0.1233   17.0438   94.9792     6895.7131     6890.3868     6901.0393  90.122369 -37.028228   0.000598  -0.000489
1 46527U 20061BD  21267.47035501  .00004018  00000-0  21171-3 0  9994 | 2 46527  97.4323 338.9564 0007593 337.8944  22.1960 15.16132157 54533 | 2021/09/24-11:17:18  193.7958    0.1233   22.2289   94.9785     6895.6806     6890.4447     6900.9165  90.934292 -34.985821   0.000554  -0.000519
1 46527U 20061BD  21268.98832927  .00004783  00000-0  25126-3 0  9991 | 2 46527  97.4318 340.4429 0007454 332.1286  27.9547 15.16148316 54761 | 2021/09/25-23:43:11   20.2833    0.1234   27.9948   94.9775     6895.6316     6890.4916     6900.7716  91.810799 -32.614916   0.000504  -0.000549
1 46527U 20061BD  21270.44029286  .00004583  00000-0  24082-3 0  9999 | 2 46527  97.4315 341.8646 0007344 326.2450  33.8315 15.16160033 54982 | 2021/09/27-10:34:01  183.0065    0.1234   33.8784   94.9768     6895.5960     6890.5319     6900.6602  92.591454 -30.326884   0.000453  -0.000578
1 46527U 20061BD  21272.15623512  .00005149  00000-0  27004-3 0  9997 | 2 46527  97.4315 343.5447 0007234 319.1621  40.9069 15.16175412 55241 | 2021/09/29-03:44:58   80.7644    0.1233   40.9612   94.9758     6895.5494     6890.5612     6900.5377  93.440805 -27.599150   0.000391  -0.000609
1 46527U 20061BD  21273.47617774  .00005629  00000-0  29473-3 0  9991 | 2 46527  97.4317 344.8372 0007145 313.8264  46.2378 15.16189347 55445 | 2021/09/30-11:25:41  195.9570    0.1234   46.2970   94.9749     6895.5072     6890.5803     6900.4340  94.039764 -25.484486   0.000343  -0.000627
1 46527U 20061BD  21274.79610661  .00006092  00000-0  31854-3 0  9996 | 2 46527  97.4320 346.1296 0007080 308.4992  51.5605 15.16205427 55647 | 2021/10/01-19:06:23  311.1445    0.1233   51.6241   94.9739     6895.4584     6890.5764     6900.3404  94.590928 -23.357034   0.000295  -0.000644
1 46527U 20061BD  21275.91803595  .00005405  00000-0  28295-3 0  9993 | 2 46527  97.4321 347.2284 0006980 303.8761  56.1808 15.16217118 55813 | 2021/10/02-22:01:58  355.0489    0.1234   56.2473   94.9732     6895.4230     6890.6100     6900.2360  95.021537 -21.538838   0.000251  -0.000651
1 46527U 20061BD  21277.10595253  .00004463  00000-0  23418-3 0  9990 | 2 46527  97.4319 348.3918 0006960 298.6753  61.3780 15.16227511 55990 | 2021/10/04-02:32:34   62.7099    0.1233   61.4480   94.9726     6895.3915     6890.5923     6900.1906  95.439073 -19.605063   0.000204  -0.000665
1 46527U 20061BD  21278.42585094  .00004654  00000-0  24399-3 0  9999 | 2 46527  97.4316 349.6845 0006941 293.0442  67.0058 15.16239157 56196 | 2021/10/05-10:13:13  177.8849    0.1232   67.0790   94.9718     6895.3561     6890.5701     6900.1422  95.856777 -17.446918   0.000153  -0.000677
1 46527U 20061BD  21279.74573928  .00004592  00000-0  24068-3 0  9992 | 2 46527  97.4313 350.9772 0006874 287.3996  72.6485 15.16250552 56392 | 2021/10/06-17:53:51  293.0549    0.1233   72.7237   94.9711     6895.3216     6890.5818     6900.0614  96.225686 -15.279906   0.000100  -0.000680
1 46527U 20061BD  21281.13160827  .00004987  00000-0  26097-3 0  9990 | 2 46527  97.4308 352.3343 0006839 281.4334  78.6131 15.16265948 56601 | 2021/10/08-03:09:30   71.9782    0.1233   78.6899   94.9701     6895.2749     6890.5592     6899.9906  96.560084 -12.996578   0.000045  -0.000682
1 46527U 20061BD  21282.18750081  .00004106  00000-0  21544-3 0  9998 | 2 46527  97.4304 353.3681 0006841 276.9660  83.0795 15.16274447 56764 | 2021/10/09-04:30:00   92.1074    0.1233   83.1573   94.9696     6895.2492     6890.5321     6899.9662  96.778456 -11.252257   0.000004  -0.000684
1 46527U 20061BD  21283.44136584  .00006340  00000-0  33060-3 0  9992 | 2 46527  97.4300 354.5958 0006847 271.6844  88.3604 15.16289835 56957 | 2021/10/10-10:35:34  183.5077    0.1232   88.4388   94.9687     6895.2025     6890.4814     6899.9237  96.996930  -9.176083  -0.000044  -0.000683
1 46527U 20061BD  21284.62922985  .00005645  00000-0  29467-3 0  9994 | 2 46527  97.4297 355.7588 0006881 266.5662  93.4784 15.16298110 57136 | 2021/10/11-15:06:05  251.1468    0.1233   93.5571   94.9681     6895.1774     6890.4328     6899.9220  97.162894  -7.205445  -0.000092  -0.000682
1 46527U 20061BD  21285.88307216  .00008775  00000-0  45571-3 0  9998 | 2 46527  97.4297 356.9863 0006915 261.2700  98.7750 15.16319259 57328 | 2021/10/12-21:11:37  342.5379    0.1233   98.8533   94.9668     6895.1133     6890.3453     6899.8813  97.294954  -5.122341  -0.000141  -0.000677
1 46527U 20061BD  21287.46685049  .00004945  00000-0  25830-3 0  9998 | 2 46527  97.4301 358.5371 0006930 254.4479 105.5989 15.16336378 57568 | 2021/10/14-11:12:15  192.7066    0.1233  105.6754   94.9657     6895.0614     6890.2831     6899.8397  97.398344  -2.487356  -0.000203  -0.000663
1 46527U 20061BD  21288.78665248  .00004477  00000-0  23412-3 0  9997 | 2 46527  97.4301 359.8294 0006958 248.7605 111.2885 15.16349860 57764 | 2021/10/15-18:52:46  307.8417    0.1233  111.3628   94.9649     6895.0205     6890.2230     6899.8181  97.429668  -0.290101  -0.000254  -0.000648
1 46527U 20061BD  21290.17243593  .00003300  00000-0  17344-3 0  9999 | 2 46527  97.4301   1.1865 0007060 243.1375 116.9137 15.16358463 57977 | 2021/10/17-04:08:18   86.7303    0.1233  116.9858   94.9644     6894.9945     6890.1266     6899.8623  97.409210   2.017471  -0.000306  -0.000636
1 46527U 20061BD  21291.42623107  .00005747  00000-0  29926-3 0  9997 | 2 46527  97.4301   2.4144 0007148 238.2352 121.8185 15.16373650 58163 | 2021/10/18-10:13:46  178.1020    0.1233  121.8881   94.9634     6894.9484     6890.0199     6899.8769  97.343609   4.104414  -0.000350  -0.000623
1 46527U 20061BD  21292.48204969  .00004842  00000-0  25265-3 0  9992 | 2 46527  97.4299   3.4484 0007214 233.7526 126.3041 15.16382232 58329 | 2021/10/19-11:34:09  198.2003    0.1233  126.3707   94.9629     6894.9224     6889.9484     6899.8964  97.253491   5.860370  -0.000391  -0.000606
1 46527U 20061BD  21293.73582330  .00004615  00000-0  24086-3 0  9990 | 2 46527  97.4298   4.6763 0007275 228.4896 131.5714 15.16396753 58518 | 2021/10/20-17:39:35  289.5624    0.1233  131.6337   94.9620     6894.8784     6889.8624     6899.8944  97.105475   7.943086  -0.000436  -0.000582
1 46527U 20061BD  21295.45150058  .00003276  00000-0  17195-3 0  9994 | 2 46527  97.4291   6.3564 0007394 221.7061 138.3609 15.16408094 58779 | 2021/10/22-10:50:09  187.2112    0.1233  138.4172   94.9612     6894.8440     6889.7460     6899.9421  96.830150  10.786637  -0.000494  -0.000550
1 46527U 20061BD  21296.77124461  .00003412  00000-0  17887-3 0  9999 | 2 46527  97.4287   7.6487 0007513 216.6833 143.3887 15.16416687 58978 | 2021/10/23-18:30:35  302.3225    0.1233  143.4400   94.9607     6894.8180     6889.6379     6899.9980  96.561854  12.967648  -0.000537  -0.000525
1 46527U 20061BD  21298.09098011  .00004406  00000-0  22992-3 0  9994 | 2 46527  97.4283   8.9408 0007640 211.8942 148.1830 15.16427948 59176 | 2021/10/25-02:11:00   57.4308    0.1233  148.2291   94.9600     6894.7838     6889.5162     6900.0514  96.244492  15.141709  -0.000578  -0.000500
1 46527U 20061BD  21299.14676094  .00005424  00000-0  28212-3 0  9996 | 2 46527  97.4281   9.9744 0007742 207.7742 152.3078 15.16439344 59335 | 2021/10/26-03:31:20   77.5141    0.1232  152.3490   94.9593     6894.7493     6889.4114     6900.0872  95.955498  16.875340  -0.000612  -0.000474
1 46527U 20061BD  21300.20253337  .00005556  00000-0  28879-3 0  9992 | 2 46527  97.4280  11.0080 0007828 203.7706 156.3166 15.16450868 59495 | 2021/10/27-04:51:38   97.5940    0.1232  156.3526   94.9586     6894.7144     6889.3172     6900.1115  95.635377  18.603492  -0.000643  -0.000447
1 46527U 20061BD  21301.78617617  .00005987  00000-0  31071-3 0  9997 | 2 46527  97.4280  12.5585 0007965 197.7802 162.3153 15.16469717 59735 | 2021/10/28-18:52:05  307.7075    0.1232  162.3430   94.9574     6894.6572     6889.1656     6900.1488  95.096987  21.184385  -0.000687  -0.000402
1 46527U 20061BD  21302.97389628  .00008813  00000-0  45538-3 0  9991 | 2 46527  97.4281  13.7215 0008057 193.7721 166.3294 15.16487945 59911 | 2021/10/29-23:22:24   15.2885    0.1233  166.3512   94.9562     6894.6020     6889.0470     6900.1570  94.647519  23.110208  -0.000715  -0.000372
1 46527U 20061BD  21304.22758647  .00008870  00000-0  45811-3 0  9999 | 2 46527  97.4282  14.9492 0008172 189.5678 170.5401 15.16504750 60108 | 2021/10/31-05:27:43  106.6185    0.1233  170.5555   94.9552     6894.5510     6888.9168     6900.1853  94.130735  25.132825  -0.000744  -0.000339
1 46527U 20061BD  21305.48125743  .00008859  00000-0  45721-3 0  9990 | 2 46527  97.4286  16.1769 0008274 185.8907 174.2231 15.16526704 60295 | 2021/11/01-11:33:00  197.9421    0.1233  174.2326   94.9538     6894.4845     6888.7800     6900.1890  93.571021  27.143990  -0.000767  -0.000311
1 46527U 20061BD  21307.19677691  .00009738  00000-0  50172-3 0  9997 | 2 46527  97.4286  17.8570 0008431 178.4919 181.6341 15.16559470 60558 | 2021/11/03-04:43:21   95.5278    0.1232  181.6313   94.9518     6894.3852     6888.5725     6900.1979  92.734958  29.875737  -0.000809  -0.000237
1 46527U 20061BD  21308.45040177  .00020118  00000-0  10303-2 0  9996 | 2 46527  97.4283  19.0850 0008544 174.5742 185.5585 15.16599434 60744 | 2021/11/04-10:48:34  186.8336    0.1232  185.5490   94.9493     6894.2641     6888.3736     6900.1545  92.073109  31.856180  -0.000830  -0.000202
1 46527U 20061BD  21309.50606880  .00009183  00000-0  47268-3 0  9992 | 2 46527  97.4277  20.1186 0008655 171.1077 189.0311 15.16609436 60907 | 2021/11/05-12:08:44  206.8746    0.1232  189.0155   94.9486     6894.2338     6888.2668     6900.2007  91.482919  33.511674  -0.000849  -0.000168
1 46527U 20061BD  21310.95758616  .00007263  00000-0  37437-3 0  9992 | 2 46527  97.4269  21.5400 0008747 166.8105 193.3359 15.16632374 61129 | 2021/11/06-22:58:55    9.4225    0.1233  193.3128   94.9472     6894.1643     6888.1339     6900.1946  90.622749  35.770354  -0.000865  -0.000127
1 46527U 20061BD  21312.14517682  .00005655  00000-0  29219-3 0  9993 | 2 46527  97.4266  22.7028 0008839 162.6676 197.4861 15.16647366 61304 | 2021/11/08-03:29:03   76.9556    0.1233  197.4557   94.9463     6894.1188     6888.0251     6900.2125  89.877912  37.601906  -0.000880  -0.000083
1 46527U 20061BD  21313.46471031  .00004883  00000-0  25269-3 0  9999 | 2 46527  97.4265  23.9948 0008987 158.0435 202.1185 15.16660794 61508 | 2021/11/09-11:09:10  191.9880    0.1233  202.0798   94.9454     6894.0781     6887.8824     6900.2738  89.007133  39.618850  -0.000898  -0.000032
1 46527U 20061BD  21314.78423366  .00004313  00000-0  22352-3 0  9991 | 2 46527  97.4263  25.2868 0009090 153.9145 206.2548 15.16671960 61707 | 2021/11/10-18:49:17  307.0176    0.1233  206.2088   94.9447     6894.0443     6887.7776     6900.3110  88.091008  41.615602  -0.000909   0.000013
1 46527U 20061BD  21316.16972332  .00003802  00000-0  19736-3 0  9991 | 2 46527  97.4265  26.6434 0009176 149.6821 210.4945 15.16682129 61911 | 2021/11/12-04:04:24   85.7956    0.1233  210.4412   94.9441     6894.0135     6887.6875     6900.3394  87.081249  43.689575  -0.000916   0.000059
1 46527U 20061BD  21317.42325317  .00003935  00000-0  20409-3 0  9992 | 2 46527  97.4267  27.8709 0009267 145.8784 214.3047 15.16691942 62109 | 2021/11/13-10:09:29  177.0679    0.1233  214.2449   94.9435     6893.9837     6887.5951     6900.3724  86.125512  45.545121  -0.000921   0.000101
1 46527U 20061BD  21318.47885090  .00003939  00000-0  20427-3 0  9991 | 2 46527  97.4269  28.9047 0009354 142.5880 217.6006 15.16700187 62266 | 2021/11/14-11:29:32  197.0842    0.1233  217.5353   94.9430     6893.9588     6887.5102     6900.4074  85.289932  47.091701  -0.000925   0.000138
1 46527U 20061BD  21319.73236649  .00003612  00000-0  18755-3 0  9990 | 2 46527  97.4270  30.1324 0009448 138.7111 221.4838 15.16708936 62456 | 2021/11/15-17:34:36  288.3514    0.1232  221.4121   94.9424     6893.9322     6887.4189     6900.4456  84.261464  48.908343  -0.000927   0.000183
1 46527U 20061BD  21321.18379487  .00003572  00000-0  18542-3 0  9999 | 2 46527  97.4269  31.5540 0009513 134.2932 225.9083 15.16720113 62670 | 2021/11/17-04:24:39   90.8680    0.1233  225.8301   94.9417     6893.8984     6887.3402     6900.4565  83.022074  50.983685  -0.000922   0.000233
1 46527U 20061BD  21322.63521225  .00003475  00000-0  18043-3 0  9997 | 2 46527  97.4266  32.9756 0009590 129.9242 230.2835 15.16731451 62896 | 2021/11/18-15:14:42  253.3810    0.1232  230.1990   94.9410     6893.8640     6887.2528     6900.4752  81.731412  53.027528  -0.000917   0.000282
1 46527U 20061BD  21324.15259280  .00003573  00000-0  18536-3 0  9991 | 2 46527  97.4261  34.4617 0009685 125.3780 234.8360 15.16742429 63123 | 2021/11/20-03:39:44   79.6412    0.1233  234.7453   94.9403     6893.8308     6887.1541     6900.5074  80.328270  55.129067  -0.000909   0.000334
1 46527U 20061BD  21325.47204490  .00004074  00000-0  21079-3 0  9993 | 2 46527  97.4257  35.7537 0009735 121.4529 238.7658 15.16753233 63327 | 2021/11/21-11:19:44  194.6478    0.1234  238.6705   94.9396     6893.7980     6887.0869     6900.5091  79.064487  56.926039  -0.000897   0.000377
1 46527U 20061BD  21326.65954262  .00003692  00000-0  19131-3 0  9994 | 2 46527  97.4253  36.9165 0009785 117.9345 242.2880 15.16762871 63509 | 2021/11/22-15:49:44  262.1508    0.1233  242.1888   94.9390     6893.7688     6887.0233     6900.5144  77.892669  58.518554  -0.000886   0.000416
1 46527U 20061BD  21328.17689069  .00003202  00000-0  16630-3 0  9991 | 2 46527  97.4248  38.4022 0009814 113.4417 246.7849 15.16773779 63734 | 2021/11/24-04:14:43   88.4019    0.1233  246.6816   94.9384     6893.7358     6886.9703     6900.5013  76.348855  60.518130  -0.000865   0.000463
1 46527U 20061BD  21329.43034475  .00003497  00000-0  18128-3 0  9996 | 2 46527  97.4247  39.6294 0009856 109.7602 250.4695 15.16782691 63922 | 2021/11/25-10:19:41  179.6505    0.1233  250.3631   94.9378     6893.7088     6886.9143     6900.5032  75.035146  62.139352  -0.000848   0.000502
1 46527U 20061BD  21330.68379100  .00004444  00000-0  22934-3 0  9995 | 2 46527  97.4248  40.8567 0009863 106.1257 254.1063 15.16793706 64116 | 2021/11/26-16:24:39  270.8970    0.1233  253.9976   94.9371     6893.6754     6886.8762     6900.4746  73.687058  63.732324  -0.000827   0.000537
1 46527U 20061BD  21332.13513832  .00004039  00000-0  20868-3 0  9993 | 2 46527  97.4249  42.2779 0009893 101.8884 258.3459 15.16804958 64330 | 2021/11/28-03:14:35   73.3891    0.1233  258.2349   94.9364     6893.6413     6886.8214     6900.4612  72.083771  65.540378  -0.000802   0.000579
1 46527U 20061BD  21333.19065516  .00004136  00000-0  21359-3 0  9995 | 2 46527  97.4251  43.3115 0009901  98.7549 261.4806 15.16815051 64495 | 2021/11/29-04:34:32   93.3807    0.1233  261.3684   94.9358     6893.6107     6886.7854     6900.4361  70.889921  66.830151  -0.000781   0.000609
1 46527U 20061BD  21334.44407073  .00004703  00000-0  24225-3 0  9997 | 2 46527  97.4252  44.5390 0009925  95.0541 265.1825 15.16829321 64680 | 2021/11/30-10:39:27  184.6172    0.1233  265.0692   94.9349     6893.5675     6886.7256     6900.4093  69.442071  68.333509  -0.000756   0.000643
1 46527U 20061BD  21335.76344461  .00005493  00000-0  28224-3 0  9994 | 2 46527  97.4253  45.8312 0009872  91.1695 269.0669 15.16844171 64888 | 2021/12/01-18:19:21  299.6002    0.1233  268.9538   94.9339     6893.5225     6886.7172     6900.3278  67.883476  69.882207  -0.000722   0.000673
1 46527U 20061BD  21337.14877191  .00005821  00000-0  29876-3 0  9998 | 2 46527  97.4252  47.1880 0009871  87.1789 273.0574 15.16861274 65097 | 2021/12/03-03:34:13   78.3268    0.1233  272.9444   94.9329     6893.4707     6886.6661     6900.2752  66.209675  71.469913  -0.000690   0.000706
1 46527U 20061BD  21338.20424890  .00005575  00000-0  28615-3 0  9996 | 2 46527  97.4250  48.2217 0009882  84.1027 276.1332 15.16874042 65256 | 2021/12/04-04:54:07   98.3055    0.1233  276.0206   94.9321     6893.4320     6886.6199     6900.2441  64.909414  72.652588  -0.000665   0.000731
1 46527U 20061BD  21339.45761785  .00004196  00000-0  21619-3 0  9996 | 2 46527  97.4244  49.4490 0009876  80.4609 279.7739 15.16884835 65445 | 2021/12/05-10:58:58  189.5275    0.1232  279.6623   94.9314     6893.3993     6886.5914     6900.2072  63.338003  74.025746  -0.000634   0.000758
1 46527U 20061BD  21340.77694481  .00003346  00000-0  17305-3 0  9994 | 2 46527  97.4238  50.7408 0009814  76.5266 283.7060 15.16894096 65643 | 2021/12/06-18:38:48  304.4960    0.1233  283.5967   94.9308     6893.3712     6886.6061     6900.1364  61.652671  75.434375  -0.000594   0.000781
1 46527U 20061BD  21342.16223059  .00002970  00000-0  15397-3 0  9999 | 2 46527  97.4234  52.0972 0009735  72.3477 287.8818 15.16902260 65852 | 2021/12/08-03:53:36   83.2110    0.1233  287.7756   94.9303     6893.3465     6886.6358     6900.0572  59.849510  76.872330  -0.000551   0.000803
1 46527U 20061BD  21343.41557792  .00003082  00000-0  15959-3 0  9991 | 2 46527  97.4235  53.3244 0009714  68.7143 291.5127 15.16910171 66042 | 2021/12/09-09:58:25  174.4267    0.1234  291.4091   94.9298     6893.3225     6886.6264     6900.0187  58.189464  78.136577  -0.000515   0.000823
1 46527U 20061BD  21344.47102388  .00002683  00000-0  13937-3 0  9995 | 2 46527  97.4234  54.3579 0009640  65.5492 294.6746 15.16914965 66207 | 2021/12/10-11:18:16  194.3972    0.1234  294.5742   94.9295     6893.3080     6886.6629     6899.9532  56.770590  79.173348  -0.000481   0.000836
1 46527U 20061BD  21345.65839590  .00002488  00000-0  12945-3 0  9999 | 2 46527  97.4235  55.5206 0009567  61.9469 298.2731 15.16920957 66381 | 2021/12/11-15:48:05  261.8626    0.1234  298.1765   94.9291     6893.2899     6886.6950     6899.8847  55.152407  80.309092  -0.000441   0.000849
1 46527U 20061BD  21346.77979898  .00002343  00000-0  12208-3 0  9991 | 2 46527  97.4237  56.6188 0009514  58.5040 301.7122 15.16926000 66551 | 2021/12/12-18:42:54  305.5786    0.1234  301.6194   94.9288     6893.2746     6886.7163     6899.8328  53.603180  81.351561  -0.000404   0.000861
1 46527U 20061BD  21348.16505602  .00002452  00000-0  12760-3 0  9998 | 2 46527  97.4238  57.9754 0009446  54.3943 305.8169 15.16932855 66769 | 2021/12/14-03:57:40   84.2849    0.1234  305.7291   94.9284     6893.2538     6886.7424     6899.7652  51.662217  82.597894  -0.000359   0.000874
1 46527U 20061BD  21349.48434152  .00003258  00000-0  16835-3 0  9997 | 2 46527  97.4237  59.2675 0009367  50.4952 309.7108 15.16942221 66960 | 2021/12/15-11:37:27  199.2411    0.1234  309.6282   94.9278     6893.2254     6886.7686     6899.6823  49.786489  83.741763  -0.000317   0.000882
1 46527U 20061BD  21350.73765185  .00005238  00000-0  26850-3 0  9998 | 2 46527  97.4237  60.4949 0009269  46.7514 313.4492 15.16957195 67157 | 2021/12/16-17:42:13  290.4462    0.1234  313.3720   94.9269     6893.1801     6886.7908     6899.5694  47.981273  84.789002  -0.000275   0.000885
1 46527U 20061BD  21352.12287437  .00005478  00000-0  28052-3 0  9994 | 2 46527  97.4236  61.8516 0009188  42.3519 317.8422 15.16974463 67369 | 2021/12/18-02:56:56   69.1414    0.1234  317.7715   94.9258     6893.1278     6886.7944     6899.4612  45.960254  85.901181  -0.000225   0.000891
1 46527U 20061BD  21353.17827173  .00006448  00000-0  32940-3 0  9996 | 2 46527  97.4231  62.8851 0009100  38.7980 321.3906 15.16988973 67528 | 2021/12/19-04:16:42   89.0967    0.1235  321.3255   94.9249     6893.0838     6886.8111     6899.3565  44.403149  86.715747  -0.000184   0.000891
1 46527U 20061BD  21354.43154169  .00011946  00000-0  60654-3 0  9996 | 2 46527  97.4227  64.1124 0008972  34.6921 325.4896 15.17014970 67719 | 2021/12/20-10:21:25  180.2888    0.1234  325.4313   94.9233     6893.0051     6886.8207     6899.1895  42.535442  87.646555  -0.000137   0.000887
1 46527U 20061BD  21355.75074976  .00010088  00000-0  51249-3 0  9995 | 2 46527  97.4222  65.4041 0008857  30.3307 329.8438 15.17039621 67911 | 2021/12/21-18:01:04  295.2195    0.1235  329.7928   94.9217     6892.9304     6886.8253     6899.0355  40.548652  88.582684  -0.000089   0.000881
1 46527U 20061BD  21357.13589013  .00010009  00000-0  50808-3 0  9995 | 2 46527  97.4218  66.7600 0008768  26.1773 333.9902 15.17071039 68127 | 2021/12/23-03:15:40   73.8864    0.1234  333.9461   94.9197     6892.8352     6886.7916     6898.8789  38.441034  89.517004  -0.000045   0.000876
1 46527U 20061BD  21358.45504581  .00009447  00000-0  47942-3 0  9997 | 2 46527  97.4217  68.0521 0008682  22.4969 337.6643 15.17098425 68327 | 2021/12/24-10:55:15  188.7968    0.1234  337.6265   94.9180     6892.7523     6886.7680     6898.7366  36.412659  90.360975  -0.000008   0.000868
1 46527U 20061BD  21359.77418137  .00009028  00000-0  45802-3 0  9992 | 2 46527  97.4213  69.3438 0008542  17.8246 342.3286 15.17121268 68525 | 2021/12/25-18:34:49  303.7021    0.1235  342.2989   94.9166     6892.6831     6886.7953     6898.5708  34.366302  91.158472   0.000042   0.000853
1 46527U 20061BD  21361.15925258  .00007850  00000-0  39853-3 0  9994 | 2 46527  97.4212  70.7002 0008415  12.7938 347.3507 15.17143085 68733 | 2021/12/27-03:49:19   82.3453    0.1234  347.3296   94.9152     6892.6170     6886.8169     6898.4171  32.198788  91.946334   0.000095   0.000836
1 46527U 20061BD  21362.21452947  .00009641  00000-0  48829-3 0  9995 | 2 46527  97.4216  71.7338 0008322   9.3473 350.7914 15.17165040 68895 | 2021/12/28-05:08:55  102.2573    0.1234  350.7761   94.9139     6892.5505     6886.8145     6898.2865  30.535078  92.512579   0.000129   0.000822
1 46527U 20061BD  21363.73146365  .00009293  00000-0  47040-3 0  9994 | 2 46527  97.4221  73.2198 0008246   4.3953 355.7351 15.17195505 69121 | 2021/12/29-17:33:18  288.3711    0.1234  355.7281   94.9120     6892.4582     6886.7747     6898.1418  28.125853  93.273801   0.000177   0.000805
1 46527U 20061BD  21364.78670670  .00007252  00000-0  36780-3 0  9993 | 2 46527  97.4223  74.2535 0008067   1.1582 358.9668 15.17210648 69282 | 2021/12/30-18:52:51  308.2703    0.1233  358.9651   94.9110     6892.4124     6886.8523     6897.9725  26.438625  93.766218   0.000203   0.000781
1 46527U 20061BD  22001.17169896  .00005117  00000-0  26048-3 0  9992 | 2 46527  97.4218  75.6101 0007904 355.9959   4.1210 15.17225733 69494 | 2022/01/01-04:07:14   86.8842    0.1234    4.1275   94.9101     6892.3667     6886.9190     6897.8144  24.211182  94.365384   0.000249   0.000750
1 46527U 20061BD  22002.75453042  .00005733  00000-0  29124-3 0  9998 | 2 46527  97.4212  77.1604 0007791 350.1778   9.9302 15.17244423 69732 | 2022/01/02-18:06:31  296.7222    0.1234    9.9456   94.9089     6892.3101     6886.9403     6897.6799  21.649175  94.985280   0.000300   0.000719
1 46527U 20061BD  22004.00759058  .00005310  00000-0  26992-3 0  9995 | 2 46527  97.4208  78.3876 0007662 345.8018  14.2999 15.17259315 69924 | 2022/01/04-00:10:55   27.8380    0.1234   14.3216   94.9080     6892.2650     6886.9841     6897.5458  19.609825  95.426763   0.000334   0.000690
1 46527U 20061BD  22005.12873984  .00003862  00000-0  19718-3 0  9992 | 2 46527  97.4204  79.4854 0007559 341.8515  18.2447 15.17269833 70099 | 2022/01/05-03:05:23   71.4645    0.1233   18.2718   94.9073     6892.2331     6887.0233     6897.4430  17.777866  95.784559   0.000363   0.000663
1 46527U 20061BD  22006.44773102  .00003048  00000-0  15631-3 0  9995 | 2 46527  97.4200  80.7771 0007456 336.8333  23.2564 15.17279050 70296 | 2022/01/06-10:44:43  186.3162    0.1235   23.2902   94.9067     6892.2052     6887.0664     6897.3440  15.614060  96.160582   0.000399   0.000630
1 46527U 20061BD  22007.76671579  .00003220  00000-0  16491-3 0  9993 | 2 46527  97.4196  82.0688 0007342 331.7248  28.3586 15.17287746 70498 | 2022/01/07-18:24:04  301.1654    0.1234   28.3986   94.9062     6892.1789     6887.1186     6897.2391  13.442336  96.487730   0.000434   0.000592
1 46527U 20061BD  22009.15164153  .00005393  00000-0  27377-3 0  9991 | 2 46527  97.4197  83.4252 0007258 326.1309  33.9460 15.17301377 70707 | 2022/01/09-03:38:21   79.7538    0.1234   33.9925   94.9053     6892.1376     6887.1353     6897.1399  11.154578  96.778992   0.000471   0.000552
1 46527U 20061BD  22010.47060531  .00006059  00000-0  30699-3 0  9994 | 2 46527  97.4198  84.7170 0007168 321.0064  39.0652 15.17315936 70901 | 2022/01/10-11:17:40  194.5943    0.1234   39.1170   94.9044     6892.0935     6887.1533     6897.0338   8.969942  97.005967   0.000500   0.000513
1 46527U 20061BD  22012.18524040  .00004674  00000-0  23755-3 0  9990 | 2 46527  97.4199  86.3966 0007013 314.1566  45.9090 15.17331767 71163 | 2022/01/12-04:26:44   91.8794    0.1234   45.9668   94.9034     6892.0456     6887.2122     6896.8790   6.122816  97.227301   0.000533   0.000456
1 46527U 20061BD  22013.24039133  .00004593  00000-0  23343-3 0  9995 | 2 46527  97.4199  87.4302 0006959 309.7718  50.2903 15.17341580 71320 | 2022/01/13-05:46:09  111.7436    0.1235   50.3517   94.9028     6892.0159     6887.2197     6896.8120   4.367961  97.321929   0.000554   0.000421
1 46527U 20061BD  22014.75715923  .00005772  00000-0  29231-3 0  9992 | 2 46527  97.4196  88.9159 0006907 303.4385  56.6188 15.17358015 71558 | 2022/01/14-18:10:18  297.7941    0.1234   56.6849   94.9018     6891.9661     6887.2058     6896.7264   1.843177  97.402162   0.000583   0.000370
1 46527U 20061BD  22016.14201586  .00008891  00000-0  44798-3 0  9992 | 2 46527  97.4195  90.2724 0006843 297.7559  62.2980 15.17381817 71760 | 2022/01/16-03:24:30   76.3544    0.1234   62.3675   94.9003     6891.8940     6887.1779     6896.6102  -0.463158  97.418399   0.000604   0.000322
1 46527U 20061BD  22017.46089746  .00010138  00000-0  50974-3 0  9990 | 2 46527  97.4194  91.5641 0006734 292.4081  67.6439 15.17415590 71968 | 2022/01/17-11:03:41  191.1619    0.1234   67.7153   94.8982     6891.7918     6887.1508     6896.4327  -2.659092  97.383103   0.000615   0.000274
1 46527U 20061BD  22018.77975931  .00007969  00000-0  40130-3 0  9996 | 2 46527  97.4187  92.8558 0006701 286.5757  73.4740 15.17436274 72164 | 2022/01/18-18:42:51  305.9627    0.1233   73.5476   94.8969     6891.7291     6887.1110     6896.3473  -4.853641  97.297715   0.000632   0.000223
1 46527U 20061BD  22020.16453979  .00009981  00000-0  50119-3 0  9999 | 2 46527  97.4180  94.2119 0006728 280.6843  79.3633 15.17466363 72377 | 2022/01/20-03:56:56   84.4946    0.1234   79.4391   94.8950     6891.6380     6887.0013     6896.2747  -7.154897  97.154898   0.000650   0.000173
1 46527U 20061BD  22021.48335695  .00007279  00000-0  36632-3 0  9991 | 2 46527  97.4175  95.5037 0006712 275.2397  84.8070 15.17486311 72574 | 2022/01/21-11:36:02  199.2778    0.1233   84.8836   94.8938     6891.5776     6886.9520     6896.2033  -9.343316  96.968406   0.000659   0.000125
1 46527U 20061BD  22022.73621971  .00007241  00000-0  36427-3 0  9996 | 2 46527  97.4175  96.7305 0006673 269.7968  90.2501 15.17503454 72762 | 2022/01/22-17:40:09  290.3163    0.1234   90.3266   94.8927     6891.5257     6886.9270     6896.1245 -11.417274  96.746138   0.000663   0.000076
1 46527U 20061BD  22023.79125021  .00006493  00000-0  32691-3 0  9995 | 2 46527  97.4173  97.7639 0006668 265.2698  94.7775 15.17517392 72922 | 2022/01/23-18:59:24  310.1333    0.1234   94.8536   94.8918     6891.4835     6886.8883     6896.0788 -13.160231  96.524291   0.000666   0.000035
1 46527U 20061BD  22025.17596437  .00004634  00000-0  23422-3 0  9999 | 2 46527  97.4171  99.1202 0006715 259.4540 100.5937 15.17531649 73137 | 2022/01/25-04:13:23   88.6386    0.1233  100.6693   94.8909     6891.4404     6886.8128     6896.0680 -15.441212  96.185552   0.000671  -0.000017
1 46527U 20061BD  22026.75847465  .00007386  00000-0  37092-3 0  9999 | 2 46527  97.4172 100.6704 0006816 252.8203 107.2284 15.17556969 73375 | 2022/01/26-18:12:12  298.3509    0.1233  107.3030   94.8894     6891.3637     6886.6666     6896.0609 -18.037667  95.732719   0.000677  -0.000077
1 46527U 20061BD  22028.14315076  .00006964  00000-0  34971-3 0  9996 | 2 46527  97.4174 102.0269 0006827 246.9410 113.1105 15.17577756 73583 | 2022/01/28-03:26:08   76.8398    0.1234  113.1824   94.8881     6891.3008     6886.5961     6896.0055 -20.298951  95.279076   0.000670  -0.000131
1 46527U 20061BD  22029.46187071  .00008546  00000-0  42802-3 0  9994 | 2 46527  97.4176 103.3187 0006821 241.2161 118.8388 15.17601587 73780 | 2022/01/29-11:05:05  191.5835    0.1233  118.9072   94.8866     6891.2286     6886.5281     6895.9292 -22.441834  94.797431   0.000657  -0.000182
1 46527U 20061BD  22030.71463626  .00008232  00000-0  41219-3 0  9990 | 2 46527  97.4173 104.5459 0006897 235.9468 124.1111 15.17623156 73976 | 2022/01/30-17:09:04  282.5837    0.1233  124.1765   94.8852     6891.1634     6886.4105     6895.9162 -24.466892  94.294759   0.000650  -0.000230
1 46527U 20061BD  22031.76958262  .00013267  00000-0  66136-3 0  9990 | 2 46527  97.4168 105.5791 0006965 231.6866 128.3742 15.17649115 74139 | 2022/01/31-18:28:11  302.3681    0.1233  128.4367   94.8836     6891.0848     6886.2851     6895.8844 -26.163081  93.837765   0.000642  -0.000269
1 46527U 20061BD  22033.15418045  .00008832  00000-0  44141-3 0  9999 | 2 46527  97.4161 106.9352 0007080 226.4379 133.6268 15.17667060 74344 | 2022/02/02-03:42:01   80.8281    0.1234  133.6855   94.8825     6891.0305     6886.1516     6895.9093 -28.376332  93.191632   0.000633  -0.000317
1 46527U 20061BD  22034.47282321  .00008471  00000-0  42322-3 0  9999 | 2 46527  97.4157 108.2266 0007146 220.8499 139.2200 15.17690539 74549 | 2022/02/03-11:20:51  195.5426    0.1233  139.2734   94.8810     6890.9594     6886.0351     6895.8837 -30.469285  92.528057   0.000613  -0.000367
1 46527U 20061BD  22035.79143779  .00011456  00000-0  57034-3 0  9991 | 2 46527  97.4152 109.5181 0007174 215.4648 144.6110 15.17727487 74746 | 2022/02/04-18:59:40  310.2461    0.1234  144.6586   94.8787     6890.8475     6885.9041     6895.7910 -32.546869  91.817332   0.000588  -0.000412
1 46527U 20061BD  22037.50558815  .00011167  00000-0  55529-3 0  9999 | 2 46527  97.4145 111.1972 0007358 209.0594 151.0231 15.17774246 75009 | 2022/02/06-12:08:02  207.3440    0.1233  151.0639   94.8758     6890.7060     6885.6358     6895.7762 -35.223038  90.823578   0.000566  -0.000470
1 46527U 20061BD  22038.62635691  .00009502  00000-0  47280-3 0  9996 | 2 46527  97.4144 112.2950 0007481 205.3219 154.7649 15.17795282 75170 | 2022/02/07-15:01:57  250.8233    0.1233  154.8014   94.8745     6890.6423     6885.4875     6895.7972 -36.956629  90.131975   0.000553  -0.000504
1 46527U 20061BD  22039.74711142  .00008592  00000-0  42768-3 0  9990 | 2 46527  97.4148 113.3931 0007573 201.1201 158.9721 15.17813815 75341 | 2022/02/08-17:55:50  294.2961    0.1233  159.0032   94.8733     6890.5863     6885.3680     6895.8045 -38.677315  89.407542   0.000531  -0.000540
1 46527U 20061BD  22041.13155763  .00007334  00000-0  36542-3 0  9993 | 2 46527  97.4149 114.7494 0007655 195.4935 164.6065 15.17831646 75551 | 2022/02/10-03:09:26   72.6972    0.1233  164.6298   94.8722     6890.5323     6885.2576     6895.8070 -40.782770  88.467104   0.000495  -0.000584
1 46527U 20061BD  22042.18636156  .00008157  00000-0  40581-3 0  9991 | 2 46527  97.4149 115.7829 0007751 191.7505 168.3549 15.17848437 75715 | 2022/02/11-04:28:21   92.4274    0.1233  168.3728   94.8711     6890.4815     6885.1407     6895.8223 -42.371817  87.717113   0.000472  -0.000615
1 46527U 20061BD  22043.50484662  .00009890  00000-0  49083-3 0  9992 | 2 46527  97.4147 117.0745 0007896 187.3365 172.7755 15.17874572 75919 | 2022/02/12-12:06:58  207.0834    0.1234  172.7869   94.8695     6890.4024     6884.9617     6895.8430 -44.338171  86.739555   0.000446  -0.000651
1 46527U 20061BD  22044.75739219  .00006473  00000-0  32236-3 0  9997 | 2 46527  97.4144 118.3016 0007981 183.8466 176.2708 15.17888499 76101 | 2022/02/13-18:10:38  298.0019    0.1233  176.2767   94.8686     6890.3602     6884.8610     6895.8594 -46.185414  85.769883   0.000425  -0.000676
1 46527U 20061BD  22046.20769657  .00004333  00000-0  21686-3 0  9998 | 2 46527  97.4144 119.7221 0008077 178.0938 182.0328 15.17899126 76327 | 2022/02/15-04:59:04  100.1112    0.1233  182.0295   94.8680     6890.3281     6884.7628     6895.8934 -48.297444  84.598595   0.000377  -0.000714
1 46527U 20061BD  22047.46022262  .00003262  00000-0  16407-3 0  9996 | 2 46527  97.4138 120.9489 0008264 173.6032 186.5309 15.17907327 76516 | 2022/02/16-11:02:43  191.0209    0.1233  186.5201   94.8675     6890.3033     6884.6091     6895.9974 -50.097326  83.544637   0.000343  -0.000752
1 46527U 20061BD  22048.77866268  .00003043  00000-0  15324-3 0  9997 | 2 46527  97.4132 122.2402 0008370 169.3303 190.8110 15.17916972 76717 | 2022/02/17-18:41:16  305.6603    0.1233  190.7930   94.8668     6890.2741     6884.5069     6896.0412 -51.967005  82.393943   0.000308  -0.000778
1 46527U 20061BD  22050.16301752  .00003172  00000-0  15954-3 0  9997 | 2 46527  97.4127 123.5962 0008504 164.7600 195.3891 15.17926179 76923 | 2022/02/19-03:54:44   84.0287    0.1233  195.3633   94.8663     6890.2462     6884.3867     6896.1057 -53.901984  81.140682   0.000268  -0.000807
1 46527U 20061BD  22051.48144132  .00004560  00000-0  22778-3 0  9994 | 2 46527  97.4123 124.8876 0008624 160.4380 199.7186 15.17938900 77121 | 2022/02/20-11:33:16  198.6619    0.1233  199.6853   94.8655     6890.2077     6884.2656     6896.1498 -55.716754  79.904941   0.000228  -0.000832
1 46527U 20061BD  22052.73393538  .00003631  00000-0  18201-3 0  9993 | 2 46527  97.4121 126.1144 0008732 156.4995 203.6640 15.17947190 77311 | 2022/02/21-17:36:52  289.5606    0.1234  203.6239   94.8650     6890.1826     6884.1661     6896.1991 -57.414634  78.693564   0.000191  -0.000852
1 46527U 20061BD  22053.78866036  .00003429  00000-0  17204-3 0  9994 | 2 46527  97.4120 127.1476 0008806 153.1617 207.0075 15.17955578 77472 | 2022/02/22-18:55:40  309.2622    0.1234  206.9617   94.8644     6890.1572     6884.0898     6896.2247 -58.824223  77.645403   0.000158  -0.000866
1 46527U 20061BD  22055.17298074  .00002941  00000-0  14797-3 0  9992 | 2 46527  97.4120 128.5037 0008905 148.8867 211.2895 15.17963579 77688 | 2022/02/24-04:09:05   87.6189    0.1233  211.2366   94.8639     6890.1330     6883.9974     6896.2687 -60.645319  76.231510   0.000115  -0.000883
1 46527U 20061BD  22056.42545339  .00003497  00000-0  17527-3 0  9991 | 2 46527  97.4121 129.7305 0008992 145.1522 215.0302 15.17973016 77877 | 2022/02/25-10:12:39  178.5106    0.1233  214.9711   94.8633     6890.1045     6883.9089     6896.3001 -62.263603  74.915693   0.000077  -0.000896
1 46527U 20061BD  22058.46893623  .00004852  00000-0  24170-3 0  9997 | 2 46527  97.4121 131.7321 0009171 138.4136 221.7797 15.17996766 78188 | 2022/02/27-11:15:16  194.1661    0.1233  221.7097   94.8619     6890.0326     6883.7138     6896.3515 -64.842224  72.695277   0.000002  -0.000917
1 46527U 20061BD  22059.72138213  .00004101  00000-0  20478-3 0  9998 | 2 46527  97.4117 132.9589 0009235 134.9784 225.2200 15.18006247 78379 | 2022/02/28-17:18:47  285.0492    0.1233  225.1449   94.8613     6890.0039     6883.6410     6896.3668 -66.383498  71.290045  -0.000033  -0.000923
1 46527U 20061BD  22060.77606085  .00005712  00000-0  28373-3 0  9993 | 2 46527  97.4115 133.9919 0009265 131.7398 228.4630 15.18022637 78535 | 2022/03/01-18:37:31  304.7356    0.1234  228.3836   94.8602     6889.9543     6883.5708     6896.3379 -67.657807  70.081535  -0.000069  -0.000924
1 46527U 20061BD  22062.16031751  .00005853  00000-0  29053-3 0  9992 | 2 46527  97.4108 135.3476 0009331 127.7206 232.4876 15.18037714 78740 | 2022/03/03-03:50:51   83.0713    0.1234  232.4028   94.8593     6889.9087     6883.4797     6896.3377 -69.296445  68.460694  -0.000113  -0.000926
1 46527U 20061BD  22063.47864485  .00005973  00000-0  29627-3 0  9995 | 2 46527  97.4101 136.6386 0009431 123.6828 236.5306 15.18051800 78940 | 2022/03/04-11:29:14  197.6724    0.1233  236.4405   94.8584     6889.8661     6883.3682     6896.3639 -70.820785  66.881567  -0.000159  -0.000930
1 46527U 20061BD  22064.92877836  .00013298  00000-0  65423-3 0  9993 | 2 46527  97.4097 138.0588 0009469 119.3463 240.8718 15.18089922 79168 | 2022/03/05-22:17:26  359.7249    0.1234  240.7771   94.8560     6889.7507     6883.2268     6896.2746 -72.456367  65.105487  -0.000206  -0.000924
1 46527U 20061BD  22066.44478532  .00011516  00000-0  56644-3 0  9998 | 2 46527  97.4093 139.5437 0009542 114.9208 245.3018 15.18130212 79390 | 2022/03/07-10:40:29  185.4922    0.1233  245.2025   94.8535     6889.6288     6883.0548     6896.2029 -74.118842  63.205767  -0.000256  -0.000919
1 46527U 20061BD  22067.76302574  .00008932  00000-0  43996-3 0  9990 | 2 46527  97.4088 140.8349 0009464 111.3121 248.9125 15.18154236 79591 | 2022/03/08-18:18:45  300.0649    0.1235  248.8114   94.8520     6889.5562     6883.0359     6896.0764 -75.523899  61.519224  -0.000290  -0.000901
1 46527U 20061BD  22069.14716132  .00008117  00000-0  39991-3 0  9998 | 2 46527  97.4090 142.1907 0009498 107.1392 253.0883 15.18173188 79808 | 2022/03/10-03:31:54   78.3593    0.1234  252.9842   94.8508     6889.4988     6882.9552     6896.0425 -76.958518  59.715156  -0.000335  -0.000889
1 46527U 20061BD  22070.46536696  .00007733  00000-0  38095-3 0  9997 | 2 46527  97.4093 143.4819 0009581 103.1667 257.0637 15.18193270 80000 | 2022/03/11-11:10:07  192.9185    0.1234  256.9567   94.8496     6889.4381     6882.8373     6896.0388 -78.284826  57.966005  -0.000380  -0.000880
1 46527U 20061BD  22071.78355757  .00006058  00000-0  29909-3 0  9993 | 2 46527  97.4092 144.7731 0009608  99.4357 260.7964 15.18208002 80205 | 2022/03/12-18:48:19  307.4735    0.1234  260.6877   94.8487     6889.3935     6882.7742     6896.0128 -79.571060  56.187175  -0.000418  -0.000865
1 46527U 20061BD  22073.43126506  .00015290  00000-0  74798-3 0  9999 | 2 46527  97.4088 146.3870 0009598  94.6951 265.5379 15.18253398 80455 | 2022/03/14-10:21:01  180.6574    0.1234  265.4283   94.8458     6889.2562     6882.6439     6895.8685 -81.121626  53.923614  -0.000464  -0.000840
1 46527U 20061BD  22075.14482791  .00012079  00000-0  59099-3 0  9999 | 2 46527  97.4058 148.0639 0009100  91.3408 268.9597 15.18306832 80714 | 2022/03/16-03:28:33   77.4846    0.1962  268.8554   94.8425     6889.0945     6882.8255     6895.3636 -82.662319  51.525052  -0.000463  -0.000783
1 46527U 20061BD  22076.46290416  .00007578  00000-0  37193-3 0  9995 | 2 46527  97.4082 149.3561 0009629  86.0529 274.1806 15.18330971 80915 | 2022/03/17-11:06:34  192.0660    0.1234  274.0705   94.8410     6889.0215     6882.3881     6895.6549 -83.805315  49.649034  -0.000547  -0.000793
1 46527U 20061BD  22077.78097043  .00008269  00000-0  40524-3 0  9992 | 2 46527  97.4081 150.6474 0009546  82.1216 278.1102 15.18353613 81114 | 2022/03/18-18:44:35  306.5794    0.1235  278.0019   94.8396     6888.9530     6882.3768     6895.5292 -84.902812  47.747779  -0.000578  -0.000760
1 46527U 20061BD  22079.16492021  .00008653  00000-0  42361-3 0  9999 | 2 46527  97.4075 152.0032 0009389  77.9671 282.2615 15.18376099 81326 | 2022/03/20-03:57:29   84.8128    0.1234  282.1563   94.8382     6888.8850     6882.4170     6895.3530 -86.008272  45.725248  -0.000604  -0.000719
1 46527U 20061BD  22080.41704536  .00009513  00000-0  46505-3 0  9996 | 2 46527  97.4066 153.2294 0009344  74.3461 285.8804 15.18400173 81519 | 2022/03/21-10:00:32  175.5879    0.1235  285.7774   94.8367     6888.8122     6882.3753     6895.2491 -86.966274  43.873829  -0.000630  -0.000690
1 46527U 20061BD  22081.47145162  .00008731  00000-0  42690-3 0  9999 | 2 46527  97.4067 154.2624 0009351  71.4734 288.7516 15.18418986 81677 | 2022/03/22-11:18:53  195.1820    0.1235  288.6501   94.8355     6888.7553     6882.3136     6895.1970 -87.743200  42.298890  -0.000653  -0.000670
1 46527U 20061BD  22082.78944034  .00009544  00000-0  46594-3 0  9999 | 2 46527  97.4064 155.5536 0009350  67.8412 292.3813 15.18444573 81875 | 2022/03/23-18:56:47  309.6683    0.1234  292.2822   94.8339     6888.6779     6882.2370     6895.1188 -88.673801  40.310839  -0.000679  -0.000642
1 46527U 20061BD  22083.90971246  .00010743  00000-0  52363-3 0  9993 | 2 46527  97.4063 156.6511 0009264  64.3824 295.8366 15.18468465 82049 | 2022/03/24-21:49:59  352.9764    0.1234  295.7410   94.8324     6888.6056     6882.2240     6894.9873 -89.429548  38.604963  -0.000699  -0.000608
1 46527U 20061BD  22085.16176173  .00010390  00000-0  50623-3 0  9994 | 2 46527  97.4063 157.8777 0009089  60.2244 299.9894 15.18493087 82232 | 2022/03/26-03:52:56   83.7269    0.1235  299.8991   94.8309     6888.5312     6882.2702     6894.7922 -90.235456  36.681737  -0.000715  -0.000561
1 46527U 20061BD  22086.41378800  .00012126  00000-0  58966-3 0  9991 | 2 46527  97.4065 159.1042 0009044  56.5964 303.6135 15.18522871 82428 | 2022/03/27-09:55:51  174.4678    0.1235  303.5271   94.8290     6888.4411     6882.2112     6894.6710 -91.000135  34.741929  -0.000734  -0.000528
1 46527U 20061BD  22087.46810365  .00014373  00000-0  69745-3 0  9997 | 2 46527  97.4068 160.1369 0009039  53.4401 306.7664 15.18555105 82585 | 2022/03/28-11:14:04  194.0313    0.1235  306.6834   94.8270     6888.3436     6882.1173     6894.5700 -91.611791  33.096289  -0.000753  -0.000500
1 46527U 20061BD  22088.72008597  .00010270  00000-0  49928-3 0  9996 | 2 46527  97.4067 161.3633 0008918  50.0715 310.1302 15.18574606 82773 | 2022/03/29-17:16:55  284.7573    0.1235  310.0520   94.8258     6888.2847     6882.1417     6894.4276 -92.299074  31.127901  -0.000761  -0.000465
1 46527U 20061BD  22090.43328617  .00013805  00000-0  66890-3 0  9999 | 2 46527  97.4061 163.0418 0008726  44.3672 315.8260 15.18617873 83031 | 2022/03/31-10:23:55  181.5280    0.1235  315.7563   94.8231     6888.1538     6882.1432     6894.1644 -93.170669  28.410823  -0.000775  -0.000402
1 46527U 20061BD  22091.75108541  .00021611  00000-0  10424-2 0  9992 | 2 46527  97.4055 164.3328 0008614  39.6879 320.4984 15.18679444 83239 | 2022/04/01-18:01:33  295.9505    0.1235  320.4356   94.8192     6887.9676     6882.0343     6893.9009 -93.786545  26.304286  -0.000787  -0.000351
1 46527U 20061BD  22093.20059359  .00024988  00000-0  12015-2 0  9994 | 2 46527  97.4051 165.7528 0008524  35.3537 324.8261 15.18760085 83458 | 2022/04/03-04:48:51   97.7887    0.1235  324.7698   94.8142     6887.7238     6881.8527     6893.5949 -94.409205  23.971972  -0.000795  -0.000307
1 46527U 20061BD  22094.45239411  .00023002  00000-0  11050-2 0  9995 | 2 46527  97.4043 166.9793 0008350  32.1338 328.0404 15.18809509 83648 | 2022/04/04-10:51:26  188.4498    0.1235  327.9897   94.8111     6887.5744     6881.8233     6893.3255 -94.899912  21.945487  -0.000789  -0.000273
1 46527U 20061BD  22095.50651071  .00015360  00000-0  73902-3 0  9995 | 2 46527  97.4040 168.0125 0008206  28.2031 331.9646 15.18842313 83802 | 2022/04/05-12:09:22  207.9441    0.1235  331.9204   94.8091     6887.4752     6881.8234     6893.1271 -95.279905  20.230644  -0.000788  -0.000229
1 46527U 20061BD  22096.75825696  .00010173  00000-0  49069-3 0  9993 | 2 46527  97.4038 169.2392 0008065  23.6222 336.5381 15.18859480 83992 | 2022/04/06-18:11:53  298.5872    0.1235  336.5013   94.8080     6887.4233     6881.8686     6892.9780 -95.690976  18.186188  -0.000786  -0.000180
1 46527U 20061BD  22098.47114735  .00008395  00000-0  40529-3 0  9994 | 2 46527  97.4040 170.9176 0007908  18.1167 342.0348 15.18884888 84251 | 2022/04/08-11:18:27  195.2464    0.1235  342.0068   94.8064     6887.3465     6881.9000     6892.7930 -96.182782  15.375684  -0.000781  -0.000124
1 46527U 20061BD  22100.18399309  .00014307  00000-0  68656-3 0  9999 | 2 46527  97.3994 172.5925 0008154   8.7515 351.4854 15.18950642 84511 | 2022/04/10-04:24:57   91.7989    0.2231  351.4716   94.8023     6887.1478     6881.5320     6892.7635 -96.586533  12.557257  -0.000815  -0.000019
1 46527U 20061BD  22102.16022550  .00013958  00000-0  66857-3 0  9992 | 2 46527  97.4028 174.5331 0007533   4.5425 355.5876 15.19024743 84814 | 2022/04/12-03:50:43   83.3566    0.1235  355.5810   94.7977     6886.9238     6881.7359     6892.1117 -96.959754   9.279632  -0.000753   0.000012
1 46527U 20061BD  22104.46575880  .00011776  00000-0  56377-3 0  9998 | 2 46527  97.4038 176.7924 0007320 357.1164   3.0028 15.19084272 85164 | 2022/04/14-11:10:41  193.3726    0.1236    3.0072   94.7940     6886.7438     6881.7028     6891.7849 -97.251202   5.450127  -0.000728   0.000078
1 46527U 20061BD  22105.91489375  .00014740  00000-0  70351-3 0  9994 | 2 46527  97.4037 178.2128 0007138 352.2682   7.8442 15.19138420 85385 | 2022/04/15-21:57:26  355.0760    0.1236    7.8554   94.7906     6886.5802     6881.6646     6891.4958 -97.356318   3.037775  -0.000704   0.000118
1 46527U 20061BD  22107.42985355  .00011777  00000-0  56234-3 0  9992 | 2 46527  97.4027 179.6977 0007021 345.5583  14.5450 15.19177100 85615 | 2022/04/17-10:18:59  180.4789    0.1235   14.5652   94.7882     6886.4633     6881.6283     6891.2983 -97.401344   0.513907  -0.000679   0.000179
1 46527U 20061BD  22108.74719150  .00013232  00000-0  63099-3 0  9991 | 2 46527  97.4026 180.9889 0006634 342.3964  17.7040 15.19196317 85811 | 2022/04/18-17:55:57  294.7307    0.1235   17.7271   94.7870     6886.4052     6881.8368     6890.9737 -97.388093  -1.681043  -0.000636   0.000190
1 46527U 20061BD  22110.45969262  .00013463  00000-0  64125-3 0  9990 | 2 46527  97.4013 182.6687 0006763 335.1097  24.9810 15.19232435 86078 | 2022/04/20-11:01:57  191.2489    0.1235   25.0138   94.7847     6886.2961     6881.6389     6890.9533 -97.295664  -4.535079  -0.000626   0.000256
1 46527U 20061BD  22111.51352817  .00006762  00000-0  32390-3 0  9993 | 2 46527  97.4019 183.7010 0006589 330.1382  29.9476 15.19240209 86233 | 2022/04/21-12:19:28  210.6410    0.1235   29.9853   94.7842     6886.2726     6881.7352     6890.8100 -97.198768  -6.287266  -0.000591   0.000291
1 46527U 20061BD  22113.16012679  .00007449  00000-0  35623-3 0  9990 | 2 46527  97.4019 185.3151 0006508 323.0552  37.0234 15.19263019 86481 | 2022/04/23-03:50:34   83.4326    0.1235   37.0683   94.7828     6886.2037     6881.7221     6890.6852 -96.983103  -9.022630  -0.000554   0.000341
1 46527U 20061BD  22114.47738635  .00008322  00000-0  39733-3 0  9999 | 2 46527  97.4021 186.6064 0006408 317.6224  42.4516 15.19283766 86681 | 2022/04/24-11:27:26  197.6577    0.1236   42.5012   94.7815     6886.1410     6881.7283     6890.5536 -96.755342 -11.205928  -0.000520   0.000375
1 46527U 20061BD  22116.12392804  .00009300  00000-0  44311-3 0  9992 | 2 46527  97.4024 188.2203 0006226 311.6438  48.4263 15.19319977 86933 | 2022/04/26-02:58:27   70.4256    0.1235   48.4797   94.7792     6886.0316     6881.7443     6890.3188 -96.401652 -13.926557  -0.000476   0.000401
1 46527U 20061BD  22117.50697328  .00017528  00000-0  83000-3 0  9993 | 2 46527  97.4026 189.5763 0006316 305.3359  54.7285 15.19380538 87141 | 2022/04/27-12:10:02  208.3348    0.1235   54.7876   94.7755     6885.8486     6881.4995     6890.1977 -96.045288 -16.203982  -0.000446   0.000447
1 46527U 20061BD  22119.48267795  .00006871  00000-0  32724-3 0  9999 | 2 46527  97.4023 191.5130 0006193 296.8787  63.1814 15.19436181 87442 | 2022/04/29-11:35:03  199.6034    0.1235   63.2448   94.7720     6885.6805     6881.4162     6889.9448 -95.442512 -19.440551  -0.000385   0.000485
1 46527U 20061BD  22120.73392296  .00006220  00000-0  29627-3 0  9990 | 2 46527  97.4031 192.7413 0005941 291.9671  68.0932 15.19471657 87639 | 2022/04/30-17:36:50  290.0564    0.1235   68.1564   94.7698     6885.5733     6881.4826     6889.6640 -95.004629 -21.482189  -0.000338   0.000488
1 46527U 20061BD  22121.78756936  .00004783  00000-0  22826-3 0  9997 | 2 46527  97.4016 193.7728 0006247 285.3397  74.7148 15.19519723 87791 | 2022/05/01-18:54:05  309.3819    0.1236   74.7839   94.7668     6885.4281     6881.1268     6889.7294 -94.601052 -23.188633  -0.000304   0.000546
1 46527U 20061BD  22123.17044793  .00003606  00000-0  17273-3 0  9996 | 2 46527  97.4003 195.1283 0006305 279.5249  80.5273 15.19553478 88009 | 2022/05/03-04:05:26   87.2281    0.1235   80.5986   94.7647     6885.3261     6880.9849     6889.6673 -94.024780 -25.419662  -0.000263   0.000573
1 46527U 20061BD  22124.42159427  .00004079  00000-0  19473-3 0  9995 | 2 46527  97.3993 196.3531 0006075 273.7805  86.2735 15.19593362 88195 | 2022/05/04-10:07:05  177.6473    0.1235   86.3430   94.7622     6885.2056     6881.0229     6889.3884 -93.458989 -27.423368  -0.000209   0.000570
1 46527U 20061BD  22126.46287323  .00006139  00000-0  29091-3 0  9994 | 2 46527  97.4007 198.3575 0006278 264.6747  95.3772 15.19651913 88505 | 2022/05/06-11:06:32  192.5174    0.1235   95.4488   94.7585     6885.0288     6880.7064     6889.3512 -92.443967 -30.675874  -0.000142   0.000612
1 46527U 20061BD  22128.17487192  .00004233  00000-0  20148-3 0  9997 | 2 46527  97.4002 200.0368 0006325 257.7744 102.2783 15.19680645 88766 | 2022/05/08-04:11:48   88.8443    0.1235  102.3491   94.7568     6884.9420     6880.5873     6889.2967 -91.504834 -33.371609  -0.000086   0.000627
1 46527U 20061BD  22129.68929527  .00004082  00000-0  19420-3 0  9990 | 2 46527  97.3993 201.5210 0006225 249.7469 110.3097 15.19715033 88993 | 2022/05/09-16:32:35  274.0413    0.1235  110.3766   94.7546     6884.8381     6880.5523     6889.1240 -90.608930 -35.730175  -0.000014   0.000622
1 46527U 20061BD  22130.74278462  .00004196  00000-0  19941-3 0  9998 | 2 46527  97.4012 202.5550 0006373 245.5771 114.4799 15.19740016 89150 | 2022/05/10-17:49:36  293.3014    0.1234  114.5463   94.7530     6884.7627     6880.3750     6889.1504 -89.951153 -37.360190   0.000021   0.000637
1 46527U 20061BD  22132.19130329  .00004133  00000-0  19621-3 0  9994 | 2 46527  97.4019 203.9757 0006672 240.5216 119.5354 15.19776160 89378 | 2022/05/12-04:35:28   94.7752    0.1235  119.6019   94.7508     6884.6535     6880.0601     6889.2470 -88.997857 -39.579180   0.000064   0.000664
1 46527U 20061BD  22133.63978227  .00014210  00000-0  66513-3 0  9990 | 2 46527  97.4012 205.3966 0006614 234.4023 125.6596 15.19827230 89598 | 2022/05/13-15:21:17  256.2295    0.1234  125.7211   94.7476     6884.4993     6879.9459     6889.0527 -87.988421 -41.773575   0.000117   0.000651
1 46527U 20061BD  22134.75903309  .00014539  00000-0  67974-3 0  9999 | 2 46527  97.4009 206.4943 0006799 230.4096 129.6539 15.19860233 89761 | 2022/05/14-18:13:00  299.1637    0.1235  129.7139   94.7456     6884.3996     6879.7189     6889.0803 -87.171735 -43.451397   0.000154   0.000662
1 46527U 20061BD  22135.81243057  .00012302  00000-0  57545-3 0  9993 | 2 46527  97.4007 207.5275 0006914 226.0917 133.9748 15.19879714 89923 | 2022/05/15-19:29:54  318.3888    0.1235  134.0318   94.7443     6884.3408     6879.5810     6889.1006 -86.373880 -45.016100   0.000195   0.000663
1 46527U 20061BD  22137.45832319  .00018674  00000-0  86974-3 0  9996 | 2 46527  97.4002 209.1421 0006897 219.3386 140.7349 15.19936259 90174 | 2022/05/17-10:59:59  190.9109    0.1235  140.7849   94.7408     6884.1701     6879.4221     6888.9181 -85.070760 -47.431685   0.000253   0.000642
1 46527U 20061BD  22138.77498361  .00012845  00000-0  59889-3 0  9996 | 2 46527  97.3999 210.4329 0007004 213.7913 146.2876 15.19983250 90376 | 2022/05/18-18:35:58  304.9102    0.1234  146.3321   94.7379     6884.0282     6879.2066     6888.8498 -83.980430 -49.335869   0.000305   0.000631
1 46527U 20061BD  22140.42077248  .00012011  00000-0  55968-3 0  9997 | 2 46527  97.3994 212.0481 0007338 208.9451 151.1378 15.20018628 90621 | 2022/05/20-10:05:54  177.3971    0.1235  151.1784   94.7357     6883.9214     6878.8699     6888.9728 -82.556017 -51.683143   0.000356   0.000642
1 46527U 20061BD  22141.47404002  .00013809  00000-0  64167-3 0  9992 | 2 46527  97.3962 213.0819 0007298 203.4891 156.6012 15.20079153 90787 | 2022/05/21-11:22:37  196.5704    0.1235  156.6344   94.7319     6883.7386     6878.7149     6888.7624 -81.607418 -53.162478   0.000402   0.000609
1 46527U 20061BD  22143.44883495  .00011218  00000-0  52109-3 0  9993 | 2 46527  97.3992 215.0197 0007519 196.7493 163.3495 15.20141446 91088 | 2022/05/23-10:46:19  187.4967    0.1235  163.3742   94.7280     6883.5506     6878.3748     6888.7263 -79.765541 -55.893315   0.000465   0.000591
1 46527U 20061BD  22144.76533437  .00010011  00000-0  46510-3 0  9996 | 2 46527  97.3996 216.3114 0007690 193.2815 166.8219 15.20166341 91280 | 2022/05/24-18:22:04  301.4378    0.1235  166.8420   94.7265     6883.4754     6878.1820     6888.7688 -78.485618 -57.677464   0.000498   0.000586
1 46527U 20061BD  22146.14761829  .00025698  00000-0  11842-2 0  9994 | 2 46527  97.3987 217.6681 0007266 193.0989 167.0442 15.20235732 91497 | 2022/05/26-03:32:34   79.0261    0.1618  167.0629   94.7222     6883.2660     6878.2646     6888.2673 -77.097293 -59.519023   0.000460   0.000563
1 46527U 20061BD  22147.79314099  .00014025  00000-0  64814-3 0  9999 | 2 46527  97.4003 219.2829 0007900 182.5493 177.5703 15.20262742 91742 | 2022/05/27-19:02:07  311.4448    0.1234  177.5741   94.7205     6883.1844     6877.7467     6888.6221 -75.390677 -61.668989   0.000589   0.000527
1 46527U 20061BD  22149.17534093  .00010626  00000-0  49134-3 0  9992 | 2 46527  97.4000 220.6396 0008076 178.9680 181.1574 15.20309307 91955 | 2022/05/29-04:12:29   89.0367    0.1235  181.1555   94.7176     6883.0439     6877.4851     6888.6026 -73.909199 -63.436506   0.000622   0.000515
1 46527U 20061BD  22150.42587012  .00012101  00000-0  55841-3 0  9993 | 2 46527  97.4000 221.8668 0008181 174.7494 185.3828 15.20344773 92140 | 2022/05/30-10:13:15  179.2258    0.1234  185.3740   94.7154     6882.9368     6877.3059     6888.5678 -72.533624 -65.004872   0.000657   0.000488
1 46527U 20061BD  22151.47893418  .00007958  00000-0  36835-3 0  9995 | 2 46527  97.3997 222.9001 0008330 171.4101 188.7278 15.20357377 92300 | 2022/05/31-11:29:39  198.3278    0.1234  188.7133   94.7146     6882.8988     6877.1653     6888.6323 -71.349343 -66.302133   0.000688   0.000470
1 46527U 20061BD  22152.66361126  .00009764  00000-0  45076-3 0  9997 | 2 46527  97.3995 224.0631 0008422 167.2491 192.8959 15.20385844 92488 | 2022/06/01-15:55:36  264.8091    0.1235  192.8744   94.7128     6882.8129     6877.0162     6888.6096 -69.988781 -67.736498   0.000720   0.000438
1 46527U 20061BD  22153.78245496  .00008486  00000-0  39196-3 0  9998 | 2 46527  97.3991 225.1613 0008535 163.6326 196.5186 15.20408152 92658 | 2022/06/02-18:46:44  307.5912    0.1234  196.4908   94.7114     6882.7456     6876.8711     6888.6200 -68.677403 -69.065179   0.000748   0.000411
1 46527U 20061BD  22155.42779458  .00005733  00000-0  26578-3 0  9993 | 2 46527  97.3990 226.7766 0008647 158.7349 201.4247 15.20425512 92908 | 2022/06/04-10:16:01  179.9115    0.1234  201.3885   94.7103     6882.6932     6876.7417     6888.6446 -66.703195 -70.973579   0.000780   0.000372
1 46527U 20061BD  22156.48080061  .00006832  00000-0  31596-3 0  9992 | 2 46527  97.3990 227.8102 0008735 155.2388 204.9268 15.20440281 93066 | 2022/06/05-11:32:21  198.9920    0.1235  204.8847   94.7094     6882.6486     6876.6366     6888.6606 -65.412068 -72.165273   0.000804   0.000342
1 46527U 20061BD  22157.66542369  .00005371  00000-0  24899-3 0  9992 | 2 46527  97.3989 228.9729 0008885 151.8770 208.2947 15.20450961 93241 | 2022/06/06-15:58:12  265.4551    0.1235  208.2465   94.7087     6882.6164     6876.5012     6888.7316 -63.934189 -73.477651   0.000830   0.000316
1 46527U 20061BD  22159.11328538  .00004269  00000-0  19853-3 0  9993 | 2 46527  97.3994 230.3941 0008948 147.3062 212.8728 15.20462044 93461 | 2022/06/08-02:43:07   66.6839    0.1234  212.8172   94.7081     6882.5829     6876.4244     6888.7415 -62.092442 -75.041134   0.000852   0.000272
1 46527U 20061BD  22160.16626907  .00004098  00000-0  19065-3 0  9996 | 2 46527  97.3994 231.4279 0009043 143.9023 216.2825 15.20470120 93621 | 2022/06/09-03:59:25   85.7563    0.1235  216.2212   94.7076     6882.5586     6876.3347     6888.7824 -60.728425 -76.149206   0.000872   0.000239
1 46527U 20061BD  22161.48248258  .00008499  00000-0  39153-3 0  9990 | 2 46527  97.3993 232.7199 0009099 140.0349 220.1557 15.20495315 93826 | 2022/06/10-11:34:46  199.5927    0.1234  220.0885   94.7060     6882.4825     6876.2202     6888.7449 -58.995933 -77.499055   0.000887   0.000201
1 46527U 20061BD  22162.66706242  .00010700  00000-0  49176-3 0  9997 | 2 46527  97.4004 233.8828 0009078 136.8509 223.3440 15.20509654 94008 | 2022/06/11-16:00:34  266.0418    0.1236  223.2727   94.7051     6882.4393     6876.1914     6888.6871 -57.411583 -78.681307   0.000892   0.000169
1 46527U 20061BD  22163.78582268  .00006382  00000-0  29462-3 0  9998 | 2 46527  97.4007 234.9807 0009200 133.0499 227.1508 15.20520896 94170 | 2022/06/12-18:51:35  308.7945    0.1235  227.0736   94.7044     6882.4053     6876.0735     6888.7371 -55.893619 -79.767159   0.000911   0.000129
1 46527U 20061BD  22165.16779284  .00010817  00000-0  49637-3 0  9992 | 2 46527  97.3991 236.3375 0009298 129.1556 231.0507 15.20557899 94383 | 2022/06/14-04:01:37   86.3035    0.1235  230.9679   94.7021     6882.2937     6875.8945     6888.6928 -53.988301 -81.066935   0.000926   0.000089
1 46527U 20061BD  22166.35232361  .00012142  00000-0  55635-3 0  9992 | 2 46527  97.3991 237.5010 0009113 124.8522 235.3572 15.20581582 94568 | 2022/06/15-08:27:20  152.7355    0.1235  235.2713   94.7006     6882.2222     6875.9504     6888.4940 -52.331065 -82.146481   0.000911   0.000037
1 46527U 20061BD  22170.43218280  .00015086  00000-0  68787-3 0  9992 | 2 46527  97.3980 241.5068 0009441 113.8977 246.3249 15.20695792 95181 | 2022/06/19-10:22:20  181.4871    0.1236  246.2259   94.6935     6881.8776     6875.3804     6888.3748 -46.464150 -85.600544   0.000941  -0.000076
1 46527U 20061BD  22171.74819408  .00015610  00000-0  71075-3 0  9993 | 2 46527  97.3982 242.7990 0009368 110.2565 249.9678 15.20737404 95386 | 2022/06/20-17:57:23  295.2544    0.1235  249.8670   94.6909     6881.7521     6875.3053     6888.1989 -44.522027 -86.626777   0.000930  -0.000113
1 46527U 20061BD  22173.12996801  .00014414  00000-0  65585-3 0  9990 | 2 46527  97.3986 244.1557 0009428 106.0436 254.1838 15.20779071 95597 | 2022/06/22-03:07:09   72.6952    0.1235  254.0799   94.6883     6881.6264     6875.1384     6888.1144 -42.458687 -87.656986   0.000929  -0.000160
1 46527U 20061BD  22174.44590961  .00013352  00000-0  60719-3 0  9997 | 2 46527  97.3991 245.4484 0009441 102.3971 257.8321 15.20814458 95792 | 2022/06/23-10:42:06  186.4367    0.1235  257.7264   94.6861     6881.5196     6875.0228     6888.0165 -40.470551 -88.592997   0.000923  -0.000199
1 46527U 20061BD  22175.69602926  .00009448  00000-0  43051-3 0  9991 | 2 46527  97.3990 246.6759 0009365  98.8516 261.3780 15.20839167 95982 | 2022/06/24-16:42:16  276.4840    0.1235  261.2719   94.6846     6881.4451     6875.0006     6887.8896 -38.563360 -89.439546   0.000907  -0.000234
1 46527U 20061BD  22176.74874378  .00011679  00000-0  53088-3 0  9990 | 2 46527  97.3992 247.7098 0009338  95.6221 264.6080 15.20865178 96149 | 2022/06/25-17:58:11  295.4645    0.1236  264.5015   94.6829     6881.3666     6874.9408     6887.7925 -36.943312 -90.121007   0.000895  -0.000268
1 46527U 20061BD  22178.13039960  .00012574  00000-0  57054-3 0  9997 | 2 46527  97.3996 249.0667 0009350  91.9468 268.2839 15.20906163 96351 | 2022/06/27-03:07:46   72.8649    0.1236  268.1768   94.6804     6881.2430     6874.8090     6887.6770 -34.799016 -90.970932   0.000884  -0.000304
1 46527U 20061BD  22179.18307024  .00007506  00000-0  34190-3 0  9997 | 2 46527  97.3995 250.1007 0009341  88.9836 271.2470 15.20924408 96511 | 2022/06/28-04:23:37   91.8300    0.1236  271.1400   94.6793     6881.1880     6874.7603     6887.6157 -33.151679 -91.583998   0.000873  -0.000333
1 46527U 20061BD  22180.76205366  .00007131  00000-0  32476-3 0  9998 | 2 46527  97.3990 251.6517 0009236  84.3760 275.8529 15.20949009 96752 | 2022/06/29-18:17:21  300.2710    0.1236  275.7476   94.6777     6881.1138     6874.7584     6887.4692 -30.660495 -92.447278   0.000844  -0.000375
1 46527U 20061BD  22182.14364541  .00006566  00000-0  29911-3 0  9994 | 2 46527  97.3986 253.0088 0009157  80.4059 279.8211 15.20967456 96967 | 2022/07/01-03:26:50   77.6506    0.1236  279.7177   94.6766     6881.0581     6874.7571     6887.3591 -28.462289 -93.147117   0.000819  -0.000410
1 46527U 20061BD  22183.19627499  .00007497  00000-0  34090-3 0  9992 | 2 46527  97.3984 254.0428 0009158  77.4807 282.7452 15.20983698 97127 | 2022/07/02-04:42:38   96.6019    0.1235  282.6428   94.6756     6881.0091     6874.7075     6887.3108 -26.776692 -93.645380   0.000805  -0.000437
1 46527U 20061BD  22184.44625503  .00007771  00000-0  35301-3 0  9996 | 2 46527  97.3981 255.2710 0009094  73.8767 286.3469 15.21005894 97318 | 2022/07/03-10:42:36  186.6008    0.1236  286.2469   94.6742     6880.9422     6874.6847     6887.1997 -24.763222 -94.197520   0.000781  -0.000466
1 46527U 20061BD  22186.15673194  .00008280  00000-0  37566-3 0  9996 | 2 46527  97.3980 256.9512 0008972  68.7953 291.4241 15.21030170 97577 | 2022/07/05-03:45:41   82.3825    0.1237  291.3284   94.6727     6880.8690     6874.6955     6887.0425 -21.990605 -94.883000   0.000742  -0.000505
1 46527U 20061BD  22187.47245979  .00008380  00000-0  37988-3 0  9997 | 2 46527  97.3981 258.2435 0008863  64.9469 295.2686 15.21054172 97771 | 2022/07/06-11:20:20  196.0529    0.1236  295.1767   94.6712     6880.7966     6874.6982     6886.8951 -19.845137 -95.354918   0.000710  -0.000531
1 46527U 20061BD  22188.72238327  .00008422  00000-0  38157-3 0  9991 | 2 46527  97.3984 259.4717 0008781  61.2485 298.9632 15.21075375 97967 | 2022/07/07-17:20:13  286.0330    0.1236  298.8751   94.6699     6880.7327     6874.6907     6886.7746 -17.796749 -95.758676   0.000680  -0.000556
1 46527U 20061BD  22190.49856908  .00005106  00000-0  23254-3 0  9997 | 2 46527  97.3987 261.2161 0008675  56.2418 303.9643 15.21092347 98234 | 2022/07/09-11:57:56  205.4718    0.1236  303.8818   94.6688     6880.6815     6874.7125     6886.6505 -14.873574 -96.256343   0.000639  -0.000587
1 46527U 20061BD  22191.68267959  .00005838  00000-0  26531-3 0  9994 | 2 46527  97.3989 262.3796 0008574  52.3515 307.8498 15.21107483 98414 | 2022/07/10-16:23:03  271.7600    0.1237  307.7722   94.6679     6880.6358     6874.7364     6886.5353 -12.916000 -96.538711   0.000603  -0.000609
1 46527U 20061BD  22192.73520324  .00002837  00000-0  13046-3 0  9992 | 2 46527  97.4001 263.4129 0008687  47.8623 312.3350 15.21134925 98572 | 2022/07/11-17:38:41  290.6766    0.1237  312.2614   94.6662     6880.5531     6874.5759     6886.5302 -11.173106 -96.757125   0.000573  -0.000653
1 46527U 20061BD  22193.78770885  .00003674  00000-0  16789-3 0  9994 | 2 46527  97.3987 264.4457 0008483  45.9517 314.2416 15.21157978 98739 | 2022/07/12-18:54:18  309.5872    0.1236  314.1719   94.6647     6880.4836     6874.6468     6886.3203  -9.427129 -96.941405   0.000550  -0.000646
1 46527U 20061BD  22195.10332579  .00006334  00000-0  28698-3 0  9994 | 2 46527  97.3987 265.7404 0008283  41.8004 318.3863 15.21178712 98931 | 2022/07/14-02:28:47   63.2179    0.1236  318.3232   94.6634     6880.4210     6874.7220     6886.1201  -7.234345 -97.129661   0.000505  -0.000657
1 46527U 20061BD  22196.15581054  .00005881  00000-0  26659-3 0  9995 | 2 46527  97.3984 266.7746 0008181  38.4322 321.7495 15.21190294 99096 | 2022/07/15-03:44:22   82.1206    0.1236  321.6914   94.6627     6880.3861     6874.7573     6886.0150  -5.480035 -97.244113   0.000472  -0.000668
1 46527U 20061BD  22197.47140251  .00007297  00000-0  32982-3 0  9990 | 2 46527  97.3980 268.0672 0007958  34.2052 325.9695 15.21209629 99293 | 2022/07/16-11:18:49  195.7448    0.1236  325.9184   94.6615     6880.3278     6874.8525     6885.8032  -3.284974 -97.342588   0.000425  -0.000673
1 46527U 20061BD  22198.65540829  .00007927  00000-0  35763-3 0  9996 | 2 46527  97.3981 269.2307 0007830  29.8150 330.3531 15.21244054 99470 | 2022/07/17-15:43:47  261.9970    0.1237  330.3087   94.6594     6880.2240     6874.8368     6885.6112  -1.307707 -97.389321   0.000380  -0.000685
1 46527U 20061BD  22200.10250471  .00009038  00000-0  40699-3 0  9990 | 2 46527  97.3977 270.6526 0007723  25.1429 335.0181 15.21270434 99691 | 2022/07/19-02:27:36   62.9633    0.1236  334.9807   94.6577     6880.1445     6874.8309     6885.4580   1.109338 -97.391382   0.000336  -0.000695
1 46527U 20061BD  22201.15490074  .00020964  00000-0  93685-3 0  9995 | 2 46527  97.3974 271.6870 0007647  21.6536 338.5022 15.21329757 99859 | 2022/07/20-03:43:03   81.8339    0.1237  338.4701   94.6540     6879.9656     6874.7045     6885.2267   2.867326 -97.355185   0.000303  -0.000702
1 46527U 20061BD  22203.12807597  .00019479  00000-0  86914-3 0  9992 | 2 46527  97.3979 273.6258 0007444  15.2181 344.9277 15.21400311100151 | 2022/07/22-03:04:25   72.1931    0.1236  344.9055   94.6496     6879.7529     6874.6316     6884.8742   6.159435 -97.202944   0.000240  -0.000705
1 46527U 20061BD  22204.44347674  .00016109  00000-0  71874-3 0  9999 | 2 46527  97.3981 274.9186 0007336  10.3525 349.7861 15.21442250100358 | 2022/07/23-10:38:36  185.7483    0.1237  349.7712   94.6470     6879.6265     6874.5796     6884.6734   8.350948 -97.039433   0.000193  -0.000708
1 46527U 20061BD  22205.49577241  .00012923  00000-0  57698-3 0  9998 | 2 46527  97.3978 275.9527 0007203   5.9518 354.1802 15.21470143100514 | 2022/07/24-11:53:54  204.5844    0.1236  354.1718   94.6453     6879.5424     6874.5871     6884.4977  10.100874 -96.872616   0.000149  -0.000705
1 46527U 20061BD  22207.13995389  .00013333  00000-0  59458-3 0  9990 | 2 46527  97.3981 277.5683 0007033 359.8629   0.2603 15.21505928100769 | 2022/07/26-03:21:32   76.5035    0.1236    0.2607   94.6431     6879.4345     6874.5962     6884.2728  12.828105 -96.549622   0.000091  -0.000697
1 46527U 20061BD  22208.45527799  .00009709  00000-0  43382-3 0  9993 | 2 46527  97.3983 278.8614 0006910 355.8737   4.2441 15.21522620100962 | 2022/07/27-10:55:36  190.0289    0.1237    4.2500   94.6420     6879.3842     6874.6306     6884.1379  15.003698 -96.235741   0.000057  -0.000689
1 46527U 20061BD  22209.50753049  .00004166  00000-0  18801-3 0  9999 | 2 46527  97.3979 279.8958 0006766 351.4874   8.6246 15.21525011101129 | 2022/07/28-12:10:50  208.8484    0.1236    8.6362   94.6419     6879.3770     6874.7224     6884.0316  16.738500 -95.948807   0.000016  -0.000676
1 46527U 20061BD  22210.82284011  .00003012  00000-0  13678-3 0  9990 | 2 46527  97.3976 281.1888 0006630 346.5138  13.5919 15.21531321101327 | 2022/07/29-19:44:53  322.3696    0.1236   13.6098   94.6415     6879.3580     6874.7970     6883.9190  18.899283 -95.546374  -0.000027  -0.000662
1 46527U 20061BD  22212.46696749  .00002589  00000-0  11796-3 0  9994 | 2 46527  97.3972 282.8049 0006461 340.1077  19.9906 15.21539706101572 | 2022/07/31-11:12:25  194.2673    0.1236   20.0159   94.6410     6879.3327     6874.8880     6883.7775  21.586326 -94.974971  -0.000080  -0.000641
1 46527U 20061BD  22213.91379217  .00002521  00000-0  11495-3 0  9995 | 2 46527  97.3968 284.2271 0006326 334.2790  25.8130 15.21547379101790 | 2022/08/01-21:55:51  355.1343    0.1236   25.8446   94.6405     6879.3096     6874.9577     6883.6614  23.936811 -94.409564  -0.000126  -0.000620
1 46527U 20061BD  22215.42637364  .00002828  00000-0  12853-3 0  9992 | 2 46527  97.3968 285.7137 0006189 328.3024  31.7838 15.21556497102027 | 2022/08/03-10:13:58  179.6737    0.1236   31.8212   94.6399     6879.2821     6875.0245     6883.5397  26.378036 -93.756791  -0.000170  -0.000595
1 46527U 20061BD  22216.67589117  .00002778  00000-0  12628-3 0  9996 | 2 46527  97.3967 286.9418 0006093 323.1076  36.9740 15.21563197102210 | 2022/08/04-16:13:16  269.5081    0.1236   37.0160   94.6395     6879.2619     6875.0704     6883.4534  28.381414 -93.169805  -0.000208  -0.000573
1 46527U 20061BD  22218.12269232  .00003240  00000-0  14671-3 0  9996 | 2 46527  97.3966 288.3636 0006014 316.7227  43.3536 15.21573518102433 | 2022/08/06-02:56:40   70.3661    0.1236   43.4009   94.6389     6879.2308     6875.0936     6883.3680  30.684424 -92.436810  -0.000253  -0.000545
1 46527U 20061BD  22219.24066905  .00003512  00000-0  15874-3 0  9990 | 2 46527  97.3968 289.4623 0005934 312.0066  48.0664 15.21581675102609 | 2022/08/07-05:46:33  112.8442    0.1236   48.1170   94.6384     6879.2062     6875.1241     6883.2883  32.451303 -91.831637  -0.000283  -0.000521
1 46527U 20061BD  22220.42440077  .00005663  00000-0  25393-3 0  9994 | 2 46527  97.3971 290.6257 0005838 307.0122  53.0580 15.21595703102789 | 2022/08/08-10:11:08  178.9938    0.1237   53.1115   94.6375     6879.1639     6875.1479     6883.1800  34.309247 -91.154104  -0.000312  -0.000493
1 46527U 20061BD  22221.47659795  .00005772  00000-0  25866-3 0  9995 | 2 46527  97.3971 291.6598 0005798 302.4136  57.6538 15.21606872102948 | 2022/08/09-11:26:18  197.7906    0.1236   57.7100   94.6368     6879.1303     6875.1418     6883.1188  35.948760 -90.520063  -0.000340  -0.000470
1 46527U 20061BD  22222.85759306  .00004857  00000-0  21810-3 0  9995 | 2 46527  97.3970 293.0171 0005752 296.1900  63.8744 15.21622269103158 | 2022/08/10-20:34:56  334.9557    0.1236   63.9336   94.6358     6879.0839     6875.1270     6883.0407  38.082796 -89.643049  -0.000376  -0.000435
1 46527U 20061BD  22223.90977164  .00004343  00000-0  19530-3 0  9992 | 2 46527  97.3968 294.0515 0005725 291.4857  68.5769 15.21632063103317 | 2022/08/11-21:50:04  353.7444    0.1237   68.6380   94.6352     6879.0543     6875.1161     6882.9926  39.694807 -88.940761  -0.000401  -0.000409
1 46527U 20061BD  22225.42226624  .00004637  00000-0  20819-3 0  9997 | 2 46527  97.3963 295.5384 0005702 284.5326  75.5278 15.21646866103545 | 2022/08/13-10:08:03  178.2486    0.1237   75.5911   94.6343     6879.0097     6875.0873     6882.9321  41.989095 -87.880346  -0.000436  -0.000367
1 46527U 20061BD  22226.47442752  .00004761  00000-0  21362-3 0  9997 | 2 46527  97.3960 296.5726 0005700 279.6924  80.3668 15.21657695103707 | 2022/08/14-11:23:10  197.0307    0.1236   80.4312   94.6336     6878.9771     6875.0561     6882.8981  43.568292 -87.107891  -0.000460  -0.000337
1 46527U 20061BD  22227.59234118  .00004573  00000-0  20525-3 0  9997 | 2 46527  97.3956 297.6715 0005727 274.5818  85.4764 15.21668451103870 | 2022/08/15-14:12:58  239.4836    0.1236   85.5418   94.6330     6878.9447     6875.0051     6882.8843  45.230670 -86.255953  -0.000484  -0.000306
1 46527U 20061BD  22228.97328178  .00005644  00000-0  25243-3 0  9992 | 2 46527  97.3953 299.0287 0005718 268.4677  91.5904 15.21684765104086 | 2022/08/16-23:21:31   16.6262    0.1236   91.6559   94.6320     6878.8955     6874.9622     6882.8289  47.260842 -85.160186  -0.000507  -0.000264
1 46527U 20061BD  22230.15693354  .00010575  00000-0  46956-3 0  9999 | 2 46527  97.3984 300.1955 0006203 259.9649 100.1684 15.21717782104268 | 2022/08/18-03:45:59   82.6655    0.2033  100.2384   94.6299     6878.7960     6874.5291     6883.0629  48.986726 -84.182831  -0.000582  -0.000214
1 46527U 20061BD  22231.47204247  .00014079  00000-0  62303-3 0  9991 | 2 46527  97.3952 301.4845 0005814 257.6447 102.4139 15.21764356104464 | 2022/08/19-11:19:44  196.1867    0.1237  102.4790   94.6270     6878.6557     6874.6564     6882.6549  50.866385 -83.056823  -0.000549  -0.000191
1 46527U 20061BD  22232.78713166  .00010199  00000-0  45196-3 0  9991 | 2 46527  97.3954 302.7770 0005824 251.3984 108.6619 15.21797945104668 | 2022/08/20-18:53:28  309.6208    0.1235  108.7251   94.6249     6878.5544     6874.5484     6882.5605  52.727020 -81.888493  -0.000565  -0.000143
1 46527U 20061BD  22234.16794835  .00008848  00000-0  39222-3 0  9998 | 2 46527  97.3954 304.1342 0005925 245.4620 114.5998 15.21825999104872 | 2022/08/22-04:01:50   86.7171    0.1235  114.6615   94.6232     6878.4699     6874.3944     6882.5454  54.651789 -80.616660  -0.000584  -0.000099
1 46527U 20061BD  22236.14050856  .00007119  00000-0  31596-3 0  9992 | 2 46527  97.3957 306.0734 0006079 237.1230 122.9422 15.21854901105171 | 2022/08/24-03:22:19   76.8404    0.1236  123.0006   94.6214     6878.3828     6874.2015     6882.5642  57.348651 -78.721373  -0.000607  -0.000034
1 46527U 20061BD  22237.19252642  .00005924  00000-0  26340-3 0  9998 | 2 46527  97.3956 307.1076 0006146 232.3818 127.6861 15.21867538105332 | 2022/08/25-04:37:14   95.5669    0.1236  127.7418   94.6206     6878.3447     6874.1173     6882.5722  58.760107 -77.673372  -0.000615   0.000005
1 46527U 20061BD  22238.44178692  .00005844  00000-0  25974-3 0  9992 | 2 46527  97.3954 308.3359 0006233 227.3666 132.7045 15.21881985105523 | 2022/08/26-10:36:10  185.3005    0.1236  132.7570   94.6197     6878.3012     6874.0140     6882.5885  60.411506 -76.395771  -0.000622   0.000047
1 46527U 20061BD  22240.08552916  .00009796  00000-0  43277-3 0  9996 | 2 46527  97.3951 309.9520 0006357 220.8774 139.1986 15.21911651105778 | 2022/08/28-02:03:09   57.0468    0.1236  139.2462   94.6178     6878.2118     6873.8394     6882.5843  62.541837 -74.661396  -0.000628   0.000101
1 46527U 20061BD  22241.13750800  .00008935  00000-0  39482-3 0  9992 | 2 46527  97.3946 310.9863 0006504 216.7152 143.3640 15.21928262105930 | 2022/08/29-03:18:00   75.7586    0.1236  143.4084   94.6168     6878.1618     6873.6882     6882.6353  63.879029 -73.519914  -0.000635   0.000139
1 46527U 20061BD  22242.18947317  .00008186  00000-0  36184-3 0  9993 | 2 46527  97.3941 312.0205 0006584 212.4639 147.6193 15.21946555106092 | 2022/08/30-04:32:50   94.4647    0.1236  147.6597   94.6157     6878.1067     6873.5781     6882.6352  65.195265 -72.354600  -0.000634   0.000176
1 46527U 20061BD  22243.43866399  .00009060  00000-0  39978-3 0  9998 | 2 46527  97.3934 313.2483 0006682 207.8156 152.2724 15.21971135106281 | 2022/08/31-10:31:40  184.1721    0.1236  152.3080   94.6141     6878.0326     6873.4367     6882.6285  66.730196 -70.940505  -0.000632   0.000217
1 46527U 20061BD  22244.62209093  .00012655  00000-0  55651-3 0  9992 | 2 46527  97.3932 314.4116 0006850 203.1389 156.9539 15.21997853106469 | 2022/09/01-14:55:48  250.2041    0.1235  156.9846   94.6125     6877.9521     6873.2407     6882.6635  68.156538 -69.570983  -0.000633   0.000262
1 46527U 20061BD  22246.13422336  .00006134  00000-0  27138-3 0  9991 | 2 46527  97.3933 315.8978 0007007 197.6348 162.4646 15.22014703106699 | 2022/09/03-03:13:16   74.5694    0.1236  162.4888   94.6114     6877.9014     6873.0820     6882.7207  69.938087 -67.779929  -0.000627   0.000312
1 46527U 20061BD  22247.44909738  .00011082  00000-0  48707-3 0  9995 | 2 46527  97.3935 317.1902 0007132 192.7676 167.3381 15.22048687106892 | 2022/09/04-10:46:42  187.9214    0.1236  167.3560   94.6093     6877.7990     6872.8937     6882.7042  71.449200 -66.185388  -0.000617   0.000357
1 46527U 20061BD  22248.63244755  .00017169  00000-0  75115-3 0  9993 | 2 46527  97.3934 318.3537 0007197 188.8919 171.2191 15.22101566107075 | 2022/09/05-15:10:43  253.9250    0.1236  171.2317   94.6060     6877.6397     6872.6898     6882.5895  72.778322 -64.720864  -0.000605   0.000389
1 46527U 20061BD  22249.75002353  .00016292  00000-0  71215-3 0  9996 | 2 46527  97.3937 319.4522 0007302 185.5832 174.5324 15.22142853107247 | 2022/09/06-18:00:02  296.2508    0.1236  174.5404   94.6035     6877.5153     6872.4934     6882.5373  74.005956 -63.313911  -0.000598   0.000418
1 46527U 20061BD  22251.13052963  .00010326  00000-0  45242-3 0  9996 | 2 46527  97.3941 320.8099 0007462 180.2075 179.9160 15.22171417107453 | 2022/09/08-03:07:57   73.2281    0.1236  179.9161   94.6017     6877.4293     6872.2973     6882.5612  75.485656 -61.542883  -0.000580   0.000469
1 46527U 20061BD  22252.44526966  .00012240  00000-0  53503-3 0  9996 | 2 46527  97.3940 322.1029 0007588 176.2464 183.8831 15.22205773107650 | 2022/09/09-10:41:11  186.5314    0.1236  183.8772   94.5996     6877.3258     6872.1073     6882.5443  76.855083 -59.823803  -0.000567   0.000504
1 46527U 20061BD  22253.69425345  .00007805  00000-0  34228-3 0  9997 | 2 46527  97.3936 323.3311 0007705 172.1285 188.0073 15.22222900107846 | 2022/09/10-16:39:43  276.1621    0.1235  187.9950   94.5985     6877.2742     6871.9753     6882.5731  78.119398 -58.162470  -0.000549   0.000540
1 46527U 20061BD  22254.74601828  .00007988  00000-0  35008-3 0  9995 | 2 46527  97.3927 324.3652 0007795 168.9787 191.1621 15.22237758108004 | 2022/09/11-17:54:15  294.7950    0.1235  191.1448   94.5976     6877.2295     6871.8687     6882.5903  79.155629 -56.742615  -0.000535   0.000567
1 46527U 20061BD  22256.12643164  .00014338  00000-0  62461-3 0  9998 | 2 46527  97.3924 325.7229 0007912 163.9131 196.2358 15.22281430108217 | 2022/09/13-03:02:03   71.7386    0.1236  196.2105   94.5949     6877.0979     6871.6568     6882.5391  80.477625 -54.850993  -0.000505   0.000609
1 46527U 20061BD  22257.17815115  .00009854  00000-0  43015-3 0  9992 | 2 46527  97.3918 326.7568 0007996 160.2536 199.9012 15.22305220108376 | 2022/09/14-04:16:32   90.3545    0.1236  199.8700   94.5934     6877.0263     6871.5274     6882.5251  81.453751 -53.389598  -0.000481   0.000639
1 46527U 20061BD  22259.15009603  .00008999  00000-0  39281-3 0  9998 | 2 46527  97.3917 328.6961 0008106 155.4096 204.7528 15.22334324108671 | 2022/09/16-03:36:08   80.2514    0.1235  204.7139   94.5916     6876.9386     6871.3642     6882.5131  83.213754 -50.602514  -0.000455   0.000671
1 46527U 20061BD  22260.72762471  .00006210  00000-0  27193-3 0  9995 | 2 46527  97.3915 330.2463 0008321 149.6358 210.5362 15.22353396108918 | 2022/09/17-17:27:46  288.1568    0.1236  210.4878   94.5904     6876.8812     6871.1589     6882.6034  84.552064 -48.332730  -0.000415   0.000721
1 46527U 20061BD  22262.17366447  .00011376  00000-0  49479-3 0  9999 | 2 46527  97.3914 331.6680 0008324 145.2906 214.8875 15.22389788109132 | 2022/09/19-04:10:04   88.7286    0.1236  214.8330   94.5881     6876.7716     6871.0474     6882.4958  85.725121 -46.220000  -0.000377   0.000742
1 46527U 20061BD  22264.14548423  .00013553  00000-0  58784-3 0  9992 | 2 46527  97.3917 333.6069 0008514 139.1862 221.0014 15.22439878109436 | 2022/09/21-03:29:29   78.5788    0.1236  220.9374   94.5850     6876.6208     6870.7660     6882.4755  87.240105 -43.293270  -0.000330   0.000785
1 46527U 20061BD  22265.72288448  .00012764  00000-0  55304-3 0  9993 | 2 46527  97.3919 335.1584 0008611 134.5224 225.6718 15.22488172109674 | 2022/09/22-17:20:57  286.4395    0.1237  225.6013   94.5820     6876.4753     6870.5540     6882.3967  88.380490 -40.915415  -0.000290   0.000811
1 46527U 20061BD  22267.43168917  .00013472  00000-0  58284-3 0  9998 | 2 46527  97.3917 336.8392 0008586 129.6272 230.5724 15.22527690109936 | 2022/09/24-10:21:37  181.6073    0.1237  230.4965   94.5796     6876.3563     6870.4523     6882.2604  89.542382 -38.305419  -0.000243   0.000823
1 46527U 20061BD  22268.74610473  .00019757  00000-0  85102-3 0  9993 | 2 46527  97.3914 338.1319 0008602 125.4851 234.7190 15.22591826110132 | 2022/09/25-17:54:23  294.7953    0.1237  234.6386   94.5756     6876.1632     6870.2484     6882.0781  90.383482 -36.275486  -0.000203   0.000836
1 46527U 20061BD  22270.19190122  .00025222  00000-0  10825-2 0  9992 | 2 46527  97.3908 339.5537 0008659 120.2273 239.9822 15.22663938110352 | 2022/09/27-04:36:20   95.2799    0.1236  239.8963   94.5711     6875.9461     6869.9923     6881.9000  91.255180 -34.021464  -0.000147   0.000853
1 46527U 20061BD  22271.44048501  .00023235  00000-0  99571-3 0  9992 | 2 46527  97.3898 340.7816 0008629 116.9134 243.2985 15.22732652110548 | 2022/09/28-10:34:17  184.7704    0.1236  243.2102   94.5668     6875.7393     6869.8062     6881.6724  91.962336 -32.057791  -0.000116   0.000855
1 46527U 20061BD  22273.14898889  .00026296  00000-0  11232-2 0  9990 | 2 46527  97.3897 342.4629 0008504 112.1489 248.0651 15.22819079110802 | 2022/09/30-03:34:32   79.8324    0.1236  247.9747   94.5615     6875.4791     6869.6322     6881.3260  92.863225 -29.345784  -0.000068   0.000848
1 46527U 20061BD  22274.20032140  .00025252  00000-0  10768-2 0  9992 | 2 46527  97.3893 343.4967 0008570 108.9323 251.2843 15.22883319110961 | 2022/10/01-04:48:27   98.3119    0.1236  251.1913   94.5575     6875.2858     6869.3937     6881.1779  93.377190 -27.665434  -0.000036   0.000856
1 46527U 20061BD  22275.44874505  .00023794  00000-0  10139-2 0  9999 | 2 46527  97.3892 344.7246 0008575 105.3716 254.8469 15.22920494111157 | 2022/10/02-10:46:11  187.7451    0.1237  254.7521   94.5552     6875.1739     6869.2784     6881.0694  93.948500 -25.658051  -0.000001   0.000857
1 46527U 20061BD  22276.50000824  .00023496  00000-0  99955-3 0  9995 | 2 46527  97.3894 345.7587 0008457 102.2532 257.9652 15.22979547111318 | 2022/10/03-12:00:00  206.2020    0.1236  257.8704   94.5515     6874.9962     6869.1820     6880.8104  94.396456 -23.958388   0.000029   0.000845
1 46527U 20061BD  22278.47106511  .00019067  00000-0  81092-3 0  9995 | 2 46527  97.3899 347.6980 0008398  96.2864 263.9329 15.23032824111615 | 2022/10/05-11:18:20  195.7851    0.1236  263.8372   94.5482     6874.8358     6869.0624     6880.6093  95.153647 -20.750330   0.000088   0.000835
1 46527U 20061BD  22279.71936566  .00013581  00000-0  57834-3 0  9996 | 2 46527  97.3899 348.9263 0008457  92.3746 267.8459 15.23062742111805 | 2022/10/06-17:15:53  285.1742    0.1237  267.7491   94.5463     6874.7458     6868.9318     6880.5598  95.576591 -18.705825   0.000128   0.000836
1 46527U 20061BD  22281.16472963  .00013290  00000-0  56536-3 0  9999 | 2 46527  97.3897 350.3486 0008373  88.0841 272.1355 15.23103599112027 | 2022/10/08-03:57:12   85.5084    0.1237  272.0396   94.5438     6874.6229     6868.8667     6880.3790  96.011249 -16.327696   0.000168   0.000820
1 46527U 20061BD  22282.67575155  .00015954  00000-0  67699-3 0  9994 | 2 46527  97.3893 351.8356 0008312  83.5584 276.6599 15.23148873112250 | 2022/10/09-16:13:04  269.4799    0.1237  276.5653   94.5410     6874.4866     6868.7726     6880.2007  96.402226 -13.830636   0.000210   0.000804
1 46527U 20061BD  22284.12103193  .00013267  00000-0  56296-3 0  9991 | 2 46527  97.3889 353.2583 0008341  79.5489 280.6688 15.23192091112473 | 2022/10/11-02:54:17   69.7833    0.1238  280.5749   94.5383     6874.3566     6868.6227     6880.0905  96.715502 -11.432828   0.000247   0.000797
1 46527U 20061BD  22285.17212226  .00012833  00000-0  54423-3 0  9993 | 2 46527  97.3883 354.2927 0008297  76.4173 283.7987 15.23218431112637 | 2022/10/12-04:07:51   88.1791    0.1236  283.7063   94.5367     6874.2774     6868.5738     6879.9809  96.905537  -9.684928   0.000274   0.000783
1 46527U 20061BD  22287.20856362  .00011240  00000-0  47654-3 0  9993 | 2 46527  97.3880 356.2968 0008196  70.2458 289.9662 15.23262495112948 | 2022/10/14-05:00:19  101.3051    0.1237  289.8779   94.5339     6874.1448     6868.5107     6879.7788  97.184655  -6.290100   0.000326   0.000752
1 46527U 20061BD  22288.65373724  .00012405  00000-0  52492-3 0  9999 | 2 46527  97.3879 357.7187 0008082  65.7970 294.4110 15.23303426113161 | 2022/10/15-15:41:22  261.5742    0.1236  294.3266   94.5314     6874.0216     6868.4661     6879.5772  97.310714  -3.876591   0.000360   0.000723
1 46527U 20061BD  22290.16448636  .00009619  00000-0  40639-3 0  9996 | 2 46527  97.3850 359.2084 0007497  62.4375 297.7623 15.23428517113394 | 2022/10/17-03:56:51   85.4514    0.1237  297.6862   94.5236     6873.6454     6868.4922     6878.7985  97.375706  -1.345431   0.000356   0.000660
1 46527U 20061BD  22291.60946549  .00028893  00000-0  12079-2 0  9993 | 2 46527  97.3877   0.6275 0007897  56.1669 304.0318 15.23531598113614 | 2022/10/18-14:37:37  245.6502    0.1237  303.9568   94.5172     6873.3353     6867.9074     6878.7632  97.381859   1.066563   0.000432   0.000661
1 46527U 20061BD  22293.18571663  .00024068  00000-0  10048-2 0  9993 | 2 46527  97.3880   2.1796 0007877  51.2513 308.9427 15.23616496113856 | 2022/10/20-04:27:25   93.1068    0.1238  308.8725   94.5120     6873.0800     6867.6660     6878.4939  97.317542   3.703863   0.000469   0.000633
1 46527U 20061BD  22295.15591111  .00024828  00000-0  10333-2 0  9993 | 2 46527  97.3878   4.1195 0007683  44.4222 315.7630 15.23717870114158 | 2022/10/22-03:44:30   82.3876    0.1237  315.7015   94.5057     6872.7751     6867.4948     6878.0555  97.136188   6.996038   0.000509   0.000576
1 46527U 20061BD  22296.73195681  .00030430  00000-0  12607-2 0  9992 | 2 46527  97.3877   5.6718 0007579  39.4335 320.7452 15.23829110114392 | 2022/10/23-17:34:01  289.7717    0.1237  320.6902   94.4988     6872.4406     6867.2320     6877.6493  96.910922   9.624825   0.000535   0.000537
1 46527U 20061BD  22298.17657530  .00022605  00000-0  93617-3 0  9994 | 2 46527  97.3874   7.0949 0007527  34.1513 326.0207 15.23903372114619 | 2022/10/25-04:14:16   89.8418    0.1238  325.9725   94.4942     6872.2174     6867.0447     6877.3901  96.641698  12.028624   0.000566   0.000496
1 46527U 20061BD  22299.68679320  .00019597  00000-0  81084-3 0  9993 | 2 46527  97.3865   8.5822 0007341  28.6757 331.4883 15.23966146114840 | 2022/10/26-16:28:58  273.5295    0.1238  331.4481   94.4903     6872.0287     6866.9839     6877.0734  96.296043  14.532808   0.000584   0.000444
1 46527U 20061BD  22301.19695435  .00015032  00000-0  62213-3 0  9991 | 2 46527  97.3860  10.0695 0007273  24.3360 335.8219 15.24014389115079 | 2022/10/28-04:43:36   97.1948    0.1237  335.7877   94.4873     6871.8836     6866.8857     6876.8815  95.885904  17.027224   0.000600   0.000411
1 46527U 20061BD  22302.44445625  .00012976  00000-0  53724-3 0  9995 | 2 46527  97.3852  11.2982 0007147  20.3656 339.7865 15.24036574115267 | 2022/10/29-10:40:01  186.3022    0.1238  339.7582   94.4859     6871.8169     6866.9057     6876.7282  95.497954  19.079254   0.000608   0.000375
1 46527U 20061BD  22303.62627796  .00010730  00000-0  44456-3 0  9995 | 2 46527  97.3852  12.4620 0007032  15.4268 344.7182 15.24061566115443 | 2022/10/30-15:01:50  251.7662    0.1237  344.6969   94.4844     6871.7418     6866.9096     6876.5740  95.090740  21.014953   0.000622   0.000329
1 46527U 20061BD  22305.20200696  .00010962  00000-0  45363-3 0  9992 | 2 46527  97.3854  14.0140 0006902  10.1705 349.9671 15.24098988115687 | 2022/11/01-04:50:53   99.0371    0.1238  349.9533   94.4821     6871.6293     6866.8865     6876.3721  94.486878  23.582749   0.000630   0.000283
1 46527U 20061BD  22306.44943243  .00010100  00000-0  41791-3 0  9996 | 2 46527  97.3856  15.2426 0006783   6.1293 354.0026 15.24126031115876 | 2022/11/02-10:47:10  188.1169    0.1238  353.9945   94.4804     6871.5480     6866.8871     6876.2090  93.959700  25.603318   0.000632   0.000247
1 46527U 20061BD  22307.49987776  .00012174  00000-0  50259-3 0  9993 | 2 46527  97.3859  16.2773 0006687   2.0472 358.0792 15.24152468116038 | 2022/11/03-11:59:49  206.2834    0.1238  358.0766   94.4787     6871.4686     6866.8736     6876.0635  93.482324  27.295945   0.000635   0.000210
1 46527U 20061BD  22309.14115634  .00012541  00000-0  51691-3 0  9992 | 2 46527  97.3862  17.8944 0006546 356.0515   4.0669 15.24201322116285 | 2022/11/05-03:23:15   77.1523    0.1237    4.0722   94.4757     6871.3218     6866.8238     6875.8197  92.675088  29.923235   0.000635   0.000158
1 46527U 20061BD  22310.45414591  .00009668  00000-0  39894-3 0  9999 | 2 46527  97.3860  19.1880 0006424 351.4984   8.6143 15.24230816116480 | 2022/11/06-10:53:58  189.8348    0.1237    8.6253   94.4739     6871.2331     6866.8190     6875.6472  91.975743  32.007745   0.000631   0.000119
1 46527U 20061BD  22311.63581586  .00010596  00000-0  43659-3 0  9995 | 2 46527  97.3858  20.3526 0006338 346.6545  13.4523 15.24256999116667 | 2022/11/07-15:15:34  255.2420    0.1237   13.4692   94.4723     6871.1544     6866.7995     6875.5094  91.306008  33.870443   0.000629   0.000077
1 46527U 20061BD  22313.14568889  .00012665  00000-0  52041-3 0  9998 | 2 46527  97.3853  21.8403 0006230 340.8111  19.2891 15.24304327116894 | 2022/11/09-03:29:47   78.8034    0.1238   19.3127   94.4693     6871.0122     6866.7316     6875.2928  90.395411  36.229358   0.000622   0.000029
1 46527U 20061BD  22314.45858773  .00009329  00000-0  38392-3 0  9993 | 2 46527  97.3849  23.1338 0006093 336.2297  23.8658 15.24335552117091 | 2022/11/10-11:00:21  191.4522    0.1238   23.8941   94.4674     6870.9184     6866.7319     6875.1048  89.554169  38.260547   0.000609  -0.000007
1 46527U 20061BD  22315.77146559  .00009358  00000-0  38482-3 0  9993 | 2 46527  97.3842  24.4273 0006016 330.5812  29.5086 15.24360114117293 | 2022/11/11-18:30:54  304.0945    0.1238   29.5426   94.4659     6870.8446     6866.7111     6874.9781  88.667021  40.272097   0.000599  -0.000052
1 46527U 20061BD  22317.14996257  .00009196  00000-0  37792-3 0  9997 | 2 46527  97.3839  25.7853 0005932 324.8673  35.2173 15.24387979117507 | 2022/11/13-03:35:56   80.3593    0.1238   35.2565   94.4641     6870.7608     6866.6851     6874.8366  87.687425  42.362006   0.000585  -0.000096
1 46527U 20061BD  22318.20022919  .00008731  00000-0  35874-3 0  9993 | 2 46527  97.3837  26.8198 0005856 320.5031  39.5779 15.24408749117660 | 2022/11/14-04:48:19   98.4596    0.1238   39.6207   94.4629     6870.6984     6866.6749     6874.7219  86.908131  43.938159   0.000571  -0.000129
1 46527U 20061BD  22319.44740396  .00007820  00000-0  32147-3 0  9994 | 2 46527  97.3837  28.0486 0005773 315.4665  44.6108 15.24430252117856 | 2022/11/15-10:44:15  187.4467    0.1238   44.6573   94.4615     6870.6338     6866.6674     6874.6002  85.945892  45.791796   0.000554  -0.000164
1 46527U 20061BD  22320.69456403  .00007121  00000-0  29284-3 0  9998 | 2 46527  97.3840  29.2774 0005701 310.0516  50.0221 15.24448020118041 | 2022/11/16-16:40:10  276.4284    0.1238   50.0722   94.4604     6870.5804     6866.6635     6874.4973  84.944386  47.624519   0.000533  -0.000201
1 46527U 20061BD  22322.13862525  .00006907  00000-0  28399-3 0  9992 | 2 46527  97.3840  30.7002 0005632 303.7006  56.3695 15.24468682118262 | 2022/11/18-03:19:37   76.2946    0.1239   56.4233   94.4591     6870.5183     6866.6489     6874.3878  83.735680  49.719004   0.000508  -0.000243
1 46527U 20061BD  22323.64830413  .00007294  00000-0  29952-3 0  9996 | 2 46527  97.3843  32.1879 0005567 297.4222  62.6449 15.24491899118497 | 2022/11/19-15:33:33  259.7823    0.1238   62.7016   94.4577     6870.4486     6866.6238     6874.2734  82.416886  51.876379   0.000480  -0.000282
1 46527U 20061BD  22324.69850331  .00006682  00000-0  27451-3 0  9995 | 2 46527  97.3844  33.2230 0005536 292.8664  67.1989 15.24505555118658 | 2022/11/20-16:45:50  277.8558    0.1238   67.2574   94.4569     6870.4076     6866.6041     6874.2110  81.466378  53.356823   0.000459  -0.000309
1 46527U 20061BD  22325.74869201  .00007935  00000-0  32527-3 0  9990 | 2 46527  97.3844  34.2580 0005512 288.1712  71.8926 15.24522132118814 | 2022/11/21-17:58:06  295.9253    0.1238   71.9526   94.4558     6870.3578     6866.5708     6874.1447  80.489293  54.819659   0.000437  -0.000336
1 46527U 20061BD  22327.12704844  .00006038  00000-0  24810-3 0  9994 | 2 46527  97.3841  35.6165 0005473 281.6847  78.3776 15.24540023119026 | 2022/11/23-03:02:56   72.1352    0.1237   78.4390   94.4547     6870.3040     6866.5439     6874.0641  79.166757  56.712322   0.000402  -0.000371
1 46527U 20061BD  22328.17721413  .00006166  00000-0  25321-3 0  9991 | 2 46527  97.3835  36.6513 0005503 277.1827  82.8785 15.24553864119183 | 2022/11/24-04:15:11   90.1963    0.1238   82.9411   94.4539     6870.2624     6866.4817     6874.0431  78.129158  58.132442   0.000381  -0.000397
1 46527U 20061BD  22329.68678653  .00025120  00000-0  10180-2 0  9992 | 2 46527  97.3830  38.1387 0005535 270.4893  89.5711 15.24625130119413 | 2022/11/25-16:28:58  273.6436    0.1238   89.6345   94.4494     6870.0483     6866.2458     6873.8509  76.593489  60.140553   0.000346  -0.000432
1 46527U 20061BD  22330.73687954  .00022945  00000-0  92885-3 0  9999 | 2 46527  97.3826  39.1733 0005477 265.8897  94.1714 15.24680601119577 | 2022/11/26-17:41:06  291.6768    0.1237   94.2340   94.4460     6869.8817     6866.1191     6873.6443  75.494783  61.513483   0.000315  -0.000448
1 46527U 20061BD  22332.18069811  .00025639  00000-0  10350-2 0  9995 | 2 46527  97.3820  40.5964 0005405 260.4046  99.6581 15.24751461119790 | 2022/11/28-04:20:12   91.4499    0.1238   99.7192   94.4416     6869.6688     6865.9558     6873.3819  73.943340  63.369049   0.000278  -0.000463
1 46527U 20061BD  22333.62445632  .00018436  00000-0  74456-3 0  9999 | 2 46527  97.3820  42.0189 0005539 253.9915 106.0713 15.24805027120011 | 2022/11/29-14:59:13  251.2033    0.1238  106.1323   94.4383     6869.5080     6865.7029     6873.3130  72.347431  65.185145   0.000243  -0.000498
1 46527U 20061BD  22335.13379701  .00020805  00000-0  83835-3 0  9994 | 2 46527  97.3827  43.5070 0005498 247.5590 112.5066 15.24855449120246 | 2022/12/01-03:12:40   74.5627    0.1238  112.5648   94.4352     6869.3565     6865.5798     6873.1333  70.630725  67.042457   0.000198  -0.000513
1 46527U 20061BD  22336.44622518  .00015175  00000-0  61206-3 0  9998 | 2 46527  97.3824  44.8008 0005538 241.8610 118.2068 15.24891532120443 | 2022/12/02-10:42:33  187.0345    0.1237  118.2627   94.4329     6869.2482     6865.4440     6873.0524  69.098743  68.619935   0.000159  -0.000531
1 46527U 20061BD  22337.75860514  .00019329  00000-0  77692-3 0  9994 | 2 46527  97.3827  46.0947 0005615 236.8376 123.2324 15.24954713120645 | 2022/12/03-18:12:23  299.4887    0.1238  123.2862   94.4290     6869.0584     6865.2014     6872.9154  67.531833  70.162966   0.000126  -0.000547
1 46527U 20061BD  22338.93969645  .00031831  00000-0  12726-2 0  9998 | 2 46527  97.3831  47.2596 0005627 232.3193 127.7535 15.25029131120825 | 2022/12/04-22:33:09    4.6780    0.1238  127.8045   94.4244     6868.8350     6864.9699     6872.7001  66.091738  71.521677   0.000094  -0.000555
1 46527U 20061BD  22339.98950655  .00029911  00000-0  11939-2 0  9996 | 2 46527  97.3827  48.2948 0005597 227.8002 132.2762 15.25097278120983 | 2022/12/05-23:44:53   22.6056    0.1238  132.3236   94.4202     6868.6303     6864.7860     6872.4747  64.788527  72.703762   0.000059  -0.000557
1 46527U 20061BD  22341.43295077  .00014760  00000-0  59121-3 0  9991 | 2 46527  97.3822  49.7181 0005763 222.1847 137.8948 15.25128350121202 | 2022/12/07-10:23:26  182.2418    0.1238  137.9391   94.4183     6868.5371     6864.5787     6872.4954  62.962346  74.290214   0.000019  -0.000576
1 46527U 20061BD  22342.61392893  .00012520  00000-0  50165-3 0  9997 | 2 46527  97.3820  50.8826 0005827 217.7623 142.3206 15.25155356121385 | 2022/12/08-14:44:03  247.3901    0.1237  142.3614   94.4166     6868.4560     6864.4537     6872.4582  61.439419  75.554296  -0.000014  -0.000583
1 46527U 20061BD  22343.66366148  .00014162  00000-0  56632-3 0  9996 | 2 46527  97.3811  51.9178 0005893 213.2260 146.8609 15.25193086121544 | 2022/12/09-15:55:40  265.2893    0.1238  146.8978   94.4143     6868.3427     6864.2952     6872.3902  60.063822  76.651262  -0.000050  -0.000587
1 46527U 20061BD  22344.71334740  .00025399  00000-0  10095-2 0  9992 | 2 46527  97.3813  52.9526 0005828 208.7799 151.3118 15.25272692121703 | 2022/12/10-17:07:13  283.1712    0.1237  151.3438   94.4093     6868.1037     6864.1010     6872.1064  58.669849  77.723654  -0.000084  -0.000577
1 46527U 20061BD  22346.09098082  .00033748  00000-0  13346-2 0  9990 | 2 46527  97.3805  54.3119 0005888 204.8936 155.2019 15.25380916121919 | 2022/12/12-02:11:00   59.1140    0.1238  155.2302   94.4026     6867.7789     6863.7351     6871.8226  56.809109  79.092901  -0.000110  -0.000578
1 46527U 20061BD  22347.14054745  .00032197  00000-0  12709-2 0  9994 | 2 46527  97.3803  55.3466 0005943 200.4074 159.6927 15.25452907122074 | 2022/12/13-03:22:23   76.9532    0.1237  159.7163   94.3982     6867.5628     6863.4814     6871.6442  55.371477  80.105695  -0.000146  -0.000576
1 46527U 20061BD  22348.45244816  .00029702  00000-0  11704-2 0  9991 | 2 46527  97.3801  56.6406 0005978 194.4509 165.6559 15.25527203122275 | 2022/12/14-10:51:31  189.2299    0.1238  165.6729   94.3936     6867.3398     6863.2345     6871.4451  53.548248  81.335533  -0.000194  -0.000566
1 46527U 20061BD  22349.50191459  .00028580  00000-0  11242-2 0  9992 | 2 46527  97.3800  57.6761 0006043 191.2355 168.8749 15.25594885122431 | 2022/12/15-12:02:45  207.0331    0.1238  168.8883   94.3894     6867.1367     6862.9869     6871.2865  52.069562  82.289885  -0.000217  -0.000564
1 46527U 20061BD  22350.74811842  .00029227  00000-0  11476-2 0  9993 | 2 46527  97.3805  58.9055 0006128 186.9621 173.1533 15.25648946122626 | 2022/12/16-17:57:17  295.6604    0.1238  173.1617   94.3861     6866.9745     6862.7664     6871.1825  50.292269  83.388545  -0.000251  -0.000559
1 46527U 20061BD  22352.45333037  .00031999  00000-0  12509-2 0  9995 | 2 46527  97.3807  60.5883 0006153 180.1587 179.9651 15.25776712122887 | 2022/12/18-10:52:47  189.5262    0.1238  179.9651   94.3782     6866.5911     6862.3661     6870.8161  47.821875  84.829647  -0.000301  -0.000537
1 46527U 20061BD  22353.63378754  .00030041  00000-0  11723-2 0  9995 | 2 46527  97.3805  61.7538 0006206 177.5862 182.5408 15.25848471123063 | 2022/12/19-15:12:39  254.4856    0.1238  182.5376   94.3737     6866.3758     6862.1145     6870.6371  46.086416  85.784637  -0.000316  -0.000534
1 46527U 20061BD  22354.74863820  .00017124  00000-0  67018-3 0  9997 | 2 46527  97.3805  62.8541 0006283 174.3911 185.7399 15.25868507123239 | 2022/12/20-17:58:02  295.8264    0.1238  185.7327   94.3725     6866.3157     6862.0016     6870.6298  44.430624  86.653802  -0.000340  -0.000528
1 46527U 20061BD  22356.45362910  .00024089  00000-0  93785-3 0  9999 | 2 46527  97.3802  64.5373 0006428 166.6373 193.5037 15.25971135123491 | 2022/12/22-10:53:13  189.6104    0.1238  193.4865   94.3661     6866.0078     6861.5944     6870.4213  41.866028  87.921209  -0.000403  -0.000501
1 46527U 20061BD  22357.63392716  .00034332  00000-0  13300-2 0  9993 | 2 46527  97.3800  65.7024 0006421 163.0683 197.0771 15.26062159123675 | 2022/12/23-15:12:51  254.5116    0.1238  197.0555   94.3605     6865.7348     6861.3263     6870.1433  40.069551  88.754130  -0.000423  -0.000483
1 46527U 20061BD  22358.74860053  .00024642  00000-0  95501-3 0  9997 | 2 46527  97.3794  66.8029 0006420 160.1278 200.0212 15.26118401123847 | 2022/12/24-17:57:59  295.7886    0.1238  199.9960   94.3570     6865.5661     6861.1584     6869.9738  38.357296  89.506789  -0.000438  -0.000469
1 46527U 20061BD  22360.45333120  .00023991  00000-0  92774-3 0  9993 | 2 46527  97.3784  68.4852 0006620 153.5420 206.6158 15.26196345124109 | 2022/12/26-10:52:47  189.4808    0.1238  206.5818   94.3522     6865.3324     6860.7875     6869.8772  35.712705  90.593352  -0.000492  -0.000443
1 46527U 20061BD  22362.42014614  .00038302  00000-0  14688-2 0  9995 | 2 46527  97.3781  70.4274 0006619 147.4518 212.7130 15.26374727124408 | 2022/12/28-10:05:00  177.5236    0.1238  212.6720   94.3412     6864.7975     6860.2537     6869.3413  32.621763  91.751376  -0.000522  -0.000406
1 46527U 20061BD  22363.46903299  .00032544  00000-0  12468-2 0  9992 | 2 46527  97.3783  71.4633 0006646 143.7786 216.3904 15.26442624124564 | 2022/12/29-11:15:24  195.1165    0.1238  216.3452   94.3370     6864.5939     6860.0317     6869.1561  30.957733  92.326335  -0.000543  -0.000383
1 46527U 20061BD  22364.91117451  .00046121  00000-0  17570-2 0  9995 | 2 46527  97.3785  72.8880 0006685 138.7773 221.3971 15.26548469124786 | 2022/12/30-21:52:05  354.2788    0.1238  221.3465   94.3304     6864.2766     6859.6878     6868.8654  28.652698  93.067691  -0.000569  -0.000351
1 46527U 20061BD  23001.15663990  .00016675  00000-0  63957-3 0  9996 | 2 46527  97.3786  74.1185 0006747 135.9307 224.2471 15.26543797124978 | 2023/01/01-03:45:33   82.6401    0.1239  224.1932   94.3307     6864.2906     6859.6593     6868.9220  26.647525  93.661631  -0.000584  -0.000338
1 46527U 20061BD  23002.46762096  .00012697  00000-0  48747-3 0  9998 | 2 46527  97.3787  75.4133 0006812 131.6735 228.5088 15.26573743125175 | 2023/01/02-11:13:22  194.5861    0.1239  228.4504   94.3289     6864.2008     6859.5250     6868.8767  24.524311  94.239956  -0.000606  -0.000310
1 46527U 20061BD  23004.43404538  .00012757  00000-0  48908-3 0  9997 | 2 46527  97.3785  77.3561 0006916 125.8006 234.3877 15.26617297125477 | 2023/01/04-10:25:01  182.4883    0.1239  234.3233   94.3262     6864.0703     6859.3231     6868.8175  21.315270  95.017007  -0.000636  -0.000272
1 46527U 20061BD  23006.46594520  .00014595  00000-0  55799-3 0  9991 | 2 46527  97.3782  79.3635 0006953 119.8574 240.3357 15.26678215125783 | 2023/01/06-11:10:57  193.9628    0.1239  240.2665   94.3224     6863.8877     6859.1152     6868.6602  17.973823  95.705044  -0.000657  -0.000229
1 46527U 20061BD  23007.64572163  .00013676  00000-0  52257-3 0  9996 | 2 46527  97.3777  80.5290 0007011 116.4345 243.7614 15.26711426125968 | 2023/01/07-15:29:50  258.6768    0.1239  243.6894   94.3204     6863.7882     6858.9760     6868.6004  16.023343  96.050346  -0.000671  -0.000205
1 46527U 20061BD  23009.15317924  .00014677  00000-0  55985-3 0  9999 | 2 46527  97.3771  82.0181 0007034 112.0998 248.0988 15.26751967126191 | 2023/01/09-03:40:34   81.3556    0.1238  248.0240   94.3179     6863.6666     6858.8387     6868.4945  13.521810  96.433709  -0.000682  -0.000172
1 46527U 20061BD  23010.46397837  .00013851  00000-0  52802-3 0  9994 | 2 46527  97.3767  83.3129 0007078 108.1897 252.0112 15.26787323126395 | 2023/01/10-11:08:07  193.2382    0.1238  251.9341   94.3157     6863.5607     6858.7027     6868.4187  11.339237  96.714236  -0.000694  -0.000141
1 46527U 20061BD  23012.43011209  .00016614  00000-0  63130-3 0  9995 | 2 46527  97.3758  85.2551 0007103 102.6138 257.5895 15.26851845126693 | 2023/01/12-10:19:21  181.0396    0.1238  257.5100   94.3117     6863.3673     6858.4923     6868.2424   8.054878  97.042080  -0.000704  -0.000097
1 46527U 20061BD  23013.47868202  .00017918  00000-0  67977-3 0  9994 | 2 46527  97.3759  86.2912 0007079  99.4896 260.7143 15.26888943126851 | 2023/01/13-11:29:18  198.5216    0.1239  260.6343   94.3094     6863.2561     6858.3977     6868.1146   6.298816  97.171965  -0.000704  -0.000071
1 46527U 20061BD  23014.98591818  .00083262  00000-0  31064-2 0  9999 | 2 46527  97.3764  87.7805 0006943  94.8328 265.3704 15.27051867127080 | 2023/01/14-23:39:43   21.1236    0.1239  265.2911   94.2994     6862.7680     6858.0032     6867.5328   3.771183  97.303348  -0.000694  -0.000032
1 46527U 20061BD  23016.09981922  .00091254  00000-0  33803-2 0  9995 | 2 46527  97.3761  88.8816 0006879  90.8815 269.3212 15.27251672127259 | 2023/01/16-02:23:44   62.1253    0.1239  269.2424   94.2870     6862.1694     6857.4489     6866.8899   1.900638  97.357549  -0.000688   0.000003
1 46527U 20061BD  23017.14811747  .00048883  00000-0  18196-2 0  9997 | 2 46527  97.3763  89.9180 0006861  87.5848 272.6177 15.27299990127417 | 2023/01/17-03:33:17   79.5098    0.1240  272.5392   94.2840     6862.0247     6857.3166     6866.7327   0.139362  97.376200  -0.000685   0.000030
1 46527U 20061BD  23018.45838811  .00062666  00000-0  23158-2 0  9992 | 2 46527  97.3764  91.2137 0006982  82.4584 277.7448 15.27467420127615 | 2023/01/18-11:00:04  191.2022    0.1239  277.6655   94.2737     6861.5232     6856.7325     6866.3139  -2.062576  97.354553  -0.000694   0.000077
1 46527U 20061BD  23019.96499040  .00075667  00000-0  27711-2 0  9990 | 2 46527  97.3759  92.7041 0006800  76.8111 283.3887 15.27703402127849 | 2023/01/19-23:09:35   13.5771    0.1240  283.3129   94.2591     6860.8166     6856.1513     6865.4820  -4.593993  97.267472  -0.000669   0.000124
1 46527U 20061BD  23021.14392383  .00076564  00000-0  27890-2 0  9990 | 2 46527  97.3755  93.8702 0006822  72.9217 287.2769 15.27875192128028 | 2023/01/21-03:27:15   77.9902    0.1239  287.2022   94.2485     6860.3023     6855.6222     6864.9824  -6.572494  97.153437  -0.000664   0.000156
1 46527U 20061BD  23022.45368813  .00076544  00000-0  27714-2 0  9999 | 2 46527  97.3746  95.1666 0006973  68.2163 291.9818 15.28074261128225 | 2023/01/22-10:53:18  189.5004    0.1240  291.9077   94.2363     6859.7065     6854.9232     6864.4898  -8.768780  96.978973  -0.000668   0.000199
1 46527U 20061BD  23024.74540105  .00050654  00000-0  18266-2 0  9995 | 2 46527  97.3737  97.4347 0006708  59.2907 300.8993 15.28338033128570 | 2023/01/24-17:53:22  294.5159    0.1240  300.8333   94.2200     6858.9172     6854.3162     6863.5182 -12.599783  96.555077  -0.000616   0.000265
1 46527U 20061BD  23026.12028426  .00058401  00000-0  20953-2 0  9990 | 2 46527  97.3741  98.7967 0006861  56.6890 303.5006 15.28463962128787 | 2023/01/26-02:53:12   69.4674    0.1240  303.4350   94.2122     6858.5405     6853.8348     6863.2461 -14.891316  96.228707  -0.000624   0.000285
1 46527U 20061BD  23027.16775242  .00027233  00000-0  98140-3 0  9993 | 2 46527  97.3735  99.8322 0006743  51.1205 309.0636 15.28501601128947 | 2023/01/27-04:01:33   86.5584    0.1241  309.0036   94.2099     6858.4279     6853.8032     6863.0525 -16.627817  95.943286  -0.000589   0.000327
1 46527U 20061BD  23028.73891464  .00013503  00000-0  48832-3 0  9990 | 2 46527  97.3732 101.3886 0006587  46.5835 313.5952 15.28537621129180 | 2023/01/28-17:44:02  292.1744    0.1240  313.5405   94.2077     6858.3201     6853.8026     6862.8377 -19.227535  95.455969  -0.000558   0.000349
1 46527U 20061BD  23030.17910726  .00010758  00000-0  38931-3 0  9992 | 2 46527  97.3732 102.8148 0006442  42.7667 317.4073 15.28573374129405 | 2023/01/30-04:17:54   90.6417    0.1240  317.3573   94.2055     6858.2132     6853.7951     6862.6312 -21.597413  94.947837  -0.000531   0.000364
1 46527U 20061BD  23032.14295627  .00013505  00000-0  48715-3 0  9991 | 2 46527  97.3733 104.7599 0006287  36.6381 323.5287 15.28621876129708 | 2023/02/01-03:25:51   77.6251    0.1239  323.4858   94.2025     6858.0681     6853.7564     6862.3798 -24.807702  94.160169  -0.000491   0.000392
1 46527U 20061BD  23033.19031479  .00014758  00000-0  53155-3 0  9995 | 2 46527  97.3734 105.7971 0006222  33.4928 326.6705 15.28652448129860 | 2023/02/02-04:34:03   94.6728    0.1241  326.6313   94.2006     6857.9767     6853.7096     6862.2437 -26.508111  93.695779  -0.000472   0.000406
1 46527U 20061BD  23034.49948600  .00012694  00000-0  45727-3 0  9995 | 2 46527  97.3730 107.0935 0006112  29.2672 330.8909 15.28684514130064 | 2023/02/03-11:59:15  205.9737    0.1240  330.8568   94.1986     6857.8808     6853.6892     6862.0723 -28.621030  93.071681  -0.000442   0.000422
1 46527U 20061BD  23035.74316981  .00014406  00000-0  51784-3 0  9998 | 2 46527  97.3731 108.3255 0006173  23.6960 336.4563 15.28721952130256 | 2023/02/04-17:50:09  293.6995    0.1240  336.4280   94.1963     6857.7688     6853.5355     6862.0021 -30.615561  92.434885  -0.000413   0.000459
1 46527U 20061BD  23036.79045946  .00012829  00000-0  46117-3 0  9995 | 2 46527  97.3723 109.3622 0005951  21.5025 338.6464 15.28750464130410 | 2023/02/05-18:58:15  310.7227    0.1241  338.6216   94.1946     6857.6835     6853.6025     6861.7645 -32.282694  91.865078  -0.000389   0.000450
1 46527U 20061BD  23038.16499270  .00018223  00000-0  65253-3 0  9997 | 2 46527  97.3716 110.7235 0005826  16.5842 343.5588 15.28800307130627 | 2023/02/07-03:57:35   85.5541    0.1241  343.5399   94.1915     6857.5345     6853.5393     6861.5297 -34.455767  91.071558  -0.000353   0.000463
1 46527U 20061BD  23039.73582328  .00023510  00000-0  83854-3 0  9990 | 2 46527  97.3713 112.2793 0005745  11.1974 348.9393 15.28876295130865 | 2023/02/08-17:39:35  291.0519    0.1241  348.9267   94.1868     6857.3073     6853.3677     6861.2468 -36.915590  90.102216  -0.000317   0.000479
1 46527U 20061BD  23040.91389415  .00025507  00000-0  90770-3 0  9997 | 2 46527  97.3707 113.4457 0005612   7.0305 353.1013 15.28934351131049 | 2023/02/09-21:56:00  355.1570    0.1241  353.0936   94.1832     6857.1337     6853.2855     6860.9819 -38.741833  89.331538  -0.000285   0.000484
1 46527U 20061BD  23042.15736169  .00029996  00000-0  10641-2 0  9991 | 2 46527  97.3703 114.6775 0005527   2.0331 358.0931 15.29005078131230 | 2023/02/11-03:46:36   82.8048    0.1241  358.0910   94.1789     6856.9222     6853.1324     6860.7120 -40.653100  88.477685  -0.000248   0.000494
1 46527U 20061BD  23043.92425756  .00106635  00000-0  37112-2 0  9992 | 2 46527  97.3705 116.4289 0005445 356.2727   3.8472 15.29240152131503 | 2023/02/12-22:10:55  358.8837    0.1241    3.8514   94.1644     6856.2195     6852.4863     6859.9527 -43.338336  87.194053  -0.000210   0.000502
1 46527U 20061BD  23045.16743190  .00092468  00000-0  32042-2 0  9990 | 2 46527  97.3701 117.6606 0005494 349.4267  10.6857 15.29446940131698 | 2023/02/14-04:01:06   86.4276    0.1241   10.6974   94.1517     6855.6015     6851.8350     6859.3680 -45.202422  86.241970  -0.000161   0.000525
1 46527U 20061BD  23046.47584164  .00098842  00000-0  33979-2 0  9991 | 2 46527  97.3702 118.9579 0005522 345.6053  14.5029 15.29677424131894 | 2023/02/15-11:25:12  197.4516    0.1241   14.5188   94.1375     6854.9128     6851.1275     6858.6981 -47.143421  85.196559  -0.000139   0.000534
1 46527U 20061BD  23048.43801382  .00075972  00000-0  25868-2 0  9990 | 2 46527  97.3699 120.9041 0005500 338.1893  21.9113 15.30095520132194 | 2023/02/17-10:30:44  183.8290    0.1241   21.9348   94.1118     6853.6640     6849.8945     6857.4336 -50.009439  83.546116  -0.000087   0.000543
1 46527U 20061BD  23050.46515156  .00071126  00000-0  24030-2 0  9994 | 2 46527  97.3697 122.9159 0005570 330.5530  29.5396 15.30371332132505 | 2023/02/19-11:09:49  193.5929    0.1241   29.5711   94.0948     6852.8406     6849.0235     6856.6576 -52.911418  81.738854  -0.000034   0.000556
1 46527U 20061BD  23052.16506643  .00065119  00000-0  21874-2 0  9992 | 2 46527  97.3682 124.6024 0005512 322.4183  37.6672 15.30587950132769 | 2023/02/21-03:57:41   85.5583    0.1241   37.7058   94.0815     6852.1940     6848.4170     6855.9709 -55.293280  80.144991   0.000029   0.000550
1 46527U 20061BD  23053.66862812  .00048981  00000-0  16409-2 0  9997 | 2 46527  97.3675 126.0959 0005624 316.8812  43.1988 15.30755864132992 | 2023/02/22-16:02:49  266.8345    0.1241   43.2429   94.0712     6851.6929     6847.8395     6855.5463 -57.362947  78.676060   0.000069   0.000558
1 46527U 20061BD  23054.91063405  .00032836  00000-0  11015-2 0  9997 | 2 46527  97.3677 127.3286 0005508 310.3769  49.6991 15.30806287133185 | 2023/02/23-21:51:18  353.9521    0.1242   49.7473   94.0681     6851.5424     6847.7686     6855.3162 -59.042351  77.423961   0.000117   0.000538
1 46527U 20061BD  23056.41406840  .00016981  00000-0  57137-3 0  9997 | 2 46527  97.3670 128.8214 0005365 304.9464  55.1273 15.30845979133419 | 2023/02/25-09:56:15  175.1799    0.1242   55.1778   94.0656     6851.4240     6847.7482     6855.0998 -61.038871  75.859007   0.000150   0.000515
1 46527U 20061BD  23057.65599400  .00020908  00000-0  70145-3 0  9997 | 2 46527  97.3669 130.0547 0005318 299.5417  60.5293 15.30896315133609 | 2023/02/26-15:44:37  262.2666    0.1241   60.5824   94.0625     6851.2738     6847.6303     6854.9173 -62.657417  74.527588   0.000185   0.000498
1 46527U 20061BD  23058.96322995  .00032003  00000-0  10682-2 0  9993 | 2 46527  97.3669 131.3531 0005314 293.5815  66.4868 15.30975079133808 | 2023/02/27-23:07:03   12.8643    0.1242   66.5427   94.0577     6851.0388     6847.3982     6854.6794 -64.330080  73.088672   0.000225   0.000481
1 46527U 20061BD  23060.13968388  .00021122  00000-0  70552-3 0  9990 | 2 46527  97.3670 132.5217 0005299 288.8243  71.2423 15.31036825133986 | 2023/03/01-03:21:08   76.3804    0.1241   71.2998   94.0539     6850.8546     6847.2243     6854.4849 -65.807375  71.761564   0.000254   0.000465
1 46527U 20061BD  23061.44680566  .00019390  00000-0  64690-3 0  9994 | 2 46527  97.3668 133.8197 0005270 282.1612  77.9039 15.31093551134188 | 2023/03/02-10:43:24  186.9361    0.1242   77.9630   94.0504     6850.6854     6847.0751     6854.2957 -67.415925  70.252308   0.000295   0.000437
1 46527U 20061BD  23062.62317158  .00027265  00000-0  90586-3 0  9992 | 2 46527  97.3669 134.9881 0005316 276.7046  83.3590 15.31157348134360 | 2023/03/03-14:57:22  250.4204    0.1241   83.4195   94.0465     6850.4951     6846.8534     6854.1368 -68.834494  68.863093   0.000330   0.000417
1 46527U 20061BD  23063.66878546  .00031474  00000-0  10426-2 0  9991 | 2 46527  97.3668 136.0265 0005340 272.4783  87.5847 15.31223912134526 | 2023/03/04-16:03:03  266.8342    0.1241   87.6458   94.0424     6850.2966     6846.6385     6853.9546 -70.071090  67.604261   0.000354   0.000400
1 46527U 20061BD  23064.71435607  .00029729  00000-0  98327-3 0  9992 | 2 46527  97.3666 137.0655 0005380 268.8250  91.2375 15.31285936134689 | 2023/03/05-17:08:40  283.2317    0.1241   91.2991   94.0386     6850.1116     6846.4262     6853.7969 -71.285289  66.322412   0.000374   0.000386
1 46527U 20061BD  23066.15194030  .00033196  00000-0  10939-2 0  9999 | 2 46527  97.3659 138.4934 0005451 262.2016  97.8607 15.31380951134901 | 2023/03/07-03:38:47   80.7513    0.1242   97.9226   94.0328     6849.8282     6846.0944     6853.5621 -72.915316  64.524997   0.000413   0.000355
1 46527U 20061BD  23067.19740011  .00030372  00000-0  99928-3 0  9999 | 2 46527  97.3654 139.5319 0005448 257.7372 102.3260 15.31449581135065 | 2023/03/08-04:44:15   97.1078    0.1242  102.3870   94.0286     6849.6236     6845.8919     6853.3553 -74.072426  63.192538   0.000434   0.000330
1 46527U 20061BD  23068.43881326  .00052309  00000-0  17079-2 0  9992 | 2 46527  97.3652 140.7653 0005589 252.8503 107.2127 15.31569280135252 | 2023/03/09-10:31:53  184.0070    0.1242  107.2739   94.0212     6849.2667     6845.4386     6853.0947 -75.415342  61.583344   0.000465   0.000309
1 46527U 20061BD  23070.13722192  .00097149  00000-0  31056-2 0  9999 | 2 46527  97.3642 142.4536 0005564 248.8619 111.2028 15.32037630135510 | 2023/03/11-03:17:35   75.4181    0.1241  111.2622   93.9925     6847.8707     6844.0606     6851.6809 -77.196188  59.334105   0.000475   0.000289
1 46527U 20061BD  23071.18217608  .00114832  00000-0  36348-2 0  9994 | 2 46527  97.3637 143.4934 0005603 246.1922 113.8732 15.32275649135670 | 2023/03/12-04:22:20   91.5911    0.1241  113.9319   93.9779     6847.1616     6843.3251     6850.9980 -78.259806  57.923163   0.000487   0.000277
1 46527U 20061BD  23072.42286143  .00090558  00000-0  28541-2 0  9996 | 2 46527  97.3629 144.7275 0005756 242.2838 117.7820 15.32521839135862 | 2023/03/13-10:08:55  178.2262    0.1241  117.8403   93.9628     6846.4282     6842.4874     6850.3690 -79.488517  56.223749   0.000513   0.000261
1 46527U 20061BD  23073.46750080  .00102611  00000-0  32086-2 0  9990 | 2 46527  97.3634 145.7678 0005798 239.6213 120.4456 15.32719813136025 | 2023/03/14-11:13:12  194.2846    0.1242  120.5029   93.9506     6845.8387     6841.8695     6849.8079 -80.496608  54.771596   0.000524   0.000249
1 46527U 20061BD  23075.16470274  .00124054  00000-0  38183-2 0  9992 | 2 46527  97.3631 147.4572 0005931 235.5926 124.4756 15.33129619136284 | 2023/03/16-03:57:10   85.2594    0.1242  124.5316   93.9255     6844.6187     6840.5591     6848.6782 -82.076105  52.374481   0.000546   0.000232
1 46527U 20061BD  23076.46996959  .00079507  00000-0  24454-2 0  9997 | 2 46527  97.3634 148.7578 0005860 231.5782 128.4935 15.33351455136484 | 2023/03/17-11:16:45  195.1379    0.1242  128.5460   93.9119     6843.9585     6839.9480     6847.9691 -83.244002  50.498196   0.000549   0.000204
1 46527U 20061BD  23077.70980310  .00079847  00000-0  24399-2 0  9994 | 2 46527  97.3633 149.9933 0005996 228.4317 131.6412 15.33556597136671 | 2023/03/18-17:02:06  281.4633    0.1242  131.6925   93.8994     6843.3482     6839.2449     6847.4514 -84.313398  48.691510   0.000569   0.000190
1 46527U 20061BD  23078.75374343  .00082149  00000-0  24955-2 0  9990 | 2 46527  97.3630 151.0336 0006044 225.3164 134.7587 15.33733376136837 | 2023/03/19-18:05:23  297.2683    0.1243  134.8079   93.8885     6842.8223     6838.6865     6846.9581 -85.183265  47.152573   0.000580   0.000170
1 46527U 20061BD  23080.18901257  .00052476  00000-0  15947-2 0  9991 | 2 46527  97.3624 152.4639 0006180 219.1796 140.9000 15.33861011137056 | 2023/03/21-04:32:10   93.9451    0.1242  140.9446   93.8807     6842.4427     6838.2141     6846.6713 -86.333161  45.011358   0.000605   0.000125
1 46527U 20061BD  23081.68944313  .00027849  00000-0  84834-3 0  9995 | 2 46527  97.3620 153.9598 0006261 214.7533 145.3301 15.33928728137289 | 2023/03/22-16:32:47  274.0793    0.1242  145.3709   93.8766     6842.2413     6837.9574     6846.5252 -87.478419  42.742079   0.000619   0.000095
1 46527U 20061BD  23082.73317306  .00028455  00000-0  86505-3 0  9999 | 2 46527  97.3617 155.0004 0006313 210.6845 149.4030 15.33987413137447 | 2023/03/23-17:35:46  289.8061    0.1243  149.4398   93.8730     6842.0668     6837.7474     6846.3862 -88.239954  41.146216   0.000628   0.000063
1 46527U 20061BD  23083.77684558  .00043512  00000-0  13147-2 0  9992 | 2 46527  97.3610 156.0407 0006357 206.7001 153.3916 15.34089506137608 | 2023/03/24-18:38:39  305.5124    0.1243  153.4242   93.8668     6841.7632     6837.4139     6846.1126 -88.971807  39.537095   0.000635   0.000030
1 46527U 20061BD  23085.21181321  .00029365  00000-0  88729-3 0  9992 | 2 46527  97.3604 157.4718 0006529 201.8209 158.2757 15.34173047137823 | 2023/03/26-05:05:00  102.0791    0.1243  158.3034   93.8616     6841.5149     6837.0481     6845.9817 -89.930932  37.302479   0.000653  -0.000008
1 46527U 20061BD  23086.71192916  .00024192  00000-0  73014-3 0  9994 | 2 46527  97.3605 158.9679 0006658 196.5468 163.5559 15.34247701138050 | 2023/03/27-17:05:10  282.0973    0.1243  163.5775   93.8571     6841.2929     6836.7380     6845.8479 -90.874295  34.941801   0.000664  -0.000052
1 46527U 20061BD  23088.14674825  .00030651  00000-0  92124-3 0  9997 | 2 46527  97.3606 160.3993 0006705 191.9638 168.1447 15.34331802138275 | 2023/03/29-03:31:19   78.6092    0.1243  168.1605   93.8519     6841.0429     6836.4560     6845.6299 -91.718880  32.660887   0.000665  -0.000089
1 46527U 20061BD  23089.45105843  .00032074  00000-0  96117-3 0  9998 | 2 46527  97.3605 161.6999 0006835 187.7356 172.3783 15.34414580138475 | 2023/03/30-10:49:31  188.1404    0.1243  172.3887   93.8469     6840.7969     6836.1212     6845.4726 -92.436486  30.570624   0.000672  -0.000125
1 46527U 20061BD  23091.14655171  .00033498  00000-0  99987-3 0  9990 | 2 46527  97.3606 163.3914 0006921 182.3770 177.7442 15.34530428138739 | 2023/04/01-03:31:02   78.4903    0.1243  177.7473   93.8398     6840.4526     6835.7183     6845.1869 -93.298685  27.828795   0.000671  -0.000170
1 46527U 20061BD  23092.18981331  .00033277  00000-0  98755-3 0  9992 | 2 46527  97.3603 164.4292 0006889 183.4192 176.7005 15.34714906138896 | 2023/04/02-04:33:19   94.0565    0.1242  176.7050   93.8285     6839.9044     6835.1924     6844.6164 -93.787128  26.134320   0.000673  -0.000145
1 46527U 20061BD  23093.42859207  .00033454  00000-0  99000-3 0  9997 | 2 46527  97.3598 165.6671 0007029 176.2975 183.8322 15.34801627139089 | 2023/04/03-10:17:10  179.9900    0.1243  183.8268   93.8232     6839.6468     6834.8392     6844.4544 -94.329354  24.101944   0.000668  -0.000218
1 46527U 20061BD  23096.16654726  .00080500  00000-0  23332-2 0  9998 | 2 46527  97.3592 168.4007 0006939 168.6457 191.4944 15.35221213139506 | 2023/04/06-03:59:49   85.6085    0.1243  191.4786   93.7976     6838.4005     6833.6553     6843.1457 -95.370902  19.575620   0.000639  -0.000271
1 46527U 20061BD  23097.66557154  .00065265  00000-0  18849-2 0  9999 | 2 46527  97.3587 169.8984 0006811 163.6156 196.5309 15.35404154139732 | 2023/04/07-15:58:25  265.2306    0.1243  196.5087   93.7864     6837.8573     6833.2000     6842.5146 -95.849473  17.076153   0.000610  -0.000304
1 46527U 20061BD  23098.70829025  .00056998  00000-0  16424-2 0  9994 | 2 46527  97.3585 170.9397 0006965 158.5630 201.5907 15.35513742139893 | 2023/04/08-16:59:56  280.5886    0.1244  201.5614   93.7797     6837.5320     6832.7696     6842.2943 -96.143773  15.331418   0.000600  -0.000353
1 46527U 20061BD  23100.14185399  .00078404  00000-0  22357-2 0  9993 | 2 46527  97.3576 172.3717 0006884 156.3572 203.7989 15.35743530140117 | 2023/04/10-03:24:16   76.6502    0.1243  203.7671   93.7657     6836.8499     6832.1434     6841.5564 -96.495994  12.923828   0.000588  -0.000357
1 46527U 20061BD  23101.18435986  .00048489  00000-0  13860-2 0  9997 | 2 46527  97.3575 173.4127 0006756 153.8891 206.2695 15.35810925140279 | 2023/04/11-04:25:28   91.9363    0.1244  206.2353   93.7615     6836.6499     6832.0310     6841.2687 -96.714767  11.168556   0.000569  -0.000365
1 46527U 20061BD  23102.61764685  .00058534  00000-0  16584-2 0  9995 | 2 46527  97.3567 174.8451 0006631 149.7230 210.4398 15.36038731140497 | 2023/04/12-14:49:24  247.8957    0.1243  210.4013   93.7476     6835.9739     6831.4410     6840.5069 -96.962934   8.747368   0.000540  -0.000384
1 46527U 20061BD  23104.18097243  .00089910  00000-0  25128-2 0  9994 | 2 46527  97.3570 176.4090 0006555 144.9584 215.2093 15.36323922140733 | 2023/04/14-04:20:36   90.6650    0.1244  215.1660   93.7302     6835.1279     6830.6475     6839.6083 -97.165847   6.097834   0.000512  -0.000409
1 46527U 20061BD  23105.74412534  .00057977  00000-0  16229-2 0  9991 | 2 46527  97.3570 177.9719 0006575 138.5941 221.5803 15.36419456140978 | 2023/04/15-17:51:32  293.3712    0.1244  221.5303   93.7244     6834.8446     6830.3507     6839.3385 -97.296015   3.445428   0.000477  -0.000452
1 46527U 20061BD  23106.78612885  .00064062  00000-0  17816-2 0  9993 | 2 46527  97.3572 179.0144 0006519 136.7927 223.3830 15.36594482141139 | 2023/04/16-18:52:01  308.4757    0.1244  223.3317   93.7137     6834.3255     6829.8702     6838.7808 -97.342796   1.674653   0.000467  -0.000454
1 46527U 20061BD  23108.15359632  .00061190  00000-0  16943-2 0  9993 | 2 46527  97.3575 180.3820 0006409 134.2744 225.9027 15.36745085141342 | 2023/04/18-03:41:10   80.7429    0.1244  225.8500   93.7045     6833.8790     6829.4992     6838.2589 -97.355336  -0.649093   0.000450  -0.000456
1 46527U 20061BD  23109.19541958  .00038372  00000-0  10644-2 0  9990 | 2 46527  97.3577 181.4251 0006214 130.8838 229.2945 15.36806596141503 | 2023/04/19-04:41:24   95.7818    0.1243  229.2405   93.7008     6833.6967     6829.4502     6837.9431 -97.327586  -2.421298   0.000418  -0.000460
1 46527U 20061BD  23110.49763177  .00029298  00000-0  81209-3 0  9997 | 2 46527  97.3571 182.7281 0006350 127.5075 232.6748 15.36885957141700 | 2023/04/20-11:56:35  204.5547    0.1245  232.6170   93.6960     6833.4614     6829.1222     6837.8007 -97.246761  -4.633841   0.000410  -0.000485
1 46527U 20061BD  23111.92999042  .00030007  00000-0  82944-3 0  9995 | 2 46527  97.3566 184.1618 0006357 123.6337 236.5515 15.36967114141924 | 2023/04/21-22:19:11    0.1790    0.1244  236.4907   93.6910     6833.2209     6828.8770     6837.5647 -97.099879  -7.065485   0.000390  -0.000502
1 46527U 20061BD  23113.10186180  .00029031  00000-0  80087-3 0  9999 | 2 46527  97.3560 185.3350 0006280 120.5073 239.6792 15.37036181142106 | 2023/04/23-02:26:40   62.0333    0.1244  239.6171   93.6868     6833.0162     6828.7250     6837.3073 -96.934262  -9.052046   0.000368  -0.000509
1 46527U 20061BD  23115.18477954  .00076841  00000-0  20675-2 0  9998 | 2 46527  97.3555 187.4201 0006069 112.8702 247.3184 15.37567076142424 | 2023/04/25-04:26:04   91.8495    0.1245  247.2543   93.6545     6831.4432     6827.2972     6835.5892 -96.540237 -12.572828   0.000306  -0.000524
1 46527U 20061BD  23116.94189884  .00049445  00000-0  13310-2 0  9993 | 2 46527  97.3558 189.1803 0005900 109.2499 250.9384 15.37682319142699 | 2023/04/26-22:36:20    4.3844    0.1244  250.8745   93.6474     6831.1019     6827.0715     6835.1322 -96.108787 -15.532317   0.000281  -0.000519
1 46527U 20061BD  23118.43845963  .00066337  00000-0  17648-2 0  9993 | 2 46527  97.3545 190.6806 0006171 103.8484 256.3448 15.37964501142923 | 2023/04/28-10:31:22  183.1162    0.1245  256.2761   93.6302     6830.2663     6826.0513     6834.4812 -95.667892 -18.043089   0.000256  -0.000561
1 46527U 20061BD  23119.73963298  .00085073  00000-0  22415-2 0  9995 | 2 46527  97.3555 191.9844 0005658 100.4987 259.6896 15.38182001143124 | 2023/04/29-17:45:04  291.5222    0.1245  259.6258   93.6170     6829.6224     6825.7582     6833.4866 -95.233556 -20.215418   0.000216  -0.000523
1 46527U 20061BD  23120.78046095  .00056477  00000-0  14896-2 0  9999 | 2 46527  97.3554 193.0283 0005414  96.4457 263.7405 15.38280973143285 | 2023/04/30-18:43:51  306.2044    0.1245  263.6788   93.6110     6829.3294     6825.6320     6833.0268 -94.849359 -21.947051   0.000180  -0.000510
1 46527U 20061BD  23122.14649465  .00031773  00000-0  84011-3 0  9990 | 2 46527  97.3558 194.3975 0005511  93.4071 266.7804 15.38337277143497 | 2023/05/02-03:30:57   77.9524    0.1245  266.7174   93.6076     6829.1628     6825.3992     6832.9263 -94.298245 -24.207288   0.000169  -0.000525
1 46527U 20061BD  23123.44735329  .00035248  00000-0  92620-3 0  9995 | 2 46527  97.3547 195.7010 0005210  88.2666 271.9176 15.38509067143698 | 2023/05/03-10:44:11  186.2435    0.1245  271.8579   93.5971     6828.6544     6825.0967     6832.2121 -93.722106 -26.345861   0.000126  -0.000506
1 46527U 20061BD  23124.74811239  .00059503  00000-0  15505-2 0  9990 | 2 46527  97.3563 197.0054 0005250  84.2839 275.9005 15.38640981143899 | 2023/05/04-17:57:16  294.4943    0.1246  275.8407   93.5891     6828.2641     6824.6793     6831.8490 -93.099610 -28.473002   0.000103  -0.000515
1 46527U 20061BD  23125.78861993  .00040090  00000-0  10443-2 0  9994 | 2 46527  97.3552 198.0506 0005123  82.8793 277.3034 15.38749833144055 | 2023/05/05-18:55:36  309.0591    0.1245  277.2452   93.5825     6827.9421     6824.4441     6831.4400 -92.563693 -30.166169   0.000097  -0.000503
1 46527U 20061BD  23127.15422313  .00031314  00000-0  81508-3 0  9996 | 2 46527  97.3547 199.4209 0004926  78.0644 282.1154 15.38826716144262 | 2023/05/07-03:42:04   80.6548    0.1246  282.0602   93.5778     6827.7147     6824.3513     6831.0780 -91.815357 -32.370941   0.000064  -0.000488
1 46527U 20061BD  23128.19463104  .00031793  00000-0  82572-3 0  9997 | 2 46527  97.3544 200.4649 0004878  75.2194 284.9591 15.38891544144429 | 2023/05/08-04:40:16   95.1844    0.1245  284.9051   93.5738     6827.5229     6824.1924     6830.8534 -91.210028 -34.038360   0.000048  -0.000485
1 46527U 20061BD  23130.21029946  .00035498  00000-0  91751-3 0  9990 | 2 46527  97.3538 202.4883 0004667  68.8650 291.3094 15.39018091144738 | 2023/05/10-05:02:49  100.7925    0.1246  291.2596   93.5662     6827.1486     6823.9624     6830.3349 -89.950789 -37.237319   0.000011  -0.000467
1 46527U 20061BD  23131.44562394  .00030782  00000-0  79432-3 0  9998 | 2 46527  97.3538 203.7282 0004596  65.0076 295.1646 15.39097657144928 | 2023/05/11-10:41:41  185.4892    0.1245  295.1169   93.5613     6826.9133     6823.7757     6830.0510 -89.123963 -39.175013  -0.000010  -0.000459
1 46527U 20061BD  23132.74589822  .00033134  00000-0  85236-3 0  9990 | 2 46527  97.3542 205.0334 0004454  59.1856 300.9828 15.39179158145126 | 2023/05/12-17:54:05  293.5682    0.1246  300.9390   93.5564     6826.6723     6823.6317     6829.7129 -88.208870 -41.195090  -0.000045  -0.000443
1 46527U 20061BD  23133.91608400  .00027577  00000-0  70864-3 0  9999 | 2 46527  97.3541 206.2077 0004355  55.2682 304.8973 15.39250288145304 | 2023/05/13-21:59:09  354.8170    0.1246  304.8564   93.5520     6826.4620     6823.4891     6829.4350 -87.346004 -42.994144  -0.000065  -0.000431
1 46527U 20061BD  23135.47625259  .00024807  00000-0  63610-3 0  9997 | 2 46527  97.3546 207.7745 0004103  51.4936 308.6677 15.39337296145542 | 2023/05/15-11:25:48  196.4529    0.1246  308.6310   93.5467     6826.2048     6823.4040     6829.0056 -86.138226 -45.366553  -0.000076  -0.000403
1 46527U 20061BD  23137.10134111  .00022505  00000-0  57598-3 0  9992 | 2 46527  97.3547 209.4065 0003966  45.9912 314.1660 15.39415814145799 | 2023/05/17-02:25:55   61.4586    0.1246  314.1334   93.5420     6825.9727     6823.2655     6828.6799 -84.811337 -47.801410  -0.000100  -0.000384
1 46527U 20061BD  23138.14135623  .00020791  00000-0  53159-3 0  9990 | 2 46527  97.3546 210.4508 0003889  41.3964 318.7576 15.39461778145957 | 2023/05/18-03:23:33   75.8481    0.1246  318.7282   93.5392     6825.8368     6823.1822     6828.4914 -83.925961 -49.339145  -0.000121  -0.000370
1 46527U 20061BD  23139.44133403  .00019882  00000-0  50764-3 0  9996 | 2 46527  97.3542 211.7562 0003720  37.2433 322.9070 15.39514672146157 | 2023/05/19-10:35:31  183.8197    0.1246  322.8813   93.5360     6825.6805     6823.1413     6828.2196 -82.779817 -51.238094  -0.000133  -0.000347
1 46527U 20061BD  23140.74125942  .00034210  00000-0  86811-3 0  9994 | 2 46527  97.3539 213.0618 0003547  33.3161 326.8307 15.39594030146356 | 2023/05/20-17:47:24  291.7720    0.1246  326.8085   93.5311     6825.4459     6823.0249     6827.8669 -81.590612 -53.110770  -0.000142  -0.000325
1 46527U 20061BD  23142.17109551  .00034977  00000-0  88486-3 0  9991 | 2 46527  97.3533 214.4982 0003462  27.5163 332.6265 15.39683165146572 | 2023/05/22-04:06:22   86.4899    0.1246  332.6083   93.5257     6825.1825     6822.8196     6827.5454 -80.233136 -55.138996  -0.000162  -0.000306
1 46527U 20061BD  23143.92579477  .00024576  00000-0  62146-3 0  9992 | 2 46527  97.3530 216.2611 0003282  21.2073 338.9309 15.39769429146845 | 2023/05/23-22:13:08  358.1529    0.1247  338.9174   93.5205     6824.9276     6822.6876     6827.1675 -78.498648 -57.580977  -0.000176  -0.000277
1 46527U 20061BD  23145.74537942  .00024565  00000-0  61941-3 0  9995 | 2 46527  97.3531 218.0892 0003062  12.3866 347.7455 15.39857199147128 | 2023/05/25-17:53:20  293.1748    0.1246  347.7380   93.5152     6824.6682     6822.5785     6826.7579 -76.621886 -60.055913  -0.000195  -0.000236
1 46527U 20061BD  23147.17498537  .00019000  00000-0  47899-3 0  9994 | 2 46527  97.3529 219.5258 0002946   6.7647 353.3638 15.39915084147349 | 2023/05/27-04:11:58   87.8090    0.1246  353.3599   93.5116     6824.4972     6822.4867     6826.5077 -75.091999 -61.957879  -0.000204  -0.000213
1 46527U 20061BD  23148.40960325  .00022003  00000-0  55324-3 0  9999 | 2 46527  97.3531 220.7664 0002835   0.7451 359.3799 15.39966054147539 | 2023/05/28-09:49:49  172.2513    0.1246  359.3795   93.5086     6824.3466     6822.4119     6826.2813 -73.733107 -63.569293  -0.000212  -0.000188
1 46527U 20061BD  23149.44924670  .00021549  00000-0  54107-3 0  9999 | 2 46527  97.3532 221.8110 0002731 355.3559   4.7661 15.40014033147690 | 2023/05/29-10:46:54  186.5060    0.1246    4.7687   93.5056     6824.2049     6822.3412     6826.0686 -72.562015 -64.903001  -0.000218  -0.000165
1 46527U 20061BD  23150.48886003  .00021377  00000-0  53602-3 0  9990 | 2 46527  97.3534 222.8558 0002644 349.3592  10.7598 15.40056806147850 | 2023/05/30-11:43:57  200.7497    0.1247   10.7655   93.5030     6824.0785     6822.2742     6825.8828 -71.366644 -66.215456  -0.000224  -0.000141
1 46527U 20061BD  23151.72336544  .00020422  00000-0  51141-3 0  9994 | 2 46527  97.3535 224.0965 0002559 343.5360  16.5803 15.40105380148048 | 2023/05/31-17:21:38  285.1505    0.1247   16.5887   93.5001     6823.9350     6822.1888     6825.6813 -69.916247 -67.745276  -0.000227  -0.000119
1 46527U 20061BD  23153.08777226  .00020759  00000-0  51886-3 0  9990 | 2 46527  97.3536 225.4678 0002456 337.1153  22.9983 15.40161067148257 | 2023/06/02-02:06:23   56.3131    0.1246   23.0093   93.4967     6823.7705     6822.0946     6825.4465 -68.275053 -69.399140  -0.000227  -0.000094
1 46527U 20061BD  23154.12728725  .00020041  00000-0  50036-3 0  9996 | 2 46527  97.3536 226.5128 0002431 331.2146  28.8965 15.40202314148413 | 2023/06/03-03:03:17   70.5206    0.1246   28.9100   93.4942     6823.6487     6821.9899     6825.3075 -66.998018 -70.632776  -0.000232  -0.000074
1 46527U 20061BD  23155.42664632  .00018294  00000-0  45638-3 0  9995 | 2 46527  97.3534 227.8190 0002348 324.3762  35.7327 15.40245828148616 | 2023/06/04-10:14:22  178.2666    0.1246   35.7484   93.4916     6823.5202     6821.9180     6825.1223 -65.370364 -72.141528  -0.000230  -0.000050
1 46527U 20061BD  23156.72596453  .00018694  00000-0  46552-3 0  9994 | 2 46527  97.3529 229.1255 0002310 316.3077  43.7986 15.40296077148810 | 2023/06/05-17:25:23  285.9979    0.1246   43.8169   93.4885     6823.3718     6821.7956     6824.9480 -63.708161 -73.612888  -0.000230  -0.000022
1 46527U 20061BD  23157.76538675  .00020626  00000-0  51254-3 0  9994 | 2 46527  97.3526 230.1707 0002285 310.2150  49.8896 15.40340444148979 | 2023/06/06-18:22:09  300.1709    0.1246   49.9096   93.4858     6823.2408     6821.6816     6824.7999 -62.354584 -74.762521  -0.000228  -0.000002
1 46527U 20061BD  23158.93470360  .00020730  00000-0  51432-3 0  9994 | 2 46527  97.3524 231.3464 0002285 303.2355  56.8672 15.40387072149158 | 2023/06/07-22:25:58    1.1037    0.1246   56.8891   93.4830     6823.1031     6821.5440     6824.6621 -60.807325 -76.026042  -0.000227   0.000022
1 46527U 20061BD  23160.16894273  .00020164  00000-0  49954-3 0  9992 | 2 46527  97.3522 232.5875 0002279 295.9257  64.1754 15.40437963149345 | 2023/06/09-04:03:16   85.4069    0.1246   64.1989   93.4799     6822.9528     6821.3978     6824.5077 -59.146245 -77.325109  -0.000223   0.000045
1 46527U 20061BD  23161.46809895  .00020162  00000-0  49864-3 0  9990 | 2 46527  97.3524 233.8941 0002305 288.1354  71.9641 15.40489681149544 | 2023/06/10-11:14:03  193.0786    0.1246   71.9892   93.4768     6822.8001     6821.2274     6824.3727 -57.367779 -78.653847  -0.000219   0.000071
1 46527U 20061BD  23162.63730367  .00019630  00000-0  48487-3 0  9995 | 2 46527  97.3524 235.0698 0002349 281.9724  78.1259 15.40533748149725 | 2023/06/11-15:17:43  253.9702    0.1246   78.1522   93.4741     6822.6700     6821.0673     6824.2726 -55.741851 -79.814384  -0.000216   0.000092
1 46527U 20061BD  23163.93637506  .00021988  00000-0  54165-3 0  9999 | 2 46527  97.3529 236.3764 0002392 273.9045  86.1927 15.40591546149926 | 2023/06/12-22:28:22    1.6109    0.1246   86.2201   93.4706     6822.4993     6820.8674     6824.1313 -53.907667 -81.065101  -0.000208   0.000119
1 46527U 20061BD  23164.97560088  .00020210  00000-0  49747-3 0  9991 | 2 46527  97.3532 237.4215 0002426 267.9272  92.1697 15.40631908150083 | 2023/06/13-23:24:51   15.7117    0.1247   92.1975   93.4681     6822.3802     6820.7251     6824.0353 -52.420280 -82.035113  -0.000200   0.000138
1 46527U 20061BD  23166.01479905  .00018147  00000-0  44646-3 0  9994 | 2 46527  97.3533 238.4667 0002438 262.2416  97.8553 15.40670649150243 | 2023/06/15-00:21:18   29.8021    0.1246   97.8830   93.4658     6822.2658     6820.6025     6823.9291 -50.915194 -82.977756  -0.000189   0.000154
1 46527U 20061BD  23167.44364952  .00027454  00000-0  67204-3 0  9993 | 2 46527  97.3532 239.9039 0002544 255.2077 104.8888 15.40739937150464 | 2023/06/16-10:38:51  184.1598    0.1247  104.9170   93.4616     6822.0613     6820.3257     6823.7968 -48.817942 -84.228582  -0.000180   0.000180
1 46527U 20061BD  23168.48277029  .00021281  00000-0  52094-3 0  9999 | 2 46527  97.3531 240.9493 0002641 250.1015 109.9947 15.40790141150627 | 2023/06/17-11:35:11  198.2224    0.1246  110.0231   93.4585     6821.9131     6820.1114     6823.7147 -47.273046 -85.105142  -0.000173   0.000199
1 46527U 20061BD  23169.71668596  .00020159  00000-0  49278-3 0  9992 | 2 46527  97.3530 242.1908 0002726 243.5793 116.5174 15.40843617150818 | 2023/06/18-17:12:01  282.4062    0.1246  116.5453   93.4553     6821.7552     6819.8956     6823.6148 -45.417966 -86.109320  -0.000159   0.000221
1 46527U 20061BD  23171.01549955  .00021857  00000-0  53303-3 0  9995 | 2 46527  97.3524 243.4980 0002786 237.9427 122.1549 15.40898518151014 | 2023/06/20-00:22:19   29.9512    0.1246  122.1819   93.4520     6821.5932     6819.6927     6823.4937 -43.441469 -87.122492  -0.000145   0.000238
1 46527U 20061BD  23172.11945597  .00021355  00000-0  52009-3 0  9994 | 2 46527  97.3522 244.6089 0002879 233.1232 126.9751 15.40942724151184 | 2023/06/21-02:52:00   67.3520    0.1247  127.0015   93.4493     6821.4627     6819.4988     6823.4266 -41.744118 -87.948163  -0.000134   0.000255
1 46527U 20061BD  23173.15844484  .00019366  00000-0  47134-3 0  9994 | 2 46527  97.3521 245.6543 0002961 228.4925 131.6068 15.40983214151348 | 2023/06/22-03:48:09   81.3657    0.1247  131.6322   93.4468     6821.3432     6819.3234     6823.3630 -40.132544 -88.695041  -0.000121   0.000270
1 46527U 20061BD  23174.19740468  .00020947  00000-0  50876-3 0  9990 | 2 46527  97.3518 246.7000 0003065 224.1787 135.9215 15.41029023151508 | 2023/06/23-04:44:15   95.3687    0.1246  135.9459   93.4441     6821.2081     6819.1173     6823.2988 -38.507067 -89.412408  -0.000109   0.000286
1 46527U 20061BD  23175.43112899  .00023680  00000-0  57361-3 0  9992 | 2 46527  97.3517 247.9414 0003170 218.4890 141.6131 15.41085248151699 | 2023/06/24-10:20:49  179.4821    0.1247  141.6357   93.4406     6821.0421     6818.8799     6823.2044 -36.560887 -90.225579  -0.000090   0.000304
1 46527U 20061BD  23176.66480774  .00022149  00000-0  53574-3 0  9999 | 2 46527  97.3518 249.1832 0003259 213.9744 146.1294 15.41143027151885 | 2023/06/25-15:57:19  263.5790    0.1246  146.1502   93.4371     6820.8717     6818.6487     6823.0946 -34.596985 -90.996822  -0.000074   0.000317
1 46527U 20061BD  23178.09322229  .00020105  00000-0  48565-3 0  9992 | 2 46527  97.3519 250.6211 0003370 208.6418 151.4644 15.41203056152100 | 2023/06/27-02:14:14   57.7758    0.1246  151.4828   93.4335     6820.6945     6818.3960     6822.9931 -32.302699 -91.836420  -0.000054   0.000333
1 46527U 20061BD  23179.13202948  .00021730  00000-0  52369-3 0  9995 | 2 46527  97.3520 251.6666 0003441 204.7809 155.3273 15.41257229152266 | 2023/06/28-03:10:07   71.7228    0.1247  155.3438   93.4302     6820.5347     6818.1878     6822.8817 -30.621669 -92.410634  -0.000039   0.000342
1 46527U 20061BD  23180.17080164  .00024572  00000-0  59065-3 0  9992 | 2 46527  97.3523 252.7121 0003513 201.1783 158.9319 15.41309986152425 | 2023/06/29-04:05:57   85.6571    0.1247  158.9464   93.4270     6820.3791     6817.9831     6822.7751 -28.930498 -92.954272  -0.000024   0.000350
1 46527U 20061BD  23181.72889427  .00021376  00000-0  51298-3 0  9992 | 2 46527  97.3527 254.2807 0003656 196.0776 164.0356 15.41387744152662 | 2023/06/30-17:29:36  286.5346    0.1247  164.0471   93.4223     6820.1497     6817.6562     6822.6431 -26.375252 -93.711762  -0.000002   0.000366
1 46527U 20061BD  23183.48166361  .00020117  00000-0  48181-3 0  9991 | 2 46527  97.3525 256.0455 0003870 190.9789 169.1374 15.41459582152930 | 2023/07/02-11:33:35  197.4913    0.1247  169.1458   93.4180     6819.9378     6817.2985     6822.5771 -23.476680 -94.479388   0.000020   0.000386
1 46527U 20061BD  23184.71504259  .00020210  00000-0  48312-3 0  9990 | 2 46527  97.3523 257.2876 0004004 186.9975 173.1217 15.41515420153127 | 2023/07/03-17:09:39  281.4784    0.1247  173.1272   93.4146     6819.7731     6817.0425     6822.5037 -21.423087 -94.965897   0.000040   0.000398
1 46527U 20061BD  23186.01328922  .00023672  00000-0  56416-3 0  9995 | 2 46527  97.3517 258.5954 0004059 183.1219 177.0004 15.41574044153327 | 2023/07/05-00:19:08   28.8159    0.1247  177.0028   93.4110     6819.6002     6816.8321     6822.3683 -19.249940 -95.429520   0.000058   0.000402
1 46527U 20061BD  23187.44130598  .00022535  00000-0  53617-3 0  9990 | 2 46527  97.3512 260.0337 0004186 179.4204 180.7049 15.41634084153543 | 2023/07/06-10:35:28  182.8682    0.1247  180.7043   93.4074     6819.4231     6816.5685     6822.2778 -16.848466 -95.882143   0.000077   0.000412
1 46527U 20061BD  23188.73945016  .00028554  00000-0  67677-3 0  9990 | 2 46527  97.3511 261.3414 0004269 175.8223 184.3060 15.41702493153740 | 2023/07/07-17:44:48  290.1689    0.1246  184.3023   93.4032     6819.2214     6816.3103     6822.1325 -14.655870 -96.241582   0.000095   0.000416
1 46527U 20061BD  23190.16734226  .00023416  00000-0  55443-3 0  9999 | 2 46527  97.3510 262.7799 0004338 172.2308 187.9007 15.41771907153962 | 2023/07/09-04:00:58   84.1757    0.1247  187.8939   93.3990     6819.0167     6816.0586     6821.9748 -12.235197 -96.579072   0.000112   0.000419
1 46527U 20061BD  23191.46537438  .00021790  00000-0  51521-3 0  9995 | 2 46527  97.3511 264.0871 0004467 168.5658 191.5691 15.41828469154167 | 2023/07/10-11:10:08  191.4361    0.1246  191.5588   93.3956     6818.8500     6815.8040     6821.8959 -10.028769 -96.833158   0.000133   0.000426
1 46527U 20061BD  23192.50376486  .00024164  00000-0  57003-3 0  9994 | 2 46527  97.3513 265.1330 0004539 165.5008 194.6370 15.41877241154325 | 2023/07/11-12:05:25  205.2314    0.1247  194.6239   93.3926     6818.7062     6815.6112     6821.8012  -8.259582 -97.000283   0.000151   0.000428
1 46527U 20061BD  23193.67191094  .00027362  00000-0  64356-3 0  9995 | 2 46527  97.3516 266.3098 0004575 162.5900 197.5505 15.41941688154509 | 2023/07/12-16:07:33  265.7358    0.1247  197.5347   93.3887     6818.5162     6815.3967     6821.6356  -6.265707 -97.149755   0.000165   0.000427
1 46527U 20061BD  23194.71022220  .00024791  00000-0  58240-3 0  9993 | 2 46527  97.3518 267.3559 0004629 160.1225 200.0203 15.41996211154662 | 2023/07/13-17:02:43  279.5029    0.1246  200.0021   93.3854     6818.3554     6815.1992     6821.5117  -4.491021 -97.248155   0.000177   0.000428
1 46527U 20061BD  23195.94316747  .00032601  00000-0  76261-3 0  9991 | 2 46527  97.3518 268.5986 0004665 156.7577 203.3882 15.42070014154855 | 2023/07/14-22:38:09    3.3326    0.1247  203.3670   93.3810     6818.1379     6814.9572     6821.3185  -2.380895 -97.322681   0.000195   0.000424
1 46527U 20061BD  23197.17605177  .00025020  00000-0  58494-3 0  9991 | 2 46527  97.3518 269.8411 0004723 153.4400 206.7090 15.42140251155047 | 2023/07/16-04:13:30   87.1406    0.1247  206.6847   93.3767     6817.9309     6814.7108     6821.1510  -0.269988 -97.351426   0.000212   0.000422
1 46527U 20061BD  23198.73330229  .00031162  00000-0  72524-3 0  9991 | 2 46527  97.3514 271.4107 0004764 149.6008 210.5516 15.42232205155283 | 2023/07/17-17:35:57  287.7127    0.1247  210.5239   93.3712     6817.6599     6814.4119     6820.9078   2.396682 -97.321894   0.000231   0.000417
1 46527U 20061BD  23200.09581271  .00029977  00000-0  69576-3 0  9993 | 2 46527  97.3509 272.7843 0004714 146.3883 213.7664 15.42321806155496 | 2023/07/19-02:17:58   58.1835    0.1247  213.7364   93.3657     6817.3958     6814.1821     6820.6095   4.728925 -97.235976   0.000242   0.000405
1 46527U 20061BD  23201.65288349  .00026722  00000-0  61897-3 0  9999 | 2 46527  97.3503 274.3542 0004776 142.7792 217.3788 15.42404429155738 | 2023/07/20-15:40:09  258.6905    0.1248  217.3456   93.3607     6817.1523     6813.8965     6820.4082   7.391029 -97.069324   0.000259   0.000401
1 46527U 20061BD  23204.63701472  .00026569  00000-0  61184-3 0  9995 | 2 46527  97.3496 277.3630 0004790 135.3377 224.8257 15.42581508156192 | 2023/07/23-15:17:18  252.9048    0.1247  224.7870   93.3500     6816.6306     6813.3654     6819.8958  12.475855 -96.546868   0.000290   0.000381
1 46527U 20061BD  23206.19381553  .00028480  00000-0  65347-3 0  9991 | 2 46527  97.3496 278.9332 0004741 131.1427 229.0231 15.42676253156432 | 2023/07/25-04:39:05   93.3150    0.1248  228.9821   93.3443     6816.3515     6813.1199     6819.5831  15.116722 -96.168755   0.000304   0.000364
1 46527U 20061BD  23208.13968373  .00035316  00000-0  80571-3 0  9990 | 2 46527  97.3498 280.8951 0004747 126.7504 233.4180 15.42804141156739 | 2023/07/27-03:21:08   73.7809    0.1247  233.3743   93.3365     6815.9748     6812.7393     6819.2104  18.400228 -95.595058   0.000320   0.000351
1 46527U 20061BD  23209.43684035  .00027038  00000-0  61648-3 0  9990 | 2 46527  97.3501 282.2033 0004773 123.2801 236.8904 15.42876086156932 | 2023/07/28-10:29:03  180.7256    0.1247  236.8446   93.3322     6815.7629     6812.5098     6819.0161  20.577970 -95.150350   0.000335   0.000340
1 46527U 20061BD  23210.66908178  .00028030  00000-0  63740-3 0  9992 | 2 46527  97.3504 283.4465 0004723 120.3031 239.8684 15.42948913157124 | 2023/07/29-16:03:28  264.3028    0.1247  239.8216   93.3278     6815.5485     6812.3295     6818.7674  22.637600 -94.681780   0.000341   0.000327
1 46527U 20061BD  23211.77156315  .00029380  00000-0  66638-3 0  9991 | 2 46527  97.3504 284.5586 0004659 117.6209 242.5513 15.43016648157296 | 2023/07/30-18:31:03  301.1700    0.1248  242.5039   93.3237     6815.3490     6812.1737     6818.5243  24.470976 -94.224581   0.000345   0.000313
1 46527U 20061BD  23213.00368887  .00032065  00000-0  72492-3 0  9997 | 2 46527  97.3501 285.8020 0004628 114.5143 245.6587 15.43096311157480 | 2023/08/01-00:05:18   24.7055    0.1247  245.6104   93.3189     6815.1144     6811.9604     6818.2685  26.509779 -93.671093   0.000353   0.000299
1 46527U 20061BD  23214.17090851  .00034177  00000-0  77040-3 0  9999 | 2 46527  97.3498 286.9799 0004577 111.4788 248.6948 15.43171725157661 | 2023/08/02-04:06:06   84.8765    0.1247  248.6459   93.3143     6814.8924     6811.7732     6818.0116  28.429666 -93.106056   0.000358   0.000285
1 46527U 20061BD  23215.20838742  .00033334  00000-0  74971-3 0  9997 | 2 46527  97.3494 288.0272 0004507 108.2853 251.8885 15.43243874157825 | 2023/08/03-05:00:04   98.3440    0.1247  251.8394   93.3099     6814.6800     6811.6086     6817.7514  30.126568 -92.570490   0.000363   0.000267
1 46527U 20061BD  23216.44033465  .00027611  00000-0  62029-3 0  9995 | 2 46527  97.3487 289.2709 0004485 105.3502 254.8242 15.43316024158019 | 2023/08/04-10:34:04  181.8150    0.1248  254.7746   93.3056     6814.4676     6811.4113     6817.5239  32.128478 -91.894125   0.000369   0.000255
1 46527U 20061BD  23218.19088251  .00029222  00000-0  65344-3 0  9995 | 2 46527  97.3482 291.0379 0004397 101.3723 258.8019 15.43443620158289 | 2023/08/06-04:34:52   91.9708    0.1248  258.7525   93.2979     6814.0920     6811.0959     6817.0882  34.946584 -90.859277   0.000371   0.000236
1 46527U 20061BD  23219.74681476  .00030253  00000-0  67423-3 0  9991 | 2 46527  97.3481 292.6085 0004261  97.2252 262.9480 15.43537171158529 | 2023/08/07-17:55:24  292.0705    0.1247  262.8995   93.2922     6813.8167     6810.9133     6816.7201  37.423752 -89.867210   0.000370   0.000212
1 46527U 20061BD  23221.43229547  .00032084  00000-0  71214-3 0  9994 | 2 46527  97.3482 294.3096 0004166  93.3580 266.8144 15.43647027158786 | 2023/08/09-10:22:30  178.8045    0.1247  266.7667   93.2856     6813.4934     6810.6549     6816.3319  40.075047 -88.716755   0.000369   0.000193
1 46527U 20061BD  23222.46945754  .00030787  00000-0  68206-3 0  9998 | 2 46527  97.3484 295.3567 0004143  90.6471 269.5252 15.43711376158943 | 2023/08/10-11:16:01  192.1581    0.1248  269.4777   93.2817     6813.3041     6810.4813     6816.1268  41.689680 -87.969777   0.000372   0.000182
1 46527U 20061BD  23223.76585039  .00028258  00000-0  62477-3 0  9992 | 2 46527  97.3486 296.6659 0004052  87.5249 272.6463 15.43788529159144 | 2023/08/11-18:22:49  298.8292    0.1248  272.5999   93.2770     6813.0771     6810.3164     6815.8377  43.688808 -86.994471   0.000370   0.000166
1 46527U 20061BD  23224.93254705  .00030653  00000-0  67573-3 0  9999 | 2 46527  97.3483 297.8444 0003946  83.8579 276.3119 15.43860692159323 | 2023/08/12-22:22:52  358.8129    0.1249  276.2670   93.2727     6812.8648     6810.1764     6815.5531  45.468664 -86.077245   0.000367   0.000146
1 46527U 20061BD  23226.16400236  .00029616  00000-0  65143-3 0  9996 | 2 46527  97.3485 299.0883 0003804  79.8793 280.2884 15.43933950159514 | 2023/08/14-03:56:09   82.1088    0.1248  280.2455   93.2682     6812.6493     6810.0577     6815.2408  47.326649 -85.070081   0.000360   0.000124
1 46527U 20061BD  23227.20097306  .00030412  00000-0  66744-3 0  9996 | 2 46527  97.3483 300.1357 0003705  77.0934 283.0728 15.43995852159673 | 2023/08/15-04:49:24   95.3944    0.1248  283.0314   93.2645     6812.4672     6809.9431     6814.9912  48.873685 -84.190584   0.000354   0.000110
1 46527U 20061BD  23228.43232171  .00031059  00000-0  67986-3 0  9990 | 2 46527  97.3481 301.3796 0003604  74.4603 285.7043 15.44069464159865 | 2023/08/16-10:22:32  178.6513    0.1248  285.6645   93.2601     6812.2506     6809.7955     6814.7058  50.689710 -83.109602   0.000347   0.000098
1 46527U 20061BD  23230.44122453  .00031958  00000-0  69620-3 0  9990 | 2 46527  97.3474 303.4095 0003489  68.4642 291.6978 15.44205600160172 | 2023/08/18-10:35:21  181.8091    0.1248  291.6606   93.2518     6811.8503     6809.4736     6814.2269  53.601343 -81.261383   0.000341   0.000072
1 46527U 20061BD  23232.19076956  .00034557  00000-0  74940-3 0  9999 | 2 46527  97.3469 305.1778 0003337  62.7582 297.4006 15.44325298160447 | 2023/08/20-04:34:42   91.6046    0.1248  297.3666   93.2446     6811.4983     6809.2253     6813.7713  56.083073 -79.568259   0.000331   0.000046
1 46527U 20061BD  23233.74581278  .00033009  00000-0  71367-3 0  9990 | 2 46527  97.3461 306.7489 0003133  57.6198 302.5354 15.44424982160685 | 2023/08/21-17:53:58  291.3854    0.1249  302.5051   93.2386     6811.2052     6809.0712     6813.3391  58.243069 -78.000052   0.000312   0.000024
1 46527U 20061BD  23235.10639295  .00031025  00000-0  66915-3 0  9994 | 2 46527  97.3460 308.1238 0002992  52.7885 307.3636 15.44509742160890 | 2023/08/23-02:33:12   61.1635    0.1248  307.3363   93.2335     6810.9560     6808.9181     6812.9938  60.097790 -76.580019   0.000299   0.000005
1 46527U 20061BD  23236.92038436  .00032787  00000-0  70419-3 0  9995 | 2 46527  97.3460 309.9573 0002825  47.3603 312.7884 15.44622966161175 | 2023/08/24-22:05:21  354.1583    0.1249  312.7646   93.2266     6810.6231     6808.6991     6812.5471  62.517211 -74.617974   0.000282  -0.000013
1 46527U 20061BD  23238.15123250  .00030858  00000-0  66135-3 0  9998 | 2 46527  97.3461 311.2012 0002732  42.8650 317.2812 15.44698564161368 | 2023/08/26-03:37:46   77.2354    0.1250  317.2600   93.2221     6810.4009     6808.5403     6812.2615  64.122384 -73.243314   0.000272  -0.000028
1 46527U 20061BD  23239.18768890  .00034838  00000-0  74432-3 0  9998 | 2 46527  97.3462 312.2489 0002654  39.4088 320.7353 15.44766511161523 | 2023/08/27-04:30:16   90.3357    0.1248  320.7160   93.2180     6810.2012     6808.3938     6812.0086  65.450970 -72.058678   0.000263  -0.000039
1 46527U 20061BD  23240.67751596  .00030983  00000-0  66042-3 0  9994 | 2 46527  97.3466 313.7554 0002486  33.2919 326.8486 15.44859897161753 | 2023/08/28-16:15:37  266.6390    0.1249  326.8330   93.2123     6809.9268     6808.2338     6811.6197  67.323072 -70.313331   0.000242  -0.000056
1 46527U 20061BD  23241.77863261  .00028506  00000-0  60651-3 0  9997 | 2 46527  97.3467 314.8691 0002496  26.1664 333.9710 15.44929707161923 | 2023/08/29-18:41:13  303.0157    0.1248  333.9584   93.2081     6809.7216     6808.0219     6811.4213  68.677070 -68.991594   0.000236  -0.000081
1 46527U 20061BD  23243.20353744  .00030588  00000-0  64861-3 0  9997 | 2 46527  97.3463 316.3100 0002265  21.7306 338.4038 15.45016816162146 | 2023/08/31-04:53:05   95.9480    0.1248  338.3942   93.2029     6809.4657     6807.9233     6811.0080  70.389914 -67.242562   0.000210  -0.000085
1 46527U 20061BD  23245.01693738  .00032760  00000-0  69170-3 0  9990 | 2 46527  97.3453 318.1444 0002096  14.3435 345.7873 15.45128941162421 | 2023/09/02-00:24:23   28.7285    0.1249  345.7814   93.1961     6809.1362     6807.7090     6810.5634  72.505587 -64.954193   0.000186  -0.000097
1 46527U 20061BD  23246.50639081  .00074894  00000-0  15615-2 0  9994 | 2 46527  97.3447 319.6517 0002158   4.6854 355.4415 15.45297438162650 | 2023/09/03-12:09:12  204.8964    0.1249  355.4395   93.1859     6808.6412     6807.1719     6810.1106  74.188617 -63.024120   0.000175  -0.000126
1 46527U 20061BD  23247.67193282  .00045141  00000-0  94226-3 0  9990 | 2 46527  97.3438 320.8308 0001930   0.8335 359.2917 15.45398242162835 | 2023/09/04-16:07:34  264.4630    0.1249  359.2914   93.1799     6808.3452     6807.0312     6809.6592  75.469103 -61.483574   0.000151  -0.000120
1 46527U 20061BD  23249.16115822  .00034986  00000-0  72949-3 0  9993 | 2 46527  97.3435 322.3373 0001810 351.1784   8.9433 15.45485934163060 | 2023/09/06-03:52:04   80.5490    0.1249    8.9465   93.1746     6808.0876     6806.8554     6809.3199  77.059205 -59.478029   0.000125  -0.000131
1 46527U 20061BD  23250.65029333  .00034924  00000-0  72581-3 0  9994 | 2 46527  97.3441 323.8438 0001793 342.3226  17.7960 15.45582230163293 | 2023/09/07-15:36:25  256.6020    0.1249   17.8023   93.1688     6807.8048     6806.5842     6809.0255  78.596752 -57.431910   0.000106  -0.000145
1 46527U 20061BD  23251.75089832  .00032936  00000-0  68316-3 0  9998 | 2 46527  97.3441 324.9571 0001783 334.3528  25.7633 15.45651490163468 | 2023/09/08-18:01:17  292.7938    0.1250   25.7722   93.1646     6807.6015     6806.3877     6808.8153  79.697790 -55.893971   0.000087  -0.000155
1 46527U 20061BD  23253.43407314  .00035617  00000-0  73541-3 0  9999 | 2 46527  97.3443 326.6608 0001697 324.3830  35.7305 15.45769842163726 | 2023/09/10-10:25:03  178.6946    0.1249   35.7419   93.1575     6807.2540     6806.0988     6808.4092  81.324499 -53.499894   0.000061  -0.000158
1 46527U 20061BD  23254.46980975  .00036434  00000-0  75030-3 0  9995 | 2 46527  97.3444 327.7095 0001692 317.6125  42.4993 15.45842581163883 | 2023/09/11-11:16:31  191.5337    0.1249   42.5124   93.1531     6807.0404     6805.8887     6808.1922  82.290129 -52.002565   0.000045  -0.000163
1 46527U 20061BD  23255.50549628  .00038290  00000-0  78618-3 0  9994 | 2 46527  97.3443 328.7581 0001672 311.2207  48.8898 15.45919482164040 | 2023/09/12-12:07:54  204.3544    0.1249   48.9042   93.1484     6806.8147     6805.6766     6807.9528  83.227936 -50.487854   0.000029  -0.000165
1 46527U 20061BD  23256.67056689  .00048406  00000-0  98800-3 0  9998 | 2 46527  97.3440 329.9378 0001695 305.1750  54.9340 15.46041130164221 | 2023/09/13-16:05:36  263.7499    0.1249   54.9499   93.1411     6806.4576     6805.3039     6807.6113  84.249489 -48.763490   0.000015  -0.000169
1 46527U 20061BD  23257.77083887  .00038648  00000-0  78786-3 0  9998 | 2 46527  97.3437 331.0522 0001729 300.8592  59.2487 15.46127236164396 | 2023/09/14-18:30:00  299.8190    0.1249   59.2657   93.1359     6806.2049     6805.0281     6807.3817  85.181679 -47.115576   0.000006  -0.000173
1 46527U 20061BD  23259.00048355  .00038525  00000-0  78289-3 0  9999 | 2 46527  97.3431 332.2978 0001744 292.2200  67.8864 15.46219492164586 | 2023/09/16-00:00:41   22.4590    0.1249   67.9049   93.1304     6805.9342     6804.7472     6807.1211  86.185223 -45.252475  -0.000017  -0.000174
1 46527U 20061BD  23260.10063099  .00036817  00000-0  74641-3 0  9994 | 2 46527  97.3427 333.4122 0001837 283.9475  76.1570 15.46298315164756 | 2023/09/17-02:24:54   58.4839    0.1249   76.1774   93.1256     6805.7029     6804.4527     6806.9531  87.048666 -43.567544  -0.000040  -0.000179
1 46527U 20061BD  23261.13600862  .00050980  00000-0  10277-2 0  9994 | 2 46527  97.3423 334.4609 0001870 278.6777  81.4260 15.46391677164914 | 2023/09/18-03:15:51   71.1925    0.1249   81.4472   93.1200     6805.4290     6804.1564     6806.7016  87.831109 -41.966888  -0.000054  -0.000179
1 46527U 20061BD  23262.43013894  .00050889  00000-0  10214-2 0  9990 | 2 46527  97.3421 335.7717 0001962 272.0395  88.0630 15.46519418165114 | 2023/09/19-10:19:24  177.0454    0.1250   88.0855   93.1123     6805.0542     6803.7191     6806.3894  88.767968 -39.946619  -0.000074  -0.000182
1 46527U 20061BD  23263.46535564  .00045485  00000-0  91029-3 0  9997 | 2 46527  97.3416 336.8208 0001981 266.2884  93.8140 15.46630271165272 | 2023/09/20-11:10:06  189.6947    0.1250   93.8366   93.1056     6804.7291     6803.3810     6806.0771  89.484020 -38.314453  -0.000090  -0.000177
1 46527U 20061BD  23265.01806867  .00042702  00000-0  85123-3 0  9994 | 2 46527  97.3414 338.3940 0002111 259.6513 100.4498 15.46759093165513 | 2023/09/22-00:26:01   28.6300    0.1249  100.4736   93.0979     6804.3512     6802.9148     6805.7876  90.501992 -35.843237  -0.000112  -0.000179
1 46527U 20061BD  23266.44127102  .00046148  00000-0  91535-3 0  9992 | 2 46527  97.3418 339.8363 0002191 257.1553 102.9452 15.46886695165737 | 2023/09/23-10:35:25  180.9439    0.1250  102.9697   93.0902     6803.9770     6802.4863     6805.4678  91.375877 -33.554063  -0.000119  -0.000184
1 46527U 20061BD  23267.73498575  .00044528  00000-0  87976-3 0  9994 | 2 46527  97.3416 341.1475 0002247 250.8548 109.2459 15.47008509165931 | 2023/09/24-17:38:22  286.6449    0.1250  109.2702   93.0829     6803.6199     6802.0911     6805.1486  92.119571 -31.454281  -0.000138  -0.000177
1 46527U 20061BD  23268.76987646  .00056169  00000-0  11029-2 0  9999 | 2 46527  97.3416 342.1966 0002305 245.7942 114.3068 15.47133015166095 | 2023/09/25-18:28:37  299.1762    0.1251  114.3309   93.0754     6803.2548     6801.6867     6804.8230  92.680033 -29.762370  -0.000154  -0.000171
1 46527U 20061BD  23269.99870384  .00058028  00000-0  11335-2 0  9991 | 2 46527  97.3418 343.4425 0002316 239.0357 121.0666 15.47275661166283 | 2023/09/26-23:58:08   21.5181    0.1250  121.0893   93.0668     6802.8367     6801.2612     6804.4122  93.305447 -27.740217  -0.000171  -0.000156
1 46527U 20061BD  23271.16275913  .00040571  00000-0  79174-3 0  9990 | 2 46527  97.3417 344.6233 0002391 235.9716 124.1308 15.47386971166463 | 2023/09/28-03:54:22   80.5444    0.1251  124.1535   93.0601     6802.5104     6800.8840     6804.1369  93.857190 -25.811518  -0.000182  -0.000156
1 46527U 20061BD  23272.45606097  .00044095  00000-0  85660-3 0  9996 | 2 46527  97.3415 345.9357 0002441 233.3013 126.8013 15.47501175166669 | 2023/09/29-10:56:43  186.0952    0.1250  126.8237   93.0532     6802.1758     6800.5154     6803.8362  94.423554 -23.655022  -0.000189  -0.000154
1 46527U 20061BD  23273.94322570  .00053356  00000-0  10293-2 0  9991 | 2 46527  97.3406 347.4444 0002661 226.2932 133.8098 15.47657956166893 | 2023/09/30-22:38:14    1.4312    0.1250  133.8318   93.0438     6801.7164     6799.9064     6803.5263  95.012750 -21.160572  -0.000221  -0.000148
1 46527U 20061BD  23275.10698278  .00052828  00000-0  10145-2 0  9991 | 2 46527  97.3396 348.6247 0002751 222.2277 137.8762 15.47791678167076 | 2023/10/02-02:34:03   60.3497    0.1250  137.8973   93.0358     6801.3246     6799.4536     6803.1957  95.427489 -19.198750  -0.000236  -0.000141
1 46527U 20061BD  23276.20599665  .00050219  00000-0  96048-3 0  9992 | 2 46527  97.3395 349.7399 0002780 217.6997 142.4059 15.47921198167246 | 2023/10/03-04:56:38   95.9610    0.1250  142.4253   93.0280     6800.9452     6799.0545     6802.8359  95.782975 -17.337820  -0.000247  -0.000128
1 46527U 20061BD  23277.75739490  .00063504  00000-0  12044-2 0  9999 | 2 46527  97.3391 351.3147 0002766 213.8355 146.2720 15.48104374167485 | 2023/10/04-18:10:38  294.4168    0.1251  146.2896   93.0170     6800.4087     6798.5277     6802.2897  96.222880 -14.698905  -0.000250  -0.000118
1 46527U 20061BD  23279.11470179  .00063848  00000-0  12033-2 0  9996 | 2 46527  97.3387 352.6920 0002926 209.4737 150.6349 15.48284520167697 | 2023/10/06-02:45:10   63.0067    0.1250  150.6513   93.0062     6799.8812     6797.8916     6801.8709  96.547988 -12.381785  -0.000271  -0.000110
1 46527U 20061BD  23280.47185778  .00060040  00000-0  11257-2 0  9993 | 2 46527  97.3389 354.0708 0002863 204.6566 155.4548 15.48450284167906 | 2023/10/07-11:19:28  191.5389    0.1250  155.4684   92.9962     6799.3959     6797.4493     6801.3426  96.818166 -10.055056  -0.000271  -0.000092
1 46527U 20061BD  23281.76425133  .00065573  00000-0  12213-2 0  9997 | 2 46527  97.3388 355.3835 0002854 202.2293 157.8834 15.48617618168104 | 2023/10/08-18:20:31  296.7604    0.1250  157.8957   92.9862     6798.9061     6796.9657     6800.8465  97.023008  -7.834408  -0.000272  -0.000086
1 46527U 20061BD  23283.44414551  .00068369  00000-0  12625-2 0  9999 | 2 46527  97.3392 357.0906 0002852 196.1721 163.9439 15.48852055168365 | 2023/10/10-10:39:34  181.4677    0.1250  163.9529   92.9721     6798.2200     6796.2812     6800.1589  97.213734  -4.940625  -0.000278  -0.000065
1 46527U 20061BD  23284.47780080  .00062450  00000-0  11489-2 0  9998 | 2 46527  97.3389 358.1411 0002822 193.1516 166.9661 15.48984276168529 | 2023/10/11-11:28:01  193.5503    0.1250  166.9734   92.9641     6797.8332     6795.9148     6799.7515  97.287675  -3.157502  -0.000277  -0.000055
1 46527U 20061BD  23285.51136905  .00063920  00000-0  11703-2 0  9997 | 2 46527  97.3387 359.1917 0002777 191.7962 168.3225 15.49115985168680 | 2023/10/12-12:16:22  205.6020    0.1251  168.3289   92.9562     6797.4479     6795.5602     6799.3355  97.329014  -1.373160  -0.000273  -0.000053
1 46527U 20061BD  23286.73861802  .00074852  00000-0  13605-2 0  9992 | 2 46527  97.3383   0.4396 0002732 187.4915 172.6296 15.49278950168873 | 2023/10/13-17:43:36  287.3709    0.1251  172.6336   92.9465     6796.9712     6795.1142     6798.8281  97.335435   0.746818  -0.000271  -0.000038
1 46527U 20061BD  23287.77197839  .00067021  00000-0  12130-2 0  9991 | 2 46527  97.3380   1.4905 0002753 185.6882 174.4338 15.49432942169032 | 2023/10/14-18:31:38  299.3474    0.1251  174.4369   92.9372     6796.5208     6794.6497     6798.3919  97.305066   2.531878  -0.000273  -0.000034
1 46527U 20061BD  23289.19271631  .00058197  00000-0  10489-2 0  9991 | 2 46527  97.3376   2.9354 0002815 180.5314 179.5935 15.49590265169250 | 2023/10/16-04:37:30   90.7656    0.1251  179.5937   92.9278     6796.0608     6794.1477     6797.9739  97.209884   4.984657  -0.000281  -0.000017
1 46527U 20061BD  23290.48417574  .00052271  00000-0  93877-3 0  9993 | 2 46527  97.3369   4.2494 0002729 176.2191 183.9081 15.49717767169452 | 2023/10/17-11:37:12  195.6476    0.1251  183.9060   92.9201     6795.6880     6793.8335     6797.5426  97.069317   7.212474  -0.000273  -0.000002
1 46527U 20061BD  23292.16290665  .00065064  00000-0  11585-2 0  9999 | 2 46527  97.3362   5.9567 0002765 173.5738 186.5550 15.49907453169713 | 2023/10/19-03:54:35   79.9365    0.1252  186.5514   92.9088     6795.1336     6793.2547     6797.0124  96.810644  10.101244  -0.000276   0.000002
1 46527U 20061BD  23293.45408604  .00054894  00000-0  97349-3 0  9998 | 2 46527  97.3362   7.2707 0002712 169.1997 190.9313 15.50066421169915 | 2023/10/20-10:53:53  184.7175    0.1251  190.9254   92.8992     6794.6690     6792.8262     6796.5117  96.553548  12.318612  -0.000271   0.000017
1 46527U 20061BD  23294.48693789  .00054555  00000-0  96336-3 0  9991 | 2 46527  97.3360   8.3215 0002701 165.6201 194.5128 15.50189000170078 | 2023/10/21-11:41:11  196.5095    0.1251  194.5050   92.8919     6794.3108     6792.4756     6796.1459  96.311203  14.087197  -0.000269   0.000029
1 46527U 20061BD  23295.77788216  .00038168  00000-0  67239-3 0  9996 | 2 46527  97.3361   9.6354 0002733 163.7456 196.3884 15.50336264170270 | 2023/10/22-18:40:09  301.2068    0.1252  196.3796   92.8831     6793.8805     6792.0237     6795.7373  95.962961  16.291913  -0.000271   0.000032
1 46527U 20061BD  23297.19779254  .00043165  00000-0  75590-3 0  9998 | 2 46527  97.3367  11.0809 0002739 161.5947 198.5404 15.50479504170496 | 2023/10/24-04:44:49   92.3275    0.1251  198.5304   92.8745     6793.4621     6791.6013     6795.3228  95.522031  18.707611  -0.000272   0.000035
1 46527U 20061BD  23298.94025307  .00048122  00000-0  83752-3 0  9992 | 2 46527  97.3367  12.8558 0002680 156.7583 203.3791 15.50630725170761 | 2023/10/25-22:33:57  359.5536    0.1252  203.3669   92.8654     6793.0204     6791.1999     6794.8409  94.896773  21.657229  -0.000264   0.000048
1 46527U 20061BD  23300.48894217  .00059335  00000-0  10244-2 0  9992 | 2 46527  97.3369  14.4338 0002633 152.7425 207.3965 15.50808121171008 | 2023/10/27-11:44:04  197.0285    0.1251  207.3826   92.8548     6792.5023     6790.7139     6794.2908  94.264586  24.262316  -0.000257   0.000058
1 46527U 20061BD  23301.77937721  .00060924  00000-0  10459-2 0  9997 | 2 46527  97.3367  15.7487 0002552 150.9083 209.2311 15.50961276171204 | 2023/10/28-18:42:18  301.5417    0.1251  209.2168   92.8456     6792.0552     6790.3218     6793.7885  93.682816  26.418992  -0.000248   0.000059
1 46527U 20061BD  23303.45673576  .00052075  00000-0  88832-3 0  9998 | 2 46527  97.3363  17.4581 0002552 145.4201 214.7217 15.51179947171466 | 2023/10/30-10:57:41  185.3323    0.1251  214.7050   92.8326     6791.4168     6789.6837     6793.1500  92.852659  29.201695  -0.000244   0.000075
1 46527U 20061BD  23304.48884762  .00059922  00000-0  10167-2 0  9996 | 2 46527  97.3359  18.5103 0002524 141.5599 218.5834 15.51296556171620 | 2023/10/31-11:43:56  196.8562    0.1253  218.5654   92.8256     6791.0765     6789.3624     6792.7906  92.300383  30.901728  -0.000237   0.000086
1 46527U 20061BD  23305.77887770  .00052874  00000-0  89342-3 0  9992 | 2 46527  97.3348  19.8254 0002444 140.9517 219.1912 15.51444391171821 | 2023/11/01-18:41:35  301.2238    0.1252  219.1735   92.8167     6790.6451     6788.9854     6792.3047  91.565816  33.011583  -0.000231   0.000080
1 46527U 20061BD  23306.93979615  .00056257  00000-0  94530-3 0  9995 | 2 46527  97.3346  21.0088 0002427 138.2604 221.8834 15.51586038172006 | 2023/11/02-22:33:18  359.1144    0.1252  221.8648   92.8083     6790.2318     6788.5838     6791.8798  90.864319  34.895557  -0.000227   0.000086
1 46527U 20061BD  23308.48752238  .00063773  00000-0  10632-2 0  9998 | 2 46527  97.3347  22.5872 0002309 130.6670 229.4784 15.51775298172244 | 2023/11/04-11:42:01  196.2413    0.1253  229.4583   92.7969     6789.6797     6788.1119     6791.2474  89.868744  37.385194  -0.000206   0.000104
1 46527U 20061BD  23310.16396721  .00130596  00000-0  21313-2 0  9993 | 2 46527  97.3347  24.2976 0002217 128.4087 231.7365 15.52116032172509 | 2023/11/06-03:56:06   79.7037    0.1253  231.7166   92.7766     6788.6859     6787.1809     6790.1910  88.712842  40.050911  -0.000197   0.000102
1 46527U 20061BD  23311.19543674  .00086039  00000-0  14033-2 0  9991 | 2 46527  97.3350  25.3507 0002167 123.6110 236.5350 15.52300930172669 | 2023/11/07-04:41:25   90.9955    0.1253  236.5143   92.7655     6788.1469     6786.6759     6789.6179  87.962032  41.674730  -0.000186   0.000112
1 46527U 20061BD  23312.67798992  .00070652  00000-0  11466-2 0  9991 | 2 46527  97.3349  26.8647 0002009 115.9970 244.1490 15.52501887172890 | 2023/11/08-16:16:18  264.6619    0.1253  244.1283   92.7535     6787.5611     6786.1975     6788.9247  86.830139  43.984199  -0.000160   0.000121
1 46527U 20061BD  23313.77366624  .00064049  00000-0  10350-2 0  9990 | 2 46527  97.3354  27.9835 0001906 112.7261 247.4193 15.52648411173061 | 2023/11/09-18:34:04  299.0671    0.1252  247.3991   92.7448     6787.1340     6785.8404     6788.4277  85.955213  45.671451  -0.000148   0.000121
1 46527U 20061BD  23315.19145917  .00056043  00000-0  90134-3 0  9992 | 2 46527  97.3354  29.4323 0001929 109.8271 250.3190 15.52814871173282 | 2023/11/11-04:35:42   89.4205    0.1253  250.2982   92.7348     6786.6490     6785.3398     6787.9581  84.772994  47.830111  -0.000146   0.000126
1 46527U 20061BD  23316.48023677  .00051099  00000-0  81870-3 0  9996 | 2 46527  97.3347  30.7499 0001992 104.9675 255.1798 15.52942943173488 | 2023/11/12-11:31:32  193.3319    0.1252  255.1577   92.7272     6786.2758     6784.9240     6787.6277  83.650152  49.766413  -0.000143   0.000139
1 46527U 20061BD  23318.15547423  .00050659  00000-0  80608-3 0  9991 | 2 46527  97.3339  32.4614 0001981 101.1122 259.0354 15.53136845173748 | 2023/11/14-03:43:52   76.3568    0.1253  259.0131   92.7156     6785.7110     6784.3668     6787.0553  82.125793  52.242150  -0.000137   0.000144
1 46527U 20061BD  23319.18629339  .00048435  00000-0  76809-3 0  9999 | 2 46527  97.3335  33.5151 0001987  99.0173 261.1305 15.53240554173900 | 2023/11/15-04:28:15   87.4138    0.1253  261.1080   92.7094     6785.4089     6784.0607     6786.7572  81.150865  53.743347  -0.000134   0.000146
1 46527U 20061BD  23320.21704295  .00043573  00000-0  68899-3 0  9998 | 2 46527  97.3332  34.5690 0002025  96.7746 263.3738 15.53344385174069 | 2023/11/16-05:12:32   98.4451    0.1254  263.3508   92.7032     6785.1066     6783.7326     6786.4806  80.148389  55.226692  -0.000134   0.000152
1 46527U 20061BD  23322.14953201  .00040542  00000-0  63770-3 0  9991 | 2 46527  97.3328  36.5451 0002042  89.6918 270.4569 15.53505070174366 | 2023/11/18-03:35:19   74.0695    0.1253  270.4335   92.6936     6784.6387     6783.2533     6786.0241  78.196043  57.957337  -0.000121   0.000165
1 46527U 20061BD  23323.18011576  .00038047  00000-0  59711-3 0  9993 | 2 46527  97.3325  37.5982 0002034  88.9552 271.1934 15.53580498174529 | 2023/11/19-04:19:22   85.0425    0.1253  271.1701   92.6891     6784.4191     6783.0391     6785.7990  77.117397  59.384531  -0.000121   0.000163
1 46527U 20061BD  23324.46826644  .00041956  00000-0  65533-3 0  9997 | 2 46527  97.3325  38.9153 0002045  86.6834 273.4654 15.53692632174724 | 2023/11/20-11:14:18  188.7291    0.1254  273.4420   92.6824     6784.0927     6782.7053     6785.4800  75.732027  61.141440  -0.000119   0.000166
1 46527U 20061BD  23325.75631433  .00059607  00000-0  92357-3 0  9996 | 2 46527  97.3326  40.2329 0002057  83.3275 276.8212 15.53834859174920 | 2023/11/21-18:09:05  292.3784    0.1253  276.7978   92.6739     6783.6787     6782.2833     6785.0741  74.306167  62.866753  -0.000114   0.000171
1 46527U 20061BD  23326.78665256  .00077516  00000-0  11910-2 0  9994 | 2 46527  97.3328  41.2871 0001977  79.2574 280.8902 15.53995125175084 | 2023/11/22-18:52:46  303.2626    0.1254  280.8680   92.6644     6783.2123     6781.8712     6784.5533  73.137103  64.223345  -0.000100   0.000170
1 46527U 20061BD  23328.20319980  .00063696  00000-0  97346-3 0  9995 | 2 46527  97.3334  42.7367 0001962  73.0820 287.0649 15.54197803175307 | 2023/11/24-04:52:36   93.1669    0.1254  287.0434   92.6523     6782.6225     6781.2918     6783.9533  71.489441  66.053392  -0.000085   0.000177
1 46527U 20061BD  23329.68394114  .00095347  00000-0  14388-2 0  9992 | 2 46527  97.3333  44.2534 0001945  58.9505 301.1939 15.54424170175537 | 2023/11/25-16:24:52  266.1791    0.1253  301.1748   92.6388     6781.9640     6780.6449     6783.2831  69.716001  67.922385  -0.000044   0.000189
1 46527U 20061BD  23331.16443089  .00053002  00000-0  79754-3 0  9995 | 2 46527  97.3331  45.7696 0001919  53.2310 306.9120 15.54671113175764 | 2023/11/27-03:56:46   79.0998    0.1254  306.8944   92.6241     6781.2458     6779.9445     6782.5472  67.894255  69.743118  -0.000030   0.000190
1 46527U 20061BD  23332.19421001  .00073292  00000-0  10928-2 0  9999 | 2 46527  97.3324  46.8241 0001965  53.0417 307.1017 15.54838409175920 | 2023/11/28-04:39:39   89.7804    0.1254  307.0837   92.6141     6780.7594     6779.4270     6782.0918  66.598763  70.980285  -0.000034   0.000194
1 46527U 20061BD  23334.12476196  .00083028  00000-0  12228-2 0  9992 | 2 46527  97.3312  48.8015 0001818  43.3240 316.8157 15.55139095176223 | 2023/11/30-02:59:39   64.7083    0.1254  316.8014   92.5962     6779.8853     6778.6527     6781.1179  64.109118  73.235124  -0.000007   0.000182
1 46527U 20061BD  23335.73327211  .00089600  00000-0  13060-2 0  9990 | 2 46527  97.3302  50.4503 0001866  38.7786 321.3602 15.55397483176479 | 2023/12/01-17:35:54  283.7095    0.1254  321.3468   92.5808     6779.1344     6777.8695     6780.3994  61.974743  75.048645   0.000003   0.000187
1 46527U 20061BD  23336.76255068  .00063655  00000-0  92427-3 0  9991 | 2 46527  97.3304  51.5061 0001607  40.2054 319.9319 15.55603674176639 | 2023/12/02-18:18:04  294.2099    0.1254  319.9200   92.5686     6778.5354     6777.4461     6779.6247  60.581489  76.178015  -0.000005   0.000161
1 46527U 20061BD  23338.17763897  .00062000  00000-0  89441-3 0  9997 | 2 46527  97.3301  52.9565 0001574  39.3578 320.7791 15.55787611176855 | 2023/12/04-04:15:48   83.5865    0.1255  320.7677   92.5576     6778.0011     6776.9342     6779.0680  58.633714  77.686781  -0.000006   0.000157
1 46527U 20061BD  23339.20669756  .00055409  00000-0  79653-3 0  9990 | 2 46527  97.3306  54.0121 0001536  33.4278 326.7073 15.55910876177010 | 2023/12/05-04:57:38   94.0081    0.1254  326.6976   92.5503     6777.6431     6776.6021     6778.6842  57.192861  78.754189   0.000007   0.000153
1 46527U 20061BD  23341.13596321  .00051162  00000-0  73005-3 0  9999 | 2 46527  97.3306  55.9914 0001518  28.9833 331.1506 15.56130808177310 | 2023/12/07-03:15:47   68.4672    0.1255  331.1422   92.5372     6777.0045     6775.9758     6778.0333  54.438692  80.682554   0.000013   0.000151
1 46527U 20061BD  23342.16480311  .00042904  00000-0  61101-3 0  9992 | 2 46527  97.3309  57.0482 0001416  54.7234 305.4153 15.56222764177477 | 2023/12/08-03:57:18   78.8020    0.1255  305.4021   92.5317     6776.7375     6775.7779     6777.6971  52.941519  81.673127  -0.000053   0.000131
1 46527U 20061BD  23343.19358407  .00042526  00000-0  60369-3 0  9991 | 2 46527  97.3315  58.1053 0001632   7.7144 352.4135 15.56311421177637 | 2023/12/09-04:38:45   89.1309    0.1254  352.4110   92.5265     6776.4802     6775.3742     6777.5861  51.426052  82.636445   0.000067   0.000149
1 46527U 20061BD  23344.73664254  .00039209  00000-0  55424-3 0  9992 | 2 46527  97.3311  59.6894 0001473   3.9481 356.1786 15.56443905177879 | 2023/12/10-17:40:45  284.5700    0.1256  356.1775   92.5186     6776.0956     6775.0975     6777.0937  49.121775  84.026152   0.000065   0.000132
1 46527U 20061BD  23345.76527887  .00041249  00000-0  58105-3 0  9992 | 2 46527  97.3307  60.7451 0001388   0.3145 359.8111 15.56528092178031 | 2023/12/11-18:22:00  294.8383    0.1255  359.8110   92.5136     6775.8513     6774.9108     6776.7918  47.565110  84.916580   0.000067   0.000121
1 46527U 20061BD  23346.79385847  .00043669  00000-0  61288-3 0  9998 | 2 46527  97.3307  61.8012 0001330 357.1324   2.9923 15.56615787178197 | 2023/12/12-19:03:09  305.0856    0.1255    2.9931   92.5084     6775.5968     6774.6956     6776.4980  45.991900  85.778845   0.000069   0.000114
1 46527U 20061BD  23347.82237539  .00049821  00000-0  69585-3 0  9991 | 2 46527  97.3301  62.8578 0001353 355.1750   4.9492 15.56718269178355 | 2023/12/13-19:44:13  315.3093    0.1255    4.9505   92.5023     6775.2994     6774.3827     6776.2161  44.402036  86.611821   0.000072   0.000115
1 46527U 20061BD  23348.85081588  .00042081  00000-0  58589-3 0  9999 | 2 46527  97.3295  63.9140 0001295 347.8671  12.2553 15.56839909178512 | 2023/12/14-20:25:10  325.5072    0.1256   12.2585   92.4951     6774.9465     6774.0692     6775.8239  42.797701  87.415035   0.000080   0.000102
1 46527U 20061BD  23349.94344671  .00047781  00000-0  66151-3 0  9991 | 2 46527  97.3291  65.0360 0001229 342.8203  17.3011 15.56965447178688 | 2023/12/15-22:38:33  358.8102    0.1256   17.3053   92.4876     6774.5823     6773.7497     6775.4149  41.077623  88.235948   0.000082   0.000091
1 46527U 20061BD  23351.16451520  .00049641  00000-0  68333-3 0  9991 | 2 46527  97.3287  66.2905 0001208 336.0111  24.1088 15.57111959178874 | 2023/12/17-03:56:54   78.3454    0.1256   24.1145   92.4789     6774.1574     6773.3390     6774.9757  39.135831  89.113762   0.000089   0.000081
1 46527U 20061BD  23352.19268565  .00067058  00000-0  91515-3 0  9990 | 2 46527  97.3285  67.3470 0001211 333.0094  27.1098 15.57272021179033 | 2023/12/18-04:37:28   88.4444    0.1255   27.1161   92.4694     6773.6932     6772.8729     6774.5135  37.485989  89.820029   0.000092   0.000078
1 46527U 20061BD  23353.22075069  .00076586  00000-0  10374-2 0  9999 | 2 46527  97.3285  68.4039 0001224 329.4452  30.6732 15.57436304179194 | 2023/12/19-05:17:52   98.5050    0.1256   30.6804   92.4596     6773.2168     6772.3878     6774.0459  35.822851  90.496189   0.000097   0.000075
1 46527U 20061BD  23354.76265743  .00074600  00000-0  10023-2 0  9995 | 2 46527  97.3286  69.9892 0001212 323.5591  36.5582 15.57662965179433 | 2023/12/20-18:18:13  293.5270    0.1256   36.5665   92.4462     6772.5597     6771.7389     6773.3806  33.305581  91.452691   0.000101   0.000067
1 46527U 20061BD  23355.91892680  .00074079  00000-0  98842-3 0  9995 | 2 46527  97.3285  71.1777 0001348 320.6811  39.4347 15.57850720179611 | 2023/12/21-22:03:15  349.7367    0.1256   39.4445   92.4350     6772.0156     6771.1027     6772.9284  31.401494  92.123738   0.000114   0.000071
1 46527U 20061BD  23357.20350861  .00072386  00000-0  95851-3 0  9995 | 2 46527  97.3289  72.4996 0001344 315.8500  44.2648 15.58061348179810 | 2023/12/23-04:53:03   92.1314    0.1256   44.2756   92.4225     6771.4052     6770.4952     6772.3153  29.268013  92.824017   0.000118   0.000064
1 46527U 20061BD  23358.74478093  .00088770  00000-0  11617-2 0  9994 | 2 46527  97.3285  74.0870 0001303 315.6218  44.4934 15.58315035180057 | 2023/12/24-17:52:29  286.9208    0.1257   44.5039   92.4075     6770.6703     6769.7881     6771.5525  26.685277  93.598787   0.000113   0.000065
1 46527U 20061BD  23359.77215459  .00080336  00000-0  10459-2 0  9996 | 2 46527  97.3285  75.1447 0001390 311.0699  49.0437 15.58484528180219 | 2023/12/25-18:31:54  296.7318    0.1256   49.0557   92.3975     6770.1794     6769.2384     6771.1205  24.952963  94.075430   0.000125   0.000061
1 46527U 20061BD  23361.12039914  .00098413  00000-0  12644-2 0  9991 | 2 46527  97.3278  76.5325 0001478 305.4787  54.6332 15.58771221180421 | 2023/12/27-02:53:22   62.0426    0.1257   54.6470   92.3805     6769.3493     6768.3488     6770.3498  22.667038  94.651498   0.000137   0.000055
1 46527U 20061BD  23362.14741060  .00124700  00000-0  15772-2 0  9990 | 2 46527  97.3277  77.5906 0001469 302.7863  57.3252 15.59095838180583 | 2023/12/28-03:32:16   71.7213    0.1257   57.3394   92.3612     6768.4096     6767.4153     6769.4039  20.915290  95.053836   0.000138   0.000051
1 46527U 20061BD  23363.17422079  .00133056  00000-0  16618-2 0  9994 | 2 46527  97.3266  78.6484 0001363 305.1319  54.9810 15.59401655180749 | 2023/12/29-04:10:52   81.3259    0.1257   54.9938   92.3431     6767.5247     6766.6023     6768.4471  19.156716  95.422677   0.000125   0.000055
1 46527U 20061BD  23364.20083666  .00140616  00000-0  17346-2 0  9993 | 2 46527  97.3263  79.7065 0001391 301.7501  58.3620 15.59703642180905 | 2023/12/30-04:49:12   90.8622    0.1257   58.3756   92.3252     6766.6511     6765.7099     6767.5923  17.391295  95.759864   0.000129   0.000051
1 46527U 20061BD  23365.67627639  .00127864  00000-0  15581-2 0  9998 | 2 46527  97.3257  81.2291 0001430 300.6705  59.4411 15.60070642181130 | 2023/12/31-16:13:50  261.9526    0.1257   59.4552   92.3035     6765.5898     6764.6224     6766.5573  14.840603  96.187569   0.000133   0.000053
1 46527U 20061BD  24001.76659599  .00133766  00000-0  16113-2 0  9996 | 2 46527  97.3256  82.3540 0001444 300.4805  59.6309 15.60354708181307 | 2024/01/01-18:23:53  294.4177    0.1257   59.6452   92.2867     6764.7687     6763.7919     6765.7455  12.949380  96.460282   0.000133   0.000056
1 46527U 20061BD  24002.79258111  .00144188  00000-0  17144-2 0  9990 | 2 46527  97.3252  83.4126 0001417 297.1523  62.9590 15.60661044181464 | 2024/01/02-19:01:19  303.7251    0.1258   62.9735   92.2686     6763.8834     6762.9250     6764.8419  11.165020  96.682661   0.000133   0.000050
1 46527U 20061BD  24004.13890085  .00147674  00000-0  17301-2 0  9990 | 2 46527  97.3256  84.8028 0001406 289.1786  70.9319 15.61036364181677 | 2024/01/04-03:20:01   68.3378    0.1257   70.9471   92.2464     6762.7992     6761.8484     6763.7501   8.816134  96.925478   0.000136   0.000034
1 46527U 20061BD  24005.16444369  .00130410  00000-0  15141-2 0  9994 | 2 46527  97.3249  85.8633 0001388 293.9575  66.1537 15.61330790181837 | 2024/01/05-03:56:47   77.4828    0.1257   66.1682   92.2290     6761.9490     6761.0105     6762.8876   7.020661  97.071347   0.000131   0.000047
1 46527U 20061BD  24006.18979613  .00140668  00000-0  16128-2 0  9994 | 2 46527  97.3255  86.9242 0001638 300.1661  59.9434 15.61623734181993 | 2024/01/06-04:33:18   86.5611    0.1257   59.9596   92.2117     6761.1033     6759.9959     6762.2108   5.222200  97.185295   0.000146   0.000075
1 46527U 20061BD  24007.21495612  .00134292  00000-0  15238-2 0  9998 | 2 46527  97.3254  87.9838 0001686 296.8041  63.3044 15.61914914182158 | 2024/01/07-05:09:32   95.5706    0.1258   63.3217   92.1945     6760.2630     6759.1232     6761.4028   3.424109  97.265148   0.000153   0.000071
1 46527U 20061BD  24008.75233012  .00158688  00000-0  17635-2 0  9990 | 2 46527  97.3251  89.5752 0001733 296.8219  63.2862 15.62374115182395 | 2024/01/08-18:03:21  288.9495    0.1258   63.3039   92.1674     6758.9383     6757.7670     6760.1097   0.721577  97.322425   0.000155   0.000077
1 46527U 20061BD  24009.77697807  .00177224  00000-0  19381-2 0  9996 | 2 46527  97.3251  90.6361 0001790 294.9795  65.1278 15.62728622182551 | 2024/01/09-18:38:50  297.7726    0.1259   65.1464   92.1465     6757.9161     6756.7065     6759.1258  -1.080485  97.319102   0.000161   0.000077
1 46527U 20061BD  24011.18547593  .00204009  00000-0  21776-2 0  9993 | 2 46527  97.3245  92.0957 0001893 293.2226  66.8833 15.63266008182771 | 2024/01/11-04:27:05   84.7619    0.1259   66.9033   92.1148     6756.3673     6755.0883     6757.6463  -3.559031  97.259404   0.000171   0.000081
1 46527U 20061BD  24012.20950578  .00216420  00000-0  22661-2 0  9992 | 2 46527  97.3245  93.1571 0001934 293.7041  66.4014 15.63719339182936 | 2024/01/12-05:01:41   93.3610    0.1258   66.4217   92.0881     6755.0614     6753.7550     6756.3679  -5.360041  97.176789   0.000173   0.000087
1 46527U 20061BD  24013.74501363  .00214912  00000-0  21948-2 0  9997 | 2 46527  97.3226  94.7507 0002188 302.0313  58.0734 15.64361939183172 | 2024/01/13-17:52:49  286.0645    0.1260   58.0947   92.0503     6753.2114     6751.7338     6754.6890  -8.060295  96.988247   0.000175   0.000131
1 46527U 20061BD  24014.76832762  .00248570  00000-0  24823-2 0  9992 | 2 46527  97.3226  95.8123 0002301 300.7662  59.3371 15.64825135183339 | 2024/01/14-18:26:23  294.4060    0.1260   59.3598   92.0231     6751.8787     6750.3251     6753.4323  -9.855847  96.822264   0.000185   0.000137
1 46527U 20061BD  24015.79131791  .00225621  00000-0  22162-2 0  9996 | 2 46527  97.3218  96.8751 0002332 298.4111  61.6913 15.65315835183491 | 2024/01/15-18:59:29  302.6289    0.1259   61.7148   91.9942     6750.4676     6748.8934     6752.0418 -11.649944  96.622004   0.000190   0.000135
1 46527U 20061BD  24017.19742248  .00221388  00000-0  21202-2 0  9997 | 2 46527  97.3212  98.3365 0002348 290.8390  69.2619 15.65967855183712 | 2024/01/17-04:44:17   88.7526    0.1261   69.2871   91.9559     6748.5937     6747.0091     6750.1782 -14.110264  96.292868   0.000205   0.000114
1 46527U 20061BD  24018.21968884  .00212815  00000-0  20040-2 0  9991 | 2 46527  97.3214  99.4005 0002385 291.0923  69.0082 15.66417817183871 | 2024/01/18-05:16:21   96.7124    0.1260   69.0337   91.9295     6747.3012     6745.6920     6748.9104 -15.895949  96.014445   0.000206   0.000121
1 46527U 20061BD  24019.75251963  .00254087  00000-0  23118-2 0  9990 | 2 46527  97.3211 100.9972 0002524 291.6557  68.4435 15.67148479184112 | 2024/01/19-18:03:37  288.4470    0.1261   68.4704   91.8866     6745.2038     6743.5013     6746.9063 -18.565073  95.533945   0.000213   0.000136
1 46527U 20061BD  24020.77401100  .00240007  00000-0  21466-2 0  9995 | 2 46527  97.3215 102.0629 0002737 292.7655  67.3317 15.67616774184277 | 2024/01/20-18:34:34  296.1270    0.1261   67.3606   91.8592     6743.8604     6742.0146     6745.7062 -20.338771  95.172521   0.000225   0.000156
1 46527U 20061BD  24022.17802453  .00244590  00000-0  21229-2 0  9995 | 2 46527  97.3208 103.5282 0002821 293.0691  67.0273 15.68344500184496 | 2024/01/22-04:16:21   81.4912    0.1262   67.0571   91.8166     6741.7741     6739.8723     6743.6760 -22.765663  94.620625   0.000226   0.000168
1 46527U 20061BD  24023.19869690  .00314964  00000-0  26443-2 0  9990 | 2 46527  97.3211 104.5935 0002945 289.6942  70.4002 15.68950182184658 | 2024/01/23-04:46:07   88.8760    0.1262   70.4320   91.7811     6740.0389     6738.0540     6742.0239 -24.520983  94.181303   0.000243   0.000166
1 46527U 20061BD  24024.79270055  .00326452  00000-0  26316-2 0  9992 | 2 46527  97.3201 106.2591 0003203 291.3248  68.7672 15.69908026184903 | 2024/01/24-19:01:29  302.6252    0.1262   68.8014   91.7251     6737.2971     6735.1392     6739.4551 -27.247827  93.427821   0.000254   0.000195
1 46527U 20061BD  24026.13098785  .00282126  00000-0  22255-2 0  9997 | 2 46527  97.3192 107.6595 0003199 291.0776  69.0144 15.70564061185119 | 2024/01/26-03:08:37   64.3273    0.1262   69.0486   91.6868     6735.4209     6733.2662     6737.5755 -29.522712  92.733145   0.000250   0.000200
1 46527U 20061BD  24027.21395573  .00266784  00000-0  20632-2 0  9991 | 2 46527  97.3188 108.7934 0003410 291.4872  68.6027 15.71085963185283 | 2024/01/27-05:08:05   94.1314    0.1263   68.6391   91.6563     6733.9291     6731.6329     6736.2254 -31.351898  92.130382   0.000260   0.000220
1 46527U 20061BD  24028.74223905  .00271226  00000-0  20339-2 0  9990 | 2 46527  97.3170 110.3950 0003331 288.1240  71.9660 15.71812089185529 | 2024/01/28-17:48:49  284.2180    0.1263   72.0023   91.6140     6731.8551     6729.6127     6734.0975 -33.914026  91.216431   0.000261   0.000207
1 46527U 20061BD  24030.46061841  .00309334  00000-0  22152-2 0  9998 | 2 46527  97.3163 112.1977 0003490 284.6028  75.4849 15.72798964185794 | 2024/01/30-11:03:17  182.7279    0.1264   75.5236   91.5565     6729.0388     6726.6904     6731.3872 -36.766450  90.103776   0.000279   0.000209
1 46527U 20061BD  24032.17788210  .00302131  00000-0  20723-2 0  9994 | 2 46527  97.3155 114.0037 0003540 281.8007  78.2860 15.73836090186064 | 2024/02/01-04:16:09   80.8305    0.1264   78.3257   91.4962     6726.0823     6723.7012     6728.4633 -39.587521  88.899577   0.000287   0.000207
1 46527U 20061BD  24033.19499325  .00316484  00000-0  21107-2 0  9996 | 2 46527  97.3150 115.0738 0003544 280.5233  79.5633 15.74452364186228 | 2024/02/02-04:40:47   86.9230    0.1265   79.6032   91.4604     6724.3270     6721.9439     6726.7101 -41.240665  88.144295   0.000288   0.000206
1 46527U 20061BD  24034.21170805  .00303463  00000-0  19748-2 0  9990 | 2 46527  97.3152 116.1443 0004019 284.1198  75.9621 15.75058127186387 | 2024/02/03-05:04:51   92.8766    0.1266   76.0068   91.4252     6722.6028     6719.9010     6725.3046 -42.880325  87.358605   0.000307   0.000260
1 46527U 20061BD  24035.73602051  .00364691  00000-0  22573-2 0  9991 | 2 46527  97.3146 117.7520 0004227 284.6464  75.4332 15.76046724186627 | 2024/02/04-17:39:52  281.5262    0.1265   75.4801   91.3678     6719.7913     6716.9508     6722.6317 -45.314097  86.120636   0.000312   0.000285
1 46527U 20061BD  24036.75167736  .00400096  00000-0  23900-2 0  9995 | 2 46527  97.3137 118.8242 0004231 288.0128  72.0676 15.76765424186786 | 2024/02/05-18:02:24  287.0907    0.1265   72.1137   91.3262     6717.7492     6714.9069     6720.5914 -46.917247  85.256837   0.000289   0.000309
1 46527U 20061BD  24038.14741066  .00427854  00000-0  24280-2 0  9997 | 2 46527  97.3143 120.2981 0004645 286.8022  73.2735 15.77856338187009 | 2024/02/07-03:32:16   69.4612    0.1267   73.3245   91.2631     6714.6524     6711.5334     6717.7714 -49.094966  84.022362   0.000316   0.000340
1 46527U 20061BD  24039.79560993  .00472562  00000-0  25060-2 0  9990 | 2 46527  97.3140 122.0440 0004910 286.4136  73.6591 15.79260957187263 | 2024/02/08-19:05:40  302.6946    0.1267   73.7131   91.1819     6710.6704     6707.3755     6713.9653 -51.631924  82.487326   0.000326   0.000367
1 46527U 20061BD  24041.18906172  .00487460  00000-0  24395-2 0  9992 | 2 46527  97.3125 123.5218 0005063 285.7040  74.3669 15.80507718187480 | 2024/02/10-04:32:14   84.2347    0.1268   74.4228   91.1100     6707.1409     6703.7450     6710.5367 -53.741239  81.127072   0.000331   0.000383
1 46527U 20061BD  24042.20176915  .00538972  00000-0  25649-2 0  9998 | 2 46527  97.3119 124.5972 0005168 285.9698  74.1001 15.81481540187649 | 2024/02/11-04:50:32   88.7331    0.1269   74.1571   91.0539     6704.3872     6700.9224     6707.8521 -55.254039  80.103664   0.000328   0.000399
1 46527U 20061BD  24043.21380180  .00667370  00000-0  29619-2 0  9997 | 2 46527  97.3112 125.6735 0005396 284.8280  75.2392 15.82675955187808 | 2024/02/12-05:07:52   92.9888    0.1270   75.2990   90.9851     6701.0137     6697.3978     6704.6296 -56.748540  79.051078   0.000343   0.000416
1 46527U 20061BD  24044.47777693  .00605845  00000-0  25364-2 0  9997 | 2 46527  97.3100 127.0209 0005576 283.8497  76.2152 15.84079413188003 | 2024/02/13-11:27:59  187.9206    0.1270   76.2773   90.9045     6697.0551     6693.3209     6700.7894 -58.590964  77.693854   0.000352   0.000433
1 46527U 20061BD  24045.48808515  .00813855  00000-0  31144-2 0  9992 | 2 46527  97.3080 128.0991 0005558 283.1266  76.9384 15.85480906188161 | 2024/02/14-11:42:50  191.5490    0.1271   77.0005   90.8242     6693.1080     6689.3879     6696.8280 -60.041324  76.576016   0.000348   0.000433
1 46527U 20061BD  24046.68670908  .00711187  00000-0  25610-2 0  9994 | 2 46527  97.3071 129.3818 0006232 284.6075  75.4506 15.86988859188359 | 2024/02/15-16:28:51  262.9593    0.1272   75.5197   90.7379     6688.8674     6684.6989     6693.0359 -61.739898  75.212079   0.000366   0.000504
1 46527U 20061BD  24047.75815538  .00803300  25766-3  29141-2 0  9994 | 2 46527  97.3067 130.5316 0006388 284.5316  75.5247 15.88529627188528 | 2024/02/16-18:11:44  288.5880    0.1272   75.5956   90.6499     6684.5416     6680.2715     6688.8117 -63.236445  73.957730   0.000366   0.000524
1 46527U 20061BD  24048.76559268  .00730731  21433-3  24646-2 0  9990 | 2 46527  97.3057 131.6137 0006906 286.3931  73.6583 15.89973166188680 | 2024/02/17-18:22:27  291.1812    0.1274   73.7343   90.5676     6680.4950     6675.8815     6685.1086 -64.621202  72.749567   0.000366   0.000586
1 46527U 20061BD  24049.77206196  .00818545  27971-3  25415-2 0  9999 | 2 46527  97.3061 132.6972 0007177 285.7257  74.3225 15.91615940188843 | 2024/02/18-18:31:46  293.4219    0.1274   74.4017   90.4741     6675.8974     6671.1061     6680.6887 -65.985578  71.514898   0.000376   0.000611
1 46527U 20061BD  24050.77741858  .00969316  41657-3  27292-2 0  9995 | 2 46527  97.3066 133.7825 0007443 287.2013  72.8447 15.93536094189002 | 2024/02/19-18:39:28  295.2581    0.1275   72.9262   90.3651     6670.5335     6665.5687     6675.4984 -67.328645  70.252601   0.000361   0.000651
1 46527U 20061BD  24051.78160745  .00933710  39347-3  23955-2 0  9991 | 2 46527  97.3058 134.8707 0007911 285.0593  74.9807 15.95281315189168 | 2024/02/20-18:45:30  296.6737    0.1276   75.0683   90.2662     6665.6676     6660.3944     6670.9409 -68.650142  68.960690   0.000396   0.000685
1 46527U 20061BD  24052.78462753  .00954111  42541-3  22025-2 0  9991 | 2 46527  97.3062 135.9587 0008366 283.6249  76.4096 15.97235356189329 | 2024/02/21-18:49:51  297.6670    0.1277   76.5028   90.1558     6660.2301     6654.6581     6665.8020 -69.947481  67.645004   0.000424   0.000721
1 46527U 20061BD  24054.16160746  .01299133  91579-3  25029-2 0  9991 | 2 46527  97.3051 137.4593 0008986 286.0762  73.9527 16.00593275189543 | 2024/02/23-03:52:42   73.2420    0.1279   74.0517   89.9666     6650.9117     6644.9352     6656.8882 -71.694130  65.789317   0.000400   0.000804
1 46527U 20061BD  24055.22340819  .01308490  98555-3  21229-2 0  9996 | 2 46527  97.3035 138.6218 0009702 284.8775  75.1431 16.03555726189718 | 2024/02/24-05:21:42   95.3826    0.1281   75.2506   89.8004     6642.7178     6636.2730     6649.1626 -73.012910  64.320184   0.000433   0.000868
1 46527U 20061BD  24056.78134077  .01999129  33819-2  24830-2 0  9992 | 2 46527  97.3005 140.3345 0010083 282.6864  77.3292 16.08553177189964 | 2024/02/25-18:45:07  296.0662    0.1284   77.4420   89.5214     6628.9523     6622.2683     6635.6363 -74.900372  62.107339   0.000457   0.000899
1 46527U 20061BD  24058.20838942  .03914554  23604-5  23941-2 0  9990 | 2 46527  97.2986 141.9195 0010872 284.2186  75.7894 16.18018808190197 | 2024/02/27-05:00:04   89.6329    0.1288   75.9102   88.9977     6603.0735     6595.8946     6610.2524 -76.588104  60.010664   0.000440   0.000994
1 46527U 20061BD  24059.50081478  .12734574  24604-5  11204-2 0  9990 | 2 46527  97.2881 143.3846 0011717 279.9878  80.0098 16.39080848190403 | 2024/02/28-12:01:10  194.7252    0.1299   80.1421   87.8541     6546.3857     6538.7153     6554.0561 -78.088993  58.026576   0.000525   0.001047
