# SPACE DATA - HISTORICAL TLEs
# ----------------------------
# NORAD_ID    : 46313
# OBJECT_NAME : FLOCK 4V 1
# --------------------------------------------------------------------+-----------------------------------------------------------------------+----------------------------------------------------------------------------------------------------------------------------------------
#                  LINE 1                                             |                 LINE 2                                                |      DERIVED PARAMETERS
# --------------------------------------------------------------------+-----------------------------------------------------------------------+----------------------------------------------------------------------------------------------------------------------------------------
# NORAD  COSPAR     TLE_EPOCH      MEANMOT1 MEANMOT2   BSTAR  #  REV  |   NORAD    INC     RAAN     ECC    ARGPER  MEANANOM   MEANMOT     REV |  CAL_DATE              LONG     ARGLAT     PERIOD        SMA         PERIGEE        APOGEE      INC_X      INC_Y      ECC_X      ECC_Y
# ------ ------   -------------- ----------  -------  ------- -- ----     -----  ------- -------- ------- -------- -------- -----------  ----   ------------------- ---------  --------  --------  ------------  ------------   ----------- ---------- ----------  ---------  ---------   
1 46596U 20061BK  20288.61637258 +.00001837 +00000-0 +10000-3 0  9990 | 2 46596 097.4613 000.9820 0005723 078.4860 281.9442 15.15668304000011 | 2020/10/14-14:47:34  244.0923    0.3660  281.8800   95.0076     6897.0874     6893.1402     6901.0346  97.446986   1.670320   0.000105   0.000563
1 46596U 20061BK  20289.93672298 +.00000256 +00000-0 +16890-4 0  9997 | 2 46596 097.4584 002.2791 0005915 078.5115 281.6782 15.15662436000213 | 2020/10/15-22:28:52  359.6633    0.1233  281.6118   95.0080     6897.1052     6893.0256     6901.1848  97.381307   3.875658   0.000095   0.000584
1 46596U 20061BK  20291.19109646 +.00000282 +00000-0 +18243-4 0  9993 | 2 46596 097.4581 003.5110 0005772 076.3044 283.8831 15.15663506000406 | 2020/10/17-04:35:10   91.2444    0.1233  283.8189   95.0079     6897.1019     6893.1209     6901.0830  97.275177   5.968350   0.000102   0.000568
1 46596U 20061BK  20292.44546871 +.00000314 +00000-0 +19946-4 0  9994 | 2 46596 097.4580 004.7426 0005822 072.1836 288.0031 15.15665581000591 | 2020/10/18-10:41:28  182.8240    0.1232  287.9396   95.0078     6897.0957     6893.0802     6901.1111  97.124322   8.057778   0.000132   0.000567
1 46596U 20061BK  20293.83187719 +.00000629 +00000-0 +36476-4 0  9996 | 2 46596 097.4579 006.1037 0005789 068.5577 291.6272 15.15668791000803 | 2020/10/19-19:57:54  321.9382    0.1232  291.5655   95.0076     6897.0859     6893.0932     6901.0786  96.905419  10.362531   0.000153   0.000558
1 46596U 20061BK  20295.21828473 +.00000699 +00000-0 +40158-4 0  9998 | 2 46596 097.4577 007.4650 0005725 064.9404 295.2422 15.15670810001011 | 2020/10/21-05:14:19  101.0525    0.1232  295.1828   95.0074     6897.0798     6893.1312     6901.0284  96.631689  12.661756   0.000173   0.000546
1 46596U 20061BK  20296.60469046 +.00000767 +00000-0 +43749-4 0  9994 | 2 46596 097.4576 008.8262 0005662 061.4078 298.7723 15.15672871001227 | 2020/10/22-14:30:45  240.1663    0.1232  298.7154   95.0073     6897.0735     6893.1684     6900.9787  96.303538  14.953671   0.000191   0.000533
1 46596U 20061BK  20297.79303654 +.00000801 +00000-0 +45523-4 0  9998 | 2 46596 097.4574 009.9929 0005588 058.2898 301.8878 15.15674722001402 | 2020/10/23-19:01:58  307.9780    0.1232  301.8334   95.0072     6897.0679     6893.2138     6900.9220  95.978899  16.911406   0.000207   0.000519
1 46596U 20061BK  20299.44351402 +.00000906 +00000-0 +51065-4 0  9990 | 2 46596 097.4573 011.6134 0005486 053.8709 306.3030 15.15678089001655 | 2020/10/25-10:38:39  182.1599    0.1232  306.2523   95.0070     6897.0577     6893.2740     6900.8414  95.462173  19.618838   0.000228   0.000499
1 46596U 20061BK  20300.63185549 +.00000885 +00000-0 +49963-4 0  9991 | 2 46596 097.4573 012.7801 0005408 050.5692 309.6019 15.15680205001833 | 2020/10/26-15:09:52  249.9702    0.1233  309.5541   95.0068     6897.0513     6893.3214     6900.7812  95.042917  21.558509   0.000243   0.000483
1 46596U 20061BK  20301.75417656 +.00000824 +00000-0 +46737-4 0  9991 | 2 46596 097.4572 013.8819 0005330 047.4183 312.7499 15.15681849002009 | 2020/10/27-18:06:00  294.0131    0.1233  312.7050   95.0067     6897.0463     6893.3702     6900.7224  94.610702  23.382066   0.000256   0.000468
1 46596U 20061BK  20303.20658983  .00000884  00000-0  49907-4 0  9991 | 2 46596  97.4571  15.3078 0005228  43.3939 316.7705 15.15684715  2225 | 2020/10/29-04:57:29   96.8913    0.1233  316.7294   95.0066     6897.0376     6893.4318     6900.6434  93.999467  25.729099   0.000272   0.000447
1 46596U 20061BK  20304.46094449  .00000870  00000-0  49166-4 0  9993 | 2 46596  97.4569  16.5393 0005123  39.8371 320.3237 15.15686994  2412 | 2020/10/30-11:03:45  188.4675    0.1233  320.2862   95.0064     6897.0307     6893.4973     6900.5640  93.424591  27.743343   0.000284   0.000427
1 46596U 20061BK  20305.78131559  .00000848  00000-0  47964-4 0  9992 | 2 46596  97.4567  17.8356 0005004  36.0303 324.1266 15.15689508  2615 | 2020/10/31-18:45:05  303.8101    0.1233  324.0930   95.0063     6897.0231     6893.5718     6900.4743  92.772860  29.849705   0.000295   0.000404
1 46596U 20061BK  20307.16770146  .00001024  00000-0  57246-4 0  9998 | 2 46596  97.4565  19.1967 0004895  31.9381 328.2148 15.15693649  2821 | 2020/11/02-04:01:29   82.9184    0.1233  328.1852   95.0060     6897.0105     6893.6344     6900.3866  92.037462  32.044891   0.000307   0.000381
1 46596U 20061BK  20308.35603051  .00000975  00000-0  54664-4 0  9995 | 2 46596  97.4563  20.3633 0004796  28.5123 331.6371 15.15695887  3002 | 2020/11/03-08:32:41  150.7250    0.1233  331.6110   95.0059     6897.0037     6893.6959     6900.3115  91.365775  33.912026   0.000315   0.000361
1 46596U 20061BK  20309.74241362  .00000804  00000-0  45683-4 0  9994 | 2 46596  97.4561  21.7243 0004671  24.3020 335.8432 15.15697310  3214 | 2020/11/04-17:49:04  289.8326    0.1233  335.8213   95.0058     6896.9994     6893.7778     6900.2210  90.534346  36.072477   0.000324   0.000336
1 46596U 20061BK  20310.79870378  .00000769  00000-0  43816-4 0  9992 | 2 46596  97.4559  22.7612 0004572  21.1109 339.0311 15.15698946  3370 | 2020/11/05-19:10:08  310.1045    0.1232  339.0123   95.0057     6896.9944     6893.8411     6900.1477  89.866557  37.704832   0.000330   0.000317
1 46596U 20061BK  20312.18508200  .00000976  00000-0  54698-4 0  9999 | 2 46596  97.4558  24.1222 0004440  16.6798 343.4580 15.15702696  3587 | 2020/11/07-04:26:31   89.2104    0.1233  343.4435   95.0054     6896.9831     6893.9208     6900.0453  88.945560  39.828638   0.000336   0.000290
1 46596U 20061BK  20316.14614973 +.00000871 +00000+0 +49165-4 0  9990 | 2 46596  97.4556  28.0105 0004068   3.5594 356.5667 15.15709503004185 | 2020/11/11-03:30:27   75.2223    0.1233  356.5639   95.0050     6896.9624     6894.1567     6899.7681  86.039801  45.768401   0.000347   0.000213
1 46596U 20061BK  20317.46650154 +.00000936 +00000+0 +52592-4 0  9997 | 2 46596  97.4555  29.3065 0003939 358.9321   1.1902 15.15712245004388 | 2020/11/12-11:11:45  190.5582    0.1232    1.1911   95.0048     6896.9541     6894.2374     6899.6708  84.982536  47.702653   0.000347   0.000186
1 46596U 20061BK  20318.65481629 +.00000964 +00000-0 +54056-4 0  9997 | 2 46596 097.4554 030.4730 0003817 354.5195 005.5995 15.15714687004567 | 2020/11/13-15:42:56  258.3596    0.1233    5.6038   95.0047     6896.9467     6894.3141     6899.5792  83.993714  49.422779   0.000346   0.000161
1 46596U 20061BK  20319.77711164 +.00000972 +00000-0 +54475-4 0  9995 | 2 46596 097.4553 031.5747 0003717 350.3077 009.8083 15.15717033004730 | 2020/11/14-18:39:02  302.3934    0.1233    9.8156   95.0045     6896.9396     6894.3760     6899.5032  83.027845  51.028546   0.000345   0.000139
1 46596U 20061BK  20321.16347406 +.00000915 +00000-0 +51451-4 0  9993 | 2 46596 097.4551 032.9355 0003599 344.8798 015.2327 15.15719588004946 | 2020/11/16-03:55:24   81.4930    0.1233   15.2435   95.0044     6896.9318     6894.4496     6899.4140  81.792424  52.985808   0.000343   0.000110
1 46596U 20061BK  20322.74788592 +.00000852 +00000-0 +48151-4 0  9996 | 2 46596 097.4549 034.4907 0003459 338.6222 021.4865 15.15722151005184 | 2020/11/17-17:56:57  291.8916    0.1232   21.5010   95.0042     6896.9240     6894.5384     6899.3097  80.324094  55.186026   0.000337   0.000078
1 46596U 20061BK  20323.80415884 +.00000832 +00000-0 +47086-4 0  9999 | 2 46596 097.4548 035.5275 0003366 334.1610 025.9454 15.15723934005343 | 2020/11/18-19:17:59  312.1564    0.1233   25.9623   95.0041     6896.9186     6894.5971     6899.2401  79.312294  56.630364   0.000332   0.000057
1 46596U 20061BK  20325.19051493 +.00000924 +00000-0 +51936-4 0  9996 | 2 46596 097.4546 036.8882 0003258 327.9976 032.1058 15.15727016005552 | 2020/11/20-04:34:20   91.2534    0.1232   32.1256   95.0039     6896.9093     6894.6623     6899.1563  77.944998  58.497661   0.000325   0.000028
1 46596U 20061BK  20326.77491846 +.00000979 +00000-0 +54825-4 0  9991 | 2 46596 097.4545 038.4434 0003136 320.7638 039.3367 15.15730583005794 | 2020/11/21-18:35:52  301.6480    0.1233   39.3595   95.0037     6896.8985     6894.7356     6899.0613  76.328580  60.591481   0.000314  -0.000004
1 46596U 20061BK  20328.16126685  .00001187  00000-0  65717-4 0  9996 | 2 46596  97.4544  39.8041 0003049 314.3637  45.7345 15.15735165  6006 | 2020/11/23-03:52:13   80.7415    0.1232   45.7595   95.0034     6896.8846     6894.7817     6898.9874  74.868146  62.386864   0.000303  -0.000031
1 46596U 20061BK  20329.48159662  .00001305  00000-0  71898-4 0  9992 | 2 46596  97.4545  41.1001 0002968 308.1266  51.9699 15.15738835  6207 | 2020/11/24-11:33:29  196.0673    0.1233   51.9967   95.0032     6896.8734     6894.8264     6898.9204  73.438032  64.064304   0.000292  -0.000055
1 46596U 20061BK  20330.53785762 +.00001387 +00000-0 +76202-4 0  9990 | 2 46596 097.4544 042.1368 0002907 302.9468 057.1485 15.15742087006364 | 2020/11/25-12:54:30  216.3268    0.1233   57.1765   95.0030     6896.8636     6894.8586     6898.8685  72.266831  65.382453   0.000281  -0.000075
1 46596U 20061BK  20331.72614841 +.00001467 +00000-0 +80414-4 0  9990 | 2 46596 097.4544 043.3031 0002854 296.7770 063.3171 15.15746012006544 | 2020/11/26-17:25:39  284.1177    0.1233   63.3463   95.0027     6896.8517     6894.8833     6898.8200  70.921041  66.839853   0.000268  -0.000097
1 46596U 20061BK  20333.44256248  .00001528  00000-0  83570-4 0  9998 | 2 46596  97.4542  44.9878 0002802 287.5766  72.5160 15.15752039  6809 | 2020/11/28-10:37:17  182.0353    0.1232   72.5466   95.0023     6896.8334     6894.9009     6898.7659  68.925197  68.895851   0.000249  -0.000129
1 46596U 20061BK  20334.82889181  .00001528  00000-0  83543-4 0  9999 | 2 46596  97.4540  46.3485 0002772 280.2509  79.8411 15.15756915  7018 | 2020/11/29-19:53:36  321.1202    0.1233   79.8724   95.0020     6896.8186     6894.9068     6898.7304  67.269590  70.513008   0.000231  -0.000153
1 46596U 20061BK  20336.14920149  .00001620  00000-0  88352-4 0  9992 | 2 46596  97.4537  47.6444 0002771 273.2377  86.8538 15.15761807  7213 | 2020/12/01-03:34:51   76.4376    0.1232   86.8855   95.0017     6896.8037     6894.8926     6898.7149  65.657475  72.016107   0.000215  -0.000175
1 46596U 20061BK  20337.46950739  .00001644  00000-0  89622-4 0  9993 | 2 46596  97.4535  48.9402 0002768 265.9402  94.1514 15.15766369  7418 | 2020/12/02-11:16:05  191.7532    0.1232   94.1830   95.0014     6896.7899     6894.8809     6898.6989  64.011977  73.482320   0.000195  -0.000196
1 46596U 20061BK  20338.92183928  .00001567  00000-0  85559-4 0  9992 | 2 46596  97.4533  50.3656 0002791 257.7881 102.3039 15.15771092  7637 | 2020/12/03-22:07:26  354.5984    0.1232  102.3351   95.0012     6896.7756     6894.8507     6898.7005  62.164143  75.051749   0.000172  -0.000219
1 46596U 20061BK  20340.11010722  .00001513  00000-0  82747-4 0  9994 | 2 46596  97.4531  51.5318 0002822 251.3730 108.7196 15.15775097  7814 | 2020/12/05-02:38:33   62.3793    0.1232  108.7502   95.0009     6896.7634     6894.8172     6898.7097  60.623642  76.301250   0.000153  -0.000237
1 46596U 20061BK  20341.16634270  .00001512  00000-0  82667-4 0  9990 | 2 46596  97.4531  52.5684 0002867 246.0456 114.0476 15.15778822  7973 | 2020/12/06-03:59:32   82.6279    0.1232  114.0776   95.0007     6896.7521     6894.7748     6898.7294  59.233347  77.385511   0.000137  -0.000252
1 46596U 20061BK  20342.22257656  .00001425  00000-0  78110-4 0  9998 | 2 46596  97.4530  53.6050 0002912 240.6914 119.4028 15.15781668  8134 | 2020/12/07-05:20:30  102.8756    0.1233  119.4319   95.0005     6896.7435     6894.7352     6898.7518  57.823605  78.444362   0.000120  -0.000265
1 46596U 20061BK  20343.67489292  .00001425  00000-0  78091-4 0  9999 | 2 46596  97.4532  55.0304 0002974 232.9500 127.1461 15.15788998  8351 | 2020/12/08-16:11:50  265.7136    0.1233  127.1733   95.0000     6896.7213     6894.6702     6898.7724  55.854496  79.858635   0.000092  -0.000283
1 46596U 20061BK  20344.73111866  .00002125  00000-0  11472-3 0  9993 | 2 46596  97.4528  56.0665 0003037 229.3149 130.7820 15.15795439  8512 | 2020/12/09-17:32:48  285.9591    0.1232  130.8083   94.9996     6896.7017     6894.6072     6898.7963  54.401107  80.855228   0.000081  -0.000293
1 46596U 20061BK  20345.78734052  .00002899  00000-0  15523-3 0  9996 | 2 46596  97.4531  57.1033 0003121 223.2099 136.8889 15.15801743  8673 | 2020/12/10-18:53:46  306.2013    0.1232  136.9133   94.9992     6896.6826     6894.5302     6898.8351  52.929321  81.826607   0.000056  -0.000307
1 46596U 20061BK  20346.90957354  .00002030  00000-0  10976-3 0  9997 | 2 46596  97.4532  58.2049 0003206 217.7933 142.3075 15.15803768  8849 | 2020/12/11-21:49:47  350.2077    0.1233  142.3300   94.9991     6896.6765     6894.4654     6898.8875  51.346445  82.829154   0.000034  -0.000319
1 46596U 20061BK  20348.16383119  .00001750  00000-0  95071-4 0  9997 | 2 46596  97.4526  59.4357 0003308 213.0328 147.0698 15.15807100  9036 | 2020/12/13-03:55:55   81.7441    0.1232  147.0904   94.9989     6896.6664     6894.3849     6898.9478  49.555135  83.912442   0.000014  -0.000330
1 46596U 20061BK  20350.14423229  .00001252  00000-0  68992-4 0  9994 | 2 46596  97.4524  61.3792 0003468 205.2920 154.8144 15.15811291  9338 | 2020/12/15-03:27:41   74.6932    0.1233  154.8313   94.9986     6896.6536     6894.2619     6899.0454  46.680729  85.544607  -0.000020  -0.000346
1 46596U 20061BK  20351.46449477  .00001281  00000-0  70491-4 0  9992 | 2 46596  97.4522  62.6749 0003602 199.2098 160.8999 15.15816114  9536 | 2020/12/16-11:08:52  189.9900    0.1232  160.9134   94.9983     6896.6390     6894.1549     6899.1232  44.734340  86.578115  -0.000051  -0.000357
1 46596U 20061BK  20352.52070324  .00001109  00000-0  61477-4 0  9994 | 2 46596  97.4520  63.7114 0003709 195.4502 164.6618 15.15818508  9694 | 2020/12/17-12:29:48  210.2273    0.1232  164.6730   94.9982     6896.6318     6894.0738     6899.1897  43.160790  87.372985  -0.000070  -0.000364
1 46596U 20061BK  20353.77494772  .00001277  00000-0  70265-4 0  9990 | 2 46596  97.4518  64.9423 0003834 190.6311 169.4841 15.15822377  9882 | 2020/12/18-18:35:55  301.7575    0.1232  169.4921   94.9979     6896.6200     6893.9759     6899.2642  41.273834  88.279805  -0.000096  -0.000371
1 46596U 20061BK  20354.83115045  .00001416  00000-0  77524-4 0  9991 | 2 46596  97.4517  65.9788 0003912 187.1940 172.9237 15.15826229 10040 | 2020/12/19-19:56:51  321.9925    0.1232  172.9292   94.9977     6896.6083     6893.9104     6899.3063  39.670115  89.011886  -0.000113  -0.000374
1 46596U 20061BK  20356.48146449  .00001507  00000-0  82301-4 0  9996 | 2 46596  97.4516  67.5982 0004064 181.4103 178.7119 15.15831106 10290 | 2020/12/21-11:33:18  196.1083    0.1232  178.7129   94.9974     6896.5935     6893.7908     6899.3963  37.138748  90.097324  -0.000146  -0.000379
1 46596U 20061BK  20357.80170614  .00002386  00000-0  12825-3 0  9993 | 2 46596  97.4515  68.8938 0004188 176.5083 183.6180 15.15841398 10492 | 2020/12/22-19:14:27  311.3968    0.1233  183.6150   94.9967     6896.5623     6893.6740     6899.4506  35.092067  90.913925  -0.000174  -0.000381
1 46596U 20061BK  20359.18795768  .00002519  00000-0  13519-3 0  9998 | 2 46596  97.4516  70.2541 0004350 172.1811 187.9490 15.15847287 10700 | 2020/12/24-04:30:39   90.4497    0.1232  187.9421   94.9964     6896.5445     6893.5445     6899.5445  32.923961  91.721465  -0.000201  -0.000386
1 46596U 20061BK  20360.44218017  .00001842  00000-0  99753-4 0  9999 | 2 46596  97.4517  71.4850 0004468 168.2058 191.9280 15.15850228 10897 | 2020/12/25-10:36:44  181.9714    0.1232  191.9174   94.9962     6896.5355     6893.4542     6899.6169  30.946072  92.407654  -0.000225  -0.000386
1 46596U 20061BK  20361.76240947  .00002013  00000-0  10870-3 0  9995 | 2 46596  97.4516  72.7807 0004606 163.6244 196.5138 15.15855771 11096 | 2020/12/26-18:17:52  297.2551    0.1232  196.4988   94.9958     6896.5187     6893.3422     6899.6953  28.848579  93.083693  -0.000255  -0.000384
1 46596U 20061BK  20363.14864587  .00001807  00000-0  97924-4 0  9997 | 2 46596  97.4510  74.1409 0004650 159.9730 200.1686 15.15860064 11306 | 2020/12/28-03:34:03   76.3029    0.1232  200.1502   94.9956     6896.5057     6893.2988     6899.7126  26.630690  93.741686  -0.000273  -0.000377
1 46596U 20061BK  20364.27083133  .00002024  00000-0  10920-3 0  9994 | 2 46596  97.4509  75.2420 0004766 156.5023 203.6428 15.15866688 11473 | 2020/12/29-06:29:59  120.2912    0.1232  203.6209   94.9952     6896.4856     6893.1988     6899.7725  24.824347  94.236032  -0.000295  -0.000374
1 46596U 20061BK  20365.45902655  .00001796  00000-0  97275-4 0  9998 | 2 46596  97.4507  76.4079 0004896 152.9276 207.2212 15.15869977 11653 | 2020/12/30-11:00:59  188.0430    0.1232  207.1956   94.9950     6896.4756     6893.0991     6899.8522  22.901703  94.721438  -0.000319  -0.000371
1 46596U 20061BK  20366.77924091  .00001544  00000-0  84098-4 0  9992 | 2 46596  97.4504  77.7034 0004992 149.4243 210.7281 15.15873009 11855 | 2020/12/31-18:42:06  303.3223    0.1232  210.6989   94.9948     6896.4665     6893.0237     6899.9092  20.754246  95.214714  -0.000340  -0.000366
1 46596U 20061BK  21002.16546211  .00001204  00000-0  66320-4 0  9998 | 2 46596  97.4503  79.0636 0005090 145.5900 214.5663 15.15875775 12066 | 2021/01/02-03:58:15   82.3642    0.1232  214.5332   94.9946     6896.4581     6892.9478     6899.9684  18.488197  95.680445  -0.000362  -0.000358
1 46596U 20061BK  21003.48567070  .00001011  00000-0  56247-4 0  9993 | 2 46596  97.4502  80.3591 0005155 141.9502 218.2095 15.15878064 12266 | 2021/01/03-11:39:21  197.6417    0.1232  218.1730   94.9944     6896.4511     6892.8960     6900.0062  16.320233  96.073885  -0.000381  -0.000347
1 46596U 20061BK  21004.67385487  .00001117  00000-0  61788-4 0  9998 | 2 46596  97.4500  81.5249 0005261 138.6351 221.5281 15.15881735 12443 | 2021/01/04-16:10:21  265.3898    0.1233  221.4882   94.9942     6896.4400     6892.8118     6900.0682  14.362140  96.385847  -0.000402  -0.000339
1 46596U 20061BK  21005.79602706  .00001305  00000-0  71607-4 0  9998 | 2 46596  97.4499  82.6260 0005357 135.4051 224.7613 15.15885516 12617 | 2021/01/05-19:06:16  309.3735    0.1232  224.7181   94.9940     6896.4285     6892.7341     6900.1229  12.507264  96.643941  -0.000422  -0.000330
1 46596U 20061BK  21006.85218623  .00001439  00000-0  78609-4 0  9994 | 2 46596  97.4498  83.6623 0005383 132.8030 227.3656 15.15889217 12772 | 2021/01/06-20:27:08  329.5933    0.1232  227.3202   94.9937     6896.4173     6892.7050     6900.1296  10.757318  96.854239  -0.000433  -0.000320
1 46596U 20061BK  21008.17238405  .00001212  00000-0  66703-4 0  9992 | 2 46596  97.4496  84.9576 0005477 129.2617 230.9102 15.15891426 12979 | 2021/01/08-04:08:13   84.8672    0.1232  230.8615   94.9936     6896.4106     6892.6334     6900.1878   8.565130  97.072463  -0.000453  -0.000308
1 46596U 20061BK  21009.69060864  .00001007  00000-0  55995-4 0  9995 | 2 46596  97.4494  86.4471 0005568 125.2113 234.9642 15.15893885 13207 | 2021/01/09-16:34:28  271.4314    0.1233  234.9120   94.9935     6896.4031     6892.5632     6900.2431   6.038946  97.262103  -0.000474  -0.000292
1 46596U 20061BK  21011.53887657  .00001105  00000-0  61117-4 0  9990 | 2 46596  97.4492  88.2604 0005661 120.2447 239.9347 15.15898573 13488 | 2021/01/11-12:55:58  216.8124    0.1233  239.8786   94.9932     6896.3889     6892.4849     6900.2930   2.958273  97.404287  -0.000497  -0.000270
1 46596U 20061BK  21012.79305198  .00001600  00000-0  86979-4 0  9997 | 2 46596  97.4490  89.4910 0005693 117.0333 243.1482 15.15905139 13677 | 2021/01/12-19:01:59  308.3190    0.1233  243.0900   94.9928     6896.3690     6892.4429     6900.2951   0.865699  97.445155  -0.000509  -0.000254
1 46596U 20061BK  21014.17924400  .00001494  00000-0  81401-4 0  9990 | 2 46596  97.4487  90.8510 0005741 113.5411 246.6425 15.15908702 13884 | 2021/01/14-04:18:06   87.3523    0.1232  246.5821   94.9925     6896.3582     6892.3990     6900.3174  -1.447328  97.437951  -0.000523  -0.000237
1 46596U 20061BK  21015.63144031  .00001427  00000-0  77881-4 0  9999 | 2 46596  97.4484  92.2758 0005776 109.8018 250.3838 15.15913093 14105 | 2021/01/15-15:09:16  250.1476    0.1233  250.3215   94.9923     6896.3449     6892.3616     6900.3282  -3.869653  97.371538  -0.000535  -0.000217
1 46596U 20061BK  21016.75358935  .00001328  00000-0  72722-4 0  9992 | 2 46596  97.4483  93.3767 0005785 106.8647 253.3221 15.15916030 14272 | 2021/01/16-18:05:10  294.1252    0.1233  253.2586   94.9921     6896.3360     6892.3464     6900.3255  -5.739746  97.279116  -0.000543  -0.000200
1 46596U 20061BK  21018.13977179  .00001137  00000-0  62782-4 0  9996 | 2 46596  97.4480  94.7365 0005820 103.2890 256.8992 15.15918497 14484 | 2021/01/18-03:21:16   73.1559    0.1233  256.8343   94.9919     6896.3285     6892.3148     6900.3422  -8.046612  97.115214  -0.000553  -0.000180
1 46596U 20061BK  21019.19590924  .00000905  00000-0  50637-4 0  9990 | 2 46596  97.4479  95.7726 0005832 100.7459 259.4431 15.15919520 14643 | 2021/01/19-04:42:06   93.3695    0.1233  259.3774   94.9919     6896.3254     6892.3035     6900.3473  -9.801360  96.953734  -0.000559  -0.000166
1 46596U 20061BK  21020.45006866  .00001184  00000-0  65205-4 0  9995 | 2 46596  97.4478  97.0029 0005841  97.6244 262.5653 15.15924168 14835 | 2021/01/20-10:48:05  184.8720    0.1233  262.4989   94.9916     6896.3113     6892.2832     6900.3394 -11.880795  96.720838  -0.000565  -0.000148
1 46596U 20061BK  21021.77023507  .00001044  00000-0  57916-4 0  9997 | 2 46596  97.4476  98.2980 0005832  94.3084 265.8815 15.15926429 15039 | 2021/01/21-18:29:08  300.1379    0.1232  265.8148   94.9914     6896.3044     6892.2825     6900.3264 -14.063799  96.427404  -0.000569  -0.000127
1 46596U 20061BK  21022.89237453  .00000988  00000-0  54961-4 0  9991 | 2 46596  97.4475  99.3988 0005851  91.5017 268.6886 15.15928577 15208 | 2021/01/22-21:25:01  344.1129    0.1233  268.6216   94.9913     6896.2979     6892.2629     6900.3329 -15.913693  96.139324  -0.000575  -0.000111
1 46596U 20061BK  21024.21253586  .00001080  00000-0  59757-4 0  9996 | 2 46596  97.4474 100.6938 0005842  88.1335 272.0567 15.15931995 15408 | 2021/01/24-05:06:03   99.3773    0.1233  271.9898   94.9911     6896.2876     6892.2587     6900.3164 -18.082367  95.755019  -0.000577  -0.000090
1 46596U 20061BK  21025.46668535  .00001307  00000-0  71596-4 0  9995 | 2 46596  97.4472 101.9241 0005842  84.9775 275.2125 15.15936389 15596 | 2021/01/25-11:12:01  190.8772    0.1233  275.1458   94.9908     6896.2742     6892.2454     6900.3030 -20.134126  95.344500  -0.000580  -0.000070
1 46596U 20061BK  21027.18288164  .00001869  00000-0  10086-3 0  9991 | 2 46596  97.4469 103.6076 0005799  80.5868 279.6020 15.15945203 15859 | 2021/01/27-04:23:20   88.7171    0.1233  279.5365   94.9902     6896.2475     6892.2484     6900.2466 -22.926433  94.711546  -0.000578  -0.000042
1 46596U 20061BK  21029.16309812  .00001757  00000-0  95008-4 0  9999 | 2 46596  97.4465 105.5500 0005741  75.4908 284.6962 15.15952593 16158 | 2021/01/29-03:54:51   81.6062    0.1234  284.6326   94.9898     6896.2251     6892.2660     6900.1842 -26.123380  93.879654  -0.000574  -0.000010
1 46596U 20061BK  21031.86938136  .00001203  00000-0  66107-4 0  9990 | 2 46596  97.4461 108.2046 0005637  68.4696 291.7137 15.15959331 16564 | 2021/01/31-20:51:54  335.8847    0.1233  291.6537   94.9894     6896.2046     6892.3173     6900.0920 -30.443252  92.568628  -0.000563   0.000033
1 46596U 20061BK  21033.45354038  .00001496  00000-0  81373-4 0  9996 | 2 46596  97.4460 109.7586 0005560  64.3426 295.8380 15.15965820 16801 | 2021/02/02-10:53:05  186.1921    0.1232  295.7806   94.9889     6896.1850     6892.3507     6900.0192 -32.942398  91.708894  -0.000553   0.000057
1 46596U 20061BK  21035.10370107  .00001299  00000-0  71113-4 0  9997 | 2 46596  97.4457 111.3771 0005453  59.9076 300.2696 15.15969616 17050 | 2021/02/04-02:29:19   60.2613    0.1232  300.2156   94.9887     6896.1735     6892.4130     6899.9339 -35.519409  90.741589  -0.000539   0.000083
1 46596U 20061BK  21036.15980278  .00001082  00000-0  59824-4 0  9994 | 2 46596  97.4455 112.4129 0005395  57.0922 303.0829 15.15970984 17218 | 2021/02/05-03:50:06   80.4652    0.1233  303.0311   94.9886     6896.1693     6892.4488     6899.8898 -37.153877  90.084488  -0.000530   0.000098
1 46596U 20061BK  21037.74395278  .00000814  00000-0  45842-4 0  9997 | 2 46596  97.4453 113.9667 0005308  52.9832 307.1886 15.15972905 17456 | 2021/02/06-17:51:17  290.7701    0.1233  307.1401   94.9885     6896.1635     6892.5030     6899.8240 -39.582829  89.043732  -0.000517   0.000120
1 46596U 20061BK  21038.80004971  .00001347  00000-0  73606-4 0  9993 | 2 46596  97.4451 115.0024 0005243  49.9543 310.2148 15.15978194 17617 | 2021/02/07-19:12:04  310.9729    0.1232  310.1689   94.9882     6896.1474     6892.5318     6899.7631 -41.185778  88.313528  -0.000506   0.000136
1 46596U 20061BK  21040.12017192  .00000769  00000-0  43486-4 0  9990 | 2 46596  97.4447 116.2971 0005149  46.8898 313.2764 15.15977200 17816 | 2021/02/09-02:53:02   66.2263    0.1232  313.2334   94.9882     6896.1505     6892.5996     6899.7013 -43.170518  87.360036  -0.000493   0.000149
1 46596U 20061BK  21041.44029106  .00000646  00000-0  37089-4 0  9990 | 2 46596  97.4446 117.5918 0005039  43.2162 316.9465 15.15978840 18015 | 2021/02/10-10:34:01  181.4792    0.1233  316.9071   94.9881     6896.1455     6892.6705     6899.6205 -45.133337  86.362214  -0.000476   0.000166
1 46596U 20061BK  21043.15644338  .00000573  00000-0  33280-4 0  9998 | 2 46596  97.4442 119.2747 0004911  38.3771 321.7811 15.15981200 18270 | 2021/02/12-03:45:16   79.3071    0.1234  321.7463   94.9880     6896.1383     6892.7516     6899.5250 -47.649953  84.999142  -0.000454   0.000187
1 46596U 20061BK  21044.21253578  .00000697  00000-0  39733-4 0  9994 | 2 46596  97.4440 120.3104 0004827  35.2890 324.8661 15.15983357 18432 | 2021/02/13-05:06:03   99.5087    0.1233  324.8343   94.9879     6896.1318     6892.8030     6899.4605 -49.178460  84.123791  -0.000440   0.000199
1 46596U 20061BK  21045.46664431  .00000662  00000-0  37889-4 0  9998 | 2 46596  97.4438 121.5402 0004717  31.6848 328.4668 15.15984866 18628 | 2021/02/14-11:11:58  190.9976    0.1233  328.4385   94.9878     6896.1272     6892.8743     6899.3801 -50.972527  83.048755  -0.000421   0.000212
1 46596U 20061BK  21046.65474571  .00000661  00000-0  37831-4 0  9990 | 2 46596  97.4436 122.7052 0004602  28.2610 331.8872 15.15986577 18808 | 2021/02/15-15:42:50  258.7235    0.1233  331.8623   94.9876     6896.1220     6892.9484     6899.2956 -52.650404  81.995062  -0.000402   0.000223
1 46596U 20061BK  21048.17287225  .00000835  00000-0  46906-4 0  9993 | 2 46596  97.4433 124.1939 0004461  23.7489 336.3949 15.15990139 19032 | 2021/02/17-04:08:56   85.2611    0.1233  336.3744   94.9874     6896.1112     6893.0349     6899.1876 -54.762679  80.599291  -0.000378   0.000237
1 46596U 20061BK  21049.42697264  .00000954  00000-0  53122-4 0  9990 | 2 46596  97.4432 125.4237 0004346  19.5763 340.5636 15.15993676 19226 | 2021/02/18-10:14:50  176.7475    0.1233  340.5470   94.9872     6896.1005     6893.1034     6899.0975 -56.479861  79.405305  -0.000356   0.000249
1 46596U 20061BK  21050.48305633  .00000913  00000-0  50968-4 0  9994 | 2 46596  97.4431 126.4592 0004259  16.4126 343.7244 15.15995644 19386 | 2021/02/19-11:35:36  196.9459    0.1233  343.7107   94.9871     6896.0945     6893.1575     6899.0316 -57.905583  78.371559  -0.000340   0.000257
1 46596U 20061BK  21051.93516830  .00001024  00000-0  56745-4 0  9991 | 2 46596  97.4429 127.8831 0004113  11.7845 348.3483 15.15999475 19606 | 2021/02/20-22:26:38  359.7178    0.1233  348.3388   94.9868     6896.0829     6893.2465     6898.9193 -59.835049  76.908294  -0.000314   0.000266
1 46596U 20061BK  21053.45327932  .00001468  00000-0  79839-4 0  9994 | 2 46596  97.4427 129.3716 0003971   6.2397 353.8884 15.16006272 19831 | 2021/02/22-10:52:43  186.2503    0.1233  353.8836   94.9864     6896.0623     6893.3239     6898.8007 -61.812525  75.327894  -0.000284   0.000278
1 46596U 20061BK  21054.64136120  .00001634  00000-0  88480-4 0  9990 | 2 46596  97.4424 130.5365 0003855   2.1085 358.0163 15.16011502 20013 | 2021/02/23-15:23:33  253.9692    0.1233  358.0148   94.9861     6896.0464     6893.3880     6898.7049 -63.330966  74.055453  -0.000261   0.000284
1 46596U 20061BK  21056.42347919  .00001749  00000-0  94425-4 0  9991 | 2 46596  97.4421 132.2838 0003691 356.0780   4.0423 15.16018353 20282 | 2021/02/25-10:09:48  175.5454    0.1233    4.0453   94.9857     6896.0257     6893.4803     6898.5710 -65.559372  72.089746  -0.000229   0.000289
1 46596U 20061BK  21057.87557054  .00001368  00000-0  74634-4 0  9991 | 2 46596  97.4418 133.7075 0003549 350.8395   9.2773 15.16021274 20509 | 2021/02/26-21:00:49  338.3094    0.1234    9.2839   94.9855     6896.0168     6893.5694     6898.4642 -67.330047  70.438407  -0.000201   0.000292
1 46596U 20061BK  21059.45966636  .00001151  00000-0  63291-4 0  9994 | 2 46596  97.4415 135.2606 0003390 344.5520  15.5609 15.16024943 20747 | 2021/02/28-11:01:55  188.5960    0.1233   15.5713   94.9852     6896.0057     6893.6679     6898.3434 -69.214218  68.587447  -0.000169   0.000294
1 46596U 20061BK  21060.51572859  .00000994  00000-0  55111-4 0  9999 | 2 46596  97.4413 136.2959 0003276 340.1035  20.0069 15.16026808 20904 | 2021/03/01-12:22:38  208.7865    0.1232   20.0197   94.9851     6896.0000     6893.7409     6898.2591 -70.442041  67.325521  -0.000146   0.000293
1 46596U 20061BK  21062.16581872  .00001394  00000-0  75949-4 0  9993 | 2 46596  97.4409 137.9137 0003134 333.3665  26.7406 15.16034141 21156 | 2021/03/03-03:58:46   82.8309    0.1233   26.7568   94.9847     6895.9778     6893.8166     6898.1390 -72.314412  65.309684  -0.000114   0.000292
1 46596U 20061BK  21063.94790746  .00001720  00000-0  92901-4 0  9992 | 2 46596  97.4408 139.6609 0002996 325.6226  34.4812 15.16042161 21428 | 2021/03/04-22:44:59    4.3954    0.1232   34.5006   94.9842     6895.9535     6893.8874     6898.0195 -74.271986  63.074413  -0.000079   0.000289
1 46596U 20061BK  21065.13596284  .00001817  00000-0  97895-4 0  9990 | 2 46596  97.4405 140.8256 0002927 319.9422  40.1595 15.16046975 21604 | 2021/03/06-03:15:47   72.1038    0.1233   40.1811   94.9839     6895.9389     6893.9204     6897.9573 -75.538487  61.551506  -0.000055   0.000288
1 46596U 20061BK  21066.19201008  .00001694  00000-0  91530-4 0  9997 | 2 46596  97.4404 141.8608 0002850 314.4265  45.6734 15.16050083 21762 | 2021/03/07-04:36:29   92.2883    0.1233   45.6968   94.9837     6895.9294     6893.9641     6897.8948 -76.638110  60.176670  -0.000031   0.000283
1 46596U 20061BK  21067.51206674  .00001403  00000-0  76345-4 0  9993 | 2 46596  97.4401 143.1549 0002750 307.6545  52.4438 15.16052917 21969 | 2021/03/08-12:17:22  207.5173    0.1233   52.4688   94.9835     6895.9208     6894.0245     6897.8172 -77.977376  58.430317  -0.000004   0.000275
1 46596U 20061BK  21069.16213241  .00001285  00000-0  70197-4 0  9991 | 2 46596  97.4397 144.7723 0002695 298.7688  61.3274 15.16057367 22210 | 2021/03/10-03:53:28   81.5520    0.1233   61.3545   94.9832     6895.9074     6894.0489     6897.7658 -79.595190  56.205879   0.000030   0.000268
1 46596U 20061BK  21070.74619323  .00001176  00000-0  64520-4 0  9990 | 2 46596  97.4396 146.3252 0002651 289.7970  70.2977 15.16060010 22454 | 2021/03/11-17:54:31  291.8238    0.1233   70.3263   94.9830     6895.8993     6894.0712     6897.7274 -81.089048  54.028159   0.000064   0.000257
1 46596U 20061BK  21071.80223197  .00001102  00000-0  60693-4 0  9994 | 2 46596  97.4393 147.3604 0002611 283.7607  76.3335 15.16062016 22611 | 2021/03/12-19:15:12  312.0040    0.1233   76.3626   94.9829     6895.8933     6894.0927     6897.6938 -82.051669  52.554171   0.000084   0.000247
1 46596U 20061BK  21073.18827941  .00001197  00000-0  65636-4 0  9990 | 2 46596  97.4390 148.7189 0002617 276.0998  83.9937 15.16065859 22828 | 2021/03/14-04:31:07   90.9894    0.1233   84.0235   94.9827     6895.8816     6894.0769     6897.6863 -83.274308  50.593956   0.000111   0.000237
1 46596U 20061BK  21074.44231497  .00001584  00000-0  85752-4 0  9996 | 2 46596  97.4399 149.9497 0002618 269.8793  90.2140 15.16074284 23017 | 2021/03/15-10:36:56  182.4476    0.1233   90.2440   94.9822     6895.8561     6894.0507     6897.6614 -84.342625  48.794013   0.000132   0.000226
1 46596U 20061BK  21075.76234944  .00001453  00000-0  78886-4 0  9997 | 2 46596  97.4387 151.2415 0002686 261.8727  98.2201 15.16078583 23218 | 2021/03/16-18:17:46  297.6698    0.1233   98.2506   94.9819     6895.8430     6893.9908     6897.6952 -85.420162  46.879593   0.000161   0.000215
1 46596U 20061BK  21077.14838214  .00001689  00000-0  91147-4 0  9997 | 2 46596  97.4385 152.6002 0002676 254.7278 105.3659 15.16083047 23425 | 2021/03/18-03:33:40   76.6481    0.1233  105.3955   94.9816     6895.8295     6893.9842     6897.6748 -86.507556  44.840875   0.000181   0.000197
1 46596U 20061BK  21078.20440360  .00001691  00000-0  91261-4 0  9996 | 2 46596  97.4383 153.6353 0002703 248.9618 111.1326 15.16086923 23586 | 2021/03/19-04:54:20   96.8209    0.1233  111.1615   94.9814     6895.8177     6893.9538     6897.6817 -87.303307  43.270717   0.000199   0.000183
1 46596U 20061BK  21079.45842744  .00001400  00000-0  76142-4 0  9995 | 2 46596  97.4382 154.8644 0002761 242.0339 118.0614 15.16089547 23772 | 2021/03/20-11:00:08  188.2755    0.1232  118.0893   94.9812     6895.8098     6893.9058     6897.7137 -88.211295  41.388045   0.000221   0.000166
1 46596U 20061BK  21080.84444934  .00001456  00000-0  79006-4 0  9992 | 2 46596  97.4380 156.2229 0002861 234.8011 125.2954 15.16094397 23981 | 2021/03/21-20:16:00  327.2498    0.1233  125.3222   94.9809     6895.7951     6893.8222     6897.7680 -89.167549  39.285011   0.000245   0.000147
1 46596U 20061BK  21081.90046410  .00001281  00000-0  69948-4 0  9997 | 2 46596  97.4378 157.2578 0002939 229.4451 130.6526 15.16096720 24146 | 2021/03/22-21:36:40  347.4199    0.1232  130.6781   94.9807     6895.7880     6893.7613     6897.8147 -89.862363  37.668032   0.000263   0.000132
1 46596U 20061BK  21083.22048045  .00001272  00000-0  69452-4 0  9990 | 2 46596  97.4376 158.5515 0003035 223.3222 136.7772 15.16099855 24340 | 2021/03/24-05:17:29  102.6315    0.1232  136.8010   94.9806     6895.7785     6893.6856     6897.8714 -90.689717  35.629498   0.000282   0.000113
1 46596U 20061BK  21084.47449292  .00001335  00000-0  72746-4 0  9997 | 2 46596  97.4374 159.7806 0003129 217.5736 142.5279 15.16103438 24534 | 2021/03/25-11:23:16  194.0808    0.1233  142.5497   94.9803     6895.7676     6893.6100     6897.9253 -91.432923  33.675919   0.000299   0.000093
1 46596U 20061BK  21085.66250212  .00001387  00000-0  75402-4 0  9990 | 2 46596  97.4372 160.9448 0003237 212.3127 147.7908 15.16106968 24712 | 2021/03/26-15:54:00  261.7689    0.1233  147.8106   94.9801     6895.7569     6893.5248     6897.9891 -92.098078  31.811193   0.000315   0.000074
1 46596U 20061BK  21087.18051066  .00001345  00000-0  73203-4 0  9996 | 2 46596  97.4370 162.4325 0003383 206.0283 154.0780 15.16110794 24942 | 2021/03/28-04:19:56   88.2576    0.1232  154.0949   94.9799     6895.7453     6893.4125     6898.0782 -92.892736  29.409328   0.000335   0.000050
1 46596U 20061BK  21088.63251567  .00001137  00000-0  62442-4 0  9997 | 2 46596  97.4368 163.8554 0003525 200.2377 159.8716 15.16113414 25165 | 2021/03/29-15:10:49  250.9847    0.1232  159.8855   94.9797     6895.7374     6893.3067     6898.1681 -93.594185  27.093516   0.000352   0.000025
1 46596U 20061BK  21089.75451767  .00001033  00000-0  57018-4 0  9993 | 2 46596  97.4366 164.9549 0003621 195.8530 164.2590 15.16115436 25331 | 2021/03/30-18:06:30  294.9091    0.1233  164.2703   94.9796     6895.7313     6893.2343     6898.2282 -94.096649  25.292523   0.000362   0.000005
1 46596U 20061BK  21090.94251820  .00000968  00000-0  53636-4 0  9992 | 2 46596  97.4364 166.1191 0003738 191.2951 168.8199 15.16117507 25518 | 2021/03/31-22:37:13    2.5931    0.1233  168.8282   94.9794     6895.7250     6893.1474     6898.3026 -94.590917  23.375424   0.000373  -0.000017
1 46596U 20061BK  21092.13051609  .00001094  00000-0  60201-4 0  9995 | 2 46596  97.4362 167.2832 0003857 186.8025 173.3156 15.16120805 25692 | 2021/04/02-03:07:56   70.2761    0.1232  173.3207   94.9792     6895.7150     6893.0553     6898.3747 -95.046094  21.448849   0.000384  -0.000040
1 46596U 20061BK  21093.18651129  .00001243  00000-0  67893-4 0  9994 | 2 46596  97.4361 168.3181 0003953 183.5973 176.5232 15.16124353 25853 | 2021/04/03-04:28:34   90.4379    0.1232  176.5259   94.9790     6895.7042     6892.9784     6898.4301 -95.417889  19.728661   0.000391  -0.000056
1 46596U 20061BK  21094.44050472  .00001081  00000-0  59502-4 0  9996 | 2 46596  97.4359 169.5468 0004092 179.4479 180.6759 15.16126465 26049 | 2021/04/04-10:34:19  181.8795    0.1232  180.6753   94.9789     6895.6978     6892.8761     6898.5195 -95.818798  17.678022   0.000402  -0.000078
1 46596U 20061BK  21095.62849664  .00000865  00000-0  48294-4 0  9991 | 2 46596  97.4357 170.7109 0004209 175.5835 184.5436 15.16128050 26223 | 2021/04/05-15:05:02  249.5601    0.1233  184.5398   94.9788     6895.6930     6892.7906     6898.5954 -96.157971  15.727689   0.000409  -0.000100
1 46596U 20061BK  21097.14648420  .00000765  00000-0  43059-4 0  9990 | 2 46596  97.4355 172.1982 0004348 170.5631 189.5685 15.16130458 26450 | 2021/04/07-03:30:56   76.0401    0.1233  189.5602   94.9786     6895.6857     6892.6875     6898.6840 -96.533596  13.226547   0.000415  -0.000129
1 46596U 20061BK  21098.20247370  .00000886  00000-0  49351-4 0  9992 | 2 46596  97.4354 173.2330 0004440 167.3321 192.8024 15.16133033 26615 | 2021/04/08-04:51:33   96.1994    0.1232  192.7911   94.9785     6895.6779     6892.6162     6898.7396 -96.756620  11.481012   0.000419  -0.000148
1 46596U 20061BK  21099.45645978  .00000886  00000-0  49340-4 0  9994 | 2 46596  97.4353 174.4617 0004575 163.3012 196.8372 15.16135211 26808 | 2021/04/09-10:57:18  187.6378    0.1232  196.8220   94.9783     6895.6713     6892.5165     6898.8261 -96.980463   9.403589   0.000423  -0.000173
1 46596U 20061BK  21100.51244285  .00000782  00000-0  43940-4 0  9995 | 2 46596  97.4351 175.4964 0004701 160.2799 199.8617 15.16139343 26963 | 2021/04/10-12:17:55  207.7946    0.1233  199.8434   94.9781     6895.6588     6892.4171     6898.9004 -97.134260   7.650773   0.000429  -0.000193
1 46596U 20061BK  21101.76642313  .00000881  00000-0  49063-4 0  9999 | 2 46596  97.4350 176.7250 0004807 156.6550 203.4902 15.16142180 27159 | 2021/04/11-18:23:38  299.2313    0.1233  203.4683   94.9779     6895.6502     6892.3354     6898.9649 -97.275873   5.566307   0.000430  -0.000215
1 46596U 20061BK  21103.15240003  .00000701  00000-0  39754-4 0  9991 | 2 46596  97.4348 178.0829 0004913 152.6324 207.5169 15.16143557 27368 | 2021/04/13-03:39:27   78.1871    0.1233  207.4909   94.9778     6895.6460     6892.2582     6899.0338 -97.380263   3.259532   0.000429  -0.000240
1 46596U 20061BK  21104.27438001  .00000692  00000-0  39298-4 0  9994 | 2 46596  97.4346 179.1821 0005013 149.4379 210.7147 15.16145080 27530 | 2021/04/14-06:35:06  122.1032    0.1233  210.6854   94.9777     6895.6414     6892.1846     6899.0982 -97.424673   1.390836   0.000428  -0.000261
1 46596U 20061BK  21105.52835570  .00000819  00000-0  45841-4 0  9997 | 2 46596  97.4345 180.4107 0005119 145.9109 214.2454 15.16147696 27726 | 2021/04/15-12:40:49  213.5382    0.1233  214.2124   94.9776     6895.6335     6892.1036     6899.1633 -97.431997  -0.698411   0.000426  -0.000284
1 46596U 20061BK  21106.78233016  .00000728  00000-0  41121-4 0  9999 | 2 46596  97.4343 181.6392 0005220 142.5456 217.6142 15.16149163 27917 | 2021/04/16-18:46:33  304.9729    0.1233  217.5777   94.9775     6895.6290     6892.0295     6899.2285 -97.394428  -2.787160   0.000423  -0.000305
1 46596U 20061BK  21107.90430310  .00000981  00000-0  54246-4 0  9993 | 2 46596  97.4342 182.7384 0005285 139.5019 220.6608 15.16153237 28088 | 2021/04/17-21:42:11  348.8870    0.1233  220.6214   94.9772     6895.6167     6891.9723     6899.2610 -97.322938  -4.655007   0.000418  -0.000324
1 46596U 20061BK  21109.42226382  .00001112  00000-0  61021-4 0  9990 | 2 46596  97.4341 184.2256 0005388 135.3600 224.8068 15.16157639 28318 | 2021/04/19-10:08:03  175.3577    0.1233  224.7633   94.9769     6895.6033     6891.8880     6899.3187 -97.169240  -7.179314   0.000410  -0.000349
1 46596U 20061BK  21110.74222400  .00001310  00000-0  71266-4 0  9996 | 2 46596  97.4338 185.5184 0005419 131.5671 228.6027 15.16165149 28513 | 2021/04/20-17:48:48  290.5486    0.1232  228.5561   94.9765     6895.5805     6891.8438     6899.3172 -96.982230  -9.369761   0.000397  -0.000369
1 46596U 20061BK  21111.79818747  .00002227  00000-0  11881-3 0  9991 | 2 46596  97.4336 186.5534 0005547 129.3597 230.8128 15.16171672 28677 | 2021/04/21-19:09:23  310.6985    0.1233  230.7636   94.9761     6895.5608     6891.7358     6899.3857 -96.796961 -11.120017   0.000398  -0.000386
1 46596U 20061BK  21113.18413933  .00001248  00000-0  68063-4 0  9991 | 2 46596  97.4337 187.9111 0005588 125.4430 234.7325 15.16171852 28887 | 2021/04/23-04:25:09   89.6466    0.1232  234.6802   94.9760     6895.5602     6891.7070     6899.4134 -96.506406 -13.410427   0.000384  -0.000406
1 46596U 20061BK  21114.50408893  .00001145  00000-0  62721-4 0  9998 | 2 46596  97.4336 189.2042 0005665 122.0689 238.1094 15.16175570 29084 | 2021/04/24-12:05:53  204.8335    0.1232  238.0543   94.9758     6895.5489     6891.6426     6899.4553 -96.179098 -15.584850   0.000374  -0.000426
1 46596U 20061BK  21115.89003260  .00001160  00000-0  63469-4 0  9997 | 2 46596  97.4335 190.5620 0005730 118.5170 241.6640 15.16179704 29290 | 2021/04/25-21:21:38  343.7788    0.1232  241.6062   94.9755     6895.5364     6891.5853     6899.4875 -95.782697 -17.859502   0.000361  -0.000445
1 46596U 20061BK  21117.47396504  .00001168  00000-0  63872-4 0  9995 | 2 46596  97.4334 192.1137 0005798 114.4002 245.7837 15.16183409 29530 | 2021/04/27-11:22:30  194.0011    0.1233  245.7231   94.9753     6895.5252     6891.5271     6899.5232 -95.263859 -20.446628   0.000345  -0.000466
1 46596U 20061BK  21118.52991800  .00001119  00000-0  61366-4 0  9994 | 2 46596  97.4333 193.1482 0005834 111.8415 248.3439 15.16185583 29692 | 2021/04/28-12:43:04  214.1490    0.1233  248.2818   94.9752     6895.5186     6891.4957     6899.5414 -94.879081 -22.163210   0.000335  -0.000478
1 46596U 20061BK  21120.17983944  .00001192  00000-0  65101-4 0  9990 | 2 46596  97.4331 194.7644 0005851 107.8066 252.3805 15.16190395 29940 | 2021/04/30-04:18:58   88.1290    0.1232  252.3166   94.9749     6895.5040     6891.4694     6899.5385 -94.216046 -24.830337   0.000315  -0.000493
1 46596U 20061BK  21121.43377199  .00001123  00000-0  61511-4 0  9994 | 2 46596  97.4330 195.9930 0005879 104.7560 255.4325 15.16198089 30137 | 2021/05/01-10:24:37  179.5507    0.1233  255.3673   94.9744     6895.4807     6891.4268     6899.5345 -93.661891 -26.844732   0.000301  -0.000505
1 46596U 20061BK  21122.48971457  .00000888  00000-0  49364-4 0  9996 | 2 46596  97.4329 197.0273 0005907 102.1269 258.0626 15.16199857 30292 | 2021/05/02-11:45:11  199.6955    0.1233  257.9964   94.9743     6895.4753     6891.4021     6899.5485 -93.161962 -28.531016   0.000288  -0.000516
1 46596U 20061BK  21124.13961947  .00001427  00000-0  77274-4 0  9994 | 2 46596  97.4328 198.6436 0005912  97.8433 262.3471 15.16206131 30546 | 2021/05/04-03:21:03   73.6703    0.1233  262.2800   94.9739     6895.4563     6891.3797     6899.5329 -92.320055 -31.147360   0.000264  -0.000529
1 46596U 20061BK  21125.45954091  .00001269  00000-0  69067-4 0  9997 | 2 46596  97.4327 199.9366 0005920  94.6718 265.5191 15.16208691 30740 | 2021/05/05-11:01:44  188.8495    0.1233  265.4515   94.9737     6895.4485     6891.3664     6899.5306 -91.593607 -33.222615   0.000247  -0.000538
1 46596U 20061BK  21126.51547430  .00001351  00000-0  73332-4 0  9992 | 2 46596  97.4327 200.9710 0005892  92.0231 268.1677 15.16212398 30901 | 2021/05/06-12:22:16  208.9920    0.1233  268.1002   94.9735     6895.4373     6891.3745     6899.5001 -90.978923 -34.870713   0.000230  -0.000542
1 46596U 20061BK  21127.83538693  .00001634  00000-0  87967-4 0  9992 | 2 46596  97.4325 202.2639 0005889  88.6355 271.5553 15.16218335 31109 | 2021/05/07-20:02:57  324.1686    0.1233  271.4878   94.9731     6895.4193     6891.3586     6899.4800 -90.168772 -36.914558   0.000210  -0.000550
1 46596U 20061BK  21129.08930184  .00001342  00000-0  72807-4 0  9995 | 2 46596  97.4325 203.4923 0005866  85.5443 274.6460 15.16220800 31298 | 2021/05/09-02:08:35   55.5860    0.1233  274.5790   94.9730     6895.4118     6891.3670     6899.4567 -89.356676 -38.839110   0.000191  -0.000555
1 46596U 20061BK  21130.47520677  .00001109  00000-0  60744-4 0  9990 | 2 46596  97.4324 204.8499 0005851  82.0797 278.1100 15.16222724 31509 | 2021/05/10-11:24:17  194.5208    0.1233  278.0436   94.9729     6895.4060     6891.3715     6899.4405 -88.411312 -40.945238   0.000170  -0.000560
1 46596U 20061BK  21131.79511408  .00000917  00000-0  50811-4 0  9998 | 2 46596  97.4323 206.1428 0005812  79.0372 281.1514 15.16224381 31703 | 2021/05/11-19:04:57  309.6965    0.1232  281.0860   94.9728     6895.4009     6891.3933     6899.4086 -87.464848 -42.929633   0.000152  -0.000561
1 46596U 20061BK  21133.70897603  .00000797  00000-0  44596-4 0  9994 | 2 46596  97.4322 208.0175 0005741  74.3373 285.8493 15.16227196 31997 | 2021/05/13-17:00:55  278.7005    0.1233  285.7860   94.9726     6895.3924     6891.4338     6899.3511 -86.013551 -45.767921   0.000123  -0.000561
1 46596U 20061BK  21134.76489783  .00000709  00000-0  40039-4 0  9998 | 2 46596  97.4321 209.0519 0005710  71.6106 288.5747 15.16228601 32152 | 2021/05/14-18:21:27  298.8401    0.1233  288.5127   94.9725     6895.3882     6891.4509     6899.3254 -85.173212 -47.313191   0.000106  -0.000561
1 46596U 20061BK  21136.21678671  .00000803  00000-0  44907-4 0  9999 | 2 46596  97.4320 210.4741 0005644  67.8239 292.3592 15.16232100 32378 | 2021/05/16-05:12:10  101.5311    0.1233  292.2994   94.9723     6895.3775     6891.4858     6899.2693 -83.972597 -49.412524   0.000081  -0.000558
1 46596U 20061BK  21137.73466430  .00000907  00000-0  50312-4 0  9997 | 2 46596  97.4323 211.9604 0005563  63.6835 296.4968 15.16238964 32603 | 2021/05/17-17:37:54  287.9796    0.1232  296.4397   94.9718     6895.3567     6891.5208     6899.1926 -82.662942 -51.574133   0.000055  -0.000554
1 46596U 20061BK  21139.12054667  .00001048  00000-0  57599-4 0  9998 | 2 46596  97.4317 213.3183 0005470  60.4741 299.7037 15.16246982 32817 | 2021/05/19-02:53:35   66.9079    0.1233  299.6492   94.9713     6895.3324     6891.5607     6899.1042 -81.417043 -53.518233   0.000036  -0.000546
1 46596U 20061BK  21140.44042781  .00002016  00000-0  10759-3 0  9991 | 2 46596  97.4316 214.6114 0005446  57.1974 302.9783 15.16253874 33014 | 2021/05/20-10:34:12  182.0750    0.1233  302.9259   94.9709     6895.3115     6891.5563     6899.0667 -80.188484 -55.341881   0.000017  -0.000544
1 46596U 20061BK  21141.76030617  .00001629  00000-0  87592-4 0  9991 | 2 46596  97.4318 215.9042 0005372  53.9190 306.2539 15.16257733 33218 | 2021/05/21-18:14:50  297.2422    0.1232  306.2042   94.9707     6895.2998     6891.5957     6899.0040 -78.919627 -57.137099  -0.000002  -0.000537
1 46596U 20061BK  21142.88220028  .00001291  00000-0  70097-4 0  9999 | 2 46596  97.4318 217.0032 0005263  50.4379 309.7318 15.16259604 33380 | 2021/05/22-21:10:22  341.1340    0.1233  309.6854   94.9705     6895.2942     6891.6652     6898.9232 -77.809220 -58.640267  -0.000023  -0.000526
1 46596U 20061BK  21143.93809898  .00001157  00000-0  63182-4 0  9992 | 2 46596  97.4317 218.0375 0005175  47.8340 312.3332 15.16262146 33549 | 2021/05/23-22:30:51    1.2665    0.1233  312.2893   94.9704     6895.2865     6891.7181     6898.8548 -76.737951 -60.035182  -0.000037  -0.000516
1 46596U 20061BK  21145.45595084  .00000950  00000-0  52508-4 0  9990 | 2 46596  97.4317 219.5243 0005048  43.6528 316.5104 15.16264787 33771 | 2021/05/25-10:56:34  187.7064    0.1234  316.4706   94.9702     6895.2784     6891.7977     6898.7592 -75.154404 -62.006062  -0.000060  -0.000501
1 46596U 20061BK  21146.84181231  .00000988  00000-0  54458-4 0  9996 | 2 46596  97.4316 220.8818 0004944  39.9375 320.2221 15.16268217 33982 | 2021/05/26-20:12:12  326.6286    0.1233  320.1858   94.9700     6895.2680     6891.8590     6898.6771 -73.664273 -63.769049  -0.000079  -0.000488
1 46596U 20061BK  21148.42564219  .00002469  00000-0  13090-3 0  9995 | 2 46596  97.4317 222.4334 0004812  34.9841 325.1707 15.16282142 34225 | 2021/05/28-10:12:55  176.8217    0.1233  325.1392   94.9691     6895.2258     6891.9078     6898.5438 -71.910649 -65.740359  -0.000105  -0.000470
1 46596U 20061BK  21149.74549694  .00002268  00000-0  12055-3 0  9998 | 2 46596  97.4312 223.7263 0004658  31.8511 328.3003 15.16286466 34422 | 2021/05/29-17:53:30  291.9808    0.1233  328.2722   94.9689     6895.2127     6892.0009     6898.4245 -70.408651 -67.345829  -0.000116  -0.000451
1 46596U 20061BK  21150.80137525  .00001781  00000-0  95353-4 0  9995 | 2 46596  97.4309 224.7607 0004560  28.6704 331.4779 15.16290909 34580 | 2021/05/30-19:13:58  312.1064    0.1233  331.4529   94.9686     6895.1993     6892.0550     6898.3435 -69.181189 -68.605709  -0.000130  -0.000437
1 46596U 20061BK  21152.45118307  .00001561  00000-0  84024-4 0  9994 | 2 46596  97.4316 226.3766 0004429  23.4146 336.7288 15.16294705 34838 | 2021/06/01-10:49:42  186.0524    0.1233  336.7087   94.9683     6895.1877     6892.1339     6898.2416 -67.219546 -70.529776  -0.000153  -0.000416
1 46596U 20061BK  21153.90300983  .00001371  00000-0  74204-4 0  9996 | 2 46596  97.4314 227.7988 0004282  18.9179 341.2212 15.16298673 35050 | 2021/06/02-21:40:20  348.7231    0.1233  341.2054   94.9681     6895.1757     6892.2232     6898.1282 -65.448189 -72.176258  -0.000169  -0.000393
1 46596U 20061BK  21155.15685690  .00001323  00000-0  71711-4 0  9993 | 2 46596  97.4313 229.0270 0004165  15.0234 345.1122 15.16302158 35246 | 2021/06/04-03:45:52   80.1192    0.1233  345.0999   94.9679     6895.1651     6892.2933     6898.0370 -63.886026 -73.562449  -0.000182  -0.000375
1 46596U 20061BK  21156.21272752  .00001167  00000-0  63651-4 0  9992 | 2 46596  97.4313 230.0613 0004064  11.7882 348.3445 15.16303697 35409 | 2021/06/05-05:06:19  100.2419    0.1233  348.3351   94.9678     6895.1605     6892.3583     6897.9627 -62.547744 -74.703668  -0.000192  -0.000358
1 46596U 20061BK  21157.46657184  .00001124  00000-0  61405-4 0  9994 | 2 46596  97.4313 231.2894 0003903   7.2854 352.8435 15.16306026 35591 | 2021/06/06-11:11:51  191.6374    0.1233  352.8379   94.9676     6895.1534     6892.4622     6897.8446 -60.932271 -76.027078  -0.000203  -0.000333
1 46596U 20061BK  21158.78640293  .00001182  00000-0  64421-4 0  9998 | 2 46596  97.4313 232.5823 0003770   2.7884 357.3369 15.16309995 35798 | 2021/06/07-18:52:25  306.7882    0.1233  357.3349   94.9674     6895.1414     6892.5419     6897.7409 -59.201326 -77.382564  -0.000214  -0.000310
1 46596U 20061BK  21160.10622796  .00001595  00000-0  85683-4 0  9996 | 2 46596  97.4312 233.8751 0003640 357.6710   2.4505 15.16316979 35999 | 2021/06/09-02:32:58   61.9371    0.1233    2.4523   94.9670     6895.1202     6892.6104     6897.6300 -57.440315 -78.698469  -0.000226  -0.000285
1 46596U 20061BK  21161.16208540  .00001951  00000-0  10405-3 0  9995 | 2 46596  97.4314 234.9094 0003506 354.7620   5.3575 15.16322736 36158 | 2021/06/10-03:53:24   82.0542    0.1233    5.3613   94.9666     6895.1028     6892.6853     6897.5202 -56.010488 -79.722663  -0.000227  -0.000267
1 46596U 20061BK  21162.48190378  .00001813  00000-0  96948-4 0  9994 | 2 46596  97.4311 236.2023 0003376 349.7760  10.3404 15.16327235 36354 | 2021/06/11-11:33:56  197.1999    0.1233   10.3473   94.9663     6895.0891     6892.7613     6897.4169 -54.197244 -80.965907  -0.000235  -0.000243
1 46596U 20061BK  21163.73572895  .00001272  00000-0  68998-4 0  9994 | 2 46596  97.4312 237.4305 0003271 343.9824  16.1305 15.16328452 36549 | 2021/06/12-17:39:26  288.5881    0.1233   16.1409   94.9662     6895.0854     6892.8301     6897.3408 -52.449383 -82.109080  -0.000245  -0.000216
1 46596U 20061BK  21165.45148174  .00001387  00000-0  74946-4 0  9991 | 2 46596  97.4312 239.1112 0003103 336.4516  23.6574 15.16335348 36805 | 2021/06/14-10:50:08  186.2734    0.1233   23.6717   94.9658     6895.0645     6892.9250     6897.2041 -50.018597 -83.612073  -0.000252  -0.000180
1 46596U 20061BK  21166.77128469  .00001963  00000-0  10462-3 0  9994 | 2 46596  97.4306 240.4043 0002956 331.2774  28.8296 15.16343947 37005 | 2021/06/15-18:30:38  301.4122    0.1233   28.8459   94.9653     6895.0385     6893.0003     6897.0766 -48.118694 -84.719024  -0.000252  -0.000155
1 46596U 20061BK  21168.15707373  .00002481  00000-0  13133-3 0  9999 | 2 46596  97.4305 241.7617 0002827 324.0723  36.0320 15.16351119 37218 | 2021/06/17-03:46:11   80.3075    0.1234   36.0511   94.9648     6895.0167     6893.0675     6896.9659 -46.098245 -85.835040  -0.000254  -0.000123
1 46596U 20061BK  21169.21290833  .00002285  00000-0  12118-3 0  9999 | 2 46596  97.4306 242.7960 0002740 318.2742  41.8282 15.16355458 37379 | 2021/06/18-05:06:35  100.4162    0.1233   41.8491   94.9645     6895.0036     6893.1143     6896.8928 -44.541375 -86.653262  -0.000256  -0.000099
1 46596U 20061BK  21170.46670628  .00002268  00000-0  12029-3 0  9994 | 2 46596  97.4308 244.0241 0002677 311.8711  48.2293 15.16362319 37560 | 2021/06/19-11:12:03  191.7932    0.1233   48.2522   94.9641     6894.9828     6893.1370     6896.8286 -42.674014 -87.588180  -0.000257  -0.000073
1 46596U 20061BK  21172.51236686  .00001793  00000-0  95799-4 0  9992 | 2 46596  97.4312 246.0281 0002562 300.8724  59.2257 15.16371092 37870 | 2021/06/21-12:17:48  208.2456    0.1233   59.2509   94.9636     6894.9562     6893.1897     6896.7227 -39.585182 -89.027255  -0.000254  -0.000031
1 46596U 20061BK  21173.76615475  .00002110  00000-0  11210-3 0  9996 | 2 46596  97.4312 247.2562 0002509 293.5548  66.5421 15.16376401 38063 | 2021/06/22-18:23:15  299.6181    0.1233   66.5685   94.9632     6894.9401     6893.2101     6896.6700 -37.667990 -89.855224  -0.000251  -0.000004
1 46596U 20061BK  21174.88796080  .00002557  00000-0  13510-3 0  9992 | 2 46596  97.4312 248.3552 0002471 287.1218  72.9744 15.16382033 38231 | 2021/06/23-21:18:39  343.4757    0.1233   73.0015   94.9629     6894.9230     6893.2193     6896.6267 -35.937638 -90.561167  -0.000246   0.000019
1 46596U 20061BK  21176.47167913  .00002817  00000-0  14846-3 0  9998 | 2 46596  97.4310 249.9066 0002460 277.6145  82.4808 15.16390806 38477 | 2021/06/25-11:19:13  193.6248    0.1232   82.5087   94.9623     6894.8964     6893.2003     6896.5926 -33.472568 -91.500748  -0.000240   0.000053
1 46596U 20061BK  21177.52748643  .00002430  00000-0  12854-3 0  9998 | 2 46596  97.4308 250.9410 0002487 271.4477  88.6471 15.16395557 38638 | 2021/06/26-12:39:34  213.7222    0.1233   88.6756   94.9620     6894.8820     6893.1673     6896.5968 -31.815212 -92.089919  -0.000237   0.000075
1 46596U 20061BK  21178.64927763  .00002386  00000-0  12622-3 0  9997 | 2 46596  97.4307 252.0400 0002497 265.0448  95.0500 15.16401368 38809 | 2021/06/27-15:34:57  257.5737    0.1233   95.0785   94.9617     6894.8644     6893.1428     6896.5861 -30.043044 -92.683099  -0.000230   0.000097
1 46596U 20061BK  21179.83705402  .00002058  00000-0  10932-3 0  9991 | 2 46596  97.4305 253.2037 0002506 258.2008 101.8944 15.16405167 38981 | 2021/06/28-20:05:21  325.1798    0.1233  101.9225   94.9614     6894.8529     6893.1250     6896.5807 -28.154489 -93.273936  -0.000220   0.000120
1 46596U 20061BK  21181.55272718  .00001755  00000-0  93731-4 0  9994 | 2 46596  97.4309 254.8843 0002584 249.2834 110.8122 15.16409882 39246 | 2021/06/30-13:15:55  222.8322    0.1233  110.8399   94.9611     6894.8386     6893.0570     6896.6202 -25.406964 -94.059909  -0.000209   0.000151
1 46596U 20061BK  21182.87247210  .00001433  00000-0  77122-4 0  9998 | 2 46596  97.4308 256.1771 0002651 242.1326 117.9638 15.16412270 39440 | 2021/07/01-20:56:21  337.9476    0.1232  117.9906   94.9610     6894.8314     6893.0035     6896.6592 -23.278321 -94.609093  -0.000198   0.000176
1 46596U 20061BK  21184.12622381  .00001765  00000-0  94228-4 0  9998 | 2 46596  97.4307 257.4054 0002739 235.4887 124.6087 15.16418477 39630 | 2021/07/03-03:01:45   69.3047    0.1232  124.6345   94.9606     6894.8125     6892.9241     6896.7010 -21.244887 -95.086256  -0.000186   0.000201
1 46596U 20061BK  21185.18201398  .00001726  00000-0  92192-4 0  9991 | 2 46596  97.4307 258.4397 0002819 230.2060 129.8925 15.16421322 39794 | 2021/07/04-04:22:06   89.3944    0.1233  129.9173   94.9604     6894.8039     6892.8603     6896.7476 -19.525027 -95.454254  -0.000176   0.000220
1 46596U 20061BK  21186.43576146  .00001664  00000-0  88983-4 0  9990 | 2 46596  97.4308 259.6679 0002899 223.9641 136.1362 15.16424965 39986 | 2021/07/05-10:27:29  180.7492    0.1233  136.1592   94.9602     6894.7929     6892.7941     6896.7917 -17.474546 -95.850931  -0.000161   0.000241
1 46596U 20061BK  21187.82147839  .00001239  00000-0  67129-4 0  9994 | 2 46596  97.4307 261.0253 0003019 217.6392 142.4630 15.16427773 40191 | 2021/07/06-19:42:55  319.6138    0.1233  142.4841   94.9600     6894.7844     6892.7028     6896.8659 -15.199025 -96.237887  -0.000145   0.000265
1 46596U 20061BK  21189.14120684  .00001082  00000-0  59044-4 0  9993 | 2 46596  97.4307 262.3182 0003110 211.8181 148.2865 15.16430337 40396 | 2021/07/08-03:23:20   74.7216    0.1233  148.3052   94.9599     6894.7766     6892.6323     6896.9209 -13.023697 -96.556329  -0.000127   0.000284
1 46596U 20061BK  21190.19698824  .00000944  00000-0  51928-4 0  9995 | 2 46596  97.4307 263.3524 0003241 207.0494 153.0571 15.16431911 40551 | 2021/07/09-04:43:39   94.8074    0.1233  153.0739   94.9598     6894.7718     6892.5372     6897.0064 -11.278810 -96.775667  -0.000113   0.000304
1 46596U 20061BK  21191.45072663  .00000945  00000-0  51962-4 0  9991 | 2 46596  97.4307 264.5806 0003371 201.8113 158.2977 15.16434597 40742 | 2021/07/10-10:49:02  186.1583    0.1233  158.3120   94.9596     6894.7637     6892.4395     6897.0879  -9.201881 -96.995189  -0.000095   0.000323
1 46596U 20061BK  21192.50650490  .00000891  00000-0  49222-4 0  9994 | 2 46596  97.4306 265.6148 0003482 197.6209 162.4904 15.16436552 40901 | 2021/07/11-12:09:22  206.2426    0.1233  162.5024   94.9595     6894.7578     6892.3570     6897.1585  -7.449688 -97.145375  -0.000080   0.000339
1 46596U 20061BK  21193.76023974  .00000821  00000-0  45584-4 0  9994 | 2 46596  97.4305 266.8430 0003601 192.8632 167.2510 15.16438755 41091 | 2021/07/12-18:14:44  297.5917    0.1233  167.2601   94.9593     6894.7511     6892.2683     6897.2339  -5.365709 -97.282637  -0.000061   0.000355
1 46596U 20061BK  21195.40988901  .00000677  00000-0  38203-4 0  9996 | 2 46596  97.4305 268.4590 0003768 186.7749 173.3434 15.16440660 41340 | 2021/07/14-09:50:14  171.4714    0.1233  173.3484   94.9592     6894.7453     6892.1474     6897.3432  -2.620128 -97.395263  -0.000034   0.000375
1 46596U 20061BK  21197.19150693  .00000738  00000-0  41327-4 0  9992 | 2 46596  97.4303 270.2042 0003963 180.5968 179.5261 15.16443769 41612 | 2021/07/16-04:35:46   92.8601    0.1233  179.5265   94.9590     6894.7359     6892.0035     6897.4683   0.347237 -97.429681  -0.000006   0.000396
1 46596U 20061BK  21198.44523611  .00000763  00000-0  42616-4 0  9995 | 2 46596  97.4303 271.4323 0004095 176.3591 183.7673 15.16445947 41804 | 2021/07/17-10:41:08  184.2067    0.1233  183.7642   94.9589     6894.7293     6891.9059     6897.5527   2.435343 -97.399859   0.000016   0.000409
1 46596U 20061BK  21199.83093443  .00000748  00000-0  41837-4 0  9991 | 2 46596  97.4302 272.7897 0004228 172.1176 188.0125 15.16448352 42011 | 2021/07/18-19:56:32  323.0628    0.1234  188.0058   94.9587     6894.7220     6891.8069     6897.6371   4.741949 -97.314736   0.000038   0.000421
1 46596U 20061BK  21201.48057220  .00000879  00000-0  48545-4 0  9997 | 2 46596  97.4302 274.4056 0004378 166.9167 193.2181 15.16451968 42268 | 2021/07/20-11:32:01  196.9378    0.1233  193.2066   94.9585     6894.7110     6891.6925     6897.7295   7.484245 -97.142318   0.000066   0.000433
1 46596U 20061BK  21202.80027983  .00001017  00000-0  55651-4 0  9998 | 2 46596  97.4301 275.6984 0004513 162.9033 197.2353 15.16455090 42466 | 2021/07/21-19:12:24  312.0367    0.1233  197.2200   94.9583     6894.7016     6891.5900     6897.8131   9.674026 -96.948634   0.000089   0.000442
1 46596U 20061BK  21204.44991028  .00001135  00000-0  61724-4 0  9999 | 2 46596  97.4301 277.3143 0004678 158.0471 202.0963 15.16459206 42719 | 2021/07/23-10:47:52  185.9089    0.1232  202.0761   94.9580     6894.6891     6891.4638     6897.9144  12.404037 -96.637282   0.000118   0.000453
1 46596U 20061BK  21205.50567062  .00001365  00000-0  73542-4 0  9990 | 2 46596  97.4301 278.3485 0004768 155.0010 205.1455 15.16463205 42876 | 2021/07/24-12:08:09  205.9859    0.1233  205.1223   94.9578     6894.6770     6891.3896     6897.9643  14.146243 -96.397657   0.000137   0.000457
1 46596U 20061BK  21206.62741382  .00001336  00000-0  72046-4 0  9999 | 2 46596  97.4300 279.4473 0004861 151.7776 208.3721 15.16466173 43048 | 2021/07/25-15:03:28  249.8171    0.1232  208.3456   94.9576     6894.6680     6891.3165     6898.0195  15.992195 -96.108556   0.000156   0.000460
1 46596U 20061BK  21208.21104770  .00001260  00000-0  68090-4 0  9990 | 2 46596  97.4299 280.9985 0004986 147.3656 212.7886 15.16470002 43289 | 2021/07/27-05:03:54   99.9305    0.1233  212.7577   94.9574     6894.6564     6891.2187     6898.0940  18.587997 -95.640325   0.000184   0.000463
1 46596U 20061BK  21209.72869292  .00001200  00000-0  65005-4 0  9991 | 2 46596  97.4297 282.4851 0005119 143.2229 216.9356 15.16473639 43519 | 2021/07/28-17:29:19  286.2878    0.1233  216.9004   94.9571     6894.6453     6891.1160     6898.1747  21.062910 -95.125708   0.000211   0.000467
1 46596U 20061BK  21210.85042824  .00001230  00000-0  66577-4 0  9999 | 2 46596  97.4296 283.5839 0005196 140.1501 220.0114 15.16476685 43680 | 2021/07/29-20:24:36  330.1163    0.1232  219.9731   94.9569     6894.6361     6891.0537     6898.2186  22.883191 -94.704205   0.000230   0.000466
1 46596U 20061BK  21212.43405090  .00001142  00000-0  62023-4 0  9997 | 2 46596  97.4295 285.1351 0005306 136.1038 224.0618 15.16480357 43920 | 2021/07/31-10:25:01  180.2261    0.1233  224.0195   94.9567     6894.6250     6890.9667     6898.2833  25.438445 -94.049949   0.000255   0.000465
1 46596U 20061BK  21214.01766992  .00000971  00000-0  53254-4 0  9999 | 2 46596  97.4294 286.6862 0005402 131.9180 228.2514 15.16483279 44164 | 2021/08/02-00:25:26   30.3349    0.1232  228.2052   94.9565     6894.6161     6890.8917     6898.3406  27.974886 -93.326812   0.000281   0.000461
1 46596U 20061BK  21215.13939823  .00000922  00000-0  50728-4 0  9997 | 2 46596  97.4294 287.7850 0005463 128.8774 231.2948 15.16485435 44334 | 2021/08/03-03:20:44   74.1611    0.1234  231.2460   94.9564     6894.6096     6890.8431     6898.3761  29.759423 -92.773190   0.000300   0.000456
1 46596U 20061BK  21216.39309161  .00001079  00000-0  58774-4 0  9995 | 2 46596  97.4294 289.0129 0005550 125.5310 234.6441 15.16489175 44526 | 2021/08/04-09:26:03  165.4956    0.1233  234.5923   94.9562     6894.5983     6890.7718     6898.4248  31.740650 -92.114164   0.000322   0.000452
1 46596U 20061BK  21217.44882904  .00001358  00000-0  73091-4 0  9992 | 2 46596  97.4294 290.0469 0005576 123.0402 237.1368 15.16493916 44689 | 2021/08/05-10:46:18  185.5658    0.1233  237.0831   94.9559     6894.5839     6890.7395     6898.4283  33.397748 -91.526381   0.000335   0.000446
1 46596U 20061BK  21218.83448089  .00001160  00000-0  62923-4 0  9991 | 2 46596  97.4291 291.4044 0005624 119.1324 241.0473 15.16500224 44898 | 2021/08/06-20:01:39  324.4060    0.1233  240.9909   94.9555     6894.5648     6890.6873     6898.4423  35.556583 -90.709200   0.000357   0.000434
1 46596U 20061BK  21220.15414415  .00001231  00000-0  66561-4 0  9996 | 2 46596  97.4290 292.6969 0005711 115.7802 244.4021 15.16504729 45099 | 2021/08/08-03:41:58   79.4904    0.1233  244.3431   94.9552     6894.5511     6890.6136     6898.4886  37.593577 -89.883998   0.000379   0.000428
1 46596U 20061BK  21221.20987401  .00001064  00000-0  57994-4 0  9997 | 2 46596  97.4289 293.7309 0005752 113.1951 246.9889 15.16506716 45254 | 2021/08/09-05:02:13   99.5580    0.1233  246.9282   94.9551     6894.5451     6890.5793     6898.5108  39.209437 -89.190866   0.000393   0.000420
1 46596U 20061BK  21222.79346609  .00000923  00000-0  50756-4 0  9993 | 2 46596  97.4288 295.2819 0005798 109.5980 250.5879 15.16509140 45497 | 2021/08/10-19:02:35  309.6592    0.1233  250.5253   94.9549     6894.5377     6890.5403     6898.5352  41.609136 -88.096827   0.000411   0.000409
1 46596U 20061BK  21224.17910682  .00000840  00000-0  46482-4 0  9994 | 2 46596  97.4286 296.6390 0005828 106.2426 253.9449 15.16511375 45704 | 2021/08/12-04:17:54   88.4969    0.1233  253.8807   94.9548     6894.5310     6890.5128     6898.5491  43.683829 -87.086481   0.000427   0.000397
1 46596U 20061BK  21225.96064097  .00000814  00000-0  45149-4 0  9992 | 2 46596  97.4284 298.3838 0005842 101.8958 258.2931 15.16514753 45971 | 2021/08/13-23:03:19    9.8589    0.1234  258.2276   94.9546     6894.5207     6890.4929     6898.5485  46.315072 -85.715852   0.000446   0.000378
1 46596U 20061BK  21227.14832703  .00000920  00000-0  50591-4 0  9996 | 2 46596  97.4283 299.5469 0005836  98.9992 261.1902 15.16517831 46152 | 2021/08/15-03:33:35   77.4330    0.1233  261.1241   94.9544     6894.5114     6890.4878     6898.5350  48.045386 -84.757976   0.000456   0.000364
1 46596U 20061BK  21228.46797317  .00001855  00000-0  98496-4 0  9997 | 2 46596  97.4282 300.8393 0005872  95.3271 264.8632 15.16526231 46350 | 2021/08/16-11:13:52  192.5130    0.1233  264.7962   94.9538     6894.4859     6890.4375     6898.5344  49.944805 -83.652678   0.000474   0.000347
1 46596U 20061BK  21229.65565093  .00002024  00000-0  10715-3 0  9999 | 2 46596  97.4281 302.0024 0005880  92.7365 267.4541 15.16531312 46532 | 2021/08/17-15:44:08  260.0842    0.1233  267.3868   94.9535     6894.4705     6890.4166     6898.5245  51.632488 -82.621552   0.000483   0.000335
1 46596U 20061BK  21230.84332598  .00001671  00000-0  89058-4 0  9998 | 2 46596  97.4281 303.1658 0005846  89.5691 270.6212 15.16534091 46713 | 2021/08/18-20:14:23  327.6547    0.1233  270.5542   94.9534     6894.4621     6890.4316     6898.4926  53.299373 -81.556186   0.000492   0.000316
1 46596U 20061BK  21232.42688898  .00001204  00000-0  65102-4 0  9997 | 2 46596  97.4280 304.7167 0005829  85.7213 274.4686 15.16537063 46958 | 2021/08/20-10:14:43  177.7478    0.1233  274.4020   94.9532     6894.4531     6890.4343     6898.4719  55.487110 -80.083680   0.000503   0.000295
1 46596U 20061BK  21233.48259515  .00000965  00000-0  52855-4 0  9998 | 2 46596  97.4279 305.7506 0005810  83.0820 277.1073 15.16539010 47112 | 2021/08/21-11:34:56  197.8092    0.1232  277.0412   94.9530     6894.4472     6890.4415     6898.4529  56.923046 -79.069353   0.000509   0.000280
1 46596U 20061BK  21234.53830043  .00000970  00000-0  53096-4 0  9990 | 2 46596  97.4279 306.7844 0005793  80.5317 279.6570 15.16541150 47275 | 2021/08/22-12:55:09  217.8705    0.1232  279.5915   94.9529     6894.4407     6890.4468     6898.4347  58.340368 -78.029463   0.000515   0.000266
1 46596U 20061BK  21235.92391170  .00000974  00000-0  53292-4 0  9999 | 2 46596  97.4277 308.1414 0005753  77.1140 283.0735 15.16543666 47483 | 2021/08/23-22:10:25  356.7005    0.1233  283.0093   94.9528     6894.4331     6890.4667     6898.3995  60.171769 -76.625811   0.000520   0.000245
1 46596U 20061BK  21237.50746385  .00001173  00000-0  63514-4 0  9997 | 2 46596  97.4275 309.6921 0005685  73.1047 287.0809 15.16547972 47723 | 2021/08/25-12:10:44  206.7913    0.1233  287.0186   94.9525     6894.4200     6890.5006     6898.3395  62.223215 -74.969255   0.000524   0.000220
1 46596U 20061BK  21238.76110602  .00001219  00000-0  65842-4 0  9990 | 2 46596  97.4273 310.9198 0005628  69.8478 290.3360 15.16551127 47916 | 2021/08/26-18:15:59  298.1122    0.1233  290.2755   94.9523     6894.4105     6890.5303     6898.2907  63.815074 -73.618714   0.000526   0.000200
1 46596U 20061BK  21240.21268598  .00002265  00000-0  11946-3 0  9998 | 2 46596  97.4270 312.3413 0005577  65.9155 294.2661 15.16560856 48132 | 2021/08/28-05:06:16  100.6924    0.1233  294.2078   94.9517     6894.3810     6890.5360     6898.2260  65.621516 -72.012756   0.000530   0.000175
1 46596U 20061BK  21241.46631813  .00002763  00000-0  14494-3 0  9994 | 2 46596  97.4269 313.5689 0005522  62.6996 297.4799 15.16567909 48329 | 2021/08/29-11:11:29  192.0101    0.1233  297.4237   94.9512     6894.3596     6890.5526     6898.1667  67.149188 -70.590278   0.000530   0.000155
1 46596U 20061BK  21242.71994947  .00002856  00000-0  14965-3 0  9999 | 2 46596  97.4266 314.7964 0005434  59.7110 300.4660 15.16571143 48510 | 2021/08/30-17:16:43  283.3281    0.1233  300.4123   94.9510     6894.3498     6890.6034     6898.0962  68.645772 -69.135378   0.000526   0.000136
1 46596U 20061BK  21243.77563819  .00001702  00000-0  90555-4 0  9995 | 2 46596  97.4267 315.8302 0005370  56.7527 303.4220 15.16569106 48675 | 2021/08/31-18:36:55  303.3850    0.1233  303.3706   94.9512     6894.3560     6890.6537     6898.0583  69.882026 -67.885671   0.000524   0.000117
1 46596U 20061BK  21244.83132145  .00001641  00000-0  87415-4 0  9990 | 2 46596  97.4266 316.8639 0005302  53.9339 306.2385 15.16572693 48839 | 2021/09/01-19:57:06  323.4401    0.1234  306.1895   94.9509     6894.3451     6890.6897     6898.0005  71.095271 -66.613848   0.000521   0.000099
1 46596U 20061BK  21246.15092379  .00001242  00000-0  66989-4 0  9991 | 2 46596  97.4266 318.1560 0005210  50.3902 309.7791 15.16574637 49034 | 2021/09/03-03:37:19   78.5086    0.1234  309.7332   94.9508     6894.3392     6890.7473     6897.9312  72.579302 -64.993748   0.000515   0.000077
1 46596U 20061BK  21247.66846212  .00001299  00000-0  69920-4 0  9991 | 2 46596  97.4265 319.6420 0005106  46.4048 313.7609 15.16579227 49263 | 2021/09/04-16:02:35  264.8358    0.1234  313.7186   94.9505     6894.3253     6890.8051     6897.8456  74.240279 -63.089650   0.000508   0.000054
1 46596U 20061BK  21248.72413888  .00001340  00000-0  72011-4 0  9990 | 2 46596  97.4264 320.6757 0005016  43.4782 316.6846 15.16582190 49425 | 2021/09/05-17:22:45  284.8892    0.1234  316.6452   94.9503     6894.3163     6890.8582     6897.7745  75.366288 -61.739988   0.000500   0.000036
1 46596U 20061BK  21250.50558873  .00001328  00000-0  71374-4 0  9990 | 2 46596  97.4261 322.4200 0004854  38.4778 321.6800 15.16586954 49690 | 2021/09/07-12:08:02  206.2277    0.1233  321.6455   94.9500     6894.3019     6890.9554     6897.6484  77.210435 -59.417116   0.000485   0.000008
1 46596U 20061BK  21251.75919732  .00001396  00000-0  74849-4 0  9998 | 2 46596  97.4259 323.6474 0004749  34.8647 325.2897 15.16591070 49883 | 2021/09/08-18:13:14  297.5384    0.1234  325.2587   94.9498     6894.2894     6891.0153     6897.5635  78.465305 -57.749476   0.000475  -0.000012
1 46596U 20061BK  21252.88084477  .00001344  00000-0  72172-4 0  9992 | 2 46596  97.4258 324.7456 0004659  31.5821 328.5691 15.16593987 50050 | 2021/09/09-21:08:24  341.3420    0.1233  328.5412   94.9496     6894.2806     6891.0685     6897.4926  79.557639 -56.234942   0.000465  -0.000030
1 46596U 20061BK  21254.00248798  .00001516  00000-0  80975-4 0  9997 | 2 46596  97.4256 325.8438 0004583  28.1332 332.0148 15.16601941 50221 | 2021/09/11-00:03:34   25.1441    0.1233  331.9901   94.9491     6894.2565     6891.0968     6897.4161  80.620660 -54.699696   0.000456  -0.000048
1 46596U 20061BK  21255.38804057  .00001562  00000-0  83310-4 0  9992 | 2 46596  97.4255 327.2008 0004446  24.4830 335.6614 15.16609952 50439 | 2021/09/12-09:18:46  163.9553    0.1234  335.6404   94.9486     6894.2322     6891.1670     6897.2974  81.893359 -52.775050   0.000440  -0.000064
1 46596U 20061BK  21256.64162513  .00002435  00000-0  12792-3 0  9991 | 2 46596  97.4246 328.4268 0004257  20.3206 339.8196 15.16621389 50622 | 2021/09/13-15:23:56  255.2596    0.1234  339.8028   94.9479     6894.1975     6891.2627     6897.1324  83.003025 -51.010298   0.000418  -0.000083
1 46596U 20061BK  21257.89520323  .00002354  00000-0  12380-3 0  9999 | 2 46596  97.4249 329.6548 0004204  16.2662 343.8705 15.16628689 50813 | 2021/09/14-21:29:05  346.5588    0.1233  343.8571   94.9474     6894.1754     6891.2771     6897.0737  84.077422 -49.219896   0.000408  -0.000102
1 46596U 20061BK  21259.14877416  .00002247  00000-0  11825-3 0  9991 | 2 46596  97.4244 330.8822 0004042  11.6909 348.4417 15.16638719 51008 | 2021/09/16-03:34:14   77.8566    0.1233  348.4324   94.9468     6894.1450     6891.3584     6896.9316  85.112011 -47.407377   0.000386  -0.000121
1 46596U 20061BK  21260.60026890  .00002036  00000-0  10746-3 0  9993 | 2 46596  97.4253 332.3033 0003896   7.0384 353.0903 15.16646668 51229 | 2021/09/17-14:24:23  240.4081    0.1233  353.0849   94.9463     6894.1209     6891.4350     6896.8069  86.262348 -45.282407   0.000365  -0.000137
1 46596U 20061BK  21262.18370984  .00001974  00000-0  10427-3 0  9990 | 2 46596  97.4252 333.8537 0003731   1.3408 358.7835 15.16653889 51460 | 2021/09/19-04:24:32   90.4616    0.1234  358.7826   94.9459     6894.0991     6891.5269     6896.6712  87.455852 -42.931848   0.000339  -0.000157
1 46596U 20061BK  21263.43726443  .00001786  00000-0  94653-4 0  9999 | 2 46596  97.4251 335.0811 0003610 356.8963   3.2247 15.16657890 51654 | 2021/09/20-10:29:39  181.7527    0.1233    3.2270   94.9456     6894.0869     6891.5982     6896.5757  88.355318 -41.048604   0.000319  -0.000170
1 46596U 20061BK  21264.95471961  .00001954  00000-0  10322-3 0  9996 | 2 46596  97.4243 336.5665 0003499 350.6571   9.4597 15.16664193 51885 | 2021/09/21-22:54:47    8.0511    0.1234    9.4663   94.9452     6894.0678     6891.6556     6896.4801  89.388964 -38.744126   0.000294  -0.000189
1 46596U 20061BK  21266.47216709  .00002399  00000-0  12594-3 0  9999 | 2 46596  97.4242 338.0521 0003365 344.5777  15.5353 15.16672961 52111 | 2021/09/23-11:19:55  194.3460    0.1233   15.5456   94.9447     6894.0413     6891.7214     6896.3611  90.363294 -36.413594   0.000267  -0.000204
1 46596U 20061BK  21267.72570572  .00002867  00000-0  14982-3 0  9992 | 2 46596  97.4237 339.2797 0003213 339.1288  20.9813 15.16679718 52301 | 2021/09/24-17:25:00  285.6308    0.1233   20.9945   94.9442     6894.0208     6891.8057     6896.2358  91.122212 -34.469114   0.000240  -0.000213
1 46596U 20061BK  21268.91326323  .00002807  00000-0  14672-3 0  9997 | 2 46596  97.4234 340.4422 0003103 334.1135  25.9943 15.16685704 52481 | 2021/09/25-21:55:05  353.1618    0.1234   26.0099   94.9439     6894.0026     6891.8634     6896.1419  91.802486 -32.613226   0.000218  -0.000221
1 46596U 20061BK  21270.10081458  .00003533  00000-0  18372-3 0  9996 | 2 46596  97.4232 341.6047 0003010 329.0155  31.0900 15.16694455 52661 | 2021/09/27-02:25:10   60.6906    0.1233   31.1078   94.9433     6893.9761     6891.9010     6896.0512  92.445060 -30.743956   0.000196  -0.000228
1 46596U 20061BK  21271.15640996  .00004889  00000-0  25287-3 0  9998 | 2 46596  97.4230 342.6379 0002909 324.0725  36.0312 15.16703985 52821 | 2021/09/28-03:45:13   80.7140    0.1233   36.0508   94.9427     6893.9473     6891.9418     6895.9527  92.984206 -29.071950   0.000174  -0.000233
1 46596U 20061BK  21272.73979595  .00003705  00000-0  19243-3 0  9994 | 2 46596  97.4230 344.1876 0002795 316.0750  44.0261 15.16709959 53068 | 2021/09/29-17:45:18  290.7465    0.1234   44.0484   94.9423     6893.9291     6892.0023     6895.8560  93.736421 -26.546646   0.000141  -0.000241
1 46596U 20061BK  21274.12525177  .00002262  00000-0  11878-3 0  9995 | 2 46596  97.4232 345.5441 0002768 309.1799  50.9188 15.16715037 53270 | 2021/10/01-03:00:21   69.5220    0.1233   50.9434   94.9420     6893.9138     6892.0055     6895.8220  94.338788 -24.320217   0.000116  -0.000251
1 46596U 20061BK  21275.18083447  .00001787  00000-0  94558-4 0  9999 | 2 46596  97.4234 346.5773 0002683 303.2176  56.8800 15.16718056 53439 | 2021/10/02-04:20:24   89.5401    0.1234   56.9058   94.9418     6893.9046     6892.0550     6895.7542  94.762181 -22.615214   0.000091  -0.000252
1 46596U 20061BK  21276.76420204  .00002026  00000-0  10674-3 0  9993 | 2 46596  97.4234 348.1273 0002588 294.7570  65.3394 15.16725504 53673 | 2021/10/03-18:20:27  299.5643    0.1234   65.3664   94.9414     6893.8820     6892.0979     6895.6662  95.339233 -20.043688   0.000058  -0.000252
1 46596U 20061BK  21278.01769665  .00002129  00000-0  11197-3 0  9995 | 2 46596  97.4233 349.3544 0002545 287.4991  72.5964 15.16730925 53862 | 2021/10/05-00:25:28   30.8317    0.1233   72.6242   94.9410     6893.8656     6892.1111     6895.6201  95.746512 -17.997355   0.000030  -0.000253
1 46596U 20061BK  21279.20521318  .00002016  00000-0  10615-3 0  9997 | 2 46596  97.4229 350.5170 0002563 280.9450  79.1495 15.16735976 54048 | 2021/10/06-04:55:30   98.3465    0.1233   79.1783   94.9407     6893.8503     6892.0834     6895.6172  96.091570 -16.050906   0.000007  -0.000256
1 46596U 20061BK  21280.45869319  .00002013  00000-0  10599-3 0  9990 | 2 46596  97.4226 351.7436 0002839 276.6114  83.4796 15.16747937 54231 | 2021/10/07-11:00:31  189.6117    0.1233   83.5119   94.9400     6893.8141     6891.8569     6895.7712  96.412849 -13.990194  -0.000008  -0.000284
1 46596U 20061BK  21281.71216082  .00001993  00000-0  10493-3 0  9992 | 2 46596  97.4219 352.9702 0002524 263.2854  96.8092 15.16762839 54422 | 2021/10/08-17:05:30  280.8653    0.1233   96.8379   94.9390     6893.7689     6892.0289     6895.5089  96.689544 -11.923034  -0.000060  -0.000245
1 46596U 20061BK  21282.76770874  .00002202  00000-0  11554-3 0  9995 | 2 46596  97.4219 354.0042 0002563 261.0813  99.0130 15.16768972 54585 | 2021/10/09-18:25:30  300.8693    0.1233   99.0420   94.9387     6893.7503     6891.9835     6895.5172  96.888959 -10.176259  -0.000066  -0.000248
1 46596U 20061BK  21283.82325166  .00005323  00000-0  27440-3 0  9991 | 2 46596  97.4214 355.0373 0002619 254.6483 105.4461 15.16780586 54743 | 2021/10/10-19:45:28  320.8719    0.1233  105.4750   94.9379     6893.7151     6891.9097     6895.5206  97.056189  -8.427652  -0.000091  -0.000246
1 46596U 20061BK  21284.87879001  .00003738  00000-0  19371-3 0  9991 | 2 46596  97.4214 356.0703 0002651 248.8495 111.2455 15.16785206 54905 | 2021/10/11-21:05:27  340.8725    0.1233  111.2738   94.9376     6893.7011     6891.8736     6895.5287  97.192351  -6.676527  -0.000112  -0.000240
1 46596U 20061BK  21286.46208810  .00002625  00000-0  13702-3 0  9998 | 2 46596  97.4213 357.6199 0002751 240.8496 119.2462 15.16792877 55149 | 2021/10/13-11:05:24  190.8700    0.1233  119.2737   94.9372     6893.6779     6891.7815     6895.5744  97.337256  -4.045774  -0.000144  -0.000234
1 46596U 20061BK  21287.91343847  .00001952  00000-0  10274-3 0  9992 | 2 46596  97.4214 359.0403 0002824 233.3655 126.7319 15.16798602 55369 | 2021/10/14-21:55:21  353.3646    0.1233  126.7578   94.9368     6893.6606     6891.7138     6895.6073  97.407734  -1.631725  -0.000172  -0.000224
1 46596U 20061BK  21289.23284319  .00001829  00000-0  96439-4 0  9998 | 2 46596  97.4216   0.3317 0002915 226.9361 133.1629 15.16803879 55565 | 2021/10/16-05:35:17  108.3578    0.1234  133.1873   94.9365     6893.6446     6891.6351     6895.6541  97.419967   0.563996  -0.000198  -0.000214
1 46596U 20061BK  21290.28836502  .00001820  00000-0  95973-4 0  9995 | 2 46596  97.4213   1.3650 0003000 223.0668 137.0331 15.16806924 55722 | 2021/10/17-06:55:14  128.3518    0.1233  137.0565   94.9363     6893.6353     6891.5672     6895.7034  97.393655   2.320721  -0.000214  -0.000210
1 46596U 20061BK  21291.34388160  .00002074  00000-0  10887-3 0  9997 | 2 46596  97.4213   2.3982 0003070 218.3435 141.7581 15.16813168 55881 | 2021/10/18-08:15:11  148.3433    0.1234  141.7799   94.9359     6893.6164     6891.5001     6895.7328  97.335973   4.076523  -0.000233  -0.000200
1 46596U 20061BK  21292.46536658  .00001689  00000-0  89284-4 0  9997 | 2 46596  97.4212   3.4959 0003158 213.3158 146.7877 15.16815445 56053 | 2021/10/19-11:10:07  192.0837    0.1233  146.8075   94.9357     6893.6095     6891.4325     6895.7865  97.239915   5.940464  -0.000253  -0.000189
1 46596U 20061BK  21293.65281740  .00001864  00000-0  98172-4 0  9999 | 2 46596  97.4210   4.6581 0003269 208.1050 152.0007 15.16820970 56235 | 2021/10/20-15:40:03  259.5720    0.1233  152.0183   94.9354     6893.5928     6891.3393     6895.8463  97.099222   7.911526  -0.000275  -0.000177
1 46596U 20061BK  21295.17011122  .00001687  00000-0  89175-4 0  9999 | 2 46596  97.4207   6.1431 0003417 202.1710 157.9376 15.16825788 56464 | 2021/10/22-04:04:57   85.8054    0.1233  157.9523   94.9351     6893.5782     6891.2226     6895.9337  96.861284  10.425186  -0.000301  -0.000162
1 46596U 20061BK  21296.22561703  .00001585  00000-0  83952-4 0  9995 | 2 46596  97.4205   7.1762 0003514 198.0335 162.0774 15.16829149 56626 | 2021/10/23-05:24:53  105.7924    0.1233  162.0898   94.9349     6893.5680     6891.1456     6895.9904  96.657374  12.169877  -0.000318  -0.000150
1 46596U 20061BK  21297.28112073  .00001492  00000-0  79228-4 0  9992 | 2 46596  97.4203   8.2092 0003610 194.0108 166.1025 15.16832230 56789 | 2021/10/24-06:44:48  125.7787    0.1232  166.1124   94.9347     6893.5587     6891.0701     6896.0472  96.422065  13.910436  -0.000334  -0.000137
1 46596U 20061BK  21298.46855932  .00001628  00000-0  86154-4 0  9998 | 2 46596  97.4202   9.3713 0003720 189.5256 170.5907 15.16836799 56967 | 2021/10/25-11:14:43  193.2619    0.1233  170.5977   94.9344     6893.5448     6890.9804     6896.1092  96.120015  15.863102  -0.000352  -0.000120
1 46596U 20061BK  21299.78793135  .00002005  00000-0  10530-3 0  9994 | 2 46596  97.4200  10.6625 0003852 184.8339 175.2858 15.16843235 57161 | 2021/10/26-18:54:37  308.2416    0.1233  175.2894   94.9340     6893.5253     6890.8699     6896.1807  95.737956  18.024985  -0.000371  -0.000103
1 46596U 20061BK  21301.10729765  .00002384  00000-0  12452-3 0  9997 | 2 46596  97.4198  11.9537 0003974 180.4395 179.6835 15.16850473 57369 | 2021/10/28-02:34:30   63.2194    0.1233  179.6838   94.9335     6893.5034     6890.7639     6896.2429  95.307280  20.177705  -0.000388  -0.000085
1 46596U 20061BK  21302.16278413  .00004558  00000-0  23488-3 0  9999 | 2 46596  97.4197  12.9866 0004085 176.3034 183.8230 15.16862616 57528 | 2021/10/29-03:54:24   83.1986    0.1233  183.8199   94.9328     6893.4666     6890.6506     6896.2826  94.927962  21.892464  -0.000403  -0.000066
1 46596U 20061BK  21303.48213472  .00005546  00000-0  28499-3 0  9994 | 2 46596  97.4198  14.2778 0004211 172.4655 187.6642 15.16873197 57720 | 2021/10/30-11:34:16  198.1707    0.1233  187.6578   94.9321     6893.4345     6890.5317     6896.3374  94.410635  24.026016  -0.000418  -0.000049
1 46596U 20061BK  21304.73550518  .00006743  00000-0  34553-3 0  9996 | 2 46596  97.4201  15.5045 0004318 168.6756 191.4576 15.16888874 57911 | 2021/10/31-17:39:07  289.3893    0.1234  191.4478   94.9311     6893.3871     6890.4105     6896.3636  93.874930  26.041762  -0.000431  -0.000031
1 46596U 20061BK  21305.92289795  .00004654  00000-0  23952-3 0  9994 | 2 46596  97.4202  16.6667 0004461 164.4674 195.6697 15.16899016 58096 | 2021/11/01-22:08:58  356.8549    0.1233  195.6559   94.9305     6893.3563     6890.2812     6896.4315  93.327514  27.940483  -0.000446  -0.000009
1 46596U 20061BK  21307.44011085  .00006995  00000-0  35805-3 0  9998 | 2 46596  97.4202  18.1517 0004531 160.1250 200.0161 15.16917483 58320 | 2021/11/03-10:33:45  183.0580    0.1233  199.9983   94.9294     6893.3004     6890.1770     6896.4237  92.572085  30.349703  -0.000453   0.000014
1 46596U 20061BK  21308.75940604  .00019448  00000-0  98663-3 0  9999 | 2 46596  97.4197  19.4431 0004631 156.2485 203.8963 15.16959455 58527 | 2021/11/04-18:13:32  298.0095    0.1233  203.8748   94.9267     6893.1732     6889.9810     6896.3655  91.864101  32.428151  -0.000462   0.000035
1 46596U 20061BK  21310.14466416  .00004239  00000-0  21821-3 0  9993 | 2 46596  97.4189  20.7988 0004798 151.9927 208.1566 15.16940950 58737 | 2021/11/06-03:28:18   76.7076    0.1234  208.1307   94.9279     6893.2293     6889.9219     6896.5367  91.070414  34.592222  -0.000476   0.000060
1 46596U 20061BK  21311.46394384  .00002379  00000-0  12393-3 0  9990 | 2 46596  97.4186  22.0897 0004907 148.3698 211.7831 15.16948075 58938 | 2021/11/07-11:08:04  191.6542    0.1233  211.7535   94.9274     6893.2077     6889.8252     6896.5902  90.267709  36.635014  -0.000484   0.000081
1 46596U 20061BK  21312.58532768  .00001843  00000-0  96757-4 0  9996 | 2 46596  97.4183  23.1869 0004964 145.4761 214.6795 15.16952145 59102 | 2021/11/08-14:02:52  235.3577    0.1233  214.6472   94.9272     6893.1954     6889.7736     6896.6172  89.549374  38.356678  -0.000487   0.000098
1 46596U 20061BK  21313.77267220  .00001711  00000-0  90058-4 0  9998 | 2 46596  97.4182  24.3487 0005071 141.8690 218.2903 15.16956912 59287 | 2021/11/09-18:32:38  302.8066    0.1233  218.2543   94.9269     6893.1809     6889.6854     6896.6765  88.753160  40.164441  -0.000492   0.000121
1 46596U 20061BK  21315.42175120  .00002922  00000-0  15135-3 0  9996 | 2 46596  97.4182  25.9625 0005179 137.3112 222.8524 15.16969224 59534 | 2021/11/11-10:07:19  176.4823    0.1233  222.8121   94.9261     6893.1436     6889.5737     6896.7136  87.586830  42.648012  -0.000496   0.000149
1 46596U 20061BK  21316.47715747  .00002549  00000-0  13243-3 0  9990 | 2 46596  97.4182  26.9952 0005254 134.5509 225.6154 15.16973715 59698 | 2021/11/12-11:27:06  196.4334    0.1233  225.5724   94.9258     6893.1300     6889.5084     6896.7517  86.803957  44.219665  -0.000498   0.000166
1 46596U 20061BK  21317.73044832  .00001705  00000-0  89676-4 0  9997 | 2 46596  97.4183  28.2217 0005286 131.5271 228.6417 15.16977417 59885 | 2021/11/13-17:31:50  287.6245    0.1234  228.5963   94.9256     6893.1188     6889.4751     6896.7625  85.837643  46.067605  -0.000496   0.000183
1 46596U 20061BK  21318.78584730  .00003641  00000-0  18765-3 0  9990 | 2 46596  97.4183  29.2547 0005309 128.2367 231.9345 15.16986086 60046 | 2021/11/14-18:51:37  307.5729    0.1233  231.8866   94.9251     6893.0926     6889.4330     6896.7521  84.993173  47.607623  -0.000490   0.000203
1 46596U 20061BK  21320.17104594  .00005450  00000-0  27902-3 0  9995 | 2 46596  97.4186  30.6104 0005403 124.8365 235.3377 15.17002328 60254 | 2021/11/16-04:06:18   86.2511    0.1233  235.2868   94.9240     6893.0434     6889.3190     6896.7677  83.843281  49.605322  -0.000491   0.000225
1 46596U 20061BK  21321.68815397  .00006044  00000-0  30894-3 0  9996 | 2 46596  97.4185  32.0953 0005456 120.9307 239.2463 15.17018863 60487 | 2021/11/17-16:30:56  272.4176    0.1233  239.1926   94.9230     6892.9933     6889.2324     6896.7541  82.529593  51.761283  -0.000486   0.000247
1 46596U 20061BK  21322.74352268  .00005198  00000-0  26607-3 0  9993 | 2 46596  97.4183  33.1282 0005523 118.1326 242.0466 15.17029994 60647 | 2021/11/18-17:50:40  292.3554    0.1233  241.9907   94.9223     6892.9595     6889.1526     6896.7665  81.582939  53.240485  -0.000484   0.000266
1 46596U 20061BK  21323.93080351  .00004219  00000-0  21655-3 0  9997 | 2 46596  97.4180  34.2902 0005587 115.1058 245.0755 15.17040772 60825 | 2021/11/19-22:20:21  359.7827    0.1233  245.0175   94.9216     6892.9269     6889.0758     6896.7780  80.486232  54.883815  -0.000481   0.000284
1 46596U 20061BK  21325.44787263  .00004760  00000-0  24376-3 0  9995 | 2 46596  97.4174  35.7748 0005586 111.1345 249.0486 15.17055583 61053 | 2021/11/21-10:44:56  185.9365    0.1233  248.9888   94.9207     6892.8820     6889.0317     6896.7324  79.036784  56.950299  -0.000468   0.000305
1 46596U 20061BK  21326.76705162  .00004786  00000-0  24502-3 0  9998 | 2 46596  97.4169  37.0657 0005603 107.7888 252.3957 15.17067852 61258 | 2021/11/22-18:24:33  300.8488    0.1233  252.3345   94.9199     6892.8449     6888.9828     6896.7069  77.733318  58.716128  -0.000458   0.000323
1 46596U 20061BK  21328.15217805  .00004805  00000-0  24587-3 0  9990 | 2 46596  97.4166  38.4211 0005606 104.2916 255.8941 15.17080786 61468 | 2021/11/24-03:39:08   79.5030    0.1234  255.8318   94.9191     6892.8057     6888.9416     6896.6698  76.322463  60.538216  -0.000446   0.000340
1 46596U 20061BK  21329.47133604  .00004106  00000-0  21057-3 0  9993 | 2 46596  97.4165  39.7119 0005639 101.0683 259.1185 15.17090734 61663 | 2021/11/25-11:18:43  194.4082    0.1234  259.0551   94.9185     6892.7756     6888.8887     6896.6624  74.939286  62.242091  -0.000437   0.000357
1 46596U 20061BK  21330.65856961  .00004268  00000-0  21867-3 0  9991 | 2 46596  97.4165  40.8736 0005655  98.0127 262.1748 15.17101592 61841 | 2021/11/26-15:48:20  261.8201    0.1233  262.1106   94.9178     6892.7427     6888.8448     6896.6405  73.661981  63.748624  -0.000426   0.000372
1 46596U 20061BK  21332.17557944  .00003872  00000-0  19864-3 0  9993 | 2 46596  97.4166  42.3582 0005656  94.1248 266.0632 15.17112958 62079 | 2021/11/28-04:12:50   87.9538    0.1233  265.9985   94.9171     6892.7082     6888.8097     6896.6068  71.985712  65.635746  -0.000410   0.000389
1 46596U 20061BK  21333.62661831  .00005605  00000-0  28583-3 0  9999 | 2 46596  97.4169  43.7783 0005656  90.5160 269.6722 15.17130381 62296 | 2021/11/29-15:02:19  250.3377    0.1234  269.6074   94.9160     6892.6555     6888.7570     6896.5540  70.337176  67.399808  -0.000395   0.000405
1 46596U 20061BK  21335.14359585  .00005232  00000-0  26691-3 0  9992 | 2 46596  97.4170  45.2630 0005660  86.7453 273.4428 15.17146993 62521 | 2021/12/01-03:26:46   76.4602    0.1234  273.3781   94.9150     6892.6052     6888.7039     6896.5064  68.567303  69.199688  -0.000379   0.000421
1 46596U 20061BK  21336.46268895  .00006886  00000-0  34996-3 0  9994 | 2 46596  97.4171  46.5542 0005600  83.1054 277.0817 15.17168475 62723 | 2021/12/02-11:06:16  191.3437    0.1234  277.0180   94.9137     6892.5401     6888.6803     6896.3999  66.990631  70.727270  -0.000357   0.000431
1 46596U 20061BK  21338.17748468  .00006622  00000-0  33641-3 0  9997 | 2 46596  97.4165  48.2326 0005609  78.9334 281.2530 15.17193523 62986 | 2021/12/04-04:15:34   88.6826    0.1234  281.1900   94.9121     6892.4642     6888.5983     6896.3302  64.889930  72.658595  -0.000339   0.000447
1 46596U 20061BK  21339.43058934  .00005770  00000-0  29349-3 0  9992 | 2 46596  97.4158  49.4588 0005536  75.7017 284.4830 15.17207471 63171 | 2021/12/05-10:20:02  179.8109    0.1233  284.4216   94.9112     6892.4220     6888.6063     6896.2376  63.319751  74.030043  -0.000319   0.000453
1 46596U 20061BK  21341.14534546  .00005655  00000-0  28754-3 0  9992 | 2 46596  97.4154  51.1365 0005425  70.7776 289.4044 15.17226821 63435 | 2021/12/07-03:29:17   77.1383    0.1234  289.3458   94.9100     6892.3634     6888.6243     6896.1025  61.124964  75.851822  -0.000287   0.000460
1 46596U 20061BK  21342.46437495  .00004081  00000-0  20841-3 0  9994 | 2 46596  97.4152  52.4274 0005414  67.5912 292.5894 15.17237665 63638 | 2021/12/08-11:08:41  191.9995    0.1233  292.5321   94.9093     6892.3306     6888.5990     6896.0621  59.400497  77.209469  -0.000271   0.000469
1 46596U 20061BK  21343.65149401  .00003402  00000-0  17429-3 0  9997 | 2 46596  97.4151  53.5892 0005344  64.4454 295.7331 15.17245989 63813 | 2021/12/09-15:38:09  259.3727    0.1233  295.6779   94.9088     6892.3053     6888.6221     6895.9886  57.822739  78.397912  -0.000251   0.000472
1 46596U 20061BK  21345.16836058  .00002823  00000-0  14514-3 0  9994 | 2 46596  97.4151  55.0736 0005260  60.3621 299.8136 15.17254156 64045 | 2021/12/11-04:02:26   85.4582    0.1234  299.7613   94.9083     6892.2806     6888.6553     6895.9059  55.772455  79.869487  -0.000226   0.000475
1 46596U 20061BK  21346.42141724  .00003530  00000-0  18060-3 0  9999 | 2 46596  97.4153  56.3000 0005199  57.0864 303.0869 15.17263793 64237 | 2021/12/12-10:06:50  176.5696    0.1234  303.0370   94.9077     6892.2514     6888.6681     6895.8347  54.050336  81.045060  -0.000206   0.000477
1 46596U 20061BK  21347.47661738  .00003364  00000-0  17227-3 0  9996 | 2 46596  97.4153  57.3327 0005125  54.0082 306.1626 15.17269982 64396 | 2021/12/13-11:26:19  196.4515    0.1234  306.1152   94.9073     6892.2327     6888.7004     6895.7650  52.580879  82.006048  -0.000187   0.000477
1 46596U 20061BK  21348.59776234  .00003418  00000-0  17493-3 0  9993 | 2 46596  97.4155  58.4301 0005021  50.6439 309.5239 15.17277521 64569 | 2021/12/14-14:20:46  240.0744    0.1234  309.4795   94.9068     6892.2099     6888.7493     6895.6704  51.000753  82.998210  -0.000164   0.000475
1 46596U 20061BK  21349.71890341  .00002983  00000-0  15307-3 0  9992 | 2 46596  97.4153  59.5274 0004958  47.7520 312.4133 15.17282835 64733 | 2021/12/15-17:15:13  283.6954    0.1233  312.3713   94.9065     6892.1938     6888.7766     6895.6109  49.401856  83.959498  -0.000147   0.000473
1 46596U 20061BK  21350.84003589  .00004354  00000-0  22181-3 0  9990 | 2 46596  97.4153  60.6249 0004892  44.9936 315.1694 15.17294512 64901 | 2021/12/16-20:09:39  327.3130    0.1235  315.1299   94.9058     6892.1584     6888.7868     6895.5300  47.784649  84.890329  -0.000132   0.000471
1 46596U 20061BK  21352.09305339  .00006857  00000-0  34708-3 0  9995 | 2 46596  97.4151  61.8513 0004789  41.2119 318.9476 15.17314523 65099 | 2021/12/18-02:13:59   58.4114    0.1234  318.9115   94.9045     6892.0978     6888.7972     6895.3984  45.956693  85.893446  -0.000108   0.000467
1 46596U 20061BK  21353.14821831  .00005933  00000-0  30071-3 0  9995 | 2 46596  97.4148  62.8839 0004721  38.0064 322.1502 15.17324361 65252 | 2021/12/19-03:33:26   78.2811    0.1234  322.1170   94.9039     6892.0680     6888.8143     6895.3218  44.401182  86.707429  -0.000089   0.000464
1 46596U 20061BK  21354.46716517  .00006137  00000-0  31080-3 0  9993 | 2 46596  97.4146  64.1748 0004581  33.8616 326.2909 15.17337351 65455 | 2021/12/20-11:12:43  193.1152    0.1234  326.2618   94.9031     6892.0287     6888.8714     6895.1859  42.436434  87.685537  -0.000064   0.000454
1 46596U 20061BK  21355.72015703  .00003767  00000-0  19208-3 0  9996 | 2 46596  97.4141  65.4009 0004513  30.7540 329.3957 15.17342293 65640 | 2021/12/21-17:17:01  284.2039    0.1234  329.3694   94.9028     6892.0137     6888.9033     6895.1241  40.550227  88.573054  -0.000048   0.000449
1 46596U 20061BK  21356.84124669  .00003742  00000-0  19078-3 0  9990 | 2 46596  97.4137  66.4980 0004431  26.9964 333.1499 15.17351816 65814 | 2021/12/22-20:11:23  327.8075    0.1234  333.1270   94.9022     6891.9849     6888.9310     6895.0387  38.846741  89.332859  -0.000027   0.000442
1 46596U 20061BK  21358.16016715  .00004077  00000-0  20749-3 0  9998 | 2 46596  97.4134  67.7886 0004313  22.9549 337.1876 15.17363309 66010 | 2021/12/24-03:50:38   82.6321    0.1233  337.1684   94.9015     6891.9501     6888.9776     6894.9226  36.824700  90.184876  -0.000006   0.000431
1 46596U 20061BK  21359.47907833  .00004358  00000-0  22149-3 0  9991 | 2 46596  97.4133  69.0792 0004185  19.0112 341.1277 15.17374694 66211 | 2021/12/25-11:29:52  197.4531    0.1234  341.1122   94.9008     6891.9156     6889.0313     6894.7999  34.784060  90.991319   0.000014   0.000418
1 46596U 20061BK  21360.73203465  .00003673  00000-0  18716-3 0  9996 | 2 46596  97.4133  70.3053 0004064  15.3746 344.7611 15.17384019 66408 | 2021/12/26-17:34:07  288.5294    0.1235  344.7489   94.9002     6891.8874     6889.0865     6894.6882  32.829078  91.714790   0.000031   0.000405
1 46596U 20061BK  21362.18281633  .00003379  00000-0  17242-3 0  9996 | 2 46596  97.4135  71.7253 0003948  10.3973 349.7341 15.17394861 66629 | 2021/12/28-04:23:15   90.8251    0.1233  349.7260   94.8995     6891.8545     6889.1336     6894.5754  30.546262  92.500356   0.000054   0.000391
1 46596U 20061BK  21363.43575630  .00003619  00000-0  18435-3 0  9990 | 2 46596  97.4137  72.9516 0003829   6.2971 353.8310 15.17404296 66813 | 2021/12/29-10:27:29  181.8954    0.1234  353.8263   94.8989     6891.8260     6889.1871     6894.4648  28.559693  93.133092   0.000071   0.000376
1 46596U 20061BK  21364.75463291  .00003426  00000-0  17465-3 0  9993 | 2 46596  97.4137  74.2424 0003700   1.5480 358.5764 15.17413015 67014 | 2021/12/30-18:06:40  296.7039    0.1233  358.5753   94.8984     6891.7996     6889.2496     6894.3495  26.454455  93.752817   0.000091   0.000359
1 46596U 20061BK  22001.00755907  .00002632  00000-0  13494-3 0  9994 | 2 46596  97.4134  75.4687 0003580 356.9891   3.1320 15.17418917 67202 | 2022/01/01-00:10:53   27.7692    0.1233    3.1342   94.8980     6891.7817     6889.3144     6894.2489  24.441885  94.297215   0.000108   0.000341
1 46596U 20061BK  22002.12859313  .00002620  00000-0  13432-3 0  9993 | 2 46596  97.4131  76.5657 0003473 352.3941   7.7240 15.17425867 67376 | 2022/01/02-03:05:10   71.3524    0.1235    7.7294   94.8976     6891.7606     6889.3671     6894.1542  22.632006  94.747582   0.000125   0.000324
1 46596U 20061BK  22003.44745192  .00002061  00000-0  10634-3 0  9998 | 2 46596  97.4129  77.8564 0003346 347.3020  12.8128 15.17431311 67570 | 2022/01/03-10:44:19  186.1541    0.1233   12.8213   94.8972     6891.7442     6889.4382     6894.0501  20.492027  95.233135   0.000141   0.000304
1 46596U 20061BK  22004.50253566  .00001965  00000-0  10153-3 0  9993 | 2 46596  97.4125  78.8889 0003254 343.5608  16.5519 15.17435850 67730 | 2022/01/04-12:03:39  205.9938    0.1233   16.5625   94.8969     6891.7304     6889.4879     6893.9730  18.772565  95.586537   0.000151   0.000289
1 46596U 20061BK  22005.75544434  .00001742  00000-0  90404-4 0  9999 | 2 46596  97.4121  80.1149 0003125 338.6171  21.4931 15.17440074 67926 | 2022/01/05-18:07:50  297.0524    0.1233   21.5062   94.8967     6891.7176     6889.5640     6893.8713  16.723019  95.965920   0.000162   0.000267
1 46596U 20061BK  22007.14023415  .00001436  00000-0  75097-4 0  9996 | 2 46596  97.4121  81.4700 0003072 331.7914  28.3153 15.17443139 68134 | 2022/01/07-03:21:56   75.5900    0.1234   28.3320   94.8965     6891.7084     6889.5912     6893.8255  14.448868  96.334560   0.000184   0.000246
1 46596U 20061BK  22008.19530976  .00001603  00000-0  83427-4 0  9999 | 2 46596  97.4120  82.5024 0002992 327.2975  32.8073 15.17447687 68291 | 2022/01/08-04:41:14   95.4267    0.1234   32.8259   94.8962     6891.6946     6889.6326     6893.7566  12.710772  96.579159   0.000193   0.000229
1 46596U 20061BK  22009.44820697  .00001993  00000-0  10287-3 0  9995 | 2 46596  97.4119  83.7285 0002903 321.3909  38.7117 15.17454509 68481 | 2022/01/09-10:45:25  186.4807    0.1234   38.7325   94.8958     6891.6739     6889.6733     6893.6746  10.641265  96.828930   0.000205   0.000206
1 46596U 20061BK  22010.50327700  .00002004  00000-0  10345-3 0  9990 | 2 46596  97.4119  84.7610 0002847 316.0132  44.0874 15.17458046 68648 | 2022/01/10-12:04:43  206.3153    0.1233   44.1101   94.8955     6891.6632     6889.7012     6893.6253   8.894723  97.004959   0.000216   0.000186
1 46596U 20061BK  22011.62428523  .00002015  00000-0  10397-3 0  9998 | 2 46596  97.4117  85.8579 0002779 310.3973  49.7018 15.17462186 68817 | 2022/01/11-14:58:58  249.8878    0.1234   49.7261   94.8953     6891.6507     6889.7355     6893.5659   7.036079  97.157259   0.000224   0.000164
1 46596U 20061BK  22012.67934884  .00001961  00000-0  10128-3 0  9997 | 2 46596  97.4117  86.8904 0002713 305.1458  54.9521 15.17465834 68975 | 2022/01/12-16:18:15  269.7193    0.1234   54.9776   94.8951     6891.6396     6889.7699     6893.5093   5.284207  97.268271   0.000230   0.000144
1 46596U 20061BK  22013.73440948  .00002268  00000-0  11656-3 0  9996 | 2 46596  97.4118  87.9231 0002612 299.1330  60.9642 15.17470981 69139 | 2022/01/13-17:37:32  289.5491    0.1234   60.9904   94.8947     6891.6241     6889.8240     6893.4241   3.530282  97.347809   0.000233   0.000119
1 46596U 20061BK  22015.11916916  .00002920  00000-0  14910-3 0  9994 | 2 46596  97.4117  89.2783 0002612 291.5730  68.5225 15.17480201 69345 | 2022/01/15-02:51:36   68.0739    0.1234   68.5504   94.8942     6891.5961     6889.7961     6893.3962   1.226969  97.403972   0.000244   0.000093
1 46596U 20061BK  22016.17421723  .00003726  00000-0  18927-3 0  9995 | 2 46596  97.4114  90.3106 0002564 285.8682  74.2269 15.17489696 69509 | 2022/01/16-04:10:52   87.8992    0.1234   74.2552   94.8936     6891.5674     6889.8004     6893.3344  -0.528064  97.409969   0.000246   0.000071
1 46596U 20061BK  22017.75677828  .00003829  00000-0  19432-3 0  9995 | 2 46596  97.4109  91.8590 0002532 276.8522  83.2424 15.17502390 69740 | 2022/01/17-18:09:45  297.6332    0.1234   83.2712   94.8928     6891.5290     6889.7840     6893.2739  -3.160007  97.359631   0.000250   0.000038
1 46596U 20061BK  22019.14150425  .00005870  00000-0  29597-3 0  9990 | 2 46596  97.4105  93.2139 0002591 269.8463  90.2473 15.17520989 69951 | 2022/01/19-03:23:45   76.1455    0.1233   90.2770   94.8916     6891.4727     6889.6871     6893.2582  -5.461196  97.257292   0.000259   0.000014
1 46596U 20061BK  22020.46027401  .00005473  00000-0  27601-3 0  9997 | 2 46596  97.4099  94.5046 0002503 263.8546  96.2403 15.17538632 70150 | 2022/01/20-11:02:47  190.9104    0.1234   96.2688   94.8905     6891.4192     6889.6943     6893.1442  -7.650489  97.109004   0.000250  -0.000007
1 46596U 20061BK  22021.64716161  .00002926  00000-0  14912-3 0  9997 | 2 46596  97.4096  95.6660 0002582 257.3832 102.7113 15.17542741 70331 | 2022/01/21-15:31:54  258.1988    0.1234  102.7402   94.8902     6891.4068     6889.6274     6893.1862  -9.617177  96.933689   0.000256  -0.000031
1 46596U 20061BK  22022.76810713  .00002676  00000-0  13667-3 0  9997 | 2 46596  97.4096  96.7624 0002632 250.0765 110.0185 15.17547978 70501 | 2022/01/22-18:26:04  301.7472    0.1233  110.0468   94.8899     6891.3909     6889.5771     6893.2048 -11.470206  96.731921   0.000256  -0.000060
1 46596U 20061BK  22024.15279295  .00003253  00000-0  16529-3 0  9998 | 2 46596  97.4094  98.1172 0002670 242.8280 117.2682 15.17566895 70719 | 2022/01/24-03:40:01   80.2429    0.1234  117.2954   94.8887     6891.3337     6889.4937     6893.1737 -13.754054  96.433486   0.000252  -0.000087
1 46596U 20061BK  22025.47152237  .00003213  00000-0  16319-3 0  9993 | 2 46596  97.4094  99.4082 0002596 229.0860 131.0149 15.17588292 70910 | 2022/01/25-11:18:59  194.9896    0.1233  131.0373   94.8874     6891.2689     6889.4799     6893.0579 -15.923238  96.099124   0.000221  -0.000136
1 46596U 20061BK  22026.72429307  .00008899  00000-0  44557-3 0  9997 | 2 46596  97.4095 100.6337 0002827 230.4720 129.6264 15.17615895 71100 | 2022/01/26-17:22:58  285.9988    0.1233  129.6513   94.8857     6891.1853     6889.2372     6893.1335 -17.974922  95.736685   0.000248  -0.000137
1 46596U 20061BK  22028.43859012  .00004033  00000-0  20377-3 0  9997 | 2 46596  97.4095 102.3113 0002942 221.7112 138.3898 15.17631399 71362 | 2022/01/28-10:31:34  183.1552    0.1234  138.4122   94.8847     6891.1384     6889.1110     6893.1658 -20.769953  95.169426   0.000238  -0.000173
1 46596U 20061BK  22029.75727191  .00003962  00000-0  20019-3 0  9998 | 2 46596  97.4094 103.6018 0003051 216.3832 143.7195 15.17640280 71561 | 2022/01/29-18:10:28  297.8882    0.1234  143.7402   94.8841     6891.1115     6889.0090     6893.2140 -22.908027  94.677418   0.000234  -0.000196
1 46596U 20061BK  22031.14187853  .00004265  00000-0  21515-3 0  9998 | 2 46596  97.4090 104.9566 0003167 210.2341 149.8711 15.17650939 71771 | 2022/01/31-03:24:18   76.3540    0.1234  149.8893   94.8835     6891.0793     6888.8968     6893.2617 -25.140027  94.108939   0.000225  -0.000223
1 46596U 20061BK  22032.46053188  .00009002  00000-0  44984-3 0  9996 | 2 46596  97.4086 106.2468 0003301 203.9103 156.1978 15.17678775 71973 | 2022/02/01-11:03:09  191.0759    0.1234  156.2131   94.8817     6890.9950     6888.7203     6893.2697 -27.252529  93.518634   0.000213  -0.000252
1 46596U 20061BK  22034.50439949  .00013169  00000-0  65533-3 0  9998 | 2 46596  97.4076 108.2467 0003433 196.1976 163.9149 15.17725328 72288 | 2022/02/03-12:06:20  206.8785    0.1234  163.9258   94.8788     6890.8541     6888.4885     6893.2197 -30.499207  92.509669   0.000194  -0.000283
1 46596U 20061BK  22035.75706194  .00013466  00000-0  66943-3 0  9991 | 2 46596  97.4073 109.4728 0003503 193.6181 166.4959 15.17755002 72476 | 2022/02/04-18:10:10  297.8440    0.1234  166.5053   94.8770     6890.7643     6888.3504     6893.1781 -32.471631  91.835588   0.000191  -0.000293
1 46596U 20061BK  22037.47118077  .00012941  00000-0  64261-3 0  9997 | 2 46596  97.4045 111.1493 0003734 184.5151 175.6050 15.17804104 72737 | 2022/02/06-11:18:30  194.9337    0.1234  175.6083   94.8739     6890.6156     6888.0427     6893.1886 -35.143488  90.843667   0.000162  -0.000337
1 46596U 20061BK  22038.65785581  .00009529  00000-0  47401-3 0  9993 | 2 46596  97.4074 112.3108 0003813 179.8613 180.2622 15.17823636 72911 | 2022/02/07-15:47:18  262.1415    0.1233  180.2620   94.8727     6890.5565     6887.9292     6893.1839 -36.978825  90.115304   0.000144  -0.000353
1 46596U 20061BK  22039.77858884  .00008755  00000-0  43554-3 0  9999 | 2 46596  97.4066 113.4076 0003928 176.7086 183.4174 15.17842783 73085 | 2022/02/08-18:41:10  305.6107    0.1233  183.4147   94.8715     6890.4986     6887.7920     6893.2052 -38.696683  89.390226   0.000135  -0.000369
1 46596U 20061BK  22041.16300297  .00008550  00000-0  42515-3 0  9994 | 2 46596  97.4066 114.7626 0004033 172.9274 187.2017 15.17867116 73293 | 2022/02/10-03:54:43   84.0062    0.1233  187.1959   94.8700     6890.4249     6887.6460     6893.2039 -40.799674  88.450169   0.000123  -0.000384
1 46596U 20061BK  22042.48147515  .00008635  00000-0  42907-3 0  9991 | 2 46596  97.4067 116.0532 0004168 169.0932 191.0393 15.17886795 73498 | 2022/02/11-11:33:19  198.6618    0.1234  191.0302   94.8687     6890.3654     6887.4935     6893.2373 -42.781559  87.508876   0.000109  -0.000402
1 46596U 20061BK  22044.12953671  .00006153  00000-0  30652-3 0  9999 | 2 46596  97.4072 117.6655 0004348 164.2251 195.9119 15.17919342 73740 | 2022/02/13-03:06:31   71.9715    0.1233  195.8982   94.8667     6890.2669     6887.2710     6893.2628 -45.227023  86.270963   0.000090  -0.000425
1 46596U 20061BK  22045.18427779  .00005374  00000-0  26800-3 0  9995 | 2 46596  97.4067 118.6979 0004385 159.7984 200.3424 15.17933899 73908 | 2022/02/14-04:25:21   91.6817    0.1233  200.3249   94.8658     6890.2228     6887.2015     6893.2442 -46.773855  85.441628   0.000065  -0.000434
1 46596U 20061BK  22046.43677280  .00004077  00000-0  20407-3 0  9994 | 2 46596  97.4062 119.9236 0004488 156.3548 203.7893 15.17945069 74096 | 2022/02/15-10:28:57  182.5855    0.1234  203.7686   94.8651     6890.1890     6887.0967     6893.2814 -48.590573  84.421111   0.000049  -0.000446
1 46596U 20061BK  22047.49150020  .00003874  00000-0  19404-3 0  9998 | 2 46596  97.4058 120.9556 0004569 153.2798 206.8672 15.17953001 74253 | 2022/02/16-11:47:45  202.2920    0.1234  206.8436   94.8646     6890.1650     6887.0169     6893.3132 -50.102980  83.531918   0.000034  -0.000456
1 46596U 20061BK  22049.46908550  .00010857  00000-0  53688-3 0  9997 | 2 46596  97.4050 122.8905 0004685 147.6765 212.4756 15.17990423 74552 | 2022/02/18-11:15:28  194.2319    0.1233  212.4468   94.8623     6890.0518     6886.8238     6893.2798 -52.894346  81.791944   0.000005  -0.000468
1 46596U 20061BK  22050.65560649  .00012667  00000-0  62508-3 0  9995 | 2 46596  97.4046 124.0516 0004826 143.6788 216.4774 15.18023555 74735 | 2022/02/19-15:44:04  261.3838    0.1233  216.4445   94.8602     6889.9515     6886.6265     6893.2766 -54.540663  80.702987  -0.000019  -0.000482
1 46596U 20061BK  22051.77618702  .00012161  00000-0  59980-3 0  9992 | 2 46596  97.4040 125.1483 0004839 141.3591 218.7990 15.18053219 74909 | 2022/02/20-18:37:42  304.7987    0.1234  218.7643   94.8583     6889.8618     6886.5278     6893.1958 -56.074971  79.643813  -0.000029  -0.000483
1 46596U 20061BK  22053.16040735  .00012350  00000-0  60849-3 0  9998 | 2 46596  97.4036 126.5031 0004862 138.0426 222.1182 15.18084926 75119 | 2022/02/22-03:50:59   83.1248    0.1235  222.0809   94.8564     6889.7659     6886.4160     6893.1157 -57.942117  78.295417  -0.000046  -0.000484
1 46596U 20061BK  22054.67643152  .00009466  00000-0  46698-3 0  9997 | 2 46596  97.4038 127.9868 0004964 133.8190 226.3455 15.18109985 75345 | 2022/02/23-16:14:03  268.9004    0.1234  226.3044   94.8548     6889.6900     6886.2700     6893.1101 -59.950082  76.769055  -0.000071  -0.000491
1 46596U 20061BK  22055.73104646  .00007179  00000-0  35494-3 0  9996 | 2 46596  97.4042 129.0192 0004999 131.1821 228.9844 15.18120553 75505 | 2022/02/24-17:32:42  288.5669    0.1233  228.9412   94.8541     6889.6581     6886.2139     6893.1022 -61.323812  75.676735  -0.000085  -0.000493
1 46596U 20061BK  22056.78565003  .00006399  00000-0  31663-3 0  9997 | 2 46596  97.4041 130.0514 0005112 128.0478 232.1218 15.18133962 75662 | 2022/02/25-18:51:20  308.2283    0.1234  232.0756   94.8533     6889.6175     6886.0955     6893.1395 -62.677061  74.559672  -0.000105  -0.000500
1 46596U 20061BK  22058.49936201  .00007638  00000-0  37701-3 0  9995 | 2 46596  97.4037 131.7283 0005136 123.9327 236.2396 15.18156768 75921 | 2022/02/27-11:59:04  205.1741    0.1234  236.1907   94.8519     6889.5485     6886.0100     6893.0870 -64.831811  72.693308  -0.000127  -0.000498
1 46596U 20061BK  22059.88349596  .00007256  00000-0  35818-3 0  9997 | 2 46596  97.4034 133.0827 0005180 120.4608 239.7139 15.18173658 76134 | 2022/02/28-21:12:14  343.4698    0.1235  239.6627   94.8508     6889.4974     6885.9286     6893.0662 -66.531711  71.140380  -0.000147  -0.000497
1 46596U 20061BK  22061.46534058  .00006170  00000-0  30491-3 0  9999 | 2 46596  97.4033 134.6309 0005255 116.2269 243.9506 15.18194887 76372 | 2022/03/02-11:10:05  192.9420    0.1234  243.8965   94.8495     6889.4332     6885.8128     6893.0536 -68.429417  69.316792  -0.000172  -0.000496
1 46596U 20061BK  22062.71761906  .00006288  00000-0  31051-3 0  9995 | 2 46596  97.4027 135.8564 0005272 113.2255 246.9535 15.18211247 76568 | 2022/03/03-17:13:22  283.7696    0.1234  246.8979   94.8485     6889.3837     6885.7516     6893.0158 -69.895839  67.836993  -0.000188  -0.000492
1 46596U 20061BK  22063.77215908  .00005938  00000-0  29333-3 0  9999 | 2 46596  97.4022 136.8883 0005275 110.7523 249.4277 15.18223795 76721 | 2022/03/04-18:31:54  303.4105    0.1234  249.3711   94.8477     6889.3457     6885.7116     6892.9798 -71.105820  66.566890  -0.000201  -0.000488
1 46596U 20061BK  22064.82668619  .00010446  00000-0  51286-3 0  9999 | 2 46596  97.4015 137.9201 0005255 108.0385 252.1422 15.18248102 76882 | 2022/03/05-19:50:25  323.0471    0.1234  252.0849   94.8462     6889.2722     6885.6519     6892.8925 -72.292464  65.275201  -0.000214  -0.000480
1 46596U 20061BK  22066.14481904  .00011850  00000-0  58067-3 0  9990 | 2 46596  97.4012 139.2100 0005258 104.3852 255.7967 15.18282882 77082 | 2022/03/07-03:28:32   77.5831    0.1235  255.7383   94.8440     6889.1670     6885.5446     6892.7893 -73.743334  63.631081  -0.000234  -0.000471
1 46596U 20061BK  22067.46292574  .00010182  00000-0  49911-3 0  9994 | 2 46596  97.4011 140.5000 0005355 101.0885 259.0952 15.18309935 77285 | 2022/03/08-11:06:36  192.1089    0.1235  259.0350   94.8423     6889.0851     6885.3960     6892.7742 -75.157083  61.954718  -0.000255  -0.000471
1 46596U 20061BK  22068.78101232  .00008000  00000-0  39275-3 0  9998 | 2 46596  97.4011 141.7902 0005320  98.2843 261.8994 15.18330469 77487 | 2022/03/09-18:44:39  306.6290    0.1234  261.8391   94.8410     6889.0230     6885.3581     6892.6880 -76.533022  60.246749  -0.000265  -0.000461
1 46596U 20061BK  22070.16498133  .00010785  00000-0  52769-3 0  9998 | 2 46596  97.4011 143.1446 0005254  94.8285 265.3549 15.18358800 77691 | 2022/03/11-03:57:34   84.8679    0.1234  265.2949   94.8392     6888.9373     6885.3179     6892.5568 -77.935665  58.420942  -0.000279  -0.000445
1 46596U 20061BK  22071.48301828  .00015557  00000-0  75846-3 0  9991 | 2 46596  97.4010 144.4345 0005186  91.3538 268.8291 15.18396963 77895 | 2022/03/12-11:35:32  199.3709    0.1235  268.7697   94.8369     6888.8219     6885.2494     6892.3944 -79.230954  56.651662  -0.000292  -0.000429
1 46596U 20061BK  22072.73512650  .00011490  00000-0  56089-3 0  9997 | 2 46596  97.4013 145.6602 0005219  88.0261 272.1571 15.18424481 78088 | 2022/03/13-17:38:34  290.1380    0.1234  272.0973   94.8351     6888.7387     6885.1434     6892.3339 -80.424901  54.944049  -0.000309  -0.000421
1 46596U 20061BK  22073.78950827  .00013455  00000-0  65541-3 0  9991 | 2 46596  97.4011 146.6920 0005246  85.4762 274.7071 15.18459398 78243 | 2022/03/14-18:56:53  309.7228    0.1234  274.6472   94.8330     6888.6331     6885.0193     6892.2468 -81.401089  53.486793  -0.000322  -0.000414
1 46596U 20061BK  22075.43694295  .00009011  00000-0  43984-3 0  9999 | 2 46596  97.4005 148.3044 0005087  81.3821 278.7990 15.18493829 78494 | 2022/03/16-10:29:11  182.8129    0.1235  278.7414   94.8308     6888.5289     6885.0247     6892.0331 -82.873358  51.174837  -0.000329  -0.000388
1 46596U 20061BK  22076.68897319  .00009541  00000-0  46522-3 0  9998 | 2 46596  97.4000 149.5297 0004979  77.9458 282.2334 15.18515928 78686 | 2022/03/17-16:32:07  273.5544    0.1234  282.1776   94.8294     6888.4621     6885.0323     6891.8919 -83.948294  49.390728  -0.000337  -0.000367
1 46596U 20061BK  22077.74330108  .00008398  00000-0  40971-3 0  9995 | 2 46596  97.3997 150.5615 0004988  75.2846 284.8941 15.18532418 78841 | 2022/03/18-17:50:21  293.1203    0.1235  284.8389   94.8284     6888.4122     6884.9763     6891.8482 -84.823816  47.870887  -0.000347  -0.000358
1 46596U 20061BK  22079.45655945  .00007893  00000-0  38501-3 0  9999 | 2 46596  97.3994 152.2385 0004945  71.3751 288.8020 15.18558328 79106 | 2022/03/20-10:57:26  189.9066    0.1234  288.7483   94.8268     6888.3339     6884.9276     6891.7402 -86.188161  45.367875  -0.000358  -0.000341
1 46596U 20061BK  22080.77443012  .00006741  00000-0  32919-3 0  9994 | 2 46596  97.3987 153.5283 0004833  67.8283 292.3464 15.18577138 79309 | 2022/03/21-18:35:10  304.3516    0.1235  292.2952   94.8256     6888.2770     6884.9479     6891.6061 -87.186898  43.416028  -0.000363  -0.000319
1 46596U 20061BK  22082.15817725  .00007644  00000-0  37256-3 0  9996 | 2 46596  97.3982 154.8828 0004775  64.3346 295.8381 15.18597726 79514 | 2022/03/23-03:47:46   82.5120    0.1234  295.7888   94.8243     6888.2147     6884.9256     6891.5039 -88.188364  41.342736  -0.000370  -0.000302
1 46596U 20061BK  22083.60779427  .00009244  00000-0  44945-3 0  9994 | 2 46596  97.3982 156.3018 0004725  60.7359 299.4347 15.18624512 79731 | 2022/03/24-14:35:13  244.3860    0.1234  299.3875   94.8226     6888.1337     6884.8791     6891.3884 -89.185118  39.146188  -0.000377  -0.000285
1 46596U 20061BK  22084.72793513  .00009268  00000-0  45034-3 0  9996 | 2 46596  97.3984 157.3981 0004647  58.3239 301.8448 15.18645469 79909 | 2022/03/25-17:28:13  287.6464    0.1235  301.7996   94.8213     6888.0704     6884.8695     6891.2713 -89.917957  37.432731  -0.000377  -0.000271
1 46596U 20061BK  22085.78217201  .00008871  00000-0  43098-3 0  9995 | 2 46596  97.3985 158.4302 0004545  55.1217 305.0444 15.18663399 80060 | 2022/03/26-18:46:19  307.1813    0.1234  305.0017   94.8202     6888.0162     6884.8856     6891.1468 -90.577721  35.807042  -0.000379  -0.000251
1 46596U 20061BK  22087.42938669  .00013289  00000-0  64296-3 0  9998 | 2 46596  97.3985 160.0426 0004346  49.7947 310.3667 15.18702841 80314 | 2022/03/28-10:18:19  180.1944    0.1234  310.3287   94.8178     6887.8969     6884.9034     6890.8904 -91.549394  33.244190  -0.000377  -0.000216
1 46596U 20061BK  22088.74712627  .00012380  00000-0  59870-3 0  9991 | 2 46596  97.3984 161.3323 0004277  46.6247 313.5343 15.18736078 80512 | 2022/03/29-17:55:51  294.5922    0.1235  313.4988   94.8157     6887.7964     6884.8505     6890.7423 -92.274355  31.175178  -0.000378  -0.000201
1 46596U 20061BK  22090.19660265  .00017964  00000-0  86548-3 0  9998 | 2 46596  97.3982 162.7507 0004173  41.6000 318.5551 15.18783151 80730 | 2022/03/31-04:43:06   96.4179    0.1234  318.5234   94.8127     6887.6541     6884.7799     6890.5283 -93.017576  28.881479  -0.000380  -0.000172
1 46596U 20061BK  22091.44838551  .00018084  00000-0  87014-3 0  9995 | 2 46596  97.3974 163.9760 0004045  38.5091 321.6432 15.18826729 80921 | 2022/04/01-10:45:40  187.0710    0.1235  321.6144   94.8100     6887.5223     6884.7363     6890.3083 -93.613136  26.885577  -0.000374  -0.000155
1 46596U 20061BK  22092.50248506  .00020843  00000-0  10007-2 0  9991 | 2 46596  97.3968 165.0079 0003964  34.9963 325.1531 15.18873556 81084 | 2022/04/02-12:03:34  206.5568    0.1234  325.1271   94.8071     6887.3808     6884.6506     6890.1109 -94.081559  25.195175  -0.000372  -0.000136
1 46596U 20061BK  22093.75419282  .00016492  00000-0  79198-3 0  9992 | 2 46596  97.3966 166.2335 0003817  29.7676 330.3775 15.18915554 81274 | 2022/04/03-18:06:02  297.1841    0.1235  330.3559   94.8045     6887.2538     6884.6250     6889.8827 -94.598744  23.177041  -0.000367  -0.000105
1 46596U 20061BK  22095.20349373  .00015382  00000-0  73796-3 0  9992 | 2 46596  97.3964 167.6523 0003700  26.1942 333.9479 15.18965707 81493 | 2022/04/05-04:53:01   98.9451    0.1235  333.9293   94.8014     6887.1022     6884.5540     6889.6504 -95.143415  20.827609  -0.000359  -0.000089
1 46596U 20061BK  22096.45512686  .00015486  00000-0  74211-3 0  9997 | 2 46596  97.3961 168.8778 0003573  22.7551 337.3841 15.19004824 81688 | 2022/04/06-10:55:22  189.5441    0.1234  337.3683   94.7989     6886.9840     6884.5233     6889.4447 -95.566806  18.787919  -0.000350  -0.000072
1 46596U 20061BK  22097.64085773  .00015730  00000-0  75298-3 0  9999 | 2 46596  97.3959 170.0389 0003410  17.3260 342.8090 15.19038850 81868 | 2022/04/07-15:22:50  256.4190    0.1234  342.7974   94.7968     6886.8811     6884.5327     6889.2296 -95.927698  16.847496  -0.000338  -0.000044
1 46596U 20061BK  22098.76068761  .00015111  00000-0  72281-3 0  9993 | 2 46596  97.3957 171.1355 0003315  12.6004 347.5313 15.19073660 82037 | 2022/04/08-18:15:23  299.5682    0.1235  347.5231   94.7946     6886.7759     6884.4930     6889.0589 -96.232360  15.008504  -0.000331  -0.000022
1 46596U 20061BK  22100.14397272  .00014923  00000-0  71302-3 0  9994 | 2 46596  97.3961 172.4903 0003233   6.4202 353.7073 15.19115399 82246 | 2022/04/10-03:27:19   77.5637    0.1234  353.7032   94.7920     6886.6498     6884.4233     6888.8762 -96.560709  12.729090  -0.000323   0.000006
1 46596U 20061BK  22101.46134787  .00014241  00000-0  67982-3 0  9992 | 2 46596  97.3963 173.7802 0003126   3.0573 357.0680 15.19158973 82443 | 2022/04/11-11:04:20  191.8295    0.1235  357.0662   94.7893     6886.5181     6884.3654     6888.6708 -96.822985  10.552198  -0.000312   0.000017
1 46596U 20061BK  22102.71282683  .00015418  00000-0  73493-3 0  9991 | 2 46596  97.3962 175.0057 0002998 357.7022   2.4198 15.19191908 82634 | 2022/04/12-17:06:28  282.3733    0.1235    2.4213   94.7872     6886.4186     6884.3540     6888.4831 -97.026422   8.478986  -0.000297   0.000038
1 46596U 20061BK  22103.76668660  .00011934  00000-0  56951-3 0  9999 | 2 46596  97.3960 176.0375 0002903 351.6848   8.4338 15.19210850 82798 | 2022/04/13-18:24:01  301.7731    0.1235    8.4387   94.7861     6886.3613     6884.3622     6888.3604 -97.163174   6.730410  -0.000284   0.000062
1 46596U 20061BK  22105.14985127  .00014252  00000-0  67864-3 0  9994 | 2 46596  97.3960 177.3923 0002812 345.6557  14.4597 15.19246928 83004 | 2022/04/15-03:35:47   79.7241    0.1234   14.4677   94.7838     6886.2523     6884.3159     6888.1887 -97.295143   4.431249  -0.000269   0.000082
1 46596U 20061BK  22106.46711413  .00009887  00000-0  47154-3 0  9993 | 2 46596  97.3958 178.6822 0002644 340.0558  20.0573 15.19283020 83209 | 2022/04/16-11:12:38  193.9495    0.1235   20.0677   94.7816     6886.1432     6884.3225     6887.9639 -97.370040   2.239901  -0.000246   0.000096
1 46596U 20061BK  22107.71848966  .00010571  00000-0  50349-3 0  9998 | 2 46596  97.3953 179.9077 0002539 335.3747  24.7367 15.19311923 83396 | 2022/04/17-17:14:37  284.4543    0.1236   24.7489   94.7797     6886.0559     6884.3075     6887.8043 -97.395174   0.156898  -0.000231   0.000106
1 46596U 20061BK  22108.77226273  .00010544  00000-0  50188-3 0  9997 | 2 46596  97.3947 180.9397 0002492 329.3985  30.7104 15.19334233 83554 | 2022/04/18-18:32:03  303.8217    0.1235   30.7250   94.7784     6885.9885     6884.2725     6887.7045 -97.381601  -1.597285  -0.000217   0.000123
1 46596U 20061BK  22110.41874874  .00012802  00000-0  60780-3 0  9995 | 2 46596  97.3942 182.5524 0002477 318.5468  41.5579 15.19375162 83808 | 2022/04/20-10:02:59  176.5711    0.1235   41.5767   94.7758     6885.8648     6884.1592     6887.5705 -97.297576  -4.337261  -0.000193   0.000156
1 46596U 20061BK  22111.47247675  .00014664  00000-0  69496-3 0  9996 | 2 46596  97.3941 183.5846 0002405 313.5556  46.5479 15.19404066 83966 | 2022/04/21-11:20:21  195.9208    0.1235   46.5679   94.7740     6885.7775     6884.1215     6887.4335 -97.203555  -6.089300  -0.000176   0.000164
1 46596U 20061BK  22113.44815831  .00015022  00000-0  71065-3 0  9994 | 2 46596  97.3942 185.5201 0002273 302.7117  57.3898 15.19462180 84260 | 2022/04/23-10:45:20  187.1799    0.1234   57.4117   94.7704     6885.6019     6884.0368     6887.1670 -96.942536  -9.368829  -0.000141   0.000179
1 46596U 20061BK  22114.63353028  .00015104  00000-0  71373-3 0  9994 | 2 46596  97.3942 186.6811 0002338 295.0600  65.0392 15.19498689 84440 | 2022/04/24-15:12:17  253.9235    0.1235   65.0635   94.7681     6885.4916     6883.8818     6887.1015 -96.732804 -11.331145  -0.000123   0.000199
1 46596U 20061BK  22116.14813253  .00013422  00000-0  63394-3 0  9998 | 2 46596  97.3946 188.1649 0002397 286.2000  73.8971 15.19542060 84679 | 2022/04/26-03:33:18   79.1915    0.1235   73.9235   94.7654     6885.3606     6883.7102     6887.0110 -96.407352 -13.832230  -0.000099   0.000218
1 46596U 20061BK  22117.20174084  .00014526  00000-0  68506-3 0  9994 | 2 46596  97.3949 189.1970 0002372 280.7890  79.3078 15.19576954 84835 | 2022/04/27-04:50:30   98.4972    0.1235   79.3345   94.7632     6885.2552     6883.6220     6886.8884 -96.142853 -15.566578  -0.000081   0.000223
1 46596U 20061BK  22119.44056820  .00021180  00000-0  99381-3 0  9998 | 2 46596  97.3944 191.3901 0002388 268.2126  91.8836 15.19670429 85170 | 2022/04/29-10:34:25  184.4892    0.1235   91.9109   94.7574     6884.9729     6883.3287     6886.6170 -95.476248 -19.234221  -0.000040   0.000235
1 46596U 20061BK  22120.75746315  .00018250  00000-0  85590-3 0  9990 | 2 46596  97.3940 192.6804 0002547 260.4047  99.6900 15.19719846 85372 | 2022/04/30-18:10:44  298.5806    0.1235   99.7188   94.7543     6884.8236     6883.0700     6886.5772 -95.018530 -21.379198  -0.000014   0.000254
1 46596U 20061BK  22122.14016192  .00013956  00000-0  65488-3 0  9990 | 2 46596  97.3939 194.0352 0002621 253.8080 106.2867 15.19759724 85589 | 2022/05/02-03:21:49   76.3602    0.1235  106.3155   94.7518     6884.7032     6882.8987     6886.5077 -94.486392 -23.619770   0.000010   0.000262
1 46596U 20061BK  22123.45698765  .00011388  00000-0  53467-3 0  9998 | 2 46596  97.3934 195.3255 0002641 247.0824 113.0132 15.19789882 85784 | 2022/05/03-10:58:03  190.4242    0.1235  113.0411   94.7499     6884.6121     6882.7939     6886.4303 -93.930079 -25.741300   0.000035   0.000262
1 46596U 20061BK  22124.77378529  .00011566  00000-0  54242-3 0  9997 | 2 46596  97.3929 196.6159 0002699 240.8447 119.2518 15.19823049 85982 | 2022/05/04-18:34:15  304.4779    0.1235  119.2788   94.7479     6884.5119     6882.6538     6886.3701 -93.326090 -27.849918   0.000059   0.000263
1 46596U 20061BK  22126.15639308  .00018024  00000-0  84185-3 0  9991 | 2 46596  97.3927 197.9709 0002891 235.5162 124.5800 15.19863275 86196 | 2022/05/06-03:45:12   82.2248    0.1235  124.6073   94.7454     6884.3905     6882.4002     6886.3807 -92.641236 -30.048952   0.000082   0.000277
1 46596U 20061BK  22127.47313470  .00017348  00000-0  80974-3 0  9996 | 2 46596  97.3928 199.2614 0003021 229.7427 130.3545 15.19893674 86391 | 2022/05/07-11:21:18  196.2581    0.1236  130.3809   94.7435     6884.2987     6882.2189     6886.3784 -91.941083 -32.127789   0.000108   0.000282
1 46596U 20061BK  22128.72401575  .00013754  00000-0  64246-3 0  9990 | 2 46596  97.3928 200.4871 0003048 222.1528 137.9473 15.19918740 86585 | 2022/05/08-17:22:34  286.5796    0.1235  137.9707   94.7419     6884.2230     6882.1247     6886.3213 -91.232804 -34.087137   0.000140   0.000271
1 46596U 20061BK  22129.90903957  .00010722  00000-0  50138-3 0  9999 | 2 46596  97.3930 201.6484 0003197 217.8421 142.2590 15.19941785 86763 | 2022/05/09-21:49:01  353.1939    0.1235  142.2814   94.7405     6884.1534     6881.9525     6886.3543 -90.523403 -35.929236   0.000162   0.000275
1 46596U 20061BK  22131.42320793  .00010372  00000-0  48469-3 0  9995 | 2 46596  97.3931 203.1323 0003326 213.5087 146.5938 15.19972837 86998 | 2022/05/11-10:09:25  178.3017    0.1235  146.6148   94.7385     6884.0596     6881.7700     6886.3493 -89.562712 -38.261424   0.000183   0.000278
1 46596U 20061BK  22132.47652189  .00012937  00000-0  60311-3 0  9997 | 2 46596  97.3934 204.1646 0003415 209.9256 150.1784 15.20000771 87156 | 2022/05/12-11:26:11  197.4991    0.1235  150.1979   94.7368     6883.9753     6881.6244     6886.3262 -88.859129 -39.868904   0.000200   0.000277
1 46596U 20061BK  22134.45143029  .00014318  00000-0  66592-3 0  9997 | 2 46596  97.3933 206.1001 0003593 201.0630 159.0458 15.20057455 87458 | 2022/05/14-10:50:03  188.4724    0.1235  159.0605   94.7333     6883.8041     6881.3308     6886.2775 -87.461794 -42.847280   0.000244   0.000263
1 46596U 20061BK  22135.50468168  .00018301  00000-0  84890-3 0  9995 | 2 46596  97.3931 207.1326 0003709 197.6319 162.4788 15.20096362 87612 | 2022/05/15-12:06:44  207.6466    0.1235  162.4916   94.7308     6883.6867     6881.1335     6886.2398 -86.675327 -44.416254   0.000263   0.000261
1 46596U 20061BK  22137.15033873  .00017541  00000-0  81253-3 0  9994 | 2 46596  97.3925 208.7457 0003900 193.8625 166.2504 15.20151076 87867 | 2022/05/17-03:36:29   80.0899    0.1235  166.2610   94.7274     6883.5215     6880.8369     6886.2061 -85.390126 -46.838290   0.000287   0.000264
1 46596U 20061BK  22139.19085877  .00020786  00000-0  95949-3 0  9993 | 2 46596  97.3919 210.7465 0004000 186.1742 173.9445 15.20235407 88174 | 2022/05/19-04:34:50   94.6817    0.1235  173.9493   94.7222     6883.2669     6880.5136     6886.0203 -83.702265 -49.790692   0.000320   0.000240
1 46596U 20061BK  22140.50726635  .00020302  00000-0  93593-3 0  9991 | 2 46596  97.3918 212.0375 0004134 183.5294 176.5912 15.20285086 88377 | 2022/05/20-12:10:27  208.5931    0.1234  176.5940   94.7191     6883.1170     6880.2715     6885.9625 -82.559134 -51.663837   0.000336   0.000240
1 46596U 20061BK  22141.75780712  .00025401  00000-0  11673-2 0  9998 | 2 46596  97.3918 213.2636 0004244 180.9904 179.1324 15.20346713 88563 | 2022/05/21-18:11:14  298.7920    0.1235  179.1331   94.7152     6882.9310     6880.0099     6885.8521 -81.434737 -53.418596   0.000351   0.000239
1 46596U 20061BK  22143.46899804  .00019134  00000-0  87896-3 0  9998 | 2 46596  97.3920 214.9421 0004402 176.0267 184.1004 15.20418486 88827 | 2022/05/23-11:15:21  194.8246    0.1235  184.0968   94.7108     6882.7144     6879.6846     6885.7441 -79.835266 -55.781108   0.000377   0.000227
1 46596U 20061BK  22144.71943346  .00017070  00000-0  78366-3 0  9997 | 2 46596  97.3921 216.1683 0004342 171.3278 188.8033 15.20464991 89012 | 2022/05/24-17:15:59  284.9836    0.1235  188.7957   94.7079     6882.5740     6879.5856     6885.5624 -78.623372 -57.476835   0.000385   0.000200
1 46596U 20061BK  22145.77240508  .00016337  00000-0  74948-3 0  9991 | 2 46596  97.3921 217.2007 0004468 168.1301 192.0041 15.20499390 89178 | 2022/05/25-18:32:15  304.0558    0.1236  191.9935   94.7057     6882.4702     6879.3951     6885.5453 -77.575002 -58.884125   0.000404   0.000191
1 46596U 20061BK  22147.08858592  .00015862  00000-0  72689-3 0  9997 | 2 46596  97.3921 218.4913 0004562 165.6049 194.5317 15.20541452 89375 | 2022/05/27-02:07:33   57.8852    0.1235  194.5186   94.7031     6882.3433     6879.2036     6885.4830 -76.229057 -60.616434   0.000416   0.000186
1 46596U 20061BK  22148.14150703  .00017596  00000-0  80507-3 0  9998 | 2 46596  97.3922 219.5242 0004575 162.9723 197.1667 15.20574693 89534 | 2022/05/28-03:23:46   76.9393    0.1235  197.1512   94.7010     6882.2430     6879.0944     6885.3916 -75.124044 -61.980793   0.000423   0.000175
1 46596U 20061BK  22149.19440208  .00013484  00000-0  61742-3 0  9998 | 2 46596  97.3926 220.5568 0004758 159.3937 200.7491 15.20606966 89693 | 2022/05/29-04:39:56   95.9829    0.1235  200.7298   94.6990     6882.1456     6878.8711     6885.4201 -73.995174 -63.324820   0.000447   0.000162
1 46596U 20061BK  22150.44468797  .00011794  00000-0  54000-3 0  9992 | 2 46596  97.3923 221.7832 0004844 156.0340 204.1121 15.20640168 89886 | 2022/05/30-10:40:21  186.0885    0.1234  204.0894   94.6970     6882.0454     6878.7118     6885.3791 -72.622653 -64.893839   0.000461   0.000148
1 46596U 20061BK  22152.41877734  .00010195  00000-0  46676-3 0  9990 | 2 46596  97.3917 223.7197 0004918 151.4021 208.7485 15.20681500 90185 | 2022/06/01-10:03:02  176.7654    0.1235  208.7214   94.6944     6881.9207     6878.5362     6885.3053 -70.387860 -67.310418   0.000475   0.000128
1 46596U 20061BK  22153.47160368  .00008699  00000-0  39858-3 0  9995 | 2 46596  97.3916 224.7526 0004971 148.6950 211.4582 15.20700994 90345 | 2022/06/02-11:19:06  195.7851    0.1235  211.4285   94.6932     6881.8619     6878.4410     6885.2829 -69.162979 -68.568259   0.000483   0.000116
1 46596U 20061BK  22155.18241965  .00007404  00000-0  33947-3 0  9994 | 2 46596  97.3913 226.4310 0005140 144.0918 216.0664 15.20728878 90607 | 2022/06/04-04:22:41   91.6817    0.1235  216.0317   94.6914     6881.7778     6878.2406     6885.3150 -67.124775 -70.564367   0.000505   0.000094
1 46596U 20061BK  22156.63001040  .00007800  00000-0  35719-3 0  9992 | 2 46596  97.3912 227.8512 0005208 140.6269 219.5346 15.20751212 90828 | 2022/06/05-15:07:12  252.8177    0.1235  219.4966   94.6900     6881.7104     6878.1264     6885.2944 -65.355176 -72.206279   0.000515   0.000077
1 46596U 20061BK  22158.14337699  .00009198  00000-0  42027-3 0  9994 | 2 46596  97.3912 229.3360 0005267 136.7243 223.4407 15.20777707 91054 | 2022/06/07-03:26:27   77.6330    0.1235  223.3992   94.6884     6881.6305     6878.0059     6885.2550 -63.462241 -73.875502   0.000524   0.000056
1 46596U 20061BK  22159.45932287  .00009264  00000-0  42291-3 0  9990 | 2 46596  97.3916 230.6270 0005369 132.9718 227.1968 15.20804915 91258 | 2022/06/08-11:01:25  191.3760    0.1235  227.1517   94.6867     6881.5484     6877.8537     6885.2431 -61.781949 -75.286882   0.000536   0.000034
1 46596U 20061BK  22160.64365532  .00008291  00000-0  37861-3 0  9992 | 2 46596  97.3918 231.7890 0005405 130.2612 229.9097 15.20826595 91436 | 2022/06/09-15:26:51  257.7387    0.1235  229.8623   94.6854     6881.4830     6877.7636     6885.2025 -60.242600 -76.524453   0.000540   0.000019
1 46596U 20061BK  22162.15694540  .00009389  00000-0  42796-3 0  9996 | 2 46596  97.3920 233.2737 0005412 126.7634 233.4099 15.20854673 91663 | 2022/06/11-03:46:00   82.5276    0.1235  233.3601   94.6836     6881.3983     6877.6741     6885.1225 -58.239746 -78.059808   0.000541   0.000000
1 46596U 20061BK  22163.47282566  .00010243  00000-0  46618-3 0  9991 | 2 46596  97.3921 234.5648 0005470 123.4602 236.7158 15.20881911 91861 | 2022/06/12-11:20:52  196.2477    0.1236  236.6634   94.6819     6881.3162     6877.5521     6885.0802 -56.466171 -79.352332   0.000547  -0.000019
1 46596U 20061BK  22165.18342682  .00012537  00000-0  56892-3 0  9990 | 2 46596  97.3920 236.2434 0005558 118.8552 241.3242 15.20929564 92124 | 2022/06/14-04:24:08   92.0681    0.1235  241.2683   94.6789     6881.1724     6877.3479     6884.9970 -54.117424 -80.972255   0.000554  -0.000047
1 46596U 20061BK  22166.95976457  .00018101  00000-0  81814-3 0  9994 | 2 46596  97.3914 237.9867 0005417 115.5496 244.6300 15.20983266 92399 | 2022/06/15-23:02:03   11.5571    0.1235  244.5739   94.6756     6881.0104     6877.2830     6884.7379 -51.628750 -82.580609   0.000538  -0.000061
1 46596U 20061BK  22170.44647410  .00015150  00000-0  68357-3 0  9995 | 2 46596  97.3910 241.4092 0005470 106.2154 253.9684 15.21082507 92928 | 2022/06/19-10:42:55  186.7825    0.1236  253.9082   94.6694     6880.7112     6876.9474     6884.4749 -46.606548 -85.515125   0.000534  -0.000117
1 46596U 20061BK  22171.76215479  .00013582  00000-0  61267-3 0  9997 | 2 46596  97.3905 242.7004 0005418 102.9985 257.1856 15.21116969 93126 | 2022/06/20-18:17:30  300.4328    0.1236  257.1251   94.6673     6880.6072     6876.8793     6884.3351 -44.667505 -86.543188   0.000525  -0.000134
1 46596U 20061BK  22173.14358683  .00013518  00000-0  60915-3 0  9994 | 2 46596  97.3908 244.0561 0005371 100.3064 259.8777 15.21153889 93336 | 2022/06/22-03:26:45   77.7543    0.1235  259.8171   94.6650     6880.4959     6876.8004     6884.1914 -42.607589 -87.576032   0.000517  -0.000145
1 46596U 20061BK  22174.45920522  .00011772  00000-0  53046-3 0  9993 | 2 46596  97.3913 245.3475 0005363  96.4269 263.7578 15.21186719 93536 | 2022/06/23-11:01:15  191.3816    0.1236  263.6967   94.6629     6880.3969     6876.7069     6884.0869 -40.623250 -88.514501   0.000509  -0.000168
1 46596U 20061BK  22175.70901868  .00008270  00000-0  37350-3 0  9993 | 2 46596  97.3917 246.5747 0005312  93.6203 266.5640 15.21210606 93721 | 2022/06/24-17:00:59  281.3195    0.1235  266.5032   94.6614     6880.3249     6876.6700     6883.9797 -38.718373 -89.364595   0.000500  -0.000180
1 46596U 20061BK  22176.76147810  .00010120  00000-0  45596-3 0  9997 | 2 46596  97.3917 247.6079 0005235  90.8663 269.3172 15.21232404 93882 | 2022/06/25-18:16:31  300.2099    0.1235  269.2572   94.6601     6880.2591     6876.6573     6883.8610 -37.100676 -90.048226   0.000487  -0.000192
1 46596U 20061BK  22178.14280412  .00011667  00000-0  52455-3 0  9996 | 2 46596  97.3919 248.9637 0005188  87.6948 272.4882 15.21268139 94096 | 2022/06/27-03:25:38   77.4934    0.1236  272.4288   94.6579     6880.1514     6876.5820     6883.7208 -34.959733 -90.901041   0.000476  -0.000206
1 46596U 20061BK  22179.45832728  .00006837  00000-0  30866-3 0  9999 | 2 46596  97.3919 250.2555 0005164  84.4216 275.7608 15.21289974 94292 | 2022/06/28-10:59:59  191.0872    0.1235  275.7019   94.6565     6880.0856     6876.5327     6883.6384 -32.901552 -91.666079   0.000467  -0.000221
1 46596U 20061BK  22180.77383362  .00006032  00000-0  27255-3 0  9996 | 2 46596  97.3914 251.5470 0005069  81.1895 278.9915 15.21308022 94492 | 2022/06/29-18:34:19  304.6760    0.1236  278.9341   94.6554     6880.0311     6876.5437     6883.5186 -30.826972 -92.383887   0.000451  -0.000232
1 46596U 20061BK  22182.15510133  .00005664  00000-0  25600-3 0  9990 | 2 46596  97.3912 252.9033 0004998  77.6948 282.4847 15.21323720 94709 | 2022/07/01-03:43:20   81.9390    0.1236  282.4288   94.6544     6879.9838     6876.5452     6883.4224 -28.631579 -93.087478   0.000435  -0.000245
1 46596U 20061BK  22183.73367170  .00008097  00000-0  36430-3 0  9992 | 2 46596  97.3909 254.4534 0004907  73.6251 286.5524 15.21349548 94940 | 2022/07/02-17:36:29  290.2322    0.1236  286.4985   94.6528     6879.9060     6876.5300     6883.2819 -26.102907 -93.827638   0.000416  -0.000259
1 46596U 20061BK  22185.44375658  .00007819  00000-0  35159-3 0  9990 | 2 46596  97.3906 256.1326 0004840  69.8493 290.3263 15.21379700 95202 | 2022/07/04-10:39:00  185.8710    0.1236  290.2743   94.6509     6879.8150     6876.4852     6883.1449 -23.342159 -94.551957   0.000401  -0.000271
1 46596U 20061BK  22186.75918448  .00007970  00000-0  35808-3 0  9994 | 2 46596  97.3905 257.4241 0004709  66.4479 293.7251 15.21401419 95401 | 2022/07/05-18:13:13  299.4327    0.1236  293.6757   94.6496     6879.7496     6876.5099     6882.9892 -21.205099 -95.053949   0.000380  -0.000278
1 46596U 20061BK  22188.14036400  .00007564  00000-0  33980-3 0  9996 | 2 46596  97.3906 258.7802 0004615  62.9646 297.2060 15.21422899 95617 | 2022/07/07-03:22:07   76.6650    0.1236  297.1590   94.6482     6879.6848     6876.5098     6882.8598 -18.949614 -95.529268   0.000362  -0.000286
1 46596U 20061BK  22189.45574925  .00012257  00000-0  54787-3 0  9993 | 2 46596  97.3910 260.0717 0004532  60.2979 299.8707 15.21456946 95819 | 2022/07/08-10:56:16  190.2107    0.1236  299.8257   94.6461     6879.5822     6876.4644     6882.7000 -16.791733 -95.932500   0.000349  -0.000289
1 46596U 20061BK  22190.63956704  .00008787  00000-0  39349-3 0  9994 | 2 46596  97.3912 261.2344 0004406  56.1825 303.9830 15.21487930 95994 | 2022/07/09-15:20:58  256.3923    0.1236  303.9411   94.6442     6879.4888     6876.4577     6882.5199 -14.841687 -96.253676   0.000324  -0.000298
1 46596U 20061BK  22191.69183416  .00010817  00000-0  48321-3 0  9990 | 2 46596  97.3914 262.2676 0004258  52.7211 307.4413 15.21510825 96156 | 2022/07/10-16:36:14  275.2155    0.1236  307.4025   94.6428     6879.4198     6876.4905     6882.3490 -13.103677 -96.505847   0.000301  -0.000301
1 46596U 20061BK  22192.74408601  .00011500  00000-0  51316-3 0  9991 | 2 46596  97.3917 263.3010 0004207  49.8215 310.3389 15.21534172 96312 | 2022/07/11-17:51:29  294.0319    0.1236  310.3021   94.6413     6879.3494     6876.4553     6882.2435 -11.361073 -96.726776   0.000288  -0.000307
1 46596U 20061BK  22194.45394956  .00014269  00000-0  63478-3 0  9995 | 2 46596  97.3914 264.9803 0004101  45.5681 314.5890 15.21587500 96573 | 2022/07/13-10:53:41  189.5921    0.1236  314.5555   94.6380     6879.1887     6876.3675     6882.0098  -8.521578 -97.017872   0.000267  -0.000312
1 46596U 20061BK  22195.76919265  .00012062  00000-0  53671-3 0  9999 | 2 46596  97.3910 266.2723 0003932  40.8807 319.2724 15.21620151 96774 | 2022/07/14-18:27:38  303.0880    0.1237  319.2430   94.6360     6879.0903     6876.3854     6881.7951  -6.331851 -97.184950   0.000237  -0.000313
1 46596U 20061BK  22197.47896569  .00014953  00000-0  66346-3 0  9994 | 2 46596  97.3905 267.9519 0003734  34.8412 325.3068 15.21667750 97039 | 2022/07/16-11:29:42  198.6170    0.1236  325.2824   94.6330     6878.9468     6876.3782     6881.5154  -3.480588 -97.328285   0.000202  -0.000314
1 46596U 20061BK  22198.72837829  .00013377  00000-0  59331-3 0  9992 | 2 46596  97.3902 269.1794 0003652  31.8489 328.2967 15.21705132 97223 | 2022/07/17-17:28:51  288.4120    0.1236  328.2747   94.6307     6878.8341     6876.3220     6881.3463  -1.394791 -97.380212   0.000188  -0.000313
1 46596U 20061BK  22199.78049324  .00013302  00000-0  58955-3 0  9993 | 2 46596  97.3899 270.2129 0003547  28.6133 331.5297 15.21733784 97380 | 2022/07/18-18:43:54  307.1795    0.1236  331.5103   94.6289     6878.7478     6876.3079     6881.1877   0.361881 -97.389228   0.000171  -0.000311
1 46596U 20061BK  22201.09560577  .00017366  00000-0  76731-3 0  9995 | 2 46596  97.3898 271.5047 0003402  23.4323 336.7067 15.21778777 97581 | 2022/07/20-02:17:40   60.6284    0.1236  336.6913   94.6261     6878.6122     6876.2721     6880.9523   2.557354 -97.356217   0.000143  -0.000308
1 46596U 20061BK  22202.14766806  .00013456  00000-0  59500-3 0  9996 | 2 46596  97.3903 272.5382 0003259  18.9467 341.1890 15.21809939 97746 | 2022/07/21-03:32:38   79.3776    0.1237  341.1770   94.6242     6878.5183     6876.2766     6880.7600   4.312974 -97.294752   0.000119  -0.000303
1 46596U 20061BK  22203.46271783  .00014156  00000-0  62505-3 0  9994 | 2 46596  97.3906 273.8301 0003158  14.9925 345.1404 15.21846971 97941 | 2022/07/22-11:06:18  192.8026    0.1236  345.1311   94.6219     6878.4067     6876.2345     6880.5789   6.505505 -97.173079   0.000102  -0.000299
1 46596U 20061BK  22204.71198648  .00013037  00000-0  57542-3 0  9993 | 2 46596  97.3907 275.0574 0003008  10.0258 350.1038 15.21879686 98138 | 2022/07/23-17:05:15  282.5466    0.1237  350.0979   94.6198     6878.3081     6876.2391     6880.3771   8.585351 -97.011547   0.000078  -0.000290
1 46596U 20061BK  22206.15848077  .00009299  00000-0  41121-3 0  9992 | 2 46596  97.3909 276.4785 0002848   3.1883 356.9370 15.21905657 98352 | 2022/07/25-03:48:12   83.2935    0.1236  356.9353   94.6182     6878.2299     6876.2710     6880.1888  10.988651 -96.768987   0.000048  -0.000281
1 46596U 20061BK  22207.73644859  .00008030  00000-0  35533-3 0  9991 | 2 46596  97.3910 278.0290 0002696 356.7291   3.3928 15.21930190 98592 | 2022/07/26-17:40:29  291.3701    0.1237    3.3946   94.6167     6878.1560     6876.3016     6880.0103  13.603020 -96.436325   0.000022  -0.000269
1 46596U 20061BK  22208.78841299  .00006937  00000-0  30728-3 0  9999 | 2 46596  97.3909 279.0627 0002591 353.1640   6.9560 15.21945130 98757 | 2022/07/27-18:55:18  310.0824    0.1236    6.9596   94.6158     6878.1110     6876.3288     6879.8931  15.340549 -96.175127   0.000010  -0.000259
1 46596U 20061BK  22210.16910058  .00006118  00000-0  27124-3 0  9991 | 2 46596  97.3905 280.4195 0002466 346.1256  13.9912 15.21963495 98961 | 2022/07/29-04:03:30   87.1372    0.1236   13.9980   94.6146     6878.0556     6876.3595     6879.7518  17.613450 -95.784528  -0.000015  -0.000246
1 46596U 20061BK  22212.14148552  .00005704  00000-0  25294-3 0  9999 | 2 46596  97.3900 282.3578 0002278 336.3324  23.7807 15.21986530 99261 | 2022/07/31-03:23:44   77.2053    0.1236   23.7912   94.6132     6877.9862     6876.4194     6879.5530  20.843011 -95.133490  -0.000045  -0.000223
1 46596U 20061BK  22213.45639227  .00005522  00000-0  24484-3 0  9996 | 2 46596  97.3895 283.6499 0002170 329.5075  30.6035 15.22001557 99468 | 2022/08/01-10:57:12  190.5777    0.1237   30.6162   94.6123     6877.9410     6876.4484     6879.4335  22.982804 -94.638816  -0.000063  -0.000208
1 46596U 20061BK  22215.16575168  .00006157  00000-0  27246-3 0  9993 | 2 46596  97.3892 285.3296 0002051 320.2366  39.8720 15.22022604 99725 | 2022/08/03-03:58:40   85.9546    0.1237   39.8871   94.6109     6877.8776     6876.4669     6879.2882  25.746912 -93.924187  -0.000085  -0.000187
1 46596U 20061BK  22216.41488464  .00006293  00000-0  27832-3 0  9996 | 2 46596  97.3892 286.5570 0001981 312.0951  48.0116 15.22037288 99919 | 2022/08/04-09:57:26  175.6482    0.1236   48.0285   94.6100     6877.8333     6876.4708     6879.1958  27.752910 -93.351123  -0.000103  -0.000169
1 46596U 20061BK  22217.66400302  .00007080  00000-0  31252-3 0  9995 | 2 46596  97.3893 287.7842 0001946 303.8530  56.2521 15.22056076100108 | 2022/08/05-15:56:09  265.3364    0.1236   56.2706   94.6089     6877.7767     6876.4383     6879.1151  29.745880 -92.735421  -0.000121  -0.000153
1 46596U 20061BK  22219.17607379  .00007106  00000-0  31344-3 0  9997 | 2 46596  97.3896 289.2699 0001910 294.9155  65.1883 15.22078080100336 | 2022/08/07-04:13:32   89.6879    0.1237   65.2082   94.6075     6877.7104     6876.3968     6879.0241  32.140372 -91.933295  -0.000137  -0.000133
1 46596U 20061BK  22220.42515564  .00013588  00000-0  59561-3 0  9993 | 2 46596  97.3899 290.4972 0001912 286.8023  73.3003 15.22109613100526 | 2022/08/08-10:12:13  179.3624    0.1236   73.3213   94.6055     6877.6154     6876.3004     6878.9304  34.102204 -91.224078  -0.000152  -0.000116
1 46596U 20061BK  22221.47699313  .00012472  00000-0  54658-3 0  9997 | 2 46596  97.3900 291.5307 0001922 279.6813  80.4206 15.22135357100686 | 2022/08/09-11:26:52  198.0278    0.1236   80.4423   94.6039     6877.5379     6876.2160     6878.8598  35.742101 -90.594229  -0.000164  -0.000100
1 46596U 20061BK  22222.79176388  .00010081  00000-0  44215-3 0  9997 | 2 46596  97.3901 292.8230 0001932 271.2169  88.8846 15.22165982100880 | 2022/08/10-19:00:08  311.3493    0.1236   88.9067   94.6020     6877.4456     6876.1169     6878.7744  37.776219 -89.765187  -0.000176  -0.000079
1 46596U 20061BK  22224.17224824  .00010876  00000-0  47629-3 0  9994 | 2 46596  97.3896 294.1798 0001975 262.5776  97.5236 15.22195227101090 | 2022/08/12-04:08:02   88.3278    0.1236   97.5460   94.6002     6877.3576     6875.9993     6878.7158  39.890920 -88.845083  -0.000189  -0.000057
1 46596U 20061BK  22225.74991221  .00010517  00000-0  46026-3 0  9992 | 2 46596  97.3890 295.7305 0002115 252.8453 107.2552 15.22227743101332 | 2022/08/13-17:59:52  296.2919    0.1236  107.2783   94.5982     6877.2596     6875.8051     6878.7142  42.280333 -87.732496  -0.000209  -0.000032
1 46596U 20061BK  22227.13034014  .00008984  00000-0  39337-3 0  9997 | 2 46596  97.3886 297.0875 0002148 244.4622 115.6393 15.22255626101545 | 2022/08/15-03:07:41   73.2485    0.1237  115.6615   94.5965     6877.1756     6875.6984     6878.6529  44.345965 -86.706256  -0.000215  -0.000006
1 46596U 20061BK  22228.18207847  .00008811  00000-0  38564-3 0  9999 | 2 46596  97.3883 298.1213 0002252 239.0288 121.0727 15.22275104101707 | 2022/08/16-04:22:11   91.8772    0.1236  121.0948   94.5953     6877.1170     6875.5682     6878.6657  45.902980 -85.891777  -0.000225   0.000011
1 46596U 20061BK  22229.43100113  .00009882  00000-0  43179-3 0  9993 | 2 46596  97.3878 299.3487 0002348 233.5624 126.5396 15.22298799101893 | 2022/08/17-10:20:38  181.4924    0.1236  126.5612   94.5938     6877.0456     6875.4309     6878.6603  47.732051 -84.888367  -0.000233   0.000029
1 46596U 20061BK  22231.46866403  .00011840  00000-0  51578-3 0  9999 | 2 46596  97.3880 301.3512 0002516 224.0496 136.0540 15.22352106102204 | 2022/08/19-11:14:52  195.0554    0.1236  136.0740   94.5905     6876.8851     6875.1548     6878.6153  50.669268 -83.168791  -0.000243   0.000063
1 46596U 20061BK  22232.78324905  .00009773  00000-0  42601-3 0  9990 | 2 46596  97.3882 302.6430 0002587 217.6414 142.4641 15.22381208102405 | 2022/08/20-18:47:52  308.3080    0.1236  142.4822   94.5887     6876.7974     6875.0184     6878.5765  52.531476 -82.005521  -0.000244   0.000087
1 46596U 20061BK  22234.09781373  .00007814  00000-0  34112-3 0  9994 | 2 46596  97.3884 303.9350 0002733 212.6520 147.4548 15.22401688102606 | 2022/08/22-02:20:51   61.5537    0.1236  147.4716   94.5874     6876.7358     6874.8563     6878.6152  54.367272 -80.800372  -0.000251   0.000109
1 46596U 20061BK  22235.14945326  .00006104  00000-0  26708-3 0  9994 | 2 46596  97.3885 304.9688 0002871 208.6510 151.4569 15.22415129102769 | 2022/08/23-03:35:12   80.1456    0.1236  151.4726   94.5866     6876.6953     6874.7210     6878.6696  55.816299 -79.806395  -0.000257   0.000128
1 46596U 20061BK  22236.20108370  .00005533  00000-0  24228-3 0  9992 | 2 46596  97.3887 306.0025 0002968 204.0719 156.0379 15.22428253102927 | 2022/08/24-04:49:33   98.7335    0.1236  156.0517   94.5857     6876.6558     6874.6148     6878.6968  57.247079 -78.786616  -0.000257   0.000148
1 46596U 20061BK  22238.17287014  .00004915  00000-0  21545-3 0  9995 | 2 46596  97.3883 307.9409 0003149 196.5327 163.5807 15.22448471103228 | 2022/08/26-04:08:55   88.5781    0.1236  163.5909   94.5845     6876.5949     6874.4294     6878.7603  59.879033 -76.804833  -0.000256   0.000183
1 46596U 20061BK  22239.61882983  .00007324  00000-0  31927-3 0  9993 | 2 46596  97.3880 309.3624 0003295 191.6994 168.4166 15.22467990103441 | 2022/08/27-14:51:06  249.1247    0.1236  168.4242   94.5833     6876.5361     6874.2703     6878.8019  61.765736 -75.295527  -0.000256   0.000207
1 46596U 20061BK  22240.73614790  .00008860  00000-0  38534-3 0  9994 | 2 46596  97.3875 310.4608 0003454 187.7499 172.3684 15.22486857103614 | 2022/08/28-17:40:03  291.3598    0.1236  172.3737   94.5821     6876.4793     6874.1042     6878.8544  63.197442 -74.097291  -0.000258   0.000230
1 46596U 20061BK  22242.18206899  .00006977  00000-0  30394-3 0  9995 | 2 46596  97.3871 311.8822 0003565 183.1009 177.0206 15.22507254103834 | 2022/08/30-04:22:10   91.8919    0.1236  177.0227   94.5808     6876.4179     6873.9664     6878.8693  65.015753 -72.506545  -0.000252   0.000252
1 46596U 20061BK  22243.43080163  .00008229  00000-0  35767-3 0  9999 | 2 46596  97.3866 313.1097 0003668 179.2028 180.9215 15.22528881104022 | 2022/08/31-10:20:21  181.4362    0.1236  180.9208   94.5795     6876.3528     6873.8305     6878.8750  66.553747 -71.096755  -0.000247   0.000271
1 46596U 20061BK  22245.20528740  .00007774  00000-0  33779-3 0  9999 | 2 46596  97.3862 314.8538 0003875 174.0651 186.0633 15.22557679104298 | 2022/09/02-04:55:36  100.2519    0.1237  186.0586   94.5777     6876.2661     6873.6015     6878.9306  68.686504 -69.037932  -0.000243   0.000301
1 46596U 20061BK  22246.71685854  .00010453  00000-0  45259-3 0  9990 | 2 46596  97.3863 316.3393 0004022 169.2914 190.8408 15.22587659104528 | 2022/09/03-17:12:16  284.4181    0.1235  190.8321   94.5758     6876.1758     6873.4102     6878.9414  70.453229 -67.234173  -0.000234   0.000327
1 46596U 20061BK  22247.76836536  .00015408  00000-0  66472-3 0  9996 | 2 46596  97.3864 317.3728 0004098 166.3205 193.8144 15.22618667104687 | 2022/09/04-18:26:26  302.9607    0.1237  193.8032   94.5739     6876.0824     6873.2646     6878.9003  71.654544 -65.952538  -0.000227   0.000341
1 46596U 20061BK  22249.14843180  .00015169  00000-0  65359-3 0  9990 | 2 46596  97.3867 318.7293 0004171 163.0059 197.1318 15.22663569104899 | 2022/09/06-03:33:44   79.7856    0.1236  197.1177   94.5711     6875.9473     6873.0793     6878.8152  73.195994 -64.237962  -0.000219   0.000355
1 46596U 20061BK  22250.19988647  .00013397  00000-0  57723-3 0  9992 | 2 46596  97.3870 319.7629 0004268 159.7906 200.3501 15.22692180105058 | 2022/09/07-04:47:50   98.3091    0.1237  200.3331   94.5693     6875.8611     6872.9265     6878.7957  74.343086 -62.907339  -0.000211   0.000371
1 46596U 20061BK  22251.44846482  .00011775  00000-0  50735-3 0  9995 | 2 46596  97.3869 320.9906 0004383 156.4104 203.7334 15.22721743105240 | 2022/09/08-10:45:47  187.7971    0.1236  203.7132   94.5675     6875.7721     6872.7585     6878.7858  75.673780 -61.299978  -0.000202   0.000389
1 46596U 20061BK  22252.76272808  .00013074  00000-0  56231-3 0  9997 | 2 46596  97.3866 322.2829 0004424 153.6364 206.5098 15.22758644105449 | 2022/09/09-18:18:19  300.9326    0.1236  206.4872   94.5652     6875.6610     6872.6193     6878.7028  77.036792 -59.577534  -0.000193   0.000398
1 46596U 20061BK  22254.14266980  .00014964  00000-0  64222-3 0  9993 | 2 46596  97.3863 323.6398 0004495 150.3269 209.8224 15.22800530105650 | 2022/09/11-03:25:26   77.7118    0.1237  209.7968   94.5626     6875.5350     6872.4444     6878.6255  78.425754 -57.736406  -0.000183   0.000411
1 46596U 20061BK  22255.19402780  .00015410  00000-0  66054-3 0  9991 | 2 46596  97.3858 324.6736 0004596 146.8804 213.2721 15.22834602105814 | 2022/09/12-04:39:24   96.1999    0.1236  213.2432   94.5605     6875.4324     6872.2725     6878.5924  79.454274 -56.311743  -0.000169   0.000427
1 46596U 20061BK  22256.44248387  .00014754  00000-0  63184-3 0  9992 | 2 46596  97.3852 325.9012 0004664 143.7318 216.4236 15.22874671106009 | 2022/09/13-10:37:10  185.6441    0.1237  216.3919   94.5580     6875.3118     6872.1052     6878.5185  80.641965 -54.596252  -0.000157   0.000439
1 46596U 20061BK  22258.15084612  .00020440  00000-0  87204-3 0  9999 | 2 46596  97.3845 327.5805 0004733 139.8472 220.3115 15.22933944106260 | 2022/09/15-03:37:13   80.6558    0.1236  220.2764   94.5543     6875.1334     6871.8794     6878.3874  82.206689 -52.209206  -0.000142   0.000452
1 46596U 20061BK  22259.20211497  .00014969  00000-0  63931-3 0  9999 | 2 46596  97.3845 328.6143 0004741 136.8757 223.2852 15.22963339106428 | 2022/09/16-04:51:02   99.1127    0.1237  223.2480   94.5525     6875.0449     6871.7855     6878.3044  83.135278 -50.717515  -0.000127   0.000457
1 46596U 20061BK  22260.71327765  .00012165  00000-0  51970-3 0  9999 | 2 46596  97.3844 330.1001 0004805 133.0670 227.0969 15.23002161106656 | 2022/09/17-17:07:07  283.1320    0.1236  227.0566   94.5501     6874.9281     6871.6247     6878.2315  84.422304 -48.544782  -0.000109   0.000468
1 46596U 20061BK  22262.15870073  .00014143  00000-0  60286-3 0  9992 | 2 46596  97.3847 331.5215 0004828 130.0739 230.0922 15.23042682106878 | 2022/09/19-03:48:31   83.4854    0.1237  230.0498   94.5476     6874.8062     6871.4870     6878.1253  85.600772 -46.435845  -0.000097   0.000473
1 46596U 20061BK  22264.12966838  .00013589  00000-0  57842-3 0  9993 | 2 46596  97.3850 333.4597 0004918 124.5439 235.6262 15.23099926107176 | 2022/09/21-03:06:43   73.0342    0.1236  235.5797   94.5440     6874.6339     6871.2530     6878.0149  87.122598 -43.514264  -0.000068   0.000487
1 46596U 20061BK  22265.44360963  .00010579  00000-0  45074-3 0  9996 | 2 46596  97.3850 334.7519 0004975 121.2492 238.9233 15.23128592107378 | 2022/09/22-10:38:47  186.0535    0.1237  238.8745   94.5422     6874.5477     6871.1276     6877.9678  88.081742 -41.538476  -0.000052   0.000495
1 46596U 20061BK  22266.75752589  .00013857  00000-0  58867-3 0  9996 | 2 46596  97.3848 336.0439 0004896 118.4439 241.7292 15.23161220107576 | 2022/09/23-18:10:50  299.0658    0.1237  241.6798   94.5402     6874.4495     6871.0838     6877.8152  88.995765 -39.541790  -0.000038   0.000488
1 46596U 20061BK  22268.13710232  .00016282  00000-0  69007-3 0  9992 | 2 46596  97.3846 337.4005 0004928 114.5889 245.5862 15.23206154107784 | 2022/09/25-03:17:25   75.7145    0.1237  245.5348   94.5374     6874.3143     6870.9266     6877.7020  89.906784 -37.423662  -0.000017   0.000493
1 46596U 20061BK  22270.17355193  .00016259  00000-0  68789-3 0  9990 | 2 46596  97.3837 339.4039 0004927 108.6931 251.4841 15.23264574108092 | 2022/09/27-04:09:54   88.8381    0.1237  251.4306   94.5338     6874.1385     6870.7516     6877.5254  91.159273 -34.257437   0.000016   0.000492
1 46596U 20061BK  22271.42165548  .00018135  00000-0  76575-3 0  9999 | 2 46596  97.3830 340.6315 0004864 105.3913 254.7862 15.23309048108286 | 2022/09/28-10:07:11  178.1577    0.1237  254.7324   94.5310     6874.0047     6870.6612     6877.3482  91.871622 -32.296343   0.000034   0.000485
1 46596U 20061BK  22272.47266183  .00015568  00000-0  65731-3 0  9991 | 2 46596  97.3828 341.6656 0004927 103.7197 256.4589 15.23342956108446 | 2022/09/29-11:20:37  196.5207    0.1237  256.4040   94.5289     6873.9027     6870.5160     6877.2895  92.439336 -30.632970   0.000040   0.000491
1 46596U 20061BK  22274.18049075  .00017764  00000-0  74794-3 0  9999 | 2 46596  97.3823 343.3453 0004966  99.3707 260.8092 15.23409209108707 | 2022/10/01-04:19:54   91.3414    0.1237  260.7530   94.5248     6873.7034     6870.2899     6877.1169  93.297053 -27.910073   0.000063   0.000493
1 46596U 20061BK  22275.75688426  .00021608  00000-0  90702-3 0  9991 | 2 46596  97.3823 344.8957 0004832  95.2508 264.9280 15.23471579108947 | 2022/10/02-18:09:54  298.8476    0.1236  264.8728   94.5210     6873.5158     6870.1945     6876.8371  94.018041 -25.375584   0.000083   0.000476
1 46596U 20061BK  22277.13616754  .00029398  00000-0  12290-2 0  9999 | 2 46596  97.3826 346.2524 0004784  91.2622 268.9163 15.23545823109157 | 2022/10/04-03:16:04   75.3926    0.1237  268.8615   94.5164     6873.2925     6870.0043     6876.5807  94.592786 -23.142508   0.000103   0.000467
1 46596U 20061BK  22278.18700370  .00027886  00000-0  11642-2 0  9993 | 2 46596  97.3827 347.2861 0004808  89.0606 271.1182 15.23603197109311 | 2022/10/05-04:29:17   93.6954    0.1237  271.0631   94.5128     6873.1200     6869.8154     6876.4246  94.994991 -21.432263   0.000113   0.000467
1 46596U 20061BK  22280.15721925  .00031789  00000-0  13219-2 0  9991 | 2 46596  97.3820 349.2238 0004791  84.2697 275.9087 15.23709316109611 | 2022/10/07-03:46:23   82.9776    0.1238  275.8541   94.5062     6872.8008     6869.5081     6876.0936  95.664669 -18.207831   0.000136   0.000459
1 46596U 20061BK  22281.73329039  .00028003  00000-0  11625-2 0  9990 | 2 46596  97.3828 350.7760 0004572  79.3369 280.8383 15.23794912109850 | 2022/10/08-17:35:56  290.3677    0.1237  280.7868   94.5009     6872.5435     6869.4013     6875.6856  96.123563 -15.609943   0.000156   0.000430
1 46596U 20061BK  22283.44059066  .00027793  00000-0  11502-2 0  9999 | 2 46596  97.3819 352.4565 0004518  74.9262 285.2475 15.23900847110113 | 2022/10/10-10:34:27  184.9996    0.1237  285.1975   94.4943     6872.2250     6869.1201     6875.3298  96.539106 -12.784187   0.000174   0.000417
1 46596U 20061BK  22285.14778336  .00029090  00000-0  12004-2 0  9996 | 2 46596  97.3810 354.1370 0004425  70.9386 289.2330 15.23989349110373 | 2022/10/12-03:32:48   79.5932    0.1237  289.1851   94.4888     6871.9589     6868.9181     6874.9997  96.871599  -9.947485   0.000186   0.000401
1 46596U 20061BK  22286.19831675  .00023557  00000-0  97198-3 0  9998 | 2 46596  97.3806 355.1711 0004563  70.5454 289.6276 15.24037293110537 | 2022/10/13-04:45:34   97.7852    0.1237  289.5783   94.4859     6871.8148     6868.6792     6874.9504  97.034950  -8.197544   0.000188   0.000416
1 46596U 20061BK  22287.44578319  .00026155  00000-0  10766-2 0  9992 | 2 46596  97.3805 356.3990 0004423  64.9319 295.2377 15.24096137110728 | 2022/10/14-10:41:55  186.8782    0.1237  295.1918   94.4822     6871.6379     6868.5986     6874.6772  97.188235  -6.116268   0.000212   0.000388
1 46596U 20061BK  22288.62754562  .00022541  00000-0  92709-3 0  9992 | 2 46596  97.3801 357.5621 0004196  60.3105 299.8549 15.24154436110906 | 2022/10/15-15:03:39  252.3186    0.1237  299.8132   94.4786     6871.4627     6868.5794     6874.3459  97.291962  -4.142213   0.000223   0.000355
1 46596U 20061BK  22289.74361399  .00019649  00000-0  80761-3 0  9998 | 2 46596  97.3803 358.6609 0004123  56.8327 303.3306 15.24205282111079 | 2022/10/16-17:50:48  294.1065    0.1238  303.2911   94.4755     6871.3099     6868.4768     6874.1429  97.353705  -2.275736   0.000234   0.000340
1 46596U 20061BK  22291.12223531  .00016719  00000-0  68671-3 0  9999 | 2 46596  97.3804   0.0186 0004096  53.3152 306.8461 15.24263926111287 | 2022/10/18-02:56:01   70.4134    0.1237  306.8085   94.4718     6871.1336     6868.3192     6873.9480  97.380395   0.031613   0.000245   0.000329
1 46596U 20061BK  22292.17258221  .00017609  00000-0  72220-3 0  9993 | 2 46596  97.3805   1.0525 0003993  49.8576 310.3011 15.24302359111444 | 2022/10/19-04:08:31   88.5422    0.1238  310.2662   94.4694     6871.0181     6868.2745     6873.7617  97.364070   1.788739   0.000252   0.000310
1 46596U 20061BK  22293.41983737  .00016547  00000-0  67812-3 0  9999 | 2 46596  97.3808   2.2805 0003888  46.0083 314.1474 15.24343011111632 | 2022/10/20-10:04:33  177.5584    0.1237  314.1154   94.4669     6870.8960     6868.2245     6873.5674  97.303674   3.874950   0.000259   0.000290
1 46596U 20061BK  22294.47013126  .00016118  00000-0  65998-3 0  9999 | 2 46596  97.3810   3.3148 0003825  43.0960 317.0577 15.24377602111795 | 2022/10/21-11:16:59  195.6671    0.1238  317.0278   94.4648     6870.7920     6868.1639     6873.4201  97.218073   5.630755   0.000264   0.000277
1 46596U 20061BK  22295.71732468  .00017182  00000-0  70238-3 0  9999 | 2 46596  97.3810   4.5433 0003736  39.9367 320.2144 15.24419600111983 | 2022/10/22-17:12:56  284.6602    0.1237  320.1870   94.4622     6870.6658     6868.0989     6873.2327  97.075005   7.713790   0.000267   0.000262
1 46596U 20061BK  22297.42394101  .00019413  00000-0  79125-3 0  9990 | 2 46596  97.3806   6.2244 0003571  33.6661 326.4803 15.24493167112242 | 2022/10/24-10:10:28  179.0478    0.1238  326.4577   94.4576     6870.4448     6867.9913     6872.8982  96.806530  10.558269   0.000274   0.000229
1 46596U 20061BK  22298.47413505  .00013149  00000-0  53689-3 0  9993 | 2 46596  97.3805   7.2589 0003463  30.6817 329.4622 15.24519440112407 | 2022/10/25-11:22:45  197.1207    0.1237  329.4420   94.4560     6870.3658     6867.9866     6872.7450  96.600028  12.304324   0.000273   0.000213
1 46596U 20061BK  22299.72121398  .00012871  00000-0  52507-3 0  9997 | 2 46596  97.3799   8.4871 0003377  27.7561 332.3856 15.24554729112594 | 2022/10/26-17:18:32  286.0723    0.1238  332.3677   94.4538     6870.2598     6867.9397     6872.5799  96.313504  14.371981   0.000272   0.000200
1 46596U 20061BK  22300.77136156  .00016941  00000-0  68907-3 0  9996 | 2 46596  97.3791   9.5213 0003314  24.0108 336.1284 15.24591276112759 | 2022/10/27-18:30:45  304.1288    0.1238  336.1130   94.4515     6870.1500     6867.8733     6872.4268  96.037623  16.107891   0.000276   0.000183
1 46596U 20061BK  22302.14963756  .00024080  00000-0  97553-3 0  9995 | 2 46596  97.3787  10.8787 0003180  18.5624 341.5730 15.24653161112968 | 2022/10/29-03:35:28   80.3131    0.1239  341.5615   94.4477     6869.9641     6867.7795     6872.1488  95.628702  18.378319   0.000277   0.000156
1 46596U 20061BK  22303.46222256  .00022504  00000-0  91023-3 0  9999 | 2 46596  97.3785  12.1713 0003079  15.1637 344.9693 15.24721433113160 | 2022/10/30-11:05:36  192.8472    0.1238  344.9601   94.4435     6869.7590     6867.6438     6871.8742  95.189590  20.530813   0.000274   0.000141
1 46596U 20061BK  22304.64350107  .00022471  00000-0  90736-3 0  9990 | 2 46596  97.3785  13.3346 0002983  10.6630 349.4670 15.24778430113345 | 2022/10/31-15:26:38  258.1115    0.1237  349.4607   94.4400     6869.5878     6867.5386     6871.6370  94.753153  22.459122   0.000273   0.000121
1 46596U 20061BK  22306.15284655  .00022731  00000-0  91581-3 0  9990 | 2 46596  97.3787  14.8218 0002927   4.1266 355.9996 15.24852246113578 | 2022/11/02-03:40:05   81.4802    0.1239  355.9973   94.4354     6869.3661     6867.3555     6871.3768  94.138533  24.910796   0.000277   0.000095
1 46596U 20061BK  22308.12144019  .00033567  00000-0  13442-2 0  9996 | 2 46596  97.3791  16.7614 0002761 359.4331   0.6903 15.24973783113874 | 2022/11/04-02:54:52   70.1774    0.1238    0.6907   94.4279     6869.0012     6867.1046     6870.8977  93.241852  28.082846   0.000265   0.000077
1 46596U 20061BK  22309.17129054  .00024977  00000-0  10003-2 0  9999 | 2 46596  97.3791  17.7965 0002764 352.5705   7.5491 15.25032956114032 | 2022/11/05-04:06:39   88.1270    0.1238    7.5533   94.4242     6868.8235     6866.9249     6870.7220  92.719322  29.762670   0.000272   0.000050
1 46596U 20061BK  22310.41793874  .00020746  00000-0  83034-3 0  9990 | 2 46596  97.3792  19.0250 0002654 346.1756  13.9409 15.25093219114228 | 2022/11/06-10:01:49  176.9237    0.1238   13.9482   94.4205     6868.6425     6866.8196     6870.4655  92.060000  31.743738   0.000264   0.000024
1 46596U 20061BK  22311.66453872  .00023727  00000-0  94712-3 0  9996 | 2 46596  97.3788  20.2537 0002502 342.8822  17.2331 15.25155505114413 | 2022/11/07-15:56:56  265.7009    0.1238   17.2416   94.4166     6868.4555     6866.7370     6870.1740  91.357770  33.710363   0.000250   0.000014
1 46596U 20061BK  22313.10788832  .00024170  00000-0  96189-3 0  9997 | 2 46596  97.3781  21.6767 0002481 336.8430  23.2696 15.25252538114639 | 2022/11/09-02:35:21   65.3091    0.1238   23.2808   94.4106     6868.1642     6866.4602     6869.8682  90.491799  35.968440   0.000248  -0.000006
1 46596U 20061BK  22314.15754479  .00019527  00000-0  77684-3 0  9992 | 2 46596  97.3780  22.7117 0002434 331.0775  29.0328 15.25308221114790 | 2022/11/10-03:46:51   83.1874    0.1238   29.0463   94.4071     6867.9971     6866.3254     6869.6687  89.827238  37.597102   0.000242  -0.000026
1 46596U 20061BK  22315.73197444  .00021943  00000-0  87060-3 0  9994 | 2 46596  97.3773  24.2631 0002321 324.1110  35.9972 15.25374821115039 | 2022/11/11-17:34:02  289.9846    0.1238   36.0128   94.4030     6867.7971     6866.2031     6869.3912  88.775779  40.014992   0.000227  -0.000047
1 46596U 20061BK  22317.43752278  .00018000  00000-0  71343-3 0  9992 | 2 46596  97.3766  25.9443 0002255 315.5027  44.6029 15.25450361115299 | 2022/11/13-10:30:01  183.9844    0.1237   44.6210   94.3984     6867.5704     6866.0218     6869.1191  87.562965  42.601988   0.000214  -0.000072
1 46596U 20061BK  22318.74943140  .00018700  00000-0  73989-3 0  9992 | 2 46596  97.3765  27.2375 0002228 308.3345  51.7692 15.25501271115494 | 2022/11/14-17:59:10  296.2733    0.1238   51.7893   94.3952     6867.4176     6865.8876     6868.9477  86.579103  44.567272   0.000203  -0.000092
1 46596U 20061BK  22320.12689004  .00014586  00000-0  57723-3 0  9999 | 2 46596  97.3765  28.5958 0002153 302.2324  57.8705 15.25547523115708 | 2022/11/16-03:02:43   72.1586    0.1238   57.8914   94.3923     6867.2788     6865.8003     6868.7573  85.498326  46.607070   0.000188  -0.000105
1 46596U 20061BK  22321.17635553  .00015127  00000-0  59787-3 0  9999 | 2 46596  97.3765  29.6304 0002127 297.6563  62.4459 15.25581893115861 | 2022/11/17-04:13:57   89.9667    0.1238   62.4675   94.3902     6867.1757     6865.7150     6868.6363  84.642841  48.143247   0.000179  -0.000115
1 46596U 20061BK  22323.14404362  .00018026  00000-0  71031-3 0  9997 | 2 46596  97.3772  31.5713 0002128 286.4763  73.6241 15.25645568116161 | 2022/11/19-03:27:25   78.3348    0.1238   73.6475   94.3863     6866.9846     6865.5233     6868.4459  82.964332  50.982729   0.000158  -0.000142
1 46596U 20061BK  22324.45578976  .00015147  00000-0  59683-3 0  9995 | 2 46596  97.3773  32.8651 0002044 278.7537  81.3470 15.25685575116361 | 2022/11/20-10:56:20  190.5622    0.1239   81.3702   94.3838     6866.8646     6865.4610     6868.2681  81.792118  52.843050   0.000136  -0.000153
1 46596U 20061BK  22325.70191659  .00015823  00000-0  62257-3 0  9995 | 2 46596  97.3769  34.0941 0002084 271.6030  88.4969 15.25724157116558 | 2022/11/21-16:50:45  279.1679    0.1238   88.5208   94.3814     6866.7488     6865.3178     6868.1798  80.639570  54.584984   0.000122  -0.000169
1 46596U 20061BK  22326.75126180  .00013381  00000-0  52660-3 0  9992 | 2 46596  97.3769  35.1291 0002114 265.6339  94.4658 15.25754330116713 | 2022/11/22-18:01:49  296.9316    0.1239   94.4900   94.3795     6866.6583     6865.2066     6868.1099  79.640435  56.032685   0.000108  -0.000182
1 46596U 20061BK  22328.19407917  .00012816  00000-0  50392-3 0  9994 | 2 46596  97.3765  36.5524 0002104 257.4916 102.6087 15.25794124116939 | 2022/11/24-04:39:28   96.3441    0.1238  102.6322   94.3771     6866.5389     6865.0941     6867.9836  78.223762  57.993325   0.000086  -0.000192
1 46596U 20061BK  22329.44012046  .00012060  00000-0  47398-3 0  9991 | 2 46596  97.3757  37.7811 0002137 250.5205 109.5803 15.25824713117125 | 2022/11/25-10:33:46  184.9179    0.1239  109.6034   94.3752     6866.4471     6864.9797     6867.9145  76.961580  59.656870   0.000067  -0.000203
1 46596U 20061BK  22330.75170743  .00015935  00000-0  62416-3 0  9998 | 2 46596  97.3753  39.0748 0002221 243.7207 116.3804 15.25872413117324 | 2022/11/26-18:02:27  297.0880    0.1239  116.4032   94.3722     6866.3040     6864.7790     6867.8290  75.594755  61.379004   0.000049  -0.000217
1 46596U 20061BK  22331.93210243  .00015091  00000-0  59061-3 0  9994 | 2 46596  97.3751  40.2390 0002245 237.1433 122.9590 15.25912004117509 | 2022/11/27-22:22:13    2.0283    0.1239  122.9806   94.3698     6866.1852     6864.6438     6867.7267  74.331916  62.902118   0.000029  -0.000223
1 46596U 20061BK  22332.98131735  .00013762  00000-0  53841-3 0  9991 | 2 46596  97.3751  41.2738 0002308 231.6087 128.4944 15.25944718117668 | 2022/11/28-23:33:05   19.7442    0.1238  128.5151   94.3678     6866.0871     6864.5024     6867.6718  73.183801  64.234270   0.000012  -0.000231
1 46596U 20061BK  22334.16165630  .00015187  00000-0  59306-3 0  9999 | 2 46596  97.3751  42.4381 0002390 226.4387 133.6654 15.25984644117849 | 2022/11/30-03:52:47   84.6643    0.1239  133.6852   94.3653     6865.9673     6864.3264     6867.6083  71.863485  65.708064  -0.000005  -0.000239
1 46596U 20061BK  22335.47310990  .00018460  00000-0  71896-3 0  9990 | 2 46596  97.3753  43.7319 0002458 220.2237 139.8820 15.26030555118047 | 2022/12/01-11:21:16  196.7848    0.1238  139.9001   94.3625     6865.8296     6864.1420     6867.5172  70.361676  67.314067  -0.000026  -0.000244
1 46596U 20061BK  22337.17793722  .00015346  00000-0  59732-3 0  9992 | 2 46596  97.3759  45.4141 0002536 211.9744 148.1340 15.26090646118308 | 2022/12/03-04:16:13   90.5181    0.1237  148.1493   94.3587     6865.6494     6863.9083     6867.3905  68.355721  69.351001  -0.000055  -0.000247
1 46596U 20061BK  22339.14496480  .00021472  00000-0  83210-3 0  9997 | 2 46596  97.3756  47.3551 0002695 205.1364 154.9744 15.26165107118601 | 2022/12/05-03:28:44   78.6434    0.1239  154.9875   94.3541     6865.4261     6863.5758     6867.2763  65.967354  71.626222  -0.000081  -0.000257
1 46596U 20061BK  22340.45625798  .00017737  00000-0  68709-3 0  9994 | 2 46596  97.3755  48.6492 0002751 199.2524 160.8611 15.26217615118805 | 2022/12/06-10:57:00  190.7047    0.1238  160.8714   94.3509     6865.2686     6863.3800     6867.1572  64.332828  73.097710  -0.000103  -0.000255
1 46596U 20061BK  22342.16086980  .00026580  00000-0  10246-2 0  9996 | 2 46596  97.3748  50.3315 0002857 193.2917 166.8247 15.26297467119061 | 2022/12/08-03:51:39   84.3599    0.1239  166.8322   94.3460     6865.0292     6863.0678     6866.9905  62.158690  74.954313  -0.000127  -0.000256
1 46596U 20061BK  22344.19316841  .00020553  00000-0  79121-3 0  9995 | 2 46596  97.3741  52.3373 0002994 184.5137 175.6075 15.26394704119372 | 2022/12/10-04:38:09   95.9799    0.1238  175.6101   94.3399     6864.7376     6862.6823     6866.7929  59.496726  77.083429  -0.000164  -0.000251
1 46596U 20061BK  22345.43870915  .00020283  00000-0  77956-3 0  9994 | 2 46596  97.3736  53.5663 0003084 180.6655 179.4580 15.26450756119568 | 2022/12/11-10:31:44  184.3709    0.1238  179.4583   94.3365     6864.5695     6862.4525     6866.6866  57.829422  78.341406  -0.000180  -0.000250
1 46596U 20061BK  22347.47080556  .00020178  00000-0  77330-3 0  9993 | 2 46596  97.3734  55.5718 0003199 174.2494 185.8782 15.26546383119877 | 2022/12/13-11:17:57  195.9190    0.1238  185.8744   94.3306     6864.2829     6862.0870     6866.4787  55.052295  80.317021  -0.000206  -0.000244
1 46596U 20061BK  22348.71622196  .00020285  00000-0  77602-3 0  9994 | 2 46596  97.3733  56.8012 0003305 169.1685 190.9625 15.26603821120068 | 2022/12/14-17:11:21  284.2636    0.1238  190.9553   94.3270     6864.1107     6861.8421     6866.3793  53.316332  81.479619  -0.000230  -0.000238
1 46596U 20061BK  22350.15822065  .00025245  00000-0  96225-3 0  9995 | 2 46596  97.3733  58.2251 0003304 165.4131 194.7204 15.26680074120287 | 2022/12/16-03:47:50   83.3780    0.1239  194.7108   94.3223     6863.8821     6861.6143     6866.1499  51.275166  82.779327  -0.000239  -0.000228
1 46596U 20061BK  22351.46906825  .00022820  00000-0  86867-3 0  9994 | 2 46596  97.3735  59.5191 0003403 161.1359 199.0006 15.26744405120480 | 2022/12/17-11:15:27  195.2782    0.1238  198.9879   94.3183     6863.6893     6861.3536     6866.0250  49.392815  83.916317  -0.000258  -0.000222
1 46596U 20061BK  22352.71432638  .00020130  00000-0  76565-3 0  9995 | 2 46596  97.3735  60.7487 0003512 156.4563 203.6837 15.26796596120670 | 2022/12/18-17:08:37  283.5654    0.1238  203.6675   94.3151     6863.5329     6861.1224     6865.9434  47.580688  84.956910  -0.000280  -0.000212
1 46596U 20061BK  22353.76292833  .00025234  00000-0  95688-3 0  9999 | 2 46596  97.3737  61.7846 0003568 153.7826 206.3594 15.26850767120834 | 2022/12/19-18:18:37  301.0578    0.1239  206.3413   94.3118     6863.3706     6860.9217     6865.8194  46.037080  85.803407  -0.000290  -0.000208
1 46596U 20061BK  22355.13915732  .00025691  00000-0  97188-3 0  9996 | 2 46596  97.3737  63.1441 0003559 149.5687 210.5759 15.26927464121042 | 2022/12/21-03:20:23   76.4946    0.1239  210.5552   94.3070     6863.1407     6860.6981     6865.5833  43.988391  86.871508  -0.000299  -0.000192
1 46596U 20061BK  22356.44979452  .00019839  00000-0  75034-3 0  9993 | 2 46596  97.3733  64.4385 0003697 145.7269 214.4209 15.26986203121247 | 2022/12/22-10:47:42  188.3182    0.1239  214.3970   94.3034     6862.9647     6860.4275     6865.5020  42.014599  87.842661  -0.000320  -0.000186
1 46596U 20061BK  22357.69485462  .00023118  00000-0  87208-3 0  9995 | 2 46596  97.3728  65.6682 0003755 142.8984 217.2515 15.27042162121431 | 2022/12/23-16:40:35  276.5352    0.1239  217.2255   94.3000     6862.7970     6860.2201     6865.3740  40.119554  88.723636  -0.000330  -0.000180
1 46596U 20061BK  22358.74329039  .00021372  00000-0  80543-3 0  9994 | 2 46596  97.3722  66.7037 0003834 139.4082 220.7443 15.27089584121595 | 2022/12/24-17:50:20  293.9674    0.1238  220.7156   94.2970     6862.6550     6860.0238     6865.2861  38.509360  89.433632  -0.000344  -0.000169
1 46596U 20061BK  22360.18484054  .00018501  00000-0  69669-3 0  9990 | 2 46596  97.3716  68.1277 0003858 134.9913 225.1639 15.27144766121814 | 2022/12/26-04:26:10   92.9196    0.1239  225.1326   94.2936     6862.4897     6859.8421     6865.1372  36.274735  90.362448  -0.000355  -0.000151
1 46596U 20061BK  22361.42976950  .00022323  00000-0  83813-3 0  9993 | 2 46596  97.3713  69.3570 0003895 132.2297 227.9273 15.27204135122000 | 2022/12/27-10:18:52  181.0900    0.1239  227.8942   94.2899     6862.3118     6859.6389     6864.9847  34.327673  91.119597  -0.000362  -0.000143
1 46596U 20061BK  22363.13327085  .00018358  00000-0  68838-3 0  9995 | 2 46596  97.3715  71.0402 0003934 127.3653 232.7945 15.27287208122261 | 2022/12/29-03:11:54   74.3435    0.1239  232.7586   94.2848     6862.0630     6859.3634     6864.7625  31.636456  92.088781  -0.000373  -0.000124
1 46596U 20061BK  22364.18153944  .00028548  00000-0  10659-2 0  9991 | 2 46596  97.3716  72.0760 0003982 124.3882 235.7734 15.27337351122426 | 2022/12/30-04:21:25   91.7159    0.1239  235.7357   94.2817     6861.9128     6859.1804     6864.6452  29.966616  92.645725  -0.000382  -0.000113
1 46596U 20061BK  22365.75386536  .00025540  00000-0  95161-3 0  9991 | 2 46596  97.3717  73.6298 0004004 120.9970 239.1663 15.27428984122664 | 2022/12/31-18:05:33  297.7474    0.1239  239.1269   94.2761     6861.6383     6858.8909     6864.3857  27.443481  93.424319  -0.000387  -0.000101
1 46596U 20061BK  23001.93305020  .00026123  00000-0  97137-3 0  9991 | 2 46596  97.3715  74.7953 0004070 116.9844 243.1811 15.27491744122844 | 2023/01/01-22:23:35    2.2485    0.1239  243.1395   94.2722     6861.4504     6858.6578     6864.2430  25.537462  93.963009  -0.000398  -0.000083
1 46596U 20061BK  23003.17769494  .00024876  00000-0  92355-3 0  9998 | 2 46596  97.3714  76.0254 0004082 113.4317 246.7351 15.27553502123033 | 2023/01/03-04:15:52   90.3160    0.1238  246.6921   94.2684     6861.2654     6858.4647     6864.0662  23.514387  94.489487  -0.000403  -0.000067
1 46596U 20061BK  23005.14282231  .00029888  00000-0  11047-2 0  9992 | 2 46596  97.3714  77.9681 0004060 108.4983 251.6697 15.27661510123336 | 2023/01/05-03:25:39   77.7549    0.1238  251.6255   94.2617     6860.9420     6858.1565     6863.7276  20.297677  95.232315  -0.000403  -0.000046
1 46596U 20061BK  23006.45281855  .00030414  00000-0  11211-2 0  9998 | 2 46596  97.3711  79.2628 0004134 104.9362 255.2336 15.27747442123534 | 2023/01/06-10:52:03  189.3482    0.1240  255.1878   94.2564     6860.6848     6857.8486     6863.5210  18.140679  95.666331  -0.000412  -0.000030
1 46596U 20061BK  23007.63175666  .00028133  00000-0  10354-2 0  9993 | 2 46596  97.3703  80.4283 0004070 101.5704 258.5993 15.27814992123718 | 2023/01/07-15:09:43  253.7626    0.1240  258.5536   94.2522     6860.4825     6857.6903     6863.2748  16.190900  96.014739  -0.000407  -0.000014
1 46596U 20061BK  23008.94162635  .00032704  00000-0  11996-2 0  9992 | 2 46596  97.3698  81.7233 0004069  97.9239 262.2463 15.27894621123912 | 2023/01/08-22:35:56    5.3112    0.1240  262.2001   94.2473     6860.2442     6857.4527     6863.0356  14.016751  96.355636  -0.000407   0.000003
1 46596U 20061BK  23010.18593995  .00029076  00000-0  10650-2 0  9992 | 2 46596  97.3694  82.9537 0004094  94.1314 266.0393 15.27966720124105 | 2023/01/10-04:27:45   93.2597    0.1239  265.9925   94.2429     6860.0284     6857.2199     6862.8369  11.944437  96.634003  -0.000409   0.000021
1 46596U 20061BK  23011.43019012  .00034258  00000-0  12503-2 0  9991 | 2 46596  97.3689  84.1836 0004054  91.1121 269.0583 15.28049472124295 | 2023/01/11-10:19:28  181.1865    0.1240  269.0119   94.2378     6859.7807     6856.9997     6862.5616   9.867468  96.867620  -0.000404   0.000033
1 46596U 20061BK  23012.47792401  .00037427  00000-0  13619-2 0  9996 | 2 46596  97.3689  85.2198 0004054  87.7881 272.3823 15.28128017124457 | 2023/01/12-11:28:12  198.3672    0.1240  272.3359   94.2329     6859.5456     6856.7648     6862.3265   8.114089  97.030223  -0.000402   0.000049
1 46596U 20061BK  23013.91846635  .00040540  00000-0  14691-2 0  9996 | 2 46596  97.3686  86.6445 0004138  83.5259 276.6452 15.28244573124675 | 2023/01/13-22:02:35  356.9570    0.1240  276.5981   94.2258     6859.1968     6856.3585     6862.0352   5.699087  97.201670  -0.000408   0.000071
1 46596U 20061BK  23015.42436186  .00052274  00000-0  18825-2 0  9990 | 2 46596  97.3687  88.1343 0003981  78.8845 281.2843 15.28386980124904 | 2023/01/15-10:11:04  179.0761    0.1241  281.2396   94.2170     6858.7708     6856.0403     6861.5012   3.170019  97.317083  -0.000388   0.000089
1 46596U 20061BK  23016.47185206  .00056710  00000-0  20335-2 0  9998 | 2 46596  97.3689  89.1708 0003984  75.7089 284.4593 15.28504627125066 | 2023/01/16-11:19:28  196.1691    0.1240  284.4151   94.2097     6858.4188     6855.6864     6861.1512   1.409100  97.358703  -0.000385   0.000104
1 46596U 20061BK  23018.50117551  .00050861  00000-0  18159-2 0  9994 | 2 46596  97.3688  91.1791 0003928  69.7653 290.4009 15.28677167125371 | 2023/01/18-12:01:41  206.7195    0.1240  290.3587   94.1991     6857.9027     6855.2090     6860.5965  -2.003628  97.348183  -0.000371   0.000128
1 46596U 20061BK  23020.46481103  .00042043  00000-0  14955-2 0  9992 | 2 46596  97.3691  93.1239 0003826  63.6611 296.5022 15.28847928125677 | 2023/01/20-11:09:19  193.6218    0.1241  296.4630   94.1886     6857.3921     6854.7684     6860.0157  -5.306161  97.224412  -0.000352   0.000151
1 46596U 20061BK  23021.70833114  .00047851  00000-0  16944-2 0  9995 | 2 46596  97.3683  94.3551 0003767  60.7482 299.4134 15.28964571125867 | 2023/01/21-16:59:59  281.2852    0.1240  299.3758   94.1814     6857.0433     6854.4603     6859.6264  -7.393921  97.087156  -0.000342   0.000159
1 46596U 20061BK  23022.95175842  .00042236  00000-0  14921-2 0  9995 | 2 46596  97.3674  95.5855 0003747  55.5643 304.5951 15.29071797126053 | 2023/01/22-22:50:31    8.9164    0.1240  304.5597   94.1748     6856.7228     6854.1535     6859.2920  -9.476869  96.905106  -0.000328   0.000181
1 46596U 20061BK  23024.19509477  .00044676  00000-0  15721-2 0  9997 | 2 46596  97.3670  96.8163 0003802  49.8966 310.2607 15.29186344126249 | 2023/01/24-04:40:56   96.5143    0.1240  310.2274   94.1677     6856.3803     6853.7735     6858.9871 -11.556144  96.678789  -0.000318   0.000209
1 46596U 20061BK  23025.50378270  .00034045  00000-0  11969-2 0  9997 | 2 46596  97.3665  98.1120 0003845  44.6847 315.4703 15.29279406126447 | 2023/01/25-12:05:26  207.6385    0.1241  315.4394   94.1620     6856.1022     6853.4660     6858.7383 -13.739248  96.392263  -0.000306   0.000232
1 46596U 20061BK  23026.94324282  .00038599  00000-0  13513-2 0  9995 | 2 46596  97.3658  99.5377 0003620  40.0889 320.0618 15.29389847126667 | 2023/01/26-22:38:16    5.8415    0.1241  320.0352   94.1552     6855.7721     6853.2903     6858.2539 -16.133176  96.019892  -0.000276   0.000234
1 46596U 20061BK  23028.18633586  .00032536  00000-0  11375-2 0  9992 | 2 46596  97.3661 100.7693 0003584  38.7692 321.3804 15.29472296126855 | 2023/01/28-04:28:19   93.3498    0.1240  321.3548   94.1501     6855.5257     6853.0687     6857.9827 -18.193339  95.651241  -0.000273   0.000233
1 46596U 20061BK  23029.75647019  .00024369  00000-0  85129-3 0  9996 | 2 46596  97.3661 102.3247 0003509  33.0606 327.0853 15.29558699127094 | 2023/01/29-18:09:19  298.5940    0.1240  327.0634   94.1448     6855.2675     6852.8620     6857.6731 -20.782947  95.122166  -0.000250   0.000246
1 46596U 20061BK  23030.93401431  .00024310  00000-0  84767-3 0  9997 | 2 46596  97.3660 103.4917 0003424  30.0313 330.1124 15.29619691127273 | 2023/01/30-22:24:58    2.5057    0.1241  330.0928   94.1410     6855.0853     6852.7381     6857.4325 -22.715926  94.679061  -0.000236   0.000248
1 46596U 20061BK  23032.17692476  .00028608  00000-0  99429-3 0  9991 | 2 46596  97.3661 104.7237 0003375  26.5956 333.5457 15.29692554127467 | 2023/02/01-04:14:46   89.9490    0.1241  333.5285   94.1366     6854.8676     6852.5541     6857.1811 -24.746376  94.168861  -0.000223   0.000253
1 46596U 20061BK  23033.94306295  .00026075  00000-0  90394-3 0  9996 | 2 46596  97.3659 106.4740 0003232  20.5692 339.5678 15.29795568127735 | 2023/02/02-22:38:00    5.7535    0.1241  339.5549   94.1302     6854.5599     6852.3445     6856.7753 -27.611043  93.368886  -0.000195   0.000258
1 46596U 20061BK  23035.18582616  .00033374  00000-0  11522-2 0  9992 | 2 46596  97.3653 107.7057 0003173  16.7533 343.3811 15.29878502127922 | 2023/02/04-04:27:35   93.1441    0.1240  343.3707   94.1251     6854.3122     6852.1373     6856.4870 -29.611498  92.753226  -0.000180   0.000262
1 46596U 20061BK  23036.42852436  .00029079  00000-0  10025-2 0  9994 | 2 46596  97.3650 108.9371 0003093  11.4852 348.6458 15.29954075128115 | 2023/02/05-10:17:04  180.5123    0.1240  348.6388   94.1205     6854.0865     6851.9665     6856.2064 -31.597859  92.095160  -0.000157   0.000267
1 46596U 20061BK  23037.73655787  .00039853  00000-0  13670-2 0  9999 | 2 46596  97.3647 110.2335 0003026   6.9466 353.1816 15.30049610128316 | 2023/02/06-17:40:38  291.4000    0.1241  353.1775   94.1146     6853.8011     6851.7272     6855.8751 -33.673276  91.356419  -0.000138   0.000269
1 46596U 20061BK  23039.50224408  .00048430  00000-0  16499-2 0  9991 | 2 46596  97.3636 111.9836 0002889   1.1891 358.9356 15.30224362128583 | 2023/02/08-12:03:13  207.0408    0.1241  358.9350   94.1038     6853.2793     6851.2994     6855.2592 -36.447206  90.284394  -0.000114   0.000266
1 46596U 20061BK  23040.74463443  .00056172  00000-0  19029-2 0  9997 | 2 46596  97.3633 113.2157 0003052 353.5291   6.5910 15.30366627128776 | 2023/02/09-17:52:16  294.2984    0.1241    6.5950   94.0951     6852.8546     6850.7631     6854.9461 -38.380005  89.479536  -0.000088   0.000292
1 46596U 20061BK  23042.44455453  .00066864  00000-0  22468-2 0  9998 | 2 46596  97.3625 114.9018 0002826 348.2333  11.8842 15.30577673129035 | 2023/02/11-10:40:09  186.2617    0.1242   11.8909   94.0821     6852.2246     6850.2882     6854.1611 -40.995874  88.310785  -0.000064   0.000275
1 46596U 20061BK  23044.14424498  .00060051  00000-0  20073-2 0  9994 | 2 46596  97.3624 116.5878 0002753 339.8909  20.2223 15.30781285129291 | 2023/02/13-03:27:42   78.1438    0.1241   20.2332   94.0696     6851.6170     6849.7308     6853.5033 -43.576361  87.066283  -0.000031   0.000274
1 46596U 20061BK  23045.45155227  .00059878  00000-0  19929-2 0  9993 | 2 46596  97.3627 117.8856 0002747 334.9384  25.1724 15.30922124129491 | 2023/02/14-10:50:14  188.7676    0.1242   25.1858   94.0610     6851.1968     6849.3148     6853.0788 -45.537283  86.057255  -0.000014   0.000274
1 46596U 20061BK  23046.62802567  .00075958  00000-0  25114-2 0  9999 | 2 46596  97.3626 119.0536 0002792 328.8417  31.2658 15.31058571129679 | 2023/02/15-15:04:21  252.2929    0.1241   31.2824   94.0526     6850.7897     6848.8770     6852.7025 -47.281967  85.111054   0.000010   0.000279
1 46596U 20061BK  23048.19646607  .00047496  00000-0  15668-2 0  9993 | 2 46596  97.3626 120.6104 0002655 323.0403  37.0655 15.31273279129910 | 2023/02/17-04:42:54   96.9223    0.1241   37.0838   94.0394     6850.1493     6848.3306     6851.9680 -49.576807  83.795084   0.000029   0.000264
1 46596U 20061BK  23049.43802037  .00039568  00000-0  13028-2 0  9991 | 2 46596  97.3620 121.8432 0002712 318.2671  41.8363 15.31378507130100 | 2023/02/18-10:30:44  183.8752    0.1241   41.8570   94.0329     6849.8355     6847.9778     6851.6932 -51.367846  82.708545   0.000047   0.000267
1 46596U 20061BK  23050.94084609  .00039316  00000-0  12898-2 0  9991 | 2 46596  97.3615 123.3358 0002708 310.2645  49.8359 15.31497649130333 | 2023/02/19-22:34:49    4.8841    0.1241   49.8596   94.0256     6849.4803     6847.6254     6851.3351 -53.504520  81.342043   0.000076   0.000260
1 46596U 20061BK  23052.18222233  .00044314  00000-0  14478-2 0  9996 | 2 46596  97.3608 124.5683 0002633 304.2304  55.8687 15.31601640130521 | 2023/02/21-04:22:24   91.7719    0.1241   55.8937   94.0192     6849.1702     6847.3668     6850.9736 -55.241373  80.171791   0.000095   0.000245
1 46596U 20061BK  23054.14211222  .00046445  00000-0  15088-2 0  9995 | 2 46596  97.3600 126.5148 0002684 294.2353  65.8608 15.31773588130827 | 2023/02/23-03:24:38   77.3205    0.1242   65.8889   94.0087     6848.6576     6846.8195     6850.4958 -57.932161  78.248542   0.000131   0.000234
1 46596U 20061BK  23055.18729838  .00048294  00000-0  15638-2 0  9992 | 2 46596  97.3596 127.5531 0002630 289.2160  70.8797 15.31867957130985 | 2023/02/24-04:29:42   93.5798    0.1242   70.9082   94.0029     6848.3764     6846.5752     6850.1775 -59.340328  77.185602   0.000144   0.000220
1 46596U 20061BK  23056.75496771  .00035469  00000-0  11471-2 0  9994 | 2 46596  97.3594 129.1107 0002708 280.9601  79.1336 15.31980241131225 | 2023/02/25-18:07:09  297.9303    0.1242   79.1641   93.9960     6848.0417     6846.1873     6849.8962 -61.416327  75.543944   0.000174   0.000208
1 46596U 20061BK  23058.12656864  .00046910  00000-0  15078-2 0  9998 | 2 46596  97.3591 130.4734 0002786 274.8096  85.2827 15.32112136131436 | 2023/02/27-03:02:15   71.6973    0.1241   85.3145   93.9879     6847.6487     6845.7410     6849.5565 -63.195301  74.061787   0.000196   0.000198
1 46596U 20061BK  23059.17149490  .00062293  00000-0  19872-2 0  9994 | 2 46596  97.3592 131.5123 0002741 268.5464  91.5464 15.32276267131591 | 2023/02/28-04:06:57   87.8613    0.1242   91.5778   93.9778     6847.1597     6845.2829     6849.0365 -64.527810  72.903879   0.000210   0.000176
1 46596U 20061BK  23061.65286239  .00049968  00000-0  15847-2 0  9995 | 2 46596  97.3591 133.9799 0002775 259.1927 100.9003 15.32526425131972 | 2023/03/02-15:40:07  261.1315    0.1242  100.9315   93.9625     6846.4146     6844.5147     6848.3145 -67.606741  70.057997   0.000232   0.000152
1 46596U 20061BK  23063.15453639  .00063912  00000-0  20109-2 0  9994 | 2 46596  97.3588 135.4730 0002905 253.1726 106.9198 15.32710752132202 | 2023/03/04-03:42:31   81.7218    0.1242  106.9516   93.9512     6845.8657     6843.8769     6847.8544 -69.409043  68.272401   0.000255   0.000139
1 46596U 20061BK  23064.19906435  .00066375  00000-0  20781-2 0  9998 | 2 46596  97.3586 136.5117 0002908 248.1388 111.9545 15.32856656132365 | 2023/03/05-04:46:39   97.7418    0.1242  111.9854   93.9422     6845.4312     6843.4406     6847.4219 -70.635117  67.002815   0.000264   0.000121
1 46596U 20061BK  23065.63513287  .00060001  00000-0  18691-2 0  9994 | 2 46596  97.3577 137.9408 0003001 244.3242 115.7690 15.33048351132588 | 2023/03/06-15:14:35  254.7129    0.1242  115.8000   93.9305     6844.8606     6842.8064     6846.9147 -72.283522  65.219737   0.000278   0.000114
1 46596U 20061BK  23067.13627348  .00067635  00000-0  20901-2 0  9992 | 2 46596  97.3573 139.4341 0003131 237.8300 122.2639 15.33266670132811 | 2023/03/08-03:16:14   75.1091    0.1242  122.2942   93.9171     6844.2108     6842.0679     6846.3537 -73.958299  63.313615   0.000299   0.000093
1 46596U 20061BK  23068.18042375  .00072106  00000-0  22165-2 0  9992 | 2 46596  97.3568 140.4734 0003209 234.3460 125.7484 15.33414172132973 | 2023/03/09-04:19:48   90.9926    0.1242  125.7782   93.9081     6843.7719     6841.5757     6845.9681 -75.094142  61.961410   0.000310   0.000082
1 46596U 20061BK  23069.42021488  .00080601  00000-0  24601-2 0  9998 | 2 46596  97.3566 141.7086 0003314 234.6099 125.4834 15.33600799133163 | 2023/03/10-10:05:06  177.3053    0.1242  125.5143   93.8967     6843.2167     6840.9488     6845.4845 -76.412215  60.328111   0.000318   0.000093
1 46596U 20061BK  23070.65985801  .00061813  00000-0  18815-2 0  9997 | 2 46596  97.3562 142.9434 0003287 230.3358 129.7595 15.33776042133356 | 2023/03/11-15:50:11  263.5619    0.1242  129.7884   93.8859     6842.6954     6840.4462     6844.9446 -77.694202  58.667203   0.000320   0.000076
1 46596U 20061BK  23071.96460344  .00060600  00000-0  18353-2 0  9992 | 2 46596  97.3560 144.2422 0003507 225.4216 134.6741 15.33941328133550 | 2023/03/12-23:09:01   13.2570    0.1243  134.7027   93.8758     6842.2038     6839.8043     6844.6034 -79.003852  56.890966   0.000346   0.000059
1 46596U 20061BK  23073.03009439  .00047911  00000-0  14490-2 0  9994 | 2 46596  97.3459 145.3035 0003325 223.6730 256.6650 15.34048280133716 | 2023/03/14-00:43:20  276.5804  120.3009  256.6279   93.8693     6841.8858     6839.6109     6844.1608 -80.035737  55.412139   0.000328   0.000052
1 46596U 20061BK  23074.18237611  .00064090  00000-0  19240-2 0  9991 | 2 46596  97.3561 146.4520 0003643 217.7712 142.3275 15.34203379133893 | 2023/03/15-04:22:37   91.6283    0.1242  142.3530   93.8598     6841.4247     6838.9324     6843.9170 -81.138827  53.802426   0.000363   0.000027
1 46596U 20061BK  23075.94325287  .00047385  00000-0  14165-2 0  9992 | 2 46596  97.3563 148.2073 0003720 213.4601 146.6407 15.34420214134168 | 2023/03/16-22:38:17    5.5222    0.1242  146.6641   93.8465     6840.7802     6838.2354     6843.3249 -82.748944  51.291924   0.000372   0.000011
1 46596U 20061BK  23077.44309310  .00047190  00000-0  14044-2 0  9998 | 2 46596  97.3560 149.7029 0003952 207.0551 153.0487 15.34561008134394 | 2023/03/18-10:38:03  185.4444    0.1243  153.0692   93.8379     6840.3617     6837.6584     6843.0650 -84.059223  49.114537   0.000395  -0.000022
1 46596U 20061BK  23078.74718888  .00049485  00000-0  14662-2 0  9991 | 2 46596  97.3558 151.0029 0004045 203.3106 156.7954 15.34688735134594 | 2023/03/19-17:55:57  294.9020    0.1243  156.8137   93.8301     6839.9822     6837.2154     6842.7490 -85.151690  47.194719   0.000403  -0.000040
1 46596U 20061BK  23080.18156620  .00052925  00000-0  15599-2 0  9995 | 2 46596  97.3552 152.4332 0004116 198.1882 161.9214 15.34836874134812 | 2023/03/21-04:21:27   91.2578    0.1242  161.9360   93.8210     6839.5421     6836.7269     6842.3572 -86.302648  45.054278   0.000406  -0.000067
1 46596U 20061BK  23081.68099176  .00057216  00000-0  16766-2 0  9998 | 2 46596  97.3543 153.9291 0004192 194.4704 165.6420 15.34998718135040 | 2023/03/22-16:20:37  271.0302    0.1243  165.6539   93.8112     6839.0613     6836.1944     6841.9282 -87.448588  42.785561   0.000411  -0.000084
1 46596U 20061BK  23082.72397399  .00056838  00000-0  16595-2 0  9991 | 2 46596  97.3540 154.9698 0004288 190.4772 169.6382 15.35114468135208 | 2023/03/23-17:22:31  286.4881    0.1242  169.6470   93.8041     6838.7175     6835.7851     6841.6500 -88.210990  41.190079   0.000415  -0.000108
1 46596U 20061BK  23083.76684469  .00084776  00000-0  24488-2 0  9995 | 2 46596  97.3532 156.0101 0004362 188.4020 171.7152 15.35322288135364 | 2023/03/24-18:24:15  301.9073    0.1244  171.7224   93.7914     6838.1004     6835.1176     6841.0832 -88.943552  39.581436   0.000420  -0.000117
1 46596U 20061BK  23085.13545761  .00056595  00000-0  16333-2 0  9997 | 2 46596  97.3530 157.3759 0004472 183.8257 176.2953 15.35481315135577 | 2023/03/26-03:15:03   74.5873    0.1243  176.2986   93.7817     6837.6282     6834.5704     6840.6860 -89.861540  37.450104   0.000423  -0.000144
1 46596U 20061BK  23086.50393522  .00050074  00000-0  14403-2 0  9997 | 2 46596  97.3531 158.7423 0004552 181.0985 179.0249 15.35618132135789 | 2023/03/27-12:05:40  207.2193    0.1243  179.0258   93.7733     6837.2221     6834.1098     6840.3344 -90.729113  35.296660   0.000427  -0.000157
1 46596U 20061BK  23087.74196827  .00057258  00000-0  16376-2 0  9995 | 2 46596  97.3532 159.9785 0004507 178.9197 181.2057 15.35760906135974 | 2023/03/28-17:48:26  292.8933    0.1243  181.2046   93.7646     6836.7983     6833.7170     6839.8797 -91.469583  33.331081   0.000420  -0.000162
1 46596U 20061BK  23089.50106061  .00071632  00000-0  20290-2 0  9994 | 2 46596  97.3529 161.7351 0004555 173.9868 186.1431 15.35996138136242 | 2023/03/30-12:01:31  206.1393    0.1243  186.1375   93.7502     6836.1003     6832.9864     6839.2141 -92.448033  30.511447   0.000415  -0.000187
1 46596U 20061BK  23090.60849158  .00080415  00000-0  22627-2 0  9993 | 2 46596  97.3530 162.8415 0004485 171.3954 188.7367 15.36164508136411 | 2023/03/31-14:36:13  244.7974    0.1243  188.7289   93.7400     6835.6008     6832.5350     6838.6665 -93.020042  28.720698   0.000404  -0.000195
1 46596U 20061BK  23091.71581240  .00065221  00000-0  18312-2 0  9995 | 2 46596  97.3530 163.9482 0004547 168.3988 191.7362 15.36301612136585 | 2023/04/01-17:10:46  283.4147    0.1244  191.7256   93.7316     6835.1941     6832.0861     6838.3020 -93.557411  26.918718   0.000403  -0.000211
1 46596U 20061BK  23092.75790595  .00062468  00000-0  17472-2 0  9991 | 2 46596  97.3527 164.9894 0004538 166.2662 193.8706 15.36434036136745 | 2023/04/02-18:11:23  298.5525    0.1243  193.8581   93.7235     6834.8013     6831.6997     6837.9030 -94.030824  25.214129   0.000398  -0.000218
1 46596U 20061BK  23094.19064814  .00062375  00000-0  17349-2 0  9999 | 2 46596  97.3525 166.4209 0004765 161.3731 198.7688 15.36607758136965 | 2023/04/04-04:34:31   94.3153    0.1243  198.7512   93.7129     6834.2862     6831.0296     6837.5427 -94.631177  22.857155   0.000403  -0.000254
1 46596U 20061BK  23095.75345971  .00054369  00000-0  15059-2 0  9998 | 2 46596  97.3522 167.9841 0004580 159.0679 201.0754 15.36777760137201 | 2023/04/05-18:04:58  296.9032    0.1244  201.0565   93.7026     6833.7822     6830.6523     6836.9120 -95.219200  20.267085   0.000384  -0.000249
1 46596U 20061BK  23096.92545263  .00051190  00000-0  14127-2 0  9998 | 2 46596  97.3518 169.1559 0004655 155.8703 204.2761 15.36906396137382 | 2023/04/06-22:12:39  358.8009    0.1245  204.2542   93.6947     6833.4008     6830.2199     6836.5818 -95.613363  18.315506   0.000381  -0.000267
1 46596U 20061BK  23098.16245068  .00049734  00000-0  13670-2 0  9999 | 2 46596  97.3512 170.3931 0004656 153.6311 206.5171 15.37038911137577 | 2023/04/08-03:53:55   84.1005    0.1244  206.4933   93.6866     6833.0081     6829.8266     6836.1895 -95.985942  16.246697   0.000377  -0.000274
1 46596U 20061BK  23099.92011603  .00048228  00000-0  13186-2 0  9999 | 2 46596  97.3510 172.1517 0004656 148.3973 211.7552 15.37211983137843 | 2023/04/09-22:04:58  356.8295    0.1244  211.7271   93.6761     6832.4952     6829.3140     6835.6764 -96.439121  13.293349   0.000360  -0.000296
1 46596U 20061BK  23101.15686231  .00047216  00000-0  12851-2 0  9997 | 2 46596  97.3505 173.3891 0004593 146.5561 213.5975 15.37357906138035 | 2023/04/11-03:45:52   82.0387    0.1245  213.5684   93.6672     6832.0628     6828.9249     6835.2008 -96.703205  11.207586   0.000352  -0.000296
1 46596U 20061BK  23102.19824463  .00046002  00000-0  12475-2 0  9997 | 2 46596  97.3506 174.4318 0004654 143.6236 216.5326 15.37477167138199 | 2023/04/12-04:45:28   96.9175    0.1245  216.5009   93.6599     6831.7095     6828.5300     6834.8890 -96.891242   9.445979   0.000346  -0.000311
1 46596U 20061BK  23104.15062926  .00060020  00000-0  16126-2 0  9996 | 2 46596  97.3504 176.3859 0004539 139.1957 220.9629 15.37696405138496 | 2023/04/14-03:36:54   79.7438    0.1245  220.9288   93.6466     6831.0601     6827.9595     6834.1608 -97.156794   6.136592   0.000324  -0.000318
1 46596U 20061BK  23105.19177745  .00064334  00000-0  17195-2 0  9996 | 2 46596  97.3506 177.4284 0004541 136.8107 223.3495 15.37838051138657 | 2023/04/15-04:36:09   94.5393    0.1245  223.3138   93.6379     6830.6407     6827.5389     6833.7425 -97.252561   4.367909   0.000317  -0.000325
1 46596U 20061BK  23106.42801422  .00067768  00000-0  18005-2 0  9994 | 2 46596  97.3509 178.6667 0004385 134.0853 226.0753 15.38007440138841 | 2023/04/16-10:16:20  179.5643    0.1244  226.0391   93.6276     6830.1391     6827.1441     6833.1341 -97.324543   2.265197   0.000298  -0.000322
1 46596U 20061BK  23107.72916466  .00072885  00000-0  19235-2 0  9995 | 2 46596  97.3509 179.9702 0004286 130.8927 229.2690 15.38192049139049 | 2023/04/17-17:29:59  287.9563    0.1245  229.2318   93.6164     6829.5926     6826.6655     6832.5198 -97.350887   0.050633   0.000280  -0.000324
1 46596U 20061BK  23109.42043940  .00076271  00000-0  19974-2 0  9995 | 2 46596  97.3508 181.6648 0004117 128.4934 231.6681 15.38415510139308 | 2023/04/19-10:05:25  176.7878    0.1245  231.6311   93.6028     6828.9313     6826.1198     6831.7427 -97.309708  -2.828250   0.000266  -0.000315
1 46596U 20061BK  23110.91636063  .00059048  00000-0  15410-2 0  9999 | 2 46596  97.3501 183.1641 0004154 125.0714 235.0922 15.38601013139537 | 2023/04/20-21:59:33  355.2925    0.1246  235.0532   93.5915     6828.3824     6825.5459     6831.2189 -97.201694  -5.373326   0.000257  -0.000326
1 46596U 20061BK  23112.15199262  .00058533  00000-0  15204-2 0  9991 | 2 46596  97.3496 184.4027 0003923 122.9586 237.2037 15.38749194139723 | 2023/04/22-03:38:52   80.1006    0.1245  237.1659   93.5825     6827.9440     6825.2654     6830.6226 -97.062335  -7.473141   0.000238  -0.000312
1 46596U 20061BK  23113.64759807  .00061562  00000-0  15891-2 0  9991 | 2 46596  97.3492 185.9030 0003885 118.9418 241.2218 15.38927396139958 | 2023/04/23-15:32:32  258.4911    0.1246  241.1828   93.5717     6827.4169     6824.7644     6830.0693 -96.832999 -10.011841   0.000222  -0.000319
1 46596U 20061BK  23115.14296413  .00056955  00000-0  14573-2 0  9993 | 2 46596  97.3490 187.4027 0003812 116.0931 244.0707 15.39219813140188 | 2023/04/25-03:25:52   76.7969    0.1245  244.0314   93.5539     6826.5521     6823.9499     6829.1544 -96.537605 -12.542672   0.000210  -0.000318
1 46596U 20061BK  23116.44312636  .00047655  00000-0  12168-2 0  9998 | 2 46596  97.3489 188.7075 0003711 113.4462 246.7174 15.39329851140384 | 2023/04/26-10:38:06  184.8322    0.1245  246.6783   93.5472     6826.2268     6823.6936     6828.7600 -96.226864 -14.737671   0.000197  -0.000314
1 46596U 20061BK  23118.19817294  .00051757  00000-0  13126-2 0  9995 | 2 46596  97.3499 190.4695 0003637 111.2530 248.9105 15.39517418140658 | 2023/04/28-04:45:22   96.6169    0.1246  248.8716   93.5358     6825.6723     6823.1898     6828.1548 -95.729197 -17.689654   0.000191  -0.000309
1 46596U 20061BK  23119.49806564  .00054615  00000-0  13781-2 0  9990 | 2 46596  97.3503 191.7748 0003551 107.9247 252.2386 15.39658139140856 | 2023/04/29-11:57:12  204.5545    0.1246  252.1999   93.5273     6825.2564     6822.8328     6827.6801 -95.301781 -19.865838   0.000176  -0.000308
1 46596U 20061BK  23120.73285140  .00049362  00000-0  12411-2 0  9992 | 2 46596  97.3500 193.0141 0003390 104.5779 255.5843 15.39793909141040 | 2023/04/30-17:35:18  289.0562    0.1246  255.5467   93.5190     6824.8552     6822.5416     6827.1688 -94.849534 -21.922327   0.000157  -0.000300
1 46596U 20061BK  23121.77259443  .00046743  00000-0  11720-2 0  9996 | 2 46596  97.3497 194.0575 0003294 102.8670 257.2945 15.39892330141209 | 2023/05/01-18:32:32  303.3458    0.1247  257.2577   93.5130     6824.5644     6822.3164     6826.8124 -94.434315 -23.645807   0.000149  -0.000294
1 46596U 20061BK  23123.20212366  .00046292  00000-0  11551-2 0  9990 | 2 46596  97.3497 195.4933 0003164 100.7148 259.4454 15.40042248141425 | 2023/05/03-04:51:03   97.9508    0.1246  259.4098   93.5039     6824.1215     6821.9624     6826.2807 -93.812177 -26.004606   0.000140  -0.000284
1 46596U 20061BK  23124.76145501  .00051739  00000-0  12829-2 0  9999 | 2 46596  97.3493 197.0599 0002938  96.4629 263.6952 15.40207912141667 | 2023/05/04-18:16:29  299.2826    0.1246  263.6617   93.4939     6823.6322     6821.6274     6825.6370 -93.065792 -28.559492   0.000117  -0.000269
1 46596U 20061BK  23125.80091386  .00055766  00000-0  13767-2 0  9992 | 2 46596  97.3491 198.1039 0002828  93.3119 266.8451 15.40322684141825 | 2023/05/05-19:13:18  313.4694    0.1246  266.8127   93.4869     6823.2932     6821.3636     6825.2228 -92.529792 -30.250369   0.000103  -0.000263
1 46596U 20061BK  23127.10011825  .00071622  00000-0  17538-2 0  9996 | 2 46596  97.3485 199.4088 0002587  90.5364 269.6178 15.40498251142023 | 2023/05/07-02:24:10   61.1614    0.1246  269.5882   93.4763     6822.7748     6821.0097     6824.5398 -91.816343 -32.349490   0.000088  -0.000243
1 46596U 20061BK  23128.78887410  .00068366  00000-0  16636-2 0  9991 | 2 46596  97.3478 201.1077 0002501  86.1102 274.0430 15.40703924142286 | 2023/05/08-18:55:58  309.0802    0.1246  274.0144   93.4638     6822.1676     6820.4613     6823.8738 -90.816264 -35.057102   0.000074  -0.000239
1 46596U 20061BK  23130.15269629  .00072513  00000-0  17530-2 0  9994 | 2 46596  97.3476 202.4792 0002262  82.3341 277.8163 15.40884405142490 | 2023/05/10-03:39:52   80.0317    0.1247  277.7906   93.4528     6821.6348     6820.0918     6823.1779 -89.950973 -37.220661   0.000058  -0.000219
1 46596U 20061BK  23131.19168859  .00059611  00000-0  14369-2 0  9993 | 2 46596  97.3475 203.5242 0002163  78.3307 281.8182 15.41031108142657 | 2023/05/11-04:36:01   94.0495    0.1246  281.7939   93.4439     6821.2019     6819.7265     6822.6773 -89.257102 -38.854928   0.000044  -0.000212
1 46596U 20061BK  23132.75000336  .00072694  00000-0  17373-2 0  9995 | 2 46596  97.3478 205.0917 0001937  69.4657 290.6798 15.41232361142894 | 2023/05/12-18:00:00  295.0147    0.1247  290.6590   93.4317     6820.6081     6819.2869     6821.9292 -88.161111 -41.282110   0.000015  -0.000193
1 46596U 20061BK  23133.78876507  .00056711  00000-0  13528-2 0  9990 | 2 46596  97.3481 206.1372 0001833  67.5038 292.6403 15.41361244143059 | 2023/05/13-18:55:49  308.9486    0.1247  292.6209   93.4239     6820.2279     6818.9777     6821.4780 -87.393454 -42.883993   0.000012  -0.000183
1 46596U 20061BK  23134.95727046  .00054618  00000-0  12973-2 0  9990 | 2 46596  97.3483 207.3132 0001577  63.1633 296.9775 15.41501270143230 | 2023/05/14-22:58:28    9.5896    0.1247  296.9614   93.4154     6819.8148     6818.7394     6820.8903 -86.495088 -44.668683   0.000001  -0.000158
1 46596U 20061BK  23136.19058448  .00055846  00000-0  13202-2 0  9991 | 2 46596  97.3485 208.5546 0001463  58.7103 301.4287 15.41638518143427 | 2023/05/16-04:34:26   93.5587    0.1247  301.4144   93.4071     6819.4101     6818.4124     6820.4077 -85.507224 -46.532195  -0.000007  -0.000146
1 46596U 20061BK  23137.74830944  .00044415  00000-0  10468-2 0  9993 | 2 46596  97.3487 210.1236 0001408  46.5201 313.6162 15.41786261143669 | 2023/05/17-17:57:33  294.3087    0.1246  313.6045   93.3982     6818.9744     6818.0143     6819.9345 -84.201250 -48.856105  -0.000033  -0.000137
1 46596U 20061BK  23138.91650671  .00042720  00000-0  10037-2 0  9999 | 2 46596  97.3484 211.2994 0001222  44.8936 315.2410 15.41889651143840 | 2023/05/18-21:59:46  354.8371    0.1247  315.2311   93.3919     6818.6696     6817.8363     6819.5028 -83.180730 -50.573483  -0.000029  -0.000119
1 46596U 20061BK  23140.14951394  .00064043  00000-0  14928-2 0  9998 | 2 46596  97.3479 212.5412 0001145  33.1252 327.0066 15.42025679144032 | 2023/05/20-03:35:18   78.6960    0.1247  326.9995   93.3837     6818.2686     6817.4879     6819.0493 -82.064754 -52.364013  -0.000047  -0.000104
1 46596U 20061BK  23141.18772956  .00063964  00000-0  14828-2 0  9998 | 2 46596  97.3475 213.5873 0000887  31.9577 328.1723 15.42191217144199 | 2023/05/21-04:30:19   92.4326    0.1246  328.1669   93.3736     6817.7806     6817.1759     6818.3854 -81.094739 -53.853310  -0.000037  -0.000081
1 46596U 20061BK  23142.42048972  .00082832  00000-0  19052-2 0  9999 | 2 46596  97.3472 214.8300 0000774  12.6615 347.4652 15.42344241144382 | 2023/05/22-10:05:30  176.2020    0.1248  347.4633   93.3644     6817.3297     6816.8020     6817.8574 -79.907476 -55.599215  -0.000052  -0.000057
1 46596U 20061BK  23143.65312879  .00056682  00000-0  13027-2 0  9995 | 2 46596  97.3468 216.0726 0000727   2.6833 357.4418 15.42484047144573 | 2023/05/23-15:40:30  259.9260    0.1247  357.4414   93.3559     6816.9177     6816.4222     6817.4133 -78.682650 -57.318759  -0.000057  -0.000046
1 46596U 20061BK  23146.18295620  .00046388  00000-0  10587-2 0  9990 | 2 46596  97.3468 218.6226 0000592 325.3058  34.8151 15.42743496144969 | 2023/05/26-04:23:27   90.6115    0.1248   34.8190   93.3402     6816.1534     6815.7499     6816.5570 -76.054556 -60.762686  -0.000059  -0.000004
1 46596U 20061BK  23147.48014590  .00044182  00000-0  10049-2 0  9992 | 2 46596  97.3470 219.9308 0000673 309.2412  50.8776 15.42857685145162 | 2023/05/27-11:31:24  197.5723    0.1248   50.8836   93.3333     6815.8171     6815.3584     6816.2758 -74.647648 -62.483334  -0.000066   0.000013
1 46596U 20061BK  23148.71238491  .00052393  00000-0  11852-2 0  9993 | 2 46596  97.3471 221.1736 0000708 292.1941  67.9232 15.42979314145350 | 2023/05/28-17:05:50  281.1516    0.1248   67.9307   93.3259     6815.4589     6814.9764     6815.9415 -73.274947 -64.087753  -0.000063   0.000032
1 46596U 20061BK  23149.74998125  .00048478  00000-0  10935-2 0  9994 | 2 46596  97.3471 222.2201 0000823 283.4114  76.7042 15.43083665145513 | 2023/05/29-17:59:58  294.6642    0.1248   76.7134   93.3196     6815.1517     6814.5908     6815.7126 -72.092235 -65.415346  -0.000068   0.000046
1 46596U 20061BK  23151.17656079  .00055308  00000-0  12399-2 0  9999 | 2 46596  97.3476 223.6593 0000987 269.5143  90.5992 15.43235237145731 | 2023/05/31-04:14:14   88.2018    0.1248   90.6105   93.3105     6814.7054     6814.0328     6815.3780 -70.426874 -67.205734  -0.000068   0.000072
1 46596U 20061BK  23152.21398235  .00060318  00000-0  13457-2 0  9995 | 2 46596  97.3476 224.7063 0001106 263.6922  96.4200 15.43355923145898 | 2023/06/01-05:08:08  101.6504    0.1248   96.4326   93.3032     6814.3502     6813.5965     6815.1038 -69.187093 -68.481394  -0.000069   0.000087
1 46596U 20061BK  23153.51064159  .00054154  00000-0  12033-2 0  9994 | 2 46596  97.3475 226.0152 0001285 260.2782  99.8321 15.43505225146092 | 2023/06/02-12:15:19  208.4188    0.1248   99.8466   93.2941     6813.9107     6813.0351     6814.7863 -67.604676 -70.043869  -0.000076   0.000104
1 46596U 20061BK  23154.74235853  .00055191  00000-0  12208-2 0  9997 | 2 46596  97.3474 227.2585 0001461 256.6501 103.4584 15.43634760146289 | 2023/06/03-17:48:59  291.8094    0.1248  103.4747   93.2863     6813.5295     6812.5341     6814.5250 -66.068882 -71.494189  -0.000082   0.000121
1 46596U 20061BK  23155.77951561  .00052478  00000-0  11572-2 0  9990 | 2 46596  97.3471 228.3057 0001572 250.6925 109.4153 15.43739936146446 | 2023/06/04-18:42:30  305.1618    0.1248  109.4323   93.2800     6813.2200     6812.1490     6814.2911 -64.751015 -72.689504  -0.000076   0.000137
1 46596U 20061BK  23156.88141251  .00049647  00000-0  10908-2 0  9996 | 2 46596  97.3467 229.4184 0001758 246.4380 113.6683 15.43861166146613 | 2023/06/05-21:09:14  341.8195    0.1247  113.6867   93.2726     6812.8634     6811.6657     6814.0611 -63.326983 -73.932897  -0.000077   0.000158
1 46596U 20061BK  23158.43688187  .00055802  00000-0  12175-2 0  9991 | 2 46596  97.3460 230.9903 0001889 241.5720 118.5338 15.44039146146854 | 2023/06/07-10:29:06  181.7502    0.1248  118.5528   93.2619     6812.3398     6811.0530     6813.6267 -61.274630 -75.641678  -0.000072   0.000174
1 46596U 20061BK  23159.92737257  .00062376  00000-0  13516-2 0  9993 | 2 46596  97.3457 232.4960 0002070 237.6188 122.4860 15.44213315147089 | 2023/06/08-22:15:24  358.2913    0.1248  122.5060   93.2514     6811.8276     6810.4175     6813.2376 -59.265699 -77.225399  -0.000071   0.000194
1 46596U 20061BK  23161.15852019  .00058602  00000-0  12644-2 0  9993 | 2 46596  97.3460 233.7399 0002286 234.2258 125.8778 15.44356708147273 | 2023/06/10-03:48:16   81.4752    0.1248  125.8990   93.2427     6811.4059     6809.8488     6812.9630 -57.575467 -78.494008  -0.000071   0.000217
1 46596U 20061BK  23162.19518999  .00059721  00000-0  12831-2 0  9995 | 2 46596  97.3464 234.7879 0002400 233.6295 126.4733 15.44476871147433 | 2023/06/11-04:41:04   94.6509    0.1249  126.4954   93.2355     6811.0526     6809.4180     6812.6873 -56.130409 -79.534262  -0.000076   0.000228
1 46596U 20061BK  23163.42612916  .00062902  00000-0  13443-2 0  9991 | 2 46596  97.3467 236.0327 0002509 231.0331 129.0695 15.44619389147622 | 2023/06/12-10:13:37  177.7577    0.1249  129.0918   93.2268     6810.6337     6808.9249     6812.3424 -54.389515 -80.735126  -0.000074   0.000240
1 46596U 20061BK  23165.43425459  .00060743  00000-0  12882-2 0  9995 | 2 46596  97.3467 238.0632 0002688 225.0906 135.0125 15.44855999147930 | 2023/06/14-10:25:19  180.6312    0.1249  135.0343   93.2126     6809.9382     6808.1077     6811.7687 -51.494798 -82.611535  -0.000061   0.000262
1 46596U 20061BK  23166.66489435  .00058476  00000-0  12349-2 0  9993 | 2 46596  97.3468 239.3079 0002784 222.0134 138.0901 15.44990581148121 | 2023/06/15-15:57:26  263.6294    0.1248  138.1114   93.2045     6809.5427     6807.6470     6811.4385 -49.688178 -83.710719  -0.000055   0.000273
1 46596U 20061BK  23167.76587958  .00073043  00000-0  15296-2 0  9995 | 2 46596  97.3465 240.4215 0002930 221.0233 139.0796 15.45174282148299 | 2023/06/16-18:22:51  299.9562    0.1249  139.1016   93.1934     6809.0030     6807.0080     6810.9981 -48.051747 -84.660325  -0.000058   0.000287
1 46596U 20061BK  23169.44952332  .00059900  00000-0  12479-2 0  9990 | 2 46596  97.3464 242.1256 0003065 217.0223 143.0815 15.45383505148552 | 2023/06/18-10:47:18  186.0224    0.1249  143.1026   93.1808     6808.3885     6806.3017     6810.4752 -45.512839 -86.051746  -0.000049   0.000303
1 46596U 20061BK  23171.13293831  .00065417  00000-0  13515-2 0  9993 | 2 46596  97.3462 243.8293 0003272 214.6348 145.4688 15.45604171148818 | 2023/06/20-03:11:25   72.0076    0.1248  145.4900   93.1675     6807.7404     6805.5129     6809.9679 -42.934245 -87.366660  -0.000048   0.000324
1 46596U 20061BK  23172.42770445  .00070921  00000-0  14553-2 0  9996 | 2 46596  97.3456 245.1409 0003400 211.4471 148.6576 15.45779094149011 | 2023/06/21-10:15:53  178.0869    0.1250  148.6779   93.1569     6807.2268     6804.9124     6809.5413 -40.922944 -88.325979  -0.000039   0.000338
1 46596U 20061BK  23173.46341195  .00066172  00000-0  13524-2 0  9997 | 2 46596  97.3454 246.1902 0003466 209.0411 151.0646 15.45917255149173 | 2023/06/22-11:07:18  190.9121    0.1249  151.0838   93.1486     6806.8212     6804.4620     6809.1805 -39.298512 -89.060394  -0.000032   0.000345
1 46596U 20061BK  23175.14622443  .00072366  00000-0  14648-2 0  9992 | 2 46596  97.3450 247.8949 0003621 205.6466 154.4605 15.46172339149431 | 2023/06/24-03:30:33   76.6772    0.1250  154.4784   93.1332     6806.0726     6803.6081     6808.5370 -36.631579 -90.189669  -0.000022   0.000361
1 46596U 20061BK  23176.18166584  .00089480  00000-0  17969-2 0  9990 | 2 46596  97.3451 248.9444 0003661 204.3133 155.7944 15.46333596149596 | 2023/06/25-04:21:35   89.4066    0.1249  155.8116   93.1235     6805.5994     6803.1079     6808.0909 -34.973537 -90.845584  -0.000021   0.000366
1 46596U 20061BK  23178.12282628  .00066051  00000-0  13178-2 0  9991 | 2 46596  97.3452 250.9120 0003797 200.5278 159.5820 15.46620928149895 | 2023/06/27-02:56:52   68.1679    0.1250  159.5972   93.1062     6804.7565     6802.1727     6807.3402 -31.833826 -91.992910  -0.000010   0.000380
1 46596U 20061BK  23179.15797177  .00061616  00000-0  12244-2 0  9990 | 2 46596  97.3453 251.9616 0003859 199.4303 160.6800 15.46756796150055 | 2023/06/28-03:47:28   80.7905    0.1249  160.6946   93.0980     6804.3580     6801.7322     6806.9838 -30.143394 -92.560700  -0.000009   0.000386
1 46596U 20061BK  23180.19302998  .00060767  00000-0  12023-2 0  9990 | 2 46596  97.3457 253.0112 0003922 197.1764 162.9353 15.46886664150214 | 2023/06/29-04:37:57   93.3807    0.1249  162.9485   93.0902     6803.9771     6801.3086     6806.6456 -28.442930 -93.097718  -0.000001   0.000392
1 46596U 20061BK  23181.61608896  .00058090  00000-0  11426-2 0  9996 | 2 46596  97.3461 254.4548 0003899 195.3834 164.7298 15.47069458150435 | 2023/06/30-14:47:10  245.6394    0.1250  164.7416   93.0792     6803.4412     6800.7885     6806.0938 -26.088608 -93.785115   0.000001   0.000390
1 46596U 20061BK  23182.78029082  .00051044  00000-0  10007-2 0  9995 | 2 46596  97.3459 255.6362 0004038 192.8703 167.2445 15.47197182150610 | 2023/07/01-18:43:37  304.7166    0.1250  167.2547   93.0715     6803.0667     6800.3197     6805.8138 -24.149364 -94.302876   0.000011   0.000404
1 46596U 20061BK  23183.94439775  .00056424  00000-0  11001-2 0  9990 | 2 46596  97.3460 256.8174 0004137 190.4378 169.6787 15.47331556150797 | 2023/07/02-22:39:55    3.7596    0.1250  169.6872   93.0634     6802.6729     6799.8586     6805.4871 -22.200261 -94.780758   0.000020   0.000413
1 46596U 20061BK  23185.10839766  .00059347  00000-0  11508-2 0  9993 | 2 46596  97.3454 257.9992 0004229 187.9869 172.1314 15.47476239150971 | 2023/07/04-02:36:05   62.7632    0.1249  172.1380   93.0547     6802.2488     6799.3722     6805.1255 -20.240576 -95.217887   0.000030   0.000422
1 46596U 20061BK  23186.46626215  .00061103  00000-0  11779-2 0  9999 | 2 46596  97.3448 259.3785 0004208 183.5231 176.5990 15.47639164151182 | 2023/07/05-11:11:25  191.5497    0.1250  176.6019   93.0449     6801.7714     6798.9092     6804.6336 -17.942611 -95.676919   0.000052   0.000418
1 46596U 20061BK  23187.63005807  .00056483  00000-0  10861-2 0  9993 | 2 46596  97.3444 260.5607 0004190 181.0545 179.0697 15.47732623151362 | 2023/07/06-15:07:17  250.4791    0.1250  179.0705   93.0393     6801.4976     6798.6478     6804.3474 -15.964737 -96.026347   0.000061   0.000415
1 46596U 20061BK  23188.72912203  .00053402  00000-0  10234-2 0  9993 | 2 46596  97.3441 261.6768 0004431 177.2995 182.8280 15.47842932151537 | 2023/07/07-17:29:56  286.1060    0.1250  182.8255   93.0327     6801.1745     6798.1609     6804.1881 -14.091227 -96.318799   0.000085   0.000435
1 46596U 20061BK  23190.47450965  .00055044  00000-0  10472-2 0  9998 | 2 46596  97.3437 263.4501 0004389 173.1000 187.0312 15.48046225151806 | 2023/07/09-11:23:17  194.3888    0.1250  187.0250   93.0205     6800.5790     6797.5942     6803.5638 -11.103849 -96.708327   0.000102   0.000427
1 46596U 20061BK  23192.15503638  .00061003  00000-0  11511-2 0  9998 | 2 46596  97.3441 265.1570 0004338 171.3038 188.8288 15.48256542152066 | 2023/07/11-03:43:15   79.3266    0.1250  188.8212   93.0078     6799.9631     6797.0133     6802.9130  -8.218342 -96.996560   0.000102   0.000422
1 46596U 20061BK  23193.77069216  .00075968  00000-0  14183-2 0  9999 | 2 46596  97.3442 266.7992 0004170 168.8090 191.3255 15.48500697152319 | 2023/07/12-18:29:47  300.9110    0.1251  191.3161   92.9932     6799.2483     6796.4131     6802.0836  -5.435257 -97.192342   0.000104   0.000404
1 46596U 20061BK  23195.70913639  .00091396  00000-0  16844-2 0  9990 | 2 46596  97.3451 268.7699 0003986 167.6434 192.4915 15.48811117152618 | 2023/07/14-17:01:09  278.6905    0.1250  192.4816   92.9745     6798.3398     6795.6300     6801.0496  -2.089770 -97.322666   0.000094   0.000387
1 46596U 20061BK  23196.80739612  .00081641  00000-0  14958-2 0  9995 | 2 46596  97.3453 269.8869 0003960 167.4778 192.6572 15.49018859152784 | 2023/07/15-19:22:39  314.0294    0.1251  192.6473   92.9621     6797.7320     6795.0401     6800.4239  -0.192156 -97.345110   0.000087   0.000386
1 46596U 20061BK  23197.84092807  .00081559  00000-0  14854-2 0  9991 | 2 46596  97.3448 270.9387 0003820 166.4850 193.6504 15.49190729152942 | 2023/07/16-20:10:56  326.0674    0.1251  193.6401   92.9518     6797.2292     6794.6327     6799.8258   1.594768 -97.331736   0.000083   0.000373
1 46596U 20061BK  23199.19724293  .00115548  00000-0  20735-2 0  9993 | 2 46596  97.3447 272.3192 0003713 165.1054 195.0307 15.49481872153157 | 2023/07/18-04:44:01   94.2964    0.1251  195.0197   92.9343     6796.3777     6793.8542     6798.9012   3.939211 -97.264964   0.000081   0.000362
1 46596U 20061BK  23200.87615572  .00094875  00000-0  16891-2 0  9997 | 2 46596  97.3442 274.0292 0003529 165.8755 194.2595 15.49788212153419 | 2023/07/19-21:01:39  338.6509    0.1250  194.2495   92.9159     6795.4821     6793.0840     6797.8802   6.839877 -97.103601   0.000062   0.000347
1 46596U 20061BK  23202.81296377  .00100458  00000-0  17649-2 0  9998 | 2 46596  97.3438 276.0025 0003292 166.4809 193.6532 15.50145331153712 | 2023/07/21-19:30:40  315.8384    0.1252  193.6443   92.8945     6794.4384     6792.2016     6796.6751  10.179422 -96.810096   0.000043   0.000326
1 46596U 20061BK  23205.52368725  .00090368  00000-0  15600-2 0  9999 | 2 46596  97.3433 278.7661 0003102 167.3848 192.7482 15.50683599154139 | 2023/07/24-12:34:06  211.6082    0.1252  192.7404   92.8623     6792.8660     6790.7588     6794.9731  14.835227 -96.206206   0.000021   0.000310
1 46596U 20061BK  23206.55610002  .00101269  00000-0  17332-2 0  9998 | 2 46596  97.3435 279.8190 0002969 168.3368 191.7953 15.50885137154299 | 2023/07/25-13:20:47  223.2424    0.1251  191.7883   92.8502     6792.2775     6790.2608     6794.2941  16.600597 -95.917554   0.000010   0.000297
1 46596U 20061BK  23207.58836994  .00126464  00000-0  21389-2 0  9993 | 2 46596  97.3436 280.8721 0002825 169.1582 190.9731 15.51125355154453 | 2023/07/26-14:07:15  234.8247    0.1251  190.9669   92.8358     6791.5762     6789.6576     6793.4948  18.360683 -95.596348  -0.000000   0.000282
1 46596U 20061BK  23209.00748342  .00101053  00000-0  16966-2 0  9993 | 2 46596  97.3440 282.3201 0002728 170.2390 189.8916 15.51428973154678 | 2023/07/28-00:10:46   25.6570    0.1252  189.8862   92.8177     6790.6901     6788.8376     6792.5426  20.770594 -95.102244  -0.000012   0.000273
1 46596U 20061BK  23210.10388904  .00096774  00000-0  16129-2 0  9994 | 2 46596  97.3441 283.4393 0002664 170.5658 189.5645 15.51651717154841 | 2023/07/29-02:29:36   60.3248    0.1252  189.5594   92.8043     6790.0402     6788.2313     6791.8490  22.624238 -94.678496  -0.000019   0.000266
1 46596U 20061BK  23211.26461491  .00095523  00000-0  15785-2 0  9993 | 2 46596  97.3447 284.6251 0002559 174.6503 185.4778 15.51896674155026 | 2023/07/30-06:21:02  118.1466    0.1253  185.4750   92.7897     6789.3256     6787.5883     6791.0630  24.578881 -94.190600  -0.000041   0.000253
1 46596U 20061BK  23213.00534652  .00109213  00000-0  17766-2 0  9990 | 2 46596  97.3443 286.4037 0002397 176.9780 183.1488 15.52285471155296 | 2023/08/01-00:07:41   24.7484    0.1253  183.1473   92.7664     6788.1919     6786.5648     6789.8191  27.490362 -93.381972  -0.000055   0.000233
1 46596U 20061BK  23215.13230866  .00131223  00000-0  20903-2 0  9999 | 2 46596  97.3438 288.5793 0002167 185.3516 174.7714 15.52790876155623 | 2023/08/03-03:10:31   70.3794    0.1253  174.7737   92.7362     6786.7189     6785.2482     6788.1896  31.015377 -92.270590  -0.000088   0.000198
1 46596U 20061BK  23216.16332336  .00093252  00000-0  14822-2 0  9990 | 2 46596  97.3432 289.6342 0002029 188.6521 171.4698 15.52993771155789 | 2023/08/04-03:55:11   81.5071    0.1253  171.4732   92.7241     6786.1278     6784.7509     6787.5047  32.708661 -91.683379  -0.000096   0.000179
1 46596U 20061BK  23217.19420902  .00125424  00000-0  19699-2 0  9995 | 2 46596  97.3429 290.6895 0002007 190.3257 169.7955 15.53205834155943 | 2023/08/05-04:39:39   92.5874    0.1253  169.7996   92.7115     6785.5101     6784.1482     6786.8719  34.391578 -91.065139  -0.000103   0.000172
1 46596U 20061BK  23218.74024143  .00114102  00000-0  17734-2 0  9993 | 2 46596  97.3427 292.2730 0001993 194.3465 165.7732 15.53538382156188 | 2023/08/06-17:45:56  289.1009    0.1253  165.7788   92.6916     6784.5417     6783.1895     6785.8939  36.894842 -90.079808  -0.000119   0.000160
1 46596U 20061BK  23220.15717662  .00121538  00000-0  18679-2 0  9996 | 2 46596  97.3425 293.7239 0002067 197.1650 162.9534 15.53821805156405 | 2023/08/08-03:46:20   79.1446    0.1253  162.9603   92.6747     6783.7167     6782.3145     6785.1189  39.163778 -89.116557  -0.000135   0.000156
1 46596U 20061BK  23221.63823469  .00096936  00000-0  14790-2 0  9996 | 2 46596  97.3426 295.2418 0002003 199.2706 160.8472 15.54113976156634 | 2023/08/09-15:19:03  252.2680    0.1253  160.8547   92.6573     6782.8664     6781.5078     6784.2250  41.510709 -88.047957  -0.000140   0.000143
1 46596U 20061BK  23222.92588241  .00104750  00000-0  15815-2 0  9998 | 2 46596  97.3431 296.5613 0002110 197.3712 162.7470 15.54374918156832 | 2023/08/10-22:13:16  355.7705    0.1254  162.7542   92.6417     6782.1073     6780.6762     6783.5383  43.527457 -87.069165  -0.000146   0.000152
1 46596U 20061BK  23224.59950977  .00104705  00000-0  15621-2 0  9997 | 2 46596  97.3429 298.2783 0002155 198.6327 161.4848 15.54702710157090 | 2023/08/12-14:23:17  238.2096    0.1253  161.4926   92.6222     6781.1540     6779.6926     6782.6153  46.116657 -85.725691  -0.000157   0.000147
1 46596U 20061BK  23225.75796722  .00098437  00000-0  14577-2 0  9995 | 2 46596  97.3429 299.4668 0002186 199.3342 160.7830 15.54930215157270 | 2023/08/13-18:11:28  295.2079    0.1254  160.7912   92.6087     6780.4925     6779.0103     6781.9747  47.884837 -84.750709  -0.000164   0.000144
1 46596U 20061BK  23227.43100716  .00102661  00000-0  15023-2 0  9996 | 2 46596  97.3428 301.1840 0002374 198.6614 161.4554 15.55239917157537 | 2023/08/15-10:20:39  177.4345    0.1254  161.4640   92.5902     6779.5923     6777.9828     6781.2018  50.402946 -83.277631  -0.000181   0.000153
1 46596U 20061BK  23228.97503457  .00120169  00000-0  17333-2 0  9994 | 2 46596  97.3420 302.7692 0002463 197.9536 162.1632 15.55570812157778 | 2023/08/16-23:24:02   13.2211    0.1254  162.1718   92.5705     6778.6309     6776.9613     6780.3004  52.686968 -81.850769  -0.000191   0.000156
1 46596U 20061BK  23230.13283264  .00100793  00000-0  14438-2 0  9990 | 2 46596  97.3422 303.9586 0002579 199.0848 161.0310 15.55829628157955 | 2023/08/18-03:11:16   69.9811    0.1254  161.0406   92.5551     6777.8791     6776.1311     6779.6271  54.374742 -80.739652  -0.000206   0.000155
1 46596U 20061BK  23231.16182221  .00109289  00000-0  15500-2 0  9995 | 2 46596  97.3416 305.0163 0002614 199.4835 160.6320 15.56069535158111 | 2023/08/19-03:53:01   80.3742    0.1254  160.6419   92.5409     6777.1824     6775.4108     6778.9540  55.855530 -79.721684  -0.000213   0.000152
1 46596U 20061BK  23232.19066291  .00114988  00000-0  16163-2 0  9995 | 2 46596  97.3412 306.0741 0002605 198.9999 161.1159 15.56292245158274 | 2023/08/20-04:34:33   90.7128    0.1255  161.1256   92.5276     6776.5358     6774.7705     6778.3011  57.317521 -78.676623  -0.000214   0.000149
1 46596U 20061BK  23234.50500193  .00126832  00000-0  17463-2 0  9991 | 2 46596  97.3410 308.4546 0002760 200.5493 159.5651 15.56810070158632 | 2023/08/22-12:07:12  203.7769    0.1254  159.5761   92.4968     6775.0331     6773.1632     6776.9030  60.535815 -76.227852  -0.000237   0.000142
1 46596U 20061BK  23236.43302521  .00113597  00000-0  15420-2 0  9995 | 2 46596  97.3407 310.4387 0002816 198.6446 161.4707 15.57240758158939 | 2023/08/24-10:23:33  177.7806    0.1256  161.4810   92.4713     6773.7838     6771.8763     6775.6913  63.138500 -74.086042  -0.000242   0.000145
1 46596U 20061BK  23237.52532874  .00108374  00000-0  14582-2 0  9997 | 2 46596  97.3411 311.5634 0002796 196.8256 163.2908 15.57496570159105 | 2023/08/25-12:36:28  210.9607    0.1256  163.3000   92.4561     6773.0421     6771.1484     6774.9358  64.580796 -72.832757  -0.000238   0.000147
1 46596U 20061BK  23238.74592895  .00127421  00000-0  16918-2 0  9990 | 2 46596  97.3410 312.8201 0002664 200.6989 159.4159 15.57787392159299 | 2023/08/26-17:54:08  290.3248    0.1255  159.4266   92.4388     6772.1991     6770.3950     6774.0032  66.162548 -71.398793  -0.000238   0.000119
1 46596U 20061BK  23239.77361934  .00117348  00000-0  15452-2 0  9991 | 2 46596  97.3411 313.8788 0002848 201.9094 158.2040 15.58044664159459 | 2023/08/27-18:34:00  300.2490    0.1255  158.2161   92.4235     6771.4536     6769.5251     6773.3821  67.470540 -70.164207  -0.000260   0.000117
1 46596U 20061BK  23241.18641795  .00116665  00000-0  15159-2 0  9990 | 2 46596  97.3412 315.3353 0002777 201.4096 158.7044 15.58403331159676 | 2023/08/29-04:28:26   88.7919    0.1256  158.7160   92.4023     6770.4146     6768.5344     6772.2947  69.232245 -68.426643  -0.000255   0.000110
1 46596U 20061BK  23242.21371069  .00116060  00000-0  14943-2 0  9998 | 2 46596  97.3405 316.3950 0002731 199.4707 160.6445 15.58649675159835 | 2023/08/30-05:07:44   98.5689    0.1256  160.6549   92.3877     6769.7012     6767.8524     6771.5500  70.485393 -67.134062  -0.000249   0.000112
1 46596U 20061BK  23244.20363536  .00128563  00000-0  16233-2 0  9994 | 2 46596  97.3397 318.4489 0002670 200.9534 159.1613 15.59125544160144 | 2023/09/01-04:53:14   94.8498    0.1256  159.1722   92.3595     6768.3236     6766.5165     6770.1308  72.845572 -64.564231  -0.000250   0.000094
1 46596U 20061BK  23245.67961906  .00130344  00000-0  16214-2 0  9990 | 2 46596  97.3387 319.9735 0002606 201.6937 158.4210 15.59515649160376 | 2023/09/02-16:18:39  266.1341    0.1257  158.4320   92.3364     6767.1949     6765.4313     6768.9584  74.536824 -62.602591  -0.000247   0.000082
1 46596U 20061BK  23246.96275009  .00137869  00000-0  16887-2 0  9990 | 2 46596  97.3385 321.2981 0002725 200.9856 159.1290 15.59898347160574 | 2023/09/03-23:06:21    8.0015    0.1257  159.1401   92.3137     6766.0880     6764.2443     6767.9318  75.963907 -60.862701  -0.000260   0.000083
1 46596U 20061BK  23248.43801733  .00123980  00000-0  15014-2 0  9993 | 2 46596  97.3382 322.8233 0002811 199.9485 160.1662 15.60245442160804 | 2023/09/05-10:30:44  179.0265    0.1256  160.1771   92.2932     6765.0845     6763.1828     6766.9862  77.556714 -58.819055  -0.000268   0.000083
1 46596U 20061BK  23250.42587710  .00147799  00000-0  17502-2 0  9999 | 2 46596  97.3379 324.8782 0002896 198.9284 161.1866 15.60753158161110 | 2023/09/07-10:13:15  174.5601    0.1257  161.1973   92.2631     6763.6173     6761.6586     6765.5760  79.615674 -56.000100  -0.000278   0.000081
1 46596U 20061BK  23251.77211864  .00132671  00000-0  15526-2 0  9999 | 2 46596  97.3383 326.2710 0002809 201.8969 158.2169 15.61113837161321 | 2023/09/08-18:31:51  299.1424    0.1257  158.2288   92.2418     6762.5755     6760.6759     6764.4751  80.953654 -54.048595  -0.000275   0.000058
1 46596U 20061BK  23253.18213020  .00138813  00000-0  15988-2 0  9998 | 2 46596  97.3385 327.7306 0002896 200.9850 159.1290 15.61508968161547 | 2023/09/10-04:22:16   86.6765    0.1258  159.1408   92.2185     6761.4346     6759.4765     6763.3927  82.304286 -51.969107  -0.000284   0.000057
1 46596U 20061BK  23254.46364416  .00150041  00000-0  17019-2 0  9990 | 2 46596  97.3387 329.0592 0002889 199.1018 161.0132 15.61869536161748 | 2023/09/11-11:07:38  187.9551    0.1258  161.0240   92.1972     6760.3940     6758.4409     6762.3470  83.487305 -50.046901  -0.000283   0.000059
1 46596U 20061BK  23255.74484295  .00183434  00000-0  20382-2 0  9999 | 2 46596  97.3385 330.3863 0002843 202.3749 157.7385 15.62294961161949 | 2023/09/12-17:52:34  289.1240    0.1257  157.7508   92.1721     6759.1666     6757.2450     6761.0883  84.623833 -48.099796  -0.000282   0.000036
1 46596U 20061BK  23256.76951046  .00201888  00000-0  22007-2 0  9995 | 2 46596  97.3385 331.4489 0002894 199.7824 160.3322 15.62730201162106 | 2023/09/13-18:28:05  297.9504    0.1258  160.3434   92.1464     6757.9116     6755.9558     6759.8673  85.501282 -46.522192  -0.000286   0.000044
1 46596U 20061BK  23258.17802937  .00182431  00000-0  19569-2 0  9997 | 2 46596  97.3377 332.9113 0003035 198.0921 162.0230 15.63206933162327 | 2023/09/15-04:16:21   84.9426    0.1258  162.0337   92.1183     6756.5375     6754.4869     6758.5881  86.660010 -44.324603  -0.000300   0.000047
1 46596U 20061BK  23259.20213861  .00172985  00000-0  18336-2 0  9998 | 2 46596  97.3379 333.9745 0003058 198.3909 161.7240 15.63543271162488 | 2023/09/16-04:51:04   93.5684    0.1259  161.7350   92.0985     6755.5685     6753.5027     6757.6344  87.467726 -42.709059  -0.000303   0.000041
1 46596U 20061BK  23260.73790348  .00267838  00000-0  27488-2 0  9998 | 2 46596  97.3367 335.5711 0002907 200.6601 159.4541 15.64067451162721 | 2023/09/17-17:42:34  286.3616    0.1259  159.4658   92.0676     6754.0591     6752.0957     6756.0225  88.622649 -40.254928  -0.000290   0.000019
1 46596U 20061BK  23261.76144001  .00243141  00000-0  24639-2 0  9997 | 2 46596  97.3371 336.6347 0003048 203.5614 156.5506 15.64468661162880 | 2023/09/18-18:16:28  294.7822    0.1259  156.5645   92.0440     6752.9043     6750.8460     6754.9626  89.354969 -38.603115  -0.000305  -0.000001
1 46596U 20061BK  23262.78465534  .00236169  00000-0  23463-2 0  9993 | 2 46596  97.3365 337.6995 0003059 199.1484 160.9661 15.64993949163042 | 2023/09/19-18:49:54  303.0809    0.1259  160.9775   92.0131     6751.3932     6749.3279     6753.4584  90.056353 -36.935720  -0.000305   0.000017
1 46596U 20061BK  23264.19109029  .00200966  00000-0  19610-2 0  9999 | 2 46596  97.3365 339.1636 0003239 201.3686 158.7439 15.65558298163268 | 2023/09/21-04:35:10   89.3216    0.1260  158.7574   91.9800     6749.7706     6747.5843     6751.9568  90.970682 -34.622669  -0.000324  -0.000003
1 46596U 20061BK  23265.21364112  .00198076  00000-0  19025-2 0  9997 | 2 46596  97.3367 340.2293 0003115 202.6660 157.4463 15.65965425163426 | 2023/09/22-05:07:38   97.3823    0.1260  157.4600   91.9561     6748.6006     6746.4984     6750.7028  91.599078 -32.924794  -0.000311  -0.000016
1 46596U 20061BK  23267.19399328  .00239995  00000-0  22092-2 0  9997 | 2 46596  97.3362 342.2936 0002958 203.1710 156.9418 15.66900231163736 | 2023/09/24-04:39:21   90.1962    0.1261  156.9551   91.9012     6745.9162     6743.9208     6747.9117  92.725142 -29.603781  -0.000294  -0.000028
1 46596U 20061BK  23268.47097143  .00301137  00000-0  26746-2 0  9997 | 2 46596  97.3359 343.6271 0002867 206.3099 153.8017 15.67603570163933 | 2023/09/25-11:18:11  189.8347    0.1261  153.8162   91.8600     6743.8983     6741.9648     6745.8318  93.388677 -27.437792  -0.000282  -0.000049
1 46596U 20061BK  23269.74733322  .00340007  00000-0  29116-2 0  9997 | 2 46596  97.3362 344.9614 0002674 208.2925 151.8191 15.68388747164138 | 2023/09/26-17:56:09  289.2487    0.1261  151.8336   91.8140     6741.6473     6739.8446     6743.4500  94.002556 -25.255797  -0.000260  -0.000061
1 46596U 20061BK  23270.76797178  .00266264  00000-0  22470-2 0  9998 | 2 46596  97.3362 346.0295 0002574 211.6149 148.4958 15.68969806164292 | 2023/09/27-18:25:52  296.6174    0.1261  148.5112   91.7800     6739.9827     6738.2479     6741.7176  94.457010 -23.499128  -0.000245  -0.000078
1 46596U 20061BK  23272.17079489  .00270738  00000-0  22179-2 0  9990 | 2 46596  97.3354 347.4991 0002333 218.3764 141.7333 15.69682344164519 | 2023/09/29-04:05:56   81.5478    0.1263  141.7499   91.7383     6737.9429     6736.3709     6739.5149  95.027831 -21.068729  -0.000210  -0.000102
1 46596U 20061BK  23273.19059000  .00273872  00000-0  21888-2 0  9998 | 2 46596  97.3351 348.5687 0002394 220.6883 139.4201 15.70273385164673 | 2023/09/30-04:34:26   88.6109    0.1262  139.4379   91.7038     6736.2520     6734.6394     6737.8647  95.404269 -19.291118  -0.000209  -0.000117
1 46596U 20061BK  23274.21000625  .00353684  00000-0  27256-2 0  9996 | 2 46596  97.3345 349.6382 0002542 221.5400 138.5670 15.70918969164832 | 2023/10/01-05:02:24   95.5374    0.1263  138.5863   91.6661     6734.4064     6732.6945     6736.1182  95.747131 -17.506909  -0.000217  -0.000132
1 46596U 20061BK  23275.48363751  .00374092  00000-0  27708-2 0  9996 | 2 46596  97.3334 350.9758 0002327 226.9171 133.1897 15.71812045165031 | 2023/10/02-11:36:26  193.9626    0.1262  133.2091   91.6140     6731.8552     6730.2887     6733.4217  96.128625 -15.266902  -0.000184  -0.000143
1 46596U 20061BK  23276.75657595  .00359217  00000-0  25747-2 0  9992 | 2 46596  97.3326 352.3140 0002307 234.8670 125.2377 15.72637178165233 | 2023/10/03-18:09:28  292.1390    0.1263  125.2593   91.5659     6729.5003     6727.9478     6731.0528  96.458155 -13.017655  -0.000157  -0.000169
1 46596U 20061BK  23278.47386856  .00456659  00000-0  30503-2 0  9996 | 2 46596  97.3315 354.1218 0002305 241.1874 118.9159 15.74024771165500 | 2023/10/05-11:22:22  190.2506    0.1264  118.9390   91.4852     6725.5447     6723.9945     6727.0950  96.819717  -9.968114  -0.000131  -0.000190
1 46596U 20061BK  23279.74488327  .00477288  00000-0  30289-2 0  9995 | 2 46596  97.3310 355.4628 0002499 252.6059 107.4933 15.75162945165702 | 2023/10/06-17:52:37  287.7318    0.1265  107.5206   91.4191     6722.3045     6720.6246     6723.9844  97.025982  -7.699499  -0.000093  -0.000232
1 46596U 20061BK  23280.76104407  .00434898  00000-0  26720-2 0  9998 | 2 46596  97.3313 356.5358 0002665 261.5538  98.5426 15.76028178165867 | 2023/10/07-18:15:54  293.4810    0.1266   98.5728   91.3689     6719.8440     6718.0531     6721.6348  97.153451  -5.881231  -0.000055  -0.000261
1 46596U 20061BK  23281.96699892  .00522503  00000-0  30227-2 0  9996 | 2 46596  97.3312 357.8117 0002988 266.2897  93.8027 15.77169127166059 | 2023/10/08-23:12:28    7.5415    0.1266   93.8369   91.3028     6716.6028     6714.5958     6718.6097  97.260220  -3.716471  -0.000031  -0.000297
1 46596U 20061BK  23283.48897888  .00576596  00000-0  30900-2 0  9999 | 2 46596  97.3305 359.4253 0003299 272.4041  87.6848 15.78755798166290 | 2023/10/10-11:44:07  195.3443    0.1267   87.7226   91.2111     6712.1018     6709.8875     6714.3161  97.325604  -0.976248   0.000011  -0.000330
1 46596U 20061BK  23284.75608254  .00619508  00000-0  31003-2 0  9993 | 2 46596  97.3297   0.7713 0003858 280.4589  79.6244 15.80170945166495 | 2023/10/11-18:08:45  291.4102    0.1268   79.6679   91.1294     6708.0938     6705.5058     6710.6818  97.320881   1.310186   0.000075  -0.000378
1 46596U 20061BK  23285.76893786  .00587436  00000-0  28015-2 0  9994 | 2 46596  97.3301   1.8495 0004262 284.5340  75.5455 15.81314527166654 | 2023/10/12-18:27:16  295.9620    0.1268   75.5928   91.0635     6704.8593     6702.0017     6707.7169  97.279396   3.141257   0.000120  -0.000409
1 46596U 20061BK  23287.47641019  .00664510  00000-0  28454-2 0  9990 | 2 46596  97.3274   3.6706 0004491 283.5751  76.5018 15.83457068166923 | 2023/10/14-11:26:01  190.5165    0.1269   76.5518   90.9403     6698.8098     6695.8013     6701.8182  97.127743   6.230924   0.000133  -0.000429
1 46596U 20061BK  23288.48714451  .00631741  00000-0  25643-2 0  9990 | 2 46596  97.3267   4.7516 0005170 283.6372  76.4322 15.84674735167089 | 2023/10/15-11:41:29  194.3036    0.1270   76.4898   90.8704     6695.3778     6691.9163     6698.8393  96.992207   8.062158   0.000163  -0.000491
1 46596U 20061BK  23289.68639105  .00660205  00000-0  24927-2 0  9996 | 2 46596  97.3256   6.0357 0005483 286.4167  73.6501 15.86127531167273 | 2023/10/16-16:28:24  265.9329    0.1271   73.7104   90.7872     6691.2888     6687.6199     6694.9576  96.786083  10.233603   0.000209  -0.000507
1 46596U 20061BK  23290.94754155  .01156179  00000-0  37909-2 0  9995 | 2 46596  97.3244   7.3886 0005774 282.1132  77.9493 15.87894379167470 | 2023/10/17-22:44:27  359.8415    0.1272   78.0140   90.6861     6686.3243     6682.4636     6690.1849  96.516293  12.515751   0.000193  -0.000544
1 46596U 20061BK  23292.20737479  .00852508  29725-3  29345-2 0  9997 | 2 46596  97.3272   8.7468 0005469 269.9814  90.0832 15.89603116167677 | 2023/10/19-04:58:37   93.2629    0.1273   90.1459   90.5886     6681.5318     6677.8776     6685.1859  96.195285  14.800371   0.000083  -0.000541
1 46596U 20061BK  23293.65408120  .00910930  35622-3  27485-2 0  9995 | 2 46596  97.3262  10.3089 0005647 272.1175  87.9452 15.92210363167909 | 2023/10/20-15:41:52  253.9430    0.1274   88.0099   90.4403     6674.2358     6670.4668     6678.0047  95.755088  17.417014   0.000122  -0.000551
1 46596U 20061BK  23295.16090599  .00949975  41038-3  24082-2 0  9999 | 2 46596  97.3249  11.9418 0006660 269.0603  90.9910 15.95526859168147 | 2023/10/22-03:51:42   76.2636    0.1276   91.0673   90.2523     6664.9838     6660.5449     6669.4226  95.218623  20.138274   0.000127  -0.000654
1 46596U 20061BK  23296.16364490  .01124284  62288-3  25195-2 0  9999 | 2 46596  97.3215  13.0319 0006231 264.3797  95.6769 15.97858315168308 | 2023/10/23-03:55:38   77.1426    0.1276   95.7479   90.1206     6658.4989     6654.3500     6662.6478  94.814953  21.945367   0.000080  -0.000618
1 46596U 20061BK  23297.16493526  .01143951  67518-3  22441-2 0  9997 | 2 46596  97.3211  14.1253 0006643 264.2433  95.8088 16.00248472168461 | 2023/10/24-03:57:30   77.5051    0.1278   95.8845   89.9860     6651.8671     6647.4482     6656.2859  94.378533  23.750558   0.000097  -0.000657
1 46596U 20061BK  23299.16243892  .01866764  26141-2  26341-2 0  9991 | 2 46596  97.3169  16.3197 0006394 275.6154  84.4398 16.06365125168787 | 2023/10/26-03:53:54   76.3778    0.1281   84.5127   89.6434     6634.9705     6630.7281     6639.2129  93.395879  27.345728   0.000239  -0.000593
1 46596U 20061BK  23300.21974356  .02592812  10083-1  28957-2 0  9999 | 2 46596  97.3138  17.4895 0007294 270.6226  89.4223 16.11994926168959 | 2023/10/27-05:16:25   96.8901    0.1285   89.5059   89.3303     6619.5133     6614.6851     6624.3416  92.815182  29.245815   0.000227  -0.000693
1 46596U 20061BK  23301.82713438  .07978690  24131-5  21098-2 0  9998 | 2 46596  97.3069  19.2951 0008914 280.6591  79.3699 16.28381578169217 | 2023/10/28-19:51:04  315.3454    0.1294   79.4703   88.4314     6575.0297     6569.1687     6580.8907  91.841095  32.153477   0.000445  -0.000772
