# SPACE DATA - HISTORICAL TLEs
# ----------------------------
# NORAD_ID    : 46313
# OBJECT_NAME : FLOCK 4V 1
# --------------------------------------------------------------------+-----------------------------------------------------------------------+----------------------------------------------------------------------------------------------------------------------------------------
#                  LINE 1                                             |                 LINE 2                                                |      DERIVED PARAMETERS
# --------------------------------------------------------------------+-----------------------------------------------------------------------+----------------------------------------------------------------------------------------------------------------------------------------
# NORAD  COSPAR     TLE_EPOCH      MEANMOT1 MEANMOT2   BSTAR  #  REV  |   NORAD    INC     RAAN     ECC    ARGPER  MEANANOM   MEANMOT     REV |  CAL_DATE              LONG     ARGLAT     PERIOD        SMA         PERIGEE        APOGEE      INC_X      INC_Y      ECC_X      ECC_Y
# ------ ------   -------------- ----------  -------  ------- -- ----     -----  ------- -------- ------- -------- -------- -----------  ----   ------------------- ---------  --------  --------  ------------  ------------   ----------- ---------- ----------  ---------  ---------   
1 46814U 20077B   20303.00052662 -.00000067  00000-0  00000+0 0  9991 | 2 46814  97.5026   3.4467 0010589 331.5432 117.2430 15.15657627    16 | 2020/10/29-00:00:45  305.7448   88.8940  117.3508   95.0083     6897.1198     6889.8164     6904.4231  97.326233   5.861855   0.000960  -0.000448
1 46814U 20077B   20304.23865927 +.00010948 +00000-0 +57793-3 0  9996 | 2 46814 097.5019 004.6754 0012441 327.6477 032.3983 15.15636814000200 | 2020/10/30-05:43:40  120.2044    0.1225   32.4748   95.0096     6897.1829     6888.6021     6905.7637  97.177460   7.947438   0.001102  -0.000578
1 46814U 20077B   20305.43904262  .00002775  00000-0  14930-3 0  9990 | 2 46814  97.5020   5.8619 0012460 323.2103 102.2764 15.15632331   387 | 2020/10/31-10:32:13  126.8984   65.6262  102.4159   95.0098     6897.1965     6888.6026     6905.7904  96.992157   9.957983   0.001069  -0.000640
1 46814U 20077B   20306.50465657 +.00001448 +00000-0 +79583-4 0  9991 | 2 46814 097.5017 006.9144 0012451 318.7698 157.2948 15.15631859000542 | 2020/11/01-12:06:42   99.9393  116.1196  157.3498   95.0099     6897.1980     6888.6103     6905.7857  96.792582  11.737873   0.001028  -0.000702
1 46814U 20077B   20307.63408914 +.00000815 +00000-0 +46366-4 0  9999 | 2 46814 097.5012 008.0307 0012540 314.3638 200.2707 15.15631541000715 | 2020/11/02-15:13:05  107.9620  154.5848  200.2210   95.0099     6897.1989     6888.5498     6905.8480  96.545040  13.621277   0.000993  -0.000765
1 46814U 20077B   20308.88394148  .00000559  00000-0  32892-4 0  9994 | 2 46814  97.5008   9.2648 0012585 309.5924 180.2417 15.15631852   905 | 2020/11/03-21:12:52  222.7071  129.8335  180.2411   95.0099     6897.1980     6888.5179     6905.8781  96.228884  15.697386   0.000948  -0.000828
1 46814U 20077B   20310.19610106  .00000718  00000-0  41220-4 0  9998 | 2 46814  97.5007  10.5606 0012598 304.7103 140.0957 15.15634963  1105 | 2020/11/05-04:42:23   20.1102   84.8985  140.1882   95.0097     6897.1885     6888.4995     6905.8776  95.849195  17.869478   0.000895  -0.000887
1 46814U 20077B   20311.52054110  .00000876  00000-0  49527-4 0  9996 | 2 46814  97.5002  11.8682 0012564 299.2654 167.4940 15.15638617  1307 | 2020/11/06-12:29:34  114.9530  106.7905  167.5251   95.0095     6897.1775     6888.5118     6905.8431  95.415966  20.051995   0.000826  -0.000946
1 46814U 20077B   20312.90313020 +.00001104 +00000-0 +61515-4 0  9993 | 2 46814 097.5000 013.2331 0012448 294.2667 151.5419 15.15643175001515 | 2020/11/07-21:40:30  273.6337   85.8765  151.6098   95.0092     6897.1636     6888.5780     6905.7492  94.911065  22.319044   0.000758  -0.000988
1 46814U 20077B   20316.12236857 +.00003139 +00000+0 +16824-3 0  9994 | 2 46814  97.4999  16.4116 0012428 281.4436  78.5400 15.15665668002001 | 2020/11/11-02:56:12   78.3791    0.1232   78.6796   95.0078     6897.0954     6888.5237     6905.6671  93.527441  27.547200   0.000581  -0.001099
1 46814U 20077B   20317.44275592 +.00003047 +00000+0 +16338-3 0  9997 | 2 46814  97.4998  17.7152 0012442 276.2991  83.6824 15.15673457002202 | 2020/11/12-10:37:34  193.7185    0.1232   83.8241   95.0073     6897.0718     6888.4904     6905.6531  92.876437  29.667803   0.000506  -0.001137
1 46814U 20077B   20318.58455360 +.00002855 +00000-0 +15330-3 0  9994 | 2 46814 097.4993 018.8425 0012490 272.9861 193.1798 15.15679370002379 | 2020/11/13-14:01:45  138.5793  106.1333  193.1472   95.0069     6897.0538     6888.4394     6905.6682  92.274308  31.489134   0.000464  -0.001159
1 46814U 20077B   20319.91734341 +.00002970 +00000-0 +15927-3 0  9991 | 2 46814 097.4990 020.1577 0012349 266.8557 267.0146 15.15688076002570 | 2020/11/14-22:00:58  190.6777  173.7290  266.8733   95.0064     6897.0274     6888.5103     6905.5445  91.526961  33.598666   0.000361  -0.001181
1 46814U 20077B   20321.55533422 +.00002844 +00000-0 +15264-3 0  9995 | 2 46814 097.4992 021.7758 0012342 259.5625 206.3184 15.15697064002821 | 2020/11/16-13:19:40  128.3402  105.8183  206.2558   95.0058     6897.0001     6888.4879     6905.5124  90.541910  36.169828   0.000243  -0.001210
1 46814U 20077B   20322.87658851  .00002679  00000-0  14394-3 0  9994 | 2 46814  97.4989  23.0799 0012341 254.9411 215.8037 15.15703144  3020 | 2020/11/17-21:02:17  239.1261  110.6622  215.7211   95.0054     6896.9817     6888.4701     6905.4933  89.694998  38.220974   0.000172  -0.001222
1 46814U 20077B   20324.19240101 +.00002697 +00000-0 +14486-3 0  9998 | 2 46814 097.4983 024.3783 0012396 250.8996 195.0786 15.15710797003228 | 2020/11/19-04:37:03   17.5837   85.9413  195.0417   95.0049     6896.9585     6888.4090     6905.5080  88.805357  40.243349   0.000114  -0.001234
1 46814U 20077B   20325.51689340  .00002849  00000-0  15283-3 0  9992 | 2 46814  97.4979  25.6855 0012391 246.0446 222.5417 15.15719467  3421 | 2020/11/20-12:24:19  111.7911  108.4904  222.4458   95.0044     6896.9322     6888.3862     6905.4782  87.863815  42.258615   0.000037  -0.001239
1 46814U 20077B   20326.89338128  .00002947  00000-0  15787-3 0  9997 | 2 46814  97.4976  27.0447 0012483 239.7684 175.0049 15.15728216  3634 | 2020/11/21-21:26:28  301.1373   54.7857  175.0173   95.0038     6896.9056     6888.2962     6905.5151  86.836439  44.330744  -0.000069  -0.001246
1 46814U 20077B   20327.96243145 +.00002953 +00000-0 +15818-3 0  9992 | 2 46814 097.4972 028.1001 0012569 235.4586 249.0257 15.15734675003793 | 2020/11/22-23:05:54  256.2827  124.3499  248.8913   95.0034     6896.8861     6888.2174     6905.5547  86.004819  45.922490  -0.000141  -0.001249
1 46814U 20077B   20329.13868495  .00003102  00000-0  16595-3 0  9994 | 2 46814  97.4972  29.2611 0012626 230.8925 187.9418 15.15743344  3974 | 2020/11/24-03:19:42   25.3823   58.8143  187.9218   95.0029     6896.8598     6888.1518     6905.5677  85.056687  47.655682  -0.000216  -0.001244
1 46814U 20077B   20330.45870580  .00003701  00000-0  19719-3 0  9995 | 2 46814  97.4971  30.5645 0012757 227.0044 190.2414 15.15757305  4178 | 2020/11/25-11:00:32  142.1760   57.2198  190.2154   95.0020     6896.8174     6888.0191     6905.6157  83.950586  49.578056  -0.000275  -0.001246
1 46814U 20077B   20331.59572098 +.00004254 +00000-0 +22602-3 0  9993 | 2 46814 097.4974 031.6867 0012786 222.0722 275.6628 15.15770467004347 | 2020/11/26-14:17:50  111.0107  137.5892  275.5170   95.0012     6896.7775     6887.9593     6905.5957  82.963761  51.212863  -0.000358  -0.001228
1 46814U 20077B   20332.78426862  .00004654  00000-0  24684-3 0  9998 | 2 46814  97.4972  32.8603 0012800 217.7735 281.5202 15.15784005  4525 | 2020/11/27-18:49:20  177.3271  139.1499  281.3764   95.0003     6896.7364     6887.9086     6905.5642  81.897261  52.901254  -0.000424  -0.001208
1 46814U 20077B   20334.09571633  .00004835  00000-0  25620-3 0  9993 | 2 46814  97.4972  34.1550 0012959 212.8427 238.2837 15.15797926  4721 | 2020/11/29-02:17:49  337.6135   91.0002  238.1575   94.9995     6896.6942     6887.7568     6905.6316  80.681056  54.738206  -0.000506  -0.001193
1 46814U 20077B   20335.15073756  .00004874  00000-0  25815-3 0  9993 | 2 46814  97.4973  35.1967 0013087 209.1539 235.4565 15.15808705  4883 | 2020/11/30-03:37:03    3.9353   84.4870  235.3331   94.9988     6896.6615     6887.6358     6905.6872  79.672658  56.196006  -0.000566  -0.001180
1 46814U 20077B   20336.47643708  .00005083  00000-0  26890-3 0  9996 | 2 46814  97.4975  36.5057 0013252 203.9972 270.2889 15.15823635  5085 | 2020/12/01-11:26:04   91.5091  114.1342  270.1370   94.9979     6896.6162     6887.4768     6905.7556  78.368264  58.001531  -0.000653  -0.001153
1 46814U 20077B   20337.53133931  .00005294  00000-0  27982-3 0  9993 | 2 46814  97.4970  37.5470 0013312 200.2344 266.9937 15.15836356  5248 | 2020/12/02-12:45:07  118.3304  107.0758  266.8414   94.9971     6896.5776     6887.3969     6905.7583  77.300858  59.415843  -0.000710  -0.001126
1 46814U 20077B   20338.65280648  .00005495  00000-0  29021-3 0  9994 | 2 46814  97.4968  38.6536 0013300 196.3166 266.9177 15.15850037  5411 | 2020/12/03-15:40:02  166.0511  103.0821  266.7655   94.9962     6896.5361     6887.3637     6905.7085  76.138809  60.897518  -0.000763  -0.001089
1 46814U 20077B   20339.84253903  .00005453  00000-0  28787-3 0  9992 | 2 46814  97.4965  39.8282 0013477 191.7548 279.8222 15.15862700  5590 | 2020/12/04-20:13:15  226.0102  111.4248  279.6700   94.9954     6896.4977     6887.2033     6905.7921  74.874229  62.445315  -0.000837  -0.001056
1 46814U 20077B   20341.15777046  .00005136  00000-0  27124-3 0  9990 | 2 46814  97.4962  41.1262 0013705 186.8178 257.5713 15.15874197  5792 | 2020/12/06-03:47:11    6.6798   84.2358  257.4180   94.9947     6896.4628     6887.0112     6905.9145  73.440252  64.125178  -0.000918  -0.001018
1 46814U 20077B   20342.48591156  .00004634  00000-0  24504-3 0  9994 | 2 46814  97.4959  42.4370 0013625 182.4881 305.1584 15.15883454  5990 | 2020/12/07-11:39:42   81.5514  127.5187  305.0306   94.9941     6896.4348     6887.0384     6905.8312  71.953899  65.788198  -0.000965  -0.000962
1 46814U 20077B   20343.53555620  .00004326  00000-0  22894-3 0  9995 | 2 46814  97.4956  43.4731 0013770 178.7338 273.3777 15.15890724  6152 | 2020/12/08-12:51:12  134.9570   91.9540  273.2202   94.9937     6896.4127     6886.9164     6905.9091  70.752310  67.078332  -0.001020  -0.000925
1 46814U 20077B   20344.92083148  .00004072  00000-0  21565-3 0  9992 | 2 46814  97.4956  44.8411 0013793 173.9477 273.1108 15.15900677  6366 | 2020/12/09-22:05:59  278.7065   86.9007  272.9530   94.9930     6896.3825     6886.8704     6905.8947  69.130727  68.748342  -0.001075  -0.000864
1 46814U 20077B   20346.24075822  .00004008  00000-0  21222-3 0  9998 | 2 46814  97.4955  46.1442 0013963 169.3179 276.3500 15.15911089  6563 | 2020/12/11-05:46:41   35.2686   85.5088  276.1909   94.9924     6896.3510     6886.7216     6905.9803  67.549344  70.302622  -0.001137  -0.000810
1 46814U 20077B   20347.41524882  .00003867  00000-0  20485-3 0  9995 | 2 46814  97.4959  47.3041 0014122 165.4039 205.7283 15.15919310  6744 | 2020/12/12-09:57:57  172.6186   11.0621  205.6582   94.9919     6896.3260     6886.5870     6906.0650  66.112660  71.655891  -0.001188  -0.000763
1 46814U 20077B   20348.42087113  .00003648  00000-0  19340-3 0  9993 | 2 46814  97.4959  48.2971 0014282 162.2097 293.4314 15.15925281  6891 | 2020/12/13-10:06:03   90.1319   95.4908  293.2811   94.9915     6896.3079     6886.4586     6906.1572  64.860916  72.790879  -0.001230  -0.000725
1 46814U 20077B   20349.54521182  .00003350  00000-0  17785-3 0  9997 | 2 46814  97.4959  49.4068 0014420 158.4906 309.1527 15.15931021  7061 | 2020/12/14-13:05:06  122.8909  107.5150  309.0244   94.9911     6896.2905     6886.3461     6906.2350  63.439032  74.033369  -0.001274  -0.000675
1 46814U 20077B   20350.86640531  .00003085  00000-0  16404-3 0  9996 | 2 46814  97.4957  50.7110 0014390 153.9477 319.3381 15.15937734  7261 | 2020/12/15-20:47:37  232.8761  113.1782  319.2305   94.9907     6896.2701     6886.3464     6906.1939  61.737426  75.457947  -0.001308  -0.000600
1 46814U 20077B   20352.23935236  .00003008  00000-0  15997-3 0  9999 | 2 46814  97.4957  52.0669 0014554 149.4568 251.7782 15.15945841  7473 | 2020/12/17-05:44:40   79.1852   41.0767  251.6199   94.9902     6896.2456     6886.2088     6906.2824  59.934600  76.897694  -0.001354  -0.000534
1 46814U 20077B   20353.50671281  .00002886  00000-0  15359-3 0  9992 | 2 46814  97.4950  53.3177 0014673 145.2378 328.1133 15.15952496  7663 | 2020/12/18-12:09:39  103.3172  113.2621  328.0243   94.9898     6896.2254     6886.1065     6906.3442  58.241313  78.187112  -0.001391  -0.000467
1 46814U 20077B   20354.76584130  .00002550  00000-0  13610-3 0  9993 | 2 46814  97.4941  54.5597 0014723 141.5025 359.0828 15.15956811  7856 | 2020/12/19-18:22:48  169.3683  140.5826  359.0801   94.9895     6896.2123     6886.0590     6906.3656  56.532379  79.430407  -0.001415  -0.000407
1 46814U 20077B   20355.88382553  .00002135  00000-0  11454-3 0  9995 | 2 46814  97.4940  55.6620 0014871 137.6843 340.3534 15.15959253  8022 | 2020/12/20-21:12:42  234.3899  117.9803  340.2960   94.9894     6896.2049     6885.9495     6906.4602  54.993812  80.503172  -0.001447  -0.000343
1 46814U 20077B   20357.19788315  .00002125  00000-0  11398-3 0  9993 | 2 46814  97.4938  56.9592 0014953 133.6407 311.2688 15.15965284  8224 | 2020/12/22-04:44:57   20.5768   84.7806  311.1399   94.9890     6896.1866     6885.8747     6906.4985  53.157140  81.727348  -0.001470  -0.000275
1 46814U 20077B   20358.52281708  .00002540  00000-0  13553-3 0  9991 | 2 46814  97.4938  58.2674 0014997 129.2519 341.9008 15.15974966  8428 | 2020/12/23-12:32:51  111.3075  111.0992  341.8473   94.9884     6896.1572     6885.8151     6906.4994  51.277416  82.919646  -0.001487  -0.000196
1 46814U 20077B   20359.92024037  .00003209  00000-0  17017-3 0  9998 | 2 46814  97.4938  59.6465 0015195 124.8564  47.9640 15.15988180  8634 | 2020/12/24-22:05:08  192.7105  172.9499   48.0935   94.9875     6896.1172     6885.6385     6906.5958  49.266893  84.129747  -0.001515  -0.000119
1 46814U 20077B   20361.22432882  .00003514  00000-0  18593-3 0  9994 | 2 46814  97.4936  60.9338 0015323 121.1713 324.3031 15.15999249  8831 | 2020/12/26-05:23:02   29.5264   85.3718  324.2005   94.9869     6896.0836     6885.5167     6906.6505  47.364325  85.215156  -0.001531  -0.000056
1 46814U 20077B   20362.54848492  .00003411  00000-0  18055-3 0  9997 | 2 46814  97.4934  62.2407 0015330 116.9206 350.6867 15.16007592  9032 | 2020/12/27-13:09:49  124.0880  107.5788  350.6582   94.9863     6896.0583     6885.4866     6906.6299  45.408347  86.273084  -0.001533   0.000022
1 46814U 20077B   20363.86514353  .00003046  00000-0  16160-3 0  9998 | 2 46814  97.4933  63.5407 0015358 112.6207 336.2521 15.16013462  9231 | 2020/12/28-20:45:48  256.8173   88.8018  336.1811   94.9860     6896.0405     6885.4496     6906.6314  43.439308  87.280983  -0.001532   0.000103
1 46814U 20077B   20365.18437682  .00003020  00000-0  16022-3 0  9993 | 2 46814  97.4934  64.8432 0015417 108.5663 335.6680 15.16021733  9431 | 2020/12/30-04:25:30   16.3776   84.1614  335.5951   94.9854     6896.0154     6885.3838     6906.6470  41.444147  88.245939  -0.001532   0.000177
1 46814U 20077B   20366.50971191  .00003245  00000-0  17184-3 0  9997 | 2 46814  97.4933  66.1512 0015388 104.5028   8.4235 15.16031972  9631 | 2020/12/31-12:13:59  104.8045  112.9522    8.4494   94.9848     6895.9844     6885.3728     6906.5959  39.418924  89.168896  -0.001518   0.000250
1 46814U 20077B   21001.82596205  .00003341  00000-0  17677-3 0  9992 | 2 46814  97.4931  67.4505 0015429 100.5882 351.5173 15.16041336  9835 | 2021/01/01-19:49:23  239.4735   92.0794  351.4912   94.9842     6895.9560     6885.3162     6906.5957  37.386797  90.039613  -0.001509   0.000320
1 46814U 20077B   21003.14560310  .00003026  00000-0  16040-3 0  9990 | 2 46814  97.4929  68.7525 0015409  96.2628 353.5349 15.16047310 10034 | 2021/01/03-03:29:40  356.8507   89.7778  353.5150   94.9838     6895.9378     6885.3119     6906.5638  35.331171  90.865692  -0.001489   0.000398
1 46814U 20077B   21004.20077549  .00002659  00000-0  14138-3 0  9992 | 2 46814  97.4927  69.7939 0015347  92.8252 352.1943 15.16050706 10193 | 2021/01/04-04:49:07   21.4896   84.9956  352.1704   94.9836     6895.9275     6885.3444     6906.5107  33.673795  91.492634  -0.001465   0.000458
1 46814U 20077B   21005.52553556  .00002395  00000-0  12766-3 0  9997 | 2 46814  97.4925  71.1017 0015424  88.9726  21.7109 15.16055710 10398 | 2021/01/05-12:36:46  112.7372  110.7490   21.7764   94.9833     6895.9124     6885.2761     6906.5486  31.576782  92.237164  -0.001450   0.000526
1 46814U 20077B   21006.90129762  .00002260  00000-0  12065-3 0  9991 | 2 46814  97.4923  72.4595 0015444  84.7101 329.8475 15.16061286 10601 | 2021/01/06-21:37:52  304.1357   54.4686  329.7585   94.9830     6895.8955     6885.2454     6906.5455  29.382216  92.959313  -0.001423   0.000599
1 46814U 20077B   21007.90231565  .00002252  00000-0  12019-3 0  9997 | 2 46814  97.4920  73.4475 0015446  81.4745  32.9970 15.16065854 10759 | 2021/01/07-21:39:20  244.5869  114.5680   33.0935   94.9827     6895.8816     6885.2302     6906.5330  27.774865  93.451843  -0.001399   0.000655
1 46814U 20077B   21009.21676397  .00002143  00000-0  11457-3 0  9993 | 2 46814  97.4921  74.7443 0015367  77.1591   6.8075 15.16071003 10953 | 2021/01/09-05:12:08   28.2920   83.9875    6.8284   94.9824     6895.8660     6885.2691     6906.4629  25.652823  94.056591  -0.001356   0.000724
1 46814U 20077B   21010.54108352  .00001954  00000-0  10476-3 0  9991 | 2 46814  97.4920  76.0519 0015347  72.8576  34.4632 15.16075106 11151 | 2021/01/10-12:59:09  121.6905  107.4205   34.5629   94.9821     6895.8536     6885.2705     6906.4366  23.499752  94.617396  -0.001314   0.000793
1 46814U 20077B   21011.86341866  .00001775  00000-0  95448-4 0  9990 | 2 46814  97.4923  77.3576 0015355  68.9199  50.9531 15.16078882 11354 | 2021/01/11-20:43:19  225.1766  120.0098   51.0899   94.9819     6895.8421     6885.2535     6906.4307  21.337689  95.128605  -0.001277   0.000852
1 46814U 20077B   21013.17701556  .00001894  00000-0  10164-3 0  9995 | 2 46814  97.4923  78.6538 0015294  64.8878  19.9131 15.16085019 11550 | 2021/01/13-04:14:54   13.1422   84.8607   19.9729   94.9815     6895.8235     6885.2770     6906.3700  19.180322  95.586944  -0.001230   0.000909
1 46814U 20077B   21014.23305189  .00002090  00000-0  11173-3 0  9995 | 2 46814  97.4918  79.6957 0015198  61.8663  23.0411 15.16090924 11718 | 2021/01/14-05:35:35   33.2077   84.9757   23.1094   94.9811     6895.8056     6885.3253     6906.2858  17.438949  95.919415  -0.001190   0.000945
1 46814U 20077B   21015.49430678  .00002182  00000-0  11651-3 0  9999 | 2 46814  97.4917  80.9406 0015100  57.9812  66.4049 15.16096897 11900 | 2021/01/15-11:51:48   87.7790  124.5448   66.5636   94.9807     6895.7875     6885.3748     6906.2001  15.350881  96.275552  -0.001138   0.000992
1 46814U 20077B   21016.81150483  .00001849  00000-0  99259-4 0  9999 | 2 46814  97.4909  82.2396 0015014  53.5619  55.4476 15.16099746 12106 | 2021/01/16-19:28:34  217.3462  109.1514   55.5895   94.9806     6895.7788     6885.4255     6906.1322  13.164273  96.598020  -0.001076   0.001047
1 46814U 20077B   21018.12705205  .00001603  00000-0  86516-4 0  9993 | 2 46814  97.4907  83.5379 0014886  49.7099  34.9410 15.16102732 12306 | 2021/01/18-03:02:57  355.3002   84.7487   35.0388   94.9804     6895.7698     6885.5047     6906.0348  10.972185  96.871295  -0.001020   0.001084
1 46814U 20077B   21019.44915753  .00001556  00000-0  84046-4 0  9993 | 2 46814  97.4902  84.8419 0014855  45.3191  50.7706 15.16106980 12506 | 2021/01/19-10:46:47   99.8185   96.2217   50.9026   94.9801     6895.7569     6885.5133     6906.0006   8.764786  97.095405  -0.000958   0.001135
1 46814U 20077B   21020.57927465  .00001781  00000-0  95729-4 0  9992 | 2 46814  97.4894  85.9565 0014770  41.6979  98.6553 15.16112552 12670 | 2021/01/20-13:54:09  102.3964  140.5205   98.8226   94.9798     6895.7400     6885.5550     6905.9250   6.874350  97.246730  -0.000902   0.001169
1 46814U 20077B   21021.63770611  .00001868  00000-0  10020-3 0  9995 | 2 46814  97.4895  87.0010 0014658  38.3269 115.2910 15.16117051 12839 | 2021/01/21-15:18:17  110.1658  153.7696  115.4427   94.9795     6895.7264     6885.6186     6905.8341   5.100507  97.355983  -0.000848   0.001196
1 46814U 20077B   21022.75290024  .00001768  00000-0  95030-4 0  9998 | 2 46814  97.4893  88.1016 0014556  34.5879  81.9187 15.16120460 13000 | 2021/01/22-18:04:10  188.7456  116.6718   82.0839   94.9793     6895.7160     6885.6786     6905.7534   3.229554  97.435792  -0.000786   0.001225
1 46814U 20077B   21023.95130453  .00001666  00000-0  89713-4 0  9998 | 2 46814  97.4891  89.2839 0014344  30.8616 142.4258 15.16124024 13187 | 2021/01/23-22:49:52  203.3892  173.3875  142.5259   94.9790     6895.7052     6885.8140     6905.5964   1.218417  97.481486  -0.000720   0.001240
1 46814U 20077B   21025.11770866  .00001773  00000-0  95265-4 0  9994 | 2 46814  97.4894  90.4351 0014249  26.9749  28.5739 15.16129198 13365 | 2021/01/25-02:49:30   21.0318   55.6270   28.6521   94.9787     6895.6895     6885.8639     6905.5152  -0.740320  97.486589  -0.000656   0.001265
1 46814U 20077B   21026.24522633  .00001992  00000-0  10657-3 0  9990 | 2 46814  97.4892  91.5475 0014227  22.7750  62.9504 15.16135369 13532 | 2021/01/26-05:53:07   36.7605   85.8707   63.0957   94.9783     6895.6708     6885.8604     6905.4813  -2.632763  97.453644  -0.000586   0.001296
1 46814U 20077B   21027.56957899  .00002497  00000-0  13268-3 0  9994 | 2 46814  97.4893  92.8553 0014154  18.4152  91.1947 15.16145335 13732 | 2021/01/27-13:40:11  129.6405  109.7721   91.3569   94.9777     6895.6406     6885.8805     6905.4007  -4.856309  97.368269  -0.000513   0.001319
1 46814U 20077B   21028.89059656  .00002815  00000-0  14909-3 0  9992 | 2 46814  97.4891  94.1586 0013906  14.2068 101.1357 15.16154901 13933 | 2021/01/28-21:22:27  239.4730  115.4988  101.2920   94.9771     6895.6116     6886.0226     6905.2006  -7.069671  97.232424  -0.000438   0.001320
1 46814U 20077B   21030.20512229  .00002868  00000-0  15179-3 0  9998 | 2 46814  97.4887  95.4550 0013816   9.5411  76.1508 15.16162860 14137 | 2021/01/30-04:55:22   22.3521   85.8457   76.3046   94.9766     6895.5875     6886.0605     6905.1144  -9.267660  97.047190  -0.000357   0.001335
1 46814U 20077B   21031.92420623  .00002526  00000-0  13411-3 0  9992 | 2 46814  97.4884  97.1517 0013678   3.8943  98.9237 15.16169717 14396 | 2021/01/31-22:10:51  264.0939  102.9728   99.0785   94.9762     6895.5667     6886.1349     6904.9984 -12.136998  96.729941  -0.000262   0.001342
1 46814U 20077B   21032.92712278  .00002283  00000-0  12157-3 0  9999 | 2 46814  97.4880  98.1410 0013537   0.6621 172.8066 15.16172969 14549 | 2021/02/01-22:15:03  194.4924  173.4881  172.8260   94.9760     6895.5568     6886.2223     6904.8913 -13.805241  96.505572  -0.000207   0.001338
1 46814U 20077B   21034.22843675  .00002073  00000-0  11070-3 0  9990 | 2 46814  97.4875  99.4247 0013354 356.0260  75.7950 15.16177325 14745 | 2021/02/03-05:28:56   44.6121   71.9694   75.9434   94.9757     6895.5436     6886.3353     6904.7519 -15.963700  96.171581  -0.000127   0.001329
1 46814U 20077B   21035.49206566  .00001955  00000-0  10459-3 0  9990 | 2 46814  97.4872 100.6709 0013213 351.4715 133.1598 15.16181664 14937 | 2021/02/04-11:48:34   86.7075  124.7416  133.2701   94.9754     6895.5305     6886.4194     6904.6415 -18.051464  95.801351  -0.000049   0.001320
1 46814U 20077B   21036.54487336  .00001914  00000-0  10245-3 0  9991 | 2 46814  97.4870 101.7098 0013093 347.7120 119.7664 15.16185582 15097 | 2021/02/05-13:04:37  122.8699  107.6085  119.8965   94.9752     6895.5186     6886.4903     6904.5469 -19.785453  95.458111   0.000013   0.001309
1 46814U 20077B   21037.86618012  .00001954  00000-0  10450-3 0  9996 | 2 46814  97.4871 103.0139 0012974 342.9658 131.9932 15.16191252 15296 | 2021/02/06-20:47:17  231.0580  115.0694  132.1036   94.9748     6895.5014     6886.5552     6904.4476 -21.952870  94.983189   0.000091   0.001294
1 46814U 20077B   21038.91096824  .00002089  00000-0  11144-3 0  9995 | 2 46814  97.4873 104.0446 0012842 339.1859  74.9207 15.16196621 15459 | 2021/02/07-21:51:47  308.0332   54.2488   75.0629   94.9745     6895.4851     6886.6299     6904.3403 -23.657937  94.573123   0.000151   0.001275
1 46814U 20077B   21039.92283015  .00002157  00000-0  11498-3 0  9995 | 2 46814  97.4873 105.0427 0012780 335.4815 198.1812 15.16201564 15602 | 2021/02/08-22:08:52  192.7467  173.6171  198.1356   94.9742     6895.4701     6886.6577     6904.2825 -25.301740  94.146671   0.000210   0.001261
1 46814U 20077B   21041.22416727  .00002140  00000-0  11405-3 0  9999 | 2 46814  97.4873 106.3267 0012577 330.3120 101.9727 15.16207182 15806 | 2021/02/10-05:22:48   42.6047   72.4256  102.1136   94.9738     6895.4531     6886.7807     6904.1255 -27.405040  93.556066   0.000291   0.001224
1 46814U 20077B   21042.55020694  .00001951  00000-0  10429-3 0  9994 | 2 46814  97.4871 107.6351 0012576 325.2048 140.4635 15.16211209 16007 | 2021/02/11-13:12:17  126.5940  105.7599  140.5551   94.9736     6895.4409     6886.7692     6904.1126 -29.534084  92.905718   0.000371   0.001202
1 46814U 20077B   21043.74040644  .00001678  00000-0  90205-4 0  9990 | 2 46814  97.4870 108.8094 0012545 320.7674 157.3040 15.16213590 16185 | 2021/02/12-17:46:11  182.6615  118.1268  157.3594   94.9734     6895.4337     6886.7833     6904.0840 -31.431856  92.280841   0.000438   0.001176
1 46814U 20077B   21044.86269414  .00001523  00000-0  82187-4 0  9991 | 2 46814  97.4867 109.9165 0012432 316.7332 163.3079 15.16216330 16356 | 2021/02/13-20:42:16  224.7145  120.0820  163.3488   94.9733     6895.4254     6886.8530     6903.9977 -33.208876  91.656027   0.000493   0.001141
1 46814U 20077B   21045.91609466  .00001608  00000-0  86567-4 0  9993 | 2 46814  97.4864 110.9554 0012305 312.6999 153.5617 15.16220612 16515 | 2021/02/14-21:59:10  257.7175  106.3243  153.6244   94.9730     6895.4124     6886.9276     6903.8972 -34.865146  91.038562   0.000546   0.001103
1 46814U 20077B   21046.97533887  .00001793  00000-0  96125-4 0  9999 | 2 46814  97.4858 111.9999 0012278 308.5692 175.8091 15.16225823 16674 | 2021/02/15-23:24:29  260.9283  124.3886  175.8194   94.9727     6895.3966     6886.9304     6903.8627 -36.518666  90.387324   0.000603   0.001069
1 46814U 20077B   21048.15003343  .00001870  00000-0  10007-3 0  9990 | 2 46814  97.4855 113.1586 0012142 303.4227 108.8625 15.16230737 16854 | 2021/02/17-03:36:02   35.9106   52.4168  108.9941   94.9724     6895.3817     6887.0093     6903.7540 -38.338870  89.630094   0.000669   0.001013
1 46814U 20077B   21049.47104262  .00001798  00000-0  96315-4 0  9994 | 2 46814  97.4849 114.4611 0012157 298.5940 119.7519 15.16235139 17059 | 2021/02/18-11:18:18  145.4127   58.4668  119.8728   94.9721     6895.3683     6886.9856     6903.7510 -40.366094  88.734910   0.000731   0.000972
1 46814U 20077B   21050.47313882  .00001789  00000-0  95844-4 0  9992 | 2 46814  97.4845 115.4498 0012098 294.7708 189.9967 15.16238963 17204 | 2021/02/19-11:21:19   79.7448  124.7435  189.9727   94.9718     6895.3567     6887.0147     6903.6987 -41.891052  88.024812   0.000774   0.000930
1 46814U 20077B   21051.79217543  .00002036  00000-0  10860-3 0  9995 | 2 46814  97.4844 116.7513 0011954 289.0725 191.0599 15.16246217 17409 | 2021/02/20-19:00:43  199.2316  120.1062  191.0337   94.9714     6895.3347     6887.0921     6903.5774 -43.879552  87.050521   0.000833   0.000857
1 46814U 20077B   21052.83559943  .00002455  00000-0  13020-3 0  9990 | 2 46814  97.4840 117.7800 0011950 285.3264 126.7328 15.16254135 17568 | 2021/02/21-20:03:15  282.9372   52.1688  126.8424   94.9709     6895.3107     6887.0708     6903.5506 -45.435132  86.248357   0.000872   0.000817
1 46814U 20077B   21053.97069622  .00002897  00000-0  15297-3 0  9994 | 2 46814  97.4844 118.9000 0012023 281.5666 202.5342 15.16263730 17732 | 2021/02/22-23:17:48  259.5293  124.0481  202.4815   94.9703     6895.2816     6886.9915     6903.5718 -47.112493  85.344134   0.000915   0.000780
1 46814U 20077B   21056.27100880  .00003263  00000-0  17179-3 0  9991 | 2 46814  97.4844 121.1687 0011968 272.2805 160.2987 15.16281056 18083 | 2021/02/25-06:30:15   59.1620   72.6254  160.3449   94.9692     6895.2291     6886.9769     6903.4813 -50.453993  83.412247   0.000999   0.000660
1 46814U 20077B   21058.52207420  .00003501  00000-0  18393-3 0  9993 | 2 46814  97.4842 123.3890 0011985 262.7633 209.7838 15.16298594 18420 | 2021/02/27-12:31:47  109.5761  112.4790  209.7157   94.9681     6895.1760     6886.9121     6903.4398 -53.647549  81.394777   0.001076   0.000528
1 46814U 20077B   21059.97613603 -.00001052  00000-0 -50798-4 0  9994 | 2 46814  97.4818 124.8230 0012002 255.8960 228.8634 15.16298526 18649 | 2021/02/28-23:25:38  260.8253  124.6559  228.7599   94.9681     6895.1762     6886.9006     6903.4518 -55.666314  80.024764   0.001123   0.000425
1 46814U 20077B   21061.88861394 -.00000639  00000-0 -29511-4 0  9998 | 2 46814  97.4814 126.7112 0012238 247.9615 229.8224 15.16308770 18936 | 2021/03/02-21:19:36  236.2896  117.6769  229.7154   94.9675     6895.1451     6886.7068     6903.5834 -58.272613  78.146823   0.001184   0.000310
1 46814U 20077B   21063.20072006  .00004324  00000-0  22613-3 0  9998 | 2 46814  97.4804 128.0027 0012547 242.2122 193.4934 15.16326905 19136 | 2021/03/04-04:49:02   30.7279   75.6721  193.4599   94.9663     6895.0901     6886.4389     6903.7414 -60.018547  76.812775   0.001235   0.000223
1 46814U 20077B   21064.79075138  .00003146  00000-0  16547-3 0  9992 | 2 46814  97.4817 129.5711 0012224 237.7575 232.0727 15.16334660 19372 | 2021/03/05-18:58:40  209.0134  109.7198  231.9623   94.9658     6895.0666     6886.6381     6903.4951 -62.099280  75.142273   0.001212   0.000156
1 46814U 20077B   21066.50713956  .00003519  00000-0  18457-3 0  9996 | 2 46814  97.4814 131.2640 0012307 231.0588 242.2991 15.16348824 19635 | 2021/03/07-12:10:16  103.3843  113.2331  242.1743   94.9650     6895.0237     6886.5380     6903.5094 -64.291859  73.274690   0.001230   0.000050
1 46814U 20077B   21067.56926072  .00002516  00000-0  13295-3 0  9999 | 2 46814  97.4810 132.3124 0012460 226.3740 281.2487 15.16349792 19792 | 2021/03/08-13:39:44   91.4816  147.4826  281.1086   94.9649     6895.0207     6886.4296     6903.6119 -65.621535  72.085779   0.001246  -0.000029
1 46814U 20077B   21069.54239302  .00003297  00000-0  17308-3 0  9998 | 2 46814  97.4805 134.2550 0013066 219.3151 252.5291 15.16358769 20094 | 2021/03/10-13:01:02  117.5899  111.7015  252.3864   94.9643     6894.9935     6885.9845     6904.0025 -68.027056  69.819535   0.001298  -0.000146
1 46814U 20077B   21070.59719034  .00002987  00000-0  15712-3 0  9992 | 2 46814  97.4816 135.2973 0012979 216.1285 250.0829 15.16363963 20251 | 2021/03/11-14:19:57  142.9471  106.0716  249.9431   94.9640     6894.9778     6886.0288     6903.9268 -69.286639  68.571306   0.001283  -0.000194
1 46814U 20077B   21072.16146952  .00002112  00000-0  11209-3 0  9997 | 2 46814  97.4805 136.8409 0012972 210.6734 149.3742 15.16369050 20494 | 2021/03/13-03:52:30   92.2497    0.1232  149.4498   94.9637     6894.9624     6886.0182     6903.9065 -71.107843  66.679252   0.001267  -0.000280
1 46814U 20077B   21073.48124894  .00001990  00000-0  10579-3 0  9996 | 2 46814  97.4801 138.1422 0013088 205.8371 154.2209 15.16374127 20698 | 2021/03/14-11:32:59  207.3594    0.1231  154.2860   94.9634     6894.9470     6885.9229     6903.9711 -72.603493  65.046927   0.001258  -0.000361
1 46814U 20077B   21074.80102434  .00001491  00000-0  80133-4 0  9999 | 2 46814  97.4800 139.4435 0013216 201.1605 158.9083 15.16377588 20894 | 2021/03/15-19:13:28  322.4673    0.1232  158.9627   94.9632     6894.9365     6885.8241     6904.0488 -74.061909  63.381260   0.001247  -0.000439
1 46814U 20077B   21075.85684290  .00001383  00000-0  74569-4 0  9996 | 2 46814  97.4798 140.4845 0013306 197.3512 162.7268 15.16380113 21055 | 2021/03/16-20:33:51  342.5524    0.1232  162.7720   94.9630     6894.9288     6885.7544     6904.1032 -75.201033  62.025124   0.001232  -0.000502
1 46814U 20077B   21076.91265826  .00001822  00000-0  97132-4 0  9993 | 2 46814  97.4796 141.5255 0013400 193.6307 166.4566 15.16384856 21214 | 2021/03/17-21:54:13    2.6363    0.1232  166.4925   94.9627     6894.9145     6885.6753     6904.1536 -76.315330  60.648519   0.001216  -0.000563
1 46814U 20077B   21078.16643551  .00002241  00000-0  11865-3 0  9991 | 2 46814  97.4794 142.7617 0013516 189.2372 170.8614 15.16390630 21409 | 2021/03/19-03:59:40   93.9844    0.1232  170.8860   94.9623     6894.8970     6885.5778     6904.2161 -77.605845  58.987849   0.001193  -0.000635
1 46814U 20077B   21079.42020756  .00002159  00000-0  11439-3 0  9992 | 2 46814  97.4793 143.9979 0013652 184.8867 175.2235 15.16396202 21592 | 2021/03/20-10:05:05  185.3303    0.1232  175.2365   94.9620     6894.8801     6885.4672     6904.2930 -78.860310  57.299785   0.001169  -0.000705
1 46814U 20077B   21080.80594657  .00003773  00000-0  19723-3 0  9999 | 2 46814  97.4787 145.3643 0013835 179.9735 180.1501 15.16407931 21808 | 2021/03/21-19:20:33  324.1824    0.1232  180.1497   94.9613     6894.8445     6885.3055     6904.3835 -80.203758  55.402654   0.001138  -0.000787
1 46814U 20077B   21081.86174129  .00004264  00000-0  22236-3 0  9993 | 2 46814  97.4787 146.4053 0013951 176.3989 183.7347 15.16417387 21966 | 2021/03/22-20:40:54  344.2581    0.1232  183.7243   94.9607     6894.8158     6885.1969     6904.4348 -81.197069  53.936378   0.001111  -0.000843
1 46814U 20077B   21082.91753055  .00003781  00000-0  19750-3 0  9991 | 2 46814  97.4787 147.4462 0014057 172.7869 187.3569 15.16424609 22126 | 2021/03/23-22:01:14    4.3318    0.1232  187.3363   94.9602     6894.7940     6885.1019     6904.4860 -82.163486  52.452441   0.001080  -0.000899
1 46814U 20077B   21084.17127334  .00003307  00000-0  17314-3 0  9994 | 2 46814  97.4785 148.6823 0014170 168.6967 191.4586 15.16432710 22315 | 2021/03/25-04:06:38   95.6674    0.1231  191.4264   94.9597     6894.7694     6884.9995     6904.5393 -83.275717  50.667672   0.001043  -0.000960
1 46814U 20077B   21085.49099412  .00003566  00000-0  18637-3 0  9991 | 2 46814  97.4784 149.9834 0014309 164.1611 196.0073 15.16443400 22513 | 2021/03/26-11:47:01  210.7534    0.1233  195.9622   94.9590     6894.7370     6884.8713     6904.6027 -84.404646  48.763656   0.000997  -0.001027
1 46814U 20077B   21086.54676590  .00003364  00000-0  17596-3 0  9995 | 2 46814  97.4780 151.0242 0014400 160.7675 199.4104 15.16449760 22674 | 2021/03/27-13:07:20  230.8216    0.1232  199.3557   94.9586     6894.7177     6884.7893     6904.6461 -85.276133  47.222258   0.000960  -0.001074
1 46814U 20077B   21087.80048990  .00003145  00000-0  16471-3 0  9990 | 2 46814  97.4775 152.2601 0014511 156.5695 203.6202 15.16456909 22869 | 2021/03/28-19:12:42  322.1503    0.1232  203.5537   94.9582     6894.6961     6884.6912     6904.7009 -86.274382  45.371732   0.000910  -0.001130
1 46814U 20077B   21088.85625359  .00002590  00000-0  13625-3 0  9997 | 2 46814  97.4772 153.3009 0014610 153.1765 207.0226 15.16460531 23020 | 2021/03/29-20:33:00  342.2156    0.1232  206.9467   94.9580     6894.6851     6884.6119     6904.7582 -87.084029  43.796990   0.000869  -0.001175
1 46814U 20077B   21090.17595249  .00002374  00000-0  12512-3 0  9993 | 2 46814  97.4767 154.6019 0014713 149.0211 211.1893 15.16466722 23229 | 2021/03/31-04:13:22   97.2957    0.1232  211.1021   94.9576     6894.6663     6884.5222     6904.8104 -88.055530  41.808261   0.000815  -0.001225
1 46814U 20077B   21091.23170719  .00002516  00000-0  13238-3 0  9996 | 2 46814  97.4765 155.6427 0014781 145.6151 214.6041 15.16472794 23387 | 2021/04/01-05:33:39  117.3583    0.1232  214.5081   94.9572     6894.6479     6884.4569     6904.8389 -88.800241  40.201806   0.000767  -0.001264
1 46814U 20077B   21092.41942746  .00002440  00000-0  12845-3 0  9993 | 2 46814  97.4764 156.8136 0014872 141.7713 218.4577 15.16478211 23564 | 2021/04/02-10:03:58  184.9276    0.1232  218.3519   94.9569     6894.6315     6884.3778     6904.8852 -89.603116  38.378772   0.000712  -0.001306
1 46814U 20077B   21093.47517525  .00002632  00000-0  13826-3 0  9996 | 2 46814  97.4763 157.8544 0014955 138.3627 221.8748 15.16483486 23721 | 2021/04/03-11:24:15  204.9881    0.1233  221.7606   94.9565     6894.6155     6884.3046     6904.9264 -90.285367  36.744816   0.000661  -0.001342
1 46814U 20077B   21094.79485553  .00002255  00000-0  11896-3 0  9993 | 2 46814  97.4762 159.1553 0015062 134.1756 226.0718 15.16488273 23927 | 2021/04/04-19:04:35  320.0630    0.1233  225.9477   94.9562     6894.6010     6884.2163     6904.9856 -91.096222  34.685558   0.000597  -0.001383
1 46814U 20077B   21095.85059579  .00002034  00000-0  10760-3 0  9990 | 2 46814  97.4763 160.1958 0015062 130.8228 229.4314 15.16492041 24081 | 2021/04/05-20:24:51  340.1227    0.1233  229.3005   94.9560     6894.5896     6884.2049     6904.9742 -91.711155  33.025642   0.000540  -0.001406
1 46814U 20077B   21097.10428368  .00001936  00000-0  10257-3 0  9997 | 2 46814  97.4761 161.4316 0015134 126.8880 233.3743 15.16496857 24270 | 2021/04/07-02:30:10   71.4422    0.1233  233.2353   94.9557     6894.5750     6884.1407     6905.0092 -92.401902  31.039952   0.000476  -0.001437
1 46814U 20077B   21098.48993262  .00001986  00000-0  10511-3 0  9997 | 2 46814  97.4760 162.7976 0015230 122.6606 237.6098 15.16503789 24488 | 2021/04/08-11:45:30  210.2675    0.1232  237.4626   94.9553     6894.5540     6884.0536     6905.0544 -93.115506  28.828338   0.000406  -0.001468
1 46814U 20077B   21099.54566237  .00001918  00000-0  10164-3 0  9992 | 2 46814  97.4758 163.8381 0015286 119.3417 240.9345 15.16507601 24648 | 2021/04/09-13:05:45  230.3244    0.1232  240.7815   94.9550     6894.5424     6884.0034     6905.0814 -93.623458  27.132630   0.000349  -0.001488
1 46814U 20077B   21100.60138951  .00001902  00000-0  10078-3 0  9997 | 2 46814  97.4755 164.8787 0015347 116.0628 244.2187 15.16511299 24809 | 2021/04/10-14:26:00  250.3809    0.1233  244.0605   94.9548     6894.5312     6883.9502     6905.1122 -94.100481  25.427791   0.000291  -0.001507
1 46814U 20077B   21101.78907804  .00002097  00000-0  11075-3 0  9992 | 2 46814  97.4752 166.0491 0015331 112.3113 247.9747 15.16517259 24986 | 2021/04/11-18:56:16  317.9445    0.1233  247.8120   94.9544     6894.5131     6883.9432     6905.0831 -94.599943  23.500326   0.000223  -0.001517
1 46814U 20077B   21103.17471073  .00001787  00000-0  94870-4 0  9991 | 2 46814  97.4750 167.4148 0015375 108.0245 252.2665 15.16520925 25190 | 2021/04/13-04:11:35   96.7673    0.1233  252.0988   94.9542     6894.5020     6883.9017     6905.1023 -95.132976  21.238939   0.000146  -0.001531
1 46814U 20077B   21104.56033673  .00001996  00000-0  10554-3 0  9993 | 2 46814  97.4744 168.7806 0015402 103.9194 256.3753 15.16528230 25400 | 2021/04/14-13:26:53  235.5889    0.1233  256.2039   94.9537     6894.4799     6883.8610     6905.0988 -95.611599  18.965251   0.000073  -0.001538
1 46814U 20077B   21105.74801128  .00002410  00000-0  12668-3 0  9992 | 2 46814  97.4741 169.9511 0015427 100.1924 260.1050 15.16534942 25589 | 2021/04/15-17:57:08  303.1492    0.1233  259.9309   94.9533     6894.4595     6883.8235     6905.0956 -95.978769  17.008121   0.000004  -0.001543
1 46814U 20077B   21106.80371905  .00002274  00000-0  11971-3 0  9999 | 2 46814  97.4739 170.9916 0015453  96.9579 263.3413 15.16538774 25747 | 2021/04/16-19:17:21  323.2022    0.1234  263.1655   94.9531     6894.4479     6883.7939     6905.1019 -96.271598  15.262392  -0.000055  -0.001544
1 46814U 20077B   21107.92540106  .00003719  00000-0  19353-3 0  9991 | 2 46814  97.4735 172.0970 0015427  93.6035 266.6963 15.16549472 25910 | 2021/04/17-22:12:34    7.0073    0.1233  266.5198   94.9524     6894.4155     6883.7795     6905.0515 -96.547723  13.402256  -0.000116  -0.001538
1 46814U 20077B   21109.17903554  .00004436  00000-0  23011-3 0  9993 | 2 46814  97.4735 173.3326 0015427  89.7435 270.5566 15.16563504 26106 | 2021/04/19-04:17:48   98.3155    0.1233  270.3798   94.9515     6894.3730     6883.7370     6905.0089 -96.814274  11.317222  -0.000186  -0.001531
1 46814U 20077B   21110.43266071  .00003029  00000-0  15821-3 0  9997 | 2 46814  97.4736 174.5681 0015399  85.9001 274.3992 15.16571788 26297 | 2021/04/20-10:23:01  189.6215    0.1233  274.2232   94.9510     6894.3479     6883.7313     6904.9645 -97.035886   9.227103  -0.000255  -0.001519
1 46814U 20077B   21111.55431925  .00002811  00000-0  14705-3 0  9991 | 2 46814  97.4737 175.6737 0015365  82.3932 277.9046 15.16579471 26464 | 2021/04/21-13:18:13  233.4200    0.1234  277.7302   94.9505     6894.3246     6883.7315     6904.9177 -97.195960   7.353070  -0.000318  -0.001503
1 46814U 20077B   21112.80793277  .00002525  00000-0  13242-3 0  9998 | 2 46814  97.4737 176.9091 0015329  78.4910 281.8044 15.16585740 26652 | 2021/04/22-19:23:25  324.7235    0.1234  281.6324   94.9501     6894.3056     6883.7373     6904.8739 -97.331900   5.255803  -0.000386  -0.001483
1 46814U 20077B   21114.12751974  .00002647  00000-0  13859-3 0  9992 | 2 46814  97.4735 178.2096 0015284  74.4529 285.8391 15.16593088 26857 | 2021/04/24-03:03:37   79.7784    0.1234  285.6705   94.9497     6894.2833     6883.7461     6904.8205 -97.425914   3.045393  -0.000455  -0.001459
1 46814U 20077B   21115.18318374  .00003042  00000-0  15875-3 0  9992 | 2 46814  97.4733 179.2499 0015224  71.2299 289.0585 15.16600462 27011 | 2021/04/25-04:23:47   99.8212    0.1234  288.8935   94.9492     6894.2610     6883.7651     6904.7568 -97.464947   1.276056  -0.000509  -0.001435
1 46814U 20077B   21116.43677667  .00003693  00000-0  19191-3 0  9991 | 2 46814  97.4731 180.4853 0015160  67.3260 292.9575 15.16611554 27207 | 2021/04/26-10:28:57  191.1198    0.1234  292.7974   94.9485     6894.2274     6883.7757     6904.6790 -97.469604  -0.825595  -0.000573  -0.001404
1 46814U 20077B   21117.49242666  .00003290  00000-0  17132-3 0  9991 | 2 46814  97.4727 181.5257 0015089  63.9900 296.2885 15.16619671 27361 | 2021/04/27-11:49:05  211.1589    0.1233  296.1333   94.9480     6894.2028     6883.8001     6904.6054 -97.438144  -2.595244  -0.000625  -0.001373
1 46814U 20077B   21118.61405013  .00003124  00000-0  16279-3 0  9990 | 2 46814  97.4725 182.6311 0015011  60.4328 299.8399 15.16626596 27535 | 2021/04/28-14:44:13  254.9492    0.1234  299.6906   94.9476     6894.1818     6883.8329     6904.5306 -97.369744  -4.474497  -0.000680  -0.001338
1 46814U 20077B   21119.86762402  .00002693  00000-0  14083-3 0  9997 | 2 46814  97.4722 183.8666 0014955  56.5583 303.7078 15.16633150 27727 | 2021/04/29-20:49:22  346.2425    0.1234  303.5651   94.9472     6894.1619     6883.8517     6904.4721 -97.250330  -6.572910  -0.000738  -0.001301
1 46814U 20077B   21121.12119270  .00002680  00000-0  14013-3 0  9997 | 2 46814  97.4720 185.1019 0014845  52.6080 307.6502 15.16639371 27916 | 2021/05/01-02:54:31   77.5354    0.1234  307.5154   94.9468     6894.1431     6883.9087     6904.3774 -97.085827  -8.667924  -0.000793  -0.001255
1 46814U 20077B   21122.44073259  .00002664  00000-0  13931-3 0  9999 | 2 46814  97.4718 186.4024 0014715  48.3327 311.9163 15.16646111 28119 | 2021/05/02-10:34:39  192.5791    0.1234  311.7907   94.9463     6894.1226     6883.9779     6904.2673 -96.863893 -10.869135  -0.000850  -0.001201
1 46814U 20077B   21123.56233615  .00002348  00000-0  12316-3 0  9992 | 2 46814  97.4718 187.5077 0014629  44.7246 315.5164 15.16651532 28285 | 2021/05/03-13:29:45  236.3646    0.1234  315.3988   94.9460     6894.1062     6884.0208     6904.1916 -96.636205 -12.735610  -0.000896  -0.001156
1 46814U 20077B   21124.61795985  .00002019  00000-0  10638-3 0  9992 | 2 46814  97.4719 188.5480 0014539  41.2899 318.9430 15.16655914 28440 | 2021/05/04-14:49:51  256.3974    0.1233  318.8334   94.9457     6894.0929     6884.0696     6904.1162 -96.389152 -14.488020  -0.000938  -0.001111
1 46814U 20077B   21125.73955712  .00001986  00000-0  10468-3 0  9995 | 2 46814  97.4719 189.6533 0014464  37.7333 322.4912 15.16660452 28618 | 2021/05/05-17:44:57  300.1810    0.1234  322.3901   94.9454     6894.0792     6884.1076     6904.0508 -96.091744 -16.344664  -0.000979  -0.001064
1 46814U 20077B   21126.79517500  .00002092  00000-0  11007-3 0  9990 | 2 46814  97.4719 190.6935 0014367  34.3399 325.8760 15.16664789 28775 | 2021/05/06-19:05:03  320.2123    0.1234  325.7835   94.9452     6894.0660     6884.1613     6903.9707 -95.779189 -18.086412  -0.001015  -0.001016
1 46814U 20077B   21127.91676498  .00002062  00000-0  10853-3 0  9992 | 2 46814  97.4717 191.7986 0014272  30.4090 329.7968 15.16669522 28943 | 2021/05/07-22:00:08    3.9952    0.1234  329.7144   94.9449     6894.0517     6884.2125     6903.8909 -95.412355 -19.930246  -0.001057  -0.000959
1 46814U 20077B   21129.10432762  .00001881  00000-0  99324-4 0  9998 | 2 46814  97.4716 192.9688 0014154  26.5000 333.6954 15.16673695 29126 | 2021/05/09-02:30:13   71.5285    0.1234  333.6234   94.9446     6894.0390     6884.2812     6903.7969 -94.985335 -21.874619  -0.001093  -0.000900
1 46814U 20077B   21130.15993603  .00001829  00000-0  96667-4 0  9990 | 2 46814  97.4715 194.0090 0014042  23.0000 337.1859 15.16677682 29283 | 2021/05/10-03:50:18   91.5572    0.1234  337.1234   94.9444     6894.0270     6884.3464     6903.7075 -94.572475 -23.595346  -0.001121  -0.000845
1 46814U 20077B   21131.21554113  .00002018  00000-0  10630-3 0  9993 | 2 46814  97.4713 195.0492 0013929  19.4121 340.7639 15.16682920 29449 | 2021/05/11-05:10:22  111.5852    0.1233  340.7112   94.9440     6894.0111     6884.4084     6903.6138 -94.128348 -25.308266  -0.001148  -0.000788
1 46814U 20077B   21132.40309416  .00001727  00000-0  91439-4 0  9992 | 2 46814  97.4712 196.2194 0013803  15.4368 344.7284 15.16686002 29625 | 2021/05/12-09:40:27  179.1154    0.1235  344.6867   94.9438     6894.0017     6884.4860     6903.5175 -93.591765 -27.225289  -0.001175  -0.000724
1 46814U 20077B   21133.52466669  .00002820  00000-0  14708-3 0  9998 | 2 46814  97.4708 197.3246 0013660  11.9220 348.2334 15.16694490 29792 | 2021/05/13-12:35:31  222.8916    0.1234  348.2014   94.9433     6893.9760     6884.5589     6903.3932 -93.048845 -29.025320  -0.001192  -0.000667
1 46814U 20077B   21134.64623353  .00002615  00000-0  13662-3 0  9997 | 2 46814  97.4705 198.4298 0013525   7.8849 352.2594 15.16700506 29967 | 2021/05/14-15:30:34  266.6670    0.1234  352.2385   94.9429     6893.9578     6884.6337     6903.2819 -92.471405 -30.814569  -0.001212  -0.000600
1 46814U 20077B   21135.89974333  .00002108  00000-0  11082-3 0  9993 | 2 46814  97.4703 199.6649 0013400   3.4803 356.6521 15.16707246 30151 | 2021/05/15-21:35:37  357.9429    0.1234  356.6431   94.9425     6893.9374     6884.6995     6903.1752 -91.785528 -32.800553  -0.001232  -0.000527
1 46814U 20077B   21137.94493341  .00001879  00000-0  99114-4 0  9993 | 2 46814  97.4703 201.6803 0013167 356.3761   3.7374 15.16717153 30468 | 2021/05/17-22:40:42   14.2307    0.1234    3.7473   94.9419     6893.9073     6884.8301     6902.9846 -90.575217 -36.008187  -0.001252  -0.000408
1 46814U 20077B   21139.13245664  .00002680  00000-0  13987-3 0  9993 | 2 46814  97.4702 202.8505 0013038 352.2554   7.8476 15.16725283 30642 | 2021/05/19-03:10:44   81.7498    0.1234    7.8680   94.9414     6893.8827     6884.8945     6902.8710 -89.820860 -37.850404  -0.001259  -0.000340
1 46814U 20077B   21140.18802841  .00002928  00000-0  15246-3 0  9991 | 2 46814  97.4703 203.8905 0012907 348.3764  11.7170 15.16731539 30805 | 2021/05/20-04:30:45  101.7657    0.1235   11.7471   94.9410     6893.8638     6884.9658     6902.7617 -89.119154 -39.474496  -0.001261  -0.000274
1 46814U 20077B   21141.44151304  .00003482  00000-0  18065-3 0  9990 | 2 46814  97.4704 205.1257 0012766 343.8266  16.2558 15.16741500 30990 | 2021/05/21-10:35:46  193.0314    0.1234   16.2968   94.9404     6893.8336     6885.0329     6902.6342 -88.247598 -41.386475  -0.001261  -0.000199
1 46814U 20077B   21142.56304569  .00002703  00000-0  14097-3 0  9993 | 2 46814  97.4704 206.2307 0012686 339.5639  20.5085 15.16746895 31160 | 2021/05/22-13:30:47  236.7936    0.1234   20.5595   94.9400     6893.8172     6885.0717     6902.5627 -87.433061 -43.080606  -0.001262  -0.000128
1 46814U 20077B   21143.88249149  .00002244  00000-0  11759-3 0  9993 | 2 46814  97.4704 207.5309 0012560 334.7323  25.3294 15.16753301 31361 | 2021/05/23-21:10:47  351.8051    0.1234   25.3911   94.9396     6893.7978     6885.1392     6902.4564 -86.433016 -45.053442  -0.001255  -0.000050
1 46814U 20077B   21145.39984792  .00002531  00000-0  13217-3 0  9991 | 2 46814  97.4703 209.0261 0012414 329.1447  30.9056 15.16761023 31590 | 2021/05/25-09:35:46  178.0652    0.1235   30.9788   94.9391     6893.7744     6885.2165     6902.3323 -85.227910 -47.293368  -0.001241   0.000040
1 46814U 20077B   21146.45539567  .00002780  00000-0  14482-3 0  9996 | 2 46814  97.4701 210.0663 0012318 325.1045  34.9380 15.16766589 31753 | 2021/05/26-10:55:46  198.0704    0.1234   35.0189   94.9388     6893.7576     6885.2658     6902.2493 -84.355132 -48.832694  -0.001227   0.000104
1 46814U 20077B   21147.90676825  .00003004  00000-0  15621-3 0  9992 | 2 46814  97.4697 211.4964 0012215 319.4837  40.5486 15.16774895 31970 | 2021/05/27-21:45:44    0.5752    0.1234   40.6397   94.9383     6893.7324     6885.3117     6902.1531 -83.109781 -50.922557  -0.001206   0.000192
1 46814U 20077B   21149.09424768  .00002367  00000-0  12380-3 0  9991 | 2 46814  97.4692 212.6667 0012113 314.9316  45.0934 15.16781159 32157 | 2021/05/29-02:15:42   68.0752    0.1234   45.1918   94.9379     6893.7134     6885.3631     6902.0638 -82.051973 -52.609113  -0.001183   0.000260
1 46814U 20077B   21150.47963533  .00001890  00000-0  99527-4 0  9992 | 2 46814  97.4693 214.0318 0012037 309.5801  50.4368 15.16786694 32364 | 2021/05/30-11:30:40  206.8232    0.1233   50.5432   94.9375     6893.6966     6885.3987     6901.9946 -80.775449 -54.548981  -0.001155   0.000340
1 46814U 20077B   21151.73307681  .00002026  00000-0  10643-3 0  9991 | 2 46814  97.4693 215.2669 0011939 304.7581  55.2527 15.16792612 32556 | 2021/05/31-17:35:37  298.0686    0.1233   55.3652   94.9372     6893.6787     6885.4483     6901.9091 -79.580885 -56.277413  -0.001122   0.000408
1 46814U 20077B   21152.78860335  .00001975  00000-0  10383-3 0  9990 | 2 46814  97.4697 216.3068 0011950 300.6470  59.3585 15.16796426 32714 | 2021/06/01-18:55:35  318.0640    0.1234   59.4764   94.9369     6893.6671     6885.4292     6901.9051 -78.546739 -57.712669  -0.001100   0.000468
1 46814U 20077B   21154.10800780  .00002028  00000-0  10651-3 0  9994 | 2 46814  97.4696 217.6069 0011893 295.4844  64.5159 15.16802208 32913 | 2021/06/03-02:35:31   73.0551    0.1234   64.6390   94.9366     6893.6496     6885.4510     6901.8482 -77.216992 -59.479905  -0.001061   0.000538
1 46814U 20077B   21155.55934636  .00001985  00000-0  10430-3 0  9998 | 2 46814  97.4694 219.0371 0011822 289.4887  70.5069 15.16808629 33130 | 2021/06/04-13:25:27  235.5420    0.1234   70.6347   94.9362     6893.6302     6885.4805     6901.7798 -75.708216 -61.388516  -0.001008   0.000617
1 46814U 20077B   21156.74680208  .00001844  00000-0  97141-4 0  9992 | 2 46814  97.4695 220.2071 0011773 284.8022  75.1907 15.16812839 33317 | 2021/06/05-17:55:23  303.0292    0.1234   75.3212   94.9359     6893.6174     6885.5016     6901.7333 -74.439020 -62.921663  -0.000964   0.000675
1 46814U 20077B   21157.80231505  .00002031  00000-0  10660-3 0  9991 | 2 46814  97.4694 221.2471 0011802 280.6975  79.2929 15.16817834 33471 | 2021/06/06-19:15:20  323.0167    0.1233   79.4258   94.9356     6893.6023     6885.4665     6901.7381 -73.284628 -64.262332  -0.000929   0.000728
1 46814U 20077B   21158.92379464  .00001661  00000-0  87805-4 0  9996 | 2 46814  97.4694 222.3521 0011787 276.2293  83.7597 15.16820274 33647 | 2021/06/07-22:10:15    6.7512    0.1233   83.8940   94.9354     6893.5949     6885.4694     6901.7204 -72.031720 -65.663653  -0.000884   0.000780
1 46814U 20077B   21160.11123955  .00002065  00000-0  10832-3 0  9996 | 2 46814  97.4692 223.5220 0011758 271.2200  88.7686 15.16827031 33827 | 2021/06/09-02:40:11   74.2322    0.1233   88.9033   94.9350     6893.5744     6885.4690     6901.6799 -70.675892 -67.120512  -0.000828   0.000835
1 46814U 20077B   21161.43061721  .00001686  00000-0  89042-4 0  9992 | 2 46814  97.4691 224.8221 0011789 265.9986  93.9900 15.16832424 34028 | 2021/06/10-10:20:05  189.2085    0.1234   94.1248   94.9347     6893.5581     6885.4313     6901.6849 -69.134725 -68.706734  -0.000771   0.000892
1 46814U 20077B   21162.55208475  .00001689  00000-0  89204-4 0  9998 | 2 46814  97.4689 225.9272 0011799 261.5845  98.4051 15.16837642 34192 | 2021/06/11-13:15:00  232.9361    0.1233   98.5388   94.9344     6893.5423     6885.4086     6901.6760 -67.796618 -70.027173  -0.000718   0.000936
1 46814U 20077B   21163.73951683  .00002007  00000-0  10532-3 0  9997 | 2 46814  97.4687 227.0973 0011802 256.8365 103.1552 15.16843714 34377 | 2021/06/12-17:44:54  300.4099    0.1233  103.2868   94.9340     6893.5239     6885.3881     6901.6596 -66.352343 -71.396877  -0.000659   0.000979
1 46814U 20077B   21164.79500806  .00002491  00000-0  12986-3 0  9993 | 2 46814  97.4685 228.1373 0011842 252.5900 107.4039 15.16849830 34533 | 2021/06/13-19:04:48  320.3848    0.1233  107.5333   94.9336     6893.5053     6885.3421     6901.6686 -65.045395 -72.589290  -0.000605   0.001018
1 46814U 20077B   21165.91646301  .00002270  00000-0  11861-3 0  9995 | 2 46814  97.4683 229.2423 0011916 248.1525 111.8441 15.16855362 34707 | 2021/06/14-21:59:42    4.1063    0.1233  111.9708   94.9332     6893.4886     6885.2743     6901.7029 -63.633306 -73.830020  -0.000548   0.001058
1 46814U 20077B   21167.10388097  .00002100  00000-0  10995-3 0  9992 | 2 46814  97.4682 230.4123 0011996 243.5350 116.4653 15.16861677 34881 | 2021/06/16-02:29:35   71.5734    0.1233  116.5883   94.9328     6893.4694     6885.2000     6901.7389 -62.112445 -75.113875  -0.000487   0.001096
1 46814U 20077B   21168.15935916  .00002608  00000-0  13572-3 0  9993 | 2 46814  97.4683 231.4524 0012054 239.4782 120.5261 15.16869206 35043 | 2021/06/17-03:49:28   91.5418    0.1232  120.6450   94.9324     6893.4466     6885.1373     6901.7560 -60.738794 -76.229053  -0.000431   0.001126
1 46814U 20077B   21169.34676869  .00002195  00000-0  11475-3 0  9995 | 2 46814  97.4685 232.6224 0012124 234.8587 125.1510 15.16873797 35223 | 2021/06/18-08:19:20  159.0042    0.1232  125.2645   94.9321     6893.4327     6885.0751     6901.7903 -59.169736 -77.453540  -0.000364   0.001156
1 46814U 20077B   21170.46820658  .00002597  00000-0  13508-3 0  9992 | 2 46814  97.4686 233.7273 0012185 230.4400 129.5757 15.16880402 35393 | 2021/06/19-11:14:13  202.7163    0.1232  129.6832   94.9317     6893.4127     6885.0131     6901.8123 -57.665261 -78.580186  -0.000298   0.001181
1 46814U 20077B   21172.51317169  .00002151  00000-0  11243-3 0  9998 | 2 46814  97.4687 235.7422 0012380 222.7013 137.3259 15.16889123 35701 | 2021/06/21-12:18:58  218.8929    0.1233  137.4220   94.9311     6893.3863     6884.8523     6901.9203 -54.866832 -80.559160  -0.000182   0.001225
1 46814U 20077B   21173.56863196  .00002472  00000-0  12871-3 0  9994 | 2 46814  97.4687 236.7822 0012482 218.8689 141.1647 15.16895592 35862 | 2021/06/22-13:38:49  238.8525    0.1232  141.2543   94.9307     6893.3667     6884.7624     6901.9710 -53.395611 -81.541745  -0.000123   0.001242
1 46814U 20077B   21174.75602082  .00002594  00000-0  13483-3 0  9996 | 2 46814  97.4686 237.9523 0012588 214.4129 145.6290 15.16901846 36044 | 2021/06/23-18:08:40  306.3045    0.1232  145.7103   94.9303     6893.3478     6884.6704     6902.0251 -51.719286 -82.615032  -0.000052   0.001258
1 46814U 20077B   21175.81147428  .00002466  00000-0  12836-3 0  9991 | 2 46814  97.4685 238.9923 0012679 210.4389 149.6110 15.16906545 36207 | 2021/06/24-19:28:31  326.2600    0.1233  149.6844   94.9300     6893.3335     6884.5935     6902.0736 -50.211216 -83.540064   0.000013   0.001268
1 46814U 20077B   21176.86692434  .00002449  00000-0  12744-3 0  9998 | 2 46814  97.4683 240.0324 0012784 206.4816 153.5766 15.16911422 36369 | 2021/06/25-20:48:22  346.2140    0.1233  153.6417   94.9297     6893.3187     6884.5063     6902.1312 -48.686409 -84.437569   0.000078   0.001276
1 46814U 20077B   21178.12026584  .00003036  00000-0  15716-3 0  9991 | 2 46814  97.4680 241.2675 0012910 201.9598 158.1083 15.16919088 36556 | 2021/06/27-02:53:10   77.4072    0.1232  158.1634   94.9293     6893.2955     6884.3963     6902.1948 -46.854911 -85.467118   0.000152   0.001282
1 46814U 20077B   21179.37360168  .00002536  00000-0  13179-3 0  9993 | 2 46814  97.4678 242.5025 0013061 197.6063 162.4720 15.16924864 36747 | 2021/06/28-08:57:59  168.5983    0.1233  162.5170   94.9289     6893.2780     6884.2747     6902.2813 -45.001849 -86.456958   0.000224   0.001287
1 46814U 20077B   21180.42903847  .00002491  00000-0  12950-3 0  9994 | 2 46814  97.4677 243.5425 0013161 193.8984 166.1888 15.16930400 36909 | 2021/06/29-10:17:48  188.5469    0.1231  166.2247   94.9285     6893.2612     6884.1890     6902.3335 -43.425161 -87.259429   0.000286   0.001285
1 46814U 20077B   21181.55043652  .00002625  00000-0  13625-3 0  9997 | 2 46814  97.4678 244.6475 0013272 189.8732 170.2243 15.16936217 37078 | 2021/06/30-13:12:37  232.2402    0.1233  170.2501   94.9282     6893.2436     6884.0949     6902.3923 -41.734356 -88.080733   0.000354   0.001279
1 46814U 20077B   21182.93568673  .00003176  00000-0  16407-3 0  9998 | 2 46814  97.4678 246.0124 0013419 184.9104 175.2000 15.16944454 37288 | 2021/07/01-22:27:23   10.9179    0.1232  175.2128   94.9277     6893.2187     6883.9687     6902.4687 -39.624454 -89.049844   0.000439   0.001268
1 46814U 20077B   21184.05707395  .00003390  00000-0  17484-3 0  9993 | 2 46814  97.4679 247.1173 0013541 181.0407 179.0801 15.16951617 37454 | 2021/07/03-01:22:11   54.6073    0.1233  179.0826   94.9272     6893.1970     6883.8629     6902.5310 -37.899982 -89.797455   0.000504   0.001257
1 46814U 20077B   21185.24441978  .00002654  00000-0  13764-3 0  9996 | 2 46814  97.4680 248.2871 0013678 177.0957 183.0358 15.16956976 37634 | 2021/07/04-05:51:57  122.0416    0.1232  183.0275   94.9269     6893.1807     6883.7522     6902.6092 -36.058866 -90.552577   0.000570   0.001243
1 46814U 20077B   21186.43176039  .00002450  00000-0  12726-3 0  9992 | 2 46814  97.4681 249.4570 0013792 173.1153 187.0272 15.16963215 37819 | 2021/07/05-10:21:44  189.4736    0.1232  187.0079   94.9265     6893.1618     6883.6548     6902.6689 -34.202555 -91.270016   0.000635   0.001224
1 46814U 20077B   21187.88294806  .00002724  00000-0  14111-3 0  9999 | 2 46814  97.4681 250.8869 0013936 168.2079 191.9484 15.16971428 38037 | 2021/07/06-21:11:26  351.8878    0.1233  191.9154   94.9260     6893.1370     6883.5307     6902.7432 -31.914364 -92.095081   0.000716   0.001196
1 46814U 20077B   21189.20220330  .00002835  00000-0  14664-3 0  9994 | 2 46814  97.4680 252.1869 0014073 163.7383 196.4304 15.16978843 38233 | 2021/07/08-04:51:10  106.8076    0.1232  196.3849   94.9255     6893.1145     6883.4138     6902.8152 -29.816727 -92.795333   0.000788   0.001166
1 46814U 20077B   21190.25760288  .00002651  00000-0  13734-3 0  9995 | 2 46814  97.4679 253.2269 0014192 160.2731 199.9054 15.16983949 38398 | 2021/07/09-06:10:56  126.7419    0.1232  199.8501   94.9252     6893.0990     6883.3163     6902.8817 -28.127512 -93.321137   0.000844   0.001141
1 46814U 20077B   21191.44492261  .00002395  00000-0  12438-3 0  9995 | 2 46814  97.4676 254.3968 0014308 156.5108 203.6782 15.16989712 38573 | 2021/07/10-10:40:41  194.1669    0.1233  203.6125   94.9248     6893.0816     6883.2189     6902.9442 -26.216213 -93.875680   0.000902   0.001110
1 46814U 20077B   21192.50031466  .00001947  00000-0  10175-3 0  9997 | 2 46814  97.4674 255.4368 0014395 153.1028 207.0955 15.16993641 38731 | 2021/07/11-12:00:27  214.0990    0.1233  207.0205   94.9246     6893.0697     6883.1471     6902.9922 -24.507960 -94.335857   0.000953   0.001079
1 46814U 20077B   21193.55570496  .00002130  00000-0  11098-3 0  9994 | 2 46814  97.4677 256.4766 0014447 149.5949 210.6126 15.16997928 38895 | 2021/07/12-13:20:12  234.0307    0.1233  210.5284   94.9243     6893.0567     6883.0983     6903.0151 -22.792087 -94.765359   0.001002   0.001040
1 46814U 20077B   21194.74301453  .00002010  00000-0  10491-3 0  9994 | 2 46814  97.4675 257.6465 0014545 145.8494 214.3678 15.17002407 39079 | 2021/07/13-17:49:56  301.4528    0.1233  214.2739   94.9240     6893.0431     6883.0172     6903.0690 -20.852451 -95.210760   0.001055   0.001001
1 46814U 20077B   21195.79839808  .00001833  00000-0  95937-4 0  9991 | 2 46814  97.4674 258.6865 0014627 142.4941 217.7316 15.17005781 39236 | 2021/07/14-19:09:41  321.3827    0.1233  217.6292   94.9238     6893.0329     6882.9505     6903.1153 -19.120881 -95.573459   0.001101   0.000963
1 46814U 20077B   21197.38146794  .00002387  00000-0  12388-3 0  9996 | 2 46814  97.4669 260.2464 0014802 137.4795 222.7588 15.17013390 39478 | 2021/07/16-09:09:18  171.2757    0.1233  222.6438   94.9234     6893.0098     6882.8068     6903.2129 -16.512007 -96.058057   0.001171   0.000906
1 46814U 20077B   21198.43684272  .00002099  00000-0  10930-3 0  9992 | 2 46814  97.4669 261.2863 0014858 134.2055 226.0401 15.17017977 39631 | 2021/07/17-10:29:03  191.2036    0.1232  225.9177   94.9231     6892.9959     6882.7543     6903.2376 -14.765960 -96.341907   0.001210   0.000863
1 46814U 20077B   21199.55817488  .00001795  00000-0  93973-4 0  9994 | 2 46814  97.4671 262.3911 0014920 130.6908 229.5625 15.17022666 39803 | 2021/07/18-13:23:46  234.8759    0.1233  229.4325   94.9228     6892.9817     6882.6974     6903.2661 -12.905654 -96.608901   0.001250   0.000814
1 46814U 20077B   21200.74546440  .00001973  00000-0  10293-3 0  9996 | 2 46814  97.4673 263.5609 0015000 126.9007 233.3604 15.17027946 39985 | 2021/07/19-17:53:28  302.2928    0.1233  233.2226   94.9224     6892.9657     6882.6263     6903.3052 -10.930673 -96.852439   0.001293   0.000760
1 46814U 20077B   21201.86679018  .00002279  00000-0  11835-3 0  9991 | 2 46814  97.4673 264.6658 0015074 123.3906 236.8772 15.17032926 40150 | 2021/07/20-20:48:10  345.9637    0.1233  236.7327   94.9221     6892.9507     6882.5602     6903.3411  -9.061040 -97.045207   0.001330   0.000709
1 46814U 20077B   21202.92215076  .00003013  00000-0  15529-3 0  9990 | 2 46814  97.4673 265.7057 0015128 120.1600 240.1134 15.17039933 40314 | 2021/07/21-22:07:53    5.8882    0.1232  239.9632   94.9217     6892.9294     6882.5018     6903.3571  -7.298305 -97.193669   0.001361   0.000660
1 46814U 20077B   21204.10942503  .00004281  00000-0  21914-3 0  9997 | 2 46814  97.4672 266.8755 0015152 116.4922 243.7868 15.17050580 40495 | 2021/07/23-02:37:34   73.3018    0.1234  243.6312   94.9210     6892.8972     6882.4531     6903.3413  -5.312527 -97.322311   0.001391   0.000601
1 46814U 20077B   21205.36265058  .00003217  00000-0  16551-3 0  9998 | 2 46814  97.4670 268.1104 0015186 112.6421 247.6420 15.17057987 40681 | 2021/07/24-08:42:13  164.4582    0.1233  247.4812   94.9206     6892.8748     6882.4072     6903.3423  -3.213854 -97.413999   0.001420   0.000538
1 46814U 20077B   21206.54991138  .00002991  00000-0  15407-3 0  9991 | 2 46814  97.4668 269.2804 0015199 108.9750 251.3132 15.17064933 40865 | 2021/07/25-13:11:52  231.8682    0.1233  251.1483   94.9201     6892.8537     6882.3773     6903.3302  -1.224091 -97.459113   0.001443   0.000476
1 46814U 20077B   21208.06695965  .00002909  00000-0  14994-3 0  9998 | 2 46814  97.4664 270.7753 0015256 104.2709 256.0219 15.17073010 41098 | 2021/07/27-01:36:25   58.0014    0.1232  255.8523   94.9196     6892.8292     6882.3135     6903.3449   1.318830 -97.457477   0.001473   0.000396
1 46814U 20077B   21209.12229254  .00003091  00000-0  15908-3 0  9999 | 2 46814  97.4662 271.8151 0015260 101.0805 259.2145 15.17079156 41255 | 2021/07/28-02:56:06   77.9194    0.1233  259.0428   94.9192     6892.8106     6882.2922     6903.3291   3.087161 -97.417296   0.001488   0.000341
1 46814U 20077B   21210.44145098  .00003389  00000-0  17403-3 0  9991 | 2 46814  97.4659 273.1148 0015260  97.0889 263.2080 15.17088405 41450 | 2021/07/29-10:35:41  192.8151    0.1233  263.0344   94.9187     6892.7826     6882.2642     6903.3010   5.295979 -97.321911   0.001502   0.000270
1 46814U 20077B   21211.56272928  .00002724  00000-0  14051-3 0  9996 | 2 46814  97.4660 274.2196 0015220  93.6095 266.6880 15.17094642 41628 | 2021/07/30-13:30:19  236.4751    0.1234  266.5139   94.9183     6892.7637     6882.2729     6903.2545   7.171486 -97.201805   0.001508   0.000207
1 46814U 20077B   21212.81591769  .00002660  00000-0  13729-3 0  9992 | 2 46814  97.4661 275.4543 0015218  89.7035 270.5942 15.17101497 41816 | 2021/07/31-19:34:55  327.6232    0.1233  270.4198   94.9178     6892.7430     6882.2536     6903.2323   9.264326 -97.024806   0.001516   0.000137
1 46814U 20077B   21213.93718773  .00002473  00000-0  12784-3 0  9994 | 2 46814  97.4662 276.5590 0015225  86.2943 274.0031 15.17106339 41985 | 2021/08/01-22:29:33   11.2812    0.1233  273.8290   94.9175     6892.7283     6882.2341     6903.2225  11.133201 -96.828260   0.001521   0.000076
1 46814U 20077B   21215.12440995  .00002764  00000-0  14244-3 0  9991 | 2 46814  97.4663 277.7286 0015194  82.6850 277.6110 15.17112812 42164 | 2021/08/03-02:59:09   78.6832    0.1234  277.4384   94.9171     6892.7087     6882.2359     6903.1815  13.107349 -96.580935   0.001519   0.000011
1 46814U 20077B   21216.44353879  .00002768  00000-0  14265-3 0  9998 | 2 46814  97.4663 279.0283 0015120  78.6409 281.6522 15.17120355 42365 | 2021/08/04-10:38:41  193.5729    0.1233  281.4824   94.9167     6892.6858     6882.2641     6903.1076  15.294635 -96.258785   0.001511  -0.000061
1 46814U 20077B   21217.56479300  .00002366  00000-0  12243-3 0  9998 | 2 46814  97.4663 280.1331 0015056  75.1324 285.1576 15.17125955 42536 | 2021/08/05-13:33:18  237.2279    0.1234  284.9910   94.9163     6892.6689     6882.2913     6903.0465  17.147777 -95.945992   0.001500  -0.000124
1 46814U 20077B   21219.08177839  .00002118  00000-0  10992-3 0  9993 | 2 46814  97.4661 281.6278 0015009  70.4112 289.8740 15.17132705 42761 | 2021/08/07-01:57:45   63.3480    0.1233  289.7121   94.9159     6892.6484     6882.3033     6902.9936  19.644603 -95.465859   0.001486  -0.000208
1 46814U 20077B   21220.13706738  .00002776  00000-0  14296-3 0  9998 | 2 46814  97.4659 282.6676 0014976  67.1791 293.1023 15.17139921 42926 | 2021/08/08-03:17:22   83.2561    0.1234  292.9443   94.9154     6892.6266     6882.3042     6902.9490  21.373738 -95.093454   0.001474  -0.000264
1 46814U 20077B   21221.45617369  .00002832  00000-0  14575-3 0  9998 | 2 46814  97.4656 283.9674 0014886  63.0922 297.1831 15.17146553 43129 | 2021/08/09-10:56:53  198.1409    0.1234  297.0312   94.9150     6892.6065     6882.3462     6902.8668  23.525250 -94.583856   0.001451  -0.000333
1 46814U 20077B   21222.77527334  .00002240  00000-0  11601-3 0  9996 | 2 46814  97.4652 285.2671 0014777  58.9339 301.3343 15.17152104 43328 | 2021/08/10-18:36:23  313.0243    0.1234  301.1895   94.9147     6892.5897     6882.4045     6902.7749  25.664453 -94.025534   0.001422  -0.000402
1 46814U 20077B   21223.83055072  .00002017  00000-0  10479-3 0  9993 | 2 46814  97.4654 286.3066 0014726  55.4290 304.8330 15.17155101 43483 | 2021/08/11-19:55:59  332.9310    0.1233  304.6943   94.9145     6892.5806     6882.4306     6902.7306  27.366069 -93.544655   0.001398  -0.000462
1 46814U 20077B   21224.88582490  .00001912  00000-0  99517-4 0  9992 | 2 46814  97.4652 287.3463 0014639  52.0926 308.1629 15.17159247 43646 | 2021/08/12-21:15:35  352.8367    0.1235  308.0309   94.9142     6892.5680     6882.4780     6902.6581  29.058889 -93.032501   0.001371  -0.000514
1 46814U 20077B   21226.07300457  .00001880  00000-0  97886-4 0  9997 | 2 46814  97.4651 288.5159 0014539  48.2558 311.9916 15.17164167 43825 | 2021/08/14-01:45:07   60.2300    0.1234  311.8676   94.9139     6892.5531     6882.5321     6902.5742  30.951778 -92.419874   0.001336  -0.000573
1 46814U 20077B   21227.19422648  .00001936  00000-0  10070-3 0  9999 | 2 46814  97.4650 289.6205 0014449  44.6532 315.5862 15.17168783 43996 | 2021/08/15-04:39:41  103.8784    0.1234  315.4702   94.9136     6892.5392     6882.5801     6902.4982  32.727637 -91.805926   0.001302  -0.000627
1 46814U 20077B   21228.44735316  .00002579  00000-0  13298-3 0  9996 | 2 46814  97.4647 290.8551 0014321  40.8587 319.3717 15.17175395 44187 | 2021/08/16-10:44:11  195.0135    0.1234  319.2647   94.9132     6892.5191     6882.6484     6902.3899  34.697998 -91.079178   0.001261  -0.000679
1 46814U 20077B   21229.56856647  .00002258  00000-0  11682-3 0  9990 | 2 46814  97.4648 291.9596 0014210  37.1438 323.0776 15.17180239 44359 | 2021/08/17-13:38:44  238.6600    0.1234  322.9796   94.9129     6892.5045     6882.7102     6902.2987  36.447228 -90.393511   0.001219  -0.000730
1 46814U 20077B   21230.82168243  .00002097  00000-0  10875-3 0  9993 | 2 46814  97.4649 293.1942 0014103  33.0134 327.1977 15.17186068 44543 | 2021/08/18-19:43:13  329.7925    0.1234  327.1100   94.9126     6892.4868     6882.7663     6902.2073  38.386440 -89.587320   0.001172  -0.000784
1 46814U 20077B   21232.14074740  .00002224  00000-0  11509-3 0  9995 | 2 46814  97.4649 294.4937 0013980  28.7522 331.4479 15.17192199 44744 | 2021/08/20-03:22:40   84.6676    0.1234  331.3712   94.9122     6892.4682     6882.8326     6902.1039  40.408283 -88.693728   0.001120  -0.000837
1 46814U 20077B   21233.45980694  .00002541  00000-0  13100-3 0  9995 | 2 46814  97.4648 295.7933 0013836  24.4475 335.7412 15.17198728 44943 | 2021/08/21-11:02:07  199.5409    0.1235  335.6760   94.9118     6892.4485     6882.9121     6901.9849  42.409451 -87.754349   0.001064  -0.000885
1 46814U 20077B   21234.51504990  .00002602  00000-0  13403-3 0  9998 | 2 46814  97.4645 296.8329 0013707  20.8301 339.3488 15.17204233 45107 | 2021/08/22-12:21:40  219.4387    0.1234  339.2933   94.9114     6892.4318     6882.9843     6901.8793  43.994501 -86.970183   0.001013  -0.000923
1 46814U 20077B   21235.57028942  .00002249  00000-0  11634-3 0  9994 | 2 46814  97.4641 297.8726 0013593  17.1720 342.9971 15.17208594 45260 | 2021/08/23-13:41:13  239.3351    0.1235  342.9515   94.9111     6892.4186     6883.0497     6901.7875  45.565161 -86.157222   0.000962  -0.000960
1 46814U 20077B   21236.88933429  .00001795  00000-0  93530-4 0  9995 | 2 46814  97.4638 299.1721 0013464  12.6571 347.4997 15.17213414 45464 | 2021/08/24-21:20:38  354.2042    0.1234  347.4663   94.9108     6892.4040     6883.1241     6901.6839  47.507222 -85.101446   0.000898  -0.001003
1 46814U 20077B   21237.94456656  .00002994  00000-0  15368-3 0  9999 | 2 46814  97.4635 300.2117 0013355   9.0963 351.0510 15.17221651 45620 | 2021/08/25-22:40:10   14.0978    0.1235  351.0272   94.9103     6892.3790     6883.1743     6901.5838  49.043285 -84.225234   0.000846  -0.001033
1 46814U 20077B   21239.32955348  .00003253  00000-0  16666-3 0  9996 | 2 46814  97.4632 301.5759 0013193   4.3750 355.7596 15.17228886 45830 | 2021/08/27-07:54:33  152.7067    0.1234  355.7484   94.9099     6892.3571     6883.2641     6901.4502  51.034422 -83.033506   0.000775  -0.001068
1 46814U 20077B   21240.38477381  .00007376  00000-0  37320-3 0  9990 | 2 46814  97.4629 302.6154 0013064   0.5618 359.5627 15.17245322 45993 | 2021/08/28-09:14:04  172.5967    0.1234  359.5616   94.9088     6892.3074     6883.3033     6901.3115  52.532230 -82.093737   0.000715  -0.001093
1 46814U 20077B   21241.50593405  .00010078  00000-0  50824-3 0  9998 | 2 46814  97.4630 303.7198 0012959 356.5370   3.5772 15.17263468 46164 | 2021/08/29-12:08:32  216.2253    0.1235    3.5865   94.9077     6892.2524     6883.3207     6901.1841  54.104820 -81.066052   0.000653  -0.001119
1 46814U 20077B   21242.56113551  .00008831  00000-0  44574-3 0  9994 | 2 46814  97.4630 304.7591 0012847 352.8199   7.2848 15.17273909 46320 | 2021/08/30-13:28:02  236.1081    0.1234    7.3035   94.9071     6892.2208     6883.3664     6901.0752  55.566313 -80.071351   0.000595  -0.001139
1 46814U 20077B   21243.88013566  .00003201  00000-0  16386-3 0  9991 | 2 46814  97.4631 306.0583 0012711 347.9241  12.1686 15.17269894 46525 | 2021/08/31-21:07:23  350.9610    0.1235   12.1994   94.9073     6892.2329     6883.4722     6900.9937  57.367574 -78.790972   0.000517  -0.001161
1 46814U 20077B   21245.06722846  .00003924  00000-0  20004-3 0  9995 | 2 46814  97.4632 307.2277 0012591 343.6776  16.4050 15.17279279 46701 | 2021/09/02-01:36:48   58.3252    0.1234   16.4458   94.9067     6892.2045     6883.5266     6900.8825  58.963689 -77.603857   0.000449  -0.001176
1 46814U 20077B   21246.38621449  .00002829  00000-0  14517-3 0  9993 | 2 46814  97.4632 308.5269 0012444 338.7230  21.3484 15.17283561 46900 | 2021/09/03-09:16:08  173.1722    0.1234   21.4004   94.9065     6892.1916     6883.6149     6900.7682  60.708073 -76.247002   0.000369  -0.001188
1 46814U 20077B   21247.44139782  .00003110  00000-0  15923-3 0  9991 | 2 46814  97.4630 309.5664 0012358 334.7284  25.3343 15.17290812 47060 | 2021/09/04-10:35:36  193.0475    0.1234   25.3950   94.9060     6892.1696     6883.6523     6900.6869  62.081205 -75.132951   0.000305  -0.001198
1 46814U 20077B   21248.56252498  .00003280  00000-0  16771-3 0  9995 | 2 46814  97.4629 310.6708 0012271 330.4960  29.5580 15.17298512 47231 | 2021/09/05-13:30:02  236.6626    0.1235   29.6275   94.9055     6892.1463     6883.6889     6900.6036  63.517736 -73.922352   0.000238  -0.001204
1 46814U 20077B   21249.81554298  .00003164  00000-0  16186-3 0  9998 | 2 46814  97.4626 311.9053 0012162 325.7840  34.2608 15.17306447 47420 | 2021/09/06-19:34:22  327.7588    0.1234   34.3394   94.9050     6892.1223     6883.7401     6900.5045  65.095407 -72.536517   0.000163  -0.001205
1 46814U 20077B   21250.93665963  .00003187  00000-0  16301-3 0  9999 | 2 46814  97.4622 313.0097 0012068 321.5605  38.4768 15.17313580 47592 | 2021/09/07-22:28:47   11.3689    0.1234   38.5629   94.9046     6892.1007     6883.7833     6900.4180  66.481127 -71.268087   0.000096  -0.001203
1 46814U 20077B   21252.12371809  .00003817  00000-0  19449-3 0  9991 | 2 46814  97.4617 314.1791 0011979 316.9109  43.1186 15.17322337 47773 | 2021/09/09-02:58:09   78.7184    0.1234   43.2125   94.9040     6892.0741     6883.8181     6900.3302  67.921404 -69.896107   0.000023  -0.001198
1 46814U 20077B   21253.44266369  .00003613  00000-0  18425-3 0  9998 | 2 46814  97.4613 315.4781 0011891 311.7557  48.2659 15.17331784 47974 | 2021/09/10-10:37:26  193.5477    0.1234   48.3677   94.9034     6892.0455     6883.8502     6900.2409  69.488200 -68.338093  -0.000057  -0.001188
1 46814U 20077B   21254.76160020  .00003581  00000-0  18257-3 0  9998 | 2 46814  97.4610 316.7771 0011820 306.6447  53.3699 15.17342139 48177 | 2021/09/11-18:16:42  308.3728    0.1234   53.4787   94.9028     6892.0142     6883.8678     6900.1605  71.019340 -66.745036  -0.000135  -0.001174
1 46814U 20077B   21255.81674381  .00003348  00000-0  17088-3 0  9997 | 2 46814  97.4609 317.8163 0011776 302.4929  57.5166 15.17349172 48338 | 2021/09/12-19:36:06  328.2304    0.1234   57.6305   94.9023     6891.9929     6883.8769     6900.1089  72.218104 -65.445951  -0.000198  -0.001161
1 46814U 20077B   21256.93782839  .00003586  00000-0  18278-3 0  9995 | 2 46814  97.4609 318.9204 0011716 298.0215  61.9833 15.17357557 48503 | 2021/09/13-22:30:28   11.8265    0.1234   62.1019   94.9018     6891.9675     6883.8929     6900.0421  73.465773 -64.042230  -0.000265  -0.001141
1 46814U 20077B   21258.05890693  .00003799  00000-0  19337-3 0  9991 | 2 46814  97.4610 320.0244 0011676 293.5096  66.4910 15.17366119 48673 | 2021/09/15-01:24:49   55.4200    0.1234   66.6138   94.9013     6891.9416     6883.8945     6899.9886  74.686129 -62.614923  -0.000331  -0.001120
1 46814U 20077B   21259.11403452  .00003298  00000-0  16829-3 0  9999 | 2 46814  97.4611 321.0636 0011660 289.3594  70.6379 15.17372472 48832 | 2021/09/16-02:44:12   75.2700    0.1234   70.7640   94.9009     6891.9223     6883.8863     6899.9583  75.809536 -61.250145  -0.000391  -0.001099
1 46814U 20077B   21260.43293877  .00002575  00000-0  13215-3 0  9997 | 2 46814  97.4612 322.3626 0011656 284.1024  75.8914 15.17378719 49037 | 2021/09/17-10:23:25  190.0800    0.1234   76.0210   94.9005     6891.9034     6883.8702     6899.9366  77.178667 -59.515871  -0.000465  -0.001069
1 46814U 20077B   21261.55400174  .00002623  00000-0  13448-3 0  9993 | 2 46814  97.4612 323.4668 0011637 279.6770  80.3149 15.17385608 49206 | 2021/09/18-13:17:45  233.6653    0.1234   80.4464   94.9001     6891.8825     6883.8625     6899.9026  78.311249 -58.017530  -0.000526  -0.001038
1 46814U 20077B   21262.87289410  .00002691  00000-0  13788-3 0  9999 | 2 46814  97.4609 324.7659 0011617 274.4052  85.5854 15.17393061 49404 | 2021/09/19-20:56:58  348.4687    0.1233   85.7181   94.8996     6891.8600     6883.8537     6899.8663  79.606227 -56.227001  -0.000595  -0.000998
1 46814U 20077B   21264.19178107  .00002816  00000-0  14409-3 0  9996 | 2 46814  97.4605 326.0650 0011616 269.1432  90.8470 15.17400436 49608 | 2021/09/21-04:36:09  103.2693    0.1233   90.9801   94.8991     6891.8377     6883.8321     6899.8432  80.860192 -54.407522  -0.000663  -0.000954
1 46814U 20077B   21265.44471709  .00003653  00000-0  18585-3 0  9998 | 2 46814  97.4601 327.2990 0011655 264.1251  95.8654 15.17409941 49790 | 2021/09/22-10:40:23  194.3269    0.1233   95.9982   94.8985     6891.8089     6883.7765     6899.8413  82.012806 -52.653307  -0.000727  -0.000911
1 46814U 20077B   21266.56575835  .00004537  00000-0  22990-3 0  9994 | 2 46814  97.4596 328.4032 0011678 259.6626 100.3291 15.17419776 49968 | 2021/09/23-13:34:41  237.9013    0.1233  100.4607   94.8979     6891.7791     6883.7309     6899.8273  83.011818 -51.062821  -0.000780  -0.000869
1 46814U 20077B   21267.75273605  .00004207  00000-0  21336-3 0  9993 | 2 46814  97.4592 329.5721 0011716 254.9931 105.0006 15.17428649 50148 | 2021/09/24-18:03:56  305.2123    0.1233  105.1302   94.8974     6891.7522     6883.6778     6899.8266  84.035867 -49.358573  -0.000835  -0.000822
1 46814U 20077B   21269.20347543  .00005227  00000-0  26413-3 0  9992 | 2 46814  97.4589 331.0007 0011774 249.3626 110.6345 15.17442957 50362 | 2021/09/26-04:53:00  107.4764    0.1233  110.7607   94.8965     6891.7089     6883.5946     6899.8232  85.240052 -47.247971  -0.000897  -0.000763
1 46814U 20077B   21270.45637645  .00005309  00000-0  26814-3 0  9992 | 2 46814  97.4588 332.2344 0011844 244.4027 115.5983 15.17454772 50558 | 2021/09/27-10:57:10  198.5181    0.1233  115.7206   94.8957     6891.6731     6883.5106     6899.8356  86.237475 -45.401714  -0.000950  -0.000707
1 46814U 20077B   21271.51144274  .00005945  00000-0  29972-3 0  9995 | 2 46814  97.4588 333.2732 0011898 240.2521 119.7529 15.17466634 50712 | 2021/09/28-12:16:28  218.3391    0.1233  119.8712   94.8950     6891.6372     6883.4375     6899.8369  87.046411 -43.830811  -0.000992  -0.000657
1 46814U 20077B   21272.76432306  .00005390  00000-0  27198-3 0  9991 | 2 46814  97.4589 334.5069 0011967 235.4338 124.5767 15.17479581 50903 | 2021/09/29-18:20:37  309.3717    0.1233  124.6895   94.8942     6891.5980     6883.3508     6899.8452  87.970021 -41.946544  -0.001037  -0.000597
1 46814U 20077B   21274.14907281  .00006077  00000-0  30603-3 0  9992 | 2 46814  97.4590 335.8706 0012084 230.1978 129.8193 15.17495881 51116 | 2021/10/01-03:34:39   87.8762    0.1234  129.9256   94.8932     6891.5487     6883.2209     6899.8764  88.943474 -39.841123  -0.001085  -0.000531
1 46814U 20077B   21275.20411060  .00005371  00000-0  27079-3 0  9994 | 2 46814  97.4590 336.9095 0012170 226.1818 133.8410 15.17506059 51277 | 2021/10/02-04:53:55  107.6851    0.1233  133.9415   94.8925     6891.5179     6883.1309     6899.9048  89.651222 -38.221919  -0.001119  -0.000477
1 46814U 20077B   21276.39101682  .00005539  00000-0  27904-3 0  9994 | 2 46814  97.4590 338.0785 0012264 221.7754 138.2544 15.17521534 51452 | 2021/10/03-09:23:03  174.9652    0.1233  138.3479   94.8916     6891.4710     6883.0193     6899.9227  90.412347 -36.384946  -0.001154  -0.000417
1 46814U 20077B   21277.44603588  .00005356  00000-0  26980-3 0  9993 | 2 46814  97.4590 339.1176 0012349 217.7539 142.2829 15.17533872 51615 | 2021/10/04-10:42:17  194.7658    0.1233  142.3694   94.8908     6891.4336     6882.9234     6899.9439  91.057309 -34.739360  -0.001182  -0.000358
1 46814U 20077B   21278.89667565  .00004375  00000-0  22094-3 0  9990 | 2 46814  97.4584 340.5463 0012475 212.3953 147.6516 15.17546449 51834 | 2021/10/05-21:31:12  356.9872    0.1233  147.7280   94.8900     6891.3956     6882.7986     6899.9926  91.894590 -32.458034  -0.001216  -0.000279
1 46814U 20077B   21280.14949203  .00003608  00000-0  18278-3 0  9990 | 2 46814  97.4579 341.7801 0012581 207.7903 152.2660 15.17555655 52021 | 2021/10/07-03:35:16   87.9927    0.1233  152.3330   94.8894     6891.3677     6882.6977     6900.0377  92.571703 -30.471659  -0.001241  -0.000209
1 46814U 20077B   21281.20449085  .00003100  00000-0  15750-3 0  9990 | 2 46814  97.4576 342.8190 0012689 204.1227 155.9414 15.17561970 52181 | 2021/10/08-04:54:28  107.7854    0.1233  156.0006   94.8890     6891.3486     6882.6042     6900.0930  93.108688 -28.788122  -0.001260  -0.000153
1 46814U 20077B   21282.52323032  .00005120  00000-0  25772-3 0  9998 | 2 46814  97.4570 344.1175 0012813 199.2698 160.8053 15.17575707 52387 | 2021/10/09-12:33:27  222.5220    0.1233  160.8535   94.8882     6891.3070     6882.4772     6900.1368  93.736573 -26.670615  -0.001279  -0.000076
1 46814U 20077B   21283.77602253  .00005689  00000-0  28587-3 0  9998 | 2 46814  97.4567 345.3509 0012929 194.8104 165.2752 15.17588968 52577 | 2021/10/10-18:37:28  313.5181    0.1232  165.3128   94.8874     6891.2669     6882.3571     6900.1766  94.288656 -24.646658  -0.001293  -0.000004
1 46814U 20077B   21284.89693202  .00005586  00000-0  28065-3 0  9993 | 2 46814  97.4566 346.4545 0013040 190.7171 169.3787 15.17600584 52743 | 2021/10/11-21:31:34  357.0365    0.1233  169.4062   94.8866     6891.2317     6882.2455     6900.2179  94.745770 -22.826039  -0.001302   0.000064
1 46814U 20077B   21286.14969955  .00007867  00000-0  39351-3 0  9998 | 2 46814  97.4565 347.6878 0013178 186.3164 173.7905 15.17621054 52936 | 2021/10/13-03:35:34   88.0232    0.1232  173.8068   94.8853     6891.1697     6882.0885     6900.2509  95.215019 -20.781470  -0.001311   0.000138
1 46814U 20077B   21287.53432279  .00005198  00000-0  26114-3 0  9994 | 2 46814  97.4567 349.0512 0013307 181.7162 178.4029 15.17633969 53141 | 2021/10/14-12:49:25  226.4767    0.1233  178.4071   94.8845     6891.1306     6881.9606     6900.3007  95.682725 -18.510120  -0.001313   0.000214
1 46814U 20077B   21288.78706589  .00005167  00000-0  25949-3 0  9991 | 2 46814  97.4569 350.2848 0013427 177.3844 182.7462 15.17647215 53339 | 2021/10/15-18:53:22  317.4539    0.1232  182.7388   94.8837     6891.0905     6881.8379     6900.3432  96.059245 -16.445937  -0.001312   0.000287
1 46814U 20077B   21290.30353298  .00002917  00000-0  14793-3 0  9992 | 2 46814  97.4569 351.7782 0013568 172.2174 187.9273 15.17656106 53569 | 2021/10/17-07:17:05  143.3693    0.1233  187.9059   94.8832     6891.0636     6881.7138     6900.4134  96.455227 -13.936874  -0.001304   0.000374
1 46814U 20077B   21291.42439257  .00004388  00000-0  22075-3 0  9992 | 2 46814  97.4567 352.8820 0013674 168.5105 191.6443 15.17667551 53738 | 2021/10/18-10:11:07  186.8696    0.1232  191.6127   94.8824     6891.0290     6881.6062     6900.4518  96.705607 -12.076174  -0.001296   0.000436
1 46814U 20077B   21292.54524592  .00002934  00000-0  14870-3 0  9992 | 2 46814  97.4564 353.9857 0013770 164.7683 195.3968 15.17673374 53905 | 2021/10/19-13:05:09  230.3676    0.1233  195.3550   94.8821     6891.0113     6881.5224     6900.5003  96.919978 -10.211158  -0.001283   0.000499
1 46814U 20077B   21293.73202533  .00004024  00000-0  20263-3 0  9997 | 2 46814  97.4560 355.1544 0013892 160.7938 199.3822 15.17683927 54080 | 2021/10/20-17:34:06  297.5983    0.1233  199.3295   94.8814     6890.9794     6881.4064     6900.5523  97.107687  -8.232196  -0.001269   0.000566
1 46814U 20077B   21294.91879896  .00002555  00000-0  12986-3 0  9990 | 2 46814  97.4556 356.3230 0014002 156.9184 203.2681 15.17689133 54267 | 2021/10/21-22:03:04    4.8274    0.1232  203.2048   94.8811     6890.9636     6881.3149     6900.6124  97.254982  -6.249995  -0.001250   0.000630
1 46814U 20077B   21296.10556686  .00003232  00000-0  16334-3 0  9996 | 2 46814  97.4550 357.4914 0014082 153.0567 207.1401 15.17697114 54444 | 2021/10/23-02:32:00   72.0549    0.1233  207.0666   94.8806     6890.9395     6881.2357     6900.6433  97.361605  -4.265541  -0.001226   0.000692
1 46814U 20077B   21297.55605521  .00002689  00000-0  13643-3 0  9994 | 2 46814  97.4548 358.9194 0014192 148.4015 211.8074 15.17703904 54662 | 2021/10/24-13:20:43  234.2203    0.1233  211.7218   94.8802     6890.9189     6881.1393     6900.6985  97.437468  -1.837891  -0.001195   0.000766
1 46814U 20077B   21299.00653228  .00004878  00000-0  24460-3 0  9994 | 2 46814  97.4543   0.3474 0014303 143.6384 216.5824 15.17718726 54883 | 2021/10/26-00:09:24   36.3818    0.1233  216.4849   94.8792     6890.8741     6881.0180     6900.7301  97.452509   0.590888  -0.001157   0.000841
1 46814U 20077B   21300.39106707  .00004187  00000-0  21034-3 0  9991 | 2 46814  97.4543   1.7104 0014399 139.1930 221.0384 15.17729777 55094 | 2021/10/27-09:23:08  174.8054    0.1232  220.9302   94.8785     6890.8406     6880.9185     6900.7627  97.410880   2.908785  -0.001117   0.000908
1 46814U 20077B   21301.44594290  .00004961  00000-0  24851-3 0  9996 | 2 46814  97.4544   2.7488 0014465 135.8781 224.3610 15.17740539 55257 | 2021/10/28-10:42:09  194.5543    0.1234  224.2453   94.8779     6890.8080     6880.8405     6900.7756  97.342268   4.673641  -0.001085   0.000956
1 46814U 20077B   21302.56673905  .00007431  00000-0  37030-3 0  9999 | 2 46814  97.4545   3.8522 0014516 132.1607 228.0863 15.17757112 55428 | 2021/10/29-13:36:06  238.0343    0.1234  227.9627   94.8768     6890.7579     6880.7553     6900.7605  97.234319   6.547279  -0.001044   0.001008
1 46814U 20077B   21303.81938371  .00005232  00000-0  26170-3 0  9999 | 2 46814  97.4546   5.0856 0014568 128.2785 231.9762 15.17766419 55615 | 2021/10/30-19:39:54  328.9800    0.1233  231.8448   94.8763     6890.7297     6880.6913     6900.7681  97.070958   8.638762  -0.001000   0.001059
1 46814U 20077B   21304.87423214  .00008860  00000-0  44045-3 0  9992 | 2 46814  97.4546   6.1241 0014630 125.0216 235.2393 15.17783086 55772 | 2021/10/31-20:58:53  348.7204    0.1233  235.1017   94.8752     6890.6793     6880.5982     6900.7603  96.898442  10.396681  -0.000963   0.001102
1 46814U 20077B   21305.92907296  .00004887  00000-0  24449-3 0  9997 | 2 46814  97.4547   7.1629 0014660 121.6906 238.5760 15.17790072 55930 | 2021/11/01-22:17:51    8.4583    0.1234  238.4328   94.8748     6890.6581     6880.5564     6900.7598  96.694129  12.151704  -0.000920   0.001142
1 46814U 20077B   21307.04982868  .00010422  00000-0  51690-3 0  9990 | 2 46814  97.4546   8.2665 0014718 118.1144 242.1580 15.17813900 56107 | 2021/11/03-01:11:45   51.9257    0.1234  242.0090   94.8733     6890.5860     6880.4444     6900.7276  96.442049  14.011790  -0.000873   0.001185
1 46814U 20077B   21308.17056878  .00020943  00000-0  10328-2 0  9999 | 2 46814  97.4543   9.3700 0014789 114.5252 245.7525 15.17850428 56276 | 2021/11/04-04:05:37   95.3879    0.1233  245.5981   94.8710     6890.4754     6880.2851     6900.6658  96.154020  15.866473  -0.000825   0.001228
1 46814U 20077B   21309.42314060  .00006820  00000-0  33914-3 0  9993 | 2 46814  97.4536  10.6034 0014851 110.6949 249.5879 15.17857644 56465 | 2021/11/05-10:09:19  186.3099    0.1234  249.4285   94.8706     6890.4536     6880.2206     6900.6866  95.789524  17.932406  -0.000772   0.001269
1 46814U 20077B   21310.54385293  .00003374  00000-0  16951-3 0  9997 | 2 46814  97.4531  11.7066 0014808 107.2212 253.0644 15.17863152 56634 | 2021/11/06-13:03:08  229.7650    0.1234  252.9022   94.8702     6890.4369     6880.2336     6900.6403  95.426021  19.773243  -0.000716   0.001296
1 46814U 20077B   21311.79640761  .00002961  00000-0  14912-3 0  9995 | 2 46814  97.4528  12.9395 0014846 103.3242 256.9648 15.17870467 56824 | 2021/11/07-19:06:49  320.6829    0.1233  256.7991   94.8698     6890.4148     6880.1853     6900.6443  94.978186  21.821833  -0.000657   0.001331
1 46814U 20077B   21312.91710661  .00004321  00000-0  21603-3 0  9994 | 2 46814  97.4524  14.0427 0014839  99.9111 260.3798 15.17881601 56991 | 2021/11/08-22:00:38    4.1341    0.1233  260.2122   94.8691     6890.3811     6880.1565     6900.6057  94.540051  23.646332  -0.000602   0.001356
1 46814U 20077B   21313.97187754  .00002567  00000-0  12969-3 0  9997 | 2 46814  97.4523  15.0810 0014822  96.6029 263.6893 15.17886164 57151 | 2021/11/09-23:19:30   23.8516    0.1234  263.5205   94.8688     6890.3673     6880.1544     6900.5802  94.095942  25.355562  -0.000548   0.001377
1 46814U 20077B   21315.15848726  .00004099  00000-0  20500-3 0  9994 | 2 46814  97.4523  16.2490 0014839  92.8805 267.4127 15.17898169 57336 | 2021/11/11-03:48:13   91.0317    0.1233  267.2428   94.8680     6890.3310     6880.1064     6900.5555  93.559542  27.268348  -0.000486   0.001402
1 46814U 20077B   21316.21324611  .00002761  00000-0  13916-3 0  9991 | 2 46814  97.4524  17.2874 0014829  89.6046 270.6887 15.17903960 57496 | 2021/11/12-05:07:04  110.7460    0.1234  270.5188   94.8677     6890.3134     6880.0958     6900.5311  93.050102  28.959433  -0.000431   0.001419
1 46814U 20077B   21317.46576916  .00001606  00000-0  82349-4 0  9990 | 2 46814  97.4526  18.5206 0014827  85.8032 274.4895 15.17907347 57687 | 2021/11/13-11:10:42  201.6563    0.1233  274.3201   94.8675     6890.3032     6880.0869     6900.5194  92.405482  30.955389  -0.000367   0.001437
1 46814U 20077B   21318.58644328  .00002452  00000-0  12394-3 0  9999 | 2 46814  97.4526  19.6239 0014792  82.3079 277.9834 15.17913726 57857 | 2021/11/14-14:04:28  245.1016    0.1234  277.8155   94.8671     6890.2839     6880.0918     6900.4760  91.792304  32.728920  -0.000306   0.001447
1 46814U 20077B   21319.83895440  .00003784  00000-0  18937-3 0  9999 | 2 46814  97.4527  20.8571 0014749  78.3997 281.8891 15.17924188 58040 | 2021/11/15-20:08:05  336.0095    0.1234  281.7237   94.8664     6890.2522     6880.0898     6900.4147  91.066753  34.696905  -0.000237   0.001456
1 46814U 20077B   21321.15738039  .00002428  00000-0  12270-3 0  9995 | 2 46814  97.4524  22.1552 0014680  74.2095 286.0757 15.17929649 58246 | 2021/11/17-03:46:37   90.6478    0.1235  285.9140   94.8661     6890.2357     6880.1208     6900.3506  90.257074  36.750930  -0.000163   0.001459
1 46814U 20077B   21322.54171984  .00002530  00000-0  12770-3 0  9998 | 2 46814  97.4521  23.5182 0014645  69.9145 290.3664 15.17938168 58459 | 2021/11/18-13:00:04  229.0158    0.1235  290.2090   94.8655     6890.2099     6880.1192     6900.3006  89.357082  38.887320  -0.000088   0.001462
1 46814U 20077B   21323.92605271  .00003181  00000-0  15964-3 0  9993 | 2 46814  97.4516  24.8810 0014593  65.6272 294.6483 15.17946300 58667 | 2021/11/19-22:13:30    7.3827    0.1234  294.4962   94.8650     6890.1853     6880.1305     6900.2402  88.406492  41.001299  -0.000013   0.001459
1 46814U 20077B   21325.24445814  .00002674  00000-0  13469-3 0  9999 | 2 46814  97.4511  26.1788 0014488  61.4129 298.8561 15.17953397 58868 | 2021/11/21-05:52:01  122.0168    0.1235  298.7106   94.8646     6890.1638     6880.1814     6900.1463  87.454729  42.992875   0.000061   0.001448
1 46814U 20077B   21326.43101560  .00003671  00000-0  18363-3 0  9994 | 2 46814  97.4507  27.3469 0014435  57.6754 302.5875 15.17963614 59040 | 2021/11/22-10:20:39  189.1851    0.1234  302.4480   94.8639     6890.1329     6880.1870     6900.0788  86.559756  44.766589   0.000125   0.001438
1 46814U 20077B   21327.55164690  .00003421  00000-0  17130-3 0  9995 | 2 46814  97.4505  28.4499 0014359  54.1189 306.1376 15.17971438 59210 | 2021/11/23-13:14:22  232.6203    0.1235  306.0046   94.8634     6890.1092     6880.2157     6900.0028  85.681794  46.424457   0.000186   0.001424
1 46814U 20077B   21328.60635368  .00003108  00000-0  15592-3 0  9999 | 2 46814  97.4503  29.4880 0014286  50.7386 309.5113 15.17978041 59373 | 2021/11/24-14:33:08  252.3228    0.1235  309.3849   94.8630     6890.0893     6880.2461     6899.9324  84.826472  47.969059   0.000243   0.001408
1 46814U 20077B   21329.79289518  .00001985  00000-0  10081-3 0  9991 | 2 46814  97.4504  30.6559 0014210  47.0047 313.2375 15.17982029 59554 | 2021/11/25-19:01:46  319.4870    0.1234  313.1187   94.8628     6890.0772     6880.2864     6899.8680  83.831217  49.688102   0.000304   0.001388
1 46814U 20077B   21330.91351351  .00001805  00000-0  91943-4 0  9990 | 2 46814  97.4505  31.7591 0014121  43.1716 317.0622 15.17985898 59727 | 2021/11/26-21:55:27    2.9194    0.1234  316.9518   94.8625     6890.0655     6880.3360     6899.7950  82.859104  51.292971   0.000367   0.001364
1 46814U 20077B   21332.23188223  .00004281  00000-0  21339-3 0  9995 | 2 46814  97.4505  33.0567 0014001  39.0399 321.1842 15.17998177 59929 | 2021/11/28-05:33:54  117.5437    0.1234  321.0835   94.8618     6890.0283     6880.3816     6899.6751  81.676303  53.156199   0.000430   0.001332
1 46814U 20077B   21333.55023958  .00004242  00000-0  21143-3 0  9994 | 2 46814  97.4506  34.3545 0013892  34.7480 325.4658 15.18009816 60120 | 2021/11/29-13:12:20  232.1642    0.1234  325.3754   94.8610     6889.9931     6880.4215     6899.5647  80.451502  54.992502   0.000496   0.001298
1 46814U 20077B   21334.60491986  .00003125  00000-0  15663-3 0  9990 | 2 46814  97.4506  35.3928 0013818  31.3146 328.8908 15.18016375 60286 | 2021/11/30-14:31:05  251.8588    0.1235  328.8089   94.8606     6889.9733     6880.4527     6899.4938  79.441786  56.441315   0.000546   0.001269
1 46814U 20077B   21335.85734252  .00006655  00000-0  32949-3 0  9991 | 2 46814  97.4507  36.6258 0013676  27.0473 333.1471 15.18033584 60470 | 2021/12/01-20:34:34  342.7434    0.1235  333.0762   94.8596     6889.9212     6880.4985     6899.3439  78.208954  58.137754   0.000607   0.001226
1 46814U 20077B   21336.91200249  .00006246  00000-0  30933-3 0  9990 | 2 46814  97.4506  37.6642 0013583  23.7129 336.4728 15.18047760 60635 | 2021/12/02-21:53:17    2.4308    0.1235  336.4106   94.8587     6889.8783     6880.5198     6899.2368  77.142429  59.545488   0.000651   0.001192
1 46814U 20077B   21338.23031453  .00005393  00000-0  26746-3 0  9995 | 2 46814  97.4500  38.9619 0013466  19.2707 340.9033 15.18063240 60831 | 2021/12/04-05:31:39  117.0365    0.1234  340.8527   94.8577     6889.8315     6880.5536     6899.1093  75.773638  61.276898   0.000709   0.001145
1 46814U 20077B   21339.41678580  .00004361  00000-0  21691-3 0  9992 | 2 46814  97.4494  40.1298 0013340  15.2360 344.9273 15.18073269 61016 | 2021/12/05-10:00:10  184.1784    0.1235  344.8875   94.8571     6889.8011     6880.6101     6898.9921  74.508475  62.808222   0.000758   0.001098
1 46814U 20077B   21340.53733504  .00003900  00000-0  19432-3 0  9993 | 2 46814  97.4490  41.2326 0013231  11.3377 348.8152 15.18082185 61184 | 2021/12/06-12:53:45  227.5882    0.1234  348.7857   94.8565     6889.7741     6880.6583     6898.8900  73.285547  64.230337   0.000804   0.001051
1 46814U 20077B   21341.59196347  .00003782  00000-0  18849-3 0  9997 | 2 46814  97.4487  42.2706 0013121   7.7138 352.4296 15.18090499 61340 | 2021/12/07-14:12:25  247.2654    0.1236  352.4098   94.8560     6889.7490     6880.7090     6898.7890  72.109732  65.547202   0.000844   0.001005
1 46814U 20077B   21342.77841378  .00003395  00000-0  16950-3 0  9990 | 2 46814  97.4486  43.4383 0013004   3.5525 356.5799 15.18098635 61520 | 2021/12/08-18:40:54  314.4003    0.1235  356.5710   94.8555     6889.7244     6880.7650     6898.6838  70.758911  67.003031   0.000887   0.000951
1 46814U 20077B   21343.89894537  .00002477  00000-0  12457-3 0  9997 | 2 46814  97.4485  44.5412 0012899 359.5161   0.6058 15.18103596 61691 | 2021/12/09-21:34:28  357.8037    0.1235    0.6074   94.8552     6889.7094     6880.8223     6898.5964  69.456054  68.352518   0.000927   0.000897
1 46814U 20077B   21344.95355993  .00002165  00000-0  10929-3 0  9999 | 2 46814  97.4487  45.5793 0012800 355.7834   4.3290 15.18108602 61853 | 2021/12/10-22:53:07   17.4758    0.1235    4.3401   94.8549     6889.6942     6880.8754     6898.5130  68.206433  69.599797   0.000961   0.000846
1 46814U 20077B   21346.13999706  .00002331  00000-0  11738-3 0  9991 | 2 46814  97.4488  46.7472 0012686 351.6339   8.4681 15.18114785 62037 | 2021/12/12-03:21:35   84.6051    0.1234    8.4895   94.8545     6889.6755     6880.9353     6898.4158  66.773729  70.975614   0.000994   0.000788
1 46814U 20077B   21347.45825451  .00002831  00000-0  14182-3 0  9993 | 2 46814  97.4489  48.0449 0012546 346.9369  13.1538 15.18123328 62231 | 2021/12/13-10:59:53  199.1907    0.1235   13.1866   94.8540     6889.6497     6881.0059     6898.2934  65.149270  72.469722   0.001028   0.000719
1 46814U 20077B   21348.57876727  .00003538  00000-0  17637-3 0  9992 | 2 46814  97.4488  49.1480 0012450 342.7524  17.3285 15.18132011 62401 | 2021/12/14-13:53:25  242.5864    0.1235   17.3711   94.8534     6889.6234     6881.0458     6898.2010  63.741977  73.710440   0.001057   0.000658
1 46814U 20077B   21349.83109723  .00004415  00000-0  21921-3 0  9993 | 2 46814  97.4489  50.3808 0012339 338.2027  21.8680 15.18143166 62596 | 2021/12/15-19:56:46  333.4370    0.1234   21.9207   94.8527     6889.5896     6881.0886     6898.0907  62.141425  75.064848   0.001084   0.000590
1 46814U 20077B   21350.88568314  .00004720  00000-0  23403-3 0  9991 | 2 46814  97.4487  51.4190 0012236 334.3468  25.7158 15.18153456 62756 | 2021/12/16-21:15:23  353.0973    0.1235   25.7767   94.8521     6889.5585     6881.1284     6897.9886  60.770997  76.178311   0.001102   0.000532
1 46814U 20077B   21352.13799351  .00005345  00000-0  26445-3 0  9991 | 2 46814  97.4483  52.6518 0012143 329.6057  30.4472 15.18167928 62949 | 2021/12/18-03:18:42   83.9402    0.1235   30.5178   94.8512     6889.5147     6881.1488     6897.8807  59.117730  77.467833   0.001124   0.000460
1 46814U 20077B   21353.45620152  .00007636  00000-0  37606-3 0  9995 | 2 46814  97.4478  53.9494 0012036 324.6817  35.3619 15.18187425 63144 | 2021/12/19-10:56:55  198.5061    0.1235   35.4418   94.8499     6889.4557     6881.1636     6897.7479  57.347981  78.786311   0.001141   0.000385
1 46814U 20077B   21354.57666117  .00012390  00000-0  60731-3 0  9998 | 2 46814  97.4476  55.0522 0011928 320.6049  39.4316 15.18214365 63311 | 2021/12/20-13:50:23  241.8803    0.1234   39.5185   94.8483     6889.3742     6881.1566     6897.5919  55.820899  79.875290   0.001149   0.000322
1 46814U 20077B   21355.82891598  .00009941  00000-0  48774-3 0  9991 | 2 46814  97.4471  56.2847 0011792 315.9980  44.0315 15.18241711 63506 | 2021/12/21-19:53:38  332.7008    0.1235   44.1255   94.8466     6889.2915     6881.1677     6897.4154  54.089627  81.057076   0.001152   0.000251
1 46814U 20077B   21356.88342934  .00010117  00000-0  49597-3 0  9994 | 2 46814  97.4465  57.3226 0011748 311.8137  48.2093 15.18264068 63668 | 2021/12/22-21:12:08  352.3336    0.1235   48.3098   94.8452     6889.2239     6881.1304     6897.3173  52.612179  82.023039   0.001160   0.000187
1 46814U 20077B   21358.13564368  .00010099  00000-0  49471-3 0  9991 | 2 46814  97.4463  58.5550 0011719 306.8064  53.2094 15.18291213 63850 | 2021/12/24-03:15:19   83.1398    0.1234   53.3170   94.8435     6889.1418     6881.0684     6897.2152  50.835771  83.135466   0.001167   0.000109
1 46814U 20077B   21359.45374181  .00010464  00000-0  51207-3 0  9995 | 2 46814  97.4465  59.8525 0011636 301.8161  58.1940 15.18317947 64059 | 2021/12/25-10:53:23  197.6625    0.1235   58.3074   94.8418     6889.0609     6881.0448     6897.0770  48.940342  84.265434   0.001163   0.000034
1 46814U 20077B   21360.57410590  .00009493  00000-0  46466-3 0  9996 | 2 46814  97.4466  60.9554 0011524 297.6378  62.3686 15.18341198 64221 | 2021/12/26-13:46:42  240.9986    0.1235   62.4857   94.8403     6888.9906     6881.0517     6896.9294  47.309378  85.191916   0.001152  -0.000028
1 46814U 20077B   21361.82625836  .00009536  00000-0  46642-3 0  9990 | 2 46814  97.4468  62.1882 0011457 292.6797  67.3226 15.18365726 64415 | 2021/12/27-19:49:48  331.7790    0.1235   67.4438   94.8388     6888.9164     6881.0238     6896.8090  45.465637  86.190224   0.001141  -0.000102
1 46814U 20077B   21362.88068729  .00009841  00000-0  48091-3 0  9998 | 2 46814  97.4468  63.2264 0011457 288.5039  71.4950 15.18386359 64576 | 2021/12/28-21:08:11  351.3779    0.1235   71.6196   94.8375     6888.8540     6880.9614     6896.7465  43.896492  86.999867   0.001134  -0.000165
1 46814U 20077B   21364.13280425  .00009127  00000-0  44600-3 0  9996 | 2 46814  97.4469  64.4593 0011457 283.5771  76.4186 15.18408884 64768 | 2021/12/30-03:11:14   82.1444    0.1234   76.5463   94.8361     6888.7858     6880.8934     6896.6783  42.014439  87.924315   0.001121  -0.000237
1 46814U 20077B   21365.45080366  .00006296  00000-0  30864-3 0  9995 | 2 46814  97.4469  65.7570 0011410 278.3351  81.6589 15.18426667 64968 | 2021/12/31-10:49:09  196.6273    0.1234   81.7883   94.8350     6888.7321     6880.8720     6896.5921  40.012424  88.853274   0.001097  -0.000313
1 46814U 20077B   22001.57109066  .00006851  00000-0  33541-3 0  9997 | 2 46814  97.4465  66.8600 0011377 273.9240  86.0693 15.18443612 65134 | 2022/01/01-13:42:22  239.9325    0.1234   86.1994   94.8339     6888.6808     6880.8436     6896.5181  38.294445  89.606673   0.001074  -0.000374
1 46814U 20077B   22002.82316439  .00005450  00000-0  26742-3 0  9999 | 2 46814  97.4459  68.0926 0011367 268.9811  91.0120 15.18456870 65321 | 2022/01/02-19:45:21  330.6808    0.1233   91.1422   94.8331     6888.6407     6880.8104     6896.4710  36.357807  90.409144   0.001047  -0.000443
1 46814U 20077B   22003.94343081  .00005072  00000-0  24901-3 0  9991 | 2 46814  97.4454  69.1954 0011387 264.5030  95.4905 15.18469374 65496 | 2022/01/03-22:38:32   13.9777    0.1234   95.6204   94.8323     6888.6029     6880.7588     6896.4469  34.610853  91.091684   0.001021  -0.000505
1 46814U 20077B   22005.12958611  .00004458  00000-0  21922-3 0  9991 | 2 46814  97.4450  70.3630 0011423 259.8299 100.1647 15.18480901 65678 | 2022/01/05-03:06:36   80.9940    0.1234  100.2935   94.8316     6888.5680     6880.6992     6896.4368  32.747352  91.777660   0.000991  -0.000568
1 46814U 20077B   22006.44752701  .00003689  00000-0  18192-3 0  9999 | 2 46814  97.4447  71.6603 0011454 254.6083 105.3886 15.18491374 65876 | 2022/01/06-10:44:26  195.4522    0.1234  105.5151   94.8310     6888.5364     6880.6462     6896.4265  30.660998  92.495258   0.000953  -0.000636
1 46814U 20077B   22007.56777089  .00003148  00000-0  15571-3 0  9997 | 2 46814  97.4447  72.7631 0011521 250.3135 109.6856 15.18498282 66044 | 2022/01/07-13:37:35  238.7391    0.1233  109.8098   94.8305     6888.5155     6880.5792     6896.4517  28.875127  93.068236   0.000921  -0.000692
1 46814U 20077B   22008.81980432  .00002799  00000-0  13882-3 0  9998 | 2 46814  97.4447  73.9957 0011551 245.3884 114.6148 15.18504835 66239 | 2022/01/08-19:40:31  329.4685    0.1235  114.7351   94.8301     6888.4957     6880.5388     6896.4526  26.866429  93.667842   0.000877  -0.000752
1 46814U 20077B   22009.87414086  .00005149  00000-0  25239-3 0  9993 | 2 46814  97.4447  75.0337 0011606 241.2135 118.7934 15.18516152 66399 | 2022/01/09-20:58:45  349.0272    0.1234  118.9099   94.8294     6888.4614     6880.4667     6896.4562  25.165178  94.139170   0.000838  -0.000803
1 46814U 20077B   22011.12615826  .00003472  00000-0  17124-3 0  9990 | 2 46814  97.4448  76.2664 0011654 236.3657 123.6466 15.18524443 66581 | 2022/01/11-03:01:40   79.7494    0.1234  123.7577   94.8289     6888.4364     6880.4086     6896.4641  23.134161  94.658859   0.000789  -0.000857
1 46814U 20077B   22012.18048091  .00005080  00000-0  24892-3 0  9998 | 2 46814  97.4449  77.3045 0011725 232.2894 127.7278 15.18536617 66744 | 2022/01/12-04:19:53   99.3018    0.1234  127.8340   94.8281     6888.3995     6880.3229     6896.4762  21.415425  95.062548   0.000747  -0.000904
1 46814U 20077B   22013.49837735  .00002436  00000-0  12108-3 0  9993 | 2 46814  97.4447  78.6020 0011833 227.3600 132.6638 15.18542423 66948 | 2022/01/13-11:57:39  213.7394    0.1234  132.7634   94.8278     6888.3820     6880.2310     6896.5330  19.257326  95.522903   0.000695  -0.000958
1 46814U 20077B   22014.55268979  .00003859  00000-0  18979-3 0  9991 | 2 46814  97.4446  79.6400 0011886 223.3448 136.6853 15.18551888 67101 | 2022/01/14-13:15:52  233.2867    0.1234  136.7786   94.8272     6888.3534     6880.1659     6896.5409  17.523700  95.855986   0.000647  -0.000997
1 46814U 20077B   22015.80467293  .00006398  00000-0  31227-3 0  9992 | 2 46814  97.4444  80.8728 0011989 218.6997 141.3379 15.18569505 67297 | 2022/01/15-19:18:43  323.9944    0.1233  141.4236   94.8261     6888.3001     6880.0417     6896.5585  15.457294  96.210619   0.000592  -0.001043
1 46814U 20077B   22016.92485754  .00005491  00000-0  26838-3 0  9993 | 2 46814  97.4441  81.9755 0012069 214.4661 145.5792 15.18582434 67468 | 2022/01/16-22:11:47    7.2545    0.1234  145.6573   94.8253     6888.2610     6879.9475     6896.5744  13.602858  96.489973   0.000537  -0.001081
1 46814U 20077B   22018.11092492  .00007064  00000-0  34406-3 0  9997 | 2 46814  97.4437  83.1430 0012143 210.0598 149.9940 15.18599134 67649 | 2022/01/18-02:39:43   74.2318    0.1233  150.0635   94.8242     6888.2105     6879.8461     6896.5748  11.633974  96.746707   0.000478  -0.001116
1 46814U 20077B   22019.16519353  .00009408  00000-0  45674-3 0  9996 | 2 46814  97.4433  84.1809 0012213 205.9938 154.0684 15.18620423 67801 | 2022/01/19-03:57:52   93.7614    0.1233  154.1295   94.8229     6888.1461     6879.7336     6896.5586   9.879576  96.941171   0.000421  -0.001146
1 46814U 20077B   22020.70213287  .00006678  00000-0  32509-3 0  9994 | 2 46814  97.4431  85.6959 0012487 199.2908 277.9547 15.18637738 68032 | 2022/01/20-16:51:04  169.8761  117.1038  277.8130   94.8218     6888.0937     6879.4926     6896.6949   7.313113  97.168288   0.000323  -0.001206
1 46814U 20077B   22021.80082807  .00006274  00000-0  30556-3 0  9990 | 2 46814  97.4423  86.7752 0012474 196.6174 163.4654 15.18646639 68205 | 2022/01/21-19:13:11  322.5727    0.1234  163.5060   94.8213     6888.0668     6879.4747     6896.6590   5.481487  97.288001   0.000289  -0.001213
1 46814U 20077B   22022.81406346 -.00033356  00000-0 -16136-2 0  9990 | 2 46814  97.4442  87.7699 0011708 191.0972 304.9396 15.18628899 68350 | 2022/01/22-19:32:15  191.3874  135.9267  304.8295   94.8224     6888.1205     6880.0559     6896.1851   3.791823  97.370397   0.000180  -0.001157
1 46814U 20077B   22023.90930082  .00006027  00000-0  29351-3 0  9997 | 2 46814  97.4422  88.8508 0012669 189.0242 171.0767 15.18663989 68526 | 2022/01/23-21:49:23    1.6074    0.1234  171.0992   94.8202     6888.0144     6879.2879     6896.7408   1.954299  97.422600   0.000174  -0.001255
1 46814U 20077B   22025.16119540  .00003880  00000-0  19008-3 0  9997 | 2 46814  97.4422  90.0832 0012757 184.7236 175.3880 15.18674513 68713 | 2022/01/25-03:52:07   92.2803    0.1233  175.3997   94.8195     6887.9826     6879.1956     6896.7696  -0.141497  97.442097   0.000107  -0.001271
1 46814U 20077B   22026.21541031  .00006125  00000-0  29795-3 0  9997 | 2 46814  97.4423  91.1212 0012877 180.9860 179.1351 15.18694424 68877 | 2022/01/26-05:10:11  111.7892    0.1233  179.1373   94.8183     6887.9223     6879.0528     6896.7919  -1.906691  97.423644   0.000047  -0.001287
1 46814U 20077B   22027.53316976  .00005240  00000-0  25530-3 0  9991 | 2 46814  97.4424  92.4187 0012991 176.5075 183.6253 15.18705140 69071 | 2022/01/27-12:47:45  226.1723    0.1234  183.6159   94.8176     6887.8899     6878.9419     6896.8380  -4.112239  97.355590  -0.000024  -0.001299
1 46814U 20077B   22028.58736594  .00005159  00000-0  25126-3 0  9999 | 2 46814  97.4425  93.4566 0013065 172.8974 187.2448 15.18720936 69238 | 2022/01/28-14:05:48  245.6747    0.1234  187.2260   94.8166     6887.8422     6878.8432     6896.8412  -5.875048  97.265228  -0.000083  -0.001304
1 46814U 20077B   22029.77332034  .00006813  00000-0  33046-3 0  9990 | 2 46814  97.4422  94.6243 0013220 168.7900 191.3632 15.18744809 69412 | 2022/01/29-18:33:34  312.6085    0.1234  191.3334   94.8151     6887.7700     6878.6644     6896.8756  -7.855953  97.125004  -0.000152  -0.001313
1 46814U 20077B   22030.82748743  .00008996  00000-0  43491-3 0  9995 | 2 46814  97.4420  95.6620 0013312 165.0993 195.0636 15.18766466 69579 | 2022/01/30-19:51:34  332.1003    0.1233  195.0240   94.8138     6887.7045     6878.5356     6896.8734  -9.613606  96.966602  -0.000214  -0.001314
1 46814U 20077B   22031.88163989  .00016735  00000-0  80471-3 0  9994 | 2 46814  97.4414  96.6998 0013386 161.6843 198.4876 15.18795879 69739 | 2022/01/31-21:09:33  351.5874    0.1233  198.4390   94.8120     6887.6156     6878.3958     6896.8354 -11.368222  96.775978  -0.000270  -0.001311
1 46814U 20077B   22033.19930837  .00012940  00000-0  62284-3 0  9990 | 2 46814  97.4407  97.9967 0013465 157.5964 202.5861 15.18820001 69936 | 2022/02/02-04:47:00  105.9393    0.1233  202.5269   94.8104     6887.5427     6878.2686     6896.8168 -13.555567  96.493195  -0.000335  -0.001304
1 46814U 20077B   22034.25342672  .00009445  00000-0  45546-3 0  9990 | 2 46814  97.4404  99.0343 0013550 153.9807 206.2112 15.18837183 70093 | 2022/02/03-06:04:56  125.4139    0.1234  206.1427   94.8094     6887.4907     6878.1582     6896.8233 -15.300648  96.231605  -0.000396  -0.001296
1 46814U 20077B   22035.43928327  .00014513  00000-0  69676-3 0  9990 | 2 46814  97.4401 100.2017 0013671 149.8216 210.3809 15.18878782 70274 | 2022/02/04-10:32:34  192.3131    0.1234  210.3018   94.8068     6887.3650     6877.9493     6896.7807 -17.258000  95.899606  -0.000467  -0.001285
1 46814U 20077B   22036.49335046  .00019209  00000-0  91957-3 0  9991 | 2 46814  97.4397 101.2394 0013767 146.4666 213.7443 15.18916414 70439 | 2022/02/05-11:50:25  211.7701    0.1234  213.6568   94.8044     6887.2512     6877.7695     6896.7329 -18.991862  95.570939  -0.000522  -0.001274
1 46814U 20077B   22037.54739853  .00011502  00000-0  55212-3 0  9994 | 2 46814  97.4395 102.2772 0013799 143.1582 217.0603 15.18940075 70596 | 2022/02/06-13:08:15  231.2209    0.1233  216.9651   94.8030     6887.1797     6877.6761     6896.6833 -20.719688  95.211085  -0.000574  -0.001255
1 46814U 20077B   22038.79906107  .00010273  00000-0  49319-3 0  9995 | 2 46814  97.4395 103.5097 0013831 139.3554 220.8715 15.18964414 70783 | 2022/02/07-19:10:38  321.8122    0.1233  220.7679   94.8014     6887.1061     6877.5806     6896.6317 -22.762840  94.743387  -0.000631  -0.001231
1 46814U 20077B   22039.85307648  .00010715  00000-0  51389-3 0  9999 | 2 46814  97.4397 104.5475 0013925 135.7859 224.4491 15.18986595 70941 | 2022/02/08-20:28:25  341.2508    0.1234  224.3375   94.8000     6887.0391     6877.4489     6896.6293 -24.475152  94.315757  -0.000689  -0.001210
1 46814U 20077B   22041.17057485  .00008796  00000-0  42221-3 0  9999 | 2 46814  97.4399 105.8449 0014030 131.4570 228.7872 15.19010829 71141 | 2022/02/10-04:05:37   95.5422    0.1234  228.6664   94.7985     6886.9658     6877.3034     6896.6282 -26.604426  93.737605  -0.000758  -0.001181
1 46814U 20077B   22042.48804672  .00017874  00000-0  85263-3 0  9992 | 2 46814  97.4398 107.1423 0014111 127.3108 232.9415 15.19050355 71348 | 2022/02/11-11:42:47  209.8251    0.1234  232.8126   94.7961     6886.8464     6877.1283     6896.5644 -28.719980  93.111102  -0.000820  -0.001148
1 46814U 20077B   22043.87135942  .00011120  00000-0  53173-3 0  9996 | 2 46814  97.4395 108.5043 0014133 122.9976 237.2619 15.19077466 71555 | 2022/02/12-20:54:45  347.8119    0.1234  237.1258   94.7944     6886.7644     6877.0314     6896.4975 -30.924942  92.401862  -0.000880  -0.001106
1 46814U 20077B   22045.18878461  .00006672  00000-0  32036-3 0  9993 | 2 46814  97.4393 109.8015 0014201 118.8229 241.4433 15.19091527 71754 | 2022/02/14-04:31:50  102.0796    0.1234  241.3005   94.7935     6886.7219     6876.9421     6896.5018 -33.008786  91.677899  -0.000939  -0.001066
1 46814U 20077B   22046.24271553  .00004908  00000-0  23652-3 0  9994 | 2 46814  97.4390 110.8391 0014246 115.5346 244.7363 15.19100859 71918 | 2022/02/15-05:49:30  121.4913    0.1234  244.5888   94.7929     6886.6937     6876.8829     6896.5045 -34.663420  91.064845  -0.000983  -0.001031
1 46814U 20077B   22047.49425108  .00003407  00000-0  16515-3 0  9992 | 2 46814  97.4385 112.0712 0014273 111.6893 248.5863 15.19109060 72109 | 2022/02/16-11:51:43  212.0408    0.1234  248.4341   94.7924     6886.6689     6876.8396     6896.4983 -36.613344  90.297975  -0.001031  -0.000987
1 46814U 20077B   22048.61403839  .00003564  00000-0  17258-3 0  9993 | 2 46814  97.4381 113.1738 0014298 108.1910 252.0882 15.19118778 72278 | 2022/02/17-14:44:12  255.1618    0.1234  251.9324   94.7918     6886.6396     6876.7930     6896.4861 -38.343994  89.576344  -0.001073  -0.000945
1 46814U 20077B   22050.01500488  .00004267  00000-0  20584-3 0  9995 | 2 46814  97.4373 114.5523 0014488 103.6157 353.4559 15.19131922 72486 | 2022/02/19-00:21:36  302.7197   97.0526  353.4369   94.7910     6886.5998     6876.6225     6896.5771 -40.487506  88.627249  -0.001139  -0.000895
1 46814U 20077B   22051.11706028  .00005553  00000-0  26675-3 0  9991 | 2 46814  97.4371 115.6380 0014336 100.5102 259.7749 15.19149942 72654 | 2022/02/20-02:48:34   76.2467    0.1235  259.6133   94.7899     6886.5454     6876.6728     6896.4179 -42.159452  87.844004  -0.001158  -0.000846
1 46814U 20077B   22052.17094563  .00004936  00000-0  23739-3 0  9994 | 2 46814  97.4368 116.6756 0014348  97.2368 263.0498 15.19168315 72819 | 2022/02/21-04:06:09   95.6450    0.1234  262.8866   94.7887     6886.4899     6876.6091     6896.3706 -43.743131  87.065886  -0.001191  -0.000801
1 46814U 20077B   22053.42242309  .00004127  00000-0  19894-3 0  9995 | 2 46814  97.4369 117.9079 0014328  93.3378 266.9496 15.19179639 73001 | 2022/02/22-10:08:17  186.1774    0.1235  266.7857   94.7880     6886.4556     6876.5887     6896.3225 -45.605503  86.105096  -0.001225  -0.000743
1 46814U 20077B   22054.54215379  .00004256  00000-0  20500-3 0  9995 | 2 46814  97.4369 119.0106 0014320  89.8456 270.4419 15.19196817 73174 | 2022/02/23-13:00:42  229.2813    0.1234  270.2778   94.7869     6886.4037     6876.5424     6896.2651 -47.254112  85.211492  -0.001254  -0.000691
1 46814U 20077B   22056.45226600  .00004492  00000-0  21607-3 0  9997 | 2 46814  97.4368 120.8914 0014303  83.9502 276.3362 15.19212689 73468 | 2022/02/25-10:51:15  196.9247    0.1235  276.1733   94.7859     6886.3558     6876.5062     6896.2053 -50.025266  83.614608  -0.001298  -0.000601
1 46814U 20077B   22057.50611309  .00004043  00000-0  19477-3 0  9992 | 2 46814  97.4368 121.9289 0014254  80.7599 279.5247 15.19219983 73620 | 2022/02/26-12:08:48  216.3126    0.1235  279.3636   94.7855     6886.3337     6876.5179     6896.1495 -51.531058  82.695103  -0.001315  -0.000550
1 46814U 20077B   22058.55994928  .00008051  00000-0  38420-3 0  9991 | 2 46814  97.4367 122.9667 0014234  77.3949 282.8877 15.19240273 73788 | 2022/02/27-13:26:19  235.6966    0.1235  282.7286   94.7842     6886.2724     6876.4705     6896.0743 -53.020328  81.748121  -0.001334  -0.000495
1 46814U 20077B   22059.81136732  .00006216  00000-0  29733-3 0  9990 | 2 46814  97.4364 124.1987 0014158  73.5054 286.7735 15.19254113 73979 | 2022/02/28-19:28:22  326.2122    0.1235  286.6181   94.7834     6886.2306     6876.4811     6895.9801 -54.765552  80.588996  -0.001349  -0.000431
1 46814U 20077B   22060.86518381  .00006185  00000-0  29576-3 0  9991 | 2 46814  97.4359 125.2362 0014120  70.2183 290.0572 15.19265965 74131 | 2022/03/01-20:45:51  345.5907    0.1234  289.9051   94.7826     6886.1948     6876.4715     6895.9181 -56.215494  79.583747  -0.001361  -0.000376
1 46814U 20077B   22062.18243707  .00008150  00000-0  38834-3 0  9996 | 2 46814  97.4354 126.5329 0014050  66.1678 294.1028 15.19289921 74339 | 2022/03/03-04:22:42   99.8085    0.1235  293.9557   94.7811     6886.1224     6876.4474     6895.7974 -58.001761  78.290822  -0.001371  -0.000309
1 46814U 20077B   22063.43381057  .00007917  00000-0  37713-3 0  9991 | 2 46814  97.4350 127.7648 0013972  62.1203 298.1445 15.19309814 74526 | 2022/03/04-10:24:41  190.3102    0.1235  298.0032   94.7799     6886.0623     6876.4411     6895.6835 -59.671289  77.025428  -0.001376  -0.000240
1 46814U 20077B   22064.48758915  .00005995  00000-0  28636-3 0  9996 | 2 46814  97.4344 128.8021 0013918  58.8718 301.3880 15.19320704 74687 | 2022/03/05-11:42:07  209.6769    0.1235  301.2517   94.7792     6886.0294     6876.4454     6895.6133 -61.055549  75.932089  -0.001379  -0.000186
1 46814U 20077B   22065.54134847  .00013790  00000-0  65321-3 0  9990 | 2 46814  97.4339 129.8396 0013815  55.6170 304.6369 15.19356009 74843 | 2022/03/06-12:59:32  229.0373    0.1235  304.5065   94.7770     6885.9227     6876.4098     6895.4356 -62.420107  74.813736  -0.001375  -0.000131
1 46814U 20077B   22066.79266158  .00012827  00000-0  60734-3 0  9992 | 2 46814  97.4338 131.0717 0013685  51.4854 308.7606 15.19388601 75036 | 2022/03/07-19:01:25  319.5191    0.1236  308.6382   94.7750     6885.8242     6876.4010     6895.2475 -64.014295  73.454172  -0.001367  -0.000061
1 46814U 20077B   22067.91223490  .00010860  00000-0  51443-3 0  9991 | 2 46814  97.4339 132.1740 0013636  48.1181 312.1215 15.19415412 75202 | 2022/03/08-21:53:37    2.5731    0.1236  312.0055   94.7733     6885.7432     6876.3538     6895.1326 -65.415596  72.209173  -0.001364  -0.000007
1 46814U 20077B   22069.16350012  .00009447  00000-0  44767-3 0  9991 | 2 46814  97.4337 133.4061 0013550  44.0954 316.1359 15.19442345 75396 | 2022/03/10-03:55:26   93.0381    0.1236  316.0282   94.7716     6885.6618     6876.3318     6894.9919 -66.953015  70.785731  -0.001354   0.000059
1 46814U 20077B   22070.21717854  .00014132  00000-0  66711-3 0  9990 | 2 46814  97.4338 134.4437 0013453  40.6814 319.5423 15.19472622 75552 | 2022/03/11-05:12:44  112.3709    0.1235  319.4421   94.7697     6885.5704     6876.3072     6894.8335 -68.223933  69.561773  -0.001340   0.000114
1 46814U 20077B   22071.46840391  .00008456  00000-0  40054-3 0  9995 | 2 46814  97.4337 135.6755 0013299  36.5492 323.6648 15.19494622 75741 | 2022/03/12-11:14:30  202.8232    0.1236  323.5744   94.7684     6885.5039     6876.3469     6894.6610 -69.703487  68.078997  -0.001318   0.000180
1 46814U 20077B   22072.52204573  .00013358  00000-0  62996-3 0  9995 | 2 46814  97.4338 136.7131 0013191  33.0244 327.1812 15.19524156 75906 | 2022/03/13-12:31:44  222.1436    0.1236  327.0992   94.7665     6885.4147     6876.3321     6894.4972 -70.924941  66.805674  -0.001298   0.000235
1 46814U 20077B   22073.57566136  .00016820  00000-0  79111-3 0  9991 | 2 46814  97.4337 137.7504 0013114  29.8444 330.3536 15.19564874 76068 | 2022/03/14-13:48:57  241.4540    0.1236  330.2792   94.7640     6885.2917     6876.2623     6894.3211 -72.122648  65.510682  -0.001281   0.000282
1 46814U 20077B   22074.82679673  .00011836  00000-0  55744-3 0  9999 | 2 46814  97.4334 138.9825 0012964  25.8284 334.3595 15.19602428 76252 | 2022/03/15-19:50:35  331.8739    0.1235  334.2951   94.7616     6885.1783     6876.2523     6894.1042 -73.514393  63.944518  -0.001251   0.000340
1 46814U 20077B   22076.20960502  .00009887  00000-0  46597-3 0  9996 | 2 46814  97.4328 140.3442 0012795  20.7733 339.4019 15.19629890 76464 | 2022/03/17-05:01:49  109.6989    0.1235  339.3502   94.7599     6885.0953     6876.2858     6893.9048 -75.012742  62.179088  -0.001211   0.000414
1 46814U 20077B   22077.52654347  .00009721  00000-0  45787-3 0  9996 | 2 46814  97.4323 141.6409 0012652  16.3280 343.8360 15.19654372 76669 | 2022/03/18-12:38:13  223.8093    0.1236  343.7956   94.7584     6885.0214     6876.3104     6893.7323 -76.400238  60.465335  -0.001173   0.000475
1 46814U 20077B   22078.71176962  .00009366  00000-0  44103-3 0  9996 | 2 46814  97.4318 142.8077 0012530  12.4358 347.7183 15.19676437 76847 | 2022/03/19-17:04:56  290.5020    0.1235  347.6877   94.7570     6884.9547     6876.3279     6893.5816 -77.615260  58.896750  -0.001138   0.000525
1 46814U 20077B   22079.83113232  .00010787  00000-0  50703-3 0  9993 | 2 46814  97.4313 143.9100 0012405   8.7291 351.4157 15.19700836 77010 | 2022/03/20-19:56:49  333.4828    0.1235  351.3944   94.7555     6884.8810     6876.3403     6893.4217 -78.733523  57.392426  -0.001102   0.000570
1 46814U 20077B   22080.88463464  .00009098  00000-0  42800-3 0  9997 | 2 46814  97.4309 144.9475 0012297   4.8048 355.3302 15.19720276 77179 | 2022/03/21-21:13:52  352.7544    0.1235  355.3187   94.7543     6884.8223     6876.3560     6893.2886 -79.759481  55.957175  -0.001062   0.000619
1 46814U 20077B   22082.26733670  .00010266  00000-0  48213-3 0  9993 | 2 46814  97.4307 146.3092 0012134 359.7655   0.3572 15.19747154 77387 | 2022/03/23-06:24:57  130.5406    0.1236    0.3581   94.7526     6884.7411     6876.3872     6893.0951 -81.066552  54.045865  -0.001007   0.000677
1 46814U 20077B   22083.51833161  .00009909  00000-0  46521-3 0  9990 | 2 46814  97.4308 147.5412 0011984 355.3059   4.8062 15.19771374 77574 | 2022/03/24-12:26:23  220.9104    0.1236    4.8177   94.7511     6884.6680     6876.4174     6892.9186 -82.209925  52.290429  -0.000955   0.000724
1 46814U 20077B   22084.57178291  .00011857  00000-0  55549-3 0  9998 | 2 46814  97.4309 148.5787 0011853 351.5906   8.5129 15.19797153 77731 | 2022/03/25-13:43:22  240.1623    0.1236    8.5330   94.7495     6884.5901     6876.4298     6892.7504 -83.143345  50.793350  -0.000910   0.000759
1 46814U 20077B   22085.82273474  .00011607  00000-0  54342-3 0  9999 | 2 46814  97.4309 149.8108 0011759 347.1481  12.9453 15.19825900 77928 | 2022/03/26-19:44:44  330.5159    0.1236   12.9755   94.7477     6884.5033     6876.4078     6892.5988 -84.216308  48.993813  -0.000859   0.000803
1 46814U 20077B   22086.87614693  .00015870  00000-0  74076-3 0  9999 | 2 46814  97.4307 150.8483 0011643 342.9427  17.1415 15.19858089 78086 | 2022/03/27-21:01:39  349.7543    0.1236   17.1809   94.7457     6884.4061     6876.3906     6892.4216 -85.089448  47.460795  -0.000806   0.000840
1 46814U 20077B   22088.19287961  .00015136  00000-0  70589-3 0  9990 | 2 46814  97.4305 152.1448 0011529 337.9291  22.1446 15.19899945 78284 | 2022/03/29-04:37:44  103.7899    0.1236   22.1945   94.7431     6884.2797     6876.3428     6892.2166 -86.141349  45.523295  -0.000742   0.000882
1 46814U 20077B   22089.50957609  .00016573  00000-0  77153-3 0  9999 | 2 46814  97.4304 153.4415 0011351 333.0346  27.0298 15.19943027 78484 | 2022/03/30-12:13:47  217.8110    0.1236   27.0890   94.7404     6884.1496     6876.3354     6891.9638 -87.149380  43.562235  -0.000675   0.000913
1 46814U 20077B   22090.82623202  .00025019  00000-0  11599-2 0  9991 | 2 46814  97.4297 154.7380 0011209 328.0854  31.9701 15.20000175 78685 | 2022/03/31-19:49:46  331.8173    0.1236   32.0382   94.7368     6883.9771     6876.2608     6891.6933 -88.112087  41.578919  -0.000608   0.000942
1 46814U 20077B   22091.87951852  .00025246  00000-0  11687-2 0  9992 | 2 46814  97.4290 155.7756 0011124 323.9098  36.1386 15.20049930 78842 | 2022/04/01-21:06:30  351.0081    0.1237   36.2139   94.7337     6883.8269     6876.1693     6891.4844 -88.849935  39.976233  -0.000551   0.000966
1 46814U 20077B   22093.19607450  .00023689  00000-0  10950-2 0  9992 | 2 46814  97.4284 157.0724 0011077 318.5508  41.4886 15.20115577 79046 | 2022/04/03-04:42:20  104.9782    0.1236   41.5728   94.7296     6883.6287     6876.0037     6891.2537 -89.731347  37.954953  -0.000479   0.000999
1 46814U 20077B   22094.51258170  .00022693  00000-0  10476-2 0  9997 | 2 46814  97.4283 158.3691 0010923 313.5458  46.4869 15.20169735 79243 | 2022/04/04-12:18:07  218.9284    0.1236   46.5778   94.7263     6883.4652     6875.9464     6890.9840 -90.567187  35.914598  -0.000408   0.001013
1 46814U 20077B   22095.63157503  .00017510  00000-0  80865-3 0  9991 | 2 46814  97.4281 159.4714 0010819 308.9561  51.0709 15.20212941 79418 | 2022/04/05-15:09:28  261.7723    0.1235   51.1674   94.7236     6883.3348     6875.8877     6890.7818 -91.241149  34.165588  -0.000342   0.001026
1 46814U 20077B   22096.81635864  .00018073  00000-0  83344-3 0  9993 | 2 46814  97.4277 160.6387 0010779 304.3080  55.7134 15.20255521 79597 | 2022/04/06-19:35:33  328.3005    0.1235   55.8155   94.7209     6883.2062     6875.7868     6890.6256 -91.917852  32.299617  -0.000278   0.001041
1 46814U 20077B   22097.86947072  .00021580  00000-0  99287-3 0  9996 | 2 46814  97.4276 161.6761 0010788 299.9583  60.0580 15.20298688 79753 | 2022/04/07-20:52:02  347.4265    0.1235   60.1652   94.7182     6883.0759     6875.6505     6890.5014 -92.487477  30.630114  -0.000218   0.001057
1 46814U 20077B   22099.18582060  .00018360  00000-0  84437-3 0  9998 | 2 46814  97.4277 162.9730 0010705 294.6513  65.3607 15.20347738 79959 | 2022/04/09-04:27:34  101.3173    0.1236   65.4723   94.7152     6882.9279     6875.5597     6890.2961 -93.157139  28.529005  -0.000142   0.001061
1 46814U 20077B   22100.50212669  .00020874  00000-0  95776-3 0  9993 | 2 46814  97.4279 164.2700 0010605 289.4260  70.5829 15.20401246 80156 | 2022/04/10-12:03:03  215.1910    0.1236   70.6976   94.7118     6882.7664     6875.4672     6890.0656 -93.779218  26.413139  -0.000068   0.001058
1 46814U 20077B   22101.55513810  .00016549  00000-0  75954-3 0  9991 | 2 46814  97.4278 165.3075 0010573 284.7782  75.2281 15.20440761 80310 | 2022/04/11-13:19:23  234.2781    0.1235   75.3453   94.7094     6882.6472     6875.3701     6889.9242 -94.242005  24.710742  -0.000002   0.001057
1 46814U 20077B   22102.80556072  .00020203  00000-0  92499-3 0  9992 | 2 46814  97.4277 166.5397 0010640 279.9259  80.0775 15.20481169 80509 | 2022/04/12-19:20:00  324.4335    0.1235   80.1976   94.7069     6882.5252     6875.2022     6889.8482 -94.751501  22.678397   0.000066   0.001062
1 46814U 20077B   22103.85852755  .00014467  00000-0  66337-3 0  9992 | 2 46814  97.4276 167.5772 0010656 275.5021  84.4999 15.20502642 80665 | 2022/04/13-20:36:16  343.5033    0.1236   84.6215   94.7055     6882.4604     6875.1265     6889.7944 -95.146503  20.959011   0.000128   0.001058
1 46814U 20077B   22104.91147189  .00018376  00000-0  84044-3 0  9996 | 2 46814  97.4276 168.6147 0010606 271.1522  88.8498 15.20539188 80821 | 2022/04/14-21:52:31    2.5636    0.1235   88.9713   94.7032     6882.3501     6875.0507     6889.6496 -95.510405  19.232776   0.000188   0.001044
1 46814U 20077B   22106.16180515  .00012595  00000-0  57673-3 0  9990 | 2 46814  97.4270 169.8467 0010556 266.0000  94.0028 15.20583496 81012 | 2022/04/16-03:52:59   92.6831    0.1235   94.1235   94.7005     6882.2164     6874.9516     6889.4813 -95.901256  17.174675   0.000258   0.001024
1 46814U 20077B   22107.21469993  .00006523  00000-0  30030-3 0  9999 | 2 46814  97.4264 170.8843 0010644 261.7410  98.2619 15.20598109 81176 | 2022/04/17-05:09:10  111.7253    0.1236   98.3826   94.6996     6882.1723     6874.8470     6889.4977 -96.195947  15.435131   0.000318   0.001016
1 46814U 20077B   22108.26758666  .00006739  00000-0  31005-3 0  9995 | 2 46814  97.4261 171.9219 0010673 257.5051 102.4990 15.20611367 81338 | 2022/04/18-06:25:19  130.7635    0.1235  102.6184   94.6988     6882.1323     6874.7870     6889.4776 -96.459384  13.690589   0.000375   0.000999
1 46814U 20077B   22109.58368029  .00008172  00000-0  37497-3 0  9995 | 2 46814  97.4257 173.2189 0010744 252.2551 107.7512 15.20631852 81531 | 2022/04/19-14:00:29  244.5552    0.1235  107.8684   94.6975     6882.0705     6874.6764     6889.4646 -96.744160  11.503677   0.000446   0.000977
1 46814U 20077B   22110.83395356  .00007107  00000-0  32639-3 0  9998 | 2 46814  97.4255 174.4511 0010759 247.2067 112.8032 15.20649032 81727 | 2022/04/20-20:00:53  334.6501    0.1235  112.9168   94.6964     6882.0187     6874.6143     6889.4231 -96.968967   9.420584   0.000511   0.000947
1 46814U 20077B   22111.88680300  .00008178  00000-0  37486-3 0  9994 | 2 46814  97.4253 175.4888 0010820 243.0871 116.9259 15.20666601 81883 | 2022/04/21-21:16:59  353.6729    0.1235  117.0364   94.6953     6881.9657     6874.5194     6889.4120 -97.123474   7.662886   0.000564   0.000923
1 46814U 20077B   22113.20284850  .00009264  00000-0  42386-3 0  9994 | 2 46814  97.4253 176.7858 0010926 238.0495 121.9678 15.20689494 82086 | 2022/04/23-04:52:06  107.4451    0.1234  122.0739   94.6939     6881.8966     6874.3775     6889.4158 -97.272040   5.462535   0.000629   0.000893
1 46814U 20077B   22114.51887339  .00009408  00000-0  43010-3 0  9995 | 2 46814  97.4256 178.0828 0011020 232.9476 127.0752 15.20713433 82282 | 2022/04/24-12:27:10  221.2087    0.1235  127.1759   94.6924     6881.8244     6874.2406     6889.4082 -97.371063   3.259394   0.000693   0.000857
1 46814U 20077B   22115.83487683  .00007456  00000-0  34137-3 0  9990 | 2 46814  97.4257 179.3796 0011092 227.7546 132.2749 15.20735578 82480 | 2022/04/25-20:02:13  334.9636    0.1235  132.3689   94.6910     6881.7576     6874.1243     6889.3908 -97.419989   1.054907   0.000755   0.000813
1 46814U 20077B   22116.88766527  .00008509  00000-0  38886-3 0  9998 | 2 46814  97.4256 180.4172 0011168 223.8381 136.1968 15.20755596 82644 | 2022/04/26-21:18:14  353.9621    0.1234  136.2853   94.6898     6881.6972     6874.0117     6889.3827 -97.423017  -0.709400   0.000800   0.000779
1 46814U 20077B   22118.20363126  .00013887  00000-0  63157-3 0  9998 | 2 46814  97.4253 181.7140 0011307 218.9954 141.0467 15.20787367 82848 | 2022/04/28-04:53:13  107.7029    0.1235  141.1281   94.6878     6881.6014     6873.8203     6889.3824 -97.381710  -2.914038   0.000857   0.000737
1 46814U 20077B   22119.51955351  .00016983  00000-0  77001-3 0  9993 | 2 46814  97.4251 183.0107 0011435 214.0332 146.0172 15.20845837 83041 | 2022/04/29-12:28:09  221.4270    0.1236  146.0904   94.6842     6881.4250     6873.5561     6889.2939 -97.290628  -5.117005   0.000913   0.000689
1 46814U 20077B   22120.57226366  .00017458  00000-0  79062-3 0  9995 | 2 46814  97.4249 184.0484 0011465 210.0040 150.0539 15.20879528 83206 | 2022/04/30-13:44:03  240.3950    0.1234  150.1194   94.6821     6881.3233     6873.4339     6889.2128 -97.181802  -6.878113   0.000950   0.000642
1 46814U 20077B   22121.82232287  .00010526  00000-0  47784-3 0  9998 | 2 46814  97.4244 185.2805 0011612 205.3844 154.6822 15.20915521 83393 | 2022/05/01-19:44:08  330.4077    0.1234  154.7390   94.6798     6881.2148     6873.2243     6889.2052 -97.010938  -8.966133   0.000999   0.000592
1 46814U 20077B   22123.13815593  .00006955  00000-0  31676-3 0  9995 | 2 46814  97.4239 186.5773 0011767 200.8448 159.2309 15.20932543 83592 | 2022/05/03-03:18:56   84.0986    0.1234  159.2786   94.6788     6881.1634     6873.0664     6889.2605 -96.782678 -11.159282   0.001044   0.000542
1 46814U 20077B   22124.19080504  .00017898  00000-0  80825-3 0  9996 | 2 46814  97.4236 187.6150 0011869 197.2516 162.8318 15.20968129 83755 | 2022/05/04-04:34:45  103.0444    0.1235  162.8719   94.6765     6881.0561     6872.8890     6889.2232 -96.564410 -12.910175   0.001077   0.000499
1 46814U 20077B   22125.50659324  .00010493  00000-0  47529-3 0  9992 | 2 46814  97.4235 188.9120 0011982 192.3725 167.7218 15.20989877 83957 | 2022/05/05-12:09:29  216.7172    0.1235  167.7510   94.6752     6880.9905     6872.7457     6889.2353 -96.247349 -15.092586   0.001116   0.000435
1 46814U 20077B   22126.82236606  .00011897  00000-0  53800-3 0  9990 | 2 46814  97.4234 190.2090 0012109 187.8035 172.3014 15.21010536 84150 | 2022/05/06-19:44:12  330.3847    0.1235  172.3200   94.6739     6880.9282     6872.5961     6889.2603 -95.880971 -17.267259   0.001152   0.000374
1 46814U 20077B   22127.87497184  .00009173  00000-0  41554-3 0  9993 | 2 46814  97.4233 191.2467 0012204 184.2033 175.9102 15.21021909 84314 | 2022/05/07-20:59:57  349.3140    0.1235  175.9202   94.6732     6880.8939     6872.4965     6889.2913 -95.552433 -19.000840   0.001176   0.000325
1 46814U 20077B   22129.12492859  .00006947  00000-0  31542-3 0  9999 | 2 46814  97.4234 192.4787 0012354 179.9776 180.1462 15.21036531 84509 | 2022/05/09-02:59:53   79.2881    0.1234  180.1458   94.6723     6880.8498     6872.3492     6889.3504 -95.121909 -21.050922   0.001206   0.000266
1 46814U 20077B   22130.24329769  .00006163  00000-0  28004-3 0  9992 | 2 46814  97.4236 193.5810 0012468 176.0609 184.0727 15.21051911 84673 | 2022/05/10-05:50:20  121.8912    0.1235  184.0626   94.6713     6880.8034     6872.2244     6889.3824 -94.699531 -22.876989   0.001229   0.000209
1 46814U 20077B   22131.49322607  .00006189  00000-0  28107-3 0  9996 | 2 46814  97.4237 194.8131 0012556 171.8367 188.3075 15.21069111 84861 | 2022/05/11-11:50:14  211.8547    0.1234  188.2867   94.6703     6880.7516     6872.1121     6889.3910 -94.185819 -24.908006   0.001247   0.000145
1 46814U 20077B   22132.54578343  .00011958  00000-0  53935-3 0  9990 | 2 46814  97.4237 195.8507 0012645 168.3742 191.7788 15.21094501 85025 | 2022/05/12-13:05:55  230.7664    0.1235  191.7493   94.6687     6880.6750     6871.9744     6889.3756 -93.719328 -26.609490   0.001261   0.000093
1 46814U 20077B   22133.86144856  .00016683  00000-0  74971-3 0  9997 | 2 46814  97.4236 197.1475 0012770 164.3115 195.8519 15.21139812 85226 | 2022/05/13-20:40:29  344.3954    0.1235  195.8120   94.6659     6880.5383     6871.7519     6889.3248 -93.093016 -28.723654   0.001277   0.000033
1 46814U 20077B   22135.17706942  .00022076  00000-0  98864-3 0  9993 | 2 46814  97.4234 198.4447 0012872 159.8324 200.3422 15.21198971 85429 | 2022/05/15-04:14:58   98.0073    0.1234  200.2910   94.6622     6880.3600     6871.5036     6889.2164 -92.418708 -30.823713   0.001287  -0.000039
1 46814U 20077B   22136.42686492  .00015417  00000-0  69107-3 0  9998 | 2 46814  97.4230 199.6769 0012985 155.7838 204.4010 15.21242604 85617 | 2022/05/16-10:14:41  187.9231    0.1234  204.3396   94.6595     6880.2284     6871.2944     6889.1624 -91.734118 -32.803849   0.001294  -0.000103
1 46814U 20077B   22137.54507804  .00016751  00000-0  74969-3 0  9995 | 2 46814  97.4225 200.7793 0013035 152.3211 207.8721 15.21275738 85785 | 2022/05/17-13:04:54  230.4712    0.1235  207.8024   94.6574     6880.1285     6871.1602     6889.0967 -91.085547 -34.562503   0.001294  -0.000157
1 46814U 20077B   22138.79480799  .00015930  00000-0  71221-3 0  9992 | 2 46814  97.4220 202.0118 0013112 148.6050 211.5972 15.21323049 85971 | 2022/05/18-19:04:31  320.3643    0.1236  211.5186   94.6545     6879.9858     6870.9648     6889.0069 -90.320587 -36.513526   0.001294  -0.000214
1 46814U 20077B   22139.84719038  .00013419  00000-0  60014-3 0  9998 | 2 46814  97.4220 203.0495 0013192 145.0624 215.1480 15.21348693 86131 | 2022/05/19-20:19:57  339.2133    0.1235  215.0611   94.6529     6879.9085     6870.8326     6888.9845 -89.644504 -38.143270   0.001291  -0.000272
1 46814U 20077B   22141.16263034  .00027919  00000-0  12405-2 0  9996 | 2 46814  97.4218 204.3471 0013263 140.7095 219.5105 15.21413993 86339 | 2022/05/21-03:54:11   92.7611    0.1234  219.4139   94.6488     6879.7117     6870.5871     6888.8362 -88.757561 -40.163446   0.001281  -0.000342
1 46814U 20077B   22142.54379788  .00013654  00000-0  60884-3 0  9999 | 2 46814  97.4219 205.7090 0013313 136.6519 223.5766 15.21445835 86544 | 2022/05/22-13:03:04  229.9723    0.1235  223.4716   94.6468     6879.6157     6870.4568     6888.7745 -87.777998 -42.261681   0.001269  -0.000403
1 46814U 20077B   22143.79339905  .00011177  00000-0  49868-3 0  9991 | 2 46814  97.4222 206.9413 0013349 132.7574 227.4787 15.21473847 86738 | 2022/05/23-19:02:29  319.8205    0.1235  227.3661   94.6451     6879.5312     6870.3478     6888.7147 -86.849083 -44.139799   0.001252  -0.000463
1 46814U 20077B   22144.84567654  .00010605  00000-0  47301-3 0  9997 | 2 46814  97.4225 207.9789 0013436 129.3507 230.8922 15.21497318 86898 | 2022/05/24-20:17:46  338.6332    0.1236  230.7729   94.6436     6879.4605     6870.2172     6888.7037 -86.035799 -45.705412   0.001240  -0.000518
1 46814U 20077B   22146.16100162  .00009707  00000-0  43294-3 0  9999 | 2 46814  97.4225 209.2761 0013521 125.2116 235.0388 15.21524627 87099 | 2022/05/26-03:51:50   92.1420    0.1235  234.9119   94.6419     6879.3782     6870.0766     6888.6798 -84.979049 -47.641418   0.001220  -0.000582
1 46814U 20077B   22147.54207018  .00011500  00000-0  51181-3 0  9998 | 2 46814  97.4225 210.6382 0013478 120.9716 239.2846 15.21551660 87309 | 2022/05/27-13:00:34  229.3200    0.1235  239.1519   94.6402     6879.2967     6870.0248     6888.5686 -83.822558 -49.647984   0.001186  -0.000641
1 46814U 20077B   22148.85733279  .00017036  00000-0  75489-3 0  9993 | 2 46814  97.4222 211.9353 0013498 117.0321 243.2295 15.21608024 87501 | 2022/05/28-20:34:33  342.8084    0.1236  243.0915   94.6367     6879.1268     6869.8414     6888.4122 -82.676956 -51.532572   0.001157  -0.000696
1 46814U 20077B   22149.90951641  .00009209  00000-0  40964-3 0  9998 | 2 46814  97.4221 212.9731 0013563 113.7702 246.4958 15.21630720 87666 | 2022/05/29-21:49:42    1.5894    0.1236  246.3534   94.6353     6879.0584     6869.7283     6888.3885 -81.729950 -53.021513   0.001134  -0.000744
1 46814U 20077B   22151.15896519  .00010758  00000-0  47752-3 0  9993 | 2 46814  97.4217 214.2055 0013608 109.9050 250.3654 15.21658792 87855 | 2022/05/31-03:48:54   91.3857    0.1236  250.2186   94.6336     6878.9738     6869.6129     6888.3347 -80.570339 -54.766853   0.001102  -0.000798
1 46814U 20077B   22152.47414768  .00010683  00000-0  47379-3 0  9993 | 2 46814  97.4212 215.5029 0013548 106.0939 254.1790 15.21689260 88052 | 2022/06/01-11:22:46  204.8478    0.1236  254.0297   94.6317     6878.8820     6869.5625     6888.2015 -79.309247 -56.576793   0.001062  -0.000842
1 46814U 20077B   22153.52627687  .00009501  00000-0  42154-3 0  9999 | 2 46814  97.4211 216.5408 0013540 102.8667 257.4082 15.21709396 88218 | 2022/06/02-12:37:50  223.6114    0.1235  257.2568   94.6304     6878.8213     6869.5074     6888.1352 -78.271335 -58.004041   0.001028  -0.000881
1 46814U 20077B   22154.84141829  .00008996  00000-0  39900-3 0  9996 | 2 46814  97.4209 217.8382 0013561  98.9093 261.3679 15.21734308 88410 | 2022/06/03-20:11:38  337.0589    0.1236  261.2143   94.6289     6878.7462     6869.4179     6888.0745 -76.937786 -59.761266   0.000988  -0.000929
1 46814U 20077B   22155.89351502  .00009560  00000-0  42353-3 0  9997 | 2 46814  97.4208 218.8761 0013579  95.6938 264.5847 15.21756343 88574 | 2022/06/04-21:26:39  355.8115    0.1236  264.4298   94.6275     6878.6798     6869.3392     6888.0204 -75.842582 -61.145032   0.000953  -0.000967
1 46814U 20077B   22157.20861728  .00009009  00000-0  39909-3 0  9991 | 2 46814  97.4207 220.1735 0013487  91.6729 268.6052 15.21779493 88778 | 2022/06/06-05:00:24  109.2476    0.1236  268.4507   94.6261     6878.6100     6869.3329     6887.8872 -74.438619 -62.846518   0.000900  -0.001005
1 46814U 20077B   22158.52370362  .00006393  00000-0  28404-3 0  9997 | 2 46814  97.4209 221.4708 0013471  87.7502 272.5277 15.21794978 88972 | 2022/06/07-12:34:07  222.6777    0.1237  272.3735   94.6251     6878.5634     6869.2973     6887.8295 -72.996829 -64.515848   0.000852  -0.001044
1 46814U 20077B   22159.57575403  .00011012  00000-0  48635-3 0  9998 | 2 46814  97.4212 222.5087 0013446  84.5364 275.7405 15.21824715 89131 | 2022/06/08-13:49:05  241.4159    0.1236  275.5872   94.6232     6878.4738     6869.2250     6887.7226 -71.816448 -65.827714   0.000810  -0.001073
1 46814U 20077B   22160.89079317  .00011002  00000-0  48550-3 0  9993 | 2 46814  97.4214 223.8060 0013397  80.5689 279.7060 15.21854669 89333 | 2022/06/09-21:22:44  354.8309    0.1235  279.5546   94.6214     6878.3835     6869.1686     6887.5985 -70.307830 -67.436920   0.000756  -0.001106
1 46814U 20077B   22162.20580487  .00010856  00000-0  47870-3 0  9995 | 2 46814  97.4214 225.1034 0013244  76.4498 283.8213 15.21886348 89539 | 2022/06/11-04:56:21  108.2376    0.1237  283.6739   94.6194     6878.2881     6869.1785     6887.3977 -68.762902 -69.011539   0.000693  -0.001129
1 46814U 20077B   22163.52079979  .00006064  00000-0  26883-3 0  9997 | 2 46814  97.4215 226.4008 0013204  72.3700 287.8977 15.21899819 89732 | 2022/06/12-12:29:57  221.6379    0.1236  287.7536   94.6186     6878.2475     6869.1654     6887.3295 -67.182785 -70.550847   0.000636  -0.001157
1 46814U 20077B   22164.83577821  .00007147  00000-0  31605-3 0  9992 | 2 46814  97.4213 227.6983 0013143  68.3597 291.9037 15.21919791 89933 | 2022/06/13-20:03:31  335.0331    0.1236  291.7639   94.6173     6878.1873     6869.1473     6887.2273 -65.567892 -72.053877   0.000577  -0.001181
1 46814U 20077B   22166.15073942  .00008650  00000-0  38157-3 0  9993 | 2 46814  97.4208 228.9959 0013052  64.1861 296.0720 15.21941655 90134 | 2022/06/15-03:37:03   88.4229    0.1237  295.9376   94.6160     6878.1214     6869.1441     6887.0988 -63.919057 -73.519837   0.000514  -0.001200
1 46814U 20077B   22170.48992903  .00007030  00000-0  30999-3 0  9998 | 2 46814  97.4201 233.2780 0012707  50.4986 309.7372 15.22029127 90799 | 2022/06/19-11:45:29  210.5483    0.1237  309.6251   94.6105     6877.8579     6869.1182     6886.5976 -58.250689 -78.086703   0.000303  -0.001234
1 46814U 20077B   22171.87053838  .00007197  00000-0  31711-3 0  9994 | 2 46814  97.4202 234.6405 0012570  45.9161 314.3108 15.22049458 91004 | 2022/06/20-20:53:34  347.5748    0.1237  314.2076   94.6093     6877.7967     6869.1513     6886.4420 -56.377542 -79.449784   0.000230  -0.001236
1 46814U 20077B   22173.18538794  .00006964  00000-0  30679-3 0  9992 | 2 46814  97.4204 235.9380 0012442  41.7219 318.4964 15.22068099 91207 | 2022/06/22-04:26:57  100.9278    0.1237  318.4018   94.6081     6877.7405     6869.1832     6886.2978 -54.564161 -80.706175   0.000166  -0.001233
1 46814U 20077B   22174.36873826  .00006586  00000-0  29020-3 0  9999 | 2 46814  97.4207 237.1056 0012347  37.9792 322.2312 15.22084788 91383 | 2022/06/23-08:50:58  166.9405    0.1236  322.1444   94.6071     6877.6902     6869.1983     6886.1821 -52.908440 -81.801527   0.000109  -0.001230
1 46814U 20077B   22175.48633663  .00004864  00000-0  21509-3 0  9997 | 2 46814  97.4208 238.2085 0012237  34.1992 326.0030 15.22095436 91557 | 2022/06/24-11:40:19  209.2828    0.1237  325.9245   94.6064     6877.6581     6869.2420     6886.0743 -51.324171 -82.804841   0.000051  -0.001223
1 46814U 20077B   22176.60392654  .00005348  00000-0  23612-3 0  9999 | 2 46814  97.4208 239.3114 0012134  30.4477 329.7461 15.22108408 91726 | 2022/06/25-14:29:39  251.6222    0.1237  329.6760   94.6056     6877.6191     6869.2738     6885.9644 -49.720832 -83.777391  -0.000005  -0.001213
1 46814U 20077B   22177.85298504  .00006412  00000-0  28229-3 0  9998 | 2 46814  97.4208 240.5440 0011999  26.3759 333.8085 15.22125429 91918 | 2022/06/26-20:28:17  341.2912    0.1236  333.7477   94.6046     6877.5678     6869.3154     6885.8202 -47.907168 -84.827563  -0.000064  -0.001198
1 46814U 20077B   22179.16776967  .00004223  00000-0  18697-3 0  9994 | 2 46814  97.4206 241.8417 0011867  21.9313 338.2429 15.22138279 92116 | 2022/06/28-04:01:35   94.6221    0.1237  338.1924   94.6038     6877.5291     6869.3675     6885.6907 -45.973680 -85.890594  -0.000129  -0.001180
1 46814U 20077B   22180.21959029  .00003816  00000-0  16921-3 0  9999 | 2 46814  97.4204 242.8797 0011746  18.2994 341.8663 15.22147113 92270 | 2022/06/29-05:16:12  113.2847    0.1237  341.8243   94.6032     6877.5025     6869.4242     6885.5808 -44.410091 -86.709158  -0.000180  -0.001161
1 46814U 20077B   22181.60009797  .00003072  00000-0  13679-3 0  9992 | 2 46814  97.4202 244.2423 0011610  13.6260 346.5287 15.22155204 92482 | 2022/06/30-14:24:08  250.2766    0.1237  346.4977   94.6027     6877.4781     6869.4934     6885.4629 -42.335536 -87.740514  -0.000244  -0.001135
1 46814U 20077B   22182.84912162  .00002937  00000-0  13091-3 0  9995 | 2 46814  97.4200 245.4750 0011470   9.3010 350.8436 15.22163096 92678 | 2022/07/01-20:22:44  339.9336    0.1237  350.8227   94.6022     6877.4543     6869.5659     6885.3428 -40.438092 -88.630791  -0.000301  -0.001107
1 46814U 20077B   22183.90092418  .00003879  00000-0  17183-3 0  9998 | 2 46814  97.4196 246.5132 0011342   5.5463 354.5897 15.22173592 92838 | 2022/07/02-21:37:19  358.5896    0.1237  354.5774   94.6016     6877.4227     6869.6224     6885.2231 -38.825391 -89.348573  -0.000349  -0.001079
1 46814U 20077B   22185.21566807  .00004381  00000-0  19360-3 0  9990 | 2 46814  97.4195 247.8108 0011208   0.9261 359.1994 15.22186506 93031 | 2022/07/04-05:10:33  111.9062    0.1237  359.1976   94.6008     6877.3838     6869.6757     6885.0920 -36.792058 -90.204786  -0.000406  -0.001045
1 46814U 20077B   22186.53040199  .00004362  00000-0  19270-3 0  9996 | 2 46814  97.4195 249.1083 0011052 356.3226   3.7927 15.22198177 93231 | 2022/07/05-12:43:46  225.2190    0.1237    3.8011   94.6000     6877.3487     6869.7478     6884.9495 -34.740053 -91.014766  -0.000460  -0.001005
1 46814U 20077B   22187.77938992  .00004577  00000-0  20202-3 0  9995 | 2 46814  97.4196 250.3410 0010916 351.6977   8.4077 15.22209397 93425 | 2022/07/06-18:42:19  314.8629    0.1237    8.4260   94.5993     6877.3149     6869.8076     6884.8222 -32.774045 -91.741160  -0.000512  -0.000964
1 46814U 20077B   22188.83116168  .00005581  00000-0  24553-3 0  9995 | 2 46814  97.4197 251.3790 0010825 347.7511  12.3460 15.22221356 93583 | 2022/07/07-19:56:52  333.5077    0.1237   12.3726   94.5986     6877.2789     6869.8342     6884.7235 -31.106759 -92.319919  -0.000555  -0.000929
1 46814U 20077B   22190.21159730  .00005530  00000-0  24321-3 0  9999 | 2 46814  97.4200 252.7413 0010667 342.6718  17.4153 15.22238778 93796 | 2022/07/09-05:04:42  110.4729    0.1237   17.4519   94.5975     6877.2264     6869.8904     6884.5623 -28.903207 -93.033655  -0.000606  -0.000878
1 46814U 20077B   22191.52628386  .00005703  00000-0  25059-3 0  9993 | 2 46814  97.4202 254.0388 0010554 337.8066  22.2713 15.22255011 93998 | 2022/07/10-12:37:50  223.7675    0.1238   22.3172   94.5965     6877.1775     6869.9193     6884.4357 -26.789224 -93.664469  -0.000652  -0.000830
1 46814U 20077B   22192.84095697  .00006652  00000-0  29165-3 0  9998 | 2 46814  97.4202 255.3364 0010437 332.6395  27.4290 15.22271912 94192 | 2022/07/11-20:10:58  337.0575    0.1237   27.4842   94.5955     6877.1266     6869.9489     6884.3042 -24.661280 -94.247104  -0.000699  -0.000775
1 46814U 20077B   22194.15560356  .00017246  00000-0  74921-3 0  9994 | 2 46814  97.4200 256.6340 0010280 327.6862  32.3743 15.22317473 94390 | 2022/07/13-03:44:04   90.3364    0.1236   32.4374   94.5926     6876.9894     6869.9198     6884.0589 -22.520640 -94.781207  -0.000735  -0.000718
1 46814U 20077B   22195.27302208  .00013732  00000-0  59688-3 0  9997 | 2 46814  97.4195 257.7373 0010245 322.9378  37.1150 15.22351513 94569 | 2022/07/14-06:33:09  132.6129    0.1237   37.1859   94.5905     6876.8869     6869.8415     6883.9322 -20.691344 -95.196782  -0.000777  -0.000668
1 46814U 20077B   22196.52187300  .00016057  00000-0  69638-3 0  9999 | 2 46814  97.4192 258.9703 0010167 317.8255  42.2199 15.22391148 94755 | 2022/07/15-12:31:29  222.2045    0.1238   42.2983   94.5880     6876.7675     6869.7759     6883.7591 -18.638028 -95.619686  -0.000814  -0.000609
1 46814U 20077B   22197.83641358  .00017530  00000-0  75877-3 0  9991 | 2 46814  97.4189 260.2681 0010044 312.6479  47.3910 15.22440635 94952 | 2022/07/16-20:04:26  335.4435    0.1237   47.4758   94.5850     6876.6185     6869.7116     6883.5254 -16.467511 -96.016994  -0.000843  -0.000546
1 46814U 20077B   22198.88801622  .00016102  00000-0  69660-3 0  9996 | 2 46814  97.4186 261.3064 0009997 308.2713  51.7623 15.22477020 95110 | 2022/07/17-21:18:44  354.0240    0.1236   51.8523   94.5827     6876.5089     6869.6345     6883.3834 -14.724861 -96.299336  -0.000869  -0.000493
1 46814U 20077B   22200.20248679  .00018807  00000-0  81173-3 0  9990 | 2 46814  97.4185 262.6042 0010001 302.6452  57.3819 15.22522683 95312 | 2022/07/19-04:51:34  107.2377    0.1237   57.4785   94.5799     6876.3714     6869.4944     6883.2485 -12.539992 -96.608037  -0.000905  -0.000427
1 46814U 20077B   22201.51691127  .00014110  00000-0  60922-3 0  9997 | 2 46814  97.4189 263.9018 0009918 296.9931  63.0292 15.22575468 95515 | 2022/07/20-12:24:21  220.4332    0.1236   63.1305   94.5766     6876.2125     6869.3927     6883.0323 -10.349086 -96.867634  -0.000927  -0.000354
1 46814U 20077B   22202.83130947  .00007729  00000-0  33519-3 0  9991 | 2 46814  97.4191 265.1994 0009877 291.9581  68.0606 15.22592901 95712 | 2022/07/21-19:57:05  333.6181    0.1237   68.1656   94.5755     6876.1600     6869.3684     6882.9516  -8.152837 -97.077352  -0.000944  -0.000291
1 46814U 20077B   22204.21141013  .00006744  00000-0  29274-3 0  9990 | 2 46814  97.4192 266.5621 0009876 286.1928  73.8222 15.22611344 95929 | 2022/07/23-05:04:25  110.4557    0.1237   73.9309   94.5744     6876.1045     6869.3136     6882.8953  -5.841906 -97.243882  -0.000963  -0.000218
1 46814U 20077B   22205.52577674  .00005838  00000-0  25375-3 0  9992 | 2 46814  97.4193 267.8599 0009846 280.7590  79.2537 15.22627074 96129 | 2022/07/24-12:37:07  223.6276    0.1236   79.3646   94.5734     6876.0571     6869.2870     6882.8273  -3.637939 -97.351350  -0.000973  -0.000148
1 46814U 20077B   22206.84012890  .00007268  00000-0  31491-3 0  9997 | 2 46814  97.4193 269.1576 0009836 275.2717  84.7397 15.22646264 96327 | 2022/07/25-20:09:47  336.7935    0.1237   84.8520   94.5722     6875.9994     6869.2361     6882.7626  -1.432271 -97.408771  -0.000981  -0.000076
1 46814U 20077B   22207.89159640  .00008431  00000-0  36453-3 0  9994 | 2 46814  97.4192 270.1960 0009850 270.9427  89.0681 15.22666003 96485 | 2022/07/26-21:23:53  355.3204    0.1237   89.1810   94.5710     6875.9399     6869.1671     6882.7127   0.333255 -97.418630  -0.000985  -0.000020
1 46814U 20077B   22209.20591388  .00008827  00000-0  38126-3 0  9998 | 2 46814  97.4189 271.4940 0009907 265.5194  94.4911 15.22688891 96684 | 2022/07/28-04:56:30  108.4724    0.1237   94.6043   94.5695     6875.8710     6869.0591     6882.6830   2.539931 -97.385783  -0.000989   0.000052
1 46814U 20077B   22210.52021210  .00007900  00000-0  34136-3 0  9995 | 2 46814  97.4186 272.7920 0009950 260.0382  99.9732 15.22709966 96880 | 2022/07/29-12:29:06  221.6163    0.1237  100.0855   94.5682     6875.8076     6868.9662     6882.6490   4.745290 -97.302959  -0.000987   0.000124
1 46814U 20077B   22211.76877929  .00006777  00000-0  29316-3 0  9993 | 2 46814  97.4182 274.0250 0010004 254.9640 105.0490 15.22727617 97073 | 2022/07/30-18:27:02  311.0966    0.1237  105.1597   94.5671     6875.7544     6868.8759     6882.6330   6.837953 -97.177920  -0.000982   0.000191
1 46814U 20077B   22212.82019553  .00004815  00000-0  20913-3 0  9997 | 2 46814  97.4180 275.0634 0010063 250.7359 109.2789 15.22736952 97231 | 2022/07/31-19:41:04  329.6025    0.1236  109.3877   94.5666     6875.7263     6868.8073     6882.6454   8.597920 -97.037841  -0.000976   0.000247
1 46814U 20077B   22213.87160573  .00005071  00000-0  22003-3 0  9999 | 2 46814  97.4178 276.1018 0010098 246.4135 113.6042 15.22747452 97393 | 2022/08/01-20:55:06  348.1052    0.1237  113.7102   94.5659     6875.6947     6868.7517     6882.6378  10.355055 -96.865890  -0.000963   0.000303
1 46814U 20077B   22215.18585407  .00008368  00000-0  36072-3 0  9995 | 2 46814  97.4175 277.3995 0010204 241.1044 118.9169 15.22769669 97591 | 2022/08/03-04:27:37  101.2287    0.1236  119.0192   94.5645     6875.6279     6868.6120     6882.6438  12.546102 -96.606235  -0.000949   0.000374
1 46814U 20077B   22216.50008401  .00007328  00000-0  31610-3 0  9994 | 2 46814  97.4176 278.6972 0010279 235.8352 124.1910 15.22789456 97796 | 2022/08/04-12:00:07  214.3443    0.1236  124.2884   94.5633     6875.5683     6868.5009     6882.6357  14.730760 -96.297422  -0.000928   0.000442
1 46814U 20077B   22217.81429465  .00008573  00000-0  36896-3 0  9990 | 2 46814  97.4177 279.9949 0010388 230.8324 129.1990 15.22813413 97996 | 2022/08/05-19:32:35  327.4525    0.1236  129.2912   94.5618     6875.4962     6868.3539     6882.6385  16.907866 -95.939212  -0.000907   0.000506
1 46814U 20077B   22218.86564921  .00009361  00000-0  40234-3 0  9990 | 2 46814  97.4179 281.0331 0010494 226.7879 133.2482 15.22832579 98159 | 2022/08/06-20:46:32  345.9335    0.1236  133.3357   94.5606     6875.4385     6868.2234     6882.6536  18.643453 -95.617304  -0.000888   0.000559
1 46814U 20077B   22220.50835835  .00017120  00000-0  73151-3 0  9995 | 2 46814  97.4183 282.6552 0010613 220.5361 139.5086 15.22879478 98403 | 2022/08/08-12:12:02  217.2973    0.1236  139.5875   94.5577     6875.2973     6868.0006     6882.5941  21.342728 -95.051634  -0.000850   0.000636
1 46814U 20077B   22221.55966097  .00014459  00000-0  61787-3 0  9990 | 2 46814  97.4182 283.6935 0010724 216.3779 143.6730 15.22912889 98560 | 2022/08/09-13:25:54  235.7579    0.1236  143.7457   94.5556     6875.1968     6867.8238     6882.5697  23.061608 -94.649183  -0.000822   0.000688
1 46814U 20077B   22222.61094178  .00012667  00000-0  54131-3 0  9994 | 2 46814  97.4180 284.7319 0010846 212.6956 147.3610 15.22942602 98729 | 2022/08/10-14:39:45  254.2111    0.1236  147.4280   94.5538     6875.1074     6867.6506     6882.5641  24.773051 -94.215512  -0.000799   0.000734
1 46814U 20077B   22223.79361121  .00012447  00000-0  53147-3 0  9991 | 2 46814  97.4177 285.9002 0010977 208.4982 151.5656 15.22972071 98904 | 2022/08/11-19:02:48  319.9623    0.1236  151.6254   94.5520     6875.0187     6867.4720     6882.5654  26.688804 -93.690533  -0.000768   0.000784
1 46814U 20077B   22225.17335737  .00012741  00000-0  54324-3 0  9994 | 2 46814  97.4173 287.2632 0011101 203.1580 156.9158 15.23014924 99115 | 2022/08/13-04:09:38   96.6579    0.1236  156.9656   94.5493     6874.8897     6867.2579     6882.5215  28.909713 -93.028807  -0.000720   0.000845
1 46814U 20077B   22226.48736946  .00013016  00000-0  55428-3 0  9998 | 2 46814  97.4166 288.5613 0011241 198.5365 161.5464 15.23050288 99310 | 2022/08/14-11:41:48  209.6902    0.1236  161.5871   94.5471     6874.7833     6867.0553     6882.5112  31.009562 -92.349342  -0.000678   0.000897
1 46814U 20077B   22227.53855856  .00012115  00000-0  51576-3 0  9996 | 2 46814  97.4162 289.5998 0011356 195.1256 164.9643 15.23075597 99475 | 2022/08/15-12:55:31  228.1088    0.1236  164.9980   94.5455     6874.7071     6866.9002     6882.5140  32.678097 -91.771771  -0.000647   0.000933
1 46814U 20077B   22228.85252007  .00013722  00000-0  58304-3 0  9992 | 2 46814  97.4161 290.8976 0011485 190.5291 169.5707 15.23110032 99674 | 2022/08/16-20:27:37  341.1224    0.1236  169.5945   94.5434     6874.6035     6866.7080     6882.4990  34.748213 -91.008012  -0.000599   0.000980
1 46814U 20077B   22230.29784366  .00016963  00000-0  71883-3 0  9998 | 2 46814  97.4161 292.3252 0011634 185.2525 174.8591 15.23151808 99895 | 2022/08/18-07:08:53  141.4241    0.1235  174.8710   94.5408     6874.4778     6866.4800     6882.4756  37.004777 -90.114056  -0.000539   0.001031
1 46814U 20077B   22231.48035894  .00006772  00000-0  28905-3 0  9999 | 2 46814  97.4162 293.4931 0011763 181.3075 178.8133 15.23164554100073 | 2022/08/19-11:31:43  207.1180    0.1236  178.8161   94.5400     6874.4395     6866.3531     6882.5259  38.833860 -89.341185  -0.000493   0.001068
1 46814U 20077B   22232.53147301  .00006568  00000-0  28031-3 0  9996 | 2 46814  97.4164 294.5313 0011859 177.7495 182.3798 15.23179065100230 | 2022/08/20-12:45:19  225.5084    0.1237  182.3742   94.5391     6874.3958     6866.2435     6882.5481  40.446343 -88.623069  -0.000450   0.001097
1 46814U 20077B   22233.77966004  .00005726  00000-0  24467-3 0  9996 | 2 46814  97.4164 295.7643 0011979 173.4651 186.6744 15.23192834100427 | 2022/08/21-18:42:42  314.8428    0.1236  186.6585   94.5383     6874.3544     6866.1196     6882.5892  42.343991 -87.732214  -0.000395   0.001131
1 46814U 20077B   22234.83075715  .00004016  00000-0  17249-3 0  9995 | 2 46814  97.4165 296.8026 0012079 169.9950 190.1530 15.23200189100582 | 2022/08/22-19:56:17  333.2270    0.1236  190.1286   94.5378     6874.3322     6866.0287     6882.6357  43.926858 -86.950593  -0.000349   0.001156
1 46814U 20077B   22236.21031484  .00003411  00000-0  14692-3 0  9991 | 2 46814  97.4165 298.1655 0012216 165.3584 194.8009 15.23209187100793 | 2022/08/24-05:02:51  109.8533    0.1236  194.7652   94.5372     6874.3052     6865.9075     6882.7028  45.982538 -85.881201  -0.000286   0.001188
1 46814U 20077B   22237.52417158  .00003292  00000-0  14185-3 0  9996 | 2 46814  97.4163 299.4635 0012348 160.9578 199.2123 15.23218290100996 | 2022/08/25-12:34:48  222.8279    0.1236  199.1658   94.5367     6874.2778     6865.7894     6882.7661  47.916058 -84.817373  -0.000223   0.001214
1 46814U 20077B   22238.77232940  .00003280  00000-0  14129-3 0  9993 | 2 46814  97.4160 300.6965 0012446 156.9077 203.2722 15.23226001101184 | 2022/08/26-18:32:09  312.1522    0.1236  203.2159   94.5362     6874.2546     6865.6989     6882.8103  49.729932 -83.766407  -0.000165   0.001234
1 46814U 20077B   22239.82340335  .00004349  00000-0  18629-3 0  9994 | 2 46814  97.4157 301.7349 0012539 153.5108 206.6773 15.23235800101347 | 2022/08/27-19:45:42  330.5282    0.1237  206.6129   94.5356     6874.2251     6865.6055     6882.8447  51.239665 -82.851164  -0.000115   0.001249
1 46814U 20077B   22240.87447172  .00005218  00000-0  22286-3 0  9998 | 2 46814  97.4154 302.7733 0012634 150.0234 210.1728 15.23245634101504 | 2022/08/28-20:59:14  348.9023    0.1235  210.1001   94.5350     6874.1955     6865.5107     6882.8804  52.732558 -81.908714  -0.000062   0.001262
1 46814U 20077B   22242.18829734  .00004706  00000-0  20121-3 0  9999 | 2 46814  97.4148 304.0712 0012761 145.8450 214.3611 15.23256054101709 | 2022/08/30-04:31:08  101.8667    0.1237  214.2787   94.5343     6874.1642     6865.3920     6882.9363  54.573982 -80.692774   0.000002   0.001276
1 46814U 20077B   22243.50210286  .00008630  00000-0  36599-3 0  9998 | 2 46814  97.4145 305.3690 0012846 141.7328 218.4823 15.23284047101903 | 2022/08/31-12:03:01  214.8248    0.1236  218.3908   94.5326     6874.0799     6865.2495     6882.9104  56.387415 -79.435787   0.000065   0.001283
1 46814U 20077B   22244.81589165  .00007464  00000-0  31683-3 0  9991 | 2 46814  97.4142 306.6666 0012929 137.6092 222.6146 15.23302114102105 | 2022/09/01-19:34:53  327.7774    0.1236  222.5144   94.5315     6874.0256     6865.1382     6882.9130  58.171636 -78.138257   0.000129   0.001286
1 46814U 20077B   22245.86691047  .00005502  00000-0  23429-3 0  9990 | 2 46814  97.4142 307.7047 0012980 134.3918 225.8384 15.23315213102268 | 2022/09/02-20:48:21  346.1356    0.1236  225.7318   94.5307     6873.9862     6865.0638     6882.9086  59.577740 -77.071521   0.000178   0.001286
1 46814U 20077B   22247.18067131  .00005992  00000-0  25475-3 0  9994 | 2 46814  97.4144 309.0021 0013063 130.2550 229.9831 15.23332525102466 | 2022/09/04-04:20:10   99.0791    0.1236  229.8686   94.5296     6873.9341     6864.9547     6882.9135  61.307643 -75.702961   0.000243   0.001283
1 46814U 20077B   22248.49440972  .00014386  00000-0  60605-3 0  9998 | 2 46814  97.4146 310.2997 0013154 126.0691 234.1766 15.23369689102662 | 2022/09/05-11:51:56  212.0146    0.1236  234.0545   94.5273     6873.8223     6864.7805     6882.8641  63.006379 -74.295360   0.000310   0.001278
1 46814U 20077B   22249.80810620  .00016776  00000-0  70495-3 0  9998 | 2 46814  97.4147 311.5974 0013130 122.1356 238.1157 15.23421063102866 | 2022/09/06-19:23:40  324.9369    0.1237  237.9881   94.5241     6873.6678     6864.6426     6882.6929  64.672867 -72.849461   0.000368   0.001260
1 46814U 20077B   22250.85903514  .00017299  00000-0  72601-3 0  9992 | 2 46814  97.4147 312.6358 0013121 118.9438 241.3117 15.23457662103023 | 2022/09/07-20:37:00  343.2646    0.1237  241.1799   94.5218     6873.5577     6864.5389     6882.5765  65.982461 -71.665463   0.000415   0.001245
1 46814U 20077B   22252.17266863  .00009260  00000-0  39010-3 0  9994 | 2 46814  97.4145 313.9336 0013188 114.8127 245.4483 15.23484165103225 | 2022/09/09-04:08:38   96.1641    0.1236  245.3109   94.5202     6873.4780     6864.4132     6882.5427  67.588544 -70.152502   0.000478   0.001229
1 46814U 20077B   22253.42060298  .00006825  00000-0  28826-3 0  9994 | 2 46814  97.4140 315.1667 0013236 111.0628 249.2026 15.23501432103413 | 2022/09/10-10:05:40  185.4130    0.1237  249.0609   94.5191     6873.4260     6864.3284     6882.5237  69.082218 -68.681399   0.000534   0.001211
1 46814U 20077B   22254.53715945  .00012336  00000-0  51782-3 0  9994 | 2 46814  97.4134 316.2700 0013199 107.6039 252.6641 15.23529044103589 | 2022/09/11-12:53:30  227.3680    0.1237  252.5198   94.5174     6873.3430     6864.2709     6882.4151  70.391439 -67.338071   0.000581   0.001185
1 46814U 20077B   22255.78504231  .00012483  00000-0  52326-3 0  9994 | 2 46814  97.4130 317.5028 0013208 103.7428 256.5280 15.23571808103770 | 2022/09/12-18:50:27  316.6002    0.1237  256.3809   94.5147     6873.2144     6864.1362     6882.2925  71.823613 -65.807759   0.000635   0.001158
1 46814U 20077B   22256.83586804  .00017527  00000-0  73222-3 0  9999 | 2 46814  97.4126 318.5410 0013230 100.4385 259.8344 15.23607730103931 | 2022/09/13-20:03:38  334.8929    0.1237  259.6852   94.5125     6873.1063     6864.0132     6882.1995  73.003895 -64.495318   0.000682   0.001134
1 46814U 20077B   22257.88666982  .00012148  00000-0  50835-3 0  9990 | 2 46814  97.4122 319.5793 0013203  97.2659 263.0080 15.23635648104090 | 2022/09/14-21:16:48  353.1779    0.1238  262.8579   94.5108     6873.0224     6863.9479     6882.0968  74.160308 -63.161582   0.000722   0.001105
1 46814U 20077B   22258.93745822  .00009592  00000-0  40195-3 0  9995 | 2 46814  97.4121 320.6172 0013167  94.0159 266.2583 15.23652883104253 | 2022/09/15-22:29:56   11.4593    0.1237  266.1078   94.5097     6872.9705     6863.9209     6882.0202  75.292158 -61.807833   0.000762   0.001074
1 46814U 20077B   22260.18525280  .00007536  00000-0  31632-3 0  9991 | 2 46814  97.4121 321.8498 0013154  90.1927 270.0817 15.23672167104444 | 2022/09/17-04:26:45  100.6624    0.1237  269.9310   94.5085     6872.9126     6863.8719     6881.9532  76.604301 -60.173901   0.000809   0.001037
1 46814U 20077B   22261.43302999  .00009609  00000-0  40217-3 0  9992 | 2 46814  97.4122 323.0824 0013145  86.4463 273.8277 15.23696363104631 | 2022/09/18-10:23:33  189.8598    0.1237  273.6774   94.5070     6872.8398     6863.8054     6881.8741  77.881072 -58.512181   0.000853   0.001000
1 46814U 20077B   22262.48376379  .00017235  00000-0  71735-3 0  9994 | 2 46814  97.4123 324.1206 0013087  83.0236 277.2489 15.23739263104791 | 2022/09/19-11:36:37  208.1230    0.1237  277.1001   94.5044     6872.7108     6863.7165     6881.7051  78.928551 -57.091506   0.000890   0.000959
1 46814U 20077B   22263.53447224  .00013238  00000-0  55146-3 0  9996 | 2 46814  97.4124 325.1587 0012993  79.7570 280.5131 15.23771219104959 | 2022/09/20-12:49:38  226.3779    0.1237  280.3667   94.5024     6872.6147     6863.6851     6881.5443  79.950021 -55.652222   0.000920   0.000917
1 46814U 20077B   22264.84783446  .00014007  00000-0  58273-3 0  9999 | 2 46814  97.4126 326.4565 0012970  75.7873 284.4804 15.23803544105158 | 2022/09/21-20:20:52  339.1875    0.1237  284.3364   94.5004     6872.5175     6863.6039     6881.4312  81.190143 -53.827273   0.000960   0.000872
1 46814U 20077B   22265.89850003  .00016338  00000-0  67831-3 0  9998 | 2 46814  97.4125 327.4948 0012935  72.5325 287.7324 15.23837357105311 | 2022/09/22-21:33:50  357.4271    0.1236  287.5911   94.4983     6872.4158     6863.5264     6881.3053  82.152119 -52.347154   0.000990   0.000832
1 46814U 20077B   22267.14614388  .00008971  00000-0  37394-3 0  9997 | 2 46814  97.4121 328.7278 0012843  68.5969 291.6637 15.23857418105506 | 2022/09/24-03:30:26   86.5800    0.1237  291.5268   94.4970     6872.3555     6863.5294     6881.1817  83.259174 -50.567056   0.001021   0.000779
1 46814U 20077B   22268.19677731  .00009344  00000-0  38911-3 0  9995 | 2 46814  97.4118 329.7662 0012779  65.3661 294.8906 15.23876558105669 | 2022/09/25-04:43:21  104.8091    0.1238  294.7577   94.4958     6872.2980     6863.5159     6881.0801  84.161643 -49.049736   0.001045   0.000735
1 46814U 20077B   22269.37872367  .00009790  00000-0  40728-3 0  9992 | 2 46814  97.4113 330.9343 0012721  61.7614 298.4905 15.23899209105846 | 2022/09/26-09:05:21  170.3114    0.1237  298.3623   94.4944     6872.2299     6863.4877     6880.9721  85.143634 -47.323599   0.001071   0.000687
1 46814U 20077B   22270.49498101  .00022487  00000-0  92882-3 0  9993 | 2 46814  97.4108 332.0375 0012651  58.1436 302.1030 15.23946983106016 | 2022/09/27-11:52:46  212.1664    0.1237  301.9801   94.4915     6872.0863     6863.3924     6880.7801  86.038544 -45.675298   0.001094   0.000636
1 46814U 20077B   22271.54554332  .00013800  00000-0  57119-3 0  9992 | 2 46814  97.4101 333.0755 0012476  54.9317 305.3089 15.23985299106178 | 2022/09/28-13:05:34  230.3723    0.1238  305.1921   94.4891     6871.9711     6863.3976     6880.5445  86.851233 -44.108852   0.001101   0.000586
1 46814U 20077B   22272.59608736  .00015718  00000-0  64948-3 0  9994 | 2 46814  97.4099 334.1138 0012418  51.2255 309.0090 15.24012812106332 | 2022/09/29-14:18:21  248.5714    0.1238  308.8983   94.4874     6871.8884     6863.3549     6880.4219  87.636079 -42.527712   0.001122   0.000531
1 46814U 20077B   22273.71225781  .00027807  00000-0  11430-2 0  9993 | 2 46814  97.4098 335.2164 0012334  47.8791 312.3493 15.24070109106501 | 2022/09/30-17:05:39  290.3965    0.1238  312.2447   94.4838     6871.7161     6863.2406     6880.1917  88.438114 -40.833431   0.001135   0.000484
1 46814U 20077B   22274.76273750  .00014221  00000-0  58648-3 0  9997 | 2 46814  97.4097 336.2545 0012272  44.4439 315.7781 15.24102793106666 | 2022/10/01-18:18:20  308.5728    0.1238  315.6799   94.4818     6871.6179     6863.1850     6880.0507  89.163298 -39.224431   0.001148   0.000434
1 46814U 20077B   22275.81319499  .00024595  00000-0  10095-2 0  9993 | 2 46814  97.4097 337.2925 0012164  40.8000 319.4146 15.24146983106826 | 2022/10/02-19:31:00  326.7423    0.1238  319.3238   94.4791     6871.4851     6863.1266     6879.8435  89.859237 -37.602755   0.001156   0.000378
1 46814U 20077B   22277.19187210  .00018371  00000-0  75422-3 0  9991 | 2 46814  97.4099 338.6550 0012035  36.2346 323.9705 15.24200313107039 | 2022/10/04-04:36:17  103.0720    0.1239  323.8893   94.4758     6871.3248     6863.0552     6879.5944  90.728131 -35.455535   0.001163   0.000309
1 46814U 20077B   22278.24224717  .00030723  00000-0  12546-2 0  9994 | 2 46814  97.4103 339.6934 0011944  32.9558 327.2422 15.24274697107194 | 2022/10/05-05:48:50  121.2110    0.1238  327.1680   94.4712     6871.1012     6862.8944     6879.3081  91.356149 -33.805630   0.001165   0.000262
1 46814U 20077B   22279.48952744  .00016498  00000-0  67563-3 0  9992 | 2 46814  97.4102 340.9263 0011814  28.7649 331.4237 15.24309851107386 | 2022/10/06-11:44:55  210.2378    0.1238  331.3589   94.4690     6870.9956     6862.8782     6879.1130  92.062284 -31.832106   0.001165   0.000199
1 46814U 20077B   22280.80240828  .00033830  00000-0  13762-2 0  9993 | 2 46814  97.4099 342.2244 0011646  24.2363 335.9420 15.24385460107587 | 2022/10/07-19:15:28  322.8811    0.1238  335.8875   94.4643     6870.7684     6862.7667     6878.7701  92.759502 -29.738249   0.001157   0.000131
1 46814U 20077B   22282.18086618  .00018064  00000-0  73651-3 0  9997 | 2 46814  97.4097 343.5875 0011539  19.6112 340.5567 15.24442900107790 | 2022/10/09-04:20:26   99.1319    0.1238  340.5126   94.4607     6870.5958     6862.6678     6878.5238  93.440484 -27.523183   0.001152   0.000064
1 46814U 20077B   22283.23108825  .00016960  00000-0  69101-3 0  9997 | 2 46814  97.4092 344.6259 0011437  16.1846 343.9755 15.24481218107955 | 2022/10/10-05:32:46  117.2164    0.1239  343.9393   94.4584     6870.4807     6862.6229     6878.3384  93.923446 -25.825154   0.001144   0.000016
1 46814U 20077B   22284.54382995  .00015103  00000-0  61505-3 0  9992 | 2 46814  97.4084 345.9240 0011288  11.4939 348.6554 15.24524362108155 | 2022/10/11-13:03:06  229.8100    0.1238  348.6299   94.4557     6870.3511     6862.5958     6878.1063  94.483613 -23.690573   0.001128  -0.000051
1 46814U 20077B   22285.79089785  .00027544  00000-0  11156-2 0  9999 | 2 46814  97.4079 347.1568 0011155   7.1773 352.9623 15.24582096108341 | 2022/10/12-18:58:53  318.7605    0.1239  352.9466   94.4521     6870.1776     6862.5139     6877.8413  94.970952 -21.652186   0.001110  -0.000110
1 46814U 20077B   22286.84102148  .00013105  00000-0  53274-3 0  9991 | 2 46814  97.4077 348.1952 0011047   3.7130 356.4188 15.24620642108509 | 2022/10/13-20:11:04  336.8095    0.1239  356.4109   94.4497     6870.0618     6862.4725     6877.6512  95.347552 -19.927478   0.001094  -0.000155
1 46814U 20077B   22287.89112312  .00015239  00000-0  61822-3 0  9999 | 2 46814  97.4074 349.2332 0010939   0.0782   0.0456 15.24654159108669 | 2022/10/14-21:23:13  354.8511    0.1239    0.0457   94.4476     6869.9611     6862.4461     6877.4762  95.692607 -18.196881   0.001075  -0.000203
1 46814U 20077B   22289.13807530  .00029033  00000-0  11705-2 0  9992 | 2 46814  97.4070 350.4660 0010844 355.2005   4.9127 15.24728507108859 | 2022/10/16-03:18:49   83.7608    0.1239    4.9234   94.4430     6869.7378     6862.2883     6877.1873  96.061565 -16.133799   0.001051  -0.000268
1 46814U 20077B   22290.18810610  .00013421  00000-0  54337-3 0  9995 | 2 46814  97.4073 351.5044 0010714 351.5970   8.5087 15.24755319109011 | 2022/10/17-04:30:52  101.7759    0.1239    8.5269   94.4414     6869.6573     6862.2971     6877.0174  96.338470 -14.390317   0.001025  -0.000311
1 46814U 20077B   22291.50059999  .00021263  00000-0  85659-3 0  9991 | 2 46814  97.4076 352.8022 0010537 347.0507  13.0459 15.24822614109212 | 2022/10/18-12:00:51  214.2787    0.1239   13.0732   94.4372     6869.4551     6862.2168     6876.6935  96.639981 -12.204699   0.000989  -0.000363
1 46814U 20077B   22292.87866193  .00020955  00000-0  84272-3 0  9991 | 2 46814  97.4075 354.1653 0010440 341.7199  18.3662 15.24884066109423 | 2022/10/19-21:05:16  350.3867    0.1238   18.4039   94.4334     6869.2706     6862.0991     6876.4421  96.902863  -9.902330   0.000953  -0.000427
1 46814U 20077B   22294.19105339  .00021451  00000-0  86114-3 0  9995 | 2 46814  97.4076 355.4636 0010345 336.8312  23.2458 15.24940471109628 | 2022/10/21-04:35:07  102.8519    0.1238   23.2926   94.4299     6869.1012     6861.9951     6876.2073  97.102450  -7.704203   0.000916  -0.000481
1 46814U 20077B   22295.50339651  .00022812  00000-0  91390-3 0  9991 | 2 46814  97.4077 356.7618 0010171 332.0967  27.9724 15.24997243109822 | 2022/10/22-12:04:53  215.2987    0.1238   28.0271   94.4264     6868.9307     6861.9443     6875.9171  97.252172  -5.502285   0.000871  -0.000526
1 46814U 20077B   22296.81567685  .00025197  00000-0  10065-2 0  9994 | 2 46814  97.4072 358.0604 0010033 326.8431  33.2177 15.25076496110026 | 2022/10/23-19:34:34  327.7227    0.1238   33.2807   94.4215     6868.6927     6861.8014     6875.5841  97.351392  -3.296838   0.000821  -0.000577
1 46814U 20077B   22297.86546071  .00021960  00000-0  87675-3 0  9992 | 2 46814  97.4068 359.0991 0009988 322.6710  37.3833 15.25122219110188 | 2022/10/24-20:46:15  345.6474    0.1239   37.4529   94.4187     6868.5555     6861.6951     6875.4158  97.394759  -1.531529   0.000785  -0.000618
1 46814U 20077B   22299.17765020  .00016066  00000-0  64183-3 0  9995 | 2 46814  97.4064   0.3974 0009892 317.8705  42.1771 15.25169144110380 | 2022/10/26-04:15:48   98.0374    0.1238   42.2533   94.4158     6868.4146     6861.6203     6875.2088  97.404057   0.675599   0.000738  -0.000658
1 46814U 20077B   22300.22737156  .00019327  00000-0  77021-3 0  9991 | 2 46814  97.4058   1.4359 0009796 313.7507  46.2919 15.25212191110548 | 2022/10/27-05:27:24  115.9383    0.1238   46.3731   94.4131     6868.2853     6861.5572     6875.0135  97.375213   2.440849   0.000695  -0.000690
1 46814U 20077B   22301.27706114  .00020531  00000-0  81672-3 0  9993 | 2 46814  97.4051   2.4744 0009768 309.3730  50.6642 15.25260882110708 | 2022/10/28-06:38:58  133.8280    0.1238   50.7508   94.4101     6868.1392     6861.4304     6874.8480  97.314281   4.205271   0.000652  -0.000728
1 46814U 20077B   22302.32671342  .00025549  00000-0  10132-2 0  9990 | 2 46814  97.4050   3.5127 0009700 305.1513  54.8816 15.25319564110861 | 2022/10/29-07:50:28  151.7034    0.1239   54.9726   94.4064     6867.9630     6861.3011     6874.6249  97.222000   5.967983   0.000606  -0.000757
1 46814U 20077B   22303.44193762  .00013406  00000-0  53338-3 0  9994 | 2 46814  97.4050   4.6161 0009595 300.9592  59.0702 15.25349954111030 | 2022/10/30-10:36:23  193.1835    0.1238   59.1646   94.4046     6867.8718     6861.2821     6874.4615  97.089048   7.839058   0.000558  -0.000780
1 46814U 20077B   22304.49153853  .00012863  00000-0  51148-3 0  9990 | 2 46814  97.4049   5.6545 0009544 296.6809  63.3451 15.25379956111192 | 2022/10/31-11:47:48  211.0393    0.1238   63.4429   94.4027     6867.7817     6861.2271     6874.3363  96.930940   9.597258   0.000510  -0.000806
1 46814U 20077B   22305.54111866  .00014671  00000-0  58226-3 0  9998 | 2 46814  97.4050   6.6930 0009542 292.4092  67.6135 15.25412442111351 | 2022/11/01-12:59:12  228.8875    0.1238   67.7146   94.4007     6867.6842     6861.1311     6874.2374  96.741175  11.352494   0.000464  -0.000834
1 46814U 20077B   22306.78746862  .00015456  00000-0  61253-3 0  9991 | 2 46814  97.4054   7.9263 0009482 287.5035  72.5167 15.25449369111542 | 2022/11/02-18:53:57  317.5711    0.1239   72.6204   94.3984     6867.5734     6861.0616     6874.0852  96.474815  13.432126   0.000407  -0.000856
1 46814U 20077B   22307.90259490  .00018921  00000-0  74797-3 0  9999 | 2 46814  97.4056   9.0300 0009403 282.8654  77.1533 15.25491449111710 | 2022/11/03-21:39:44  359.0135    0.1238   77.2584   94.3958     6867.4471     6860.9896     6873.9046  96.198384  15.287964   0.000351  -0.000872
1 46814U 20077B   22309.14887461  .00014737  00000-0  58274-3 0  9995 | 2 46814  97.4055  10.2638 0009382 277.8869  82.1304 15.25535888111904 | 2022/11/05-03:34:22   87.6702    0.1238   82.2369   94.3931     6867.3137     6860.8708     6873.7567  95.846799  17.355766   0.000292  -0.000892
1 46814U 20077B   22310.19834831  .00013208  00000-0  52221-3 0  9993 | 2 46814  97.4053  11.3027 0009404 273.4992  86.5170 15.25566776112067 | 2022/11/06-04:45:37  105.4774    0.1238   86.6246   94.3911     6867.2210     6860.7631     6873.6790  95.516165  19.090694   0.000240  -0.000909
1 46814U 20077B   22311.51016161  .00014377  00000-0  56741-3 0  9997 | 2 46814  97.4050  12.6012 0009362 268.1261  91.8905 15.25605407112267 | 2022/11/07-12:14:37  217.7242    0.1238   91.9977   94.3888     6867.1051     6860.6761     6873.5341  95.058727  21.250233   0.000174  -0.000920
1 46814U 20077B   22312.88750794  .00030817  00000-0  12070-2 0  9998 | 2 46814  97.4042  13.9646 0009310 262.3256  97.6925 15.25699124112476 | 2022/11/08-21:18:00  353.5616    0.1238   97.7982   94.3830     6866.8239     6860.4309     6873.2169  94.525420  23.505811   0.000102  -0.000925
1 46814U 20077B   22314.13359408  .00030908  00000-0  12071-2 0  9997 | 2 46814  97.4037  15.1982 0009382 257.4663 102.5526 15.25793609112660 | 2022/11/10-03:12:22   82.1464    0.1238  102.6575   94.3771     6866.5404     6860.0982     6872.9826  93.996979  25.535243   0.000044  -0.000937
1 46814U 20077B   22315.18288577  .00024257  00000-0  94737-3 0  9991 | 2 46814  97.4033  16.2370 0009320 253.1721 106.8495 15.25844915112826 | 2022/11/11-04:23:21   99.8841    0.1238  106.9517   94.3739     6866.3865     6859.9870     6872.7860  93.518206  27.235051  -0.000010  -0.000932
1 46814U 20077B   22316.56001715  .00028538  00000-0  11105-2 0  9994 | 2 46814  97.4030  17.6003 0009282 247.4638 112.5618 15.25932576113037 | 2022/11/12-13:26:25  235.6415    0.1238  112.6600   94.3685     6866.1235     6859.7504     6872.4966  92.843476  29.452221  -0.000080  -0.000925
1 46814U 20077B   22317.74035686  .00024903  00000-0  96803-3 0  9990 | 2 46814  97.4027  18.7687 0009389 242.6851 117.3432 15.25995318113215 | 2022/11/13-17:46:06  300.5561    0.1238  117.4387   94.3646     6865.9353     6859.4889     6872.3817  92.223328  31.339173  -0.000140  -0.000928
1 46814U 20077B   22318.85508499  .00012522  00000-0  48843-3 0  9995 | 2 46814  97.4027  19.8724 0009410 238.3620 121.6701 15.26029965113382 | 2022/11/14-20:31:19  341.8494    0.1238  121.7618   94.3625     6865.8314     6859.3706     6872.2921  91.602562  33.109765  -0.000192  -0.000921
1 46814U 20077B   22320.10093524  .00008913  00000-0  34838-3 0  9992 | 2 46814  97.4028  21.1060 0009438 233.1868 126.8506 15.26055637113575 | 2022/11/16-02:25:20   70.3446    0.1239  126.9371   94.3609     6865.7544     6859.2745     6872.2343  90.868614  35.074213  -0.000256  -0.000909
1 46814U 20077B   22321.15004755  .00019230  00000-0  74630-3 0  9994 | 2 46814  97.4028  22.1450 0009484 229.1729 130.8688 15.26101309113733 | 2022/11/17-03:36:04   88.0158    0.1238  130.9509   94.3581     6865.6174     6859.1061     6872.1288  90.217674  36.716165  -0.000304  -0.000898
1 46814U 20077B   22322.52697923  .00009358  00000-0  36483-3 0  9995 | 2 46814  97.4031  23.5086 0009589 223.6559 136.3922 15.26124820113941 | 2022/11/18-12:38:51  223.6984    0.1238  136.4679   94.3566     6865.5469     6858.9635     6872.1303  89.318663  38.852802  -0.000372  -0.000884
1 46814U 20077B   22323.64161725  .00016012  00000-0  62105-3 0  9990 | 2 46814  97.4032  24.6126 0009628 219.3677 140.6863 15.26159004114110 | 2022/11/19-15:23:55  264.9568    0.1238  140.7561   94.3545     6865.4444     6858.8343     6872.0544  88.553588  40.566556  -0.000422  -0.000865
1 46814U 20077B   22324.88735536  .00010618  00000-0  41262-3 0  9991 | 2 46814  97.4031  25.8466 0009717 214.4879 145.5730 15.26195143114300 | 2022/11/20-21:17:47  353.4095    0.1238  145.6359   94.3523     6865.3360     6858.6649     6872.0070  87.659331  42.464168  -0.000481  -0.000844
1 46814U 20077B   22326.19863807  .00008750  00000-0  34036-3 0  9995 | 2 46814  97.4028  27.1455 0009852 209.5426 150.5256 15.26217576114508 | 2022/11/22-04:46:02  105.4575    0.1237  150.5811   94.3509     6865.2687     6858.5051     6872.0324  86.673956  44.440193  -0.000541  -0.000823
1 46814U 20077B   22327.24764984  .00007434  00000-0  28950-3 0  9994 | 2 46814  97.4025  28.1845 0009936 205.5603 154.5146 15.26234729114663 | 2022/11/23-05:56:36  123.0900    0.1238  154.5635   94.3498     6865.2173     6858.3960     6872.0386  85.853608  46.004402  -0.000588  -0.000801
1 46814U 20077B   22328.42777241  .00011154  00000-0  43238-3 0  9995 | 2 46814  97.4020  29.3533 0010049 201.0625 159.0201 15.26261275114845 | 2022/11/24-10:15:59  187.9208    0.1238  159.0613   94.3482     6865.1377     6858.2389     6872.0365  84.896912  47.745826  -0.000640  -0.000774
1 46814U 20077B   22329.47674787  .00017172  00000-0  66289-3 0  9999 | 2 46814  97.4014  30.3924 0010117 197.3796 162.7097 15.26298249115000 | 2022/11/25-11:26:31  205.5401    0.1237  162.7441   94.3459     6865.0268     6858.0815     6871.9722  84.016576  49.277253  -0.000680  -0.000749
1 46814U 20077B   22330.52570508  .00014141  00000-0  54619-3 0  9990 | 2 46814  97.4010  31.4311 0010199 193.4646 166.6322 15.26322071115161 | 2022/11/26-12:37:00  223.1524    0.1238  166.6592   94.3444     6864.9554     6857.9538     6871.9569  83.109144  50.791978  -0.000722  -0.000720
1 46814U 20077B   22331.83685904  .00019408  00000-0  74666-3 0  9997 | 2 46814  97.4007  32.7295 0010323 188.3171 171.7898 15.26382960115367 | 2022/11/27-20:05:04  335.1517    0.1238  171.8067   94.3407     6864.7728     6857.6863     6871.8593  81.936636  52.661979  -0.000779  -0.000678
1 46814U 20077B   22333.14796592  .00020858  00000-0  80071-3 0  9997 | 2 46814  97.4006  34.0280 0010407 183.9075 176.2084 15.26438923115562 | 2022/11/29-03:33:04   87.1349    0.1238  176.2163   94.3372     6864.6050     6857.4610     6871.7490  80.722130  54.505179  -0.000821  -0.000640
1 46814U 20077B   22334.19682827  .00009862  00000-0  38040-3 0  9999 | 2 46814  97.4008  35.0668 0010522 180.1950 179.9286 15.26455695115721 | 2022/11/30-04:43:25  104.7127    0.1238  179.9288   94.3362     6864.5547     6857.3319     6871.7776  79.720876  55.959787  -0.000859  -0.000607
1 46814U 20077B   22335.50788610  .00010305  00000-0  39701-3 0  9991 | 2 46814  97.4010  36.3656 0010647 175.6325 184.5008 15.26482564115929 | 2022/12/01-12:11:21  216.6772    0.1237  184.4912   94.3345     6864.4742     6857.1656     6871.7828  78.432149  57.752513  -0.000903  -0.000564
1 46814U 20077B   22336.81891387  .00018306  00000-0  70137-3 0  9999 | 2 46814  97.4012  37.6645 0010751 170.9594 189.1841 15.26527939116120 | 2022/12/02-19:39:14  328.6303    0.1239  189.1645   94.3317     6864.3382     6856.9583     6871.7180  77.103012  59.515707  -0.000944  -0.000515
1 46814U 20077B   22337.86770757  .00011344  00000-0  43569-3 0  9996 | 2 46814  97.4014  38.7038 0010826 167.5749 192.5759 15.26556520116288 | 2022/12/03-20:49:29  346.1832    0.1238  192.5489   94.3299     6864.2525     6856.8212     6871.6837  76.010975  60.904551  -0.000971  -0.000479
1 46814U 20077B   22339.17866475  .00027748  00000-0  10573-2 0  9998 | 2 46814  97.4013  40.0031 0010917 162.7751 197.3860 15.26622704116483 | 2022/12/05-04:17:16   98.1103    0.1238  197.3487   94.3259     6864.0541     6856.5606     6871.5476  74.610337  62.612386  -0.001007  -0.000423
1 46814U 20077B   22340.55509921  .00023328  00000-0  88774-3 0  9991 | 2 46814  97.4008  41.3667 0011050 158.1351 202.0362 15.26699792116695 | 2022/12/06-13:19:20  233.6096    0.1239  201.9888   94.3211     6863.8230     6856.2385     6871.4075  73.098842  64.369831  -0.001042  -0.000369
1 46814U 20077B   22341.80039639  .00019993  00000-0  76043-3 0  9993 | 2 46814  97.4005  42.6009 0011093 154.0841 206.0955 15.26747692116888 | 2022/12/07-19:12:34  321.9015    0.1238  206.0397   94.3181     6863.6795     6856.0656     6871.2933  71.695189  65.929184  -0.001063  -0.000318
1 46814U 20077B   22342.84904276  .00013336  00000-0  50818-3 0  9993 | 2 46814  97.4002  43.6400 0011203 150.4860 209.7013 15.26773829117040 | 2022/12/08-20:22:37  339.4010    0.1238  209.6378   94.3165     6863.6011     6855.9118     6871.2904  70.487574  67.218307  -0.001086  -0.000273
1 46814U 20077B   22344.22534399  .00025580  00000-0  96839-3 0  9999 | 2 46814  97.3994  45.0038 0011314 145.7717 214.4253 15.26849569117250 | 2022/12/10-05:24:29  114.8525    0.1238  214.3521   94.3118     6863.3741     6855.6089     6871.1394  68.867208  68.876344  -0.001111  -0.000212
1 46814U 20077B   22345.47050912  .00022288  00000-0  84283-3 0  9993 | 2 46814  97.3990  46.2376 0011372 141.9984 218.2059 15.26914403117449 | 2022/12/11-11:17:31  203.0982    0.1238  218.1254   94.3078     6863.1799     6855.3750     6870.9847  67.367905  70.342949  -0.001125  -0.000163
1 46814U 20077B   22346.51903910  .00019068  00000-0  72098-3 0  9997 | 2 46814  97.3989  47.2766 0011441 138.2924 221.9189 15.26949796117607 | 2022/12/12-12:27:24  220.5564    0.1238  221.8314   94.3057     6863.0738     6855.2218     6870.9258  66.081234  71.552891  -0.001139  -0.000111
1 46814U 20077B   22347.56752887  .00023945  00000-0  90225-3 0  9999 | 2 46814  97.3988  48.3157 0011567 134.8059 225.4122 15.27015693117766 | 2022/12/13-13:37:14  238.0003    0.1238  225.3179   94.3016     6862.8764     6854.9381     6870.8146  64.772709  72.739415  -0.001155  -0.000063
1 46814U 20077B   22348.87808039  .00030744  00000-0  11538-2 0  9999 | 2 46814  97.3986  49.6149 0011572 130.4880 229.7370 15.27097611117963 | 2022/12/14-21:04:26  349.7845    0.1239  229.6359   94.2965     6862.6309     6854.6895     6870.5724  63.106680  74.189179  -0.001157  -0.000002
1 46814U 20077B   22349.99200497  .00015643  00000-0  58889-3 0  9999 | 2 46814  97.3988  50.7191 0011624 126.9784 233.2521 15.27136120118133 | 2022/12/15-23:48:29   30.7856    0.1239  233.1455   94.2941     6862.5156     6854.5386     6870.4925  61.665408  75.391669  -0.001161   0.000047
1 46814U 20077B   22351.17142699  .00013272  00000-0  49967-3 0  9994 | 2 46814  97.3991  51.8884 0011704 123.0638 237.1727 15.27170601118316 | 2022/12/17-04:06:51   95.3647    0.1239  237.0601   94.2920     6862.4123     6854.3805     6870.4440  60.114255  76.634594  -0.001166   0.000103
1 46814U 20077B   22352.21978155  .00011173  00000-0  42086-3 0  9997 | 2 46814  97.3991  52.9279 0011749 119.7515 240.4894 15.27196330118477 | 2022/12/18-05:16:29  112.7617    0.1238  240.3723   94.2904     6862.3352     6854.2726     6870.3977  58.714080  77.712557  -0.001165   0.000150
1 46814U 20077B   22353.33363953  .00014151  00000-0  53160-3 0  9999 | 2 46814  97.3993  54.0325 0011762 116.3012 243.9436 15.27225841118643 | 2022/12/19-08:00:26  153.7400    0.1238  243.8226   94.2886     6862.2468     6854.1754     6870.3182  57.205166  78.830150  -0.001160   0.000197
1 46814U 20077B   22354.51298710  .00022245  00000-0  83188-3 0  9994 | 2 46814  97.3993  55.2018 0011844 112.6272 247.6221 15.27278524118822 | 2022/12/20-12:18:42  218.2937    0.1239  247.4967   94.2854     6862.0890     6853.9615     6870.2164  55.584589  79.981104  -0.001158   0.000250
1 46814U 20077B   22355.75779501  .00029227  00000-0  10884-2 0  9992 | 2 46814  97.3991  56.4364 0011896 108.6368 251.6163 15.27360627119013 | 2022/12/21-18:11:13  306.4131    0.1238  251.4870   94.2803     6861.8431     6853.6802     6870.0059  53.848289  81.160005  -0.001149   0.000306
1 46814U 20077B   22356.87152732  .00016697  00000-0  62324-3 0  9991 | 2 46814  97.3985  57.5409 0011864 105.2161 255.0390 15.27399850119185 | 2022/12/22-20:54:59  347.3480    0.1238  254.9077   94.2779     6861.7256     6853.5848     6869.8663  52.273524  82.182398  -0.001133   0.000352
1 46814U 20077B   22358.05075047  .00013098  00000-0  48932-3 0  9997 | 2 46814  97.3980  58.7101 0011895 101.5646 258.6929 15.27426984119369 | 2022/12/24-01:13:04   51.8590    0.1239  258.5593   94.2762     6861.6443     6853.4824     6869.8062  50.585451  83.231500  -0.001120   0.000401
1 46814U 20077B   22359.22993442  .00023920  00000-0  88830-3 0  9991 | 2 46814  97.3972  59.8793 0011931  97.9169 262.3425 15.27492586119542 | 2022/12/25-05:31:06  116.3564    0.1239  262.2070   94.2721     6861.4479     6853.2615     6869.6343  48.876181  84.245673  -0.001105   0.000451
1 46814U 20077B   22360.54008894  .00018020  00000-0  66938-3 0  9996 | 2 46814  97.3969  61.1785 0011878  93.8792 266.3805 15.27543860119742 | 2022/12/26-12:57:43  228.0039    0.1239  266.2447   94.2690     6861.2943     6853.1445     6869.4442  46.953338  85.331941  -0.001077   0.000501
1 46814U 20077B   22361.78470310  .00015828  00000-0  58781-3 0  9999 | 2 46814  97.3968  62.4126 0011901  89.9939 270.2664 15.27580090119934 | 2022/12/27-18:49:58  316.0570    0.1239  270.1300   94.2667     6861.1858     6853.0203     6869.3513  45.104569  86.323314  -0.001055   0.000551
1 46814U 20077B   22362.83276892  .00019048  00000-0  70551-3 0  9992 | 2 46814  97.3968  63.4521 0011953  86.9338 273.3269 15.27626246120099 | 2022/12/28-19:59:11  333.3539    0.1239  273.1901   94.2639     6861.0476     6852.8466     6869.2486  43.531094  87.127381  -0.001039   0.000591
1 46814U 20077B   22363.88080635  .00015681  00000-0  58095-3 0  9994 | 2 46814  97.3969  64.4917 0011882  83.5538 276.7054 15.27661662120254 | 2022/12/29-21:08:21  350.6422    0.1240  276.5702   94.2617     6860.9416     6852.7894     6869.0938  41.943181  87.902934  -0.001008   0.000629
1 46814U 20077B   22365.25632301  .00016608  00000-0  61427-3 0  9993 | 2 46814  97.3971  65.8563 0011858  79.3436 280.9138 15.27704812120460 | 2022/12/31-06:09:06  125.8212    0.1239  280.7803   94.2590     6860.8124     6852.6768     6868.9479  39.838002  88.877043  -0.000974   0.000677
1 46814U 20077B   23001.30430621  .00018454  00000-0  68124-3 0  9990 | 2 46814  97.3973  66.8960 0011857  76.0406 284.2151 15.27744079120623 | 2023/01/01-07:18:12  143.0901    0.1239  284.0833   94.2566     6860.6948     6852.5601     6868.8296  38.218830  89.585462  -0.000946   0.000715
1 46814U 20077B   23002.54873224  .00028846  00000-0  10592-2 0  9998 | 2 46814  97.3972  68.1308 0011829  72.2334 288.0196 15.27828884120819 | 2023/01/02-13:10:10  231.0779    0.1240  287.8906   94.2514     6860.4409     6852.3257     6868.5562  36.279382  90.388169  -0.000911   0.000755
1 46814U 20077B   23003.59662140  .00027623  00000-0  10127-2 0  9993 | 2 46814  97.3970  69.1704 0011743  68.8843 291.3650 15.27890856120976 | 2023/01/03-14:19:08  248.3150    0.1239  291.2396   94.2476     6860.2554     6852.1994     6868.3114  34.633386  91.031336  -0.000873   0.000785
1 46814U 20077B   23004.64446496  .00043377  00000-0  15815-2 0  9997 | 2 46814  97.3971  70.2104 0011760  65.5579 294.6886 15.27972093121133 | 2023/01/04-15:28:01  265.5343    0.1240  294.5661   94.2426     6860.0123     6851.9449     6868.0797  32.975457  91.645045  -0.000843   0.000820
1 46814U 20077B   23005.75773352  .00033961  00000-0  12371-2 0  9996 | 2 46814  97.3966  71.3153 0011712  62.2622 297.9804 15.28057776121301 | 2023/01/05-18:11:08  306.3072    0.1240  297.8618   94.2373     6859.7558     6851.7217     6867.7900  31.201979  92.263396  -0.000807   0.000848
1 46814U 20077B   23006.80545299  .00036573  00000-0  13280-2 0  9992 | 2 46814  97.3960  72.3550 0011611  58.7794 301.4581 15.28148248121460 | 2023/01/06-19:19:51  323.4843    0.1239  301.3445   94.2317     6859.4851     6851.5205     6867.4496  29.522523  92.813800  -0.000764   0.000875
1 46814U 20077B   23007.85312751  .00021169  00000-0  77025-3 0  9996 | 2 46814  97.3957  73.3948 0011584  55.6782 304.5552 15.28195109121628 | 2023/01/07-20:28:30  340.6441    0.1240  304.4458   94.2288     6859.3449     6851.3990     6867.2907  27.833289  93.333972  -0.000730   0.000899
1 46814U 20077B   23008.90076569  .00040087  00000-0  14494-2 0  9997 | 2 46814  97.3953  74.4345 0011556  52.2991 307.9294 15.28267620121786 | 2023/01/08-21:37:06  357.7916    0.1240  307.8249   94.2243     6859.1279     6851.2015     6867.0543  26.135037  93.823261  -0.000691   0.000926
1 46814U 20077B   23010.34117938  .00030375  00000-0  10970-2 0  9998 | 2 46814  97.3947  75.8642 0011406  47.6678 312.5526 15.28367710122005 | 2023/01/10-08:11:17  156.3387    0.1240  312.4562   94.2182     6858.8284     6851.0052     6866.6516  23.785828  94.445550  -0.000630   0.000951
1 46814U 20077B   23011.58511301  .00034182  00000-0  12310-2 0  9997 | 2 46814  97.3945  77.0988 0011352  43.7815 316.4322 15.28436634122199 | 2023/01/11-14:02:33  244.1530    0.1240  316.3425   94.2139     6858.6222     6850.8363     6866.4081  21.745322  94.935924  -0.000583   0.000974
1 46814U 20077B   23012.76350725  .00023971  00000-0  86314-3 0  9999 | 2 46814  97.3945  78.2690 0011315  40.0951 320.1122 15.28516430122375 | 2023/01/12-18:19:27  308.3726    0.1241  320.0290   94.2090     6858.3835     6850.6233     6866.1438  19.801965  95.360216  -0.000538   0.000996
1 46814U 20077B   23013.87639676  .00023422  00000-0  84234-3 0  9997 | 2 46814  97.3943  79.3743 0011165  36.3541 323.8455 15.28562495122540 | 2023/01/13-21:02:00  349.0121    0.1240  323.7699   94.2062     6858.2457     6850.5885     6865.9030  17.958752  95.724255  -0.000485   0.001006
1 46814U 20077B   23014.92378728  .00029903  00000-0  10720-2 0  9990 | 2 46814  97.3944  80.4143 0011106  32.9032 327.2897 15.28616987122702 | 2023/01/14-22:10:15    6.0718    0.1240  327.2208   94.2028     6858.0827     6850.4662     6865.6993  16.218374  96.034543  -0.000440   0.001020
1 46814U 20077B   23016.23296768  .00041569  00000-0  14829-2 0  9995 | 2 46814  97.3946  81.7144 0011041  28.7457 331.4389 15.28706551122903 | 2023/01/16-05:35:28  117.3753    0.1240  331.3783   94.1973     6857.8149     6850.2432     6865.3866  14.035292  96.377999  -0.000386   0.001034
1 46814U 20077B   23017.54203266  .00056635  00000-0  20060-2 0  9995 | 2 46814  97.3945  83.0153 0010922  23.9960 336.1787 15.28860841123100 | 2023/01/17-13:00:31  228.6380    0.1241  336.1281   94.1878     6857.3535     6849.8639     6864.8431  11.843589  96.671702  -0.000320   0.001044
1 46814U 20077B   23018.58920576  .00041345  00000-0  14642-2 0  9991 | 2 46814  97.3948  84.0556 0010826  20.6632 339.5044 15.28948853123264 | 2023/01/18-14:08:27  245.6192    0.1241  339.4609   94.1824     6857.0903     6849.6668     6864.5138  10.086530  96.871095  -0.000275   0.001047
1 46814U 20077B   23019.76721382  .00051400  00000-0  18120-2 0  9994 | 2 46814  97.3945  85.2261 0010740  17.0355 343.1243 15.29044128123449 | 2023/01/19-18:24:47  309.7005    0.1240  343.0885   94.1765     6856.8055     6849.4413     6864.1697   8.105550  97.056626  -0.000228   0.001050
1 46814U 20077B   23020.87968711  .00060920  00000-0  21362-2 0  9996 | 2 46814  97.3937  86.3312 0010621  12.9243 347.2268 15.29171152123616 | 2023/01/20-21:06:44  350.1910    0.1242  347.1999   94.1687     6856.4257     6849.1435     6863.7080   6.232115  97.194102  -0.000171   0.001048
1 46814U 20077B   23022.18835888  .00058830  00000-0  20534-2 0  9997 | 2 46814  97.3932  87.6318 0010474   8.8801 351.2622 15.29334110123817 | 2023/01/22-04:31:14  101.3110    0.1240  351.2439   94.1586     6855.9387     6848.7578     6863.1196   4.024396  97.310018  -0.000119   0.001041
1 46814U 20077B   23023.23519950  .00052975  00000-0  18440-2 0  9990 | 2 46814  97.3926  88.6722 0010331   5.8957 354.2403 15.29454114123975 | 2023/01/23-05:38:41  118.1713    0.1241  354.2284   94.1512     6855.5801     6848.4976     6862.6626   2.256821  97.366449  -0.000082   0.001030
1 46814U 20077B   23024.41279944  .00054309  00000-0  18830-2 0  9993 | 2 46814  97.3919  89.8432 0010252   1.4406 358.6862 15.29576468124156 | 2023/01/24-09:54:25  182.1062    0.1241  358.6835   94.1437     6855.2145     6848.1865     6862.2424   0.266530  97.391535  -0.000023   0.001025
1 46814U 20077B   23025.52489799  .00033105  00000-0  11490-2 0  9993 | 2 46814  97.3919  90.9487 0010159 357.5283   2.5906 15.29663551124326 | 2023/01/25-12:35:51  222.4602    0.1242    2.5959   94.1383     6854.9543     6847.9903     6861.9182  -1.612535  97.378550   0.000027   0.001016
1 46814U 20077B   23026.57154239  .00021468  00000-0  74633-3 0  9995 | 2 46814  97.3917  91.9894 0010054 353.9739   6.1379 15.29701481124483 | 2023/01/26-13:43:01  239.2502    0.1241    6.1502   94.1360     6854.8410     6847.9491     6861.7328  -3.380914  97.332999   0.000071   0.001003
1 46814U 20077B   23027.61815829  .00019135  00000-0  66494-3 0  9994 | 2 46814  97.3917  93.0303 0009939 350.1804   9.9240 15.29740631124649 | 2023/01/27-14:50:08  256.0300    0.1241    9.9437   94.1336     6854.7240     6847.9111     6861.5369  -5.148521  97.255519   0.000117   0.000987
1 46814U 20077B   23028.86098218  .00015878  00000-0  55176-3 0  9992 | 2 46814  97.3918  94.2664 0009804 345.5689  14.5270 15.29780711124832 | 2023/01/28-20:39:48  343.4440    0.1241   14.5552   94.1311     6854.6043     6847.8840     6861.3245  -7.245359  97.121921   0.000173   0.000965
1 46814U 20077B   23029.90753420  .00031049  00000-0  10722-2 0  9996 | 2 46814  97.3920  95.3076 0009665 342.0590  18.0308 15.29847074124996 | 2023/01/29-21:46:50    0.1992    0.1241   18.0651   94.1271     6854.4060     6847.7813     6861.0308  -9.009020  96.974426   0.000211   0.000943
1 46814U 20077B   23030.95403946  .00031160  00000-0  10738-2 0  9999 | 2 46814  97.3919  96.3486 0009577 338.1857  21.8975 15.29914852125154 | 2023/01/30-22:53:49   16.9381    0.1242   21.9385   94.1229     6854.2036     6847.6393     6860.7679 -10.769341  96.794646   0.000255   0.000923
1 46814U 20077B   23032.26212254  .00016624  00000-0  57438-3 0  9992 | 2 46814  97.3918  97.6497 0009486 333.1153  26.9594 15.29961505125354 | 2023/02/01-06:17:27  127.8448    0.1240   27.0087   94.1200     6854.0643     6847.5625     6860.5660 -12.964421  96.525056   0.000313   0.000896
1 46814U 20077B   23033.57016810  .00016056  00000-0  55416-3 0  9990 | 2 46814  97.3916  98.9509 0009381 328.2537  31.8137 15.30005083125557 | 2023/02/02-13:41:02  238.7365    0.1241   31.8704   94.1173     6853.9341     6847.5044     6860.3638 -15.152964  96.205569   0.000363   0.000865
1 46814U 20077B   23034.61657765  .00015522  00000-0  53531-3 0  9999 | 2 46814  97.3913  99.9919 0009302 324.1253  35.9362 15.30039156125714 | 2023/02/03-14:47:52  255.4403    0.1241   35.9988   94.1152     6853.8324     6847.4569     6860.2078 -16.898262  95.914097   0.000406   0.000837
1 46814U 20077B   23035.92455406  .00016804  00000-0  57837-3 0  9999 | 2 46814  97.3909 101.2930 0009182 318.9054  41.1494 15.30086835125918 | 2023/02/04-22:11:21    6.3066    0.1241   41.2187   94.1123     6853.6900     6847.3969     6859.9830 -19.071703  95.505275   0.000456   0.000797
1 46814U 20077B   23037.16709442  .00017664  00000-0  60691-3 0  9996 | 2 46814  97.3904 102.5289 0009090 314.1639  45.8854 15.30133210126102 | 2023/02/06-04:00:36   93.6154    0.1241   45.9602   94.1095     6853.5515     6847.3216     6859.7814 -21.127097  95.071214   0.000499   0.000760
1 46814U 20077B   23038.21338458  .00058058  00000-0  19707-2 0  9991 | 2 46814  97.3897 103.5697 0008998 309.7000  50.3446 15.30260356126262 | 2023/02/07-05:07:16  110.2750    0.1240   50.4240   94.1016     6853.1719     6847.0054     6859.3383 -22.850358  94.671088   0.000538   0.000721
1 46814U 20077B   23039.25958666  .00050438  00000-0  17074-2 0  9994 | 2 46814  97.3894 104.6107 0008880 305.6872  54.3542 15.30388091126425 | 2023/02/08-06:13:48  126.9012    0.1241   54.4369   94.0938     6852.7905     6846.7052     6858.8758 -24.566483  94.240029   0.000567   0.000683
1 46814U 20077B   23040.43649313  .00029144  00000-0  98842-3 0  9995 | 2 46814  97.3890 105.7817 0008805 301.0033  59.0343 15.30454539126609 | 2023/02/09-10:28:33  190.5803    0.1242   59.1209   94.0897     6852.5922     6846.5585     6858.6259 -26.487169  93.717913   0.000603   0.000642
1 46814U 20077B   23041.61334367  .00032540  00000-0  11002-2 0  9992 | 2 46814  97.3887 106.9533 0008805 296.3932  63.6404 15.30531416126785 | 2023/02/10-14:43:12  254.2389    0.1241   63.7309   94.0850     6852.3627     6846.3292     6858.3962 -28.397781  93.156454   0.000640   0.000604
1 46814U 20077B   23042.85550851  .00032778  00000-0  11053-2 0  9996 | 2 46814  97.3885 108.1895 0008758 291.3772  68.6534 15.30615767126974 | 2023/02/11-20:31:55  341.4094    0.1241   68.7469   94.0798     6852.1109     6846.1099     6858.1120 -30.400874  92.521926   0.000675   0.000558
1 46814U 20077B   23043.90146690  .00068833  00000-0  22972-2 0  9998 | 2 46814  97.3885 109.2308 0008671 287.1826  72.8465 15.30759588127131 | 2023/02/12-21:38:06  357.9455    0.1241   72.9415   94.0709     6851.6817     6845.7407     6857.6228 -32.077265  91.954168   0.000698   0.000515
1 46814U 20077B   23045.14344243  .00033550  00000-0  11231-2 0  9994 | 2 46814  97.3886 110.4679 0008714 282.0308  77.9956 15.30848360127323 | 2023/02/14-03:26:33   85.0465    0.1241   78.0933   94.0655     6851.4169     6845.4465     6857.3872 -34.055094  91.240287   0.000735   0.000468
1 46814U 20077B   23046.25459299  .00072820  00000-0  24098-2 0  9993 | 2 46814  97.3887 111.5745 0008594 277.4870  82.5395 15.31014788127495 | 2023/02/15-06:06:36  125.0492    0.1242   82.6372   94.0553     6850.9203     6845.0327     6856.8080 -35.810868  90.565670   0.000751   0.000417
1 46814U 20077B   23047.30026446  .00055239  00000-0  18233-2 0  9993 | 2 46814  97.3886 112.6159 0008457 272.3584  87.6688 15.31184753127658 | 2023/02/16-07:12:22  141.4795    0.1240   87.7656   94.0448     6850.4134     6844.6200     6856.2067 -37.450933  89.899761   0.000767   0.000357
1 46814U 20077B   23048.54189577  .00052147  00000-0  17161-2 0  9999 | 2 46814  97.3885 113.8533 0008563 267.9945  92.0316 15.31295793127841 | 2023/02/17-13:00:19  228.4542    0.1242   92.1297   94.0380     6850.0822     6844.2165     6855.9479 -39.383546  89.069951   0.000795   0.000319
1 46814U 20077B   23049.58740118  .00033030  00000-0  10876-2 0  9994 | 2 46814  97.3884 114.8951 0008545 263.6733  96.3535 15.31385474128008 | 2023/02/18-14:05:51  244.8242    0.1241   96.4508   94.0325     6849.8147     6843.9616     6855.6679 -40.996449  88.339072   0.000810   0.000272
1 46814U 20077B   23050.63286386  .00034366  00000-0  11291-2 0  9999 | 2 46814  97.3877 115.9364 0008475 259.1586 100.8701 15.31449339128162 | 2023/02/19-15:11:19  261.1780    0.1241  100.9655   94.0286     6849.6243     6843.8192     6855.4294 -42.594769  87.578820   0.000818   0.000221
1 46814U 20077B   23052.00492591  .00053794  00000-0  17530-2 0  9997 | 2 46814  97.3866 117.3034 0008581 253.5731 106.4568 15.31604028128372 | 2023/02/21-00:07:05   35.1045    0.1242  106.5511   94.0191     6849.1631     6843.2858     6855.0404 -44.671456  86.536760   0.000843   0.000162
1 46814U 20077B   23053.11556963  .00026278  00000-0  85916-3 0  9995 | 2 46814  97.3861 118.4107 0008539 248.9563 111.0765 15.31662686128548 | 2023/02/22-02:46:25   74.9208    0.1241  111.1678   94.0155     6848.9882     6843.1399     6854.8366 -46.335184  85.656892   0.000847   0.000109
1 46814U 20077B   23054.29147181  .00064374  00000-0  20818-2 0  9991 | 2 46814  97.3856 119.5827 0008549 243.8706 116.1656 15.31798073128722 | 2023/02/23-06:59:43  138.2292    0.1241  116.2535   94.0072     6848.5847     6842.7298     6854.4395 -48.077256  84.690806   0.000853   0.000051
1 46814U 20077B   23055.53259477  .00032393  00000-0  10495-2 0  9997 | 2 46814  97.3854 120.8201 0008660 239.3343 120.7046 15.31909880128917 | 2023/02/24-12:46:56  225.0166    0.1242  120.7899   94.0003     6848.2514     6842.3208     6854.1820 -49.894842  83.632655   0.000866   0.000002
1 46814U 20077B   23056.57770075  .00035558  00000-0  11491-2 0  9997 | 2 46814  97.3854 121.8621 0008678 234.6251 125.4180 15.31972585129070 | 2023/02/25-13:51:53  241.2387    0.1241  125.4990   93.9965     6848.0646     6842.1218     6854.0073 -51.407478  82.711470   0.000866  -0.000053
1 46814U 20077B   23057.88398058  .00054357  00000-0  17423-2 0  9998 | 2 46814  97.3852 123.1648 0008769 229.8749 130.1725 15.32130914129274 | 2023/02/26-21:12:55  351.4800    0.1241  130.2492   93.9867     6847.5928     6841.5881     6853.5974 -53.274481  81.521205   0.000870  -0.000106
1 46814U 20077B   23058.92888560  .00095576  00000-0  30256-2 0  9993 | 2 46814  97.3852 124.2071 0008819 225.6882 134.3638 15.32337161129434 | 2023/02/27-22:17:35    7.6288    0.1242  134.4360   93.9741     6846.9783     6840.9400     6853.0167 -54.748583  80.538623   0.000868  -0.000155
1 46814U 20077B   23060.16958312  .00027197  00000-0  86809-3 0  9995 | 2 46814  97.3853 125.4450 0008872 220.4142 139.6442 15.32424826129627 | 2023/03/01-04:04:11   94.2585    0.1242  139.7100   93.9687     6846.7172     6840.6428     6852.7916 -56.475799  79.337133   0.000860  -0.000217
1 46814U 20077B   23061.80198144  .00058705  00000-0  18552-2 0  9994 | 2 46814  97.3850 127.0738 0008969 214.4392 145.6270 15.32561905129871 | 2023/03/02-19:14:51  321.8942    0.1242  145.6850   93.9603     6846.3089     6840.1685     6852.4494 -58.707886  77.699565   0.000851  -0.000284
1 46814U 20077B   23062.91187507  .00085819  00000-0  26838-2 0  9990 | 2 46814  97.3850 128.1812 0008982 210.1000 149.9727 15.32769958130043 | 2023/03/03-21:53:06    1.4360    0.1242  150.0242   93.9476     6845.6894     6839.5406     6851.8382 -60.198587  76.550430   0.000834  -0.000332
1 46814U 20077B   23064.28277706  .00036957  00000-0  11605-2 0  9998 | 2 46814  97.3846 129.5498 0009062 205.3320 154.7479 15.32880442130257 | 2023/03/05-06:47:11  134.9362    0.1242  154.7922   93.9408     6845.3604     6839.1572     6851.5637 -62.009513  75.090483   0.000821  -0.000385
1 46814U 20077B   23065.45776105  .00042844  00000-0  13398-2 0  9998 | 2 46814  97.3842 130.7227 0009179 201.0097 159.0770 15.32977902130430 | 2023/03/06-10:59:10  197.9088    0.1242  159.1145   93.9348     6845.0703     6838.7872     6851.3534 -63.533327  73.805140   0.000808  -0.000435
1 46814U 20077B   23066.82848130  .00040211  00000-0  12536-2 0  9997 | 2 46814  97.3836 132.0914 0009253 195.7683 164.3273 15.33090076130643 | 2023/03/07-19:53:00  331.3416    0.1242  164.3559   93.9279     6844.7364     6838.4029     6851.0698 -65.277711  72.266077   0.000783  -0.000492
1 46814U 20077B   23067.87277445  .00050510  00000-0  15676-2 0  9999 | 2 46814  97.3830 133.1339 0009316 192.2361 167.8657 15.33177750130802 | 2023/03/08-20:56:47  347.2677    0.1242  167.8881   93.9226     6844.4754     6838.0991     6850.8518 -66.581309  71.066011   0.000767  -0.000529
1 46814U 20077B   23068.91700729  .00047732  00000-0  14779-2 0  9996 | 2 46814  97.3826 134.1767 0009384 188.4111 171.6976 15.33266626130963 | 2023/03/09-22:00:29    3.1711    0.1242  171.7131   93.9171     6844.2109     6837.7883     6850.6335 -67.863354  69.842222   0.000745  -0.000570
1 46814U 20077B   23070.22216032  .00080796  00000-0  24715-2 0  9990 | 2 46814  97.3819 135.4801 0009435 183.7712 176.3461 15.33493737131169 | 2023/03/11-05:19:54  113.0006    0.1242  176.3530   93.9032     6843.5352     6837.0783     6849.9920 -69.433973  68.279996   0.000715  -0.000616
1 46814U 20077B   23071.33143409  .00052976  00000-0  16227-2 0  9998 | 2 46814  97.3818 136.5883 0009484 180.1495 179.9746 15.33581911131339 | 2023/03/12-07:57:15  152.3175    0.1241  179.9746   93.8978     6843.2729     6836.7827     6849.7630 -70.741485  66.924266   0.000691  -0.000650
1 46814U 20077B   23072.50583943  .00069590  00000-0  21138-2 0  9996 | 2 46814  97.3818 137.7625 0009492 175.7562 184.3763 15.33768408131517 | 2023/03/13-12:08:24  215.0784    0.1242  184.3680   93.8864     6842.7181     6836.2230     6849.2132 -72.098057  65.460562   0.000654  -0.000688
1 46814U 20077B   23073.54964851  .00067180  00000-0  20330-2 0  9998 | 2 46814  97.3816 138.8057 0009516 172.6116 187.5269 15.33897611131676 | 2023/03/14-13:11:29  230.8293    0.1242  187.5126   93.8785     6842.3339     6835.8227     6848.8450 -73.277749  64.136944   0.000630  -0.000714
1 46814U 20077B   23074.78907397  .00064714  00000-0  19491-2 0  9993 | 2 46814  97.3816 140.0443 0009612 168.5410 191.6053 15.34058910131868 | 2023/03/15-18:56:15  316.9977    0.1242  191.5832   93.8686     6841.8542     6835.2778     6848.4306 -74.647009  62.537989   0.000599  -0.000751
1 46814U 20077B   23075.89789670  .00064510  00000-0  19325-2 0  9998 | 2 46814  97.3816 141.1530 0009758 164.6208 195.5333 15.34229724132037 | 2023/03/16-21:32:58  356.1502    0.1242  195.5034   93.8582     6841.3464     6834.6706     6848.0222 -75.843098  61.081917   0.000570  -0.000792
1 46814U 20077B   23077.20226407  .00058805  00000-0  17545-2 0  9991 | 2 46814  97.3816 142.4578 0009819 160.7199 199.4417 15.34384052132231 | 2023/03/18-04:51:15  105.6958    0.1242  199.4043   93.8487     6840.8876     6834.1706     6847.6047 -77.214334  59.339049   0.000537  -0.000822
1 46814U 20077B   23078.24565908  .00054881  00000-0  16314-2 0  9991 | 2 46814  97.3815 143.5012 0009934 156.9927 203.1762 15.34518666132392 | 2023/03/19-05:53:44  121.2958    0.1242  203.1315   93.8405     6840.4876     6833.6922     6847.2829 -78.282000  57.923096   0.000504  -0.000856
1 46814U 20077B   23079.54976383  .00067358  00000-0  19867-2 0  9997 | 2 46814  97.3806 144.8061 0009851 153.1381 207.0374 15.34706925132592 | 2023/03/20-13:11:39  230.7474    0.1242  206.9861   93.8290     6839.9281     6833.1901     6846.6662 -79.580036  56.124853   0.000462  -0.000870
1 46814U 20077B   23080.85372083  .00038897  00000-0  11475-2 0  9993 | 2 46814  97.3802 146.1107 0009942 148.9442 211.2390 15.34842556132793 | 2023/03/21-20:29:21  340.1448    0.1242  211.1800   93.8207     6839.5252     6832.7253     6846.3250 -80.836904  54.298235   0.000421  -0.000901
1 46814U 20077B   23081.89680982  .00061922  00000-0  18123-2 0  9990 | 2 46814  97.3794 147.1542 0010024 145.6952 214.4941 15.34974419132959 | 2023/03/22-21:31:24  355.6354    0.1243  214.4291   93.8126     6839.1335     6832.2779     6845.9890 -81.811678  52.816634   0.000389  -0.000924
1 46814U 20077B   23083.20052008  .00253111  00000-0  71566-2 0  9992 | 2 46814  97.3788 148.4594 0009937 141.6127 218.5826 15.35247749133154 | 2023/03/24-04:48:44  104.9449    0.1244  218.5117   93.7959     6838.3217     6831.5265     6845.1170 -82.993001  50.939105   0.000341  -0.000933
1 46814U 20077B   23084.50406065  .00057530  00000-0  16648-2 0  9999 | 2 46814  97.3786 149.7649 0010099 137.0851 223.1182 15.35351491133350 | 2023/03/25-12:05:50  214.1908    0.1243  223.0392   93.7896     6838.0137     6831.1080     6844.9194 -84.131847  49.034927   0.000293  -0.000967
1 46814U 20077B   23085.80744741  .00068337  00000-0  19620-2 0  9999 | 2 46814  97.3781 151.0702 0010000 133.5427 226.6648 15.35548990133552 | 2023/03/26-19:22:43  323.3852    0.1242  226.5815   93.7775     6837.4273     6830.5899     6844.2648 -85.226584  47.105454   0.000252  -0.000968
1 46814U 20077B   23086.91520548  .00074415  00000-0  21239-2 0  9992 | 2 46814  97.3784 152.1799 0010060 130.1520 230.0606 15.35706683133723 | 2023/03/27-21:57:53    2.1552    0.1243  229.9723   93.7679     6836.9593     6830.0813     6843.8372 -86.123142  45.446201   0.000215  -0.000983
1 46814U 20077B   23087.95771689  .00041086  00000-0  11755-2 0  9991 | 2 46814  97.3782 153.2246 0010120 126.8612 233.3561 15.35792162133881 | 2023/03/28-22:59:06   17.4374    0.1243  233.2631   93.7627     6836.7056     6829.7868     6843.6243 -86.937243  43.868321   0.000177  -0.000996
1 46814U 20077B   23089.26078174  .00054067  00000-0  15381-2 0  9998 | 2 46814  97.3782 154.5301 0010093 122.6598 237.5621 15.35904053134083 | 2023/03/30-06:15:31  126.5151    0.1244  237.4646   93.7559     6836.3735     6829.4736     6843.2735 -87.914142  41.876216   0.000126  -0.001001
1 46814U 20077B   23090.62882697  .00094179  00000-0  26423-2 0  9990 | 2 46814  97.3781 155.9016 0010057 118.2367 241.9893 15.36156408134292 | 2023/03/31-15:05:30  258.9841    0.1243  241.8876   93.7405     6835.6248     6828.7502     6842.4994 -88.891168  39.759962   0.000073  -0.001003
1 46814U 20077B   23091.86641878  .00047410  00000-0  13337-2 0  9997 | 2 46814  97.3780 157.1418 0010019 115.0523 245.1762 15.36288750134486 | 2023/04/01-20:47:38  344.4943    0.1244  245.0721   93.7324     6835.2322     6828.3840     6842.0804 -89.730813  37.826659   0.000038  -0.001001
1 46814U 20077B   23092.90851160  .00064513  00000-0  18005-2 0  9990 | 2 46814  97.3778 158.1865 0010003 111.8322 248.3987 15.36453521134646 | 2023/04/02-21:48:15  359.6278    0.1244  248.2922   93.7223     6834.7435     6827.9067     6841.5803 -90.405384  36.184285   0.000000  -0.001000
1 46814U 20077B   23094.27607705  .00087450  00000-0  24147-2 0  9995 | 2 46814  97.3775 159.5585 0009821 107.7423 252.4894 15.36686142134852 | 2023/04/04-06:37:33  131.9265    0.1244  252.3821   93.7081     6834.0538     6827.3420     6840.7655 -91.245568  34.009174  -0.000046  -0.000981
1 46814U 20077B   23095.57835446  .00049888  00000-0  13789-2 0  9997 | 2 46814  97.3771 160.8651 0009833 103.7923 256.4417 15.36827722135050 | 2023/04/05-13:52:49  240.7210    0.1245  256.3322   93.6995     6833.6340     6826.9145     6840.3536 -91.996959  31.919573  -0.000092  -0.000979
1 46814U 20077B   23096.88054738  .00029368  00000-0  81276-3 0  9997 | 2 46814  97.3764 162.1712 0009774 100.0082 260.2266 15.36906544135252 | 2023/04/06-21:07:59  349.4871    0.1244  260.1162   93.6947     6833.4004     6826.7214     6840.0794 -92.699958  29.814108  -0.000133  -0.000968
1 46814U 20077B   23098.18263783  .00054941  00000-0  15055-2 0  9990 | 2 46814  97.3759 163.4776 0009710  96.5787 263.6563 15.37072907135458 | 2023/04/08-04:22:59   98.2164    0.1244  263.5457   93.6846     6832.9073     6826.2726     6839.5421 -93.355115  27.692749  -0.000168  -0.000956
1 46814U 20077B   23099.22423797  .00029907  00000-0  82178-3 0  9994 | 2 46814  97.3753 164.5234 0009652  93.0945 267.1404 15.37126881135618 | 2023/04/09-05:22:54  113.1734    0.1244  267.0299   93.6813     6832.7474     6826.1524     6839.3423 -93.844424  25.984092  -0.000207  -0.000943
1 46814U 20077B   23100.33088971  .00047478  00000-0  12968-2 0  9992 | 2 46814  97.3752 165.6342 0009584  89.7140 270.5203 15.37211549135781 | 2023/04/10-07:56:28  151.5486    0.1245  270.4105   93.6761     6832.4965     6825.9482     6839.0447 -94.330417  24.159926  -0.000242  -0.000927
1 46814U 20077B   23101.50252900  .00052497  00000-0  14256-2 0  9996 | 2 46814  97.3751 166.8109 0009533  86.2667 273.9667 15.37366995135961 | 2023/04/11-12:03:38  213.3178    0.1244  273.8577   93.6666     6832.0359     6825.5229     6838.5489 -94.806571  22.217653  -0.000277  -0.000912
1 46814U 20077B   23102.54392585  .00029289  00000-0  79723-3 0  9999 | 2 46814  97.3750 167.8562 0009448  83.1305 277.1015 15.37426426136122 | 2023/04/12-13:03:15  228.2032    0.1245  276.9940   93.6630     6831.8598     6825.4051     6838.3146 -95.196011  20.484387  -0.000308  -0.000893
1 46814U 20077B   23103.84560958  .00033273  00000-0  90243-3 0  9992 | 2 46814  97.3751 169.1632 0009406  79.3777 280.8526 15.37511699136327 | 2023/04/13-20:17:40  336.7871    0.1244  280.7467   93.6578     6831.6072     6825.1814     6838.0330 -95.638580  18.307705  -0.000344  -0.000875
1 46814U 20077B   23105.27736809  .00052069  00000-0  14019-2 0  9991 | 2 46814  97.3752 170.6009 0009306  74.1660 286.0610 15.37637473136541 | 2023/04/15-06:39:24  132.1969    0.1245  285.9585   93.6502     6831.2347     6824.8775     6837.5918 -96.067911  15.902389  -0.000397  -0.000842
1 46814U 20077B   23106.51374128  .00066535  00000-0  17764-2 0  9994 | 2 46814  97.3752 171.8431 0009196  70.5366 289.6871 15.37829891136739 | 2023/04/16-12:19:47  217.2710    0.1244  289.5878   93.6384     6830.6648     6824.3834     6836.9463 -96.390079  13.816017  -0.000426  -0.000815
1 46814U 20077B   23107.55481109  .00066094  00000-0  17582-2 0  9995 | 2 46814  97.3749 172.8890 0009043  66.8859 293.3338 15.37946216136899 | 2023/04/17-13:18:55  232.0404    0.1245  293.2386   93.6314     6830.3204     6824.1437     6836.4971 -96.625911  12.054233  -0.000455  -0.000781
1 46814U 20077B   23108.66082700  .00086150  00000-0  22711-2 0  9997 | 2 46814  97.3746 174.0003 0008865  62.9899 297.2250 15.38138334137069 | 2023/04/18-15:51:35  270.1897    0.1245  297.1346   93.6197     6829.7516     6823.6971     6835.8062 -96.841225  10.177910  -0.000483  -0.000743
1 46814U 20077B   23109.83177408  .00054745  00000-0  14437-2 0  9998 | 2 46814  97.3740 175.1768 0008712  60.4881 299.7232 15.38270893137242 | 2023/04/19-19:57:45  331.7119    0.1246  299.6365   93.6116     6829.3593     6823.4095     6835.3090 -97.029188   8.187336  -0.000491  -0.000719
1 46814U 20077B   23110.87253515  .00066503  00000-0  17429-2 0  9997 | 2 46814  97.3735 176.2229 0008598  56.5728 303.6338 15.38408598137403 | 2023/04/20-20:56:27  346.3703    0.1245  303.5517   93.6032     6828.9517     6823.0802     6834.8233 -97.161993   6.414488  -0.000520  -0.000685
1 46814U 20077B   23111.91319468  .00082273  00000-0  21405-2 0  9994 | 2 46814  97.3731 177.2689 0008447  53.4846 306.7176 15.38565184137566 | 2023/04/21-21:55:00    0.9919    0.1246  306.6400   93.5937     6828.4884     6822.7203     6834.2564 -97.262500   4.639696  -0.000534  -0.000654
1 46814U 20077B   23113.53906406  .00057684  00000-0  14988-2 0  9994 | 2 46814  97.3727 178.9043 0008288  47.9890 312.2059 15.38717779137812 | 2023/04/23-12:56:15  226.2793    0.1245  312.1355   93.5844     6828.0369     6822.3778     6833.6960 -97.354895   1.862000  -0.000566  -0.000605
1 46814U 20077B   23114.57949026  .00204103  00000-0  51581-2 0  9994 | 2 46814  97.3724 179.9514 0008195  44.6851 315.5054 15.38957804137974 | 2023/04/24-13:54:27  240.8155    0.1246  315.4395   93.5698     6827.3269     6821.7319     6832.9219 -97.372365   0.082594  -0.000583  -0.000576
1 46814U 20077B   23115.81486937  .00054888  00000-0  14114-2 0  9993 | 2 46814  97.3721 181.1939 0007982  40.4559 319.7279 15.39053171138161 | 2023/04/25-19:33:24  325.5339    0.1246  319.6687   93.5640     6827.0449     6821.5955     6832.4942 -97.350961  -2.028843  -0.000596  -0.000530
1 46814U 20077B   23116.92011420  .00061806  00000-0  15807-2 0  9995 | 2 46814  97.3724 182.3060 0007820  36.6753 323.5027 15.39187923138332 | 2023/04/26-22:04:57    3.4051    0.1247  323.4494   93.5558     6826.6464     6821.3080     6831.9849 -97.293547  -3.917918  -0.000608  -0.000492
1 46814U 20077B   23118.22030577  .00030680  00000-0  78664-3 0  9991 | 2 46814  97.3723 183.6147 0007714  32.7889 327.3833 15.39275498138534 | 2023/04/28-05:17:14  111.4527    0.1245  327.3356   93.5505     6826.3875     6821.1216     6831.6534 -97.178586  -6.138990  -0.000621  -0.000458
1 46814U 20077B   23119.52042141  .00049972  00000-0  12723-2 0  9992 | 2 46814  97.3725 184.9233 0007568  28.3793 331.7864 15.39384649138732 | 2023/04/29-12:29:24  219.4737    0.1247  331.7454   93.5439     6826.0648     6820.8988     6831.2308 -97.013242  -8.356712  -0.000633  -0.000416
1 46814U 20077B   23120.56041587  .00046482  00000-0  11791-2 0  9998 | 2 46814  97.3724 185.9705 0007395  24.3787 335.7807 15.39515789138892 | 2023/04/30-13:26:59  233.8558    0.1246  335.7459   93.5359     6825.6772     6820.6296     6830.7247 -96.844211 -10.128326  -0.000638  -0.000374
1 46814U 20077B   23121.79533593  .00053903  00000-0  13609-2 0  9993 | 2 46814  97.3725 187.2136 0007272  19.6138 340.5386 15.39624838139081 | 2023/05/01-19:05:17  318.4082    0.1246  340.5108   93.5293     6825.3549     6820.3915     6830.3183 -96.601789 -12.226940  -0.000649  -0.000328
1 46814U 20077B   23122.83518699  .00040389  00000-0  10188-2 0  9992 | 2 46814  97.3725 188.2608 0007166  15.8666 344.2803 15.39722118139245 | 2023/05/02-20:02:40  332.7378    0.1246  344.2580   93.5234     6825.0674     6820.1765     6829.9582 -96.362194 -13.990399  -0.000654  -0.000293
1 46814U 20077B   23124.39488369  .00030760  00000-0  77521-3 0  9992 | 2 46814  97.3722 189.8314 0006935   9.9261 350.2120 15.39808476139488 | 2023/05/04-09:28:37  174.2041    0.1246  350.1985   93.5181     6824.8122     6820.0792     6829.5452 -95.942238 -16.626255  -0.000653  -0.000234
1 46814U 20077B   23125.62949250  .00062019  00000-0  15433-2 0  9995 | 2 46814  97.3713 191.0754 0006834   4.5351 355.5956 15.40032145139670 | 2023/05/05-15:06:28  258.6435    0.1247  355.5896   93.5045     6824.1514     6819.4877     6828.8150 -95.557782 -18.705088  -0.000658  -0.000184
1 46814U 20077B   23127.12385268  .00074814  00000-0  18476-2 0  9991 | 2 46814  97.3707 192.5806 0006635 357.5804   2.5409 15.40207708139907 | 2023/05/07-02:58:20   76.5903    0.1247    2.5443   93.4939     6823.6328     6819.1053     6828.1603 -95.032885 -21.208584  -0.000653  -0.000117
1 46814U 20077B   23128.16329790  .00069310  00000-0  17041-2 0  9996 | 2 46814  97.3707 193.6276 0006619 352.2060   7.9083 15.40367366140061 | 2023/05/08-03:55:08   90.7751    0.1247    7.9187   93.4842     6823.1613     6818.6450     6827.6775 -94.629483 -22.941539  -0.000658  -0.000067
1 46814U 20077B   23130.17693611  .00063293  00000-0  15455-2 0  9997 | 2 46814  97.3701 195.6584 0006389 343.7018  16.4022 15.40604737140379 | 2023/05/10-04:14:47   95.6491    0.1247   16.4229   93.4698     6822.4604     6818.1015     6826.8192 -93.756497 -26.280327  -0.000639   0.000007
1 46814U 20077B   23131.93056286  .00037076  00000-0  90539-3 0  9990 | 2 46814  97.3701 197.4270 0006295 336.3467  23.7489 15.40734440140646 | 2023/05/11-22:20:00    6.9230    0.1247   23.7780   93.4619     6822.0775     6817.7830     6826.3720 -92.900745 -29.161414  -0.000626   0.000068
1 46814U 20077B   23133.16450582  .00038391  00000-0  93442-3 0  9991 | 2 46814  97.3708 198.6709 0006236 330.9765  29.1134 15.40827316140832 | 2023/05/13-03:56:53   91.1205    0.1247   29.1482   93.4563     6821.8033     6817.5493     6826.0574 -92.246466 -31.171496  -0.000613   0.000112
1 46814U 20077B   23134.72308928  .00024507  00000-0  59689-3 0  9999 | 2 46814  97.3709 200.2434 0006188 324.1222  35.9608 15.40899079141070 | 2023/05/14-17:21:14  292.1812    0.1247   36.0025   93.4519     6821.5915     6817.3703     6825.8127 -91.356416 -33.691206  -0.000596   0.000167
1 46814U 20077B   23136.15173106  .00021357  00000-0  51968-3 0  9998 | 2 46814  97.3707 201.6848 0006053 318.4725  41.6061 15.40955670141298 | 2023/05/16-03:38:29   86.4633    0.1247   41.6522   93.4485     6821.4245     6817.2955     6825.5535 -90.479837 -35.978498  -0.000569   0.000205
1 46814U 20077B   23137.71018905  .00016376  00000-0  39847-3 0  9993 | 2 46814  97.3705 203.2566 0006002 311.2371  48.8358 15.41012969141534 | 2023/05/17-17:02:40  287.4782    0.1247   48.8876   93.4450     6821.2554     6817.1613     6825.3495 -89.458731 -38.446712  -0.000542   0.000258
1 46814U 20077B   23139.13873054  .00015564  00000-0  37831-3 0  9994 | 2 46814  97.3702 204.6977 0005979 304.8361  55.2323 15.41057419141758 | 2023/05/19-03:19:46   81.7246    0.1247   55.2886   93.4423     6821.1243     6817.0459     6825.2026 -88.463256 -40.684249  -0.000515   0.000303
1 46814U 20077B   23140.17764303  .00021340  00000-0  51686-3 0  9999 | 2 46814  97.3699 205.7459 0005987 299.9489  60.1163 15.41097853141915 | 2023/05/20-04:15:48   95.7121    0.1247   60.1758   93.4399     6821.0049     6816.9212     6825.0887 -87.703924 -42.295615  -0.000495   0.000337
1 46814U 20077B   23141.67102320  .00020942  00000-0  50613-3 0  9996 | 2 46814  97.3689 207.2523 0005955 293.3610  66.7010 15.41166368142149 | 2023/05/21-16:06:16  273.2977    0.1247   66.7637   93.4357     6820.8028     6816.7410     6824.8646 -86.560831 -44.586154  -0.000460   0.000378
1 46814U 20077B   23143.09941394  .00021536  00000-0  51934-3 0  9993 | 2 46814  97.3688 208.6941 0005958 286.9946  73.0647 15.41227477142360 | 2023/05/23-02:23:09   67.4872    0.1246   73.1300   93.4320     6820.6225     6816.5588     6824.6862 -85.411484 -46.749991  -0.000426   0.000416
1 46814U 20077B   23144.13821077  .00020754  00000-0  49996-3 0  9990 | 2 46814  97.3689 209.7422 0006015 282.7854  77.2720 15.41267430142523 | 2023/05/24-03:19:01   81.4317    0.1246   77.3392   93.4296     6820.5046     6816.4021     6824.6072 -84.542140 -48.304546  -0.000407   0.000443
1 46814U 20077B   23146.15080833  .00016402  00000-0  39487-3 0  9990 | 2 46814  97.3687 211.7729 0006014 273.2170  86.8389 15.41336305142838 | 2023/05/26-03:37:09   85.9213    0.1247   86.9077   93.4254     6820.3014     6816.1997     6824.4032 -82.777206 -51.269854  -0.000345   0.000493
1 46814U 20077B   23147.18953438  .00014500  00000-0  34902-3 0  9998 | 2 46814  97.3687 212.8215 0006038 268.2820  91.7736 15.41367775142995 | 2023/05/27-04:32:55   99.8382    0.1248   91.8428   93.4235     6820.2086     6816.0906     6824.3266 -81.825079 -52.776132  -0.000312   0.000517
1 46814U 20077B   23148.42299428  .00016804  00000-0  40351-3 0  9992 | 2 46814  97.3689 214.0664 0006097 262.9821  97.0732 15.41406972143186 | 2023/05/28-10:09:06  183.8549    0.1246   97.1425   93.4211     6820.0930     6815.9348     6824.2512 -80.659323 -54.541510  -0.000277   0.000543
1 46814U 20077B   23149.72133556  .00017235  00000-0  41315-3 0  9995 | 2 46814  97.3691 215.3767 0006182 257.3723 102.6833 15.41454143143381 | 2023/05/29-17:18:43  291.2269    0.1247  102.7524   93.4183     6819.9538     6815.7377     6824.1699 -79.391191 -56.371806  -0.000239   0.000570
1 46814U 20077B   23151.14945790  .00024117  00000-0  57543-3 0  9992 | 2 46814  97.3695 216.8182 0006284 251.5919 108.4645 15.41524352143608 | 2023/05/31-03:35:13   85.3163    0.1247  108.5328   93.4140     6819.7468     6815.4612     6824.0323 -77.948282 -58.351391  -0.000198   0.000596
1 46814U 20077B   23152.18805292  .00024868  00000-0  59227-3 0  9993 | 2 46814  97.3694 217.8665 0006329 247.0824 112.9755 15.41573021143765 | 2023/06/01-04:30:47   99.1844    0.1247  113.0423   93.4111     6819.6032     6815.2871     6823.9193 -76.867602 -59.767648  -0.000163   0.000611
1 46814U 20077B   23153.68097988  .00020465  00000-0  48705-3 0  9992 | 2 46814  97.3691 219.3732 0006417 241.4690 118.5911 15.41634146143998 | 2023/06/02-16:20:36  276.6007    0.1246  118.6556   93.4074     6819.4230     6815.0469     6823.7990 -75.269273 -61.767939  -0.000121   0.000630
1 46814U 20077B   23154.71950369  .00019455  00000-0  46257-3 0  9995 | 2 46814  97.3689 220.4222 0006537 237.0276 123.0343 15.41673075144159 | 2023/06/03-17:16:05  290.4421    0.1247  123.0971   93.4050     6819.3082     6814.8504     6823.7659 -74.125690 -63.135448  -0.000085   0.000648
1 46814U 20077B   23155.75799886  .00022336  00000-0  52974-3 0  9990 | 2 46814  97.3687 221.4708 0006637 232.6353 127.4290 15.41719774144319 | 2023/06/04-18:11:31  304.2729    0.1247  127.4894   93.4022     6819.1705     6814.6446     6823.6963 -72.957716 -64.481279  -0.000048   0.000662
1 46814U 20077B   23157.12096986  .00023765  00000-0  56208-3 0  9995 | 2 46814  97.3683 222.8472 0006730 227.7654 132.3022 15.41788799144525 | 2023/06/06-02:54:11   74.9062    0.1246  132.3592   93.3980     6818.9669     6814.3778     6823.5561 -71.387506 -66.214876  -0.000007   0.000673
1 46814U 20077B   23158.15938082  .00025005  00000-0  59003-3 0  9996 | 2 46814  97.3681 223.8960 0006826 223.7979 136.2727 15.41848480144684 | 2023/06/07-03:49:30   88.7058    0.1246  136.3267   93.3944     6818.7910     6814.1365     6823.4455 -70.163406 -67.510320   0.000027   0.000682
1 46814U 20077B   23159.97652138  .00024999  00000-0  58830-3 0  9990 | 2 46814  97.3678 225.7314 0006986 217.2254 142.8509 15.41929371144966 | 2023/06/08-23:26:11   22.8264    0.1246  142.8992   93.3895     6818.5525     6813.7890     6823.3159 -67.964960 -69.722684   0.000086   0.000693
1 46814U 20077B   23161.14462741  .00026053  00000-0  61162-3 0  9996 | 2 46814  97.3680 226.9113 0007082 213.0904 146.9901 15.41993195145140 | 2023/06/10-03:28:15   83.3118    0.1247  147.0343   93.3856     6818.3643     6813.5356     6823.1931 -66.514978 -71.107560   0.000123   0.000697
1 46814U 20077B   23162.18290741  .00025384  00000-0  59504-3 0  9993 | 2 46814  97.3681 227.9597 0007187 208.9515 151.1334 15.42042151145309 | 2023/06/11-04:23:23   97.0632    0.1246  151.1731   93.3827     6818.2200     6813.3198     6823.1203 -65.202854 -72.312756   0.000163   0.000700
1 46814U 20077B   23163.93493264  .00027134  00000-0  63397-3 0  9992 | 2 46814  97.3685 229.7295 0007341 202.5421 157.5504 15.42126135145579 | 2023/06/12-22:26:18    7.7418    0.1246  157.5825   93.3776     6817.9725     6812.9674     6822.9775 -62.938708 -74.292286   0.000224   0.000699
1 46814U 20077B   23165.16777676  .00023512  00000-0  54874-3 0  9997 | 2 46814  97.3687 230.9752 0007426 198.5479 161.5498 15.42186900145768 | 2023/06/14-04:01:35   91.5299    0.1246  161.5767   93.3739     6817.7934     6812.7305     6822.8563 -61.308856 -75.643162   0.000260   0.000696
1 46814U 20077B   23166.72499306  .00024122  00000-0  56157-3 0  9995 | 2 46814  97.3689 232.5485 0007635 193.1299 166.9751 15.42255564146006 | 2023/06/15-17:23:59  292.0820    0.1247  166.9948   93.3697     6817.5910     6812.3858     6822.7962 -59.209020 -77.298089   0.000314   0.000696
1 46814U 20077B   23167.76308379  .00029270  00000-0  67885-3 0  9998 | 2 46814  97.3687 233.5972 0007670 190.2148 169.8945 15.42330205146166 | 2023/06/16-18:18:50  305.7649    0.1247  169.9099   93.3652     6817.3711     6812.1421     6822.6000 -57.784255 -78.368639   0.000338   0.000688
1 46814U 20077B   23169.44990515  .00023249  00000-0  53860-3 0  9992 | 2 46814  97.3682 235.3016 0007829 184.1684 175.9499 15.42408118146423 | 2023/06/18-10:47:51  192.9698    0.1246  175.9562   93.3605     6817.1415     6811.8043     6822.4786 -55.427487 -80.052233   0.000398   0.000674
1 46814U 20077B   23171.46098746  .00026150  00000-0  60316-3 0  9990 | 2 46814  97.3676 237.3346 0007934 177.6638 182.4648 15.42516133146737 | 2023/06/20-11:03:49  196.8983    0.1247  182.4609   93.3540     6816.8232     6811.4147     6822.2317 -52.552414 -81.967636   0.000455   0.000650
1 46814U 20077B   23172.62865022  .00025717  00000-0  59192-3 0  9996 | 2 46814  97.3669 238.5147 0008063 174.0480 186.0864 15.42580944146912 | 2023/06/21-15:05:15  257.2219    0.1246  186.0766   93.3500     6816.6323     6811.1360     6822.1285 -50.852764 -83.031979   0.000490   0.000640
1 46814U 20077B   23174.44490949  .00026287  00000-0  60290-3 0  9994 | 2 46814  97.3669 240.3510 0008136 168.5802 191.5632 15.42683083147197 | 2023/06/23-10:40:40  191.0202    0.1247  191.5445   93.3439     6816.3314     6810.7856     6821.8772 -48.165973 -84.618865   0.000535   0.000613
1 46814U 20077B   23175.67730846  .00029746  00000-0  68000-3 0  9993 | 2 46814  97.3670 241.5969 0008232 164.4272 195.7230 15.42755090147382 | 2023/06/24-16:15:19  274.6458    0.1247  195.6975   93.3395     6816.1193     6810.5083     6821.7303 -46.314736 -85.646237   0.000572   0.000592
1 46814U 20077B   23177.10421377  .00029539  00000-0  67322-3 0  9995 | 2 46814  97.3668 243.0397 0008247 159.5524 200.6055 15.42847446147605 | 2023/06/26-02:30:04   68.2876    0.1247  200.5723   93.3339     6815.8473     6810.2262     6821.4683 -44.143480 -86.785062   0.000607   0.000558
1 46814U 20077B   23178.14192102  .00025576  00000-0  58254-3 0  9992 | 2 46814  97.3670 244.0892 0008311 157.2972 202.8645 15.42893971147763 | 2023/06/27-03:24:21   81.8318    0.1247  202.8275   93.3311     6815.7103     6810.0457     6821.3748 -42.546589 -87.579224   0.000624   0.000549
1 46814U 20077B   23179.17957229  .00035888  00000-0  81290-3 0  9998 | 2 46814  97.3675 245.1379 0008291 153.5452 206.6221 15.42991240147927 | 2023/06/28-04:18:35   95.3547    0.1248  206.5796   93.3252     6815.4238     6809.7732     6821.0745 -40.936776 -88.343706   0.000647   0.000518
1 46814U 20077B   23180.73597344  .00026113  00000-0  59127-3 0  9995 | 2 46814  97.3674 246.7127 0008419 149.4452 210.7288 15.43065955148162 | 2023/06/29-17:39:48  295.6116    0.1247  210.6795   93.3207     6815.2038     6809.4661     6820.9415 -38.493414 -89.435271   0.000680   0.000497
1 46814U 20077B   23181.90322355  .00024504  00000-0  55397-3 0  9990 | 2 46814  97.3679 247.8930 0008448 145.6841 214.4954 15.43124444148343 | 2023/06/30-21:40:38  355.7864    0.1247  214.4406   93.3172     6815.0316     6809.2743     6820.7889 -36.643188 -90.209671   0.000704   0.000467
1 46814U 20077B   23182.94074289  .00019785  00000-0  44731-3 0  9990 | 2 46814  97.3676 248.9425 0008487 142.4998 217.6843 15.43166501148502 | 2023/07/01-22:34:40    9.2619    0.1247  217.6249   93.3146     6814.9078     6809.1240     6820.6916 -34.984634 -90.865422   0.000724   0.000443
1 46814U 20077B   23184.10792344  .00018298  00000-0  41333-3 0  9992 | 2 46814  97.3673 250.1235 0008545 139.4978 220.6907 15.43206857148685 | 2023/07/03-02:35:24   69.4119    0.1247  220.6269   93.3122     6814.7890     6808.9657     6820.6122 -33.104284 -91.566902   0.000743   0.000422
1 46814U 20077B   23185.14538214  .00024643  00000-0  55447-3 0  9993 | 2 46814  97.3669 251.1733 0008525 136.0785 224.1142 15.43264985148845 | 2023/07/04-03:29:21   82.8656    0.1248  224.0463   93.3087     6814.6178     6808.8084     6820.4273 -31.420961 -92.157672   0.000758   0.000390
1 46814U 20077B   23186.44216153  .00020814  00000-0  46803-3 0  9994 | 2 46814  97.3667 252.4853 0008573 132.4040 227.7935 15.43316400149049 | 2023/07/05-10:36:42  189.6675    0.1248  227.7208   93.3056     6814.4665     6808.6245     6820.3085 -29.302555 -92.852757   0.000778   0.000361
1 46814U 20077B   23188.12791764  .00020922  00000-0  46947-3 0  9996 | 2 46814  97.3664 254.1912 0008654 127.0510 233.1530 15.43376998149302 | 2023/07/07-03:04:12   76.4889    0.1247  233.0737   93.3019     6814.2881     6808.3910     6820.1852 -26.525337 -93.683629   0.000807   0.000314
1 46814U 20077B   23189.42460246  .00022036  00000-0  49340-3 0  9996 | 2 46814  97.3661 255.5036 0008649 123.0434 237.1646 15.43431217149506 | 2023/07/08-10:11:25  183.2571    0.1248  237.0814   93.2986     6814.1285     6808.2350     6820.0221 -24.372602 -94.266292   0.000820   0.000275
1 46814U 20077B   23190.72124515  .00017487  00000-0  39159-3 0  9998 | 2 46814  97.3661 256.8158 0008634 119.4326 240.7785 15.43475823149705 | 2023/07/09-17:18:35  290.0112    0.1248  240.6922   93.2959     6813.9972     6808.1140     6819.8805 -22.207492 -94.799708   0.000829   0.000242
1 46814U 20077B   23191.95301959  .00017305  00000-0  38699-3 0  9990 | 2 46814  97.3665 258.0622 0008603 115.7984 244.4153 15.43519410149895 | 2023/07/10-22:52:20   13.4151    0.1248  244.3264   93.2933     6813.8690     6808.0070     6819.7309 -20.140231 -95.260729   0.000835   0.000206
1 46814U 20077B   23193.11992870  .00020763  00000-0  46295-3 0  9991 | 2 46814  97.3668 259.2430 0008581 112.4796 247.7361 15.43568997150071 | 2023/07/12-02:52:41   73.4698    0.1247  247.6451   93.2903     6813.7230     6807.8762     6819.5699 -18.172935 -95.655832   0.000840   0.000174
1 46814U 20077B   23194.67574827  .00020400  00000-0  45389-3 0  9992 | 2 46814  97.3670 260.8177 0008592 108.0832 252.1352 15.43636399150313 | 2023/07/13-16:13:04  273.5209    0.1247  252.0415   93.2862     6813.5247     6807.6705     6819.3789 -15.537459 -96.119301   0.000849   0.000133
1 46814U 20077B   23195.71292349  .00025237  00000-0  55977-3 0  9991 | 2 46814  97.3669 261.8675 0008561 104.9692 255.2504 15.43685497150473 | 2023/07/14-17:06:36  286.8753    0.1248  255.1556   93.2832     6813.3802     6807.5473     6819.2132 -13.773793 -96.387737   0.000850   0.000102
1 46814U 20077B   23197.13898336  .00023059  00000-0  51063-3 0  9999 | 2 46814  97.3667 263.3114 0008469 100.1857 260.0346 15.43753003150695 | 2023/07/16-03:20:08   80.2178    0.1247  259.9390   93.2792     6813.1816     6807.4115     6818.9517 -11.340604 -96.704007   0.000845   0.000052
1 46814U 20077B   23198.75943266  .00025934  00000-0  57237-3 0  9994 | 2 46814  97.3664 264.9520 0008361  95.5347 264.6855 15.43830724150941 | 2023/07/17-18:13:34  303.5362    0.1248  264.5901   93.2745     6812.9529     6807.2566     6818.6492  -8.567297 -96.988748   0.000836   0.000007
1 46814U 20077B   23200.12054275  .00023240  00000-0  51211-3 0  9996 | 2 46814  97.3660 266.3305 0008244  91.0795 269.1398 15.43899637151156 | 2023/07/19-02:53:34   73.4998    0.1248  269.0453   93.2703     6812.7502     6807.1338     6818.3666  -6.231529 -97.166383   0.000824  -0.000037
1 46814U 20077B   23202.12970219  .00026919  00000-0  59084-3 0  9995 | 2 46814  97.3653 268.3654 0008144  84.9948 275.2230 15.43989199151467 | 2023/07/21-03:06:46   76.7442    0.1249  275.1301   93.2649     6812.4867     6806.9386     6818.0348  -2.777373 -97.325679   0.000809  -0.000094
1 46814U 20077B   23205.17561474  .00023727  00000-0  51873-3 0  9994 | 2 46814  97.3649 271.4501 0007877  74.7487 285.4631 15.44133112151932 | 2023/07/24-04:12:53   93.1962    0.1248  285.3761   93.2562     6812.0634     6806.6976     6817.4293   2.463947 -97.333718   0.000765  -0.000188
1 46814U 20077B   23207.44363248  .00030048  00000-0  65297-3 0  9994 | 2 46814  97.3654 273.7465 0007601  68.7584 291.4476 15.44267579152286 | 2023/07/26-10:38:49  189.6274    0.1249  291.3665   93.2481     6811.6680     6806.4904     6816.8455   6.362067 -97.157322   0.000725  -0.000229
1 46814U 20077B   23209.12833285  .00022994  00000-0  49921-3 0  9991 | 2 46814  97.3654 275.4535 0007587  63.0213 297.1809 15.44349588152546 | 2023/07/28-03:04:47   76.0769    0.1248  297.1035   93.2431     6811.4268     6806.2590     6816.5947   9.253401 -96.924691   0.000706  -0.000278
1 46814U 20077B   23210.68336627  .00021294  00000-0  46149-3 0  9993 | 2 46814  97.3657 277.0288 0007401  58.0841 302.1126 15.44417988152783 | 2023/07/29-16:24:02  275.8518    0.1248  302.0407   93.2390     6811.2257     6806.1847     6816.2667  11.914469 -96.633974   0.000671  -0.000311
1 46814U 20077B   23211.72001037  .00028223  00000-0  60923-3 0  9998 | 2 46814  97.3657 278.0792 0007297  54.2477 305.9449 15.44480868152944 | 2023/07/30-17:16:48  289.0192    0.1249  305.8772   93.2352     6811.0409     6806.0708     6816.0109  13.683952 -96.399320   0.000646  -0.000339
1 46814U 20077B   23213.72838282  .00028459  00000-0  61190-3 0  9998 | 2 46814  97.3652 280.1147 0007035  47.2262 312.9578 15.44598283153258 | 2023/08/01-17:28:52  291.9859    0.1250  312.8988   93.2281     6810.6957     6805.9044     6815.4870  17.099209 -95.851965   0.000592  -0.000380
1 46814U 20077B   23215.08880493  .00039096  00000-0  83586-3 0  9992 | 2 46814  97.3644 281.4941 0006973  42.1276 318.0507 15.44700890153465 | 2023/08/03-02:07:52   61.7051    0.1249  317.9973   93.2219     6810.3941     6805.6452     6815.1430  19.401514 -95.411779   0.000561  -0.000414
1 46814U 20077B   23216.70825289  .00025688  00000-0  54924-3 0  9990 | 2 46814  97.3640 283.1354 0006812  36.9520 323.2197 15.44785284153714 | 2023/08/04-16:59:53  284.6678    0.1249  323.1729   93.2168     6810.1460     6805.5070     6814.7851  22.126264 -94.816544   0.000522  -0.000437
1 46814U 20077B   23217.74464560  .00038346  00000-0  81537-3 0  9991 | 2 46814  97.3637 284.1859 0006763  33.2758 326.8915 15.44867940153873 | 2023/08/05-17:52:17  297.7446    0.1249  326.8491   93.2119     6809.9031     6805.2976     6814.5087  23.860806 -94.394661   0.000498  -0.000457
1 46814U 20077B   23219.42865952  .00030896  00000-0  65524-3 0  9998 | 2 46814  97.3633 285.8931 0006557  27.1759 332.9832 15.44990734154136 | 2023/08/07-10:17:16  183.9505    0.1249  332.9490   93.2044     6809.5423     6805.0773     6814.0073  26.662297 -93.641519   0.000448  -0.000479
1 46814U 20077B   23220.46492596  .00033803  00000-0  71514-3 0  9991 | 2 46814  97.3636 286.9438 0006466  23.0434 337.1104 15.45045158154295 | 2023/08/08-11:09:29  196.9824    0.1250  337.0816   93.2012     6809.3824     6804.9794     6813.7853  28.375019 -93.137151   0.000416  -0.000495
1 46814U 20077B   23222.14877490  .00032264  00000-0  68048-3 0  9996 | 2 46814  97.3642 288.6512 0006307  16.5558 343.5896 15.45146253154558 | 2023/08/10-03:34:14   83.1287    0.1250  343.5692   93.1951     6809.0854     6804.7909     6813.3799  31.137667 -92.250925   0.000364  -0.000515
1 46814U 20077B   23224.15630252  .00025295  00000-0  53263-3 0  9991 | 2 46814  97.3643 290.6870 0006098   9.1718 350.9641 15.45244199154864 | 2023/08/12-03:45:04   85.7911    0.1249  350.9531   93.1892     6808.7976     6804.6456     6812.9496  34.395165 -91.086660   0.000304  -0.000529
1 46814U 20077B   23225.71043624  .00020914  00000-0  43997-3 0  9991 | 2 46814  97.3642 292.2632 0005909   3.5017 356.6272 15.45311316155104 | 2023/08/13-17:03:01  285.2418    0.1249  356.6232   93.1851     6808.6005     6804.5773     6812.6237  36.887580 -90.106015   0.000257  -0.000532
1 46814U 20077B   23227.13500024  .00022352  00000-0  46904-3 0  9990 | 2 46814  97.3636 293.7085 0005816 357.5139   2.6080 15.45371594155322 | 2023/08/15-03:14:24   78.0507    0.1249    2.6110   93.1815     6808.4234     6804.4637     6812.3832  39.148308 -89.146400   0.000211  -0.000542
1 46814U 20077B   23228.17101101  .00022619  00000-0  47387-3 0  9990 | 2 46814  97.3633 294.7598 0005775 352.8678   7.2487 15.45418162155481 | 2023/08/16-04:06:15   90.9898    0.1249    7.2571   93.1787     6808.2867     6804.3549     6812.2184  40.777217 -88.412843   0.000175  -0.000550
1 46814U 20077B   23230.17818557  .00022309  00000-0  46584-3 0  9997 | 2 46814  97.3628 296.7964 0005670 343.8407  16.2661 15.45518422155796 | 2023/08/18-04:16:35   93.5241    0.1250   16.2843   93.1726     6807.9922     6804.1321     6811.8523  43.893239 -86.907413   0.000105  -0.000557
1 46814U 20077B   23232.18522752  .00024945  00000-0  51868-3 0  9998 | 2 46814  97.3619 298.8322 0005574 335.2143  24.8837 15.45621693156103 | 2023/08/20-04:26:43   96.0104    0.1249   24.9106   93.1664     6807.6890     6803.8944     6811.4836  46.952395 -85.292510   0.000039  -0.000556
1 46814U 20077B   23233.41528756  .00024375  00000-0  50591-3 0  9994 | 2 46814  97.3619 300.0802 0005519 329.7231  30.3698 15.45679244156299 | 2023/08/21-09:58:00  178.8016    0.1249   30.4018   93.1629     6807.5200     6803.7629     6811.2770  48.798927 -84.249655  -0.000002  -0.000552
1 46814U 20077B   23235.09845119  .00023844  00000-0  49362-3 0  9999 | 2 46814  97.3617 301.7886 0005465 322.5845  37.5023 15.45759048156550 | 2023/08/23-02:21:46   64.6972    0.1249   37.5404   93.1581     6807.2857     6803.5655     6811.0059  51.288847 -82.757204  -0.000054  -0.000544
1 46814U 20077B   23236.78153107  .00023325  00000-0  48172-3 0  9997 | 2 46814  97.3618 303.4963 0005320 314.2287  45.8525 15.45834976156816 | 2023/08/24-18:45:24  310.5628    0.1250   45.8963   93.1535     6807.0628     6803.4414     6810.6841  53.732335 -81.192095  -0.000113  -0.000520
1 46814U 20077B   23238.14087955  .00023468  00000-0  48359-3 0  9991 | 2 46814  97.3619 304.8757 0005339 308.2857  51.7911 15.45899453157029 | 2023/08/26-03:22:51   79.8930    0.1249   51.8392   93.1497     6806.8735     6803.2393     6810.5077  55.671338 -79.875163  -0.000155  -0.000511
1 46814U 20077B   23239.17653664  .00024106  00000-0  49581-3 0  9999 | 2 46814  97.3619 305.9266 0005376 303.7163  56.3573 15.45949001157184 | 2023/08/27-04:14:12   92.7027    0.1249   56.4086   93.1467     6806.7280     6803.0688     6810.3873  57.126935 -78.840680  -0.000187  -0.000504
1 46814U 20077B   23240.66523500  .00023000  00000-0  47206-3 0  9994 | 2 46814  97.3622 307.4375 0005408 296.6806  63.3889 15.46019848157418 | 2023/08/28-15:57:56  268.5946    0.1249   63.4443   93.1424     6806.5201     6802.8391     6810.2011  59.186058 -77.307235  -0.000236  -0.000487
1 46814U 20077B   23241.70081047  .00020655  00000-0  42354-3 0  9997 | 2 46814  97.3622 308.4890 0005419 291.9126  68.1547 15.46068170157579 | 2023/08/29-16:49:10  281.3732    0.1250   68.2124   93.1395     6806.3783     6802.6899     6810.0666  60.594765 -76.208087  -0.000268  -0.000471
1 46814U 20077B   23243.18939553  .00021960  00000-0  44905-3 0  9999 | 2 46814  97.3615 310.0008 0005432 285.4016  74.6633 15.46137013157809 | 2023/08/31-04:32:43   97.2217    0.1249   74.7233   93.1353     6806.1762     6802.4791     6809.8733  62.583807 -74.582362  -0.000308  -0.000447
1 46814U 20077B   23245.13093102  .00024633  00000-0  50177-3 0  9995 | 2 46814  97.3604 311.9723 0005409 276.1582  83.9051 15.46227259158103 | 2023/09/02-03:08:32   76.1182    0.1249   83.9667   93.1299     6805.9114     6802.2301     6809.5927  65.111836 -72.384365  -0.000361  -0.000403
1 46814U 20077B   23246.16636596  .00030900  00000-0  62717-3 0  9996 | 2 46814  97.3599 313.0239 0005452 271.8268  88.2357 15.46287670158269 | 2023/09/03-03:59:34   88.8446    0.1249   88.2981   93.1263     6805.7341     6802.0236     6809.4446  66.428988 -71.176820  -0.000387  -0.000385
1 46814U 20077B   23247.46060479  .00025329  00000-0  51362-3 0  9994 | 2 46814  97.3596 314.3377 0005551 265.8827  94.1788 15.46353483158469 | 2023/09/04-11:03:16  194.7334    0.1249   94.2422   93.1223     6805.5410     6801.7633     6809.3188  68.043266 -69.634802  -0.000424  -0.000358
1 46814U 20077B   23249.14304170  .00026140  00000-0  52855-3 0  9990 | 2 46814  97.3594 316.0460 0005638 259.2600 100.8015 15.46429921158729 | 2023/09/06-03:25:58   80.3607    0.1250  100.8650   93.1177     6805.3168     6801.4799     6809.1536  70.088767 -67.575273  -0.000460  -0.000326
1 46814U 20077B   23250.17834590  .00026374  00000-0  53236-3 0  9992 | 2 46814  97.3596 317.0972 0005725 255.4943 104.5672 15.46478438158889 | 2023/09/07-04:16:49   93.0394    0.1250  104.6307   93.1148     6805.1744     6801.2785     6809.0704  71.316845 -66.278197  -0.000482  -0.000308
1 46814U 20077B   23251.40772553  .00026987  00000-0  54352-3 0  9999 | 2 46814  97.3599 318.3453 0005813 250.1997 109.8626 15.46537929159079 | 2023/09/08-09:47:07  175.5789    0.1249  109.9252   93.1112     6804.9999     6801.0442     6808.9557  72.743803 -64.709267  -0.000511  -0.000278
1 46814U 20077B   23252.44295494  .00025116  00000-0  50517-3 0  9990 | 2 46814  97.3601 319.3965 0005880 246.0433 114.0202 15.46590635159234 | 2023/09/09-10:37:51  188.2295    0.1250  114.0817   93.1080     6804.8453     6800.8441     6808.8466  73.918860 -63.363958  -0.000531  -0.000253
1 46814U 20077B   23253.73694234  .00025602  00000-0  51372-3 0  9998 | 2 46814  97.3598 320.7107 0005963 240.4148 119.6508 15.46656035159435 | 2023/09/10-17:41:11  294.0241    0.1250  119.7102   93.1041     6804.6535     6800.5959     6808.7111  75.352443 -61.651764  -0.000556  -0.000215
1 46814U 20077B   23254.77209044  .00028465  00000-0  56960-3 0  9992 | 2 46814  97.3602 321.7627 0006032 236.4213 123.6461 15.46714000159592 | 2023/09/11-18:31:48  306.6439    0.1249  123.7036   93.1006     6804.4835     6800.3790     6808.5879  76.471972 -60.258162  -0.000573  -0.000188
1 46814U 20077B   23255.80719155  .00061164  00000-0  12126-2 0  9994 | 2 46814  97.3600 322.8144 0006062 232.9062 127.1634 15.46815052159750 | 2023/09/12-19:22:21  319.2466    0.1249  127.2187   93.0945     6804.1871     6800.0624     6808.3118  77.564944 -58.844277  -0.000584  -0.000164
1 46814U 20077B   23256.84221652  .00039327  00000-0  77993-3 0  9999 | 2 46814  97.3596 323.8662 0006123 228.0247 132.0481 15.46909339159914 | 2023/09/13-20:12:47  331.8208    0.1249  132.1002   93.0888     6803.9106     6799.7446     6808.0767  78.631718 -57.410318  -0.000599  -0.000126
1 46814U 20077B   23257.87719626  .00027332  00000-0  54236-3 0  9994 | 2 46814  97.3593 324.9182 0006188 223.7818 136.2942 15.46965774160079 | 2023/09/14-21:03:09  344.3784    0.1250  136.3432   93.0854     6803.7452     6799.5350     6807.9553  79.672262 -55.956804  -0.000612  -0.000094
1 46814U 20077B   23259.49424985  .00034433  00000-0  67908-3 0  9995 | 2 46814  97.3586 326.5616 0006283 217.7371 142.3439 15.47097527160324 | 2023/09/16-11:51:43  206.4631    0.1250  142.3879   93.0775     6803.3589     6799.0843     6807.6334  81.243682 -53.648496  -0.000627  -0.000047
1 46814U 20077B   23261.11119580  .00041321  00000-0  81114-3 0  9998 | 2 46814  97.3578 328.2052 0006356 212.1662 147.9200 15.47194396160577 | 2023/09/18-02:40:07   68.5086    0.1249  147.9587   93.0717     6803.0749     6798.7509     6807.3989  82.748339 -51.295747  -0.000636  -0.000004
1 46814U 20077B   23262.14595919  .00055235  00000-0  10766-2 0  9999 | 2 46814  97.3572 329.2565 0006426 207.8514 152.2393 15.47332949160734 | 2023/09/19-03:30:10   80.9876    0.1250  152.2736   93.0634     6802.6688     6798.2974     6807.0402  83.675048 -49.768571  -0.000642   0.000032
1 46814U 20077B   23263.18064852  .00036650  00000-0  71466-3 0  9996 | 2 46814  97.3571 330.3085 0006560 204.5311 155.5628 15.47412232160899 | 2023/09/20-04:20:08   93.4404    0.1250  155.5939   93.0586     6802.4364     6797.9740     6806.8988  84.574600 -48.223873  -0.000653   0.000059
1 46814U 20077B   23264.73259627  .00029704  00000-0  57819-3 0  9992 | 2 46814  97.3573 331.8862 0006662 199.4388 160.6609 15.47504509161132 | 2023/09/21-17:34:56  292.0877    0.1250  160.6862   93.0530     6802.1660     6797.6344     6806.6976  85.870443 -45.877129  -0.000659   0.000100
1 46814U 20077B   23265.76717491  .00031171  00000-0  60518-3 0  9995 | 2 46814  97.3575 332.9377 0006741 196.0317 164.0720 15.47569900161295 | 2023/09/22-18:24:43  304.5003    0.1249  164.0932   93.0491     6801.9744     6797.3892     6806.5596  86.698057 -44.293677  -0.000662   0.000129
1 46814U 20077B   23267.18964527  .00034065  00000-0  65865-3 0  9992 | 2 46814  97.3576 334.3842 0006811 191.1665 168.9435 15.47670149161518 | 2023/09/24-04:33:05   96.5388    0.1250  168.9585   93.0431     6801.6806     6797.0480     6806.3133  87.788647 -42.091042  -0.000660   0.000170
1 46814U 20077B   23268.41806673  .00058361  00000-0  11195-2 0  9997 | 2 46814  97.3577 335.6333 0006905 187.1779 172.9373 15.47778314161703 | 2023/09/25-10:02:00  178.7271    0.1249  172.9470   93.0366     6801.3638     6796.6674     6806.0601  88.685427 -40.167360  -0.000660   0.000204
1 46814U 20077B   23269.71105373  .00040953  00000-0  78517-3 0  9990 | 2 46814  97.3580 336.9487 0006802 182.8357 177.2856 15.47876312161904 | 2023/09/26-17:03:55  284.1553    0.1250  177.2893   93.0307     6801.0767     6796.4506     6805.7028  89.584416 -38.121026  -0.000638   0.000235
1 46814U 20077B   23271.13324248  .00031963  00000-0  61176-3 0  9997 | 2 46814  97.3575 338.3960 0006962 177.7162 182.4121 15.47976009162126 | 2023/09/28-03:11:52   76.0907    0.1249  182.4087   93.0247     6800.7847     6796.0500     6805.5194  90.518212 -35.846006  -0.000637   0.000282
1 46814U 20077B   23272.49070284  .00037076  00000-0  70657-3 0  9990 | 2 46814  97.3571 339.7774 0007041 173.2569 186.8778 15.48069560162336 | 2023/09/29-11:46:36  204.7266    0.1250  186.8681   93.0191     6800.5107     6795.7224     6805.2989  91.355692 -33.653269  -0.000628   0.000319
1 46814U 20077B   23273.71880047  .00048099  00000-0  91121-3 0  9998 | 2 46814  97.3566 341.0272 0006938 168.7922 191.3485 15.48185343162520 | 2023/09/30-17:15:04  286.7965    0.1251  191.3329   93.0121     6800.1716     6795.4537     6804.8896  92.067511 -31.652505  -0.000600   0.000349
1 46814U 20077B   23274.75288224  .00063908  00000-0  12005-2 0  9991 | 2 46814  97.3555 342.0795 0007024 165.4419 194.7035 15.48357165162689 | 2023/10/01-18:04:09  299.0281    0.1250  194.6831   93.0018     6799.6685     6794.8924     6804.4446  92.632237 -29.956002  -0.000593   0.000377
1 46814U 20077B   23276.43305294  .00066648  00000-0  12411-2 0  9990 | 2 46814  97.3550 343.7900 0007144 159.5657 200.5881 15.48595583162943 | 2023/10/03-10:23:35  183.8267    0.1250  200.5593   92.9875     6798.9706     6794.1134     6803.8278  93.484650 -27.177496  -0.000573   0.000426
1 46814U 20077B   23277.91912923  .00082454  00000-0  15191-2 0  9998 | 2 46814  97.3545 345.3023 0007199 154.4539 205.7069 15.48837668163178 | 2023/10/04-22:03:32  358.7597    0.1250  205.6711   92.9729     6798.2621     6793.3681     6803.1562  94.168860 -24.700698  -0.000550   0.000465
1 46814U 20077B   23279.46955924  .00081834  00000-0  14939-2 0  9998 | 2 46814  97.3548 346.8817 0007216 148.6976 211.4706 15.49103051163410 | 2023/10/06-11:16:09  196.8558    0.1251  211.4275   92.9570     6797.4857     6792.5806     6802.3908  94.814183 -22.095877  -0.000515   0.000505
1 46814U 20077B   23280.76138414  .00081350  00000-0  14739-2 0  9991 | 2 46814  97.3549 348.1978 0007271 144.7651 215.4082 15.49320693163618 | 2023/10/07-18:16:23  301.8649    0.1251  215.3600   92.9440     6796.8491     6791.9071     6801.7911  95.296772 -19.912352  -0.000496   0.000532
1 46814U 20077B   23282.18217924  .00084318  00000-0  15135-2 0  9991 | 2 46814  97.3549 349.6450 0007451 139.6071 220.5735 15.49573636163831 | 2023/10/09-04:22:20   93.2970    0.1251  220.5180   92.9288     6796.1094     6791.0456     6801.1732  95.769276 -17.499212  -0.000471   0.000577
1 46814U 20077B   23283.47366469  .00064212  00000-0  11513-2 0  9990 | 2 46814  97.3553 350.9627 0007480 135.5344 224.6509 15.49687368164032 | 2023/10/10-11:22:04  198.1823    0.1251  224.5907   92.9220     6795.7769     6790.6937     6800.8601  96.146760 -15.292320  -0.000445   0.000601
1 46814U 20077B   23285.15244290  .00044187  00000-0  79061-3 0  9996 | 2 46814  97.3551 352.6747 0007409 130.4424 229.7474 15.49837493164297 | 2023/10/12-03:39:31   82.4807    0.1250  229.6826   92.9130     6795.3380     6790.3034     6800.3727  96.560511 -12.413027  -0.000405   0.000621
1 46814U 20077B   23286.44370039  .00044062  00000-0  78515-3 0  9995 | 2 46814  97.3552 353.9918 0007405 126.3330 233.8606 15.49955015164494 | 2023/10/13-10:38:55  187.2852    0.1251  233.7921   92.9059     6794.9945     6789.9628     6800.0262  96.820421 -10.190246  -0.000374   0.000639
1 46814U 20077B   23287.73485244  .00045748  00000-0  81128-3 0  9999 | 2 46814  97.3550 355.3089 0007360 122.5612 237.6351 15.50083704164698 | 2023/10/14-17:38:11  292.0528    0.1251  237.5639   92.8982     6794.6185     6789.6176     6799.6193  97.028871  -7.962052  -0.000344   0.000651
1 46814U 20077B   23289.15501261  .00041173  00000-0  72788-3 0  9995 | 2 46814  97.3544 356.7578 0007294 118.2639 241.9349 15.50195766164918 | 2023/10/16-03:43:13   83.2588    0.1251  241.8612   92.8915     6794.2910     6789.3352     6799.2468  97.198573  -5.506060  -0.000309   0.000661
1 46814U 20077B   23290.44598169  .00035417  00000-0  62473-3 0  9996 | 2 46814  97.3540 358.0750 0007275 114.2409 245.9603 15.50290008165116 | 2023/10/17-10:42:12  187.9605    0.1251  245.8842   92.8858     6794.0156     6789.0730     6798.9583  97.299059  -3.270244  -0.000276   0.000673
1 46814U 20077B   23292.18866436  .00047696  00000-0  83535-3 0  9998 | 2 46814  97.3531 359.8534 0007235 108.3409 251.8630 15.50429301165380 | 2023/10/19-04:31:40   95.2628    0.1251  251.7842   92.8775     6793.6087     6788.6935     6798.5239  97.352781  -0.249092  -0.000226   0.000687
1 46814U 20077B   23294.51197563  .00052253  00000-0  90745-3 0  9991 | 2 46814  97.3530   2.2243 0007199 101.2747 258.9315 15.50648467165745 | 2023/10/21-12:17:14  211.5717    0.1253  258.8506   92.8644     6792.9686     6788.0783     6797.8588  97.279649   3.778426  -0.000168   0.000700
1 46814U 20077B   23295.93156550  .00050673  00000-0  87475-3 0  9999 | 2 46814  97.3539   3.6734 0007073  97.3067 262.8989 15.50826467165968 | 2023/10/22-22:21:27    2.5747    0.1252  262.8185   92.8537     6792.4488     6787.6445     6797.2531  97.153884   6.237368  -0.000135   0.000694
1 46814U 20077B   23297.15749581  .00042122  00000-0  72617-3 0  9999 | 2 46814  97.3540   4.9254 0007049  94.1577 266.0481 15.50905233166159 | 2023/10/24-03:46:47   83.8658    0.1252  265.9675   92.8490     6792.2188     6787.4310     6797.0066  96.994504   8.358679  -0.000111   0.000696
1 46814U 20077B   23298.18981246  .00030056  00000-0  51835-3 0  9991 | 2 46814  97.3540   5.9802 0007072  90.2143 269.9920 15.50962948166315 | 2023/10/25-04:33:19   95.4620    0.1253  269.9110   92.8455     6792.0503     6787.2470     6796.8536  96.824195  10.142805  -0.000076   0.000703
1 46814U 20077B   23300.12528820  .00041464  00000-0  71001-3 0  9996 | 2 46814  97.3541   7.9570 0006953  84.0983 276.1061 15.51100539166610 | 2023/10/27-03:00:24   72.1660    0.1252  276.0269   92.8373     6791.6486     6786.9264     6796.3709  96.416798  13.476716  -0.000025   0.000695
1 46814U 20077B   23301.15746356  .00036321  00000-0  62076-3 0  9994 | 2 46814  97.3539   9.0117 0006902  81.0508 279.1525 15.51181374166772 | 2023/10/28-03:46:44   83.7129    0.1252  279.0744   92.8325     6791.4127     6786.7252     6796.1001  96.152200  15.249140  -0.000001   0.000690
1 46814U 20077B   23302.18958386  .00048929  00000-0  83159-3 0  9998 | 2 46814  97.3536  10.0666 0006847  77.7288 282.4731 15.51276283166933 | 2023/10/29-04:33:00   95.2400    0.1253  282.3965   92.8268     6791.1357     6786.4858     6795.7856  95.854865  17.016707   0.000026   0.000684
1 46814U 20077B   23304.18914425  .00039345  00000-0  66592-3 0  9990 | 2 46814  97.3526  12.1101 0006695  71.2193 288.9785 15.51441683167247 | 2023/10/31-04:32:22   95.0132    0.1252  288.9059   92.8169     6790.6530     6786.1066     6795.1993  95.186142  20.423692   0.000078   0.000665
1 46814U 20077B   23305.73705109  .00037322  00000-0  62931-3 0  9995 | 2 46814  97.3521  13.6919 0006607  66.2123 293.9821 15.51559158167485 | 2023/11/01-17:41:21  292.2070    0.1252  293.9129   92.8099     6790.3102     6785.8239     6794.7966  94.585606  23.043319   0.000116   0.000650
1 46814U 20077B   23307.15585565  .00040661  00000-0  68230-3 0  9993 | 2 46814  97.3518  15.1422 0006523  61.2614 298.9293 15.51678030167708 | 2023/11/03-03:44:25   82.9285    0.1253  298.8639   92.8028     6789.9634     6785.5343     6794.3925  93.971794  25.429803   0.000153   0.000634
1 46814U 20077B   23308.18764727  .00042199  00000-0  70574-3 0  9998 | 2 46814  97.3519  16.1967 0006468  57.6449 302.5429 15.51764619167866 | 2023/11/04-04:30:12   94.3388    0.1253  302.4804   92.7976     6789.7108     6785.3192     6794.1024  93.487979  27.154930   0.000180   0.000621
1 46814U 20077B   23309.67073903  .00050209  00000-0  83424-3 0  9991 | 2 46814  97.3521  17.7129 0006373  51.8279 308.3546 15.51910655168091 | 2023/11/05-16:05:51  268.2028    0.1252  308.2973   92.7888     6789.2849     6784.9581     6793.6117  92.736929  29.619137   0.000223   0.000597
1 46814U 20077B   23310.76681343  .00066510  00000-0  10955-2 0  9996 | 2 46814  97.3521  18.8342 0006199  47.6445 312.5332 15.52085984168262 | 2023/11/06-18:24:12  302.7534    0.1253  312.4808   92.7784     6788.7736     6784.5652     6792.9819  92.139550  31.428246   0.000247   0.000568
1 46814U 20077B   23312.12063222  .00064499  00000-0  10546-2 0  9998 | 2 46814  97.3523  20.2191 0006118  43.6367 316.5369 15.52300298168478 | 2023/11/08-02:53:42   70.0818    0.1253  316.4886   92.7656     6788.1487     6783.9957     6792.3017  91.353243  33.646029   0.000270   0.000549
1 46814U 20077B   23313.15200738  .00057833  00000-0  94329-3 0  9993 | 2 46814  97.3523  21.2751 0005983  40.3438 319.8257 15.52397926168637 | 2023/11/09-03:38:53   81.3415    0.1252  319.7814   92.7597     6787.8641     6783.8029     6791.9253  90.717644  35.323921   0.000284   0.000526
1 46814U 20077B   23314.44113981  .00053649  00000-0  87182-3 0  9999 | 2 46814  97.3529  22.5951 0006002  35.5554 324.6097 15.52519418168837 | 2023/11/10-10:35:14  185.3842    0.1252  324.5698   92.7525     6787.5100     6783.4361     6791.5838  89.880391  37.404578   0.000317   0.000510
1 46814U 20077B   23315.47233905  .00061226  00000-0  98811-3 0  9993 | 2 46814  97.3524  23.6509 0005938  31.4769 328.6838 15.52679782168998 | 2023/11/11-11:20:10  196.5809    0.1253  328.6484   92.7429     6787.0426     6783.0125     6791.0728  89.175452  39.054176   0.000340   0.000487
1 46814U 20077B   23316.76120641  .00085037  00000-0  13586-2 0  9999 | 2 46814  97.3519  24.9704 0005848  26.6042 333.5510 15.52866547169195 | 2023/11/12-18:16:08  300.5295    0.1253  333.5211   92.7317     6786.4984     6782.5297     6790.4672  88.252028  41.097104   0.000363   0.000458
1 46814U 20077B   23317.92105394  .00073721  00000-0  11725-2 0  9996 | 2 46814  97.3514  26.1582 0005735  22.8490 337.3017 15.53037110169379 | 2023/11/13-22:06:19  358.0345    0.1253  337.2763   92.7215     6786.0015     6782.1097     6789.8933  87.380692  42.917476   0.000376   0.000433
1 46814U 20077B   23319.14520172  .00066047  00000-0  10452-2 0  9996 | 2 46814  97.3508  27.4122 0005670  18.7576 341.3885 15.53207668169569 | 2023/11/15-03:29:05   78.6849    0.1253  341.3677   92.7114     6785.5047     6781.6573     6789.3521  86.419997  44.819220   0.000393   0.000409
1 46814U 20077B   23320.17596031  .00062933  00000-0  99142-3 0  9992 | 2 46814  97.3501  28.4677 0005656  17.0154 343.1288 15.53346747169723 | 2023/11/16-04:13:22   89.7204    0.1254  343.1100   92.7031     6785.0997     6781.2620     6788.9373  85.579107  46.403216   0.000397   0.000403
1 46814U 20077B   23321.46429124  .00045258  00000-0  71171-3 0  9996 | 2 46814  97.3501  29.7889 0005408  14.3915 345.7492 15.53475129169926 | 2023/11/17-11:08:34  193.4717    0.1254  345.7339   92.6954     6784.7259     6781.0567     6788.3950  84.486425  48.364098   0.000388   0.000377
1 46814U 20077B   23322.49490487  .00024121  00000-0  38043-3 0  9997 | 2 46814  97.3500  30.8447 0005217  10.7066 349.4298 15.53520299170086 | 2023/11/18-11:52:39  204.4569    0.1254  349.4188   92.6927     6784.5944     6781.0548     6788.1339  83.580831  49.912595   0.000390   0.000346
1 46814U 20077B   23323.58989420  .00026464  00000-0  41627-3 0  9992 | 2 46814  97.3500  31.9669 0005137   6.6821 353.4500 15.53577364170253 | 2023/11/19-14:09:26  238.6144    0.1254  353.4433   92.6893     6784.4282     6780.9431     6787.9134  82.587271  51.539938   0.000401   0.000321
1 46814U 20077B   23324.81365674  .00029425  00000-0  46135-3 0  9997 | 2 46814  97.3501  33.2218 0005075   2.6960 357.4320 15.53647094170443 | 2023/11/20-19:31:39  319.1243    0.1254  357.4294   92.6851     6784.2252     6780.7822     6787.6682  81.438802  53.336324   0.000411   0.000298
1 46814U 20077B   23325.84414483  .00038672  00000-0  60351-3 0  9994 | 2 46814  97.3502  34.2781 0005009 358.7400   1.3840 15.53722534170604 | 2023/11/21-20:15:34  330.0634    0.1254    1.3854   92.6806     6784.0056     6780.6075     6787.4037  80.441797  54.828631   0.000420   0.000273
1 46814U 20077B   23326.87454835  .00085810  00000-0  13202-2 0  9991 | 2 46814  97.3506  35.3346 0004904 355.5013   4.6195 15.53915927170761 | 2023/11/22-20:59:20  340.9710    0.1253    4.6240   92.6691     6783.4427     6780.1161     6786.7693  79.417498  56.302756   0.000421   0.000251
1 46814U 20077B   23328.16236074  .00084511  00000-0  12891-2 0  9998 | 2 46814  97.3507  36.6554 0004742 351.2471   8.8699 15.54158869170960 | 2023/11/24-03:53:47   84.5358    0.1254    8.8783   92.6546     6782.7358     6779.5194     6785.9522  78.098684  58.118451   0.000419   0.000222
1 46814U 20077B   23329.19247528  .00097190  00000-0  14699-2 0  9993 | 2 46814  97.3506  37.7124 0004672 347.7353  12.3786 15.54346952171123 | 2023/11/25-04:37:09   95.3385    0.1254   12.3901   92.6434     6782.1886     6779.0200     6785.3573  77.013200  59.549193   0.000422   0.000201
1 46814U 20077B   23330.73747028  .00049957  00000-0  75611-3 0  9995 | 2 46814  97.3503  39.2987 0004480 342.2221  17.8876 15.54515914171367 | 2023/11/26-17:41:57  291.4774    0.1255   17.9034   92.6333     6781.6972     6778.6590     6784.7354  75.334976  61.658109   0.000417   0.000164
1 46814U 20077B   23332.08911705  .00098624  00000-0  14634-2 0  9992 | 2 46814  97.3494  40.6861 0004217 339.6663  20.4423 15.54868240171575 | 2023/11/28-02:08:19   58.0162    0.1255   20.4592   92.6123     6780.6727     6777.8133     6783.5321  73.819321  63.463482   0.000395   0.000147
1 46814U 20077B   23333.18304642  .00152039  00000-0  22106-2 0  9994 | 2 46814  97.3495  41.8099 0004747 334.1159  25.9857 15.55230983171748 | 2023/11/29-04:23:35   91.7922    0.1254   26.0095   92.5907     6779.6183     6776.4000     6782.8366  72.560503  64.899141   0.000456   0.000130
1 46814U 20077B   23334.72700256  .00161684  00000-0  23068-2 0  9990 | 2 46814  97.3479  43.3956 0004863 331.4033  28.6954 15.55713410171984 | 2023/11/30-17:26:53  287.5554    0.1255   28.7222   92.5620     6778.2166     6774.9204     6781.5129  70.735655  66.881094   0.000470   0.000124
1 46814U 20077B   23335.75603696  .00198199  00000-0  27771-2 0  9990 | 2 46814  97.3473  44.4537 0004711 327.7663  32.3304 15.56079747172143 | 2023/12/01-18:08:41  297.9659    0.1256   32.3593   92.5402     6777.1528     6773.9600     6780.3455  69.488120  68.175494   0.000460   0.000100
1 46814U 20077B   23337.17050180  .00119365  00000-0  16567-2 0  9991 | 2 46814  97.3473  45.9090 0004833 320.9173  39.1732 15.56612215172366 | 2023/12/03-04:05:31   87.1183    0.1255   39.2082   92.5086     6775.6072     6772.3325     6778.8818  67.734250  69.918297   0.000480   0.000057
1 46814U 20077B   23339.16300080  .00125901  00000-0  17140-2 0  9990 | 2 46814  97.3472  47.9608 0004904 312.3887  47.6952 15.57110625172679 | 2023/12/05-03:54:43   84.3367    0.1255   47.7368   92.4790     6774.1612     6770.8392     6777.4833  65.187471  72.298486   0.000490   0.000003
1 46814U 20077B   23340.19113901  .00116189  00000-0  15687-2 0  9991 | 2 46814  97.3478  49.0205 0004833 308.9198  51.1626 15.57369041172832 | 2023/12/06-04:35:14   94.4216    0.1256   51.2058   92.4636     6773.4119     6770.1383     6776.6854  63.839612  73.492163   0.000483  -0.000017
1 46814U 20077B   23341.66881391  .00099384  00000-0  13295-2 0  9999 | 2 46814  97.3473  50.5439 0004721 304.6836  55.3974 15.57677388173065 | 2023/12/07-16:03:05  266.3191    0.1255   55.4419   92.4453     6772.5179     6769.3206     6775.7152  61.862926  75.162991   0.000470  -0.000039
1 46814U 20077B   23343.14621116  .00093506  00000-0  12386-2 0  9991 | 2 46814  97.3478  52.0674 0004936 297.4715  62.6039 15.57961880173292 | 2023/12/09-03:30:32   78.1204    0.1256   62.6541   92.4284     6771.6935     6768.3509     6775.0360  59.843009  76.781563   0.000485  -0.000090
1 46814U 20077B   23344.17381206  .00086308  00000-0  11365-2 0  9996 | 2 46814  97.3481  53.1280 0004805 292.3490  67.7256 15.58147433173456 | 2023/12/10-04:10:17   88.0097    0.1256   67.7766   92.4174     6771.1558     6767.9023     6774.4094  58.411718  77.876337   0.000465  -0.000120
1 46814U 20077B   23345.71498585  .00085444  00000-0  11140-2 0  9997 | 2 46814  97.3468  54.7181 0004694 287.8858  72.1886 15.58416830173696 | 2023/12/11-17:09:34  282.7614    0.1256   72.2398   92.4015     6770.3755     6767.1975     6773.5535  56.227490  79.466149   0.000448  -0.000140
1 46814U 20077B   23346.74228540  .00100961  00000-0  13041-2 0  9997 | 2 46814  97.3467  55.7780 0004667 283.8934  76.1803 15.58609683173853 | 2023/12/12-17:48:53  292.5426    0.1256   76.2322   92.3900     6769.8170     6766.6575     6772.9765  54.747873  80.492549   0.000438  -0.000162
1 46814U 20077B   23348.15459038  .00101477  00000-0  12953-2 0  9996 | 2 46814  97.3456  57.2351 0004690 278.1770  81.8954 15.58923813174072 | 2023/12/14-03:42:36   80.9087    0.1256   81.9486   92.3714     6768.9075     6765.7329     6772.0821  52.682774  81.857750   0.000426  -0.000195
1 46814U 20077B   23349.18152247  .00084029  00000-0  10643-2 0  9999 | 2 46814  97.3456  58.2951 0004572 272.8957  87.1776 15.59193149174237 | 2023/12/15-04:21:23   90.5555    0.1256   87.2299   92.3555     6768.1280     6765.0336     6771.2224  51.159436  82.818343   0.000401  -0.000220
1 46814U 20077B   23350.72159631  .00124592  00000-0  15460-2 0  9997 | 2 46814  97.3445  59.8881 0004642 270.6482  89.4243 15.59593817174477 | 2023/12/16-17:19:05  284.9079    0.1257   89.4775   92.3317     6766.9688     6763.8275     6770.1100  48.836802  84.207591   0.000404  -0.000228
1 46814U 20077B   23351.74809157  .00163886  00000-0  20005-2 0  9995 | 2 46814  97.3446  60.9493 0004716 267.0774  92.9943 15.59894051174634 | 2023/12/17-17:57:15  294.3975    0.1257   93.0483   92.3140     6766.1004     6762.9095     6769.2913  47.268918  85.097711   0.000400  -0.000250
1 46814U 20077B   23352.77436296  .00158471  00000-0  19107-2 0  9994 | 2 46814  97.3443  62.0110 0004672 263.7986  96.2738 15.60237399174793 | 2023/12/18-18:35:04  303.8044    0.1256   96.3270   92.2936     6765.1078     6761.9471     6768.2684  45.683879  85.958688   0.000386  -0.000263
1 46814U 20077B   23354.18511418  .00150622  00000-0  17850-2 0  9994 | 2 46814  97.3451  63.4710 0004707 262.0070  98.0653 15.60717029175013 | 2023/12/20-04:26:33   91.6054    0.1257   98.1187   92.2653     6763.7217     6760.5380     6766.9054  43.479259  87.095479   0.000388  -0.000267
1 46814U 20077B   23355.91588981  .00169717  00000-0  19601-2 0  9996 | 2 46814  97.3442  65.2629 0004669 258.1373 101.9361 15.61328503175286 | 2023/12/21-21:58:52  354.5976    0.1257  101.9884   92.2291     6761.9556     6758.7985     6765.1128  40.734193  88.411644   0.000375  -0.000278
1 46814U 20077B   23357.13344214  .00170749  00000-0  19398-2 0  9991 | 2 46814  97.3447  66.5251 0004664 252.7414 107.3334 15.61754413175471 | 2023/12/23-03:12:09   72.8529    0.1258  107.3844   92.2040     6760.7262     6757.5730     6763.8794  38.776997  89.287934   0.000353  -0.000304
1 46814U 20077B   23358.15849831  .00184189  00000-0  20606-2 0  9996 | 2 46814  97.3443  67.5884 0004609 248.2098 111.8670 15.62109624175637 | 2023/12/24-03:48:14   81.8182    0.1258  111.9160   92.1830     6759.7013     6756.5857     6762.8168  37.113249  89.991774   0.000330  -0.000321
1 46814U 20077B   23359.18331496  .00180353  00000-0  19899-2 0  9994 | 2 46814  97.3444  68.6522 0004633 246.8302 113.2469 15.62481217175798 | 2023/12/25-04:23:58   90.6982    0.1259  113.2957   92.1611     6758.6295     6755.4982     6761.7607  35.436125  90.665392   0.000330  -0.000325
1 46814U 20077B   23360.72008685  .00183765  00000-0  19846-2 0  9999 | 2 46814  97.3430  70.2481 0004464 241.7498 118.3310 15.63023461176031 | 2023/12/26-17:16:55  283.8511    0.1258  118.3760   92.1291     6757.0662     6754.0499     6760.0826  32.896865  91.615806   0.000299  -0.000332
1 46814U 20077B   23361.74431081  .00184125  00000-0  19614-2 0  9996 | 2 46814  97.3424  71.3118 0004345 240.4479 119.6347 15.63375452176197 | 2023/12/27-17:51:48  292.5158    0.1259  119.6780   92.1084     6756.0520     6753.1165     6758.9875  31.190248  92.210147   0.000289  -0.000324
1 46814U 20077B   23363.15225532  .00149012  00000-0  15668-2 0  9996 | 2 46814  97.3416  72.7742 0004309 236.7710 123.3136 15.63822794176411 | 2023/12/29-03:39:14   79.2992    0.1259  123.3549   92.0820     6754.7635     6751.8529     6757.6741  28.826564  92.975353   0.000274  -0.000332
1 46814U 20077B   23364.17596125  .00155692  00000-0  16145-2 0  9990 | 2 46814  97.3410  73.8394 0004212 232.2756 127.8122 15.64155753176570 | 2023/12/30-04:13:23   87.7739    0.1259  127.8503   92.0624     6753.8049     6750.9602     6756.6496  27.092987  93.494601   0.000248  -0.000340
1 46814U 20077B   23365.19945507  .00129604  00000-0  13323-2 0  9994 | 2 46814  97.3407  74.9043 0004162 229.9799 130.1096 15.64462356176738 | 2023/12/31-04:47:12   96.1739    0.1260  130.1461   92.0444     6752.9225     6750.1119     6755.7330  25.350638  93.981685   0.000238  -0.000341
1 46814U 20077B   24001.73433298  .00155802  00000-0  15681-2 0  9999 | 2 46814  97.3403  76.5019 0004159 224.1557 135.9370 15.64914988176977 | 2024/01/01-17:37:26  288.6420    0.1258  135.9701   92.0178     6751.6203     6748.8123     6754.4283  22.720503  94.651533   0.000212  -0.000358
1 46814U 20077B   24002.75731848  .00160324  00000-0  15909-2 0  9992 | 2 46814  97.3405  77.5672 0004100 221.0257 139.0695 15.65259619177132 | 2024/01/02-18:10:32  296.8573    0.1260  139.1003   91.9975     6750.6292     6747.8614     6753.3970  20.956865  95.057786   0.000196  -0.000360
1 46814U 20077B   24004.16357055  .00167350  00000-0  16296-2 0  9999 | 2 46814  97.3398  79.0321 0003757 215.3635 144.7376 15.65714386177354 | 2024/01/04-03:55:32   83.0233    0.1259  144.7624   91.9708     6749.3220     6746.7863     6751.8577  18.519774  95.561784   0.000155  -0.000342
1 46814U 20077B   24005.18603606  .00156599  00000-0  15062-2 0  9991 | 2 46814  97.3403  80.0981 0003761 213.0364 147.0661 15.66058562177513 | 2024/01/05-04:27:53   91.0513    0.1259  147.0895   91.9506     6748.3331     6745.7950     6750.8711  16.738810  95.890282   0.000148  -0.000346
1 46814U 20077B   24006.71931954  .00157758  00000-0  14869-2 0  9993 | 2 46814  97.3397  81.6989 0003707 208.6842 151.4215 15.66562810177757 | 2024/01/06-17:15:49  282.9406    0.1260  151.4418   91.9210     6746.8849     6744.3838     6749.3859  14.053439  96.319874   0.000129  -0.000347
1 46814U 20077B   24007.74123184  .00179068  00000-0  16596-2 0  9992 | 2 46814  97.3401  82.7657 0003658 205.1508 154.9575 15.66916566177919 | 2024/01/07-17:47:22  290.7669    0.1260  154.9752   91.9002     6745.8694     6743.4017     6748.3370  12.257760  96.565223   0.000113  -0.000348
1 46814U 20077B   24008.76290554  .00188907  00000-0  17227-2 0  9995 | 2 46814  97.3402  83.8329 0003564 203.8391 156.2705 15.67288948178074 | 2024/01/08-18:18:35  298.5079    0.1260  156.2869   91.8784     6744.8008     6742.3969     6747.2046  10.457110  96.776874   0.000108  -0.000340
1 46814U 20077B   24010.16729109  .00201747  00000-0  17955-2 0  9991 | 2 46814  97.3392  85.3011 0003477 196.3843 163.7306 15.67853930178291 | 2024/01/10-04:00:53   83.9974    0.1261  163.7418   91.8453     6743.1804     6740.8357     6745.5250   7.973966  97.012039   0.000070  -0.000340
1 46814U 20077B   24011.18832016  .00252636  00000-0  21898-2 0  9990 | 2 46814  97.3390  86.3694 0003157 195.0492 165.0676 15.68352405178453 | 2024/01/11-04:31:10   91.5041    0.1261  165.0769   91.8161     6741.7515     6739.6231     6743.8798   6.163849  97.143646   0.000063  -0.000309
1 46814U 20077B   24012.91053647  .00264612  00000-0  22097-2 0  9996 | 2 46814  97.3372  88.1716 0003114 190.9599 169.1596 15.69231146178728 | 2024/01/12-21:51:10  351.3945    0.1262  169.1663   91.7647     6739.2344     6737.1358     6741.3330   3.105659  97.287643   0.000049  -0.000307
1 46814U 20077B   24014.18563601  .00277962  00000-0  22552-2 0  9991 | 2 46814  97.3368  89.5077 0002710 188.2215 171.9003 15.69895375178920 | 2024/01/14-04:27:18   90.3488    0.1262  171.9047   91.7259     6737.3333     6735.5075     6739.1591   0.836332  97.333207   0.000036  -0.000269
1 46814U 20077B   24015.65126401  .00317249  00000-0  24677-2 0  9990 | 2 46814  97.3359  91.0454 0002261 189.5278 170.5942 15.70801099179156 | 2024/01/15-15:37:49  257.8815    0.1262  170.5984   91.6730     6734.7433     6733.2205     6736.2660  -1.775860  97.319699   0.000041  -0.000222
1 46814U 20077B   24016.73401654  .00304741  00000-0  23108-2 0  9997 | 2 46814  97.3349  92.1823 0002278 183.6349 176.4898 15.71450163179326 | 2024/01/16-17:36:59  287.6001    0.1263  176.4914   91.6351     6732.8887     6731.3549     6734.4224  -3.706427  97.264306   0.000023  -0.000227
1 46814U 20077B   24017.75266090  .00317637  00000-0  23422-2 0  9990 | 2 46814  97.3354  93.2532 0001988 182.2128 177.9127 15.72081513179486 | 2024/01/17-18:03:49  294.2444    0.1263  177.9135   91.5983     6731.0859     6729.7478     6732.4241  -5.523643  97.178544   0.000019  -0.000198
1 46814U 20077B   24018.77090478  .00328345  00000-0  23564-2 0  9993 | 2 46814  97.3350  94.3251 0001605 176.2818 183.8458 15.72695540179649 | 2024/01/18-18:30:06  300.7418    0.1264  183.8446   91.5625     6729.3338     6728.2537     6730.4139  -7.340574  97.057809   0.000002  -0.000160
1 46814U 20077B   24020.17031904  .00325830  00000-0  22513-2 0  9998 | 2 46814  97.3349  95.7988 0001300 163.4044 196.7263 15.73598777179866 | 2024/01/20-04:05:15   84.4334    0.1264  196.7220   91.5100     6726.7585     6725.8840     6727.6330  -9.834276  96.836820  -0.000024  -0.000128
1 46814U 20077B   24021.18755893  .00340325  00000-0  22796-2 0  9999 | 2 46814  97.3352  96.8716 0001236 166.2663 193.8635 15.74285641180022 | 2024/01/21-04:30:05   90.5705    0.1264  193.8601   91.4701     6724.8017     6723.9706     6725.6329 -11.645645  96.636019  -0.000015  -0.000123
1 46814U 20077B   24022.20435296  .00324872  00000-0  21172-2 0  9991 | 2 46814  97.3350  97.9458 0001067 162.0435 198.0867 15.74968210180189 | 2024/01/22-04:54:16   96.5440    0.1264  198.0829   91.4304     6722.8586     6722.1413     6723.5760 -13.455228  96.400514  -0.000019  -0.000105
1 46814U 20077B   24023.66521329  .00368654  00000-0  22855-2 0  9990 | 2 46814  97.3334  99.4890 0000674 147.4696 212.6611 15.76001007180417 | 2024/01/23-15:57:54  262.3499    0.1265  212.6569   91.3705     6719.9212     6719.4683     6720.3741 -16.046214  96.001613  -0.000026  -0.000062
1 46814U 20077B   24024.74433283  .00392489  00000-0  23407-2 0  9998 | 2 46814  97.3319 100.6302 0000270 116.2333 243.8961 15.76824034180582 | 2024/01/24-17:51:50  290.7567    0.1266  243.8933   91.3228     6717.5827     6717.4013     6717.7641 -17.954759  95.661515  -0.000022  -0.000016
1 46814U 20077B   24025.75948700  .00383098  00000-0  22174-2 0  9991 | 2 46814  97.3322 101.7050 0000076  70.5377 289.5898 15.77529620180740 | 2024/01/25-18:13:39  296.1399    0.1267  289.5890   91.2820     6715.5795     6715.5284     6715.6305 -19.746051  95.308188  -0.000008   0.000001
1 46814U 20077B   24026.77417082  .00388841  00000-0  21758-2 0  9996 | 2 46814  97.3318 102.7801 0000206 352.6784   7.4479 15.78279158180900 | 2024/01/26-18:34:48  301.3523    0.1266    7.4482   91.2386     6713.4531     6713.3148     6713.5914 -21.530748  94.920526  -0.000002   0.000021
1 46814U 20077B   24028.16854844  .00429641  00000-0  22783-2 0  9995 | 2 46814  97.3300 104.2610 0000467 330.7047  29.4194 15.79376118181122 | 2024/01/28-04:02:42   83.2239    0.1267   29.4220   91.1752     6710.3442     6710.0308     6710.6576 -23.976211  94.330643   0.000012   0.000045
1 46814U 20077B   24029.18203889  .00444301  00000-0  22668-2 0  9997 | 2 46814  97.3296 105.3380 0000770 335.3881  24.7349 15.80196144181284 | 2024/01/29-04:22:08   88.0035    0.1267   24.7386   91.1279     6708.0225     6707.5060     6708.5390 -25.744916  93.862934   0.000012   0.000076
1 46814U 20077B   24030.19498715  .00429782  00000-0  21150-2 0  9995 | 2 46814  97.3298 106.4159 0001214 330.2563  29.8636 15.81029789181441 | 2024/01/30-04:40:46   92.5885    0.1268   29.8705   91.0799     6705.6643     6704.8502     6706.4783 -27.506147  93.362208   0.000028   0.000118
1 46814U 20077B   24031.20739926  .00423425  00000-0  20060-2 0  9997 | 2 46814  97.3291 107.4943 0001330 327.6643  32.4544 15.81876594181604 | 2024/01/31-04:58:39   96.9775    0.1269   32.4626   91.0311     6703.2710     6702.3794     6704.1625 -29.258190  92.827324   0.000034   0.000129
1 46814U 20077B   24032.91461028  .00456070  00000-0  20130-2 0  9991 | 2 46814  97.3252 109.3138 0001406 320.9909  39.1258 15.83323461181870 | 2024/02/01-21:57:02  351.4387    0.1269   39.1360   90.9479     6699.1866     6698.2447     6700.1285 -32.189502  91.847866   0.000047   0.000132
1 46814U 20077B   24034.17815224  .00478555  00000-0  19930-2 0  9990 | 2 46814  97.3255 110.6661 0001887 320.1191  39.9941 15.84507273182073 | 2024/02/03-04:16:32   86.2104    0.1271   40.0080   90.8800     6695.8495     6694.5860     6697.1130 -34.348243  91.062897   0.000062   0.000178
1 46814U 20077B   24035.18829907  .00538886  00000-0  21247-2 0  9993 | 2 46814  97.3258 111.7472 0002272 320.0521  40.0582 15.85515497182233 | 2024/02/04-04:31:09   89.7807    0.1271   40.0750   90.8222     6693.0106     6691.4900     6694.5313 -36.060381  90.398895   0.000071   0.000216
1 46814U 20077B   24036.19776421  .00619803  00000-0  22930-2 0  9996 | 2 46814  97.3262 112.8299 0002720 316.9931  43.1127 15.86651033182398 | 2024/02/05-04:44:46   93.1049    0.1271   43.1340   90.7572     6689.8169     6687.9972     6691.6365 -37.762236  89.701743   0.000094   0.000255
1 46814U 20077B   24038.15133002  .00709081  19924-3  24789-2 0  9996 | 2 46814  97.3249 114.9304 0003474 309.2672  50.8292 15.89285166182703 | 2024/02/07-03:37:54   76.2230    0.1273   50.8601   90.6068     6682.4229     6680.1014     6684.7443 -41.024101  88.256214   0.000151   0.000313
1 46814U 20077B   24039.72418224  .00861713  31374-3  26514-2 0  9994 | 2 46814  97.3220 116.6283 0003923 310.3462  49.7469 15.91833943182951 | 2024/02/08-17:22:49  282.3055    0.1274   49.7812   90.4617     6675.2879     6672.6692     6677.9066 -43.619787  86.999344   0.000153   0.000361
1 46814U 20077B   24040.72944056  .00918163  36987-3  25777-2 0  9990 | 2 46814  97.3197 117.7152 0004299 311.4014  48.6891 15.93613545183115 | 2024/02/09-17:30:23  284.1050    0.1275   48.7261   90.3607     6670.3174     6667.4498     6673.1850 -45.261146  86.154238   0.000153   0.000402
1 46814U 20077B   24041.73350930  .01053691  51851-3  26626-2 0  9992 | 2 46814  97.3181 118.8040 0004566 310.5544  49.5334 15.95637482183278 | 2024/02/10-17:36:15  285.4733    0.1276   49.5732   90.2461     6664.6757     6661.6326     6667.7188 -46.889306  85.277228   0.000161   0.000427
1 46814U 20077B   24042.73618987  .01304465  88368-3  29038-2 0  9993 | 2 46814  97.3163 119.8950 0005038 308.1919  51.8904 15.98062788183434 | 2024/02/11-17:40:06  286.3411    0.1277   51.9358   90.1091     6657.9309     6654.5766     6661.2851 -48.503620  84.367417   0.000188   0.000467
1 46814U 20077B   24043.73719074  .01492373  12911-2  28389-2 0  9997 | 2 46814  97.3139 120.9874 0005375 305.7540  54.3239 16.00969608183599 | 2024/02/12-17:41:33  286.6001    0.1280   54.3740   89.9455     6649.8694     6646.2951     6653.4437 -50.102019  83.425313   0.000212   0.000494
1 46814U 20077B   24045.17256698  .02032359  33212-2  29237-2 0  9990 | 2 46814  97.3106 122.5635 0006021 302.9109  57.1593 16.06237308183826 | 2024/02/14-04:08:29   83.1819    0.1282   57.2173   89.6505     6635.3225     6631.3274     6639.3176 -52.375873  82.012931   0.000250   0.000548
1 46814U 20077B   24046.72631385  .02649242  15473-1  27489-2 0  9992 | 2 46814  97.3059 124.2853 0007134 301.0194  59.0391 16.14554907184075 | 2024/02/15-17:25:53  282.3521    0.1286   59.1092   89.1887     6612.5144     6607.7970     6617.2317 -54.813784  80.398304   0.000298   0.000648
1 46814U 20077B   24047.83877247  .05926950  23839-5  21053-2 0  9991 | 2 46814  97.2996 125.5336 0008775 295.3378  64.7005 16.24981578184259 | 2024/02/16-20:07:49  322.7056    0.1293   64.7915   88.6164     6584.1980     6578.4203     6589.9756 -56.548609  79.179966   0.000427   0.000767
