# SPACE DATA - HISTORICAL TLEs
# ----------------------------
# NORAD_ID    : 55032
# OBJECT_NAME : FLOCK 4Y 7
# --------------------------------------------------------------------+-----------------------------------------------------------------------+----------------------------------------------------------------------------------------------------------------------------------------
#                  LINE 1                                             |                 LINE 2                                                |      DERIVED PARAMETERS
# --------------------------------------------------------------------+-----------------------------------------------------------------------+----------------------------------------------------------------------------------------------------------------------------------------
# NORAD  COSPAR     TLE_EPOCH      MEANMOT1 MEANMOT2   BSTAR  #  REV  |   NORAD    INC     RAAN     ECC    ARGPER  MEANANOM   MEANMOT     REV |  CAL_DATE              LONG     ARGLAT     PERIOD        SMA         PERIGEE        APOGEE      INC_X      INC_Y      ECC_X      ECC_Y
# ------ ------   -------------- ----------  -------  ------- -- ----     -----  ------- -------- ------- -------- -------- -----------  ----   ------------------- ---------  --------  --------  ------------  ------------   ----------- ---------- ----------  ---------  ---------   
1 55066U 23001BK  23018.74066061  .00011965  00000-0  67290-3 0  9991 | 2 55066  97.5051  80.6271 0015255 167.0703 193.0922 15.13323133  2448 | 2023/01/18-17:46:33  303.7259    0.1230  193.0527   95.1548     6904.2111     6893.6787     6914.7435  15.879613  96.203339  -0.000579  -0.001411
1 55066U 23001BK  23019.79860134  .00012246  00000-0  68810-3 0  9992 | 2 55066  97.5046  81.6687 0015307 163.7870 196.3854 15.13346658  2605 | 2023/01/19-19:09:59  324.5758    0.1230  196.3360   95.1533     6904.1395     6893.5714     6914.7077  14.128099  96.475613  -0.000636  -0.001392
1 55066U 23001BK  23020.92264595  .00012189  00000-0  68446-3 0  9999 | 2 55066  97.5043  82.7751 0015371 160.2202 199.9628 15.13370709  2778 | 2023/01/20-22:08:36    9.2228    0.1230  199.9028   95.1518     6904.0664     6893.4541     6914.6786  12.262568  96.730129  -0.000698  -0.001370
1 55066U 23001BK  23022.17890731  .00012496  00000-0  70093-3 0  9997 | 2 55066  97.5039  84.0116 0015435 155.9294 204.2662 15.13401971  2961 | 2023/01/22-04:17:37  101.4660    0.1230  204.1936   95.1499     6903.9713     6893.3150     6914.6276  10.172300  96.971825  -0.000773  -0.001336
1 55066U 23001BK  23023.23679216  .00010944  00000-0  61407-3 0  9993 | 2 55066  97.5035  85.0530 0015545 152.1836 208.0230 15.13425668  3122 | 2023/01/23-05:40:58  122.2948    0.1231  207.9395   95.1484     6903.8992     6893.1671     6914.6314   8.408136  97.140289  -0.000841  -0.001307
1 55066U 23001BK  23024.49300972  .00009918  00000-0  55648-3 0  9991 | 2 55066  97.5030  86.2897 0015675 147.8696 212.3494 15.13451144  3314 | 2023/01/24-11:49:56  214.5222    0.1230  212.2534   95.1468     6903.8218     6893.0000     6914.6435   6.309585  97.298634  -0.000918  -0.001271
1 55066U 23001BK  23025.55086179  .00008629  00000-0  48444-3 0  9993 | 2 55066  97.5028  87.3310 0015720 144.3458 215.8826 15.13469584  3473 | 2023/01/25-13:13:14  235.3410    0.1230  215.7772   95.1456     6903.7657     6892.9130     6914.6184   4.540315  97.397031  -0.000975  -0.001233
1 55066U 23001BK  23026.60870069  .00008850  00000-0  49649-3 0  9993 | 2 55066  97.5025  88.3725 0015785 141.1573 219.0796 15.13488449  3636 | 2023/01/26-14:36:31  256.1556    0.1230  218.9657   95.1444     6903.7083     6892.8108     6914.6058   2.769209  97.463167  -0.001025  -0.001201
1 55066U 23001BK  23027.86486951  .00007891  00000-0  44291-3 0  9997 | 2 55066  97.5024  89.6092 0015789 137.3207 222.9254 15.13506721  3828 | 2023/01/27-20:45:24  348.3686    0.1231  222.8024   95.1433     6903.6528     6892.7526     6914.5529   0.665034  97.500132  -0.001078  -0.001153
1 55066U 23001BK  23029.58381216  .00006861  00000-0  38533-3 0  9994 | 2 55066  97.5026  91.3018 0015894 131.8731 228.3860 15.13531070  4083 | 2023/01/29-14:00:41  247.1767    0.1231  228.2500   95.1418     6903.5787     6892.6062     6914.5513  -2.215136  97.477434  -0.001159  -0.001088
1 55066U 23001BK  23030.64160982  .00005886  00000-0  33100-3 0  9999 | 2 55066  97.5028  92.3435 0015976 128.3753 231.8916 15.13543728  4247 | 2023/01/30-15:23:55  267.9769    0.1230  231.7477   95.1410     6903.5402     6892.5111     6914.5693  -3.986927  97.421252  -0.001211  -0.001042
1 55066U 23001BK  23031.76550924  .00006122  00000-0  34399-3 0  9997 | 2 55066  97.5029  93.4500 0016068 124.6919 235.5829 15.13558879  4415 | 2023/01/31-18:22:19  312.5741    0.1231  235.4312   95.1400     6903.4942     6892.4016     6914.5867  -5.867479  97.326195  -0.001264  -0.000992
1 55066U 23001BK  23033.15384018  .00005883  00000-0  33053-3 0  9990 | 2 55066  97.5026  94.8170 0016148 120.2732 240.0099 15.13576690  4628 | 2023/02/02-03:41:31   92.3663    0.1230  239.8498   95.1389     6903.4400     6892.2923     6914.5877  -8.187635  97.158220  -0.001321  -0.000928
1 55066U 23001BK  23034.34382409  .00006091  00000-0  34192-3 0  9991 | 2 55066  97.5021  95.9886 0016164 116.5499 243.7392 15.13592908  4801 | 2023/02/03-08:15:06  160.7558    0.1231  243.5732   95.1379     6903.3907     6892.2320     6914.5493 -10.172451  96.969999  -0.001363  -0.000869
1 55066U 23001BK  23035.59990459  .00007006  00000-0  39248-3 0  9993 | 2 55066  97.5016  97.2253 0016135 112.6747 247.6193 15.13611369  4994 | 2023/02/04-14:23:51  252.9413    0.1232  247.4485   95.1367     6903.3345     6892.1960     6914.4731 -12.262904  96.727365  -0.001399  -0.000804
1 55066U 23001BK  23036.72375379  .00007195  00000-0  40278-3 0  9991 | 2 55066  97.5011  98.3315 0016119 109.1963 251.1014 15.13627187  5160 | 2023/02/05-17:22:12  297.5248    0.1231  250.9268   95.1357     6903.2865     6892.1590     6914.4139 -14.127929  96.472100  -0.001429  -0.000745
1 55066U 23001BK  23037.91369594  .00009871  00000-0  55064-3 0  9997 | 2 55066  97.5008  99.5028 0016167 105.4161 254.8858 15.13650842  5342 | 2023/02/06-21:55:43    5.9013    0.1231  254.7070   95.1342     6903.2145     6892.0541     6914.3750 -16.096973  96.162849  -0.001466  -0.000681
1 55066U 23001BK  23039.63246123  .00012903  00000-0  71744-3 0  9993 | 2 55066  97.5004 101.1949 0016251 100.1037 260.2028 15.13696580  5606 | 2023/02/08-15:10:44  264.6542    0.1231  260.0194   95.1314     6903.0755     6891.8573     6914.2937 -18.929413  95.645205  -0.001514  -0.000590
1 55066U 23001BK  23040.75624042  .00013806  00000-0  76660-3 0  9993 | 2 55066  97.5000 102.3013 0016292  96.5114 263.7973 15.13728490  5777 | 2023/02/09-18:08:59  309.2138    0.1231  263.6117   95.1293     6902.9785     6891.7321     6914.2248 -20.772624  95.261472  -0.001542  -0.000525
1 55066U 23001BK  23041.87999621  .00014171  00000-0  78606-3 0  9993 | 2 55066  97.4996 103.4078 0016277  93.0101 267.2993 15.13760147  5949 | 2023/02/10-21:07:11  353.7663    0.1231  267.1130   95.1274     6902.8822     6891.6464     6914.1180 -22.608240  94.842182  -0.001561  -0.000460
1 55066U 23001BK  23043.13592870  .00013863  00000-0  76833-3 0  9996 | 2 55066  97.4993 104.6443 0016090  88.8384 271.4691 15.13797193  6138 | 2023/02/12-03:15:44   85.9053    0.1232  271.2848   95.1250     6902.7696     6891.6630     6913.8762 -24.649529  94.331936  -0.001565  -0.000375
1 55066U 23001BK  23044.39183168  .00014149  00000-0  78334-3 0  9997 | 2 55066  97.4994 105.8812 0016009  85.0658 275.2401 15.13832280  6324 | 2023/02/13-09:24:14  178.0330    0.1232  275.0574   95.1228     6902.6629     6891.6125     6913.7134 -26.680090  93.777960  -0.001572  -0.000304
1 55066U 23001BK  23045.44941232  .00014404  00000-0  79675-3 0  9991 | 2 55066  97.4997 106.9227 0015995  81.6935 278.6109 15.13861435  6485 | 2023/02/14-10:47:09  198.7644    0.1231  278.4296   95.1210     6902.5743     6891.5336     6913.6150 -28.380335  93.277801  -0.001581  -0.000240
1 55066U 23001BK  23046.57306934  .00016621  00000-0  91765-3 0  9997 | 2 55066  97.5001 108.0296 0015999  78.0391 282.2633 15.13895219  6650 | 2023/02/15-13:45:13  243.2836    0.1232  282.0841   95.1189     6902.4716     6891.4284     6913.5149 -30.177089  92.712528  -0.001591  -0.000169
1 55066U 23001BK  23047.63060450  .00016348  00000-0  90179-3 0  9999 | 2 55066  97.5002 109.0713 0016070  74.9556 285.3453 15.13929204  6819 | 2023/02/16-15:08:04  263.9984    0.1232  285.1676   95.1167     6902.3683     6891.2762     6913.4604 -31.857656  92.148677  -0.001603  -0.000113
1 55066U 23001BK  23048.88639781  .00010118  00000-0  55953-3 0  9996 | 2 55066  97.4995 110.3077 0016026  71.0272 289.2695 15.13959719  7008 | 2023/02/17-21:16:24  356.0895    0.1232  289.0960   95.1148     6902.2756     6891.2140     6913.3372 -33.838341  91.439155  -0.001602  -0.000037
1 55066U 23001BK  23051.13354201  .00020296  00000-0  11150-2 0  9997 | 2 55066  97.4982 112.5204 0015789  63.5512 296.7337 15.14032539  7344 | 2023/02/20-03:12:18   85.0754    0.1232  296.5720   95.1102     6902.0543     6891.1566     6912.9519 -37.343015  90.063301  -0.001575   0.000108
1 55066U 23001BK  23052.65357499  .00030984  00000-0  16933-2 0  9996 | 2 55066  97.4967 114.0173 0015579  59.0334 301.2426 15.14130318  7578 | 2023/02/21-15:41:08  272.2975    0.1232  301.0898   95.1041     6901.7571     6891.0049     6912.5094 -39.682372  89.055690  -0.001546   0.000188
1 55066U 23001BK  23054.10743000  .00029325  00000-0  15992-2 0  9996 | 2 55066  97.4970 115.4491 0015586  54.1797 306.0880 15.14219657  7792 | 2023/02/23-02:34:41   75.6948    0.1232  305.9435   95.0985     6901.4856     6890.7290     6912.2423 -41.895348  88.036611  -0.001533   0.000281
1 55066U 23001BK  23055.16472501  .00033408  00000-0  18168-2 0  9993 | 2 55066  97.4969 116.4906 0015525  50.7946 309.4662 15.14289596  7955 | 2023/02/24-03:57:12   96.3285    0.1233  309.3287   95.0941     6901.2731     6890.5589     6911.9874 -43.488588  87.260462  -0.001514   0.000342
1 55066U 23001BK  23056.88274021  .00029277  00000-0  15897-2 0  9995 | 2 55066  97.4965 118.1834 0015365  45.3988 314.8494 15.14377059  8213 | 2023/02/25-21:11:08  354.8272    0.1232  314.7244   95.0886     6901.0074     6890.4040     6911.6108 -46.047149  85.937347  -0.001474   0.000434
1 55066U 23001BK  23058.40242541  .00046873  00000-0  25290-2 0  9996 | 2 55066  97.4963 119.6804 0015156  39.8688 320.3654 15.14491422  8443 | 2023/02/27-09:39:29  181.9287    0.1233  320.2545   95.0814     6900.6600     6890.2014     6911.1186 -48.276414  84.704878  -0.001420   0.000530
1 55066U 23001BK  23059.72377029  .00037258  00000-0  20060-2 0  9999 | 2 55066  97.4964 120.9826 0015059  35.1144 325.1077 15.14626328  8640 | 2023/02/28-17:22:13  297.6252    0.1232  325.0088   95.0730     6900.2502     6889.8591     6910.6413 -50.188976  83.585972  -0.001377   0.000610
1 55066U 23001BK  23062.10201633  .00036125  00000-0  19391-2 0  9999 | 2 55066  97.4935 123.3226 0014726  30.2837 329.9243 15.14745917  9008 | 2023/03/03-02:26:54   73.8119    0.1233  329.8396   95.0654     6899.8870     6889.7263     6910.0478 -53.558294  81.464666  -0.001319   0.000655
1 55066U 23001BK  23063.15895848  .00017750  00000-0  95607-3 0  9990 | 2 55066  97.4964 124.3684 0014768  24.1766 336.0156 15.14778142  9163 | 2023/03/04-03:48:54   94.3229    0.1233  335.9467   95.0634     6899.7892     6889.5996     6909.9788 -55.037873  80.475963  -0.001260   0.000771
1 55066U 23001BK  23064.74432892  .00014590  00000-0  78588-3 0  9990 | 2 55066  97.4956 125.9309 0014562  18.6640 341.5123 15.14823406  9402 | 2023/03/05-17:51:50  305.0723    0.1233  341.4593   95.0606     6899.6517     6889.6045     6909.6990 -57.211308  78.944653  -0.001187   0.000844
1 55066U 23001BK  23066.13145844  .00032164  00000-0  17192-2 0  9993 | 2 55066  97.4936 127.2978 0014392  13.9433 346.2194 15.14928106  9612 | 2023/03/07-03:09:18   84.4528    0.1233  346.1800   95.0540     6899.3338     6889.4043     6909.2634 -59.077013  77.555842  -0.001122   0.000901
1 55066U 23001BK  23067.38641367  .00021667  00000-0  11593-2 0  9997 | 2 55066  97.4929 128.5351 0014124   9.3439 350.8053 15.14980876  9809 | 2023/03/08-09:16:26  176.2498    0.1233  350.7794   95.0507     6899.1736     6889.4292     6908.9180 -60.737487  76.261545  -0.001048   0.000947
1 55066U 23001BK  23068.90552466  .00020888  00000-0  11162-2 0  9993 | 2 55066  97.4941 130.0328 0014136   4.2884 355.8467 15.15033319 10039 | 2023/03/09-21:43:57    3.1435    0.1233  355.8349   95.0474     6899.0144     6889.2620     6908.7669 -62.710744  74.648926  -0.000988   0.001011
1 55066U 23001BK  23070.16037082  .00048221  00000-0  25544-2 0  9996 | 2 55066  97.4929 131.2689 0014076 359.8887   0.2339 15.15149093 10220 | 2023/03/11-03:50:56   94.9013    0.1233    0.2346   95.0402     6898.6630     6888.9524     6908.3735 -64.305711  73.277835  -0.000926   0.001060
1 55066U 23001BK  23071.61327412  .00034684  00000-0  18385-2 0  9999 | 2 55066  97.4922 132.7015 0013841 354.7371   5.3714 15.15213327 10442 | 2023/03/12-14:43:06  257.9601    0.1234    5.3863   95.0361     6898.4680     6888.9198     6908.0162 -66.117154  71.646710  -0.000841   0.001099
1 55066U 23001BK  23073.13211540  .00029804  00000-0  15766-2 0  9990 | 2 55066  97.4923 134.1991 0013933 348.9255  11.1669 15.15318400 10677 | 2023/03/14-03:10:14   84.7585    0.1234   11.1979   95.0295     6898.1491     6888.5379     6907.7603 -67.967131  69.894332  -0.000761   0.001167
1 55066U 23001BK  23074.38672285  .00047097  00000-0  24756-2 0  9998 | 2 55066  97.4924 135.4373 0013701 343.7698  16.3094 15.15435157 10862 | 2023/03/15-09:16:52  176.4288    0.1234   16.3536   95.0222     6897.7948     6888.3441     6907.2454 -69.461678  68.409381  -0.000669   0.001196
1 55066U 23001BK  23075.64123316  .00035974  00000-0  18889-2 0  9995 | 2 55066  97.4930 136.6751 0013467 339.5513  20.5178 15.15544460 11050 | 2023/03/16-15:23:22  268.0613    0.1233   20.5720   95.0154     6897.4631     6888.1743     6906.7519 -70.923685  66.893318  -0.000595   0.001208
1 55066U 23001BK  23077.88597613  .00026047  00000-0  13656-2 0  9996 | 2 55066  97.4929 138.8901 0013202 331.3505  28.7000 15.15672711 11399 | 2023/03/18-21:15:48  356.1849    0.1233   28.7728   95.0073     6897.0740     6887.9685     6906.1795 -73.456005  64.102112  -0.000457   0.001239
1 55066U 23001BK  23079.14032357  .00018201  00000-0  95528-3 0  9998 | 2 55066  97.4920 140.1274 0013172 326.2023  33.8369 15.15711235 11584 | 2023/03/20-03:22:03   87.7603    0.1234   33.9211   95.0049     6896.9572     6887.8725     6906.0418 -74.822363  62.500433  -0.000370   0.001264
1 55066U 23001BK  23080.39462145  .00025697  00000-0  13430-2 0  9997 | 2 55066  97.4917 141.3648 0013160 321.4885  38.5408 15.15788773 11776 | 2023/03/21-09:28:15  179.3163    0.1234   38.6349   95.0000     6896.7220     6887.6459     6905.7980 -76.154378  60.869880  -0.000293   0.001283
1 55066U 23001BK  23081.71485828  .00036815  00000-0  19142-2 0  9997 | 2 55066  97.4909 142.6675 0013099 316.4833  43.5365 15.15889447 11979 | 2023/03/22-17:09:23  294.6097    0.1233   43.6400   94.9937     6896.4166     6887.3830     6905.4502 -77.517902  59.122335  -0.000208   0.001293
1 55066U 23001BK  23082.90301141  .00035086  00000-0  18219-2 0  9997 | 2 55066  97.4899 143.8401 0012934 312.0032  48.0099 15.15950054 12155 | 2023/03/23-21:40:20    2.3500    0.1234   48.1202   94.9899     6896.2328     6887.3132     6905.1524 -78.710758  57.523014  -0.000132   0.001287
1 55066U 23001BK  23084.15713295  .00016859  00000-0  87849-3 0  9996 | 2 55066  97.4902 145.0777 0012758 307.4702  52.5369 15.15988081 12348 | 2023/03/25-03:46:16   93.8383    0.1233   52.6531   94.9876     6896.1175     6887.3194     6904.9155 -79.935055  55.809731  -0.000057   0.001275
1 55066U 23001BK  23085.41122439  .00011604  00000-0  60568-3 0  9992 | 2 55066  97.4898 146.3154 0012768 302.2496  57.7498 15.16016909 12532 | 2023/03/26-09:52:09  185.3173    0.1232   57.8736   94.9857     6896.0300     6887.2252     6904.8349 -81.121577  54.069870   0.000032   0.001276
1 55066U 23001BK  23086.66529420  .00010206  00000-0  53285-3 0  9996 | 2 55066  97.4895 147.5530 0012851 297.1225  62.8697 15.16041685 12723 | 2023/03/27-15:58:01  276.7881    0.1234   63.0009   94.9842     6895.9549     6887.0929     6904.8169 -82.270229  52.304991   0.000119   0.001280
1 55066U 23001BK  23088.11732571  .00039946  00000-0  20617-2 0  9995 | 2 55066  97.4894 148.9857 0012685 291.4723  68.5157 15.16135879 12941 | 2023/03/29-02:48:56   79.5221    0.1233   68.6510   94.9783     6895.6693     6886.9221     6904.4164 -83.552192  50.231608   0.000210   0.001251
1 55066U 23001BK  23089.70127918  .00033284  00000-0  17166-2 0  9998 | 2 55066  97.4896 150.5498 0012654 285.6579  74.3258 15.16205775 13180 | 2023/03/30-16:49:50  289.7468    0.1234   74.4655   94.9739     6895.4574     6886.7318     6904.1829 -84.892322  47.932408   0.000302   0.001229
1 55066U 23001BK  23091.15314957  .00024621  00000-0  12695-2 0  9998 | 2 55066  97.4896 151.9830 0012634 280.0773  79.9034 15.16281020 13403 | 2023/04/01-03:40:32   92.4210    0.1233   80.0460   94.9692     6895.2292     6886.5178     6903.9407 -86.064624  45.794133   0.000389   0.001202
1 55066U 23001BK  23092.60495222  .00021244  00000-0  10940-2 0  9993 | 2 55066  97.4891 153.4158 0012795 274.1951  85.7819 15.16354879 13621 | 2023/04/02-14:31:07  255.0718    0.1232   85.9281   94.9646     6895.0053     6886.1832     6903.8275 -87.182326  43.627591   0.000487   0.001183
1 55066U 23001BK  23094.12268382  .00025751  00000-0  13219-2 0  9996 | 2 55066  97.4889 154.9147 0012915 268.1718  91.8036 15.16424106 13855 | 2023/04/04-02:56:39   81.4538    0.1233   91.9515   94.9602     6894.7955     6885.8909     6903.7001 -88.293513  41.332084   0.000585   0.001152
1 55066U 23001BK  23095.24444071  .00020299  00000-0  10423-2 0  9997 | 2 55066  97.4887 156.0226 0012881 263.9403  96.0362 15.16465840 14029 | 2023/04/05-05:51:59  125.2830    0.1233   96.1830   94.9576     6894.6690     6885.7880     6903.5500 -89.075993  39.617094   0.000645   0.001115
1 55066U 23001BK  23096.56410364  .00017918  00000-0  91904-3 0  9999 | 2 55066  97.4883 157.3246 0012873 258.5156 101.4631 15.16530576 14228 | 2023/04/06-13:32:18  240.3581    0.1232  101.6076   94.9536     6894.4728     6885.5975     6903.3480 -89.952814  37.582706   0.000723   0.001065
1 55066U 23001BK  23098.34560058  .00009094  00000-0  46830-3 0  9997 | 2 55066  97.4875 159.0839 0012905 251.8826 108.1001 15.16560506 14492 | 2023/04/08-08:17:39  161.6897    0.1232  108.2406   94.9517     6894.3821     6885.4849     6903.2793 -91.063483  34.803086   0.000813   0.001002
1 55066U 23001BK  23099.59922093  .00010203  00000-0  52449-3 0  9993 | 2 55066  97.4868 160.3220 0013054 247.0910 112.8945 15.16588140 14684 | 2023/04/09-14:22:52  252.9877    0.1232  113.0322   94.9500     6894.2983     6885.2985     6903.2981 -91.793562  32.827094   0.000883   0.000961
1 55066U 23001BK  23101.11670273  .00016145  00000-0  82559-3 0  9991 | 2 55066  97.4867 161.8205 0013177 242.4303 117.5592 15.16656563 14914 | 2023/04/11-02:48:03   79.2744    0.1233  117.6930   94.9457     6894.0910     6885.0066     6903.1753 -92.620529  30.415364   0.000944   0.000919
1 55066U 23001BK  23103.16193442  .00020090  00000-0  10238-2 0  9994 | 2 55066  97.4865 163.8394 0013242 233.8986 126.1022 15.16729371 15224 | 2023/04/13-03:53:11   95.5435    0.1233  126.2247   94.9411     6893.8703     6884.7415     6902.9992 -93.634351  27.133484   0.001047   0.000810
1 55066U 23001BK  23105.14107808  .00028664  00000-0  14534-2 0  9993 | 2 55066  97.4863 165.7943 0013393 226.6342 133.3776 15.16828185 15528 | 2023/04/15-03:23:09   88.0200    0.1232  133.4890   94.9349     6893.5709     6884.3384     6902.8035 -94.505261  23.923511   0.001130   0.000718
1 55066U 23001BK  23106.72431154  .00020634  00000-0  10468-2 0  9993 | 2 55066  97.4871 167.3580 0013453 220.9347 139.0877 15.16878456 15768 | 2023/04/16-17:23:00  297.9703    0.1232  139.1885   94.9318     6893.4186     6884.1449     6902.6923 -95.123680  21.335887   0.001185   0.000638
1 55066U 23001BK  23109.16498199  .00015601  00000-0  79015-3 0  9998 | 2 55066  97.4871 169.7694 0013744 212.0829 147.9569 15.16994955 16131 | 2023/04/19-03:57:34   96.5885    0.1232  148.0403   94.9245     6893.0657     6883.5919     6902.5395 -95.937142  17.314717   0.001276   0.000512
1 55066U 23001BK  23111.14373770  .00029852  00000-0  14998-2 0  9997 | 2 55066  97.4851 171.7243 0013883 205.0939 154.9621 15.17135549 16437 | 2023/04/21-03:26:58   88.9198    0.1232  155.0293   94.9157     6892.6398     6883.0708     6902.2089 -96.469980  14.031666   0.001329   0.000402
1 55066U 23001BK  23116.41976462  .00015347  00000-0  76844-3 0  9992 | 2 55066  97.4845 176.9385 0014558 187.2752 172.8272 15.17389491 17235 | 2023/04/26-10:04:27  188.2292    0.1232  172.8480   94.8998     6891.8708     6881.8376     6901.9040 -97.345368   5.206436   0.001452   0.000107
1 55066U 23001BK  23118.13429896  .00026614  00000-0  13253-2 0  9990 | 2 55066  97.4835 178.6331 0015058 179.8325 180.2916 15.17456696 17491 | 2023/04/28-03:13:23   85.4352    0.1232  180.2907   94.8956     6891.6673     6881.2898     6902.0448 -97.455760   2.325434   0.001505  -0.000040
1 55066U 23001BK  23119.71688824  .00019651  00000-0  97951-3 0  9994 | 2 55066  97.4829 180.1943 0014427 177.3752 182.7559 15.17495167 17730 | 2023/04/29-17:12:19  295.1590    0.1232  182.7480   94.8932     6891.5508     6881.6084     6901.4933 -97.482339  -0.330581   0.001441  -0.000061
1 55066U 23001BK  23121.16755414  .00021632  00000-0  10759-2 0  9998 | 2 55066  97.4847 181.6294 0014780 171.7107 188.4373 15.17546089 17950 | 2023/05/01-04:01:16   97.3765    0.1232  188.4125   94.8900     6891.3967     6881.2112     6901.5821 -97.445283  -2.771935   0.001468  -0.000171
1 55066U 23001BK  23124.13467822  .00010323  00000-0  51465-3 0  9996 | 2 55066  97.4837 184.5623 0015149 161.7841 198.3939 15.17630498 18408 | 2023/05/04-03:13:56   85.5028    0.1233  198.3392   94.8848     6891.1411     6880.7017     6901.5805 -97.174816  -7.754150   0.001472  -0.000358
1 55066U 23001BK  23125.38742167  .00010162  00000-0  50638-3 0  9994 | 2 55066  97.4836 185.8010 0015153 157.7595 202.4299 15.17653118 18597 | 2023/05/05-09:17:53  176.4752    0.1233  202.3638   94.8833     6891.0727     6880.6306     6901.5147 -96.984381  -9.853024   0.001453  -0.000429
1 55066U 23001BK  23126.64014320  .00013851  00000-0  68797-3 0  9990 | 2 55066  97.4833 187.0395 0015225 153.5478 206.6536 15.17684841 18786 | 2023/05/06-15:21:48  267.4391    0.1233  206.5755   94.8814     6890.9766     6880.4851     6901.4681 -96.748461 -11.946927   0.001436  -0.000506
1 55066U 23001BK  23127.89284016  .00011904  00000-0  59145-3 0  9993 | 2 55066  97.4828 188.2780 0015374 149.2874 210.9263 15.17711243 18971 | 2023/05/07-21:25:41  358.3940    0.1233  210.8359   94.8797     6890.8967     6880.3026     6901.4908 -96.467141 -14.035207   0.001421  -0.000587
1 55066U 23001BK  23129.14551357  .00012111  00000-0  60112-3 0  9995 | 2 55066  97.4824 189.5164 0015446 145.4347 214.7894 15.17739436 19168 | 2023/05/09-03:29:32   89.3423    0.1233  214.6886   94.8779     6890.8114     6880.1678     6901.4549 -96.140878 -16.116756   0.001399  -0.000654
1 55066U 23001BK  23130.39816429  .00012872  00000-0  63813-3 0  9993 | 2 55066  97.4821 190.7547 0015433 141.5979 218.6356 15.17767377 19350 | 2023/05/10-09:33:21  180.2835    0.1232  218.5253   94.8762     6890.7268     6880.0923     6901.3613 -95.769836 -18.190611   0.001367  -0.000716
1 55066U 23001BK  23131.71671709  .00011923  00000-0  59085-3 0  9992 | 2 55066  97.4824 192.0583 0015477 137.5040 222.7395 15.17798686 19558 | 2023/05/11-17:12:04  294.9486    0.1233  222.6193   94.8742     6890.6320     6879.9674     6901.2967 -95.331503 -20.364744   0.001334  -0.000784
1 55066U 23001BK  23133.16709300  .00011579  00000-0  57334-3 0  9994 | 2 55066  97.4828 193.4922 0015583 132.8118 227.4429 15.17833387 19778 | 2023/05/13-04:00:36   97.0683    0.1233  227.3115   94.8721     6890.5270     6879.7895     6901.2645 -94.792440 -22.744003   0.001296  -0.000865
1 55066U 23001BK  23134.22189228  .00010456  00000-0  51778-3 0  9992 | 2 55066  97.4827 194.5349 0015616 129.2130 231.0492 15.17855904 19931 | 2023/05/14-05:19:31  116.7855    0.1232  230.9102   94.8707     6890.4589     6879.6987     6901.2190 -94.362761 -24.465202   0.001259  -0.000923
1 55066U 23001BK  23135.47444725  .00008301  00000-0  41164-3 0  9990 | 2 55066  97.4828 195.7736 0015642 125.8349 234.4341 15.17877433 20122 | 2023/05/15-11:23:12  207.6944    0.1234  234.2885   94.8693     6890.3937     6879.6158     6901.1717 -93.811924 -26.499418   0.001226  -0.000971
1 55066U 23001BK  23136.59513855  .00008739  00000-0  43289-3 0  9990 | 2 55066  97.4827 196.8816 0015644 122.3344 237.9407 15.17898348 20298 | 2023/05/16-14:16:59  251.1338    0.1233  237.7889   94.8680     6890.3304     6879.5512     6901.1097 -93.281867 -28.308480   0.001185  -0.001022
1 55066U 23001BK  23137.71581630  .00007840  00000-0  38854-3 0  9995 | 2 55066  97.4826 197.9896 0015677 118.7140 241.5671 15.17915752 20468 | 2023/05/17-17:10:46  294.5684    0.1233  241.4093   94.8669     6890.2778     6879.4759     6901.0796 -92.716928 -30.106951   0.001141  -0.001075
1 55066U 23001BK  23138.77055946  .00007158  00000-0  35490-3 0  9993 | 2 55066  97.4825 199.0325 0015728 115.3980 244.8884 15.17931856 20622 | 2023/05/18-18:29:36  314.2673    0.1233  244.7253   94.8659     6890.2290     6879.3921     6901.0660 -92.153497 -31.789475   0.001101  -0.001123
1 55066U 23001BK  23139.89121169  .00007422  00000-0  36765-3 0  9998 | 2 55066  97.4821 200.1406 0015734 111.8724 248.4185 15.17949263 20799 | 2023/05/19-21:23:20  357.6941    0.1234  248.2510   94.8648     6890.1764     6879.3353     6901.0174 -91.521118 -33.565529   0.001053  -0.001169
1 55066U 23001BK  23141.47328059  .00009714  00000-0  47958-3 0  9994 | 2 55066  97.4815 201.7048 0015725 106.9794 253.3165 15.17983743 21035 | 2023/05/21-11:21:31  207.2291    0.1234  253.1440   94.8627     6890.0720     6879.2374     6900.9067 -90.570217 -36.051056   0.000983  -0.001227
1 55066U 23001BK  23143.12123167  .00010467  00000-0  51591-3 0  9996 | 2 55066  97.4811 203.3344 0015681 101.7942 258.5052 15.18018894 21283 | 2023/05/23-02:54:34   80.4826    0.1234  258.3292   94.8605     6889.9656     6879.1615     6900.7698 -89.507997 -38.611958   0.000902  -0.001282
1 55066U 23001BK  23144.17590242  .00009745  00000-0  48033-3 0  9998 | 2 55066  97.4811 204.3773 0015704  98.4686 261.8328 15.18038495 21443 | 2023/05/24-04:13:17  100.1587    0.1233  261.6547   94.8593     6889.9063     6879.0864     6900.7262 -88.790393 -40.234700   0.000852  -0.001319
1 55066U 23001BK  23145.75788462  .00008498  00000-0  41903-3 0  9999 | 2 55066  97.4811 205.9414 0015702  93.8182 266.4848 15.18064289 21684 | 2023/05/25-18:11:21  309.6659    0.1234  266.3052   94.8576     6889.8283     6879.0099     6900.6467 -87.659092 -42.643269   0.000779  -0.001363
1 55066U 23001BK  23147.14209827  .00006204  00000-0  30676-3 0  9995 | 2 55066  97.4810 207.3105 0015650  89.5815 270.7212 15.18081848 21899 | 2023/05/27-03:24:37   87.9784    0.1234  270.5419   94.8565     6889.7752     6878.9927     6900.5577 -86.615102 -44.725491   0.000708  -0.001396
1 55066U 23001BK  23148.39446781  .00007584  00000-0  37404-3 0  9993 | 2 55066  97.4813 208.5489 0015569  85.6042 274.6970 15.18100002 22088 | 2023/05/28-09:28:02  178.8289    0.1234  274.5192   94.8554     6889.7202     6878.9936     6900.4468 -85.628505 -46.587154   0.000637  -0.001421
1 55066U 23001BK  23149.71273429  .00007957  00000-0  39202-3 0  9999 | 2 55066  97.4816 209.8526 0015533  81.3158 278.9835 15.18120788 22281 | 2023/05/29-17:06:20  293.4024    0.1234  278.8076   94.8541     6889.6573     6878.9556     6900.3591 -84.546654 -48.523455   0.000561  -0.001448
1 55066U 23001BK  23150.89915779  .00007710  00000-0  37974-3 0  9992 | 2 55066  97.4818 211.0258 0015516  77.7455 282.5515 15.18139639 22461 | 2023/05/30-21:34:47    0.5133    0.1234  282.3779   94.8529     6889.6003     6878.9104     6900.2902 -83.535595 -50.244459   0.000499  -0.001469
1 55066U 23001BK  23152.41512134  .00007975  00000-0  39241-3 0  9992 | 2 55066  97.4815 212.5249 0015461  73.0247 287.2680 15.18164670 22694 | 2023/06/01-09:57:46  186.2596    0.1234  287.0987   94.8514     6889.5246     6878.8727     6900.1765 -82.192293 -52.412496   0.000414  -0.001490
1 55066U 23001BK  23153.73333252  .00007332  00000-0  36092-3 0  9998 | 2 55066  97.4814 213.8283 0015305  68.7477 291.5390 15.18182964 22892 | 2023/06/02-17:35:59  300.8175    0.1235  291.3758   94.8502     6889.4692     6878.9249     6900.0136 -80.978735 -54.268480   0.000333  -0.001494
1 55066U 23001BK  23155.11743842  .00007294  00000-0  35889-3 0  9992 | 2 55066  97.4810 215.1973 0015185  64.2390 296.0409 15.18200578 23108 | 2023/06/04-02:49:06   79.0977    0.1234  295.8844   94.8491     6889.4160     6878.9544     6899.8775 -79.658750 -56.187445   0.000249  -0.001498
1 55066U 23001BK  23156.69925081  .00007073  00000-0  34792-3 0  9990 | 2 55066  97.4807 216.7619 0015105  59.3745 300.8976 15.18223634 23346 | 2023/06/05-16:46:55  288.5525    0.1234  300.7489   94.8477     6889.3462     6878.9398     6899.7526 -78.094667 -58.341322   0.000161  -0.001502
1 55066U 23001BK  23157.75377793  .00007404  00000-0  36383-3 0  9995 | 2 55066  97.4801 217.8051 0015057  56.0224 304.2439 15.18240626 23504 | 2023/06/06-18:05:26  308.1842    0.1235  304.1011   94.8466     6889.2948     6878.9216     6899.6680 -77.019071 -59.753097   0.000101  -0.001502
1 55066U 23001BK  23159.13782952  .00006953  00000-0  34176-3 0  9992 | 2 55066  97.4801 219.1738 0014924  51.4060 308.8508 15.18259228 23718 | 2023/06/08-03:18:28   86.4478    0.1235  308.7175   94.8455     6889.2385     6878.9570     6899.5200 -75.569831 -61.575730   0.000015  -0.001492
1 55066U 23001BK  23160.65367459  .00007665  00000-0  37614-3 0  9993 | 2 55066  97.4803 220.6730 0014712  46.3908 313.8544 15.18281898 23947 | 2023/06/09-15:41:17  272.1585    0.1235  313.7327   94.8440     6889.1700     6879.0346     6899.3053 -73.933109 -63.531915  -0.000075  -0.001469
1 55066U 23001BK  23161.90587543  .00008158  00000-0  39989-3 0  9995 | 2 55066  97.4806 221.9117 0014593  42.3196 317.9161 15.18303226 24137 | 2023/06/10-21:44:27    2.9558    0.1235  317.8039   94.8427     6889.1054     6879.0522     6899.1587 -72.542641 -65.115533  -0.000147  -0.001452
1 55066U 23001BK  23163.42167625  .00007598  00000-0  37246-3 0  9990 | 2 55066  97.4808 223.4111 0014530  37.4712 322.7532 15.18326135 24365 | 2023/06/12-10:07:12  188.6501    0.1235  322.6523   94.8413     6889.0361     6879.0264     6899.0459 -70.814103 -66.991560  -0.000230  -0.001435
1 55066U 23001BK  23164.60793837  .00007076  00000-0  34695-3 0  9997 | 2 55066  97.4806 224.5842 0014400  33.3758 326.8380 15.18343960 24548 | 2023/06/13-14:35:25  255.7112    0.1234  326.7476   94.8402     6888.9822     6879.0621     6898.9024 -69.427598 -68.427158  -0.000300  -0.001408
1 55066U 23001BK  23166.12369966  .00006548  00000-0  32115-3 0  9996 | 2 55066  97.4809 226.0833 0014231  28.1190 332.0809 15.18363624 24771 | 2023/06/15-02:58:07   81.3940    0.1234  332.0044   94.8389     6888.9227     6879.1191     6898.7264 -67.613904 -70.220266  -0.000387  -0.001369
1 55066U 23001BK  23167.70533919  .00008956  00000-0  43756-3 0  9990 | 2 55066  97.4809 227.6478 0014092  22.9667 337.2194 15.18391846 25018 | 2023/06/16-16:55:41  290.7925    0.1235  337.1568   94.8372     6888.8374     6879.1296     6898.5451 -65.671526 -72.040104  -0.000468  -0.001329
1 55066U 23001BK  23168.89154917  .00006982  00000-0  34181-3 0  9997 | 2 55066  97.4806 228.8213 0013948  18.9693 341.2057 15.18410208 25194 | 2023/06/17-21:23:49  357.8349    0.1234  341.1541   94.8360     6888.7818     6879.1734     6898.3903 -64.182173 -73.369722  -0.000527  -0.001291
1 55066U 23001BK  23170.47314049  .00007490  00000-0  36617-3 0  9999 | 2 55066  97.4800 230.3861 0013747  13.3027 346.8567 15.18435220 25437 | 2023/06/19-11:21:19  207.2175    0.1235  346.8208   94.8345     6888.7062     6879.2363     6898.1761 -62.154310 -75.094554  -0.000609  -0.001232
1 55066U 23001BK  23171.72521565  .00008220  00000-0  40126-3 0  9993 | 2 55066  97.4796 231.6248 0013592   8.6086 351.5378 15.18455578 25626 | 2023/06/20-17:24:18  297.9729    0.1234  351.5148   94.8332     6888.6446     6879.2816     6898.0077 -60.516165 -76.420326  -0.000675  -0.001180
1 55066U 23001BK  23173.10906955  .00007810  00000-0  38121-3 0  9993 | 2 55066  97.4795 232.9939 0013484   3.8231 356.3103 15.18476769 25832 | 2023/06/22-02:37:03   76.1682    0.1234  356.3003   94.8319     6888.5805     6879.2920     6897.8691 -58.672916 -77.844344  -0.000738  -0.001129
1 55066U 23001BK  23174.42700557  .00008025  00000-0  39138-3 0  9997 | 2 55066  97.4795 234.2978 0013328 359.2782   0.8430 15.18499265 26039 | 2023/06/23-10:14:53  190.6325    0.1235    0.8453   94.8305     6888.5125     6879.3315     6897.6935 -56.886345 -79.159312  -0.000791  -0.001072
1 55066U 23001BK  23175.67902618  .00008905  00000-0  43363-3 0  9999 | 2 55066  97.4793 235.5363 0013187 354.7615   5.3479 15.18522835 26221 | 2023/06/24-16:17:47  281.3673    0.1235    5.3620   94.8290     6888.4412     6879.3574     6897.5250 -55.161976 -80.370208  -0.000842  -0.001015
1 55066U 23001BK  23177.12870979  .00009599  00000-0  46675-3 0  9994 | 2 55066  97.4793 236.9705 0013079 349.2894  10.8060 15.18551144 26440 | 2023/06/26-03:05:20   83.2620    0.1235   10.8341   94.8272     6888.3556     6879.3463     6897.3649 -53.133117 -81.725674  -0.000904  -0.000945
1 55066U 23001BK  23178.44658388  .00007994  00000-0  38915-3 0  9993 | 2 55066  97.4797 238.2742 0012929 344.2600  15.8230 15.18570852 26646 | 2023/06/27-10:43:04  197.7044    0.1235   15.8635   94.8260     6888.2960     6879.3901     6897.2019 -51.260160 -82.913738  -0.000953  -0.000874
1 55066U 23001BK  23179.69854612  .00007126  00000-0  34712-3 0  9997 | 2 55066  97.4800 239.5129 0012801 339.8607  20.2120 15.18591167 26831 | 2023/06/28-16:45:54  288.4164    0.1235   20.2628   94.8247     6888.2346     6879.4169     6897.0522 -49.455928 -84.002748  -0.000990  -0.000812
1 55066U 23001BK  23180.75281937  .00006141  00000-0  29954-3 0  9998 | 2 55066  97.4800 240.5560 0012698 335.9885  24.0756 15.18604496 26995 | 2023/06/29-18:04:03  307.9594    0.1235   24.1350   94.8239     6888.1943     6879.4476     6896.9409 -47.918502 -84.889149  -0.001020  -0.000756
1 55066U 23001BK  23182.07064732  .00006056  00000-0  29529-3 0  9990 | 2 55066  97.4799 241.8597 0012607 330.8796  29.1733 15.18621769 27197 | 2023/07/01-01:41:43   62.3839    0.1234   29.2438   94.8228     6888.1420     6879.4582     6896.8259 -45.974662 -85.957323  -0.001060  -0.000682
1 55066U 23001BK  23183.12489979  .00005694  00000-0  27777-3 0  9991 | 2 55066  97.4799 242.9029 0012537 326.6411  33.4032 15.18634093 27350 | 2023/07/02-02:59:51   81.9193    0.1235   33.4824   94.8221     6888.1048     6879.4692     6896.7404 -44.402080 -86.780103  -0.001091  -0.000618
1 55066U 23001BK  23184.44270380  .00006054  00000-0  29497-3 0  9993 | 2 55066  97.4796 244.2070 0012447 321.6023  38.4324 15.18649835 27553 | 2023/07/03-10:37:29  196.3331    0.1235   38.5212   94.8211     6888.0572     6879.4836     6896.6307 -42.415431 -87.767896  -0.001121  -0.000542
1 55066U 23001BK  23185.69460290  .00006560  00000-0  31917-3 0  9994 | 2 55066  97.4794 245.4460 0012364 316.7588  43.2675 15.18667777 27745 | 2023/07/04-16:40:13  287.0201    0.1235   43.3647   94.8199     6888.0029     6879.4866     6896.5192 -40.507631 -88.664341  -0.001145  -0.000467
1 55066U 23001BK  23186.94649016  .00005887  00000-0  28667-3 0  9997 | 2 55066  97.4790 246.6848 0012294 311.9756  48.0430 15.18681797 27931 | 2023/07/05-22:42:56   17.7023    0.1235   48.1479   94.8191     6887.9605     6879.4925     6896.4286 -38.581130 -89.519003  -0.001165  -0.000393
1 55066U 23001BK  23188.13247768  .00007295  00000-0  35422-3 0  9990 | 2 55066  97.4788 247.8584 0012244 307.2556  52.7561 15.18698171 28111 | 2023/07/07-03:10:46   84.6601    0.1235   52.8679   94.8181     6887.9110     6879.4775     6896.3446 -36.739455 -90.290248  -0.001182  -0.000319
1 55066U 23001BK  23189.45022621  .00008280  00000-0  40132-3 0  9994 | 2 55066  97.4788 249.1624 0012215 302.0722  57.9326 15.18717395 28315 | 2023/07/08-10:48:19  199.0513    0.1235   58.0513   94.8169     6887.8529     6879.4394     6896.2664 -34.675194 -91.102949  -0.001198  -0.000238
1 55066U 23001BK  23190.70207317  .00006147  00000-0  29879-3 0  9996 | 2 55066  97.4790 250.4011 0012132 297.0986  62.9010 15.18731326 28503 | 2023/07/09-16:50:59  289.7166    0.1234   63.0248   94.8160     6887.8108     6879.4545     6896.1671 -32.697721 -91.831446  -0.001203  -0.000158
1 55066U 23001BK  23191.75624923  .00005963  00000-0  28985-3 0  9990 | 2 55066  97.4790 251.4442 0012106 293.0303  66.9654 15.18745191 28662 | 2023/07/10-18:08:59  309.2198    0.1234   67.0931   94.8151     6887.7689     6879.4305     6896.1072 -31.020554 -92.411475  -0.001207  -0.000094
1 55066U 23001BK  23193.13984265  .00006626  00000-0  32150-3 0  9998 | 2 55066  97.4791 252.8132 0012092 287.4944  72.4968 15.18763391 28871 | 2023/07/12-03:21:22   87.3127    0.1234   72.6290   94.8140     6887.7138     6879.3852     6896.0424 -28.803901 -93.126313  -0.001209  -0.000006
1 55066U 23001BK  23194.58930215  .00007791  00000-0  37712-3 0  9997 | 2 55066  97.4794 254.2474 0012151 281.5487  78.4382 15.18785471 29096 | 2023/07/13-14:08:35  249.1169    0.1234   78.5747   94.8126     6887.6471     6879.2779     6896.0163 -26.464110 -93.818358  -0.001212   0.000089
1 55066U 23001BK  23195.70932399  .00008871  00000-0  42865-3 0  9992 | 2 55066  97.4796 255.3557 0012138 277.1568  82.8286 15.18805049 29263 | 2023/07/14-17:01:25  292.3219    0.1234   82.9666   94.8114     6887.5879     6879.2277     6895.9480 -24.644548 -94.312876  -0.001203   0.000158
1 55066U 23001BK  23197.15874252  .00008055  00000-0  38931-3 0  9999 | 2 55066  97.4795 256.7901 0012125 271.5102  88.4743 15.18829457 29481 | 2023/07/16-03:48:35   94.1077    0.1234   88.6132   94.8099     6887.5141     6879.1630     6895.8652 -22.275927 -94.900137  -0.001187   0.000246
1 55066U 23001BK  23198.41049542  .00008612  00000-0  41569-3 0  9995 | 2 55066  97.4790 258.0290 0012146 266.5731  93.4114 15.18850182 29675 | 2023/07/17-09:51:06  184.7336    0.1234   93.5503   94.8086     6887.4514     6879.0859     6895.8169 -20.218761 -95.359096  -0.001171   0.000323
1 55066U 23001BK  23199.59635254  .00008662  00000-0  41787-3 0  9993 | 2 55066  97.4786 259.2028 0012213 261.9772  98.0077 15.18868410 29853 | 2023/07/18-14:18:44  251.6368    0.1235   98.1463   94.8074     6887.3963     6878.9848     6895.8079 -18.260989 -95.752879  -0.001156   0.000394
1 55066U 23001BK  23200.71631198  .00008551  00000-0  41230-3 0  9993 | 2 55066  97.4784 260.3114 0012301 257.5917 102.3941 15.18889264 30020 | 2023/07/19-17:11:29  294.8166    0.1234  102.5317   94.8061     6887.3333     6878.8612     6895.8054 -16.404957 -96.088063  -0.001140   0.000463
1 55066U 23001BK  23201.90213754  .00008719  00000-0  42009-3 0  9990 | 2 55066  97.4782 261.4851 0012308 252.8609 107.1278 15.18908612 30206 | 2023/07/20-21:39:04    1.7060    0.1234  107.2625   94.8049     6887.2748     6878.7979     6895.7517 -14.433266 -96.403736  -0.001109   0.000533
1 55066U 23001BK  23205.39364877  .00007931  00000-0  38181-3 0  9991 | 2 55066  97.4778 264.9404 0012547 239.5356 120.4640 15.18963434 30731 | 2023/07/24-09:26:51  178.6252    0.1234  120.5878   94.8015     6887.1091     6878.4678     6895.7503  -8.596758 -97.097978  -0.001021   0.000729
1 55066U 23001BK  23207.10641789  .00008393  00000-0  40351-3 0  9997 | 2 55066  97.4780 266.6354 0012663 232.9309 127.0768 15.18993426 30997 | 2023/07/26-02:33:14   75.2072    0.1234  127.1925   94.7996     6887.0184     6878.2974     6895.7395  -5.720945 -97.309975  -0.000964   0.000821
1 55066U 23001BK  23208.42390863  .00008742  00000-0  41981-3 0  9995 | 2 55066  97.4783 267.9395 0012732 227.9183 132.0970 15.19018227 31192 | 2023/07/27-10:10:25  189.4908    0.1234  132.2051   94.7981     6886.9435     6878.1750     6895.7119  -3.504809 -97.415272  -0.000914   0.000887
1 55066U 23001BK  23209.47788674  .00006828  00000-0  32854-3 0  9994 | 2 55066  97.4784 268.9826 0012837 224.1204 135.9008 15.19034144 31350 | 2023/07/28-11:28:09  208.9127    0.1235  136.0031   94.7971     6886.8954     6878.0546     6895.7361  -1.730831 -97.463032  -0.000877   0.000937
1 55066U 23001BK  23210.72947203  .00007878  00000-0  37824-3 0  9997 | 2 55066  97.4785 270.2214 0013025 219.7165 140.3117 15.19054384 31544 | 2023/07/29-17:30:26  299.4713    0.1234  140.4069   94.7958     6886.8342     6877.8641     6895.8043   0.376671 -97.477772  -0.000836   0.000999
1 55066U 23001BK  23212.11278334  .00009261  00000-0  44367-3 0  9992 | 2 55066  97.4785 271.5907 0013090 214.6778 145.3604 15.19079696 31755 | 2023/07/31-02:42:24   77.4475    0.1233  145.4455   94.7942     6886.7577     6877.7429     6895.7724   2.705943 -97.440935  -0.000774   0.001055
1 55066U 23001BK  23213.62781174  .00008457  00000-0  40515-3 0  9997 | 2 55066  97.4781 273.0904 0013225 208.8149 151.2357 15.19106637 31984 | 2023/08/01-15:04:02  262.8389    0.1234  151.3085   94.7926     6886.6763     6877.5686     6895.7839   5.255191 -97.336339  -0.000699   0.001123
1 55066U 23001BK  23214.74759846  .00008526  00000-0  40816-3 0  9993 | 2 55066  97.4775 274.1991 0013338 204.8592 155.2001 15.19126004 32158 | 2023/08/02-17:56:32  305.9484    0.1233  155.2641   94.7913     6886.6177     6877.4324     6895.8031   7.137549 -97.215834  -0.000648   0.001166
1 55066U 23001BK  23216.13084251  .00009393  00000-0  44892-3 0  9990 | 2 55066  97.4769 275.5686 0013504 200.2859 159.7840 15.19153326 32368 | 2023/08/04-03:08:24   83.8996    0.1233  159.8374   94.7896     6886.5352     6877.2356     6895.8347   9.458911 -97.016880  -0.000589   0.001215
1 55066U 23001BK  23217.71166539  .00010889  00000-0  51929-3 0  9996 | 2 55066  97.4768 277.1335 0013626 194.7638 165.3200 15.19184827 32603 | 2023/08/05-17:04:47  292.9751    0.1233  165.3595   94.7877     6886.4400     6877.0565     6895.8234  12.104831 -96.722281  -0.000508   0.001264
1 55066U 23001BK  23219.09485501  .00008308  00000-0  39680-3 0  9995 | 2 55066  97.4767 278.5027 0013745 189.7461 170.3508 15.19212070 32817 | 2023/08/07-02:16:35   70.9044    0.1233  170.3772   94.7860     6886.3576     6876.8923     6895.8229  14.412517 -96.405324  -0.000430   0.001305
1 55066U 23001BK  23220.41215801  .00010088  00000-0  48061-3 0  9998 | 2 55066  97.4767 279.8067 0013895 185.1812 174.9281 15.19237824 33016 | 2023/08/08-09:53:30  185.1155    0.1234  174.9422   94.7844     6886.2798     6876.7113     6895.8483  16.602692 -96.052369  -0.000359   0.001342
1 55066U 23001BK  23221.59771560  .00008156  00000-0  38908-3 0  9999 | 2 55066  97.4770 280.9801 0013992 181.3276 178.7924 15.19253976 33190 | 2023/08/09-14:20:42  251.9007    0.1234  178.7958   94.7834     6886.2310     6876.5958     6895.8662  18.566254 -95.692527  -0.000298   0.001367
1 55066U 23001BK  23222.65152993  .00008961  00000-0  42684-3 0  9990 | 2 55066  97.4772 282.0232 0014098 177.8739 182.2558 15.19274107 33355 | 2023/08/10-15:38:12  271.2597    0.1234  182.2495   94.7821     6886.1702     6876.4620     6895.8783  20.305255 -95.338875  -0.000242   0.001389
1 55066U 23001BK  23223.70533162  .00008084  00000-0  38522-3 0  9990 | 2 55066  97.4772 283.0664 0014198 174.2688 185.8711 15.19291734 33513 | 2023/08/11-16:55:40  290.6136    0.1233  185.8545   94.7810     6886.1169     6876.3400     6895.8938  22.037655 -94.953390  -0.000181   0.001408
1 55066U 23001BK  23224.89084321  .00008396  00000-0  39970-3 0  9993 | 2 55066  97.4772 284.2402 0014300 170.1513 190.0004 15.19312767 33695 | 2023/08/12-21:22:48  357.3807    0.1233  189.9720   94.7797     6886.0534     6876.2063     6895.9004  23.978174 -94.482018  -0.000109   0.001426
1 55066U 23001BK  23226.07633904  .00007851  00000-0  37377-3 0  9996 | 2 55066  97.4769 285.4139 0014388 166.2693 193.8936 15.19332308 33870 | 2023/08/14-01:49:55   64.1428    0.1234  193.8541   94.7785     6885.9943     6876.0867     6895.9019  25.908385 -93.970749  -0.000042   0.001438
1 55066U 23001BK  23227.13010204  .00008123  00000-0  38641-3 0  9994 | 2 55066  97.4769 286.4572 0014461 163.0697 197.1023 15.19347975 34032 | 2023/08/15-03:07:20   83.4837    0.1234  197.0537   94.7775     6885.9470     6875.9892     6895.9047  27.615111 -93.483430   0.000012   0.001446
1 55066U 23001BK  23228.57900561  .00009419  00000-0  44709-3 0  9998 | 2 55066  97.4765 287.8917 0014519 158.2701 201.9152 15.19374629 34259 | 2023/08/16-13:53:46  245.0693    0.1233  201.8532   94.7758     6885.8664     6875.8688     6895.8640  29.946610 -92.762431   0.000097   0.001449
1 55066U 23001BK  23230.09374009  .00009086  00000-0  43104-3 0  9998 | 2 55066  97.4760 289.3917 0014650 153.1003 207.0994 15.19402919 34486 | 2023/08/18-02:14:59   70.3523    0.1234  207.0231   94.7741     6885.7810     6875.6933     6895.8686  32.364419 -91.946261   0.000191   0.001452
1 55066U 23001BK  23231.14745048  .00009563  00000-0  45322-3 0  9994 | 2 55066  97.4756 290.4351 0014702 149.6497 210.5591 15.19424677 34646 | 2023/08/19-03:32:19   89.6741    0.1233  210.4736   94.7727     6885.7152     6875.5918     6895.8386  34.033232 -91.341292   0.000253   0.001448
1 55066U 23001BK  23232.72798927  .00009191  00000-0  43530-3 0  9999 | 2 55066  97.4753 291.9998 0014803 144.8365 215.3850 15.19454820 34889 | 2023/08/20-17:28:18  298.6485    0.1234  215.2869   94.7708     6885.6242     6875.4314     6895.8170  36.514575 -90.377652   0.000337   0.001441
1 55066U 23001BK  23234.11093650  .00010158  00000-0  48034-3 0  9994 | 2 55066  97.4751 293.3689 0014935 140.5284 219.7042 15.19481420 35090 | 2023/08/22-02:39:44   76.4924    0.1234  219.5950   94.7692     6885.5438     6875.2602     6895.8274  38.663467 -89.479224   0.000414   0.001435
1 55066U 23001BK  23235.16459469  .00008506  00000-0  40260-3 0  9991 | 2 55066  97.4749 294.4116 0015034 137.0135 223.2277 15.19498998 35257 | 2023/08/23-03:57:00   95.7966    0.1234  223.1099   94.7681     6885.4907     6875.1391     6895.8423  40.285284 -88.760645   0.000479   0.001425
1 55066U 23001BK  23236.41579792  .00007827  00000-0  37057-3 0  9997 | 2 55066  97.4749 295.6505 0015031 133.1009 227.1486 15.19518713 35440 | 2023/08/24-09:58:44  186.2158    0.1234  227.0225   94.7668     6885.4311     6875.0817     6895.7806  42.194978 -87.868879   0.000545   0.001401
1 55066U 23001BK  23237.73283525  .00008305  00000-0  39270-3 0  9990 | 2 55066  97.4750 296.9543 0014976 128.6677 231.5900 15.19541569 35642 | 2023/08/25-17:35:16  300.3354    0.1234  231.4557   94.7654     6885.3621     6875.0506     6895.6736  44.183436 -86.886130   0.000618   0.001364
1 55066U 23001BK  23239.11570381  .00008935  00000-0  42189-3 0  9995 | 2 55066  97.4751 298.3234 0015143 124.8360 235.4302 15.19565340 35855 | 2023/08/27-02:46:36   78.1535    0.1235  235.2875   94.7639     6885.2903     6874.8639     6895.7167  46.246843 -85.805738   0.000684   0.001351
1 55066U 23001BK  23240.43269956  .00008628  00000-0  40724-3 0  9997 | 2 55066  97.4757 299.6277 0015149 120.6836 239.5893 15.19589492 36057 | 2023/08/28-10:23:05  192.2591    0.1233  239.4397   94.7624     6885.2173     6874.7869     6895.6478  48.188299 -84.731340   0.000750   0.001316
1 55066U 23001BK  23241.68382679  .00007398  00000-0  34948-3 0  9997 | 2 55066  97.4753 300.8667 0015206 116.6699 243.6095 15.19609898 36241 | 2023/08/29-16:24:42  282.6525    0.1234  243.4535   94.7612     6885.1557     6874.6861     6895.6253  50.008968 -83.669213   0.000816   0.001283
1 55066U 23001BK  23243.98849222  .00008924  00000-0  42037-3 0  9998 | 2 55066  97.4744 303.1489 0015170 109.5155 250.7719 15.19648562 36598 | 2023/08/31-23:43:25   32.3135    0.1234  250.6079   94.7588     6885.0389     6874.5943     6895.4835  53.300632 -81.610669   0.000920   0.001206
1 55066U 23001BK  23245.10787707  .00010262  00000-0  48247-3 0  9990 | 2 55066  97.4740 304.2574 0015174 105.9713 254.3195 15.19672675 36764 | 2023/09/02-02:35:20   75.2835    0.1235  254.1522   94.7572     6884.9661     6874.5188     6895.4133  54.869253 -80.563923   0.000971   0.001166
1 55066U 23001BK  23246.16139821  .00012641  00000-0  59293-3 0  9991 | 2 55066  97.4737 305.3006 0015227 102.7005 257.5933 15.19700218 36928 | 2023/09/03-03:52:24   94.5433    0.1235  257.4230   94.7555     6884.8829     6874.3993     6895.3665  56.326754 -79.551361   0.001019   0.001132
1 55066U 23001BK  23247.41243159  .00009474  00000-0  44503-3 0  9998 | 2 55066  97.4731 306.5393 0015210  98.8483 261.4475 15.19725569 37114 | 2023/09/04-09:53:54  184.9077    0.1235  261.2752   94.7539     6884.8063     6874.3345     6895.2781  58.032952 -78.314633   0.001068   0.001083
1 55066U 23001BK  23249.12434274  .00010103  00000-0  47393-3 0  9999 | 2 55066  97.4731 308.2341 0015106  93.4717 266.8246 15.19756786 37379 | 2023/09/06-02:59:03   81.1877    0.1235  266.6518   94.7520     6884.7120     6874.3120     6895.1121  60.323762 -76.564019   0.001128   0.001005
1 55066U 23001BK  23250.63869517  .00010266  00000-0  48110-3 0  9997 | 2 55066  97.4732 309.7333 0015117  88.8409 271.4557 15.19786219 37602 | 2023/09/07-15:19:43  266.3477    0.1234  271.2825   94.7502     6884.6232     6874.2157     6895.0306  62.306320 -74.959637   0.001182   0.000943
1 55066U 23001BK  23251.69214227  .00008621  00000-0  40443-3 0  9999 | 2 55066  97.4733 310.7763 0015128  85.5655 274.7308 15.19801969 37768 | 2023/09/08-16:36:41  285.5843    0.1235  274.5580   94.7492     6884.5756     6874.1606     6894.9906  63.660536 -73.813145   0.001219   0.000896
1 55066U 23001BK  23253.14060961  .00008779  00000-0  41147-3 0  9991 | 2 55066  97.4734 312.2106 0014981  80.9035 279.3894 15.19828066 37986 | 2023/09/10-03:22:28   87.0293    0.1235  279.2200   94.7476     6884.4968     6874.1831     6894.8104  65.488248 -72.196628   0.001255   0.000818
1 55066U 23001BK  23254.39153959  .00009623  00000-0  45042-3 0  9996 | 2 55066  97.4732 313.4491 0014877  76.7950 283.4944 15.19850797 38177 | 2023/09/11-09:23:49  177.3621    0.1236  283.3286   94.7461     6884.4281     6874.1862     6894.6701  67.033285 -70.764140   0.001285   0.000749
1 55066U 23001BK  23255.70828367  .00011797  00000-0  55078-3 0  9999 | 2 55066  97.4731 314.7533 0014835  72.6510 287.6346 15.19882299 38374 | 2023/09/12-16:59:55  291.3874    0.1235  287.4725   94.7442     6884.3330     6874.1201     6894.5459  68.626485 -69.220018   0.001317   0.000683
1 55066U 23001BK  23256.89332411  .00013190  00000-0  61463-3 0  9994 | 2 55066  97.4728 315.9273 0014860  69.2370 291.0456 15.19919655 38556 | 2023/09/13-21:26:23  357.9990    0.1236  290.8866   94.7419     6884.2202     6873.9903     6894.4502  70.030094 -67.799209   0.001345   0.000632
1 55066U 23001BK  23258.40751101  .00010840  00000-0  50545-3 0  9992 | 2 55066  97.4722 317.4268 0014702  64.3416 295.9336 15.19950876 38788 | 2023/09/15-09:46:48  183.1066    0.1236  295.7820   94.7399     6884.1259     6874.0049     6894.2470  71.779855 -65.943022   0.001365   0.000545
1 55066U 23001BK  23259.65833880  .00009269  00000-0  43250-3 0  9993 | 2 55066  97.4717 318.6658 0014590  60.0544 300.2138 15.19973947 38973 | 2023/09/16-15:48:00  273.4055    0.1236  300.0692   94.7385     6884.0563     6874.0124     6894.1001  73.188580 -64.375182   0.001382   0.000468
1 55066U 23001BK  23260.71165100  .00015783  00000-0  73292-3 0  9992 | 2 55066  97.4714 319.7090 0014551  56.6426 303.6199 15.20002999 39134 | 2023/09/17-17:04:46  292.5986    0.1235  303.4809   94.7367     6883.9686     6873.9517     6893.9854  74.348252 -63.031827   0.001396   0.000410
1 55066U 23001BK  23262.75238791  .00014937  00000-0  69278-3 0  9994 | 2 55066  97.4707 321.7294 0014391  50.2491 310.0009 15.20059430 39447 | 2023/09/19-18:03:26  307.2674    0.1235  309.8744   94.7331     6883.7982     6873.8917     6893.7047  76.523690 -60.371038   0.001408   0.000299
1 55066U 23001BK  23263.93729403  .00011315  00000-0  52540-3 0  9991 | 2 55066  97.4706 322.9027 0014267  46.3734 313.8681 15.20089015 39620 | 2023/09/20-22:29:42   13.8367    0.1235  313.7501   94.7313     6883.7089     6873.8879     6893.5299  77.743755 -58.791381   0.001408   0.000230
1 55066U 23001BK  23265.12217831  .00012332  00000-0  57182-3 0  9998 | 2 55066  97.4707 324.0760 0014085  42.2280 318.0037 15.20117687 39806 | 2023/09/22-02:55:56   80.3994    0.1236  317.8956   94.7295     6883.6223     6873.9267     6893.3179  78.931378 -57.187192   0.001400   0.000155
1 55066U 23001BK  23266.70198891  .00011932  00000-0  55279-3 0  9997 | 2 55066  97.4711 325.6404 0014017  37.2960 322.9246 15.20156700 40040 | 2023/09/23-16:50:51  289.1351    0.1236  322.8276   94.7271     6883.5045     6873.8559     6893.1531  80.463529 -55.011233   0.001400   0.000072
1 55066U 23001BK  23267.75517203  .00012441  00000-0  57576-3 0  9993 | 2 55066  97.4712 326.6836 0013996  33.6678 326.5443 15.20184706 40206 | 2023/09/24-18:07:26  308.2844    0.1236  326.4558   94.7253     6883.4200     6873.7860     6893.0540  81.451826 -53.537229   0.001400   0.000009
1 55066U 23001BK  23269.13743957  .00015927  00000-0  73485-3 0  9993 | 2 55066  97.4711 328.0524 0013806  28.9550 331.2448 15.20232639 40411 | 2023/09/26-03:17:54   85.9066    0.1236  331.1686   94.7223     6883.2753     6873.7722     6892.7783  82.707385 -51.576195   0.001379  -0.000072
1 55066U 23001BK  23270.71712379  .00014006  00000-0  64591-3 0  9998 | 2 55066  97.4708 329.6171 0013679  23.5396 336.6462 15.20281648 40654 | 2023/09/27-17:12:39  294.5993    0.1236  336.5840   94.7193     6883.1274     6873.7119     6892.5428  84.084614 -49.298423   0.001358  -0.000163
1 55066U 23001BK  23272.75748143  .00013682  00000-0  63008-3 0  9993 | 2 55066  97.4701 331.6383 0013500  16.6450 343.5225 15.20336296 40960 | 2023/09/29-18:10:46  309.1362    0.1236  343.4786   94.7159     6882.9624     6873.6704     6892.2544  85.770404 -46.301815   0.001322  -0.000274
1 55066U 23001BK  23274.07380173  .00013062  00000-0  60113-3 0  9991 | 2 55066  97.4693 332.9429 0013306  12.2145 347.9410 15.20372193 41165 | 2023/10/01-01:46:16   63.0163    0.1236  347.9091   94.7137     6882.8541     6873.6958     6892.0124  86.801640 -44.336663   0.001286  -0.000341
1 55066U 23001BK  23275.12683195  .00015377  00000-0  70619-3 0  9991 | 2 55066  97.4688 333.9858 0013203   8.2557 351.8893 15.20408035 41326 | 2023/10/02-03:02:38   82.1127    0.1236  351.8679   94.7114     6882.7459     6873.6586     6891.8332  87.593785 -42.749220   0.001257  -0.000403
1 55066U 23001BK  23276.70633556  .00014714  00000-0  67501-3 0  9992 | 2 55066  97.4685 335.5502 0013082   2.8690 357.2618 15.20456376 41562 | 2023/10/03-16:57:07  290.7406    0.1236  357.2546   94.7084     6882.6000     6873.5962     6891.6038  88.727940 -40.341804   0.001216  -0.000481
1 55066U 23001BK  23277.89092761  .00017088  00000-0  78226-3 0  9993 | 2 55066  97.4684 336.7234 0012932 358.8055   1.3147 15.20498574 41748 | 2023/10/04-21:22:56  357.1988    0.1236    1.3181   94.7058     6882.4727     6873.5723     6891.3731  89.535237 -38.516624   0.001177  -0.000536
1 55066U 23001BK  23279.40452322  .00016933  00000-0  77402-3 0  9998 | 2 55066  97.4682 338.2227 0012780 353.1471   6.9587 15.20554095 41971 | 2023/10/06-09:42:30  182.1002    0.1236    6.9765   94.7023     6882.3051     6873.5096     6891.1007  90.512176 -36.160697   0.001122  -0.000612
1 55066U 23001BK  23280.72065159  .00017115  00000-0  78129-3 0  9993 | 2 55066  97.4684 339.5264 0012679 348.0595  12.0338 15.20599060 42171 | 2023/10/07-17:17:44  295.9124    0.1236   12.0641   94.6995     6882.1695     6873.4436     6890.8954  91.311658 -34.092083   0.001070  -0.000680
1 55066U 23001BK  23282.10254254  .00018291  00000-0  83339-3 0  9998 | 2 55066  97.4688 340.8955 0012550 343.2238  16.8580 15.20650609 42387 | 2023/10/09-02:27:39   73.3976    0.1236   16.8998   94.6963     6882.0139     6873.3770     6890.6509  92.100531 -31.900770   0.001017  -0.000736
1 55066U 23001BK  23283.41858562  .00018346  00000-0  83471-3 0  9993 | 2 55066  97.4688 342.1998 0012434 338.3942  21.6767 15.20699551 42589 | 2023/10/10-10:02:45  187.1769    0.1236   21.7294   94.6933     6881.8663     6873.3094     6890.4232  92.802805 -29.796078   0.000961  -0.000789
1 55066U 23001BK  23284.73458768  .00016708  00000-0  75969-3 0  9996 | 2 55066  97.4684 343.5040 0012356 333.2627  26.7969 15.20744562 42780 | 2023/10/11-17:37:48  300.9418    0.1235   26.8608   94.6905     6881.7305     6873.2274     6890.2335  93.456558 -27.675997   0.000900  -0.000846
1 55066U 23001BK  23285.91895658  .00018098  00000-0  82146-3 0  9999 | 2 55066  97.4681 344.6776 0012285 328.6259  31.4242 15.20786190 42965 | 2023/10/12-22:03:17    7.3179    0.1236   31.4977   94.6879     6881.6049     6873.1509     6890.0590  94.003517 -25.755958   0.000843  -0.000894
1 55066U 23001BK  23287.43226712  .00019309  00000-0  87465-3 0  9992 | 2 55066  97.4677 346.1773 0012172 323.2171  36.8228 15.20844981 43195 | 2023/10/14-10:22:27  192.1118    0.1236   36.9065   94.6842     6881.4276     6873.0515     6889.8036  94.645006 -23.286807   0.000773  -0.000941
1 55066U 23001BK  23288.74814686  .00013987  00000-0  63421-3 0  9992 | 2 55066  97.4670 347.4816 0012042 318.1680  41.8634 15.20883169 43394 | 2023/10/15-17:57:19  305.8297    0.1236   41.9556   94.6818     6881.3124     6873.0259     6889.5988  95.149863 -21.126277   0.000702  -0.000979
1 55066U 23001BK  23290.12978861  .00012411  00000-0  56267-3 0  9994 | 2 55066  97.4663 348.8507 0012012 312.6305  47.3917 15.20917365 43603 | 2023/10/17-03:06:53   83.2226    0.1236   47.4931   94.6797     6881.2092     6872.9435     6889.4749  95.626784 -18.846693   0.000627  -0.001024
1 55066U 23001BK  23291.90613830  .00016740  00000-0  75630-3 0  9997 | 2 55066  97.4659 350.6107 0011878 306.0109  54.0024 15.20968542 43879 | 2023/10/18-21:44:50    2.7083    0.1235   54.1126   94.6765     6881.0549     6872.8815     6889.2282  96.160115 -15.900754   0.000532  -0.001062
1 55066U 23001BK  23293.15612233  .00014603  00000-0  65961-3 0  9994 | 2 55066  97.4659 351.8494 0011771 301.3149  58.6934 15.21008589 44064 | 2023/10/20-03:44:48   92.7009    0.1236   58.8087   94.6740     6880.9341     6872.8345     6889.0336  96.481381 -13.818277   0.000463  -0.001082
1 55066U 23001BK  23294.40607534  .00016360  00000-0  73755-3 0  9993 | 2 55066  97.4659 353.0880 0011775 296.2909  63.7116 15.21047151 44255 | 2023/10/21-09:44:44  182.6832    0.1236   63.8327   94.6716     6880.8178     6872.7156     6888.9199  96.757533 -11.729510   0.000391  -0.001111
1 55066U 23001BK  23295.91913490  .00013798  00000-0  62199-3 0  9993 | 2 55066  97.4660 354.5874 0011781 290.3065  69.6904 15.21090175 44480 | 2023/10/22-22:03:33    7.3822    0.1236   69.8171   94.6689     6880.6880     6872.5819     6888.7942  97.031423  -9.193699   0.000303  -0.001139
1 55066U 23001BK  23297.16902296  .00012371  00000-0  55758-3 0  9993 | 2 55066  97.4662 355.8259 0011661 285.4392  74.5555 15.21122422 44677 | 2023/10/24-04:03:23   97.3375    0.1235   74.6843   94.6669     6880.5908     6872.5673     6888.6142  97.207669  -7.094308   0.000228  -0.001144
1 55066U 23001BK  23298.61623518  .00009346  00000-0  42186-3 0  9990 | 2 55066  97.4662 357.2606 0011630 279.8428  80.1494 15.21148668 44891 | 2023/10/25-14:47:22  258.3281    0.1235   80.2807   94.6653     6880.5116     6872.5096     6888.5137  97.354820  -4.658235   0.000144  -0.001154
1 55066U 23001BK  23299.73451585  .00011971  00000-0  53888-3 0  9995 | 2 55066  97.4661 358.3693 0011689 275.3682  84.6220 15.21175093 45063 | 2023/10/26-17:37:42  300.9047    0.1236   84.7554   94.6637     6880.4320     6872.3894     6888.4745  97.426627  -2.773616   0.000076  -0.001166
1 55066U 23001BK  23300.91855132  .00015543  00000-0  69756-3 0  9994 | 2 55066  97.4659 359.5431 0011693 270.7554  89.2341 15.21214528 45247 | 2023/10/27-22:02:42    7.1514    0.1235   89.3681   94.6612     6880.3130     6872.2679     6888.3582  97.462801  -0.777225   0.000006  -0.001169
1 55066U 23001BK  23302.43144372  .00018548  00000-0  83029-3 0  9997 | 2 55066  97.4656   1.0429 0011647 264.8072  95.1834 15.21265635 45471 | 2023/10/29-10:21:16  191.7830    0.1235   95.3163   94.6580     6880.1589     6872.1456     6888.1723  97.449455   1.773975  -0.000084  -0.001162
1 55066U 23001BK  23303.61541053  .00013778  00000-0  61729-3 0  9998 | 2 55066  97.4646   2.2166 0011642 259.9993  99.9929 15.21301364 45650 | 2023/10/30-14:46:11  258.0027    0.1236  100.1243   94.6558     6880.0512     6872.0415     6888.0610  97.391672   3.769669  -0.000158  -0.001153
1 55066U 23001BK  23304.73357767  .00013438  00000-0  60162-3 0  9992 | 2 55066  97.4638   3.3247 0011721 255.7306 104.2628 15.21331709 45824 | 2023/10/31-17:36:21  300.5357    0.1235  104.3929   94.6539     6879.9597     6871.8957     6888.0237  97.299759   5.652355  -0.000223  -0.001151
1 55066U 23001BK  23306.11481056  .00014109  00000-0  63069-3 0  9990 | 2 55066  97.4636   4.6937 0011797 250.4963 109.4999 15.21372783 46035 | 2023/11/02-02:45:19   77.7691    0.1236  109.6273   94.6514     6879.8359     6871.7198     6887.9520  97.136745   7.975341  -0.000302  -0.001141
1 55066U 23001BK  23307.16715207  .00015171  00000-0  67711-3 0  9992 | 2 55066  97.4637   5.7367 0011796 246.3588 113.6410 15.21408033 46191 | 2023/11/03-04:00:41   96.6027    0.1236  113.7648   94.6492     6879.7296     6871.6143     6887.8450  96.975577   9.742189  -0.000363  -0.001122
1 55066U 23001BK  23308.41677150  .00017560  00000-0  78187-3 0  9998 | 2 55066  97.4633   6.9757 0011748 241.5023 118.5030 15.21457948 46383 | 2023/11/04-10:00:09  186.4529    0.1235  118.6212   94.6461     6879.5792     6871.4970     6887.6613  96.741852  11.836760  -0.000431  -0.001093
1 55066U 23001BK  23309.73211671  .00020005  00000-0  88847-3 0  9998 | 2 55066  97.4636   8.2797 0011907 236.6227 123.3870 15.21515603 46584 | 2023/11/05-17:34:14  299.9652    0.1235  123.5008   94.6425     6879.4054     6871.2141     6887.5967  96.447724  14.035304  -0.000505  -0.001078
1 55066U 23001BK  23311.11315955  .00023774  00000-0  10522-2 0  9993 | 2 55066  97.4639   9.6494 0011875 231.5523 128.4648 15.21599170 46796 | 2023/11/07-02:42:56   77.1248    0.1235  128.5712   94.6373     6879.1535     6870.9845     6887.3225  96.084969  16.336782  -0.000572  -0.001041
1 55066U 23001BK  23312.16534314  .00018038  00000-0  79873-3 0  9993 | 2 55066  97.4643  10.6930 0011934 227.0570 132.9666 15.21639546 46956 | 2023/11/08-03:58:05   95.8979    0.1236  133.0666   94.6348     6879.0318     6870.8224     6887.2412  95.771878  18.084166  -0.000637  -0.001009
1 55066U 23001BK  23313.67781182  .00016441  00000-0  72731-3 0  9999 | 2 55066  97.4635  12.1920 0012010 221.5515 138.4809 15.21691786 47187 | 2023/11/09-16:16:02  280.3695    0.1235  138.5720   94.6315     6878.8744     6870.6128     6887.1359  95.265249  20.583153  -0.000710  -0.000968
1 55066U 23001BK  23314.72993467  .00016912  00000-0  74724-3 0  9994 | 2 55066  97.4635  13.2357 0012085 217.7013 142.3377 15.21726863 47342 | 2023/11/10-17:31:06  299.1205    0.1235  142.4222   94.6293     6878.7686     6870.4557     6887.0816  94.874522  22.314994  -0.000762  -0.000938
1 55066U 23001BK  23315.91354762  .00013116  00000-0  57998-3 0  9992 | 2 55066  97.4634  14.4096 0012215 212.8374 147.2104 15.21757158 47528 | 2023/11/11-21:55:30    5.2051    0.1235  147.2861   94.6275     6878.6774     6870.2750     6887.0797  94.397346  24.253979  -0.000829  -0.000897
1 55066U 23001BK  23317.16288998  .00012942  00000-0  57175-3 0  9991 | 2 55066  97.4631  15.6493 0012234 208.2174 151.8400 15.21791118 47712 | 2023/11/13-03:54:33   94.9504    0.1235  151.9061   94.6253     6878.5750     6870.1598     6886.9903  93.850223  26.290522  -0.000882  -0.000848
1 55066U 23001BK  23318.41220484  .00011281  00000-0  49842-3 0  9993 | 2 55066  97.4625  16.8885 0012339 203.7173 156.3496 15.21822164 47900 | 2023/11/14-09:53:34  184.6865    0.1235  156.4062   94.6234     6878.4815     6869.9941     6886.9688  93.259129  28.313845  -0.000937  -0.000803
1 55066U 23001BK  23319.92450075  .00012257  00000-0  54060-3 0  9993 | 2 55066  97.4619  18.3882 0012470 198.5750 161.5033 15.21858741 48136 | 2023/11/15-22:11:16    9.0925    0.1236  161.5486   94.6211     6878.3713     6869.7939     6886.9486  92.485593  30.744708  -0.000996  -0.000750
1 55066U 23001BK  23321.10801292  .00011266  00000-0  49679-3 0  9996 | 2 55066  97.4618  19.5618 0012545 193.7658 166.3237 15.21885938 48319 | 2023/11/17-02:35:32   75.1386    0.1234  166.3576   94.6194     6878.2893     6869.6605     6886.9181  91.836392  32.632492  -0.001048  -0.000689
1 55066U 23001BK  23322.42300521  .00007604  00000-0  33626-3 0  9997 | 2 55066  97.4617  20.8657 0012672 188.9124 171.1889 15.21906440 48512 | 2023/11/18-10:09:07  188.5162    0.1235  171.2111   94.6182     6878.2275     6869.5114     6886.9436  91.069954  34.713779  -0.001100  -0.000629
1 55066U 23001BK  23323.73797941  .00008988  00000-0  39654-3 0  9991 | 2 55066  97.4615  22.1698 0012792 184.4081 175.7044 15.21929560 48719 | 2023/11/19-17:42:41  301.8878    0.1235  175.7154   94.6167     6878.1579     6869.3593     6886.9564  90.256133  36.777362  -0.001144  -0.000572
1 55066U 23001BK  23324.78994405  .00010491  00000-0  46195-3 0  9991 | 2 55066  97.4619  23.2131 0012875 180.8588 179.2628 15.21950254 48879 | 2023/11/20-18:57:31  320.5795    0.1235  179.2647   94.6154     6878.0955     6869.2400     6886.9511  89.571896  38.414808  -0.001176  -0.000525
1 55066U 23001BK  23326.17062124  .00015455  00000-0  67782-3 0  9990 | 2 55066  97.4622  24.5826 0012988 175.7604 184.3745 15.21989692 49084 | 2023/11/22-04:05:41   97.6013    0.1236  184.3632   94.6130     6877.9767     6869.0436     6886.9098  88.628469  40.544728  -0.001218  -0.000452
1 55066U 23001BK  23327.61699524  .00016637  00000-0  72807-3 0  9997 | 2 55066  97.4621  26.0174 0013071 170.7045 189.4436 15.22045759 49300 | 2023/11/23-14:48:28  258.2736    0.1236  189.4191   94.6095     6877.8078     6868.8178     6886.7978  87.585376  42.751173  -0.001252  -0.000376
1 55066U 23001BK  23328.73461555  .00016127  00000-0  70515-3 0  9990 | 2 55066  97.4619  27.1258 0013071 167.2119 192.9451 15.22082307 49479 | 2023/11/24-17:37:50  300.6012    0.1235  192.9116   94.6072     6877.6977     6868.7079     6886.6875  86.741830  44.437336  -0.001266  -0.000324
1 55066U 23001BK  23330.11516122  .00033667  00000-0  14620-2 0  9998 | 2 55066  97.4617  28.4960 0013235 162.3248 197.8451 15.22156870 49686 | 2023/11/26-02:45:49   77.5753    0.1235  197.7987   94.6026     6877.4731     6868.3708     6886.5754  85.654256  46.498724  -0.001300  -0.000248
1 55066U 23001BK  23331.69286145  .00015891  00000-0  69231-3 0  9999 | 2 55066  97.4610  30.0610 0013412 156.7532 203.4313 15.22204641 49928 | 2023/11/27-16:37:43  285.5228    0.1235  203.3703   94.5996     6877.3292     6868.1053     6886.5531  84.351773  48.820333  -0.001332  -0.000159
1 55066U 23001BK  23332.74462871  .00016805  00000-0  73106-3 0  9990 | 2 55066  97.4603  31.1043 0013419 153.2841 206.9089 15.22242179 50089 | 2023/11/28-17:52:15  304.1439    0.1235  206.8394   94.5973     6877.2161     6867.9876     6886.4447  83.448269  50.347756  -0.001338  -0.000103
1 55066U 23001BK  23335.70257754  .00021241  00000-0  91948-3 0  9995 | 2 55066  97.4593  34.0390 0013545 143.5476 216.6685 15.22359813 50534 | 2023/12/01-16:51:42  288.9632    0.1235  216.5759   94.5900     6876.8619     6867.5472     6886.1766  80.760307  54.553533  -0.001353   0.000057
1 55066U 23001BK  23336.75422986  .00015252  00000-0  66059-3 0  9992 | 2 55066  97.4594  35.0825 0013655 140.0109 220.2135 15.22411107 50699 | 2023/12/02-18:06:05  307.5427    0.1235  220.1126   94.5868     6876.7074     6867.3173     6886.0975  79.753493  56.015310  -0.001360   0.000117
1 55066U 23001BK  23338.13448502  .00013008  00000-0  56332-3 0  9998 | 2 55066  97.4594  36.4517 0013745 135.7698 224.4640 15.22450891 50900 | 2023/12/04-03:13:39   84.4165    0.1236  224.3538   94.5843     6876.5876     6867.1357     6886.0395  78.392249  57.905008  -0.001362   0.000186
1 55066U 23001BK  23339.18608736  .00012634  00000-0  54683-3 0  9992 | 2 55066  97.4596  37.4954 0013709 132.2604 227.9797 15.22476701 51064 | 2023/12/05-04:27:57  102.9798    0.1235  227.8631   94.5827     6876.5099     6867.0829     6885.9369  77.324662  59.323438  -0.001349   0.000244
1 55066U 23001BK  23341.15778962  .00010329  00000-0  44711-3 0  9991 | 2 55066  97.4599  39.4521 0013862 125.6185 234.6344 15.22525680 51366 | 2023/12/07-03:47:13   92.7665    0.1235  234.5050   94.5797     6876.3624     6866.8304     6885.8944  75.254255  61.929228  -0.001339   0.000357
1 55066U 23001BK  23343.12944217  .00008228  00000-0  35653-3 0  9998 | 2 55066  97.4604  41.4103 0014029 120.1552 240.1076 15.22557309 51666 | 2023/12/09-03:06:23   82.5367    0.1235  239.9683   94.5777     6876.2672     6866.6205     6885.9139  73.094537  64.464860  -0.001331   0.000444
1 55066U 23001BK  23344.70673436  .00007770  00000-0  33660-3 0  9992 | 2 55066  97.4599  42.9753 0014078 114.9760 245.2941 15.22582639 51900 | 2023/12/10-16:57:41  290.3442    0.1237  245.1477   94.5761     6876.1909     6866.5106     6885.8712  71.306306  66.436758  -0.001305   0.000528
1 55066U 23001BK  23345.75824748  .00007567  00000-0  32775-3 0  9992 | 2 55066  97.4595  44.0187 0014000 111.6242 248.6487 15.22599078 52069 | 2023/12/11-18:11:52  308.8792    0.1236  248.4994   94.5751     6876.1414     6866.5148     6885.7680  70.084397  67.723935  -0.001275   0.000577
1 55066U 23001BK  23347.13834251  .00009567  00000-0  41315-3 0  9998 | 2 55066  97.4589  45.3885 0014080 107.6902 252.5872 15.22622318 52276 | 2023/12/13-03:19:12   85.6994    0.1235  252.4333   94.5737     6876.0714     6866.3899     6885.7530  68.444991  69.379539  -0.001255   0.000637
1 55066U 23001BK  23348.71556484  .00009631  00000-0  41555-3 0  9990 | 2 55066  97.4582  46.9537 0014035 101.9174 258.3636 15.22652809 52515 | 2023/12/14-17:10:24  293.4852    0.1235  258.2061   94.5718     6875.9796     6866.3292     6885.6301  66.523908  71.222681  -0.001201   0.000726
1 55066U 23001BK  23350.16131715  .00009498  00000-0  40942-3 0  9998 | 2 55066  97.4579  48.3883 0014088  97.1963 263.0875 15.22688375 52730 | 2023/12/16-03:52:17   93.9436    0.1236  262.9273   94.5696     6875.8726     6866.1858     6885.5593  64.719735  72.865617  -0.001162   0.000796
1 55066U 23001BK  23351.73846418  .00013718  00000-0  58893-3 0  9999 | 2 55066  97.4576  49.9536 0014019  92.0874 268.1968 15.22729972 52972 | 2023/12/17-17:43:23  301.7054    0.1236  268.0362   94.5670     6875.7474     6866.1082     6885.3865  62.704977  74.606097  -0.001105   0.000862
1 55066U 23001BK  23353.11842764  .00015337  00000-0  65710-3 0  9998 | 2 55066  97.4577  51.3232 0013985  88.0052 272.2785 15.22775170 53185 | 2023/12/19-02:50:32   78.4833    0.1236  272.1184   94.5642     6875.6113     6865.9958     6885.2268  60.903909  76.083620  -0.001061   0.000911
1 55066U 23001BK  23354.16980012  .00013303  00000-0  56995-3 0  9999 | 2 55066  97.4580  52.3666 0014015  84.7782 275.5053 15.22808163 53340 | 2023/12/20-04:04:30   96.9705    0.1236  275.3454   94.5621     6875.5120     6865.8760     6885.1480  59.508529  77.180287  -0.001027   0.000953
1 55066U 23001BK  23356.14105975  .00014837  00000-0  63395-3 0  9991 | 2 55066  97.4581  54.3234 0013928  78.6380 281.6420 15.22874094 53647 | 2023/12/22-03:23:07   86.6136    0.1236  281.4856   94.5580     6875.3135     6865.7376     6884.8895  56.838490  79.167337  -0.000949   0.001019
1 55066U 23001BK  23357.71800724  .00017706  00000-0  75447-3 0  9998 | 2 55066  97.4580  55.8894 0013852  73.4694 286.8063 15.22928685 53883 | 2023/12/23-17:13:55  294.3073    0.1237  286.6543   94.5547     6875.1492     6865.6258     6884.6727  54.653684  80.690994  -0.000878   0.001071
1 55066U 23001BK  23359.68911293  .00016230  00000-0  69065-3 0  9990 | 2 55066  97.4576  57.8465 0013847  67.5132 292.7569 15.22995031 54189 | 2023/12/25-16:32:19  283.8967    0.1237  292.6105   94.5505     6874.9496     6865.4298     6884.4693  51.865897  82.510076  -0.000801   0.001129
1 55066U 23001BK  23360.74033499  .00015439  00000-0  65661-3 0  9990 | 2 55066  97.4571  58.8904 0013737  64.3946 295.8709 15.23027334 54340 | 2023/12/26-17:46:04  302.3334    0.1238  295.7292   94.5485     6874.8524     6865.4084     6884.2963  50.353822  83.440871  -0.000754   0.001148
1 55066U 23001BK  23362.71131783  .00013807  00000-0  58665-3 0  9997 | 2 55066  97.4564  60.8471 0013638  57.3649 302.8901 15.23084267 54640 | 2023/12/28-17:04:17  291.8838    0.1236  302.7587   94.5450     6874.6810     6865.3054     6884.0567  47.475097  85.110899  -0.000645   0.001202
1 55066U 23001BK  23363.89387446  .00011921  00000-0  50665-3 0  9993 | 2 55066  97.4560  62.0212 0013598  53.8749 306.3744 15.23113138 54824 | 2023/12/29-21:27:10  357.6013    0.1237  306.2488   94.5432     6874.5942     6865.2461     6883.9422  45.720979  86.065464  -0.000594   0.001223
1 55066U 23001BK  23365.73336452  .00010545  00000-0  44808-3 0  9992 | 2 55066  97.4555  63.8477 0013435  47.7567 312.4807 15.23153088 55108 | 2023/12/31-17:36:02  299.8162    0.1237  312.3670   94.5407     6874.4740     6865.2381     6883.7098  42.954361  87.478554  -0.000495   0.001249
1 55066U 23001BK  24001.85017528  .00011992  00000-0  50871-3 0  9997 | 2 55066  97.4555  64.9567 0013353  44.1791 316.0509 15.23177843 55271 | 2024/01/01-20:24:15  341.8673    0.1237  315.9446   94.5392     6874.3995     6865.2201     6883.5789  41.253212  88.293528  -0.000438   0.001262
1 55066U 23001BK  24003.16404501  .00010894  00000-0  46208-3 0  9993 | 2 55066  97.4557  66.2613 0013268  40.1987 320.0229 15.23208654 55479 | 2024/01/03-03:56:13   94.8592    0.1238  319.9251   94.5373     6874.3068     6865.1859     6883.4276  39.232367  89.210060  -0.000376   0.001272
1 55066U 23001BK  24004.74065570  .00009876  00000-0  41888-3 0  9994 | 2 55066  97.4557  67.8271 0013071  35.1186 325.0910 15.23241288 55712 | 2024/01/04-17:46:32  302.4392    0.1238  325.0052   94.5353     6874.2086     6865.2233     6883.1939  36.780056  90.248772  -0.000293   0.001274
1 55066U 23001BK  24006.18585160  .00011269  00000-0  47701-3 0  9995 | 2 55066  97.4558  69.2626 0012949  30.2468 329.9514 15.23274030 55933 | 2024/01/06-04:27:37  102.7101    0.1238  329.8770   94.5332     6874.1101     6865.2088     6883.0114  34.507674  91.141941  -0.000214   0.001277
1 55066U 23001BK  24007.76239479  .00010727  00000-0  45378-3 0  9995 | 2 55066  97.4557  70.8285 0012858  25.1558 335.0303 15.23307996 56172 | 2024/01/07-18:17:50  310.2658    0.1238  334.9680   94.5311     6874.0079     6865.1693     6882.8465  32.004145  92.050791  -0.000134   0.001279
1 55066U 23001BK  24009.14184012  .00011689  00000-0  49368-3 0  9992 | 2 55066  97.4556  72.1982 0012817  20.1467 340.0273 15.23339992 56385 | 2024/01/09-03:24:14   86.8681    0.1238  339.9771   94.5291     6873.9116     6865.1014     6882.7219  29.794634  92.789405  -0.000052   0.001281
1 55066U 23001BK  24010.71831055  .00014029  00000-0  59101-3 0  9990 | 2 55066  97.4550  73.7640 0012688  14.5178 345.6421 15.23383096 56626 | 2024/01/10-17:14:22  294.3996    0.1238  345.6060   94.5265     6873.7820     6865.0605     6882.5034  27.247874  93.568319   0.000038   0.001268
1 55066U 23001BK  24012.09767991  .00015836  00000-0  66570-3 0  9995 | 2 55066  97.4546  75.1337 0012583  10.0302 350.1183 15.23430159 56836 | 2024/01/12-02:20:39   70.9739    0.1237  350.0935   94.5235     6873.6404     6864.9913     6882.2895  25.003376  94.192517   0.000106   0.001254
1 55066U 23001BK  24013.14860086  .00015199  00000-0  63842-3 0  9992 | 2 55066  97.4536  76.1773 0012672   6.2807 353.8587 15.23463691 56998 | 2024/01/13-03:33:59   89.3068    0.1238  353.8431   94.5215     6873.5396     6864.8294     6882.2497  23.283438  94.631314   0.000166   0.001256
1 55066U 23001BK  24014.72493791  .00018270  00000-0  76537-3 0  9990 | 2 55066  97.4533  77.7427 0012410   0.4226 359.7019 15.23517822 57238 | 2024/01/14-17:23:54  296.7913    0.1238  359.7012   94.5181     6873.3767     6864.8469     6881.9066  20.689548  95.231761   0.000255   0.001215
1 55066U 23001BK  24016.10418232  .00018646  00000-0  77981-3 0  9992 | 2 55066  97.4533  79.1128 0012229 355.8478   4.2655 15.23572070 57443 | 2024/01/16-02:30:01   73.3198    0.1237    4.2759   94.5147     6873.2136     6864.8083     6881.6188  18.406596  95.699231   0.000317   0.001181
1 55066U 23001BK  24017.15500445  .00016275  00000-0  68055-3 0  9994 | 2 55066  97.4534  80.1565 0012121 352.1833   7.9213 15.23607740 57608 | 2024/01/17-03:43:12   91.6166    0.1238    7.9405   94.5125     6873.1063     6864.7754     6881.4372  16.660398  96.018729   0.000368   0.001155
1 55066U 23001BK  24018.59984717  .00015046  00000-0  62869-3 0  9993 | 2 55066  97.4534  81.5920 0012115 346.6572  13.4343 15.23651691 57823 | 2024/01/18-14:23:46  251.7616    0.1238   13.4666   94.5098     6872.9741     6864.6475     6881.3007  14.249749  96.405964   0.000449   0.001125
1 55066U 23001BK  24019.71628429  .00017549  00000-0  73164-3 0  9993 | 2 55066  97.4536  82.7012 0011944 342.7484  17.3345 15.23693074 57992 | 2024/01/19-17:11:26  293.6788    0.1237   17.3753   94.5072     6872.8497     6864.6408     6881.0586  12.380879  96.663944   0.000496   0.001086
1 55066U 23001BK  24021.16104448  .00016156  00000-0  67300-3 0  9993 | 2 55066  97.4538  84.1367 0011793 337.7803  22.2921 15.23741513 58217 | 2024/01/21-03:51:54   93.7915    0.1237   22.3434   94.5042     6872.7040     6864.5990     6880.8090   9.955429  96.943966   0.000555   0.001040
1 55066U 23001BK  24022.73709310  .00016214  00000-0  67439-3 0  9994 | 2 55066  97.4533  85.7032 0011561 331.7180  28.3428 15.23794569 58457 | 2024/01/22-17:41:24  301.1675    0.1238   28.4058   94.5009     6872.5445     6864.5991     6880.4898   7.301497  97.179390   0.000623   0.000974
1 55066U 23001BK  24024.11609088  .00016661  00000-0  69190-3 0  9991 | 2 55066  97.4530  87.0734 0011538 326.7204  33.3307 15.23841820 58661 | 2024/01/24-02:47:10   77.6054    0.1238   33.4034   94.4980     6872.4024     6864.4731     6880.3318   4.975619  97.325898   0.000682   0.000931
1 55066U 23001BK  24025.16672792  .00015838  00000-0  65731-3 0  9991 | 2 55066  97.4526  88.1173 0011390 322.8747  37.1701 15.23876406 58826 | 2024/01/25-04:00:05   95.8327    0.1237   37.2490   94.4959     6872.2984     6864.4709     6880.1260   3.201649  97.399993   0.000717   0.000885
1 55066U 23001BK  24026.61131939  .00014881  00000-0  61712-3 0  9997 | 2 55066  97.4519  89.5522 0011327 317.3850  42.6507 15.23917411 59047 | 2024/01/26-14:40:17  255.8837    0.1237   42.7387   94.4933     6872.1752     6864.3911     6879.9593   0.761636  97.448924   0.000773   0.000828
1 55066U 23001BK  24027.72756441  .00016129  00000-0  66776-3 0  9993 | 2 55066  97.4514  90.6616 0011319 313.1888  46.8403 15.23954637 59216 | 2024/01/27-17:27:41  297.7294    0.1238   46.9350   94.4910     6872.0633     6864.2848     6879.8417  -1.125256  97.444903   0.000816   0.000784
1 55066U 23001BK  24029.17208267  .00015454  00000-0  63925-3 0  9995 | 2 55066  97.4510  92.0965 0011120 307.6850  52.3378 15.23996093 59431 | 2024/01/29-04:07:47   97.7511    0.1238   52.4388   94.4884     6871.9386     6864.2970     6879.5802  -3.565017  97.385769   0.000855   0.000712
1 55066U 23001BK  24030.61656001  .00014165  00000-0  58558-3 0  9993 | 2 55066  97.4505  93.5321 0010987 302.0131  58.0038 15.24037418 59656 | 2024/01/30-14:47:50  257.7570    0.1238   58.1107   94.4859     6871.8144     6864.2643     6879.3645  -6.003705  97.265387   0.000894   0.000639
1 55066U 23001BK  24032.12665703  .00013315  00000-0  55008-3 0  9993 | 2 55066  97.4505  95.0330 0010909 295.9408  64.0705 15.24075856 59885 | 2024/02/01-03:02:23   81.3851    0.1238   64.1830   94.4835     6871.6989     6864.2025     6879.1952  -8.549283  97.074763   0.000935   0.000561
1 55066U 23001BK  24033.17713750  .00013230  00000-0  54615-3 0  9994 | 2 55066  97.4508  96.0775 0010884 292.2182  67.7900 15.24102386 60049 | 2024/02/02-04:15:04   99.5520    0.1237   67.9055   94.4818     6871.6191     6864.1400     6879.0982 -10.317466  96.903087   0.000958   0.000516
1 55066U 23001BK  24034.55586579  .00012284  00000-0  50691-3 0  9992 | 2 55066  97.4505  97.4476 0010834 287.0198  72.9852 15.24135208 60259 | 2024/02/03-13:20:26  235.8863    0.1238   73.1040   94.4798     6871.5205     6864.0759     6878.9651 -12.631476  96.628390   0.000986   0.000449
1 55066U 23001BK  24035.60630562  .00013549  00000-0  55829-3 0  9994 | 2 55066  97.4505  98.4918 0010836 282.8340  77.1686 15.24161454 60417 | 2024/02/04-14:33:04  254.0382    0.1237   77.2897   94.4782     6871.4416     6863.9957     6878.8875 -14.390307  96.382151   0.001009   0.000394
1 55066U 23001BK  24036.72237476  .00015949  00000-0  65574-3 0  9999 | 2 55066  97.4507  99.6011 0010831 277.9150  82.0858 15.24196282 60586 | 2024/02/05-17:20:13  295.8156    0.1238   82.2088   94.4760     6871.3369     6863.8946     6878.7792 -16.253576  96.085692   0.001033   0.000326
1 55066U 23001BK  24038.42925158  .00016266  00000-0  66755-3 0  9994 | 2 55066  97.4506 101.2978 0010794 270.7175  89.2825 15.24254320 60843 | 2024/02/07-10:18:07  190.2777    0.1237   89.4062   94.4724     6871.1625     6863.7457     6878.5792 -19.091400  95.562220   0.001056   0.000225
1 55066U 23001BK  24039.61089715  .00017067  00000-0  69936-3 0  9990 | 2 55066  97.4499 102.4723 0010811 266.1414  93.8587 15.24295732 61029 | 2024/02/08-14:39:41  255.6602    0.1237   93.9823   94.4699     6871.0380     6863.6098     6878.4663 -21.046020  95.150134   0.001069   0.000162
1 55066U 23001BK  24040.72686716  .00018088  00000-0  74004-3 0  9994 | 2 55066  97.4494 103.5815 0010858 261.7889  98.2116 15.24335087 61199 | 2024/02/09-17:26:41  297.3998    0.1236   98.3347   94.4674     6870.9198     6863.4593     6878.3802 -22.883874  94.724410   0.001081   0.000102
1 55066U 23001BK  24042.17102194  .00022898  00000-0  93389-3 0  9999 | 2 55066  97.4487 105.0166 0010826 256.6919 103.3111 15.24390823 61416 | 2024/02/11-04:06:16   97.2813    0.1237  103.4318   94.4640     6870.7523     6863.3140     6878.1906 -25.248850  94.120905   0.001082   0.000032
1 55066U 23001BK  24043.61512334  .00018571  00000-0  75724-3 0  9996 | 2 55066  97.4480 106.4518 0010871 250.8088 109.1973 15.24442838 61636 | 2024/02/12-14:45:46  257.1429    0.1237  109.3149   94.4607     6870.5960     6863.1270     6878.0650 -27.598115  93.458315   0.001086  -0.000052
1 55066U 23001BK  24044.73098177  .00021283  00000-0  86580-3 0  9990 | 2 55066  97.4477 107.5610 0010921 247.1320 112.8765 15.24491015 61801 | 2024/02/13-17:32:36  298.8402    0.1237  112.9917   94.4578     6870.4512     6862.9480     6877.9545 -29.402018  92.906273   0.001087  -0.000101
1 55066U 23001BK  24046.17498429  .00022397  00000-0  90916-3 0  9999 | 2 55066  97.4477 108.9970 0010990 240.2439 119.7705 15.24552966 62024 | 2024/02/15-04:11:58   98.6625    0.1236  119.8797   94.4539     6870.2651     6862.7147     6877.8155 -31.721043  92.140272   0.001080  -0.000205
1 55066U 23001BK  24047.42203442  .00021179  00000-0  85883-3 0  9991 | 2 55066  97.4476 110.2372 0010996 235.2851 124.7351 15.24599315 62216 | 2024/02/16-10:07:43  187.5837    0.1237  124.8386   94.4510     6870.1259     6862.5715     6877.6803 -33.707851  91.432027   0.001065  -0.000275
1 55066U 23001BK  24048.60341735  .00017089  00000-0  69311-3 0  9993 | 2 55066  97.4476 111.4120 0011106 230.9689 129.0560 15.24636660 62399 | 2024/02/17-14:28:55  252.8664    0.1236  129.1547   94.4487     6870.0137     6862.3839     6877.6435 -35.575368  90.721706   0.001059  -0.000336
1 55066U 23001BK  24049.71913778  .00017796  00000-0  72069-3 0  9997 | 2 55066  97.4476 112.5214 0011163 226.7920 133.2386 15.24677735 62569 | 2024/02/18-17:15:33  294.5104    0.1237  133.3317   94.4462     6869.8903     6862.2214     6877.5592 -37.325206  90.015908   0.001044  -0.000394
1 55066U 23001BK  24050.90045742  .00014513  00000-0  58786-3 0  9991 | 2 55066  97.4477 113.6960 0011208 222.1734 137.8642 15.24715767 62746 | 2024/02/19-21:36:39  359.7682    0.1237  137.9503   94.4438     6869.7761     6862.0764     6877.4757 -39.162657  89.231948   0.001023  -0.000458
1 55066U 23001BK  24052.14737645  .00013783  00000-0  55789-3 0  9997 | 2 55066  97.4473 114.9359 0011303 217.3125 142.7329 15.24752259 62939 | 2024/02/21-03:32:13   88.6404    0.1237  142.8112   94.4416     6869.6665     6861.9017     6877.4312 -41.084177  88.363265   0.001000  -0.000526
1 55066U 23001BK  24053.72239238  .00013564  00000-0  54836-3 0  9996 | 2 55066  97.4467 116.5018 0011442 211.6714 148.3836 15.24794436 63172 | 2024/02/22-17:20:14  295.6231    0.1237  148.4523   94.4390     6869.5398     6861.6796     6877.3999 -43.483244  87.207034   0.000972  -0.000603
1 55066U 23001BK  24055.16611705  .00013500  00000-0  54511-3 0  9999 | 2 55066  97.4463 117.9371 0011538 206.0672 153.9986 15.24835875 63397 | 2024/02/24-03:59:12   95.3408    0.1237  154.0565   94.4364     6869.4153     6861.4894     6877.3412 -45.653783  86.090147   0.000933  -0.000678
1 55066U 23001BK  24056.74104594  .00017675  00000-0  71134-3 0  9994 | 2 55066  97.4454 119.5030 0011656 200.4110 159.6664 15.24884322 63637 | 2024/02/25-17:47:06  302.2901    0.1237  159.7127   94.4334     6869.2698     6861.2630     6877.2766 -47.988851  84.809646   0.000892  -0.000751
1 55066U 23001BK  24058.11906594  .00016426  00000-0  66049-3 0  9999 | 2 55066  97.4450 120.8730 0011777 195.4756 164.6123 15.24928134 63847 | 2024/02/27-02:51:27   78.3550    0.1237  164.6481   94.4307     6869.1382     6861.0485     6877.2280 -50.002620  83.637707   0.000852  -0.000813
1 55066U 23001BK  24059.43143031  .00013517  00000-0  54363-3 0  9998 | 2 55066  97.4447 122.1783 0011873 190.5669 169.5321 15.24964352 64041 | 2024/02/28-10:21:15  190.7833    0.1237  169.5568   94.4284     6869.0295     6860.8739     6877.1851 -51.894736  82.476700   0.000806  -0.000872
1 55066U 23001BK  24060.61253511  .00011325  00000-0  45571-3 0  9991 | 2 55066  97.4444 123.3532 0012018 186.4666 173.6418 15.24990062 64226 | 2024/02/29-14:42:03  255.9609    0.1236  173.6570   94.4268     6868.9523     6860.6972     6877.2074 -53.574799  81.395037   0.000770  -0.000923
1 55066U 23001BK  24062.12169266  .00013792  00000-0  55349-3 0  9996 | 2 55066  97.4442 124.8541 0012139 181.4109 178.7097 15.25029703 64451 | 2024/03/02-02:55:14   79.2320    0.1237  178.7128   94.4244     6868.8332     6860.4952     6877.1713 -55.688255  79.963681   0.000718  -0.000979
1 55066U 23001BK  24063.17151610  .00013450  00000-0  53937-3 0  9998 | 2 55066  97.4444 125.8982 0012226 177.5194 182.6107 15.25060200 64611 | 2024/03/03-04:06:58   97.1496    0.1237  182.6043   94.4225     6868.7417     6860.3439     6877.1394 -57.136223  78.935817   0.000673  -0.001020
1 55066U 23001BK  24064.41815205  .00017722  00000-0  70839-3 0  9999 | 2 55066  97.4443 127.1382 0012348 173.2098 186.9309 15.25103999 64805 | 2024/03/04-10:02:08  185.9167    0.1237  186.9139   94.4198     6868.6102     6860.1288     6877.0915 -58.830984  77.680801   0.000624  -0.001066
1 55066U 23001BK  24065.59913999  .00014761  00000-0  59001-3 0  9996 | 2 55066  97.4445 128.3130 0012420 169.4513 190.6988 15.25145180 64983 | 2024/03/05-14:22:45  251.0522    0.1237  190.6724   94.4172     6868.4865     6859.9559     6877.0172 -60.411407  76.458436   0.000579  -0.001099
1 55066U 23001BK  24067.17374664  .00013987  00000-0  55842-3 0  9990 | 2 55066  97.4444 129.8790 0012580 164.0509 196.1127 15.25193452 65222 | 2024/03/07-04:10:11   97.8831    0.1237  196.0728   94.4143     6868.3416     6859.7012     6876.9820 -62.478271  74.778852   0.000510  -0.001150
1 55066U 23001BK  24068.42027561  .00015077  00000-0  60095-3 0  9998 | 2 55066  97.4440 131.1190 0012666 159.8310 200.3431 15.25231412 65411 | 2024/03/08-10:05:11  186.6117    0.1237  200.2927   94.4119     6868.2276     6859.5283     6876.9269 -64.081620  73.408985   0.000453  -0.001183
1 55066U 23001BK  24069.60116994  .00014105  00000-0  56187-3 0  9996 | 2 55066  97.4433 132.2934 0012730 156.0770 204.1062 15.25265233 65591 | 2024/03/09-14:25:41  251.7141    0.1237  204.0467   94.4098     6868.1261     6859.3830     6876.8692 -65.572258  72.079649   0.000401  -0.001208
1 55066U 23001BK  24070.91324412  .00013548  00000-0  53921-3 0  9991 | 2 55066  97.4429 133.5984 0012825 151.7286 208.4650 15.25302267 65795 | 2024/03/10-21:55:04    4.0386    0.1237  208.3951   94.4075     6868.0149     6859.2067     6876.8232 -67.196558  70.567283   0.000339  -0.001237
1 55066U 23001BK  24072.42208934  .00011959  00000-0  47581-3 0  9998 | 2 55066  97.4422 135.0994 0012935 146.8575 213.3476 15.25342841 66024 | 2024/03/12-10:07:48  187.1976    0.1237  213.2662   94.4050     6867.8931     6859.0095     6876.7768 -69.021472  68.782402   0.000268  -0.001265
1 55066U 23001BK  24073.60289903  .00013346  00000-0  53007-3 0  9996 | 2 55066  97.4418 136.2741 0012978 143.1935 217.0196 15.25373429 66205 | 2024/03/13-14:28:10  252.2702    0.1237  216.9302   94.4031     6867.8013     6858.8883     6876.7144 -70.416781  67.352664   0.000213  -0.001280
1 55066U 23001BK  24075.11167442  .00013880  00000-0  55040-3 0  9999 | 2 55066  97.4415 137.7749 0013075 138.2789 221.9448 15.25416820 66439 | 2024/03/15-02:40:48   75.4051    0.1237  221.8448   94.4004     6867.6711     6858.6916     6876.6506 -72.156430  65.485078   0.000138  -0.001300
1 55066U 23001BK  24076.16123153  .00011244  00000-0  44620-3 0  9990 | 2 55066  97.4416 138.8191 0013087 134.8084 225.4220 15.25444567 66599 | 2024/03/16-03:52:10   93.2292    0.1237  225.3153   94.3987     6867.5878     6858.6002     6876.5754 -73.337905  64.159311   0.000083  -0.001306
1 55066U 23001BK  24077.73553424  .00011345  00000-0  44967-3 0  9998 | 2 55066  97.4412 140.3846 0013159 130.1655 230.0737 15.25482295 66835 | 2024/03/17-17:39:10  299.9556    0.1237  229.9582   94.3964     6867.4746     6858.4377     6876.5115 -75.063038  62.131536   0.000013  -0.001316
1 55066U 23001BK  24079.11301632  .00013612  00000-0  53817-3 0  9997 | 2 55066  97.4412 141.7549 0013246 125.8425 234.4046 15.25519732 67045 | 2024/03/19-02:42:44   75.8287    0.1238  234.2813   94.3941     6867.3622     6858.2657     6876.4587 -76.527383  60.318713  -0.000056  -0.001323
1 55066U 23001BK  24080.16249753  .00017325  00000-0  68299-3 0  9994 | 2 55066  97.4414 142.7993 0013186 122.1194 238.1326 15.25561345 67204 | 2024/03/20-03:53:59   93.6270    0.1238  238.0044   94.3915     6867.2373     6858.1822     6876.2925 -77.614271  58.913932  -0.000117  -0.001313
1 55066U 23001BK  24081.40872153  .00019703  00000-0  77500-3 0  9995 | 2 55066  97.4410 144.0393 0013201 118.5640 241.6928 15.25609486 67398 | 2024/03/21-09:48:33  182.2512    0.1237  241.5597   94.3885     6867.0929     6858.0276     6876.1581 -78.870692  57.220298  -0.000170  -0.001309
1 55066U 23001BK  24082.72048844  .00019364  00000-0  76035-3 0  9998 | 2 55066  97.4409 145.3441 0013214 114.7900 245.4714 15.25670274 67595 | 2024/03/22-17:17:30  294.4708    0.1237  245.3337   94.3847     6866.9105     6857.8365     6875.9844 -80.153127  55.409432  -0.000226  -0.001302
1 55066U 23001BK  24084.42569934  .00023385  00000-0  91465-3 0  9997 | 2 55066  97.4401 147.0405 0013268 109.4082 250.8592 15.25761324 67857 | 2024/03/24-10:13:00  188.3251    0.1238  250.7156   94.3791     6866.6373     6857.5266     6875.7479 -81.757636  53.011904  -0.000311  -0.001290
1 55066U 23001BK  24085.73732273  .00038408  00000-0  14934-2 0  9997 | 2 55066  97.4396 148.3458 0013141 105.2164 255.0528 15.25852837 68056 | 2024/03/25-17:41:44  300.4952    0.1238  254.9074   94.3735     6866.3627     6857.3396     6875.3858 -82.943596  51.135462  -0.000372  -0.001260
1 55066U 23001BK  24086.91773904  .00019170  00000-0  74794-3 0  9990 | 2 55066  97.4393 149.5206 0013170 101.4065 258.8653 15.25886022 68230 | 2024/03/26-22:01:32    5.4312    0.1238  258.7173   94.3714     6866.2632     6857.2203     6875.3060 -83.974317  49.423994  -0.000430  -0.001245
1 55066U 23001BK  24088.16369700  .00016275  00000-0  63480-3 0  9997 | 2 55066  97.4390 150.7605 0013144  97.4497 262.8236 15.25931063 68427 | 2024/03/28-03:55:43   93.9627    0.1239  262.6742   94.3686     6866.1281     6857.1032     6875.1529 -85.023862  47.595185  -0.000488  -0.001220
1 55066U 23001BK  24090.13092801  .00016365  00000-0  63703-3 0  9990 | 2 55066  97.4382 152.7183 0013059  91.2925 268.9810 15.25997901 68725 | 2024/03/30-03:08:32   82.1469    0.1239  268.8314   94.3645     6865.9276     6856.9613     6874.8938 -86.599533  44.662330  -0.000572  -0.001174
1 55066U 23001BK  24091.18008406  .00020991  00000-0  81486-3 0  9992 | 2 55066  97.4381 153.7624 0013035  87.9278 272.3452 15.26036852 68880 | 2024/03/31-04:19:19   99.8335    0.1237  272.1959   94.3621     6865.8107     6856.8611     6874.7603 -87.398901  43.076856  -0.000618  -0.001148
1 55066U 23001BK  24092.42592302  .00015420  00000-0  59914-3 0  9995 | 2 55066  97.4382 155.0024 0012931  83.9057 276.3655 15.26074402 69079 | 2024/04/01-10:13:19  188.3253    0.1239  276.2182   94.3598     6865.6981     6856.8201     6874.5761 -88.310724  41.175464  -0.000668  -0.001107
1 55066U 23001BK  24093.60616323  .00013722  00000-0  53308-3 0  9990 | 2 55066  97.4383 156.1774 0012869  80.3888 279.8804 15.26108370 69253 | 2024/04/02-14:32:52  253.2021    0.1239  279.7351   94.3577     6865.5962     6856.7609     6874.4316 -89.136598  39.355930  -0.000709  -0.001074
1 55066U 23001BK  24094.72081328  .00011783  00000-0  45790-3 0  9996 | 2 55066  97.4382 157.2869 0012798  76.8370 283.4295 15.26134565 69425 | 2024/04/03-17:17:58  294.4680    0.1238  283.2868   94.3560     6865.5177     6856.7312     6874.3042 -89.881851  37.622542  -0.000750  -0.001037
1 55066U 23001BK  24095.83544528  .00011472  00000-0  44560-3 0  9994 | 2 55066  97.4386 158.3964 0012794  73.4847 286.7796 15.26158989 69591 | 2024/04/04-20:03:02  335.7268    0.1239  286.6392   94.3545     6865.4444     6856.6608     6874.2281 -90.593865  35.875233  -0.000790  -0.001007
1 55066U 23001BK  24097.14674982  .00012882  00000-0  49938-3 0  9998 | 2 55066  97.4383 159.7014 0012715  69.2892 290.9708 15.26194965 69791 | 2024/04/06-03:31:19   87.7882    0.1239  290.8347   94.3523     6865.3365     6856.6072     6874.0658 -91.387129  33.802587  -0.000834  -0.000959
1 55066U 23001BK  24099.11365149  .00012365  00000-0  47881-3 0  9990 | 2 55066  97.4376 161.6592 0012573  63.0765 297.1756 15.26245273 70095 | 2024/04/08-02:43:39   75.8616    0.1238  297.0473   94.3492     6865.1857     6856.5541     6873.8173 -92.487930  30.660539  -0.000893  -0.000885
1 55066U 23001BK  24100.16263852  .00011000  00000-0  42601-3 0  9996 | 2 55066  97.4370 162.7032 0012498  59.8252 300.4223 15.26271133 70259 | 2024/04/09-03:54:11   93.4915    0.1239  300.2987   94.3476     6865.1081     6856.5281     6873.6881 -93.030646  28.970120  -0.000921  -0.000845
1 55066U 23001BK  24102.12944190  .00012684  00000-0  49000-3 0  9994 | 2 55066  97.4363 164.6614 0012289  53.3507 306.8859 15.26320748 70553 | 2024/04/11-03:06:23   81.5320    0.1239  306.7732   94.3445     6864.9593     6856.5230     6873.3957 -93.965563  25.774124  -0.000968  -0.000757
1 55066U 23001BK  24103.63728133  .00012755  00000-0  49216-3 0  9996 | 2 55066  97.4357 166.1624 0012170  48.5001 311.7280 15.26359469 70788 | 2024/04/12-15:17:41  264.3479    0.1239  311.6238   94.3421     6864.8432     6856.4887     6873.1978 -94.607876  23.303765  -0.001001  -0.000692
1 55066U 23001BK  24104.75174459  .00014050  00000-0  54125-3 0  9991 | 2 55066  97.4354 167.2716 0012046  44.7850 315.4359 15.26391861 70950 | 2024/04/13-18:02:30  305.5511    0.1239  315.3389   94.3401     6864.7461     6856.4768     6873.0154 -95.040969  21.467915  -0.001021  -0.000639
1 55066U 23001BK  24106.12839982  .00017998  00000-0  69124-3 0  9992 | 2 55066  97.4352 168.6421 0011878  40.0629 320.1483 15.26438825 71168 | 2024/04/15-03:04:53   81.1431    0.1239  320.0610   94.3372     6864.6053     6856.4515     6872.7591 -95.527043  19.188596  -0.001042  -0.000571
1 55066U 23001BK  24107.43945704  .00024464  00000-0  93619-3 0  9999 | 2 55066  97.4354 169.9475 0011801  35.5925 324.6098 15.26496490 71362 | 2024/04/16-10:32:49  193.1194    0.1239  324.5314   94.3337     6864.4324     6856.3317     6872.5332 -95.939594  17.007396  -0.001065  -0.000509
1 55066U 23001BK  24108.61935828  .00021726  00000-0  83053-3 0  9995 | 2 55066  97.4355 171.1221 0011609  31.6022 328.5911 15.26558874 71540 | 2024/04/17-14:51:52  257.8812    0.1239  328.5217   94.3298     6864.2454     6856.2767     6872.2141 -96.268171  15.037153  -0.001071  -0.000448
1 55066U 23001BK  24109.73366630  .00025247  00000-0  96259-3 0  9992 | 2 55066  97.4355 172.2315 0011497  27.4828 332.7017 15.26616567 71715 | 2024/04/18-17:36:28  299.0298    0.1240  332.6412   94.3262     6864.0725     6856.1809     6871.9641 -96.541267  13.170440  -0.001082  -0.000388
1 55066U 23001BK  24111.11009722  .00035871  00000-0  13606-2 0  9991 | 2 55066  97.4355 173.6019 0011512  22.2607 337.9129 15.26712676 71929 | 2024/04/20-02:38:32   74.5421    0.1239  337.8632   94.3203     6863.7844     6855.8828     6871.6860 -96.828634  10.857820  -0.001107  -0.000315
1 55066U 23001BK  24112.22429698  .00021231  00000-0  80672-3 0  9995 | 2 55066  97.4354 174.7115 0011362  18.3986 341.7662 15.26766177 72095 | 2024/04/21-05:22:59  115.6515    0.1240  341.7254   94.3170     6863.6241     6855.8256     6871.4225 -97.020639   8.980692  -0.001107  -0.000258
1 55066U 23001BK  24113.73166766  .00025650  00000-0  97100-3 0  9999 | 2 55066  97.4351 176.2141 0011104  12.8559 347.2960 15.26854393 72323 | 2024/04/22-17:33:36  298.3009    0.1239  347.2680   94.3115     6863.3597     6855.7386     6870.9808 -97.222472   6.433479  -0.001097  -0.000175
1 55066U 23001BK  24115.10789330  .00023391  00000-0  88409-3 0  9992 | 2 55066  97.4347 177.5846 0011084   7.5418 352.5986 15.26924990 72537 | 2024/04/24-02:35:21   73.7397    0.1240  352.5822   94.3072     6863.1481     6855.5410     6870.7552 -97.348133   4.106307  -0.001104  -0.000099
1 55066U 23001BK  24116.15640284  .00021284  00000-0  80368-3 0  9997 | 2 55066  97.4338 178.6285 0011031   3.6640 356.4678 15.26977824 72694 | 2024/04/25-03:45:13   91.2012    0.1240  356.4600   94.3039     6862.9898     6855.4193     6870.5604 -97.405887   2.332069  -0.001102  -0.000044
1 55066U 23001BK  24117.66357621  .00024374  00000-0  91760-3 0  9995 | 2 55066  97.4334 180.1297 0010767 357.3999   2.7182 15.27050800 72926 | 2024/04/26-15:55:32  273.7817    0.1240    2.7241   94.2994     6862.7712     6855.3820     6870.1603 -97.433150  -0.220559  -0.001076   0.000046
1 55066U 23001BK  24118.71200123  .00020962  00000-0  78872-3 0  9994 | 2 55066  97.4334 181.1744 0010638 353.7260   6.3844 15.27101760 73087 | 2024/04/27-17:05:16  291.2111    0.1240    6.3980   94.2963     6862.6185     6855.3180     6869.9189 -97.412933  -1.996967  -0.001060   0.000095
1 55066U 23001BK  24119.89144374  .00013699  00000-0  51629-3 0  9999 | 2 55066  97.4331 182.3499 0010546 349.6471  10.4549 15.27140760 73261 | 2024/04/28-21:23:40  355.8058    0.1240   10.4769   94.2939     6862.5017     6855.2645     6869.7388 -97.351165  -3.994951  -0.001044   0.000147
1 55066U 23001BK  24121.13638187  .00012493  00000-0  47068-3 0  9992 | 2 55066  97.4333 183.5896 0010582 344.6525  15.4391 15.27174877 73459 | 2024/04/30-03:16:23   83.9813    0.1239   15.4714   94.2918     6862.3994     6855.1377     6869.6612 -97.242147  -6.100237  -0.001036   0.000216
1 55066U 23001BK  24122.44681649  .00016209  00000-0  60896-3 0  9991 | 2 55066  97.4333 184.8959 0010337 339.4187  20.6634 15.27210776 73656 | 2024/05/01-10:43:24  195.7326    0.1240   20.7053   94.2895     6862.2919     6855.1984     6869.3855 -97.077805  -8.315506  -0.000995   0.000279
1 55066U 23001BK  24123.75721930  .00013352  00000-0  50178-3 0  9992 | 2 55066  97.4337 186.2018 0010217 334.4215  25.6518 15.27245458 73859 | 2024/05/02-18:10:23  307.4721    0.1240   25.7025   94.2874     6862.1880     6855.1769     6869.1991 -96.863476 -10.525820  -0.000964   0.000339
1 55066U 23001BK  24124.87103156  .00013231  00000-0  49671-3 0  9992 | 2 55066  97.4338 187.3116 0010135 329.9194  30.1462 15.27282669 74029 | 2024/05/03-20:54:17  348.4402    0.1240   30.2046   94.2851     6862.0766     6855.1218     6869.0313 -96.641536 -12.399954  -0.000935   0.000392
1 55066U 23001BK  24126.11585797  .00013618  00000-0  51071-3 0  9992 | 2 55066  97.4340 188.5522 0010045 324.9594  35.0983 15.27312997 74216 | 2024/05/05-02:46:50   76.5720    0.1240   35.1646   94.2832     6861.9857     6855.0929     6868.8786 -96.350611 -14.489450  -0.000899   0.000448
1 55066U 23001BK  24127.16411488  .00015351  00000-0  57473-3 0  9991 | 2 55066  97.4337 189.5968 0009943 320.8583  39.1936 15.27339886 74371 | 2024/05/06-03:56:19   93.9389    0.1240   39.2657   94.2816     6861.9052     6855.0824     6868.7280 -96.070149 -16.243530  -0.000865   0.000490
1 55066U 23001BK  24128.40889341  .00017916  00000-0  66934-3 0  9997 | 2 55066  97.4331 190.8372 0009917 315.8558  44.1889 15.27377937 74569 | 2024/05/07-09:48:48  182.0529    0.1240   44.2682   94.2792     6861.7912     6854.9864     6868.5961 -95.695418 -18.319278  -0.000829   0.000545
1 55066U 23001BK  24129.91568976  .00017477  00000-0  65212-3 0  9992 | 2 55066  97.4326 192.3389 0009876 309.6794  50.3574 15.27423808 74799 | 2024/05/08-21:58:35    4.4909    0.1240   50.4446   94.2764     6861.6538     6854.8773     6868.4304 -95.181977 -20.820731  -0.000778   0.000608
1 55066U 23001BK  24131.42243407  .00020698  00000-0  77019-3 0  9997 | 2 55066  97.4323 193.8408 0009851 303.1495  56.8799 15.27479126 75025 | 2024/05/10-10:08:18  186.9095    0.1240   56.9745   94.2730     6861.4882     6854.7289     6868.2474 -94.603273 -23.308236  -0.000720   0.000672
1 55066U 23001BK  24132.73257776  .00054525  00000-0  20079-2 0  9995 | 2 55066  97.4320 195.1471 0009845 297.8004  62.2236 15.27602797 75226 | 2024/05/11-17:34:54  298.5517    0.1239   62.3235   94.2653     6861.1178     6854.3631     6867.8726 -94.047033 -25.458795  -0.000671   0.000721
1 55066U 23001BK  24133.91162619  .00020002  00000-0  74043-3 0  9991 | 2 55066  97.4319 196.3225 0009750 293.0996  66.9215 15.27660064 75406 | 2024/05/12-21:52:44    2.9987    0.1239   67.0243   94.2618     6860.9464     6854.2569     6867.6358 -93.504907 -27.382612  -0.000619   0.000753
1 55066U 23001BK  24135.15613925  .00016413  00000-0  60754-3 0  9995 | 2 55066  97.4322 197.5635 0009719 288.1464  71.8716 15.27704337 75591 | 2024/05/14-03:44:50   91.0122    0.1239   71.9775   94.2591     6860.8138     6854.1458     6867.4818 -92.890213 -29.401394  -0.000567   0.000789
1 55066U 23001BK  24136.72810126  .00021115  00000-0  77880-3 0  9994 | 2 55066  97.4319 199.1304 0009742 281.6698  78.3448 15.27767940 75831 | 2024/05/15-17:28:27  296.9044    0.1240   78.4542   94.2552     6860.6234     6853.9398     6867.3070 -92.051239 -31.930307  -0.000499   0.000837
1 55066U 23001BK  24137.90702370  .00024034  00000-0  88411-3 0  9991 | 2 55066  97.4321 200.3061 0009780 276.8619  83.1508 15.27829155 76019 | 2024/05/16-21:46:06    1.3047    0.1240   83.2621   94.2514     6860.4401     6853.7306     6867.1496 -91.376889 -33.812398  -0.000447   0.000870
1 55066U 23001BK  24139.15138914  .00027319  00000-0  10020-2 0  9996 | 2 55066  97.4320 201.5465 0009862 271.9862  88.0248 15.27898361 76207 | 2024/05/18-03:38:00   89.2641    0.1239   88.1377   94.2471     6860.2330     6853.4674     6866.9985 -90.623434 -35.782507  -0.000394   0.000904
1 55066U 23001BK  24140.72313684  .00024275  00000-0  88866-3 0  9992 | 2 55066  97.4324 203.1142 0010003 265.4753  94.5344 15.27983714 76449 | 2024/05/19-17:21:19  295.0760    0.1240   94.6487   94.2418     6859.9775     6853.1155     6866.8395 -89.610939 -38.248557  -0.000319   0.000948
1 55066U 23001BK  24142.16383826  .00020266  00000-0  74129-3 0  9990 | 2 55066  97.4323 204.5514 0010046 260.1500  99.8605 15.28047484 76663 | 2024/05/21-03:55:55   93.7106    0.1239   99.9739   94.2379     6859.7866     6852.8953     6866.6780 -88.623337 -40.484037  -0.000255   0.000972
1 55066U 23001BK  24144.12834308  .00017612  00000-0  64332-3 0  9990 | 2 55066  97.4319 206.5113 0010212 252.6360 107.3763 15.28121229 76963 | 2024/05/23-03:04:48   80.9069    0.1239  107.4879   94.2334     6859.5659     6852.5610     6866.5709 -87.186580 -43.491097  -0.000162   0.001008
1 55066U 23001BK  24145.17603881  .00019864  00000-0  72405-3 0  9997 | 2 55066  97.4316 207.5560 0010254 248.5030 111.5116 15.28165248 77128 | 2024/05/24-04:13:29   98.0630    0.1239  111.6209   94.2306     6859.4342     6852.4005     6866.4679 -86.378872 -45.073353  -0.000108   0.001020
1 55066U 23001BK  24146.42013973  .00015888  00000-0  57915-3 0  9994 | 2 55066  97.4312 208.7970 0010394 243.2002 116.8175 15.28210577 77318 | 2024/05/25-10:05:00  185.9215    0.1239  116.9237   94.2279     6859.2986     6852.1690     6866.4281 -85.382069 -46.933368  -0.000036   0.001039
1 55066U 23001BK  24147.72968449  .00013740  00000-0  50074-3 0  9999 | 2 55066  97.4308 210.1035 0010553 238.3361 121.6850 15.28249695 77511 | 2024/05/26-17:30:44  297.3385    0.1239  121.7878   94.2254     6859.1815     6851.9430     6866.4200 -84.289410 -48.867741   0.000029   0.001055
1 55066U 23001BK  24149.17014837  .00012944  00000-0  47136-3 0  9993 | 2 55066  97.4308 211.5407 0010653 232.6579 127.3691 15.28288813 77733 | 2024/05/28-04:05:00   95.8822    0.1239  127.4660   94.2230     6859.0645     6851.7575     6866.3714 -83.037230 -50.966451   0.000108   0.001060
1 55066U 23001BK  24150.61057960  .00011433  00000-0  41633-3 0  9996 | 2 55066  97.4306 212.9781 0010706 227.9632 132.0697 15.28321085 77959 | 2024/05/29-14:39:14  254.4139    0.1239  132.1607   94.2210     6858.9679     6851.6247     6866.3111 -81.732453 -53.033271   0.000169   0.001057
1 55066U 23001BK  24151.72361759  .00014970  00000-0  54351-3 0  9993 | 2 55066  97.4307 214.0886 0010790 223.9084 136.1299 15.28352370 78123 | 2024/05/30-17:22:00  295.0887    0.1239  136.2155   94.2191     6858.8743     6851.4736     6866.2750 -80.689365 -54.607396   0.000224   0.001055
1 55066U 23001BK  24153.16397336  .00015147  00000-0  54895-3 0  9993 | 2 55066  97.4310 215.5257 0010883 218.6470 141.3991 15.28407198 78348 | 2024/06/01-03:56:07   93.5915    0.1238  141.4768   94.2157     6858.7103     6851.2460     6866.1746 -79.294703 -56.614043   0.000297   0.001047
1 55066U 23001BK  24155.12803413  .00015239  00000-0  55135-3 0  9999 | 2 55066  97.4312 217.4855 0010969 211.4626 148.5959 15.28460960 78646 | 2024/06/03-03:04:22   80.6171    0.1239  148.6613   94.2124     6858.5495     6851.0263     6866.0726 -77.312376 -59.292793   0.000394   0.001024
1 55066U 23001BK  24156.17550315  .00018672  00000-0  67385-3 0  9999 | 2 55066  97.4314 218.5311 0011228 207.2175 152.8477 15.28496444 78805 | 2024/06/04-04:12:43   97.6861    0.1238  152.9063   94.2102     6858.4433     6850.7426     6866.1440 -76.217675 -60.693852   0.000461   0.001024
1 55066U 23001BK  24157.41934065  .00015971  00000-0  57626-3 0  9991 | 2 55066  97.4311 219.7725 0011366 202.7913 157.2823 15.28535733 78996 | 2024/06/05-10:03:51  185.4438    0.1238  157.3325   94.2078     6858.3258     6850.5306     6866.1210 -74.884634 -62.330657   0.000524   0.001009
1 55066U 23001BK  24159.90690559  .00022106  00000-0  79346-3 0  9995 | 2 55066  97.4306 222.2555 0011583 194.1979 165.8936 15.28634782 79374 | 2024/06/07-21:45:56    0.9181    0.1238  165.9259   94.2017     6858.0295     6850.0859     6865.9732 -72.113608 -65.516024   0.000640   0.000965
1 55066U 23001BK  24161.15062922  .00017728  00000-0  63632-3 0  9997 | 2 55066  97.4300 223.4968 0011704 189.9903 170.1106 15.28678959 79566 | 2024/06/09-03:36:54   88.6338    0.1239  170.1336   94.1990     6857.8974     6849.8709     6865.9239 -70.676971 -67.062439   0.000696   0.000941
1 55066U 23001BK  24162.72160003  .00016140  00000-0  57877-3 0  9991 | 2 55066  97.4299 225.0652 0011842 184.9577 175.1547 15.28728814 79803 | 2024/06/10-17:19:06  294.1518    0.1238  175.1661   94.1959     6857.7483     6849.6273     6865.8692 -68.814901 -68.971696   0.000761   0.000907
1 55066U 23001BK  24164.16160721  .00015601  00000-0  55870-3 0  9990 | 2 55066  97.4300 226.5029 0011940 180.1844 179.9394 15.28779145 80025 | 2024/06/12-03:52:42   92.5246    0.1239  179.9395   94.1928     6857.5978     6849.4098     6865.7857 -67.062809 -70.676619   0.000819   0.000869
1 55066U 23001BK  24165.73247713  .00013691  00000-0  49007-3 0  9993 | 2 55066  97.4298 228.0713 0012100 175.0275 185.1087 15.28823350 80260 | 2024/06/13-17:34:46  298.0053    0.1239  185.0964   94.1901     6857.4656     6849.1680     6865.7631 -65.103109 -72.485523   0.000884   0.000827
1 55066U 23001BK  24167.43420081  .00014769  00000-0  52754-3 0  9993 | 2 55066  97.4300 229.7702 0012229 169.2887 190.8615 15.28873854 80529 | 2024/06/15-10:25:14  190.5902    0.1238  190.8351   94.1870     6857.3146     6848.9288     6865.7004 -62.925639 -74.383929   0.000950   0.000771
1 55066U 23001BK  24168.87407517  .00015965  00000-0  56913-3 0  9991 | 2 55066  97.4304 231.2079 0012312 164.7695 195.3918 15.28919792 80740 | 2024/06/16-20:58:40  348.9154    0.1239  195.3544   94.1841     6857.1772     6848.7347     6865.6198 -61.039790 -75.939627   0.000996   0.000723
1 55066U 23001BK  24169.92123242  .00014069  00000-0  50155-3 0  9994 | 2 55066  97.4307 232.2535 0012399 161.3961 198.7734 15.28946858 80909 | 2024/06/17-22:06:34    5.8704    0.1238  198.7277   94.1825     6857.0963     6848.5942     6865.5984 -59.644052 -77.041082   0.001032   0.000687
1 55066U 23001BK  24171.16470573  .00012349  00000-0  44019-3 0  9996 | 2 55066  97.4309 233.4952 0012498 157.2380 202.9416 15.28980186 81094 | 2024/06/19-03:57:10   93.4946    0.1239  202.8859   94.1804     6856.9966     6848.4268     6865.5665 -57.960681 -78.315642   0.001074   0.000639
1 55066U 23001BK  24172.60448363  .00011972  00000-0  42638-3 0  9994 | 2 55066  97.4307 234.9331 0012578 152.7064 207.4840 15.29016874 81318 | 2024/06/20-14:30:27  251.7850    0.1240  207.4176   94.1782     6856.8869     6848.2624     6865.5115 -55.977104 -79.745251   0.001114   0.000584
1 55066U 23001BK  24173.71701494  .00013122  00000-0  46654-3 0  9995 | 2 55066  97.4301 236.0442 0012622 149.1785 211.0199 15.29047487 81488 | 2024/06/21-17:12:30  292.2738    0.1240  210.9455   94.1763     6856.7954     6848.1408     6865.4501 -54.419893 -80.815219   0.001142   0.000538
1 55066U 23001BK  24175.61481646  .00012395  00000-0  44026-3 0  9992 | 2 55066  97.4295 237.9396 0012691 143.2236 216.9877 15.29092797 81773 | 2024/06/23-14:45:20  255.4446    0.1239  216.9003   94.1735     6856.6600     6847.9582     6865.3618 -51.716842 -82.570429   0.001184   0.000458
1 55066U 23001BK  24176.72729490  .00012697  00000-0  45054-3 0  9994 | 2 55066  97.4294 239.0511 0012613 139.3431 220.8753 15.29120026 81944 | 2024/06/24-17:27:18  295.9147    0.1239  220.7808   94.1718     6856.5786     6847.9304     6865.2268 -50.105348 -83.558016   0.001197   0.000398
1 55066U 23001BK  24178.16693688  .00014639  00000-0  51818-3 0  9996 | 2 55066  97.4292 240.4887 0012664 134.6953 225.5321 15.29165480 82168 | 2024/06/26-04:00:23   94.1582    0.1240  225.4287   94.1690     6856.4427     6847.7597     6865.1257 -47.993157 -84.788596   0.001222   0.000332
1 55066U 23001BK  24179.73740405  .00017146  00000-0  60522-3 0  9998 | 2 55066  97.4291 242.0575 0012834 130.3296 229.9067 15.29220033 82409 | 2024/06/27-17:41:51  299.4966    0.1239  229.7943   94.1657     6856.2796     6847.4803     6865.0790 -45.653837 -86.070649   0.001254   0.000275
1 55066U 23001BK  24181.50410353  .00021349  00000-0  75072-3 0  9998 | 2 55066  97.4295 243.8223 0012868 124.7807 235.4646 15.29298172 82677 | 2024/06/29-12:05:54  215.4760    0.1239  235.3432   94.1608     6856.0461     6847.2237     6864.8684 -42.981667 -87.436170   0.001272   0.000192
1 55066U 23001BK  24182.68185596  .00017535  00000-0  61657-3 0  9992 | 2 55066  97.4299 244.9987 0012819 121.1803 239.0695 15.29341498 82857 | 2024/06/30-16:21:52  279.4468    0.1239  238.9436   94.1582     6855.9166     6847.1280     6864.7052 -41.177658 -88.300543   0.001274   0.000138
1 55066U 23001BK  24183.92500454  .00017588  00000-0  61764-3 0  9991 | 2 55066  97.4301 246.2406 0012775 117.0351 243.2194 15.29384554 83048 | 2024/07/01-22:12:00    6.9590    0.1239  243.0888   94.1555     6855.7879     6847.0297     6864.5462 -39.254281 -89.172450   0.001275   0.000073
1 55066U 23001BK  24185.69152330  .00014707  00000-0  51618-3 0  9990 | 2 55066  97.4305 248.0060 0012808 111.9518 248.3084 15.29442471 83310 | 2024/07/03-16:35:47  282.8758    0.1239  248.1721   94.1520     6855.6148     6846.8342     6864.3955 -36.488648 -90.339808   0.001281  -0.000001
1 55066U 23001BK  24186.93459079  .00016296  00000-0  57086-3 0  9998 | 2 55066  97.4302 249.2482 0012748 108.0991 252.1639 15.29482165 83507 | 2024/07/04-22:25:48   10.3603    0.1240  252.0249   94.1495     6855.4962     6846.7568     6864.2356 -34.521509 -91.109326   0.001273  -0.000059
1 55066U 23001BK  24188.43931212  .00014753  00000-0  51638-3 0  9992 | 2 55066  97.4297 250.7519 0012739 103.3970 256.8691 15.29530523 83739 | 2024/07/06-10:32:36  192.0363    0.1240  256.7270   94.1465     6855.3517     6846.6187     6864.0848 -32.118610 -91.983375   0.001267  -0.000130
1 55066U 23001BK  24189.74772504  .00016596  00000-0  57963-3 0  9998 | 2 55066  97.4291 252.0596 0012694  99.4790 260.7886 15.29576646 83936 | 2024/07/07-17:56:43  303.0454    0.1240  260.6450   94.1437     6855.2139     6846.5119     6863.9159 -30.010844 -92.691848   0.001256  -0.000187
1 55066U 23001BK  24191.12151759  .00016728  00000-0  58339-3 0  9991 | 2 55066  97.4289 253.4328 0012616  95.1737 265.0943 15.29622651 84143 | 2024/07/09-02:54:59   77.5912    0.1240  264.9503   94.1409     6855.0765     6846.4281     6863.7248 -27.780848 -93.384233   0.001237  -0.000249
1 55066U 23001BK  24192.16819071  .00014974  00000-0  52210-3 0  9997 | 2 55066  97.4287 254.4790 0012605  91.8857 268.3827 15.29654306 84306 | 2024/07/10-04:02:11   94.3786    0.1240  268.2383   94.1389     6854.9819     6846.3412     6863.6226 -26.071097 -93.875713   0.001225  -0.000297
1 55066U 23001BK  24194.13064355  .00016574  00000-0  57645-3 0  9998 | 2 55066  97.4284 256.4402 0012463  85.7032 274.5632 15.29715876 84600 | 2024/07/12-03:08:07   80.8367    0.1240  274.4208   94.1351     6854.7980     6846.2548     6863.3411 -22.843073 -94.712656   0.001186  -0.000382
1 55066U 23001BK  24195.17725127  .00016386  00000-0  56934-3 0  9995 | 2 55066  97.4286 257.4864 0012364  82.3597 277.9047 15.29750687 84767 | 2024/07/13-04:15:14   97.6029    0.1240  277.7643   94.1330     6854.6940     6846.2188     6863.1691 -21.109986 -95.114145   0.001161  -0.000426
1 55066U 23001BK  24197.13957389  .00020286  00000-0  70234-3 0  9993 | 2 55066  97.4288 259.4474 0012207  76.0142 284.2455 15.29823585 85066 | 2024/07/15-03:20:59   84.0169    0.1241  284.1099   94.1285     6854.4762     6846.1089     6862.8435 -17.842927 -95.781006   0.001110  -0.000507
1 55066U 23001BK  24198.70936264  .00020502  00000-0  70846-3 0  9996 | 2 55066  97.4291 261.0165 0012076  70.7635 289.4910 15.29885531 85307 | 2024/07/16-17:01:28  289.1242    0.1240  289.3605   94.1247     6854.2912     6846.0139     6862.5684 -15.213556 -96.233971   0.001064  -0.000571
1 55066U 23001BK  24199.75584769  .00023829  00000-0  82141-3 0  9997 | 2 55066  97.4292 262.0625 0011933  67.8009 292.4497 15.29936681 85467 | 2024/07/17-18:08:25  305.8482    0.1241  292.3232   94.1215     6854.1384     6845.9594     6862.3174 -13.454271 -96.495759   0.001032  -0.000599
1 55066U 23001BK  24201.12931115  .00024514  00000-0  84334-3 0  9991 | 2 55066  97.4290 263.4363 0011812  62.7821 297.4621 15.29997075 85672 | 2024/07/19-03:06:12   80.2814    0.1240  297.3419   94.1178     6853.9580     6845.8621     6862.0539 -11.136892 -96.790390   0.000982  -0.000657
1 55066U 23001BK  24202.43732012  .00018621  00000-0  64065-3 0  9992 | 2 55066  97.4288 264.7441 0011695  58.6056 301.6327 15.30052425 85879 | 2024/07/20-10:29:44  191.1519    0.1241  301.5185   94.1144     6853.7927     6845.7772     6861.8082  -8.924883 -97.019161   0.000938  -0.000698
1 55066U 23001BK  24203.61448571  .00022182  00000-0  76106-3 0  9993 | 2 55066  97.4287 265.9215 0011538  54.5374 305.6941 15.30107433 86051 | 2024/07/21-14:44:51  254.9212    0.1240  305.5866   94.1110     6853.6285     6845.7208     6861.5362  -6.929436 -97.181966   0.000890  -0.000735
1 55066U 23001BK  24205.11858302  .00024657  00000-0  84367-3 0  9994 | 2 55066  97.4284 267.4266 0011443  49.3282 310.8951 15.30176268 86282 | 2024/07/23-02:50:45   76.3819    0.1241  310.7959   94.1068     6853.4229     6845.5806     6861.2653  -4.374458 -97.330146   0.000834  -0.000784
1 55066U 23001BK  24206.16487618  .00019734  00000-0  67545-3 0  9997 | 2 55066  97.4279 268.4732 0011347  46.1485 314.0691 15.30211762 86442 | 2024/07/24-03:57:25   93.0378    0.1241  313.9756   94.1046     6853.3170     6845.5405     6861.0934  -2.595921 -97.393310   0.000797  -0.000808
1 55066U 23001BK  24207.60348968  .00016959  00000-0  58024-3 0  9999 | 2 55066  97.4277 269.9118 0011193  40.8889 319.3189 15.30258156 86664 | 2024/07/25-14:29:01  250.9278    0.1241  319.2352   94.1018     6853.1784     6845.5077     6860.8492  -0.149978 -97.427585   0.000731  -0.000847
1 55066U 23001BK  24209.17283260  .00017033  00000-0  58179-3 0  9991 | 2 55066  97.4275 271.4810 0011069  35.7450 324.4530 15.30314847 86902 | 2024/07/27-04:08:52   95.8787    0.1242  324.3792   94.0983     6853.0092     6845.4236     6860.5948   2.518057 -97.394954   0.000670  -0.000881
1 55066U 23001BK  24210.74211777  .00015112  00000-0  51578-3 0  9992 | 2 55066  97.4277 273.0505 0010878  30.1882 329.9983 15.30366992 87145 | 2024/07/28-17:48:38  300.8101    0.1241  329.9359   94.0951     6852.8535     6845.3990     6860.3080   5.184724 -97.289647   0.000596  -0.000910
1 55066U 23001BK  24212.11520016  .00017313  00000-0  58957-3 0  9997 | 2 55066  97.4280 274.4238 0010736  25.4066 334.7701 15.30413143 87357 | 2024/07/30-02:45:53   75.1096    0.1242  334.7176   94.0922     6852.7157     6845.3587     6860.0728   7.514932 -97.137742   0.000534  -0.000931
1 55066U 23001BK  24213.42285658  .00021318  00000-0  72383-3 0  9991 | 2 55066  97.4283 275.7322 0010595  20.8440 339.3230 15.30464782 87551 | 2024/07/31-10:08:54  185.8561    0.1241  339.2801   94.0891     6852.5616     6845.3013     6859.8219   9.731036 -96.941119   0.000474  -0.000948
1 55066U 23001BK  24214.73047134  .00020594  00000-0  69839-3 0  9998 | 2 55066  97.4282 277.0405 0010457  16.0137 344.1432 15.30513443 87753 | 2024/08/01-17:31:52  296.5881    0.1241  344.1104   94.0861     6852.4163     6845.2508     6859.5819  11.941862 -96.693568   0.000409  -0.000962
1 55066U 23001BK  24215.90728482  .00020439  00000-0  69217-3 0  9998 | 2 55066  97.4282 278.2180 0010329  11.5817 348.5659 15.30562191 87932 | 2024/08/02-21:46:29    0.2327    0.1241  348.5424   94.0831     6852.2708     6845.1931     6859.3486  13.926375 -96.427746   0.000350  -0.000972
1 55066U 23001BK  24217.60706261  .00023487  00000-0  79296-3 0  9992 | 2 55066  97.4275 279.9191 0010163   5.1386 354.9957 15.30634249 88195 | 2024/08/04-14:34:10  252.1402    0.1241  354.9855   94.0786     6852.0558     6845.0920     6859.0195  16.782616 -95.971150   0.000264  -0.000981
1 55066U 23001BK  24218.71840590  .00020973  00000-0  70738-3 0  9998 | 2 55066  97.4271 281.0313 0010006   1.0888 359.0372 15.30690944 88369 | 2024/08/05-17:14:30  292.2153    0.1241  359.0353   94.0752     6851.8866     6845.0306     6858.7426  18.642210 -95.626920   0.000210  -0.000978
1 55066U 23001BK  24219.76434278  .00018986  00000-0  63994-3 0  9993 | 2 55066  97.4267 282.0782 0009906 357.1002   3.0180 15.30733835 88523 | 2024/08/06-18:20:39  308.7444    0.1242    3.0240   94.0725     6851.7586     6844.9712     6858.5459  20.386198 -95.269958   0.000158  -0.000978
1 55066U 23001BK  24221.13708874  .00025730  00000-0  86385-3 0  9997 | 2 55066  97.4262 283.4521 0009868 351.3743   8.7327 15.30798714 88734 | 2024/08/08-03:17:24   82.9233    0.1242    8.7499   94.0685     6851.5650     6844.8039     6858.3261  22.664488 -94.753287   0.000083  -0.000983
1 55066U 23001BK  24222.44440938  .00025332  00000-0  84885-3 0  9997 | 2 55066  97.4260 284.7601 0009741 346.1533  13.9439 15.30865739 88930 | 2024/08/09-10:39:56  193.5491    0.1241   13.9708   94.0644     6851.3650     6844.6911     6858.0389  24.821457 -94.211044   0.000016  -0.000974
1 55066U 23001BK  24223.75166543  .00027965  00000-0  93422-3 0  9990 | 2 55066  97.4258 286.0686 0009663 340.8018  19.2858 15.30945336 89136 | 2024/08/10-18:02:23  304.1509    0.1242   19.3224   94.0595     6851.1275     6844.5073     6857.7478  26.966299 -93.619470  -0.000053  -0.000965
1 55066U 23001BK  24225.12419922  .00039521  00000-0  13127-2 0  9999 | 2 55066  97.4259 287.4425 0009696 335.3697  24.7079 15.31055566 89348 | 2024/08/12-02:58:50   78.2520    0.1241   24.7544   94.0528     6850.7987     6844.1562     6857.4412  29.203270 -92.946086  -0.000121  -0.000962
1 55066U 23001BK  24226.16986012  .00036303  00000-0  12025-2 0  9994 | 2 55066  97.4260 288.4889 0009747 331.5529  28.5179 15.31162773 89504 | 2024/08/13-04:04:35   94.6809    0.1242   28.5713   94.0462     6850.4789     6843.8017     6857.1561  30.895824 -92.397368  -0.000169  -0.000960
1 55066U 23001BK  24227.73823185  .00029566  00000-0  97708-3 0  9994 | 2 55066  97.4263 290.0593 0009541 324.4241  35.6363 15.31283843 89744 | 2024/08/14-17:43:03  299.2806    0.1242   35.7001   94.0387     6850.1178     6843.5821     6856.6535  33.416492 -91.516239  -0.000255  -0.000919
1 55066U 23001BK  24228.91444578  .00029108  00000-0  95996-3 0  9999 | 2 55066  97.4266 291.2376 0009512 319.9004  40.1534 15.31353873 89925 | 2024/08/15-21:56:48    2.7053    0.1242   40.2238   94.0344     6849.9090     6843.3933     6856.4246  35.291453 -90.809998  -0.000308  -0.000900
1 55066U 23001BK  24230.15594370  .00028776  00000-0  94677-3 0  9999 | 2 55066  97.4265 292.4812 0009472 314.8956  45.1515 15.31432977 90117 | 2024/08/17-03:44:33   89.6313    0.1241   45.2285   94.0296     6849.6731     6843.1851     6856.1611  37.253971 -90.022578  -0.000364  -0.000874
1 55066U 23001BK  24231.65872515  .00031821  00000-0  10431-2 0  9995 | 2 55066  97.4267 293.9873 0009486 308.5605  51.4786 15.31530995 90342 | 2024/08/18-15:48:33  270.6157    0.1242   51.5637   94.0236     6849.3808     6842.8835     6855.8782  39.607280 -89.012501  -0.000437  -0.000842
1 55066U 23001BK  24233.61873324  .00029842  00000-0  97494-3 0  9997 | 2 55066  97.4253 295.9505 0009500 300.4017  59.6285 15.31652316 90645 | 2024/08/20-14:50:58  256.1962    0.1242   59.7225   94.0161     6849.0191     6842.5126     6855.5257  42.632774 -87.602144  -0.000526  -0.000791
1 55066U 23001BK  24234.72933971  .00028825  00000-0  94011-3 0  9997 | 2 55066  97.4246 297.0631 0009553 295.8351  64.1905 15.31714056 90815 | 2024/08/21-17:30:14  296.0012    0.1242   64.2891   94.0123     6848.8351     6842.2924     6855.3778  44.325416 -86.757191  -0.000576  -0.000762
1 55066U 23001BK  24235.90522812  .00030109  00000-0  97977-3 0  9998 | 2 55066  97.4241 298.2416 0009536 291.3924  68.6300 15.31778474 90993 | 2024/08/22-21:43:31  359.3048    0.1242   68.7318   94.0084     6848.6431     6842.1122     6855.1739  46.100160 -85.826747  -0.000618  -0.000727
1 55066U 23001BK  24237.14639230  .00026279  00000-0  85426-3 0  9998 | 2 55066  97.4239 299.4857 0009551 286.0466  73.9724 15.31839678 91186 | 2024/08/24-03:30:48   86.1065    0.1242   74.0776   94.0046     6848.4607     6841.9197     6855.0016  47.952659 -84.805417  -0.000669  -0.000682
1 55066U 23001BK  24238.71410654  .00025376  00000-0  82303-3 0  9997 | 2 55066  97.4241 301.0564 0009523 279.4786  80.5379 15.31919920 91420 | 2024/08/25-17:08:18  290.4607    0.1242   80.6456   93.9997     6848.2215     6841.6999     6854.7431  50.259300 -83.459320  -0.000724  -0.000619
1 55066U 23001BK  24240.15110795  .00024768  00000-0  80169-3 0  9993 | 2 55066  97.4243 302.4963 0009572 273.7307  86.2840 15.31989232 91643 | 2024/08/27-03:37:35   87.7594    0.1242   86.3935   93.9954     6848.0149     6841.4600     6854.5699  52.340732 -82.170201  -0.000772  -0.000566
1 55066U 23001BK  24241.91459767  .00034984  00000-0  11258-2 0  9996 | 2 55066  97.4246 304.2636 0009572 266.6290  93.3857 15.32103072 91913 | 2024/08/28-21:57:01    2.5866    0.1242   93.4952   93.9885     6847.6757     6841.1211     6854.2303  54.850158 -80.517158  -0.000821  -0.000491
1 55066U 23001BK  24243.15549275  .00028427  00000-0  91395-3 0  9994 | 2 55066  97.4249 305.5077 0009642 261.8278  98.1870 15.32176247 92104 | 2024/08/30-03:43:54   89.2877    0.1241   98.2963   93.9840     6847.4577     6840.8554     6854.0600  56.585586 -79.307519  -0.000857  -0.000443
1 55066U 23001BK  24244.91875964  .00036483  00000-0  11664-2 0  9997 | 2 55066  97.4251 307.2758 0009731 255.0065 105.0100 15.32302292 92374 | 2024/08/31-22:03:00    4.0320    0.1242  105.1177   93.9762     6847.0822     6840.4193     6853.7451  59.005742 -77.524013  -0.000900  -0.000369
1 55066U 23001BK  24246.61658340  .00033049  00000-0  10534-2 0  9993 | 2 55066  97.4246 308.9786 0009864 248.3644 111.6548 15.32419923 92630 | 2024/09/02-14:47:52  255.2165    0.1242  111.7598   93.9690     6846.7318     6839.9782     6853.4854  61.283004 -75.736029  -0.000942  -0.000294
1 55066U 23001BK  24247.72662807  .00037907  00000-0  12040-2 0  9990 | 2 55066  97.4236 310.0919 0009985 244.3482 115.6729 15.32501170 92801 | 2024/09/03-17:26:20  294.8115    0.1242  115.7760   93.9640     6846.4898     6839.6536     6853.3260  62.742307 -74.530267  -0.000967  -0.000249
1 55066U 23001BK  24249.16306780  .00040624  00000-0  12852-2 0  9996 | 2 55066  97.4227 311.5326 0010088 239.3059 120.7189 15.32611469 93024 | 2024/09/05-03:54:49   91.9012    0.1241  120.8182   93.9573     6846.1613     6839.2549     6853.0677  64.595739 -72.928547  -0.000991  -0.000190
1 55066U 23001BK  24250.72996565  .00042036  00000-0  13239-2 0  9995 | 2 55066  97.4220 313.1041 0010190 234.6669 125.3621 15.32746085 93269 | 2024/09/06-17:31:09  295.9531    0.1242  125.4573   93.9490     6845.7604     6838.7846     6852.7363  66.570988 -71.129106  -0.001010  -0.000138
1 55066U 23001BK  24252.16617411  .00040888  00000-0  12834-2 0  9998 | 2 55066  97.4215 314.5449 0010277 228.6295 131.4064 15.32860145 93481 | 2024/09/08-03:59:17   92.9561    0.1242  131.4947   93.9420     6845.4208     6838.3858     6852.4559  68.338064 -69.432397  -0.001026  -0.000057
1 55066U 23001BK  24253.53699894  .00040117  00000-0  12550-2 0  9995 | 2 55066  97.4214 315.9203 0010318 224.3595 135.6822 15.32970638 93695 | 2024/09/09-12:53:16  226.4230    0.1242  135.7647   93.9353     6845.0919     6838.0291     6852.1547  69.984885 -67.772007  -0.001032  -0.000005
1 55066U 23001BK  24254.71191030  .00041643  00000-0  12982-2 0  9999 | 2 55066  97.4217 317.0993 0010355 219.8770 140.1712 15.33072612 93877 | 2024/09/10-17:05:09  289.3636    0.1241  140.2471   93.9290     6844.7884     6837.7006     6851.8761  71.364764 -66.317856  -0.001034   0.000055
1 55066U 23001BK  24255.75621499  .00034447  00000-0  10727-2 0  9990 | 2 55066  97.4217 318.1472 0010496 215.6593 144.3949 15.33148567 94034 | 2024/09/11-18:08:56  305.2887    0.1241  144.4648   93.9244     6844.5623     6837.3782     6851.7463  72.565669 -65.001626  -0.001043   0.000113
1 55066U 23001BK  24257.12677304  .00057825  00000-0  17856-2 0  9994 | 2 55066  97.4218 319.5224 0010602 210.7900 149.2721 15.33289861 94240 | 2024/09/13-03:02:33   78.6574    0.1241  149.3341   93.9157     6844.1418     6836.8856     6851.3980  74.104848 -63.241431  -0.001045   0.000178
1 55066U 23001BK  24258.17092346  .00054496  00000-0  16782-2 0  9995 | 2 55066  97.4219 320.5708 0010596 206.8557 153.2138 15.33393081 94401 | 2024/09/14-04:06:07   94.5249    0.1242  153.2685   93.9094     6843.8347     6836.5829     6851.0864  75.249649 -61.875011  -0.001034   0.000231
1 55066U 23001BK  24259.73704618  .00039305  00000-0  12094-2 0  9994 | 2 55066  97.4216 322.1434 0010730 201.4164 158.6631 15.33498471 94649 | 2024/09/15-17:41:20  298.2901    0.1242  158.7078   93.9029     6843.5211     6836.1780     6850.8642  76.919143 -59.786400  -0.001029   0.000304
1 55066U 23001BK  24261.43355048  .00086438  00000-0  26271-2 0  9994 | 2 55066  97.4216 323.8471 0010836 195.2507 164.8410 15.33659526 94909 | 2024/09/17-10:24:18  188.9879    0.1241  164.8734   93.8931     6843.0420     6835.6269     6850.4571  78.662637 -57.473104  -0.001012   0.000387
1 55066U 23001BK  24262.73845466  .00031327  00000-0  95874-3 0  9999 | 2 55066  97.4209 325.1579 0010920 190.9628 169.1378 15.33717172 95101 | 2024/09/18-17:43:22  298.7199    0.1241  169.1613   93.8895     6842.8705     6835.3981     6850.3429  79.956220 -55.658195  -0.000999   0.000442
1 55066U 23001BK  24264.43472833  .00029483  00000-0  89982-3 0  9995 | 2 55066  97.4197 326.8618 0010974 184.6280 175.4862 15.33817059 95363 | 2024/09/20-10:26:00  189.3329    0.1241  175.4961   93.8834     6842.5734     6835.0644     6850.0825  81.574818 -53.255488  -0.000964   0.000524
1 55066U 23001BK  24266.13090005  .00031174  00000-0  94842-3 0  9992 | 2 55066  97.4190 328.5653 0011088 178.9435 181.1832 15.33904732 95624 | 2024/09/22-03:08:29   79.9105    0.1241  181.1806   93.8781     6842.3127     6834.7259     6849.8994  83.121310 -50.806587  -0.000935   0.000596
1 55066U 23001BK  24267.43557925  .00036153  00000-0  10962-2 0  9997 | 2 55066  97.4191 329.8758 0011226 173.9506 186.1874 15.33978110 95827 | 2024/09/23-10:27:14  189.5592    0.1242  186.1736   93.8736     6842.0945     6834.4135     6849.7754  84.261630 -48.892319  -0.000906   0.000663
1 55066U 23001BK  24269.13155960  .00036202  00000-0  10938-2 0  9997 | 2 55066  97.4192 331.5794 0011291 168.4323 191.7181 15.34089433 96080 | 2024/09/25-03:09:26   80.0677    0.1242  191.6919   93.8668     6841.7635     6834.0384     6849.4885  85.677996 -46.365737  -0.000865   0.000726
1 55066U 23001BK  24270.89261664  .00039187  00000-0  11779-2 0  9990 | 2 55066  97.4197 333.3491 0011379 162.4122 197.7517 15.34234154 96358 | 2024/09/26-21:25:22  354.0009    0.1242  197.7120   93.8579     6841.3332     6833.5485     6849.1180  87.069452 -43.697923  -0.000815   0.000794
1 55066U 23001BK  24272.13178286  .00035421  00000-0  10623-2 0  9990 | 2 55066  97.4197 334.5944 0011330 158.6247 201.5471 15.34328832 96547 | 2024/09/28-03:09:46   80.0689    0.1242  201.4995   93.8521     6841.0518     6833.3009     6848.8027  87.998569 -41.795333  -0.000776   0.000826
1 55066U 23001BK  24273.43607948  .00041241  00000-0  12310-2 0  9998 | 2 55066  97.4199 335.9057 0011478 153.7823 206.4003 15.34443058 96743 | 2024/09/29-10:27:57  189.5791    0.1242  206.3419   93.8451     6840.7123     6832.8605     6848.5640  88.932171 -39.770666  -0.000733   0.000883
1 55066U 23001BK  24275.13151399  .00048793  00000-0  14470-2 0  9999 | 2 55066  97.4193 337.6091 0011471 148.7505 211.4422 15.34608066 97001 | 2024/10/01-03:09:22   79.8932    0.1242  211.3737   93.8350     6840.2219     6832.3755     6848.0683  90.074522 -37.109304  -0.000680   0.000924
1 55066U 23001BK  24276.17476407  .00049110  00000-0  14514-2 0  9997 | 2 55066  97.4202 338.6590 0011487 145.1212 215.0786 15.34714752 97160 | 2024/10/02-04:11:39   95.4345    0.1242  215.0030   93.8285     6839.9049     6832.0479     6847.7619  90.740199 -35.452949  -0.000639   0.000955
1 55066U 23001BK  24277.73950125  .00050357  00000-0  14803-2 0  9990 | 2 55066  97.4180 340.2343 0011543 139.0978 221.1133 15.34876452 97401 | 2024/10/03-17:44:52  298.6955    0.1242  221.0264   93.8186     6839.4245     6831.5297     6847.3192  91.678461 -32.944293  -0.000565   0.001006
1 55066U 23001BK  24279.43442193  .00067905  00000-0  19769-2 0  9993 | 2 55066  97.4170 341.9382 0011476 133.6727 226.5470 15.35098110 97667 | 2024/10/05-10:25:34  188.8251    0.1243  226.4516   93.8051     6838.7661     6830.9179     6846.6143  92.616549 -30.203424  -0.000496   0.001035
1 55066U 23001BK  24281.12912454  .00072995  00000-0  21106-2 0  9997 | 2 55066  97.4166 343.6425 0011315 128.8443 231.3812 15.35292070 97926 | 2024/10/07-03:05:56   78.8783    0.1243  231.2800   93.7932     6838.1901     6830.4527     6845.9275  93.473482 -27.435417  -0.000433   0.001045
1 55066U 23001BK  24282.17189826  .00172944  00000-0  49057-2 0  9992 | 2 55066  97.4164 344.6913 0011380 124.6929 235.5389 15.35466101 98083 | 2024/10/08-04:07:32   94.2495    0.1244  235.4315   93.7826     6837.6734     6829.8921     6845.4547  93.959807 -25.719830  -0.000378   0.001073
1 55066U 23001BK  24283.73587759  .00044905  00000-0  12903-2 0  9997 | 2 55066  97.4163 346.2660 0011440 119.3428 240.8959 15.35622837 98320 | 2024/10/09-17:39:39  297.2420    0.1242  240.7814   93.7730     6837.2081     6829.3864     6845.0299  94.631013 -23.128055  -0.000308   0.001102
1 55066U 23001BK  24285.16938760  .00218567  00000-0  60916-2 0  9992 | 2 55066  97.4167 347.7090 0011471 114.7633 245.4805 15.35829062 98542 | 2024/10/11-04:03:55   93.2705    0.1243  245.3610   93.7604     6836.5961     6828.7538     6844.4383  95.183814 -20.737766  -0.000248   0.001120
1 55066U 23001BK  24286.47240696  .00044389  00000-0  12625-2 0  9994 | 2 55066  97.4167 349.0219 0011362 110.1188 250.1279 15.35946497 98746 | 2024/10/12-11:20:15  202.3260    0.1243  250.0055   93.7533     6836.2476     6828.4802     6844.0149  95.633979 -18.551430  -0.000180   0.001122
1 55066U 23001BK  24287.51475720  .00036620  00000-0  10404-2 0  9990 | 2 55066  97.4169 350.0717 0011352 107.1518 253.0970 15.36024638 98908 | 2024/10/13-12:21:15  217.5475    0.1244  252.9726   93.7485     6836.0157     6828.2555     6843.7760  95.958012 -16.796198  -0.000143   0.001126
1 55066U 23001BK  24288.55705822  .00036365  00000-0  10308-2 0  9993 | 2 55066  97.4168 351.1217 0011302 103.7357 256.5145 15.36098210 99069 | 2024/10/14-13:22:09  232.7518    0.1243  256.3886   93.7440     6835.7975     6828.0716     6843.5233  96.249590 -15.034939  -0.000096   0.001126
1 55066U 23001BK  24289.85986286  .00042796  00000-0  12078-2 0  9993 | 2 55066  97.4166 352.4342 0011272  99.8342 260.4175 15.36198516 99264 | 2024/10/15-20:38:12  341.7316    0.1244  260.2902   93.7379     6835.4999     6827.7949     6843.2049  96.568521 -12.826328  -0.000045   0.001126
1 55066U 23001BK  24290.90203903  .00044799  00000-0  12602-2 0  9997 | 2 55066  97.4163 353.4844 0011316  96.6318 263.6214 15.36289757 99421 | 2024/10/16-21:38:56  356.8906    0.1244  263.4926   93.7323     6835.2292     6827.4945     6842.9640  96.787088 -11.054191  -0.000002   0.001132
1 55066U 23001BK  24292.13954580  .00038638  00000-0  10847-2 0  9992 | 2 55066  97.4156 354.7315 0011226  92.4187 267.8343 15.36387467 99615 | 2024/10/18-03:20:56   82.3658    0.1245  267.7058   93.7264     6834.9394     6827.2665     6842.6123  97.004051  -8.945007   0.000056   0.001121
1 55066U 23001BK  24293.44209676  .00071332  00000-0  19837-2 0  9992 | 2 55066  97.4149 356.0439 0011194  88.1333 272.1193 15.36521428 99819 | 2024/10/19-10:36:37  191.2560    0.1244  271.9911   93.7182     6834.5422     6826.8916     6842.1928  97.182780  -6.720860   0.000114   0.001114
1 55066U 23001BK  24294.74455167  .00041573  00000-0  11582-2 0  9997 | 2 55066  97.4147 357.3565 0011198  83.8551 276.3968 15.36610340100012 | 2024/10/20-17:52:09  300.1117    0.1244  276.2693   93.7128     6834.2785     6826.6255     6841.9315  97.311035  -4.492903   0.000171   0.001107
1 55066U 23001BK  24296.69807422  .00036003  00000-0  99931-3 0  9995 | 2 55066  97.4140 359.3255 0011103  77.5303 282.7182 15.36758458100319 | 2024/10/22-16:45:13  283.3397    0.1244  282.5941   93.7037     6833.8394     6826.2518     6841.4270  97.407250  -1.146755   0.000252   0.001081
1 55066U 23001BK  24297.93519542  .00042118  00000-0  11635-2 0  9994 | 2 55066  97.4139   0.5725 0011079  73.1111 287.1347 15.36872412100505 | 2024/10/23-22:26:40    8.6784    0.1244  287.0133   93.6968     6833.5016     6825.9307     6841.0724  97.409037   0.973344   0.000311   0.001063
1 55066U 23001BK  24299.75815403  .00043140  00000-0  11850-2 0  9996 | 2 55066  97.4140   2.4102 0011074  67.0607 293.1805 15.37043341100782 | 2024/10/25-18:11:44  304.9072    0.1245  293.0638   93.6864     6832.9949     6825.4281     6840.5618  97.327824   4.096602   0.000388   0.001037
1 55066U 23001BK  24301.12523652  .00068584  00000-0  18670-2 0  9999 | 2 55066  97.4139   3.7891 0011016  62.0469 298.1889 15.37200206100991 | 2024/10/27-03:00:20   77.0308    0.1245  298.0776   93.6768     6832.5301     6825.0034     6840.0568  97.200959   6.437508   0.000451   0.001005
1 55066U 23001BK  24302.42707324  .00063737  00000-0  17270-2 0  9993 | 2 55066  97.4137   5.1027 0011031  58.1312 302.1005 15.37367061101198 | 2024/10/28-10:14:59  185.6657    0.1245  301.9933   93.6666     6832.0357     6824.4993     6839.5721  97.027637   8.664095   0.000497   0.000985
1 55066U 23001BK  24303.92401324  .00064351  00000-0  17328-2 0  9997 | 2 55066  97.4142   6.6137 0010906  53.5816 306.6433 15.37558819101423 | 2024/10/29-22:10:34    4.5353    0.1245  306.5429   93.6550     6831.4676     6824.0172     6838.9180  96.765933  11.219649   0.000542   0.000946
1 55066U 23001BK  24305.42076053  .00060176  00000-0  16112-2 0  9992 | 2 55066  97.4137   8.1251 0010802  47.9540 312.2622 15.37755080101654 | 2024/10/31-10:05:53  183.3369    0.1245  312.1705   93.6430     6830.8864     6823.5076     6838.2651  96.435845  13.767958   0.000603   0.000896
1 55066U 23001BK  24306.91731437  .00064979  00000-0  17269-2 0  9990 | 2 55066  97.4131   9.6356 0010681  42.6407 317.5665 15.37964555101888 | 2024/11/01-22:00:55    2.0699    0.1245  317.4838   93.6302     6830.2661     6822.9707     6837.5615  96.038818  16.305136   0.000654   0.000845
1 55066U 23001BK  24308.15344858  .00071930  00000-0  18989-2 0  9990 | 2 55066  97.4120  10.8835 0010696  39.3024 320.8995 15.38139479102071 | 2024/11/03-03:40:57   87.0540    0.1245  320.8221   93.6196     6829.7482     6822.4431     6837.0533  95.659863  18.392618   0.000685   0.000822
1 55066U 23001BK  24309.45448690  .00078696  00000-0  20634-2 0  9999 | 2 55066  97.4120  12.1987 0010730  34.6327 325.5615 15.38319546102275 | 2024/11/04-10:54:27  195.4027    0.1246  325.4919   93.6086     6829.2153     6821.8875     6836.5430  95.212504  20.583411   0.000734   0.000783
1 55066U 23001BK  24311.14561409  .00053243  00000-0  13914-2 0  9996 | 2 55066  97.4114  13.9069 0010559  28.5630 331.6192 15.38539976102534 | 2024/11/06-03:29:41   84.1791    0.1246  331.5616   93.5952     6828.5630     6821.3527     6835.7732  94.556033  23.412337   0.000779   0.000713
1 55066U 23001BK  24312.44631228  .00057987  00000-0  15058-2 0  9997 | 2 55066  97.4113  15.2215 0010577  24.4530 335.7215 15.38712246102731 | 2024/11/07-10:42:41  192.4056    0.1246  335.6716   93.5847     6828.0533     6820.8312     6835.2753  93.993921  25.575461   0.000814   0.000675
1 55066U 23001BK  24313.74687882  .00056265  00000-0  14545-2 0  9996 | 2 55066  97.4112  16.5360 0010494  19.1426 341.0211 15.38859864102934 | 2024/11/08-17:55:30  300.5877    0.1245  340.9819   93.5758     6827.6166     6820.4517     6834.7815  93.382379  27.724955   0.000852   0.000612
1 55066U 23001BK  24314.91726718  .00077510  00000-0  19858-2 0  9996 | 2 55066  97.4115  17.7187 0010394  15.1906 344.9649 15.39040484103114 | 2024/11/09-22:00:51    1.9066    0.1246  344.9340   93.5648     6827.0824     6819.9863     6834.1785  92.790513  29.646603   0.000873   0.000565
1 55066U 23001BK  24316.60761783  .00060494  00000-0  15437-2 0  9997 | 2 55066  97.4120  19.4288 0010342   9.5614 350.5826 15.39239585103377 | 2024/11/11-14:34:58  250.4004    0.1246  350.5632   93.5527     6826.4937     6819.4337     6833.5536  91.864930  32.402661   0.000905   0.000501
1 55066U 23001BK  24317.90775446  .00043473  00000-0  11083-2 0  9993 | 2 55066  97.4125  20.7438 0010249   5.5149 354.6207 15.39353226103578 | 2024/11/12-21:47:09  358.4244    0.1246  354.6097   93.5458     6826.1577     6819.1616     6833.1538  91.097593  34.502518   0.000919   0.000453
1 55066U 23001BK  24319.14279958  .00038632  00000-0  98261-3 0  9993 | 2 55066  97.4116  21.9942 0010119   0.4409 359.6844 15.39451272103763 | 2024/11/14-03:25:37   83.0179    0.1247  359.6838   93.5398     6825.8679     6818.9608     6832.7750  90.322156  36.481885   0.000935   0.000386
1 55066U 23001BK  24320.44276581  .00046318  00000-0  11725-2 0  9996 | 2 55066  97.4112  23.3100 0009954 355.7026   4.4133 15.39558332103960 | 2024/11/15-10:37:34  190.9806    0.1247    4.4221   93.5333     6825.5514     6818.7573     6832.3456  89.460238  38.546176   0.000941   0.000324
1 55066U 23001BK  24321.74263917  .00037328  00000-0  94329-3 0  9992 | 2 55066  97.4103  24.6262 0009853 350.6821   9.4240 15.39661067104165 | 2024/11/16-17:49:24  298.9099    0.1246    9.4425   93.5271     6825.2478     6818.5229     6831.9727  88.550410  40.590533   0.000950   0.000260
1 55066U 23001BK  24323.43236673  .00028864  00000-0  72834-3 0  9991 | 2 55066  97.4100  26.3352 0009718 345.3866  14.7097 15.39759707104428 | 2024/11/18-10:22:36  187.1781    0.1246   14.7380   93.5211     6824.9563     6818.3238     6831.5888  87.300211  43.213206   0.000952   0.000197
1 55066U 23001BK  24324.60210711  .00038671  00000-0  97115-3 0  9992 | 2 55066  97.4095  27.5189 0009625 340.8197  19.2685 15.39846205104609 | 2024/11/19-14:27:02  248.2620    0.1246   19.3049   93.5158     6824.7007     6818.1319     6831.2695  86.388440  45.007201   0.000952   0.000140
1 55066U 23001BK  24325.90173643  .00038394  00000-0  96099-3 0  9990 | 2 55066  97.4092  28.8341 0009443 336.5704  23.5110 15.39950760104809 | 2024/11/20-21:38:30  356.1011    0.1246   23.5542   93.5095     6824.3918     6817.9475     6830.8361  85.332388  46.978035   0.000940   0.000089
1 55066U 23001BK  24327.07132793  .00045143  00000-0  11249-2 0  9994 | 2 55066  97.4095  30.0179 0009538 332.2511  27.8225 15.40049479104981 | 2024/11/22-01:42:42   57.1308    0.1247   27.8736   93.5035     6824.1002     6817.5913     6830.6090  84.343881  48.731103   0.000953   0.000038
1 55066U 23001BK  24328.43575205  .00048345  00000-0  11991-2 0  9995 | 2 55066  97.4098  31.3996 0009476 327.2582  32.8075 15.40175527105195 | 2024/11/23-10:27:28  188.2946    0.1246   32.8664   93.4958     6823.7278     6817.2617     6830.1940  83.144567  50.750864   0.000947  -0.000022
1 55066U 23001BK  24330.12487418  .00047422  00000-0  11702-2 0  9997 | 2 55066  97.4116  33.1143 0008844 320.1911  39.8685 15.40342152105459 | 2024/11/25-02:59:49   76.3348    0.1246   39.9335   93.4857     6823.2357     6817.2012     6829.2702  81.590241  53.217031   0.000878  -0.000103
1 55066U 23001BK  24331.42406564  .00055573  00000-0  13629-2 0  9990 | 2 55066  97.4089  34.4258 0008745 315.6262  44.4283 15.40490481105654 | 2024/11/26-10:10:39  184.0179    0.1247   44.4985   93.4767     6822.7977     6816.8312     6828.7643  80.348609  55.069000   0.000861  -0.000151
1 55066U 23001BK  24332.46333268  .00054738  00000-0  13375-2 0  9995 | 2 55066  97.4107  35.4812 0009434 311.6488  48.3949 15.40600079105810 | 2024/11/27-11:07:11  198.1338    0.1246   48.4758   93.4701     6822.4741     6816.0378     6828.9105  79.322119  56.540657   0.000920  -0.000210
1 55066U 23001BK  24333.76230897  .00056874  00000-0  13826-2 0  9997 | 2 55066  97.4095  36.7970 0009014 307.6306  52.4121 15.40749074106013 | 2024/11/28-18:17:43  305.7307    0.1246   52.4940   93.4610     6822.0343     6815.8849     6828.1837  78.001898  58.346505   0.000868  -0.000242
1 55066U 23001BK  24335.12609987  .00052790  00000-0  12776-2 0  9995 | 2 55066  97.4090  38.1789 0008812 302.4226  57.6168 15.40906108106225 | 2024/11/30-03:01:35   76.6611    0.1247   57.7021   93.4515     6821.5708     6815.5596     6827.5820  76.571713  60.210349   0.000831  -0.000293
1 55066U 23001BK  24336.42482188  .00052085  00000-0  12548-2 0  9995 | 2 55066  97.4090  39.4963 0008845 297.4817  62.5529 15.41047425106425 | 2024/12/01-10:11:44  184.1685    0.1246   62.6429   93.4429     6821.1537     6815.1204     6827.1871  75.167180  61.954889   0.000814  -0.000346
1 55066U 23001BK  24337.46371681  .00054571  00000-0  13097-2 0  9997 | 2 55066  97.4081  40.5496 0008817 293.6349  66.3972 15.41150845106588 | 2024/12/02-11:07:45  198.1439    0.1247   66.4898   93.4367     6820.8486     6814.8346     6826.8625  74.014908  63.325598   0.000794  -0.000384
1 55066U 23001BK  24338.76223493  .00046213  00000-0  11056-2 0  9995 | 2 55066  97.4071  41.8659 0008731 288.7449  71.2850 15.41288135106789 | 2024/12/03-18:17:37  305.5762    0.1247   71.3798   93.4283     6820.4435     6814.4886     6826.3985  72.539932  65.008471   0.000761  -0.000428
1 55066U 23001BK  24340.45013468  .00053248  00000-0  12650-2 0  9990 | 2 55066  97.4067  43.5778 0008484 282.3457  77.6839 15.41468163107047 | 2024/12/05-10:48:11  193.1721    0.1246   77.7789   93.4174     6819.9125     6814.1265     6825.6985  70.565213  67.146228   0.000703  -0.000475
1 55066U 23001BK  24342.13784319  .00043766  00000-0  10356-2 0  9992 | 2 55066  97.4067  45.2893 0008514 275.7012  84.3264 15.41635315107302 | 2024/12/07-03:18:29   80.7012    0.1247   84.4235   93.4073     6819.4195     6813.6135     6825.2256  68.528286  69.223835   0.000662  -0.000536
1 55066U 23001BK  24343.43595679  .00048314  00000-0  11375-2 0  9991 | 2 55066  97.4069  46.6073 0008321 270.8175  89.2118 15.41764710107507 | 2024/12/08-10:27:46  187.9819    0.1246   89.3071   93.3995     6819.0380     6813.3638     6824.7121  66.918047  70.781913   0.000613  -0.000563
1 55066U 23001BK  24344.60416980  .00046729  00000-0  10965-2 0  9990 | 2 55066  97.4072  47.7928 0008357 266.0265  94.0026 15.41873344107683 | 2024/12/09-14:30:00  248.5047    0.1246   94.0981   93.3929     6818.7177     6813.0193     6824.4161  65.439489  72.151479   0.000579  -0.000603
1 55066U 23001BK  24346.16165726  .00039037  00000-0  91302-3 0  9991 | 2 55066  97.4076  49.3742 0008386 259.6771 100.3530 15.42011948107924 | 2024/12/11-03:52:47   89.1529    0.1246  100.4475   93.3845     6818.3090     6812.5912     6824.0269  63.423651  73.930244   0.000528  -0.000651
1 55066U 23001BK  24347.71901642  .00035257  00000-0  82193-3 0  9996 | 2 55066  97.4076  50.9558 0008382 253.2641 106.7687 15.42132101108164 | 2024/12/12-17:15:23  289.7529    0.1247  106.8606   93.3772     6817.9549     6812.2401     6823.6697  61.358968  75.652611   0.000471  -0.000693
1 55066U 23001BK  24348.75718947  .00036629  00000-0  85136-3 0  9999 | 2 55066  97.4072  52.0098 0008416 249.3755 110.6590 15.42213406108325 | 2024/12/13-18:10:21  303.4628    0.1247  110.7492   93.3723     6817.7153     6811.9775     6823.4530  59.956731  76.768177   0.000438  -0.000718
1 55066U 23001BK  24349.92506894  .00046472  00000-0  10747-2 0  9997 | 2 55066  97.4064  53.1955 0008418 244.3157 115.7222 15.42312398108501 | 2024/12/14-22:12:05    3.8614    0.1248  115.8091   93.3663     6817.4235     6811.6846     6823.1624  58.354858  77.991777   0.000389  -0.000747
1 55066U 23001BK  24351.15774176  .00046000  00000-0  10598-2 0  9996 | 2 55066  97.4059  54.4469 0008338 239.2745 120.7682 15.42428538108696 | 2024/12/16-03:47:08   87.5824    0.1248  120.8503   93.3593     6817.0813     6811.3972     6822.7654  56.637362  79.247199   0.000335  -0.000763
1 55066U 23001BK  24352.71467587  .00052314  00000-0  11982-2 0  9997 | 2 55066  97.4053  56.0285 0008316 232.8622 127.1866 15.42573752108934 | 2024/12/17-17:09:07  288.0256    0.1247  127.2625   93.3505     6816.6535     6810.9847     6822.3222  54.428178  80.779737   0.000269  -0.000787
1 55066U 23001BK  24354.14173701  .00043426  00000-0  99198-3 0  9998 | 2 55066  97.4048  57.4779 0008289 227.2496 132.8055 15.42698076109152 | 2024/12/19-03:24:06   81.7185    0.1247  132.8751   93.3430     6816.2872     6810.6372     6821.9372  52.367244  82.130182   0.000211  -0.000802
1 55066U 23001BK  24355.63354539  .00037275  00000-0  84897-3 0  9998 | 2 55066  97.4048  58.9941 0008339 220.4700 139.5928 15.42819423109387 | 2024/12/20-15:12:18  258.7160    0.1247  139.6547   93.3356     6815.9298     6810.2460     6821.6136  50.175778  83.487043   0.000137  -0.000823
1 55066U 23001BK  24356.73610651  .00047797  00000-0  10828-2 0  9992 | 2 55066  97.4048  60.1148 0008385 216.3443 143.7236 15.42923921109557 | 2024/12/21-17:39:59  295.5989    0.1247  143.7804   93.3293     6815.6221     6809.9072     6821.3370  48.533285  84.452444   0.000094  -0.000833
1 55066U 23001BK  24358.16283567  .00052687  00000-0  11868-2 0  9992 | 2 55066  97.4052  61.5647 0008423 210.4147 149.6613 15.43069863109775 | 2024/12/23-03:54:29   89.1697    0.1247  149.7100   93.3205     6815.1923     6809.4519     6820.9327  46.381051  85.653786   0.000029  -0.000842
1 55066U 23001BK  24359.71910771  .00052036  00000-0  11657-2 0  9992 | 2 55066  97.4052  63.1476 0008269 204.6765 155.4088 15.43238571110016 | 2024/12/24-17:15:30  289.3693    0.1247  155.4482   93.3103     6814.6956     6809.0605     6820.3307  43.997312  86.902299  -0.000031  -0.000826
1 55066U 23001BK  24361.14553621  .00051068  00000-0  11380-2 0  9996 | 2 55066  97.4052  64.5983 0008460 199.0162 161.0771 15.43398665110232 | 2024/12/26-03:29:34   82.8309    0.1247  161.1085   93.3006     6814.2243     6808.4595     6819.9892  41.783123  87.988315  -0.000094  -0.000841
1 55066U 23001BK  24362.70147359  .00052975  00000-0  11734-2 0  9997 | 2 55066  97.4051  66.1812 0008471 192.7588 167.3447 15.43569138110474 | 2024/12/27-16:50:07  282.9088    0.1247  167.3659   93.2903     6813.7226     6807.9507     6819.4945  39.336611  89.108836  -0.000163  -0.000831
1 55066U 23001BK  24364.45169482  .00058216  00000-0  12797-2 0  9996 | 2 55066  97.4046  67.9625 0008415 184.9122 175.2045 15.43772014110745 | 2024/12/29-10:50:26  192.9191    0.1248  175.2126   93.2780     6813.1257     6807.3924     6818.8589  36.547507  90.288072  -0.000248  -0.000804
1 55066U 23001BK  24365.74799578  .00062804  00000-0  13716-2 0  9994 | 2 55066  97.4037  69.2814 0008422 180.4700 179.6541 15.43944669110949 | 2024/12/30-17:57:06  299.5388    0.1247  179.6547   93.2676     6812.6177     6806.8801     6818.3553  34.459335  91.104528  -0.000291  -0.000790
1 55066U 23001BK  25001.43297759  .00076885  00000-0  16628-2 0  9991 | 2 55066  97.4032  70.9963 0008524 173.7673 186.3683 15.44172798111204 | 2025/01/01-10:23:29  186.0667    0.1248  186.3575   93.2538     6811.9467     6806.1402     6817.7532  31.717327  92.094487  -0.000363  -0.000771
1 55066U 23001BK  25002.92328776  .00060057  00000-0  12912-2 0  9996 | 2 55066  97.4026  72.5127 0008587 168.3033 191.8417 15.44420400111433 | 2025/01/02-22:09:32    2.5214    0.1248  191.8215   93.2389     6811.2186     6805.3699     6817.0674  29.268935  92.901001  -0.000419  -0.000750
1 55066U 23001BK  25004.15426363  .00045552  00000-0  97670-3 0  9992 | 2 55066  97.4022  73.7665 0008657 163.7766 196.3761 15.44568579111622 | 2025/01/04-03:42:08   85.6246    0.1248  196.3482   93.2299     6810.7830     6804.8869     6816.6791  27.229031  93.518813  -0.000465  -0.000730
1 55066U 23001BK  25005.19077500  .00056690  00000-0  12070-2 0  9997 | 2 55066  97.4024  74.8230 0008681 159.6662 200.4934 15.44722806111781 | 2025/01/05-04:34:42   98.7269    0.1248  200.4586   93.2206     6810.3297     6804.4176     6816.2417  25.500121  94.005167  -0.000504  -0.000707
1 55066U 23001BK  25006.74537175  .00054555  00000-0  11545-2 0  9992 | 2 55066  97.4015  76.4068 0008736 153.5411 206.6286 15.44911316112026 | 2025/01/06-17:53:20  298.3201    0.1249  206.5838   93.2092     6809.7757     6803.8266     6815.7247  22.891959  94.673177  -0.000562  -0.000669
1 55066U 23001BK  25007.84644288  .00049629  00000-0  10473-2 0  9993 | 2 55066  97.4022  77.5289 0008756 149.5407 210.6352 15.45017863112195 | 2025/01/07-20:18:52  334.6627    0.1248  210.5841   93.2028     6809.4626     6803.5002     6815.4250  21.033727  95.104000  -0.000596  -0.000641
1 55066U 23001BK  25009.14172606  .00042401  00000-0  89242-3 0  9990 | 2 55066  97.4026  78.8500 0008828 145.1841 214.9987 15.45130601112392 | 2025/01/09-03:24:05   80.9133    0.1248  214.9407   93.1960     6809.1314     6803.1203     6815.1425  18.835543  95.564056  -0.000635  -0.000614
1 55066U 23001BK  25010.17786635  .00045756  00000-0  95806-3 0  9997 | 2 55066  97.4025  79.9061 0008919 141.3051 218.8839 15.45264682112551 | 2025/01/10-04:16:07   93.8828    0.1249  218.8198   93.1879     6808.7375     6802.6648     6814.8102  17.070948  95.894889  -0.000671  -0.000588
1 55066U 23001BK  25011.73192895  .00045633  00000-0  95016-3 0  9996 | 2 55066  97.4020  81.4912 0008858 134.6372 225.5600 15.45430247112791 | 2025/01/11-17:33:58  293.2838    0.1248  225.4876   93.1779     6808.2512     6802.2204     6814.2819  14.411728  96.329911  -0.000715  -0.000522
1 55066U 23001BK  25013.60956834  .00040797  00000-0  84572-3 0  9996 | 2 55066  97.4017  83.4056 0009083 129.8000 230.4050 15.45582860113089 | 2025/01/13-14:37:46  249.1625    0.1249  230.3249   93.1687     6807.8030     6801.6195     6813.9865  11.185617  96.757290  -0.000760  -0.000497
1 55066U 23001BK  25014.71015920  .00041318  00000-0  85349-3 0  9994 | 2 55066  97.4012  84.5280 0009148 126.0309 234.1789 15.45683467113252 | 2025/01/14-17:02:37  285.3328    0.1249  234.0940   93.1627     6807.5076     6801.2801     6813.7351   9.288110  96.957335  -0.000788  -0.000465
1 55066U 23001BK  25016.13434408  .00040705  00000-0  83706-3 0  9992 | 2 55066  97.4003  85.9812 0009190 120.8502 239.3653 15.45818316113476 | 2025/01/16-03:13:27   77.9842    0.1249  239.2747   93.1545     6807.1117     6800.8559     6813.3674   6.826182  97.160803  -0.000820  -0.000415
1 55066U 23001BK  25017.17003332  .00049257  00000-0  10077-2 0  9996 | 2 55066  97.3999  87.0377 0009226 117.2727 242.9463 15.45926296113631 | 2025/01/17-04:04:50   90.7931    0.1249  242.8522   93.1480     6806.7947     6800.5147     6813.0746   5.033516  97.269750  -0.000841  -0.000380
1 55066U 23001BK  25018.46454260  .00054850  00000-0  11157-2 0  9994 | 2 55066  97.3998  88.3586 0009209 112.9407 247.2815 15.46068088113832 | 2025/01/18-11:08:56  196.7683    0.1249  247.1842   93.1395     6806.3785     6800.1105     6812.6465   2.789912  97.359835  -0.000858  -0.000335
1 55066U 23001BK  25019.50006472  .00052071  00000-0  10556-2 0  9993 | 2 55066  97.3992  89.4151 0009259 108.5873 251.6383 15.46179568113991 | 2025/01/19-12:00:05  209.5170    0.1249  251.5376   93.1328     6806.0513     6799.7496     6812.3531   0.994276  97.394125  -0.000881  -0.000286
1 55066U 23001BK  25020.72963861  .00062811  00000-0  12641-2 0  9993 | 2 55066  97.3990  90.6705 0009204 104.8150 255.4119 15.46344151114188 | 2025/01/20-17:30:40  292.1188    0.1249  255.3099   93.1229     6805.5684     6799.3046     6811.8323  -1.139779  97.392331  -0.000887  -0.000246
1 55066U 23001BK  25022.15319623  .00062081  00000-0  12419-2 0  9995 | 2 55066  97.3994  92.1236 0009284 100.6104 259.6192 15.46522289114401 | 2025/01/22-03:40:36   84.5469    0.1250  259.5146   93.1121     6805.0458     6798.7280     6811.3636  -3.609167  97.332508  -0.000906  -0.000205
1 55066U 23001BK  25023.77067487  .00054632  00000-0  10866-2 0  9999 | 2 55066  97.3996  93.7762 0009298  94.9209 265.3102 15.46723306114655 | 2025/01/23-18:29:46  306.7794    0.1249  265.2040   93.1000     6804.4562     6798.1294     6810.7830  -6.414681  97.188137  -0.000919  -0.000141
1 55066U 23001BK  25025.12918721  .00055648  00000-0  10997-2 0  9999 | 2 55066  97.3991  95.1640 0009435  90.7804 269.4527 15.46905042114867 | 2025/01/25-03:06:01   75.7930    0.1250  269.3446   93.0891     6803.9232     6797.5037     6810.3427  -8.766584  97.003771  -0.000938  -0.000098
1 55066U 23001BK  25026.16414895  .00053823  00000-0  10597-2 0  9996 | 2 55066  97.3991  96.2216 0009499  87.0213 273.2124 15.47020303115025 | 2025/01/26-03:56:22   88.3412    0.1250  273.1037   93.0822     6803.5853     6797.1225     6810.0480 -10.555543  96.825437  -0.000948  -0.000054
1 55066U 23001BK  25027.78112378  .00055909  00000-0  10937-2 0  9991 | 2 55066  97.3985  97.8744 0009556  81.0995 279.1336 15.47197175115275 | 2025/01/27-18:44:49  310.3937    0.1250  279.0255   93.0715     6803.0667     6796.5657     6809.5678 -13.343786  96.480108  -0.000955   0.000017
1 55066U 23001BK  25029.13922558  .00062049  00000-0  12052-2 0  9994 | 2 55066  97.3978  99.2622 0009510  76.6796 283.5514 15.47377535115487 | 2025/01/29-03:20:29   79.2632    0.1250  283.4454   93.0607     6802.5381     6796.0689     6809.0073 -15.676441  96.127939  -0.000949   0.000067
1 55066U 23001BK  25030.17386751  .00054498  00000-0  10552-2 0  9991 | 2 55066  97.3973 100.3195 0009590  72.6985 287.5314 15.47501552115643 | 2025/01/30-04:10:22   91.6979    0.1251  287.4266   93.0532     6802.1747     6795.6514     6808.6979 -17.447466  95.821814  -0.000952   0.000117
1 55066U 23001BK  25031.27308969  .00057288  00000-0  11042-2 0  9993 | 2 55066  97.3968 101.4437 0009548  69.1406 291.0866 15.47620611115819 | 2025/01/31-06:33:14  127.3798    0.1251  290.9845   93.0461     6801.8258     6795.3314     6808.3202 -19.324007  95.460565  -0.000942   0.000156
1 55066U 23001BK  25032.56618080  .00067507  00000-0  12923-2 0  9998 | 2 55066  97.3962 102.7661 0009492  63.9119 296.3107 15.47774814116011 | 2025/02/01-13:35:18  232.8494    0.1250  296.2131   93.0368     6801.3740     6794.9181     6807.8299 -21.521784  94.988592  -0.000924   0.000219
1 55066U 23001BK  25033.60055269  .00069543  00000-0  13244-2 0  9997 | 2 55066  97.3960 103.8241 0009463  60.5829 299.6364 15.47916252116176 | 2025/02/02-14:24:47  245.1881    0.1250  299.5421   93.0283     6800.9597     6794.5240     6807.3954 -23.271987  94.574814  -0.000911   0.000254
1 55066U 23001BK  25034.76411338  .00051201  00000-0  97312-3 0  9999 | 2 55066  97.3958 105.0145 0009419  56.8431 303.3722 15.48055064116355 | 2025/02/03-18:20:19  304.0304    0.1251  303.2820   93.0199     6800.5531     6794.1477     6806.9586 -25.231695  94.070736  -0.000895   0.000293
1 55066U 23001BK  25035.79830560  .00058995  00000-0  11153-2 0  9990 | 2 55066  97.3959 106.0726 0009393  53.5691 306.6424 15.48173810116518 | 2025/02/04-19:09:33  316.3046    0.1251  306.5560   93.0128     6800.2054     6793.8180     6806.5928 -26.964557  93.588856  -0.000881   0.000327
1 55066U 23001BK  25037.73719672  .00059023  00000-0  11071-2 0  9998 | 2 55066  97.3958 108.0572 0009378  47.3748 312.8292 15.48399717116816 | 2025/02/06-17:41:33  294.2394    0.1251  312.7503   92.9992     6799.5440     6793.1673     6805.9206 -30.189416  92.598817  -0.000853   0.000390
1 55066U 23001BK  25038.77115935  .00052297  00000-0  97815-3 0  9992 | 2 55066  97.3959 109.1156 0009337  44.3741 315.8256 15.48512532116974 | 2025/02/07-18:30:28  306.4310    0.1251  315.7510   92.9925     6799.2137     6792.8653     6805.5621 -31.894739  92.025469  -0.000836   0.000417
1 55066U 23001BK  25039.86966560  .00052036  00000-0  96943-3 0  9993 | 2 55066  97.3962 110.2397 0009267  40.9157 319.2787 15.48627850117140 | 2025/02/08-20:52:19  341.8572    0.1251  319.2094   92.9855     6798.8762     6792.5756     6805.1767 -33.694059  91.382330  -0.000812   0.000447
1 55066U 23001BK  25041.16191345  .00066898  00000-0  12367-2 0  9998 | 2 55066  97.3956 111.5630 0009222  36.9737 323.2148 15.48785506117348 | 2025/02/10-03:53:09   87.0227    0.1252  323.1515   92.9761     6798.4148     6792.1453     6804.6843 -35.795226  90.579273  -0.000787   0.000481
1 55066U 23001BK  25042.71243213  .00055220  00000-0  10159-2 0  9996 | 2 55066  97.3944 113.1514 0009190  31.9426 328.2380 15.48974957117587 | 2025/02/11-17:05:54  285.1572    0.1251  328.1825   92.9647     6797.8604     6791.6132     6804.1077 -38.291790  89.551147  -0.000754   0.000526
1 55066U 23001BK  25043.74601176  .00054952  00000-0  10069-2 0  9997 | 2 55066  97.3939 114.2104 0009198  27.9836 332.1908 15.49091284117748 | 2025/02/12-17:54:15  297.2118    0.1252  332.1416   92.9577     6797.5201     6791.2678     6803.7725 -39.940127  88.827687  -0.000727   0.000564
1 55066U 23001BK  25045.61917827  .00061300  00000-0  11136-2 0  9999 | 2 55066  97.3930 116.1302 0009054  22.1912 337.9729 15.49311046118031 | 2025/02/14-14:51:37  251.4885    0.1251  337.9339   92.9445     6796.8773     6790.7234     6803.0312 -42.893090  87.439003  -0.000676   0.000602
1 55066U 23001BK  25046.71710551  .00066446  00000-0  11999-2 0  9999 | 2 55066  97.3923 117.2550 0009007  18.9104 341.2479 15.49460286118204 | 2025/02/15-17:12:37  286.7055    0.1251  341.2147   92.9356     6796.4409     6790.3193     6802.5624 -44.600949  86.579532  -0.000650   0.000624
1 55066U 23001BK  25048.46065447  .00073148  00000-0  13087-2 0  9997 | 2 55066  97.3922 119.0424 0008842  13.1613 346.9867 15.49699619118477 | 2025/02/17-11:03:20  194.3245    0.1252  346.9639   92.9212     6795.7411     6789.7323     6801.7499 -47.279698  85.146173  -0.000594   0.000655
1 55066U 23001BK  25049.68743141  .00055241  00000-0  98511-3 0  9996 | 2 55066  97.3916 120.3003 0008819   8.5230 351.6170 15.49868196118664 | 2025/02/18-16:29:54  275.9235    0.1253  351.6023   92.9111     6795.2483     6789.2556     6801.2410 -49.137193  84.087217  -0.000553   0.000687
1 55066U 23001BK  25050.72040390  .00065888  00000-0  11670-2 0  9997 | 2 55066  97.3914 121.3593 0008774   4.9771 355.1566 15.50016831118826 | 2025/02/19-17:17:22  287.7591    0.1252  355.1481   92.9022     6794.8139     6788.8521     6800.7757 -50.682794  83.164531  -0.000520   0.000707
1 55066U 23001BK  25051.75327386  .00056993  00000-0  10056-2 0  9998 | 2 55066  97.3914 122.4191 0008667   1.3630 358.7644 15.50164803118984 | 2025/02/20-18:04:42  299.5568    0.1253  358.7623   92.8933     6794.3815     6788.4928     6800.2702 -52.212331  82.212878  -0.000482   0.000720
1 55066U 23001BK  25052.91514445  .00063920  00000-0  11206-2 0  9997 | 2 55066  97.3912 123.6108 0008606 357.0807   3.0392 15.50318013119168 | 2025/02/21-21:57:48  357.7912    0.1251    3.0444   92.8842     6793.9338     6788.0870     6799.7807 -53.910757  81.109039  -0.000439   0.000740
1 55066U 23001BK  25054.72226542  .00067903  00000-0  11792-2 0  9991 | 2 55066  97.3915 125.4658 0008551 350.5938   9.5152 15.50570432119444 | 2025/02/23-17:20:03  288.2918    0.1252    9.5314   92.8690     6793.1965     6787.3876     6799.0053 -56.508195  79.321676  -0.000376   0.000768
1 55066U 23001BK  25055.75476499  .00073688  00000-0  12713-2 0  9994 | 2 55066  97.3912 126.5256 0008565 346.8268  13.2759 15.50732624119602 | 2025/02/24-18:06:51  299.9559    0.1253   13.2985   92.8593     6792.7228     6786.9048     6798.5408 -57.965479  78.262693  -0.000340   0.000786
1 55066U 23001BK  25056.91619157  .00079663  00000-0  13638-2 0  9999 | 2 55066  97.3912 127.7177 0008467 342.9474  17.1492 15.50928032119780 | 2025/02/25-21:59:18  358.0282    0.1252   17.1778   92.8476     6792.1522     6786.4013     6797.9031 -59.581155  77.039807  -0.000299   0.000792
1 55066U 23001BK  25058.14198429  .00081517  00000-0  13849-2 0  9995 | 2 55066  97.3903 128.9764 0008348 338.1519  21.9376 15.51137904119976 | 2025/02/27-03:24:27   79.2702    0.1253   21.9734   92.8351     6791.5396     6785.8700     6797.2091 -61.258521  75.711717  -0.000246   0.000798
1 55066U 23001BK  25059.17409924  .00094669  00000-0  15947-2 0  9997 | 2 55066  97.3901 130.0365 0008292 334.1321  25.9516 15.51327819120136 | 2025/02/28-04:10:42   90.7945    0.1253   25.9932   92.8237     6790.9853     6785.3542     6796.6163 -62.648664  74.565250  -0.000203   0.000804
1 55066U 23001BK  25060.72204974  .00075235  00000-0  12598-2 0  9995 | 2 55066  97.3891 131.6271 0008182 328.6390  31.4373 15.51572148120375 | 2025/03/01-17:19:45  287.9993    0.1252   31.4862   92.8091     6790.2723     6784.7165     6795.8281 -64.693615  72.796792  -0.000146   0.000805
1 55066U 23001BK  25061.75389446  .00055082  00000-0  92091-3 0  9992 | 2 55066  97.3882 132.6878 0008179 324.5714  35.4994 15.51699533120539 | 2025/03/02-18:05:36  299.4252    0.1253   35.5539   92.8015     6789.9007     6784.3472     6795.4541 -66.029508  71.586071  -0.000103   0.000811
1 55066U 23001BK  25063.17255562  .00055032  00000-0  91501-3 0  9991 | 2 55066  97.3878 134.1458 0008079 318.6275  41.4364 15.51855927120753 | 2025/03/04-04:08:28   90.0904    0.1252   41.4977   92.7921     6789.4445     6783.9593     6794.9297 -67.829299  69.882543  -0.000039   0.000807
1 55066U 23001BK  25064.52658875  .00072252  00000-0  11907-2 0  9999 | 2 55066  97.3876 135.5387 0008137 314.6714  45.3875 15.52032630120968 | 2025/03/05-12:38:17  217.4890    0.1253   45.4539   92.7816     6788.9291     6783.4050     6794.4533 -69.507839  68.212938  -0.000003   0.000814
1 55066U 23001BK  25065.68706963  .00057752  00000-0  94918-3 0  9991 | 2 55066  97.3880 136.7325 0007966 310.2403  49.8152 15.52169389121144 | 2025/03/06-16:29:22  275.2156    0.1253   49.8850   92.7734     6788.5304     6783.1226     6793.9381 -70.914208  66.750264   0.000042   0.000795
1 55066U 23001BK  25066.71852468  .00061034  00000-0  99845-3 0  9990 | 2 55066  97.3879 137.7929 0007934 306.7077  53.3446 15.52286421121306 | 2025/03/07-17:14:40  286.4988    0.1253   53.4176   92.7664     6788.1892     6782.8034     6793.5749 -72.137297  65.426397   0.000076   0.000790
1 55066U 23001BK  25067.74989621  .00066484  00000-0  10815-2 0  9999 | 2 55066  97.3877 138.8539 0007890 302.4389  57.6100 15.52421729121466 | 2025/03/08-17:59:51  297.7516    0.1253   57.6864   92.7583     6787.7947     6782.4391     6793.1503 -73.336271  64.079290   0.000119   0.000780
1 55066U 23001BK  25069.16786516  .00067710  00000-0  10925-2 0  9990 | 2 55066  97.3873 140.3127 0007723 296.1527  63.8931 15.52645961121682 | 2025/03/10-04:01:43   88.1623    0.1253   63.9726   92.7449     6787.1412     6781.8995     6792.3829 -74.943532  62.191263   0.000181   0.000751
1 55066U 23001BK  25070.45676857  .00060183  00000-0  96658-3 0  9995 | 2 55066  97.3871 141.6397 0007640 291.6287  68.4151 15.52806402121880 | 2025/03/11-10:57:44  192.1129    0.1252   68.4965   92.7353     6786.6737     6781.4886     6791.8587 -76.363529  60.438884   0.000220   0.000732
1 55066U 23001BK  25071.61665859  .00077863  00000-0  12395-2 0  9992 | 2 55066  97.3866 142.8332 0007680 287.5423  72.4991 15.52981221122067 | 2025/03/12-14:47:59  249.6255    0.1254   72.5831   92.7249     6786.1643     6780.9526     6791.3761 -77.605445  58.834894   0.000258   0.000723
1 55066U 23001BK  25072.71196945  .00081800  00000-0  12917-2 0  9995 | 2 55066  97.3860 143.9609 0007526 283.0144  77.0269 15.53191859122239 | 2025/03/13-17:05:14  283.8894    0.1254   77.1110   92.7123     6785.5508     6780.4440     6790.6576 -78.747847  57.295807   0.000294   0.000693
1 55066U 23001BK  25073.93597605  .00085209  00000-0  13345-2 0  9991 | 2 55066  97.3856 145.2216 0007503 277.5129  82.5272 15.53407534122425 | 2025/03/14-22:27:48    4.4787    0.1254   82.6125   92.6994     6784.9227     6779.8320     6790.0134 -79.989056  55.549132   0.000344   0.000667
1 55066U 23001BK  25075.15981156  .00070861  00000-0  11035-2 0  9997 | 2 55066  97.3850 146.4821 0007370 272.7310  87.3099 15.53622254122614 | 2025/03/16-03:50:07   85.0045    0.1253   87.3943   92.6866     6784.2975     6779.2975     6789.2976 -81.191174  53.775751   0.000377   0.000633
1 55066U 23001BK  25076.19027829  .00087857  00000-0  13554-2 0  9991 | 2 55066  97.3846 147.5435 0007325 268.9094  91.1320 15.53816311122774 | 2025/03/17-04:34:00   95.9263    0.1253   91.2159   92.6750     6783.7327     6778.7636     6788.7017 -82.173041  52.262335   0.000405   0.000610
1 55066U 23001BK  25077.22061304  .00101677  00000-0  15539-2 0  9994 | 2 55066  97.3842 148.6060 0007337 265.2964  94.7451 15.54024933122939 | 2025/03/18-05:17:40  106.7997    0.1253   94.8289   92.6626     6783.1255     6778.1487     6788.1023 -83.127674  50.729401   0.000432   0.000593
1 55066U 23001BK  25078.50832835  .00119844  00000-0  18086-2 0  9996 | 2 55066  97.3839 149.9338 0007320 260.8437  99.1989 15.54306583123137 | 2025/03/19-12:11:59  210.3176    0.1254   99.2817   92.6458     6782.3061     6777.3414     6787.2707 -84.280616  48.789361   0.000463   0.000567
1 55066U 23001BK  25079.60270817  .00089027  00000-0  13386-2 0  9991 | 2 55066  97.3838 151.0629 0007301 257.2244 102.8194 15.54521086123304 | 2025/03/20-14:27:53  244.2427    0.1254  102.9010   92.6330     6781.6821     6776.7308     6786.6334 -85.225570  47.119070   0.000486   0.000545
1 55066U 23001BK  25080.89002279  .00105616  00000-0  15699-2 0  9991 | 2 55066  97.3837 152.3909 0007361 253.0090 107.0358 15.54774766123503 | 2025/03/21-21:21:37  347.6158    0.1254  107.1164   92.6179     6780.9444     6775.9530     6785.9359 -86.294617  45.131188   0.000517   0.000524
1 55066U 23001BK  25081.91969736  .00123756  00000-0  18171-2 0  9998 | 2 55066  97.3837 153.4532 0007366 248.8047 111.2420 15.55046039123666 | 2025/03/22-22:04:21  358.2493    0.1253  111.3206   92.6018     6780.1558     6775.1615     6785.1501 -87.116498  43.523566   0.000545   0.000495
1 55066U 23001BK  25082.94920781  .00100169  00000-0  14637-2 0  9995 | 2 55066  97.3839 154.5162 0007446 245.2834 114.7646 15.55262577123826 | 2025/03/23-22:46:51    8.8235    0.1254  114.8420   92.5889     6779.5265     6774.4784     6784.5745 -87.909126  41.899996   0.000572   0.000477
1 55066U 23001BK  25084.94348856  .00096331  00000-0  13873-2 0  9990 | 2 55066  97.3836 156.5763 0007316 238.4397 121.6144 15.55674711124138 | 2025/03/25-22:38:37    6.6640    0.1255  121.6858   92.5643     6778.3290     6773.3700     6783.2881 -89.358244  38.712657   0.000599   0.000420
1 55066U 23001BK  25086.16552217  .00115146  00000-0  16376-2 0  9991 | 2 55066  97.3824 157.8384 0007156 233.8174 126.2419 15.55949855124323 | 2025/03/27-03:58:21   86.5333    0.1254  126.3080   92.5480     6777.5299     6772.6799     6782.3799 -90.188140  36.734606   0.000609   0.000376
1 55066U 23001BK  25087.64455876  .00080755  00000-0  11423-2 0  9993 | 2 55066  97.3816 159.3677 0007156 228.3210 131.7433 15.56222384124550 | 2025/03/28-15:28:09  258.9100    0.1254  131.8044   92.5318     6776.7386     6771.8892     6781.5881 -91.135645  34.314285   0.000634   0.000333
1 55066U 23001BK  25088.73759911  .00085969  00000-0  12065-2 0  9996 | 2 55066  97.3819 160.4980 0007117 223.9147 136.1543 15.56417253124721 | 2025/03/29-17:42:08  292.3469    0.1255  136.2108   92.5202     6776.1730     6771.3504     6780.9956 -91.795085  32.509950   0.000648   0.000294
1 55066U 23001BK  25090.15193792  .00073054  00000-0  10190-2 0  9993 | 2 55066  97.3812 161.9611 0007177 219.0740 140.9997 15.56630893124949 | 2025/03/31-03:38:47   81.4351    0.1254  141.0514   92.5075     6775.5530     6770.6901     6780.4158 -92.594573  30.155318   0.000670   0.000258
1 55066U 23001BK  25091.18042841  .00070576  00000-0  97916-3 0  9993 | 2 55066  97.3810 163.0251 0007193 215.7136 144.3639 15.56785989125107 | 2025/04/01-04:19:49   91.6376    0.1255  144.4119   92.4983     6775.1029     6770.2296     6779.9763 -93.138377  28.430650   0.000681   0.000231
1 55066U 23001BK  25092.72296613  .00093324  00000-0  12787-2 0  9990 | 2 55066  97.3803 164.6217 0007093 210.6858 149.3983 15.57038591125346 | 2025/04/02-17:21:04  286.8684    0.1254  149.4396   92.4833     6774.3702     6769.5651     6779.1752 -93.893687  25.824375   0.000684   0.000187
1 55066U 23001BK  25093.75117297  .00090842  00000-0  12363-2 0  9996 | 2 55066  97.3801 165.6863 0007057 207.3217 152.7668 15.57230544125502 | 2025/04/03-18:01:41  296.9673    0.1255  152.8038   92.4719     6773.8135     6769.0332     6778.5937 -94.357095  24.075351   0.000688   0.000159
1 55066U 23001BK  25095.16474855  .00111801  00000-0  15013-2 0  9993 | 2 55066  97.3802 167.1497 0007064 201.9027 158.1928 15.57515792125724 | 2025/04/05-03:57:14   85.7774    0.1255  158.2228   92.4549     6772.9864     6768.2019     6777.7708 -94.941262  21.657794   0.000698   0.000111
1 55066U 23001BK  25096.70652995  .00083342  00000-0  11109-2 0  9997 | 2 55066  97.3803 168.7472 0007028 196.4354 163.6675 15.57817048125961 | 2025/04/06-16:57:24  280.7334    0.1255  163.6901   92.4370     6772.1132     6767.3537     6776.8726 -95.508236  19.002622   0.000700   0.000063
1 55066U 23001BK  25097.73423184  .00081274  00000-0  10769-2 0  9990 | 2 55066  97.3804 169.8120 0007024 192.9561 167.1516 15.57984185126120 | 2025/04/07-17:37:17  290.6495    0.1256  167.1695   92.4271     6771.6288     6766.8724     6776.3852 -95.844972  17.224510   0.000702   0.000034
1 55066U 23001BK  25098.76182047  .00085393  00000-0  11234-2 0  9998 | 2 55066  97.3802 170.8771 0007005 190.2518 169.8596 15.58161092126283 | 2025/04/08-18:17:01  300.5254    0.1255  169.8737   92.4166     6771.1163     6766.3731     6775.8594 -96.148391  15.439894   0.000700   0.000014
1 55066U 23001BK  25099.91771031  .00091680  00000-0  11952-2 0  9996 | 2 55066  97.3802 172.0753 0007012 186.3865 173.7302 15.58380948126468 | 2025/04/09-22:01:30  356.5816    0.1255  173.7390   92.4036     6770.4794     6765.7319     6775.2269 -96.450231  13.425958   0.000701  -0.000019
1 55066U 23001BK  25101.45865326  .00097658  00000-0  12591-2 0  9991 | 2 55066  97.3794 173.6738 0006903 180.5147 179.6103 15.58656250126708 | 2025/04/11-11:00:27  191.2330    0.1255  179.6108   92.3873     6769.6821     6765.0090     6774.3553 -96.786425  10.730121   0.000687  -0.000070
1 55066U 23001BK  25102.93513867  .00098406  00000-0  12559-2 0  9991 | 2 55066  97.3792 175.2050 0006920 175.9370 184.1944 15.58924205126933 | 2025/04/12-22:26:35    2.6855    0.1256  184.1886   92.3714     6768.9064     6764.2223     6773.5905 -97.038388   8.140013   0.000684  -0.000107
1 55066U 23001BK  25104.73225784  .00089156  00000-0  11261-2 0  9990 | 2 55066  97.3787 177.0706 0006806 169.5646 190.5753 15.59233836127218 | 2025/04/14-17:34:27  289.5456    0.1256  190.5610   92.3530     6768.0102     6763.4039     6772.6166 -97.251452   4.976578   0.000662  -0.000157
1 55066U 23001BK  25105.75903243  .00074635  00000-0  93920-3 0  9995 | 2 55066  97.3783 178.1366 0006754 166.1003 194.0441 15.59385700127378 | 2025/04/15-18:13:00  299.1260    0.1256  194.0253   92.3441     6767.5708     6763.0000     6772.1416 -97.326806   3.166424   0.000650  -0.000183
1 55066U 23001BK  25107.10650629  .00092802  00000-0  11540-2 0  9996 | 2 55066  97.3777 179.5355 0006768 160.6018 199.5498 15.59634274127582 | 2025/04/17-02:33:22   64.1386    0.1257  199.5239   92.3293     6766.8517     6762.2719     6771.4315 -97.374500   0.789438   0.000637  -0.000230
1 55066U 23001BK  25108.13301117  .00077462  00000-0  95935-3 0  9991 | 2 55066  97.3771 180.6020 0006711 155.7981 204.3592 15.59797172127745 | 2025/04/18-03:11:32   73.6200    0.1256  204.3275   92.3197     6766.3806     6761.8397     6770.9215 -97.371725  -1.023111   0.000615  -0.000269
1 55066U 23001BK  25109.15941308  .00078774  00000-0  96953-3 0  9994 | 2 55066  97.3766 181.6690 0006638 151.0247 209.1379 15.59957651127909 | 2025/04/19-03:49:33   83.0640    0.1256  209.1009   92.3102     6765.9165     6761.4253     6770.4077 -97.335289  -2.836135   0.000590  -0.000305
1 55066U 23001BK  25110.18562891  .00149196  00000-0  17926-2 0  9994 | 2 55066  97.3777 182.7348 0006424 148.3214 211.8430 15.60349741128062 | 2025/04/20-04:27:18   92.4456    0.1256  211.8042   92.2870     6764.7830     6760.4373     6769.1287 -97.266795  -4.646196   0.000562  -0.000311
1 55066U 23001BK  25111.78857434  .00214606  00000-0  24965-2 0  9991 | 2 55066  97.3776 184.4030 0005679 144.1707 215.9933 15.60986953128313 | 2025/04/21-18:55:32  309.4181    0.1258  215.9551   92.2493     6762.9419     6759.1013     6766.7826 -97.090213  -7.475798   0.000485  -0.000296
1 55066U 23001BK  25114.15972057  .00195104  00000-0  21944-2 0  9999 | 2 55066  97.3770 186.8710 0005460 139.6195 220.5469 15.61931053128684 | 2025/04/24-03:49:59   82.8975    0.1257  220.5062   92.1936     6760.2165     6756.5254     6763.9075 -96.677640 -11.649633   0.000455  -0.000301
1 55066U 23001BK  25116.14518654  .00216387  00000-0  23461-2 0  9992 | 2 55066  97.3773 188.9413 0004667 135.9223 224.2408 15.62816199128991 | 2025/04/26-03:29:04   77.5552    0.1258  224.2035   92.1414     6757.6637     6754.5098     6760.8175 -96.193980 -15.134622   0.000382  -0.000269
1 55066U 23001BK  25117.16951986  .00225370  00000-0  23996-2 0  9999 | 2 55066  97.3766 190.0105 0004339 132.2324 227.9303 15.63255691129151 | 2025/04/27-04:04:06   86.2560    0.1258  227.8934   92.1154     6756.3970     6753.4654     6759.3286 -95.894130 -16.926843   0.000343  -0.000266
1 55066U 23001BK  25118.19355151  .00225455  00000-0  23573-2 0  9990 | 2 55066  97.3769 191.0795 0004021 131.7226 228.4377 15.63722587129311 | 2025/04/28-04:38:42   94.8501    0.1258  228.4032   92.0879     6755.0521     6752.3359     6757.7683 -95.561939 -18.713002   0.000320  -0.000243
1 55066U 23001BK  25121.45570173  .00229587  00000-0  22667-2 0  9999 | 2 55066  97.3744 194.4905 0002910 128.4002 231.7519 15.65172373129829 | 2025/05/01-10:56:12  189.0367    0.1259  231.7257   92.0026     6750.8801     6748.9156     6752.8446 -94.276837 -24.364971   0.000232  -0.000176
1 55066U 23001BK  25122.92576858  .00317053  00000-0  29926-2 0  9999 | 2 55066  97.3739 196.0304 0002371 122.5250 237.6239 15.66035409130055 | 2025/05/02-22:13:06  358.1731    0.1260  237.6010   91.9519     6748.3996     6746.7995     6749.9996 -93.587546 -26.889544   0.000178  -0.000157
1 55066U 23001BK  25123.94794470  .00250728  00000-0  23334-2 0  9996 | 2 55066  97.3747 197.1025 0001935 122.6696 237.4751 15.66594829130217 | 2025/05/03-22:45:02    6.0961    0.1260  237.4564   91.9191     6746.7929     6745.4874     6748.0985 -93.068809 -28.636149   0.000148  -0.000125
1 55066U 23001BK  25125.16136616  .00261961  00000-0  23797-2 0  9998 | 2 55066  97.3737 198.3760 0001605 124.2774 235.8639 15.67163661130409 | 2025/05/05-03:52:22   82.8537    0.1261  235.8487   91.8857     6745.1603     6744.0777     6746.2429 -92.408435 -30.697209   0.000128  -0.000097
1 55066U 23001BK  25126.75731731  .00220143  00000-0  19555-2 0  9997 | 2 55066  97.3742 200.0517 0000932 136.0314 224.1021 15.67847765130656 | 2025/05/06-18:10:32  297.3013    0.1261  224.0947   91.8457     6743.1980     6742.5696     6743.8265 -91.471729 -33.386490   0.000085  -0.000038
1 55066U 23001BK  25128.16118551  .00197377  00000-0  17177-2 0  9993 | 2 55066  97.3734 201.5265 0000503 132.5586 227.5718 15.68422867130876 | 2025/05/08-03:52:06   82.6058    0.1261  227.5675   91.8120     6741.5496     6741.2105     6741.8887 -90.581406 -35.729369   0.000045  -0.000022
1 55066U 23001BK  25129.18186007  .00232487  00000-0  19787-2 0  9998 | 2 55066  97.3736 202.6000 0000293 179.7248 180.4014 15.68862791131030 | 2025/05/09-04:21:52   89.9854    0.1262  180.4014   91.7862     6740.2892     6740.0917     6740.4867 -89.896302 -37.420219   0.000027   0.000011
1 55066U 23001BK  25130.45729452  .00246590  00000-0  20465-2 0  9992 | 2 55066  97.3734 203.9430 0000496 226.2315 133.8906 15.69437058131236 | 2025/05/10-10:58:30  189.0600    0.1262  133.8947   91.7526     6738.6449     6738.3107     6738.9792 -88.994384 -39.516814   0.000017   0.000047
1 55066U 23001BK  25131.73227469  .00210315  00000-0  17158-2 0  9996 | 2 55066  97.3730 205.2865 0000808 260.0654 100.0517 15.69963040131439 | 2025/05/11-17:34:28  287.9711    0.1262  100.0608   91.7219     6737.1397     6736.5954     6737.6841 -88.043033 -41.592374  -0.000021   0.000078
1 55066U 23001BK  25132.75193931  .00217720  00000-0  17419-2 0  9992 | 2 55066  97.3729 206.3615 0001180 264.6364  95.4764 15.70413873131598 | 2025/05/12-18:02:47  294.9847    0.1263   95.4899   91.6956     6735.8503     6735.0555     6736.6451 -87.247124 -43.236801  -0.000042   0.000110
1 55066U 23001BK  25134.47199341  .00234208  00000-0  18149-2 0  9995 | 2 55066  97.3714 208.1759 0001481 260.8719  99.2376 15.71135470131863 | 2025/05/14-11:19:40  194.0884    0.1263   99.2544   91.6535     6733.7877     6732.7904     6734.7850 -85.833098 -45.976830  -0.000048   0.000140
1 55066U 23001BK  25135.68191680  .00229654  00000-0  17415-2 0  9991 | 2 55066  97.3727 209.4543 0001980 264.4985  95.6052 15.71667598132055 | 2025/05/15-16:21:57  269.5808    0.1263   95.6278   91.6224     6732.2677     6730.9347     6733.6007 -84.787102 -47.880999  -0.000080   0.000181
1 55066U 23001BK  25136.76412302  .00222765  00000-0  16563-2 0  9997 | 2 55066  97.3722 210.5973 0002562 267.1052  92.9919 15.72157019132226 | 2025/05/16-18:20:20  299.1053    0.1264   93.0212   91.5939     6730.8704     6729.1460     6732.5949 -83.814680 -49.562533  -0.000119   0.000227
1 55066U 23001BK  25138.16406623  .00279419  00000-0  19965-2 0  9999 | 2 55066  97.3708 212.0785 0002968 265.3859  94.7065 15.72937870132440 | 2025/05/18-03:56:15   82.9882    0.1263   94.7404   91.5484     6728.6426     6726.6456     6730.6397 -82.504350 -51.711749  -0.000137   0.000263
1 55066U 23001BK  25139.18180985  .00186993  00000-0  13274-2 0  9993 | 2 55066  97.3706 213.1555 0003050 261.7875  98.3043 15.73355778132602 | 2025/05/19-04:21:48   89.3027    0.1264   98.3389   91.5241     6727.4511     6725.3992     6729.5030 -81.517628 -53.253263  -0.000129   0.000277
1 55066U 23001BK  25140.19930249  .00207013  00000-0  14402-2 0  9993 | 2 55066  97.3711 214.2337 0003332 259.5660 100.5229 15.73771422132765 | 2025/05/20-04:46:59   95.5276    0.1264  100.5604   91.4999     6726.2665     6724.0253     6728.5077 -80.501540 -54.778035  -0.000134   0.000305
1 55066U 23001BK  25141.72496324  .00263106  00000-0  17603-2 0  9995 | 2 55066  97.3697 215.8512 0003662 258.2819 101.8035 15.74526254133007 | 2025/05/21-17:23:56  284.6552    0.1265  101.8446   91.4561     6724.1166     6721.6542     6726.5790 -78.922112 -57.027702  -0.000150   0.000334
1 55066U 23001BK  25143.18637585  .00238258  00000-0  15517-2 0  9995 | 2 55066  97.3705 217.4013 0004133 258.2867 101.7934 15.75219223133236 | 2025/05/23-04:28:22   90.6594    0.1265  101.8398   91.4158     6722.1444     6719.3662     6724.9227 -77.351207 -59.142244  -0.000179   0.000372
1 55066U 23001BK  25144.20263252  .00244814  00000-0  15593-2 0  9994 | 2 55066  97.3710 218.4807 0004496 256.9018 103.1746 15.75713667133394 | 2025/05/24-04:51:47   96.4378    0.1266  103.2248   91.3872     6720.7381     6717.7165     6723.7598 -76.223753 -60.589200  -0.000193   0.000406
1 55066U 23001BK  25145.91683599  .00259951  00000-0  15924-2 0  9999 | 2 55066  97.3700 220.3032 0004944 255.0311 105.0408 15.76565233133660 | 2025/05/25-22:00:14  353.4226    0.1266  105.0955   91.3378     6718.3178     6714.9963     6721.6394 -74.257498 -62.982068  -0.000212   0.000447
1 55066U 23001BK  25147.18600458  .00267674  00000-0  15912-2 0  9991 | 2 55066  97.3699 221.6539 0005323 254.6826 105.3852 15.77226791133863 | 2025/05/27-04:27:50   90.2277    0.1266  105.4440   91.2995     6716.4390     6712.8639     6720.0142 -72.752178 -64.714898  -0.000236   0.000477
1 55066U 23001BK  25148.45461708  .00325597  00000-0  18595-2 0  9994 | 2 55066  97.3696 223.0058 0005834 253.2153 106.8473 15.77977041134066 | 2025/05/28-10:54:38  186.8319    0.1266  106.9113   91.2561     6714.3100     6710.3929     6718.2271 -71.204895 -66.413116  -0.000258   0.000523
1 55066U 23001BK  25150.16615007  .00396126  00000-0  21206-2 0  9997 | 2 55066  97.3677 224.8316 0006250 250.9942 109.0648 15.79241314134332 | 2025/05/30-03:59:15   82.8485    0.1267  109.1325   91.1830     6710.7260     6706.5318     6714.9203 -69.051421 -68.646706  -0.000272   0.000563
1 55066U 23001BK  25151.17975306  .00350685  00000-0  18285-2 0  9993 | 2 55066  97.3674 225.9146 0006540 250.2433 109.8129 15.79942373134494 | 2025/05/31-04:18:50   87.6644    0.1267  109.8834   91.1426     6708.7408     6704.3532     6713.1283 -67.741400 -69.939354  -0.000288   0.000587
1 55066U 23001BK  25152.19290519  .00393780  00000-0  19777-2 0  9992 | 2 55066  97.3676 226.9979 0006905 249.5725 110.4801 15.80656702134654 | 2025/06/01-04:37:47   92.3181    0.1267  110.5542   91.1014     6706.7194     6702.0884     6711.3504 -66.407153 -71.207721  -0.000309   0.000618
1 55066U 23001BK  25153.20547835  .00421808  00000-0  20120-2 0  9998 | 2 55066  97.3679 228.0830 0007268 248.9296 111.1195 15.81711838134810 | 2025/06/02-04:55:53   96.7609    0.1268  111.1972   91.0406     6703.7364     6698.8642     6708.6087 -65.046954 -72.452756  -0.000330   0.000648
1 55066U 23001BK  25154.47030324  .00600283  00000-0  26470-2 0  9998 | 2 55066  97.3669 229.4394 0007918 247.6634 112.3796 15.82966358135016 | 2025/06/03-11:17:14  191.9942    0.1269  112.4635   90.9685     6700.1941     6694.8889     6705.4993 -63.313016 -73.971449  -0.000361   0.000705
1 55066U 23001BK  25155.67101528  .00400189  00000-0  17260-2 0  9996 | 2 55066  97.3665 230.7287 0008269 247.1438 112.8958 15.83923388135208 | 2025/06/04-16:06:15  264.1481    0.1269  112.9831   90.9135     6697.4949     6691.9568     6703.0331 -61.632329 -75.376994  -0.000387   0.000731
1 55066U 23001BK  25156.68157338  .00402867  00000-0  16703-2 0  9994 | 2 55066  97.3665 231.8154 0008499 246.9416 113.0958 15.84750894135362 | 2025/06/05-16:21:27  267.8606    0.1269  113.1853   90.8660     6695.1633     6689.4730     6700.8535 -60.191693 -76.532316  -0.000409   0.000745
1 55066U 23001BK  25157.94406048  .00400708  00000-0  15849-2 0  9991 | 2 55066  97.3678 233.1753 0008962 245.4554 114.5783 15.85739405135568 | 2025/06/06-22:39:26    2.2441    0.1270  114.6716   90.8094     6692.3806     6686.3828     6698.3783 -58.359215 -77.940301  -0.000429   0.000787
1 55066U 23001BK  25159.14265321  .00481086  00000-0  17894-2 0  9992 | 2 55066  97.3677 234.4680 0009441 246.1528 113.8754 15.86823617135753 | 2025/06/08-03:25:25   73.6317    0.1271  113.9743   90.7473     6689.3318     6683.0164     6695.6472 -56.585974 -79.236964  -0.000481   0.000812
1 55066U 23001BK  25160.46641174  .00508385  98035-4  18730-2 0  9994 | 2 55066  97.3659 235.8979 0009767 245.1003 114.9254 15.88134873135968 | 2025/06/09-11:11:37  190.0621    0.1271  115.0268   90.6724     6685.6492     6679.1193     6692.1791 -54.590075 -80.622839  -0.000503   0.000837
1 55066U 23001BK  25161.47425079  .00475827  86635-4  16702-2 0  9994 | 2 55066  97.3645 236.9880 0009910 244.2247 115.8003 15.89106681136124 | 2025/06/10-11:22:55  192.7882    0.1272  115.9025   90.6169     6682.9232     6676.3005     6689.5460 -53.045608 -81.645632  -0.000514   0.000848
1 55066U 23001BK  25162.73319245  .00493501  94781-4  16268-2 0  9998 | 2 55066  97.3637 238.3523 0010178 244.8979 115.1238 15.90352904136329 | 2025/06/11-17:35:47  285.8870    0.1272  115.2293   90.5459     6679.4316     6672.6332     6686.2299 -51.086228 -82.884784  -0.000558   0.000851
1 55066U 23001BK  25163.80240974  .00693319  19625-3  21297-2 0  9999 | 2 55066  97.3636 239.5137 0010264 245.2025 114.8182 15.91755753136497 | 2025/06/12-19:15:28  310.6987    0.1274  114.9249   90.4661     6675.5065     6668.6548     6682.3582 -49.395701 -83.903130  -0.000585   0.000844
1 55066U 23001BK  25165.18438794  .00860419  32393-3  23165-2 0  9991 | 2 55066  97.3625 241.0183 0011045 245.8489 114.1632 15.94300247136717 | 2025/06/14-04:25:31   88.0770    0.1275  114.2786   90.3218     6668.4019     6661.0366     6675.7671 -47.175076 -85.170233  -0.000663   0.000884
1 55066U 23001BK  25166.18811943  .00727466  23035-3  17955-2 0  9990 | 2 55066  97.3625 242.1144 0011416 247.4441 112.5627 15.95895779136877 | 2025/06/15-04:30:53   89.3189    0.1275  112.6834   90.2315     6663.9566     6656.3490     6671.5641 -45.537189 -86.057079  -0.000727   0.000880
1 55066U 23001BK  25167.19091488  .00782976  27608-3  17804-2 0  9996 | 2 55066  97.3620 243.2114 0011706 248.9442 111.0584 15.97405926137038 | 2025/06/16-04:34:55   90.2209    0.1277  111.1835   90.1462     6659.7559     6651.9600     6667.5518 -43.881047 -86.912673  -0.000786   0.000868
1 55066U 23001BK  25168.19268519  .00899900  38506-3  18577-2 0  9991 | 2 55066  97.3621 244.3101 0012168 249.6433 110.3538 15.99162911137192 | 2025/06/17-04:37:28   90.7524    0.1278  110.4845   90.0471     6654.8770     6646.7794     6662.9747 -42.206493 -87.738193  -0.000845   0.000876
1 55066U 23001BK  25169.19330105  .01052937  56654-3  19480-2 0  9993 | 2 55066  97.3622 245.4101 0012583 250.8988 109.0928 16.01127391137358 | 2025/06/18-04:38:21   90.8658    0.1278  109.2290   89.9366     6649.4325     6641.0655     6657.7995 -40.514408 -88.532371  -0.000910   0.000869
1 55066U 23001BK  25171.00349752  .01233874  88575-3  17915-2 0  9993 | 2 55066  97.3627 247.4098 0013493 253.3403 106.6397 16.05282685137648 | 2025/06/20-00:05:02   22.3327    0.1281  106.7878   89.7038     6637.9528     6628.9962     6646.9094 -37.400655 -89.892638  -0.001045   0.000854
1 55066U 23001BK  25174.79084038  .03296069  24170-5  16204-2 0  9995 | 2 55066  97.3591 251.6459 0016655 260.5102  99.4305 16.20671727138257 | 2025/06/23-18:58:48  305.3123    0.1289   99.6187   88.8520     6595.8657     6584.8803     6606.8511 -30.657289 -92.406304  -0.001473   0.000778
1 55066U 23001BK  25175.95974197  .09852807  24931-5  12322-2 0  9994 | 2 55066  97.3561 252.9791 0016800 257.4312 102.5106 16.35646145138445 | 2025/06/24-23:02:01    5.9347    0.1297  102.6985   88.0386     6555.5470     6544.5337     6566.5604 -28.498128 -93.091712  -0.001461   0.000830
