# SPACE DATA - HISTORICAL TLEs
# ----------------------------
# NORAD_ID    : 61559
# OBJECT_NAME : QIANFAN-26
# --------------------------------------------------------------------+-----------------------------------------------------------------------+----------------------------------------------------------------------------------------------------------------------------------------
#                  LINE 1                                             |                 LINE 2                                                |      DERIVED PARAMETERS
# --------------------------------------------------------------------+-----------------------------------------------------------------------+----------------------------------------------------------------------------------------------------------------------------------------
# NORAD  COSPAR     TLE_EPOCH      MEANMOT1 MEANMOT2   BSTAR  #  REV  |   NORAD    INC     RAAN     ECC    ARGPER  MEANANOM   MEANMOT     REV |  CAL_DATE              LONG     ARGLAT     PERIOD        SMA         PERIGEE        APOGEE      INC_X      INC_Y      ECC_X      ECC_Y
# ------ ------   -------------- ----------  -------  ------- -- ----     -----  ------- -------- ------- -------- -------- -----------  ----   ------------------- ---------  --------  --------  ------------  ------------   ----------- ---------- ----------  ---------  ---------   
1 62255U 24232U   24349.57038352  .00001226  00000-0  50075-3 0  9999 | 2 62255  88.9939  79.0665 0015062 183.0631 177.0473 14.26692390 49663 | 2024/12/14-13:41:21  209.8816    0.1193  177.0562  100.9328     7180.9452     7170.1292     7191.7611  16.879433  87.378481  -0.000206  -0.001492
1 62255U 24232U   24350.90298762  .00001287  00000-0  52580-3 0  9991 | 2 62255  88.9938  78.9128 0015222 178.7868 181.3365 14.26696102 49859 | 2024/12/15-21:40:18  331.0733    0.1192  181.3324  100.9325     7180.9327     7170.0019     7191.8635  17.113751  87.332789  -0.000324  -0.001487
1 62255U 24232U   24352.72654663  .00001285  00000-0  52512-3 0  9992 | 2 62255  88.9937  78.7024 0015446 173.0148 187.1264 14.26700529 50110 | 2024/12/17-17:26:13  269.5445    0.1193  187.1045  100.9322     7180.9179     7169.8262     7192.0095  17.434317  87.269257  -0.000485  -0.001467
1 62255U 24232U   24353.84873419  .00001266  00000-0  51721-3 0  9998 | 2 62255  88.9936  78.5729 0015576 169.5131 190.6391 14.26703064 50279 | 2024/12/18-20:22:10  314.7566    0.1193  190.6062  100.9320     7180.9094     7169.7244     7192.0944  17.631498  87.229531  -0.000581  -0.001445
1 62255U 24232U   24355.18149143  .00001079  00000-0  44300-3 0  9994 | 2 62255  88.9936  78.4192 0015635 164.1831 195.9855 14.26329992 50464 | 2024/12/20-04:21:20   76.0001    0.1194  195.9363  100.9584     7182.1615     7170.9322     7193.3908  17.865434  87.181920  -0.000719  -0.001388
1 62255U 24232U   24357.77773521  .00001181  00000-0  48897-3 0  9993 | 2 62255  88.9935  78.1198 0015922 155.4316 204.7640 14.25978270 50836 | 2024/12/22-18:39:56  293.4792    0.1193  204.6877  100.9833     7183.3424     7171.9051     7194.7797  18.320738  87.087276  -0.000946  -0.001281
1 62255U 24232U   24359.46186612  .00001334  00000-0  55293-3 0  9998 | 2 62255  88.9934  77.9256 0016086 150.3267 209.8842 14.25983154 51072 | 2024/12/24-11:05:05  181.6052    0.1192  209.7925  100.9830     7183.3260     7171.7709     7194.8811  18.615788  87.024581  -0.001071  -0.001200
1 62255U 24232U   24360.51444521  .00001415  00000-0  58669-3 0  9992 | 2 62255  88.9934  77.8043 0016178 147.2039 213.0162 14.25986339 51226 | 2024/12/25-12:20:48  201.6833    0.1193  212.9154  100.9827     7183.3153     7171.6942     7194.9365  18.799984  86.984975  -0.001144  -0.001144
1 62255U 24232U   24361.84816898  .00001278  00000-0  53465-3 0  9995 | 2 62255  88.9932  77.6510 0016207 144.2158 216.0124 14.25463855 51418 | 2024/12/26-20:21:21  323.2836    0.1192  215.9034  101.0197     7185.0705     7173.4257     7196.7154  19.032610  86.934167  -0.001207  -0.001082
1 62255U 24232U   24362.90113076  .00001282  00000-0  53643-3 0  9994 | 2 62255  88.9932  77.5292 0016339 141.2712 218.9656 14.25466606 51567 | 2024/12/27-21:37:37  343.5009    0.1192  218.8480  101.0196     7185.0613     7173.3216     7196.8009  19.217372  86.893511  -0.001273  -0.001024
1 62255U 24232U   24364.16468198  .00001331  00000-0  55696-3 0  9997 | 2 62255  88.9930  77.3836 0016449 137.5354 222.7115 14.25470213 51741 | 2024/12/29-03:57:08   79.7603    0.1192  222.5838  101.0193     7185.0492     7173.2305     7196.8678  19.438080  86.844200  -0.001349  -0.000942
1 62255U 24232U   24365.42822934  .00001677  00000-0  70329-3 0  9992 | 2 62255  88.9929  77.2380 0016527 133.8099 226.4464 14.25475656 51928 | 2024/12/30-10:16:39  176.0189    0.1192  226.3093  101.0189     7185.0309     7173.1562     7196.9056  19.658683  86.794426  -0.001416  -0.000852
1 62255U 24232U   24366.48118289  .00001567  00000-0  65696-3 0  9999 | 2 62255  88.9928  77.1166 0016597 130.7614 229.5023 14.25478296 52079 | 2024/12/31-11:32:54  196.2340    0.1193  229.3579  101.0187     7185.0220     7173.0970     7196.9470  19.842519  86.752481  -0.001467  -0.000776
1 62255U 24232U   25001.60432901  .00001766  00000-0  74099-3 0  9998 | 2 62255  88.9926  76.9871 0016673 127.5005 232.7707 14.25483248 52236 | 2025/01/01-14:30:14  241.7957    0.1193  232.6188  101.0184     7185.0054     7173.0258     7196.9849  20.038502  86.707216  -0.001517  -0.000691
1 62255U 24232U   25002.93806086  .00001845  00000-0  77421-3 0  9994 | 2 62255  88.9923  76.8333 0016792 123.7377 236.5419 14.25488795 52422 | 2025/01/02-22:30:48    3.3991    0.1193  236.3816  101.0180     7184.9867     7172.9217     7197.0517  20.271110  86.652822  -0.001572  -0.000590
1 62255U 24232U   25004.55257195  .00001272  00000-0  53196-3 0  9992 | 2 62255  88.9924  76.6471 0016832 119.0211 241.2672 14.25491483 52651 | 2025/01/04-13:15:42  226.3919    0.1193  241.0982  101.0178     7184.9777     7172.8839     7197.0714  20.552631  86.586585  -0.001621  -0.000455
1 62255U 24232U   25005.81699526  .00001221  00000-0  53191-3 0  9999 | 2 62255  88.9905  76.5055 0016829 110.9457 249.3538 14.23356199 52837 | 2025/01/05-19:36:28  322.9610    0.1192  249.1735  101.1693     7192.1617     7180.0580     7204.2654  20.766113  86.533679  -0.001669  -0.000218
1 62255U 24232U   25006.94198318  .00000041  00000-0  11695-4 0  9990 | 2 62255  88.9921  76.3722 0016910 112.8214 247.4766 14.23117112 52996 | 2025/01/06-22:36:27    9.2003    0.1192  247.2978  101.1863     7192.9672     7180.8039     7205.1305  20.967756  86.486687  -0.001669  -0.000270
1 62255U 24232U   25008.55918328  .00000028  00000-0  59001-5 0  9999 | 2 62255  88.9919  76.1862 0016949 108.3187 251.9850 14.23118535 53228 | 2025/01/08-13:25:13  233.1666    0.1191  251.8004  101.1862     7192.9624     7180.7711     7205.1538  21.248360  86.417969  -0.001690  -0.000133
1 62255U 24232U   25009.89512858  .00000027  00000-0  54777-5 0  9999 | 2 62255  88.9918  76.0326 0016973 104.3962 255.9115 14.23121222 53411 | 2025/01/09-21:28:59  355.5733    0.1192  255.7230  101.1860     7192.9534     7180.7448     7205.1620  21.479931  86.360599  -0.001697  -0.000013
1 62255U 24232U   25011.44201073  .00000037  00000-0  96201-5 0  9996 | 2 62255  88.9915  75.8546 0016971 100.0490 260.2618 14.23123046 53633 | 2025/01/11-10:36:29  194.1505    0.1192  260.0702  101.1859     7192.9472     7180.7401     7205.1544  21.748049  86.293160  -0.001693   0.000121
1 62255U 24232U   25012.56701484  .00000044  00000-0  12717-4 0  9998 | 2 62255  88.9914  75.7253 0016975  96.8637 263.4486 14.23123754 53796 | 2025/01/12-13:36:30  240.3886    0.1191  263.2554  101.1859     7192.9448     7180.7348     7205.1549  21.942708  86.243764  -0.001683   0.000219
1 62255U 24232U   25013.90295490  .00000047  00000-0  14119-4 0  9993 | 2 62255  88.9912  75.5717 0016991  93.0826 267.2310 14.23126117 53989 | 2025/01/13-21:40:15    2.7961    0.1191  267.0365  101.1857     7192.9369     7180.7154     7205.1584  22.173783  86.184436  -0.001666   0.000334
1 62255U 24232U   25015.44983144  .00000045  00000-0  13437-4 0  9994 | 2 62255  88.9909  75.3938 0016935  88.6786 271.6346 14.23127150 54203 | 2025/01/15-10:47:45  201.3746    0.1192  271.4406  101.1856     7192.9334     7180.7522     7205.1146  22.441198  86.114882  -0.001628   0.000465
1 62255U 24232U   25016.57483061  .00000044  00000-0  12743-4 0  9990 | 2 62255  88.9908  75.2642 0016906  85.4295 274.8828 14.23129424 54364 | 2025/01/16-13:47:45  247.6137    0.1192  274.6897  101.1855     7192.9257     7180.7654     7205.0861  22.635902  86.063804  -0.001596   0.000559
1 62255U 24232U   25017.84045388  .00000040  00000-0  11128-4 0  9999 | 2 62255  88.9907  75.1186 0016900  81.8000 278.5108 14.23130271 54547 | 2025/01/17-20:10:15  344.6326    0.1192  278.3192  101.1854     7192.9229     7180.7668     7205.0789  22.854508  86.005908  -0.001555   0.000663
1 62255U 24232U   25018.89513785  .00000636  00000-0  27518-3 0  9996 | 2 62255  88.9906  74.9973 0016847  78.7410 281.5674 14.23133026 54696 | 2025/01/18-21:28:59    5.4821    0.1192  281.3782  101.1852     7192.9136     7180.7957     7205.0315  23.036513  85.957233  -0.001511   0.000745
1 62255U 24232U   25020.51231822  .00000706  00000-0  30613-3 0  9995 | 2 62255  88.9905  74.8111 0016763  74.1046 286.1992 14.23135571 54927 | 2025/01/20-12:17:44  229.4518    0.1192  286.0146  101.1850     7192.9050     7180.8475     7204.9625  23.315709  85.881819  -0.001436   0.000865
1 62255U 24232U   25021.56699963  .00000684  00000-0  29623-3 0  9999 | 2 62255  88.9903  74.6896 0016703  71.0859 289.2142 14.23136885 55072 | 2025/01/21-13:36:28  250.3018    0.1192  289.0333  101.1849     7192.9006     7180.8863     7204.9149  23.497722  85.831990  -0.001381   0.000939
1 62255U 24232U   25023.11386353  .00000655  00000-0  28334-3 0  9994 | 2 62255  88.9902  74.5115 0016616  66.5838 293.7099 14.23138877 55291 | 2025/01/23-02:43:57   88.8820    0.1192  293.5354  101.1848     7192.8939     7180.9422     7204.8456  23.764384  85.758438  -0.001293   0.001044
1 62255U 24232U   25024.44978943  .00000777  00000-0  33735-3 0  9999 | 2 62255  88.9900  74.3576 0016540  62.7580 297.5294 14.23141324 55487 | 2025/01/24-10:47:41  211.2923    0.1192  297.3612  101.1846     7192.8856     7180.9886     7204.7827  23.994597  85.694104  -0.001212   0.001126
1 62255U 24232U   25025.50446647  .00000729  00000-0  31615-3 0  9990 | 2 62255  88.9898  74.2361 0016458  59.7106 300.5711 14.23142455 55634 | 2025/01/25-12:06:25  232.1428    0.1192  300.4086  101.1845     7192.8818     7181.0438     7204.7199  24.176209  85.642836  -0.001142   0.001185
1 62255U 24232U   25026.55914256  .00000601  00000-0  25946-3 0  9991 | 2 62255  88.9897  74.1145 0016364  56.6356 303.6399 14.23143212 55785 | 2025/01/26-13:25:09  252.9935    0.1192  303.4836  101.1845     7192.8793     7181.1088     7204.6497  24.357889  85.591238  -0.001068   0.001240
1 62255U 24232U   25027.89506413  .00000583  00000-0  25139-3 0  9994 | 2 62255  88.9894  73.9606 0016255  52.6986 307.5685 14.23144739 55972 | 2025/01/27-21:28:53   15.4043    0.1193  307.4207  101.1844     7192.8741     7181.1821     7204.5661  24.587621  85.525214  -0.000971   0.001304
1 62255U 24232U   25029.16067241  .00000597  00000-0  25774-3 0  9997 | 2 62255  88.9893  73.8147 0016154  48.9368 311.3217 14.23146407 56159 | 2025/01/29-03:51:22  112.4252    0.1193  311.1825  101.1842     7192.8685     7181.2491     7204.4879  24.805298  85.462230  -0.000874   0.001359
1 62255U 24232U   25030.56690248  .00000557  00000-0  24017-3 0  9997 | 2 62255  88.9892  73.6526 0016022  44.8075 315.4407 14.23147812 56350 | 2025/01/30-13:36:20  260.2265    0.1192  315.3117  101.1841     7192.8638     7181.3394     7204.3882  25.046958  85.391613  -0.000764   0.001409
1 62255U 24232U   25032.46557249  .00000991  00000-0  43636-3 0  9991 | 2 62255  88.9889  73.4334 0015494  38.3720 321.8570 14.22671109 56620 | 2025/02/01-11:10:25  225.8575    0.1192  321.7472  101.2181     7194.4705     7183.3233     7205.6176  25.373376  85.294877  -0.000576   0.001439
1 62255U 24232U   25033.52059715  .00000413  00000-0  17785-3 0  9999 | 2 62255  88.9890  73.3122 0015281  35.5968 324.6239 14.22671604 56772 | 2025/02/02-12:29:39  246.8358    0.1192  324.5224  101.2180     7194.4688     7183.4749     7205.4627  25.553775  85.241109  -0.000495   0.001446
1 62255U 24232U   25034.57574113  .00000372  00000-0  16064-3 0  9992 | 2 62255  88.9889  73.1908 0015152  32.7913 327.4215 14.22406413 56922 | 2025/02/03-13:49:04  267.8569    0.1192  327.3279  101.2369     7195.3630     7184.4606     7206.2654  25.734300  85.186678  -0.000417   0.001457
1 62255U 24232U   25036.47513731  .00000378  00000-0  16304-3 0  9995 | 2 62255  88.9887  72.9718 0014933  26.9572 333.2391 14.22408232 57199 | 2025/02/05-11:24:11  233.7472    0.1191  333.1619  101.2368     7195.3568     7184.6120     7206.1017  26.059660  85.087501  -0.000257   0.001471
1 62255U 24232U   25037.81222236  .00000880  00000-0  39485-3 0  9994 | 2 62255  88.9884  72.8177 0014407  22.1974 337.9838 14.21590100 57387 | 2025/02/06-19:29:36  356.5849    0.1192  337.9218  101.2950     7198.1172     7187.7469     7208.4875  26.288324  85.016818  -0.000126   0.001435
1 62255U 24232U   25039.14996144  .00000774  00000-0  35008-3 0  9997 | 2 62255  88.9884  72.6639 0014151  18.6528 341.5178 14.21072384 57577 | 2025/02/08-03:35:56  119.6539    0.1191  341.4663  101.3319     7199.8654     7189.6768     7210.0539  26.516441  84.945946  -0.000033   0.001415
1 62255U 24232U   25040.84025332  .00000808  00000-0  36962-3 0  9996 | 2 62255  88.9885  72.4696 0013863  14.0770 346.0804 14.20476707 57816 | 2025/02/09-20:09:57   10.0325    0.1191  346.0421  101.3744     7201.8781     7191.8941     7211.8620  26.804385  84.855631   0.000084   0.001384
1 62255U 24232U   25042.10895672  .00000778  00000-0  36484-3 0  9994 | 2 62255  88.9883  72.3264 0013762  11.7248 348.4260 14.19175444 57999 | 2025/02/11-02:36:53  108.1660    0.1191  348.3943  101.4674     7206.2797     7196.3624     7216.1970  27.016321  84.788183   0.000143   0.001369
1 62255U 24232U   25043.44894106  .00000714  00000-0  33904-3 0  9997 | 2 62255  88.9883  72.1700 0013516   2.4017 357.7235 14.18442410 58186 | 2025/02/12-10:46:28  232.0631    0.1190  357.7173  101.5198     7208.7623     7199.0189     7218.5056  27.247665  84.714121   0.000360   0.001303
1 62255U 24232U   25044.50736916  .00000678  00000-0  32604-3 0  9994 | 2 62255  88.9884  72.0495 0012165 353.0655   7.0364 14.17720491 58331 | 2025/02/13-12:10:36  254.2843    0.1190    7.0535  101.5715     7211.2092     7202.4368     7219.9817  27.425800  84.656723   0.000512   0.001104
1 62255U 24232U   25045.56635442  .00000656  00000-0  31959-3 0  9991 | 2 62255  88.9876  71.9289 0010834 355.3450   4.7636 14.16989187 58480 | 2025/02/14-13:35:33  276.6767    0.1189    4.7739  101.6239     7213.6901     7205.8748     7221.5055  27.603682  84.598048   0.000419   0.000999
1 62255U 24232U   25046.83762379  .00000339  00000-0  16284-3 0  9994 | 2 62255  88.9879  71.7831 0010128 349.6309  10.4668 14.16567650 58665 | 2025/02/15-20:06:10   15.7434    0.1188   10.4879  101.6542     7215.1212     7207.8137     7222.4286  27.818962  84.527816   0.000485   0.000889
1 62255U 24232U   25048.53369880  .00000666  00000-0  33469-3 0  9990 | 2 62255  88.9881  71.5898 0008664 354.6103   5.4990 14.15401737 58900 | 2025/02/17-12:48:31  268.1838    0.1188    5.5085  101.7379     7219.0828     7212.8282     7225.3374  28.104040  84.433672   0.000350   0.000793
1 62255U 24232U   25049.73589121  .00000643  00000-0  32676-3 0  9999 | 2 62255  88.9874  71.4535 0009314 350.3811   9.7196 14.14704999 59070 | 2025/02/18-17:39:41  342.3029    0.1187    9.7376  101.7880     7221.4529     7214.7268     7228.1790  28.304595  84.365913   0.000440   0.000821
1 62255U 24232U   25050.79715457  .00000691  00000-0  35636-3 0  9992 | 2 62255  88.9872  71.3324 0007932 348.6794  11.4213 14.13996473 59223 | 2025/02/19-19:07:54    5.5248    0.1187   11.4393  101.8390     7223.8650     7218.1351     7229.5950  28.482783  84.305711   0.000396   0.000687
1 62255U 24232U   25052.14219458  .00000635  00000-0  33289-3 0  9993 | 2 62255  88.9881  71.1796 0008716 352.7945   7.3114 14.13014065 59412 | 2025/02/21-03:24:45  131.2126    0.1186    7.3241  101.9098     7227.2130     7220.9137     7233.5122  28.707804  84.230303   0.000382   0.000783
1 62255U 24232U   25053.48806893  .00000675  00000-0  36020-3 0  9996 | 2 62255  88.9875  71.0266 0007372 346.4292  13.6695 14.12169297 59600 | 2025/02/22-11:42:49  257.2141    0.1187   13.6895  101.9708     7230.0949     7224.7649     7235.4249  28.932431  84.152775   0.000397   0.000621
1 62255U 24232U   25054.83481300  .00000730  00000-0  39649-3 0  9990 | 2 62255  88.9872  70.8739 0007845 352.9952   7.1122 14.11310042 59797 | 2025/02/23-20:02:07   23.5134    0.1185    7.1233  102.0329     7233.0292     7227.3549     7238.7035  29.156506  84.075085   0.000346   0.000704
1 62255U 24232U   25056.18243413  .00000806  00000-0  44644-3 0  9996 | 2 62255  88.9876  70.7207 0007558 340.3269  19.7622 14.10334292 59980 | 2025/02/25-04:22:42  150.1568    0.1184   19.7915  102.1035     7236.3650     7230.8958     7241.8342  29.381338  83.997202   0.000475   0.000588
1 62255U 24232U   25057.45993408  .00000847  00000-0  47723-3 0  9999 | 2 62255  88.9880  70.5769 0007329 348.7370  11.3649 14.09481468 60162 | 2025/02/26-11:02:18  251.4469    0.1185   11.3815  102.1652     7239.2837     7233.9780     7244.5893  29.592193  83.923574   0.000374   0.000630
1 62255U 24232U   25058.52508950  .00000818  00000-0  46516-3 0  9999 | 2 62255  88.9878  70.4568 0008151 340.4340  19.6530 14.08928746 60316 | 2025/02/27-12:36:07  276.0877    0.1184   19.6844  102.2053     7241.1769     7235.2746     7247.0791  29.767976  83.861172   0.000514   0.000632
1 62255U 24232U   25059.80393196  .00000743  00000-0  42952-3 0  9992 | 2 62255  88.9878  70.3127 0006347 338.7937  21.2982 14.07952653 60495 | 2025/02/28-19:17:39   17.8707    0.1183   21.3246  102.2762     7244.5232     7239.9251     7249.1213  29.978794  83.786040   0.000416   0.000480
1 62255U 24232U   25061.51023677  .00000624  00000-0  36564-3 0  9997 | 2 62255  88.9881  70.1216 0007760 331.8151  28.2610 14.06989227 60736 | 2025/03/02-12:14:44  274.0292    0.1182   28.3031  102.3462     7247.8299     7242.2056     7253.4542  30.258183  83.685867   0.000577   0.000519
1 62255U 24232U   25062.93317581  .00000529  00000-0  31447-3 0  9993 | 2 62255  88.9879  69.9612 0006092 328.3100  31.7714 14.06017771 60933 | 2025/03/03-22:23:46   67.8448    0.1182   31.8082  102.4169     7251.1680     7246.7506     7255.5854  30.492275  83.600643   0.000478   0.000377
1 62255U 24232U   25064.14342810  .00000506  00000-0  30498-3 0  9991 | 2 62255  88.9886  69.8273 0007399 325.4171  34.6529 14.05177799 61102 | 2025/03/05-03:26:32  144.8738    0.1182   34.7011  102.4781     7254.0574     7248.6901     7259.4247  30.687807  83.529812   0.000604   0.000427
1 62255U 24232U   25065.49680532  .00000486  00000-0  29716-3 0  9994 | 2 62255  88.9882  69.6734 0006162 310.6574  49.4071 14.04346984 61297 | 2025/03/06-11:55:23  273.5830    0.1181   49.4607  102.5388     7256.9181     7252.4464     7261.3899  30.911923  83.446706   0.000578   0.000214
1 62255U 24232U   25066.77973989  .00000518  00000-0  32175-3 0  9996 | 2 62255  88.9878  69.5312 0006920 319.1298  40.9363 14.03518959 61474 | 2025/03/07-18:42:49   16.8446    0.1181   40.9883  102.5993     7259.7721     7254.7483     7264.7958  31.118791  83.369355   0.000607   0.000332
1 62255U 24232U   25068.49123771  .00000613  00000-0  38664-3 0  9998 | 2 62255  88.9889  69.3390 0007337 304.1827  55.8658 14.02961132 61718 | 2025/03/09-11:47:22  274.8805    0.1181   55.9354  102.6400     7261.6963     7256.3684     7267.0242  31.398668  83.265527   0.000713   0.000172
1 62255U 24232U   25069.56137675  .00000551  00000-0  35098-3 0  9994 | 2 62255  88.9881  69.2197 0006360 292.5703  67.4803 14.02261625 61869 | 2025/03/10-13:28:22  301.3025    0.1179   67.5476  102.6913     7264.1111     7259.4911     7268.7310  31.571689  83.199221   0.000636   0.000020
1 62255U 24232U   25071.20326595  .00000582  00000-0  37680-3 0  9992 | 2 62255  88.9888  69.0373 0006848 294.5865  65.4601 14.01426243 62090 | 2025/03/12-04:52:42  174.1874    0.1180   65.5315  102.7525     7266.9975     7262.0211     7271.9739  31.836642  83.098945   0.000683   0.000043
1 62255U 24232U   25072.55987354  .00000242  00000-0  15174-3 0  9994 | 2 62255  88.9889  68.8864 0006814 289.1019  70.9422 14.01426848 62281 | 2025/03/13-13:26:13  304.0566    0.1179   71.0160  102.7524     7266.9954     7262.0437     7271.9471  32.055426  83.014902   0.000681  -0.000024
1 62255U 24232U   25073.70235372  .00000227  00000-0  14296-3 0  9995 | 2 62255  88.9881  68.7601 0007326 289.2055  70.8331 14.00882029 62443 | 2025/03/14-16:51:23  356.6074    0.1179   70.9124  102.7924     7268.8794     7263.5543     7274.2046  32.238052  82.943294   0.000732  -0.000026
1 62255U 24232U   25074.91751815  .00000658  00000-0  44539-3 0  9995 | 2 62255  88.9892  68.6256 0006933 284.8923  75.1487 13.99090494 62611 | 2025/03/15-22:01:13   75.3964    0.1178   75.2255  102.9240     7275.0833     7270.0395     7280.1271  32.433070  82.868412   0.000689  -0.000078
1 62255U 24232U   25076.56429038  .00000641  00000-0  45259-3 0  9999 | 2 62255  88.9893  68.4431 0007315 274.9272  85.1070 13.96749874 62841 | 2025/03/17-13:32:34  310.0468    0.1177   85.1905  103.0965     7283.2086     7277.8809     7288.5362  32.696897  82.764778   0.000701  -0.000209
1 62255U 24232U   25077.78226596  .00000362  00000-0  25352-3 0  9990 | 2 62255  88.9941  68.3107 0007940 271.9433  88.0835 13.96220065 63011 | 2025/03/18-18:46:27   29.8584    0.1177   88.1744  103.1356     7285.0509     7279.2666     7290.8352  32.889837  82.693461   0.000747  -0.000268
1 62255U 24232U   25078.78644679  .00000681  00000-0  50163-3 0  9999 | 2 62255  88.9895  68.1985 0007366 264.9956  95.0379 13.94376335 63151 | 2025/03/19-18:52:29   32.4587    0.1176   95.1220  103.2720     7291.4713     7286.1004     7296.8422  33.050001  82.624624   0.000657  -0.000332
1 62255U 24232U   25080.22268142  .00000682  00000-0  51313-3 0  9997 | 2 62255  88.9898  68.0408 0007380 257.8826 102.1522 13.93213961 63352 | 2025/03/21-05:20:39  191.0752    0.1175  102.2349  103.3581     7295.5263     7290.1422     7300.9104  33.277403  82.533623   0.000611  -0.000414
1 62255U 24232U   25081.51647417  .00000693  00000-0  54153-3 0  9993 | 2 62255  88.9897  67.8998 0007449 250.5159 109.5210 13.91065797 63532 | 2025/03/22-12:23:43  298.2547    0.1173  109.6014  103.5177     7303.0352     7297.5952     7308.4752  33.480372  82.451388   0.000557  -0.000494
1 62255U 24232U   25083.53227385  .00000658  00000-0  53861-3 0  9991 | 2 62255  88.9875  67.6888 0007251 252.5308 107.5072 13.88322990 63815 | 2025/03/24-12:46:28  306.1394    0.1172  107.5864  103.7223     7312.6507     7307.3483     7317.9531  33.782948  82.325498   0.000557  -0.000464
1 62255U 24232U   25084.90278171  .00000591  00000-0  49901-3 0  9998 | 2 62255  88.9904  67.5311 0007167 245.2554 114.7872 13.86454912 64004 | 2025/03/25-21:40:00   81.0261    0.1171  114.8617  103.8620     7319.2179     7313.9722     7324.4635  34.010520  82.234882   0.000487  -0.000526
1 62255U 24232U   25086.05774978  .00000540  00000-0  46212-3 0  9998 | 2 62255  88.9918  67.4042 0007293 237.3602 122.6865 13.85491639 64168 | 2025/03/27-01:23:09  138.0758    0.1170  122.7568  103.9342     7322.6100     7317.2696     7327.9503  34.193110  82.160646   0.000416  -0.000599
1 62255U 24232U   25087.43111238  .00000452  00000-0  40083-3 0  9997 | 2 62255  88.9881  67.2597 0006329 243.6145 116.4375 13.83226146 64356 | 2025/03/28-10:20:48  273.9792    0.1169  116.5024  104.1045     7330.6032     7325.9637     7335.2428  34.398780  82.070737   0.000414  -0.000479
1 62255U 24232U   25088.87885406  .00000387  00000-0  34874-3 0  9999 | 2 62255  88.9912  67.1021 0007547 230.5502 129.5000 13.81998121 64556 | 2025/03/29-21:05:32   76.7526    0.1169  129.5667  104.1970     7334.9452     7329.4095     7340.4809  34.625603  81.978664   0.000350  -0.000668
1 62255U 24232U   25090.47251769  .00000370  00000-0  34388-3 0  9999 | 2 62255  88.9905  66.9320 0007874 223.7371 136.3173 13.80107201 64779 | 2025/03/31-11:20:25  292.2082    0.1167  136.3796  104.3397     7341.6435     7335.8627     7347.4243  34.868554  81.874862   0.000278  -0.000737
1 62255U 24232U   25091.48814455  .00000352  00000-0  33447-3 0  9993 | 2 62255  88.9916  66.8224 0007879 224.9737 135.0792 13.78613211 64916 | 2025/04/01-11:42:55  298.9460    0.1166  135.1429  104.4528     7346.9466     7341.1580     7352.7353  35.025540  81.809024   0.000293  -0.000732
1 62255U 24232U   25092.50491790  .00000357  00000-0  34699-3 0  9995 | 2 62255  88.9918  66.7141 0008117 216.9692 143.0915 13.77409825 65057 | 2025/04/02-12:07:04  306.0871    0.1165  143.1473  104.5440     7351.2251     7345.2581     7357.1921  35.180191  81.742857   0.000192  -0.000789
1 62255U 24232U   25093.59460501  .00000272  00000-0  26217-3 0  9994 | 2 62255  88.9909  66.5997 0008186 217.8238 142.2354 13.77148930 65208 | 2025/04/03-14:16:13  339.5644    0.1166  142.2928  104.5639     7352.1535     7346.1351     7358.1720  35.342976  81.671625   0.000204  -0.000793
1 62255U 24232U   25094.61246348  .00000371  00000-0  37296-3 0  9998 | 2 62255  88.9916  66.4909 0008558 213.7594 146.3027 13.75475696 65348 | 2025/04/04-14:41:56  347.1026    0.1165  146.3571  104.6911     7358.1148     7351.8177     7364.4119  35.498279  81.605006   0.000152  -0.000842
1 62255U 24232U   25095.99576513  .00000363  00000-0  37820-3 0  9994 | 2 62255  88.9924  66.3439 0007532 211.9925 148.0782 13.73298064 65531 | 2025/04/05-23:53:54  126.5930    0.1163  148.1238  104.8571     7365.8913     7360.3433     7371.4392  35.707852  81.514395   0.000109  -0.000745
1 62255U 24232U   25097.23464265  .00000081  00000-0  73896-4 0  9994 | 2 62255  88.9924  66.2126 0008053 200.3920 159.6923 13.73032763 65705 | 2025/04/07-05:37:53  213.9277    0.1163  159.7243  104.8773     7366.8401     7360.9075     7372.7726  35.894557  81.432352  -0.000048  -0.000804
1 62255U 24232U   25098.40134894  .00000308  00000-0  32889-3 0  9994 | 2 62255  88.9925  66.0887 0007744 196.5591 163.5320 13.71293840 65869 | 2025/04/08-09:37:56  275.2091    0.1162  163.5571  105.0103     7373.0666     7367.3569     7378.7763  36.070608  81.354633  -0.000099  -0.000768
1 62255U 24232U   25099.42351183  .00000296  00000-0  32509-3 0  9994 | 2 62255  88.9928  65.9819 0008461 200.4550 159.6274 13.69688949 66008 | 2025/04/09-10:09:51  284.3107    0.1161  159.6611  105.1334     7378.8249     7372.5817     7385.0682  36.222314  81.287529  -0.000053  -0.000844
1 62255U 24232U   25100.59310484  .00000293  00000-0  32739-3 0  9996 | 2 62255  88.9859  65.8479 0008370 196.6102 163.4786 13.68421726 66165 | 2025/04/10-14:14:04  346.6446    0.1160  163.5058  105.2307     7383.3797     7377.1998     7389.5595  36.409502  81.196297  -0.000110  -0.000830
1 62255U 24232U   25101.61759554  .00000272  00000-0  31184-3 0  9995 | 2 62255  88.9913  65.7552 0007632 185.4920 174.6158 13.66668089 66307 | 2025/04/11-14:49:20  356.5447    0.1160  174.6240  105.3657     7389.6943     7384.0545     7395.3341  36.543041  81.142206  -0.000245  -0.000723
1 62255U 24232U   25102.71662147  .00000257  00000-0  30260-3 0  9995 | 2 62255  89.0101  65.6616 0005587 206.6817 153.4056 13.64905504 66458 | 2025/04/12-17:11:56   33.3914    0.1159  153.4342  105.5018     7396.0548     7391.9226     7400.1869  36.683296  81.099530   0.000023  -0.000558
1 62255U 24232U   25103.89017919  .00000240  00000-0  28547-3 0  9993 | 2 62255  88.9935  65.5154 0008030 184.4367 175.6722 13.64032630 66611 | 2025/04/13-21:21:51   97.1535    0.1158  175.6791  105.5693     7399.2097     7393.2681     7405.1513  36.883236  80.990555  -0.000275  -0.000754
1 62255U 24232U   25104.91721708  .00000052  00000-0  50492-4 0  9991 | 2 62255  88.9948  65.4117 0006887 183.0169 177.0949 13.63843759 66759 | 2025/04/14-22:00:47  108.0002    0.1158  177.0989  105.5839     7399.8928     7394.7965     7404.9891  37.030301  80.924849  -0.000253  -0.000640
1 62255U 24232U   25106.38486029  .00000267  00000-0  32387-3 0  9998 | 2 62255  88.9939  65.2566 0004732 176.4849 183.6343 13.63297736 66954 | 2025/04/16-09:14:11  277.9461    0.1158  183.6309  105.6262     7401.8685     7398.3659     7405.3711  37.248853  80.823494  -0.000224  -0.000417
1 62255U 24232U   25107.55929331  .00000249  00000-0  30151-3 0  9993 | 2 62255  88.9934  65.1355 0003951 170.9073 189.2158 13.63109967 67117 | 2025/04/17-13:25:22  342.0167    0.1159  189.2086  105.6408     7402.5482     7399.6235     7405.4730  37.419387  80.744131  -0.000221  -0.000328
1 62255U 24232U   25108.88085021  .00000237  00000-0  28833-3 0  9990 | 2 62255  88.9949  64.9984 0002041 157.8188 202.3059 13.62665515 67299 | 2025/04/18-21:08:25   99.2153    0.1158  202.2970  105.6752     7404.1578     7402.6466     7405.6690  37.613122  80.655721  -0.000150  -0.000139
1 62255U 24232U   25109.90904065  .00000238  00000-0  29128-3 0  9991 | 2 62255  88.9941  64.8917 0000963 110.3304 249.7957 13.62320919 67435 | 2025/04/19-21:49:01  110.4826    0.1157  249.7853  105.7020     7405.4063     7404.6932     7406.1194  37.762920  80.584811  -0.000096   0.000008
1 62255U 24232U   25111.37886146  .00000236  00000-0  30021-3 0  9996 | 2 62255  88.9973  64.7309 0003006  51.4792 308.6634 13.60109429 67639 | 2025/04/21-09:05:33  281.2111    0.1157  308.6365  105.8738     7413.4314     7411.2029     7415.6599  37.990297  80.481406  -0.000133   0.000270
1 62255U 24232U   25112.40936027  .00000231  00000-0  30058-3 0  9990 | 2 62255  88.9870  64.6656 0006913 185.0278 175.0809 13.58423896 67771 | 2025/04/22-09:49:28  293.3056    0.1155  175.0877  106.0052     7419.5625     7414.4334     7424.6917  38.077590  80.428747  -0.000240  -0.000648
1 62255U 24232U   25113.66203938  .00000214  00000-0  27947-3 0  9991 | 2 62255  88.9946  64.5043 0001362 133.7439 226.3829 13.57877593 67943 | 2025/04/23-15:53:20   25.6480    0.1155  226.3716  106.0479     7421.5524     7420.5416     7422.5632  38.307134  80.328091  -0.000129  -0.000043
1 62255U 24232U   25115.50701436  .00000200  00000-0  27686-3 0  9997 | 2 62255  88.9950  64.3094 0002176 152.2678 207.8591 13.54171200 68194 | 2025/04/25-12:10:06  331.8523    0.1153  207.8475  106.3381     7435.0882     7433.4703     7436.7061  38.580333  80.197680  -0.000175  -0.000130
1 62255U 24232U   25116.91136555  .00000195  00000-0  27217-3 0  9990 | 2 62255  88.9949  64.1721 0001948 132.8193 227.3124 13.53671130 68385 | 2025/04/26-21:52:21  118.9354    0.1153  227.2960  106.3774     7436.9192     7435.4705     7438.3679  38.772360  80.104908  -0.000186  -0.000057
1 62255U 24232U   25118.53827579  .00000188  00000-0  26872-3 0  9991 | 2 62255  88.9928  64.0135 0003699 145.8413 214.2977 13.51852168 68600 | 2025/04/28-12:55:07  346.3779    0.1151  214.2738  106.5205     7443.5888     7440.8354     7446.3422  38.993028  79.995389  -0.000321  -0.000184
1 62255U 24232U   25121.87262412  .00000184  00000-0  27144-3 0  9990 | 2 62255  88.9955  63.6681 0002762 122.1574 237.9845 13.49678492 69056 | 2025/05/01-20:56:34  110.3723    0.1151  237.9577  106.6921     7451.5787     7449.5205     7453.6368  39.475756  79.761292  -0.000275  -0.000028
1 62255U 24232U   25123.20706701  .00000217  00000-0  32449-3 0  9994 | 2 62255  88.9956  63.5333 0002890 121.0156 239.1278 13.49679184 69239 | 2025/05/03-04:58:10  232.2204    0.1150  239.0994  106.6920     7451.5761     7449.4226     7453.7296  39.663346  79.668286  -0.000288  -0.000023
1 62255U 24232U   25124.54150976  .00000154  00000-0  22487-3 0  9990 | 2 62255  88.9957  63.3982 0002973 119.1189 241.0260 13.49679399 69415 | 2025/05/04-12:59:46  354.0686    0.1151  240.9962  106.6920     7451.5753     7449.3600     7453.7907  39.851133  79.574630  -0.000297  -0.000013
1 62255U 24232U   25125.87595190  .00000162  00000-0  23688-3 0  9991 | 2 62255  88.9958  63.2632 0003059 117.3520 242.7942 13.49679860 69599 | 2025/05/05-21:01:22  115.9168    0.1150  242.7630  106.6920     7451.5736     7449.2942     7453.8531  40.038561  79.480602  -0.000306  -0.000003
1 62255U 24232U   25126.91385117  .00000141  00000-0  20345-3 0  9997 | 2 62255  88.9960  63.1582 0003129 115.9854 244.1619 13.49680125 69736 | 2025/05/06-21:55:56  130.6874    0.1150  244.1296  106.6919     7451.5726     7449.2410     7453.9042  40.184240  79.407272  -0.000313   0.000005
1 62255U 24232U   25128.17415706  .00000155  00000-0  22645-3 0  9995 | 2 62255  88.9962  63.0308 0003220 114.4477 245.7010 13.49680544 69906 | 2025/05/08-04:10:47  225.7658    0.1151  245.6674  106.6919     7451.5711     7449.1717     7453.9705  40.360797  79.317903  -0.000322   0.000014
1 62255U 24232U   25129.21205579  .00000148  00000-0  21525-3 0  9994 | 2 62255  88.9963  62.9258 0003284 113.0091 247.1406 13.49680832 70048 | 2025/05/09-05:05:21  240.5363    0.1150  247.1059  106.6919     7451.5700     7449.1229     7454.0171  40.506132  79.243894  -0.000328   0.000023
1 62255U 24232U   25130.54649661  .00000159  00000-0  23290-3 0  9999 | 2 62255  88.9965  62.7908 0003361 111.2245 248.9264 13.49681243 70225 | 2025/05/10-13:06:57    2.3841    0.1150  248.8905  106.6919     7451.5685     7449.0641     7454.0730  40.692825  79.148411  -0.000334   0.000035
1 62255U 24232U   25131.58439483  .00000147  00000-0  21315-3 0  9996 | 2 62255  88.9965  62.6859 0003425 109.8835 250.2685 13.49681508 70360 | 2025/05/11-14:01:31   17.1543    0.1151  250.2316  106.6918     7451.5676     7449.0154     7454.1197  40.837666  79.073776  -0.000340   0.000044
1 62255U 24232U   25132.84469950  .00000153  00000-0  22309-3 0  9999 | 2 62255  88.9966  62.5585 0003498 108.2107 251.9424 13.49681875 70536 | 2025/05/12-20:16:22  112.2325    0.1150  251.9043  106.6918     7451.5662     7448.9596     7454.1728  41.013435  78.982865  -0.000345   0.000056
1 62255U 24232U   25133.88259721  .00000161  00000-0  23592-3 0  9991 | 2 62255  88.9967  62.4535 0003553 106.8292 253.3248 13.49682209 70679 | 2025/05/13-21:10:56  127.0027    0.1150  253.2858  106.6918     7451.5650     7448.9174     7454.2125  41.158156  78.907660  -0.000349   0.000066
1 62255U 24232U   25135.51357887  .00000162  00000-0  23712-3 0  9990 | 2 62255  88.9967  62.2886 0003642 104.6383 255.5171 13.49682660 70896 | 2025/05/15-12:19:33  355.9272    0.1150  255.4767  106.6917     7451.5633     7448.8495     7454.2772  41.385085  78.788878  -0.000355   0.000082
1 62255U 24232U   25136.77388238  .00000168  00000-0  24670-3 0  9993 | 2 62255  88.9967  62.1612 0003704 102.9179 257.2385 13.49683085 71063 | 2025/05/16-18:34:23   91.0051    0.1150  257.1971  106.6917     7451.5617     7448.8017     7454.3218  41.560174  78.696662  -0.000358   0.000095
1 62255U 24232U   25137.88574960  .00000134  00000-0  19005-3 0  9994 | 2 62255  88.9976  62.0441 0005960 136.3865 223.7758 13.50437445 71219 | 2025/05/17-21:15:28  132.4844    0.1151  223.7286  106.6321     7448.7865     7444.3470     7453.2260  41.721348  78.612352  -0.000565  -0.000188
1 62255U 24232U   25139.58929614  .00000150  00000-0  21385-3 0  9995 | 2 62255  88.9970  61.8758 0004185  94.6161 265.5469 13.50945766 71442 | 2025/05/19-14:08:35   27.6079    0.1152  265.4991  106.5920     7446.9179     7443.8013     7450.0344  41.951799  78.488933  -0.000384   0.000167
1 62255U 24232U   25140.77435570  .00000086  00000-0  11515-3 0  9993 | 2 62255  88.9969  61.7561 0004215  92.4967 267.6667 13.50946234 71607 | 2025/05/20-18:35:04   95.5166    0.1151  267.6184  106.5920     7446.9162     7443.7773     7450.0550  42.115636  78.401029  -0.000380   0.000183
1 62255U 24232U   25142.55194443  .00000143  00000-0  20245-3 0  9996 | 2 62255  88.9970  61.5760 0004268  90.0778 270.0862 13.50946815 71846 | 2025/05/22-13:14:47   17.3802    0.1151  270.0373  106.5919     7446.9140     7443.7357     7450.0924  42.361916  78.268346  -0.000376   0.000203
1 62255U 24232U   25143.58887085  .00000143  00000-0  20353-3 0  9991 | 2 62255  88.9970  61.4710 0004289  88.5440 271.6203 13.50947121 71983 | 2025/05/23-14:07:58   31.8004    0.1152  271.5712  106.5919     7446.9129     7443.7189     7450.1069  42.505279  78.190583  -0.000371   0.000214
1 62255U 24232U   25144.84799555  .00000131  00000-0  18486-3 0  9996 | 2 62255  88.9970  61.3434 0004312  86.7768 273.3876 13.50947443 72157 | 2025/05/24-20:21:06  126.4539    0.1151  273.3383  106.5919     7446.9117     7443.7006     7450.1228  42.679307  78.095728  -0.000366   0.000228
1 62255U 24232U   25145.88492158  .00000137  00000-0  19387-3 0  9997 | 2 62255  88.9971  61.2384 0004334  85.3824 274.7822 13.50947726 72298 | 2025/05/25-21:14:17  140.8741    0.1151  274.7327  106.5918     7446.9107     7443.6832     7450.1382  42.822402  78.017471  -0.000362   0.000238
1 62255U 24232U   25147.58844241  .00000157  00000-0  22443-3 0  9999 | 2 62255  88.9970  61.0658 0004355  82.9548 277.2098 13.50948236 72524 | 2025/05/27-14:07:21   35.9932    0.1151  277.1603  106.5918     7446.9088     7443.6657     7450.1519  43.057181  77.888029  -0.000352   0.000256
1 62255U 24232U   25148.92163223  .00000158  00000-0  22596-3 0  9992 | 2 62255  88.9970  60.9307 0004377  81.1580 279.0067 13.50948597 72700 | 2025/05/28-22:07:09  157.3906    0.1152  278.9572  106.5918     7446.9075     7443.6480     7450.1670  43.240717  77.786287  -0.000345   0.000269
1 62255U 24232U   25150.18075543  .00000172  00000-0  24808-3 0  9994 | 2 62255  88.9970  60.8031 0004381  79.5188 280.6456 13.50949044 72879 | 2025/05/30-04:20:17  252.0439    0.1151  280.5963  106.5917     7446.9058     7443.6433     7450.1683  43.413843  77.689795  -0.000337   0.000280
1 62255U 24232U   25151.21768009  .00000181  00000-0  26228-3 0  9993 | 2 62255  88.9970  60.6981 0004373  77.8348 282.3293 13.50949390 73010 | 2025/05/31-05:13:27  266.4642    0.1151  282.2803  106.5917     7446.9046     7443.6480     7450.1611  43.556144  77.610105  -0.000328   0.000290
1 62255U 24232U   25152.47680199  .00000286  00000-0  42461-3 0  9998 | 2 62255  88.9969  60.5705 0004371  76.0540 284.1097 13.50950503 73182 | 2025/06/01-11:26:35    1.1171    0.1151  284.0611  106.5916     7446.9005     7443.6454     7450.1555  43.728827  77.512824  -0.000318   0.000300
1 62255U 24232U   25153.51372627  .00000191  00000-0  27719-3 0  9992 | 2 62255  88.9969  60.4655 0004369  74.6214 285.5419 13.50950333 73324 | 2025/06/02-12:19:45   15.5373    0.1151  285.4937  106.5916     7446.9011     7443.6475     7450.1547  43.870803  77.432557  -0.000309   0.000308
1 62255U 24232U   25154.55064984  .00000184  00000-0  26695-3 0  9995 | 2 62255  88.9969  60.3604 0004358  73.0794 287.0834 13.50950720 73464 | 2025/06/03-13:12:56   29.9574    0.1151  287.0357  106.5916     7446.8997     7443.6543     7450.1450  44.012767  77.351952  -0.000300   0.000316
1 62255U 24232U   25155.58757324  .00000162  00000-0  23206-3 0  9997 | 2 62255  88.9969  60.2553 0004338  71.5198 288.6425 13.50950938 73605 | 2025/06/04-14:06:06   44.3775    0.1152  288.5954  106.5916     7446.8989     7443.6684     7450.1293  44.154583  77.271088  -0.000289   0.000324
1 62255U 24232U   25156.84669407  .00000154  00000-0  21969-3 0  9996 | 2 62255  88.9969  60.1277 0004318  69.7150 290.4465 13.50951313 73773 | 2025/06/05-20:19:14  139.0304    0.1151  290.4001  106.5916     7446.8975     7443.6819     7450.1131  44.326559  77.172562  -0.000277   0.000332
1 62255U 24232U   25157.95768282  .00000129  00000-0  18159-3 0  9999 | 2 62255  88.9969  60.0151 0004298  68.1656 291.9952 13.50951570 73923 | 2025/06/06-22:59:03  180.1947    0.1151  291.9495  106.5915     7446.8966     7443.6959     7450.0972  44.478136  77.085301  -0.000266   0.000338
1 62255U 24232U   25159.51306670  .00000142  00000-0  20119-3 0  9996 | 2 62255  88.9969  59.8575 0004260  65.9479 294.2118 13.50952025 74136 | 2025/06/08-12:18:48   21.8247    0.1152  294.1673  106.5915     7446.8949     7443.7225     7450.0673  44.690001  76.962666  -0.000249   0.000345
1 62255U 24232U   25160.92031835  .00000143  00000-0  20286-3 0  9997 | 2 62255  88.9968  59.7149 0004224  63.9744 296.1841 13.50952392 74326 | 2025/06/09-22:05:15  169.9661    0.1151  296.1407  106.5915     7446.8935     7443.7480     7450.0391  44.881360  76.851115  -0.000234   0.000351
1 62255U 24232U   25161.95724041  .00000149  00000-0  21187-3 0  9996 | 2 62255  88.9967  59.6098 0004199  62.6211 297.5367 13.50952669 74463 | 2025/06/10-22:58:25  184.3859    0.1151  297.4940  106.5914     7446.8925     7443.7656     7450.0195  45.022205  76.768572  -0.000224   0.000355
1 62255U 24232U   25163.14229390  .00000166  00000-0  23907-3 0  9997 | 2 62255  88.9965  59.4896 0004151  60.7891 299.3675 13.50953052 74623 | 2025/06/12-03:24:54  252.2946    0.1151  299.3260  106.5914     7446.8911     7443.7999     7449.9823  45.183056  76.673779  -0.000209   0.000358
1 62255U 24232U   25164.17921517  .00000214  00000-0  31283-3 0  9991 | 2 62255  88.9964  59.3845 0004115  59.3316 300.8240 13.50953663 74760 | 2025/06/13-04:18:04  266.7144    0.1151  300.7835  106.5914     7446.8889     7443.8245     7449.9533  45.323575  76.590683  -0.000198   0.000361
1 62255U 24232U   25165.21613656  .00000158  00000-0  22612-3 0  9992 | 2 62255  88.9963  59.2794 0004077  57.9618 302.1929 13.50953682 74903 | 2025/06/14-05:11:14  281.1341    0.1152  302.1534  106.5914     7446.8888     7443.8527     7449.9249  45.463941  76.507330  -0.000187   0.000362
1 62255U 24232U   25166.47525484  .00000142  00000-0  20086-3 0  9998 | 2 62255  88.9962  59.1517 0004024  56.0171 304.1362 13.50953957 75077 | 2025/06/15-11:24:22   15.7869    0.1151  304.0980  106.5913     7446.8878     7443.8912     7449.8844  45.634295  76.405724  -0.000171   0.000364
1 62255U 24232U   25167.51217555  .00000128  00000-0  17902-3 0  9998 | 2 62255  88.9962  59.0465 0003977  54.5304 305.6218 13.50954192 75219 | 2025/06/16-12:17:31   30.2067    0.1151  305.5847  106.5913     7446.8869     7443.9253     7449.8485  45.774505  76.321807  -0.000159   0.000365
1 62255U 24232U   25168.54909604  .00000118  00000-0  16496-3 0  9991 | 2 62255  88.9961  58.9413 0003926  53.0661 307.0849 13.50954439 75358 | 2025/06/17-13:10:41   44.6265    0.1151  307.0490  106.5913     7446.8860     7443.9624     7449.8097  45.914510  76.237547  -0.000147   0.000364
1 62255U 24232U   25169.58601636  .00000113  00000-0  15640-3 0  9995 | 2 62255  88.9960  58.8362 0003875  51.5760 308.5739 13.50954672 75493 | 2025/06/18-14:03:51   59.0460    0.1152  308.5392  106.5913     7446.8852     7443.9995     7449.7708  46.054227  76.153110  -0.000135   0.000363
1 62255U 24232U   25170.91919945  .00000084  00000-0  11219-3 0  9994 | 2 62255  88.9960  58.7009 0003802  49.7929 310.3554 13.50954860 75671 | 2025/06/19-22:03:38  180.4429    0.1151  310.3222  106.5913     7446.8845     7444.0532     7449.7158  46.233928  76.044144  -0.000121   0.000361
1 62255U 24232U   25171.95611953  .00000087  00000-0  11679-3 0  9990 | 2 62255  88.9959  58.5956 0003743  48.3806 311.7665 13.50955035 75810 | 2025/06/20-22:56:48  194.8626    0.1151  311.7345  106.5913     7446.8838     7444.0965     7449.6712  46.373554  75.958960  -0.000109   0.000358
1 62255U 24232U   25173.51149946  .00000090  00000-0  12047-3 0  9996 | 2 62255  88.9957  58.4377 0003650  46.1590 313.9862 13.50955280 76026 | 2025/06/22-12:16:33   36.4923    0.1151  313.9561  106.5912     7446.8829     7444.1648     7449.6010  46.582607  75.830702  -0.000092   0.000353
1 62255U 24232U   25174.62248496  .00000104  00000-0  14308-3 0  9997 | 2 62255  88.9956  58.3249 0003578  44.5313 315.6125 13.50955486 76171 | 2025/06/23-14:56:22   77.6563    0.1151  315.5838  106.5912     7446.8822     7444.2177     7449.5467  46.731754  75.738761  -0.000080   0.000349
1 62255U 24232U   25175.88160164  .00000112  00000-0  15497-3 0  9990 | 2 62255  88.9955  58.1971 0003494  42.7146 317.4276 13.50955712 76349 | 2025/06/24-21:09:30  172.3088    0.1151  317.4005  106.5912     7446.8813     7444.2794     7449.4833  46.900523  75.634251  -0.000066   0.000343
1 62255U 24232U   25177.51104640  .00000120  00000-0  16698-3 0  9992 | 2 62255  88.9953  58.0317 0003379  40.4054 319.7348 13.50956032 76560 | 2025/06/26-12:15:54   40.6823    0.1152  319.7098  106.5912     7446.8802     7444.3639     7449.3965  47.118560  75.498376  -0.000050   0.000334
1 62255U 24232U   25178.62203124  .00000102  00000-0  14014-3 0  9992 | 2 62255  88.9952  57.9189 0003299  38.8540 321.2848 13.50956190 76711 | 2025/06/27-14:55:43   81.8461    0.1151  321.2611  106.5912     7446.8796     7444.4229     7449.3363  47.267052  75.405381  -0.000039   0.000328
1 62255U 24232U   25179.95521269  .00000096  00000-0  12944-3 0  9994 | 2 62255  88.9951  57.7835 0003195  36.9178 323.2192 13.50956439 76896 | 2025/06/28-22:55:30  203.2427    0.1151  323.1973  106.5911     7446.8787     7444.4994     7449.2579  47.445062  75.293385  -0.000026   0.000318
1 62255U 24232U   25181.21432833  .00000095  00000-0  12816-3 0  9991 | 2 62255  88.9949  57.6556 0003096  35.0002 325.1353 13.50956680 77066 | 2025/06/30-05:08:37  297.8947    0.1152  325.1150  106.5911     7446.8778     7444.5722     7449.1833  47.612913  75.187118  -0.000014   0.000309
1 62255U 24232U   25182.54750939  .00000077  00000-0  10049-3 0  9994 | 2 62255  88.9949  57.5202 0002985  33.2180 326.9158 13.50956881 77241 | 2025/07/01-13:08:24   59.2911    0.1151  326.8971  106.5911     7446.8770     7444.6541     7449.0999  47.790460  75.074391  -0.000004   0.000298
1 62255U 24232U   25183.58442791  .00000066  00000-0  83834-4 0  9994 | 2 62255  88.9948  57.4149 0002897  31.7640 328.3685 13.50957004 77389 | 2025/07/02-14:01:34   73.7104    0.1151  328.3511  106.5911     7446.8766     7444.7192     7449.0339  47.928299  74.986349   0.000004   0.000290
1 62255U 24232U   25184.62134629  .00000068  00000-0  87056-4 0  9990 | 2 62255  88.9947  57.3095 0002808  30.2003 329.9310 13.50957164 77521 | 2025/07/03-14:54:44   88.1296    0.1152  329.9149  106.5911     7446.8760     7444.7849     7448.9671  48.066107  74.897970   0.000012   0.000281
1 62255U 24232U   25185.88046143  .00000077  00000-0  10012-3 0  9999 | 2 62255  88.9947  57.1816 0002695  28.4288 331.7010 13.50957330 77699 | 2025/07/04-21:07:51  182.7815    0.1152  331.6864  106.5911     7446.8754     7444.8685     7448.8823  48.233180  74.790487   0.000021   0.000269
1 62255U 24232U   25186.91737968  .00000074  00000-0  96845-4 0  9992 | 2 62255  88.9946  57.0762 0002601  26.9474 333.1812 13.50957449 77837 | 2025/07/05-22:01:01  197.2007    0.1151  333.1677  106.5911     7446.8750     7444.9380     7448.8119  48.370627  74.701548   0.000027   0.000259
1 62255U 24232U   25188.62088801  .00000083  00000-0  10970-3 0  9991 | 2 62255  88.9943  56.9031 0002446  24.4649 335.6617 13.50957702 78063 | 2025/07/07-14:54:04   92.3179    0.1150  335.6501  106.5911     7446.8740     7445.0525     7448.6955  48.595928  74.554820   0.000037   0.000242
1 62255U 24232U   25189.88000266  .00000095  00000-0  12877-3 0  9990 | 2 62255  88.9941  56.7751 0002322  22.7509 337.3745 13.50957910 78238 | 2025/07/08-21:07:12  186.9694    0.1152  337.3643  106.5910     7446.8733     7445.1441     7448.6024  48.762254  74.445903   0.000042   0.000228
1 62255U 24232U   25191.21318259  .00000105  00000-0  14350-3 0  9994 | 2 62255  88.9940  56.6396 0002197  20.5130 339.6109 13.50958157 78410 | 2025/07/10-05:06:58  308.3652    0.1151  339.6021  106.5910     7446.8723     7445.2363     7448.5084  48.938121  74.330292   0.000049   0.000214
1 62255U 24232U   25192.54636654  .00000092  00000-0  12456-3 0  9993 | 2 62255  88.9938  56.5039 0002043  18.5370 341.5855 13.50950407 78592 | 2025/07/11-13:06:46   69.7626    0.1151  341.5781  106.5916     7446.9008     7445.3794     7448.4222  49.113918  74.214011   0.000053   0.000197
1 62255U 24232U   25193.58329046  .00000088  00000-0  11836-3 0  9998 | 2 62255  88.9937  56.3985 0001955  16.9941 343.1275 13.50950192 78737 | 2025/07/12-13:59:56   84.1835    0.1151  343.1210  106.5916     7446.9016     7445.4457     7448.3575  49.250302  74.123454   0.000056   0.000187
1 62255U 24232U   25194.62021419  .00000052  00000-0  61820-4 0  9997 | 2 62255  88.9936  56.2931 0001848  15.5377 344.5830 13.50950249 78875 | 2025/07/13-14:53:06   98.6044    0.1151  344.5774  106.5916     7446.9014     7445.5252     7448.2776  49.386519  74.032645   0.000058   0.000176
1 62255U 24232U   25195.95340170  .00000061  00000-0  76071-4 0  9996 | 2 62255  88.9936  56.1574 0001718  13.2736 346.8460 13.50950408 79059 | 2025/07/14-22:52:53  220.0028    0.1151  346.8415  106.5916     7446.9008     7445.6214     7448.1802  49.561720  73.915470   0.000060   0.000161
1 62255U 24232U   25197.50878697  .00000054  00000-0  64668-4 0  9990 | 2 62255  88.9935  55.9992 0001552  10.8816 349.2369 13.50950596 79263 | 2025/07/16-12:12:39   61.6338    0.1152  349.2336  106.5916     7446.9001     7445.7444     7448.0559  49.765564  73.778260   0.000061   0.000143
1 62255U 24232U   25198.61977641  .00000060  00000-0  73840-4 0  9991 | 2 62255  88.9934  55.8861 0001431   9.1021 351.0156 13.50950732 79415 | 2025/07/17-14:52:28  102.7990    0.1151  351.0130  106.5916     7446.8996     7445.8340     7447.9653  49.911047  73.679798   0.000061   0.000130
1 62255U 24232U   25199.87889773  .00000056  00000-0  68641-4 0  9996 | 2 62255  88.9933  55.7580 0001296   6.8449 353.2719 13.50950822 79585 | 2025/07/18-21:05:36  197.4527    0.1151  353.2702  106.5916     7446.8993     7445.9342     7447.8644  50.075596  73.567942   0.000060   0.000115
1 62255U 24232U   25200.98988708  .00000066  00000-0  84158-4 0  9991 | 2 62255  88.9932  55.6449 0001174   4.8145 355.3017 13.50950953 79739 | 2025/07/19-23:45:26  238.6176    0.1151  355.3006  106.5916     7446.8988     7446.0246     7447.7731  50.220663  73.468869   0.000058   0.000102
1 62255U 24232U   25202.17494223  .00000088  00000-0  11846-3 0  9995 | 2 62255  88.9931  55.5243 0001044   2.4192 357.6964 13.50951138 79890 | 2025/07/21-04:11:55  306.5267    0.1151  357.6959  106.5916     7446.8981     7446.1207     7447.6756  50.375137  73.362916   0.000055   0.000088
1 62255U 24232U   25203.50812913  .00000093  00000-0  12524-3 0  9993 | 2 62255  88.9929  55.3885 0000895 359.8887   0.2264 13.50951334 80074 | 2025/07/22-12:11:42   67.9244    0.1151    0.2264  106.5916     7446.8974     7446.2309     7447.5639  50.548763  73.243148   0.000051   0.000074
1 62255U 24232U   25204.54505213  .00000095  00000-0  12805-3 0  9994 | 2 62255  88.9929  55.2830 0000777 357.7093   2.4054 13.50951485 80212 | 2025/07/23-13:04:52   82.3446    0.1151    2.4058  106.5915     7446.8969     7446.3182     7447.4755  50.683542  73.149948   0.000047   0.000062
1 62255U 24232U   25205.73010679  .00000082  00000-0  10923-3 0  9998 | 2 62255  88.9928  55.1623 0000640 354.8266   5.2878 13.50951634 80377 | 2025/07/24-17:31:21  150.2533    0.1151    5.2885  106.5915     7446.8963     7446.4197     7447.3729  50.837471  73.042933   0.000041   0.000049
1 62255U 24232U   25206.76702962  .00000059  00000-0  72585-4 0  9992 | 2 62255  88.9927  55.0568 0000532 351.1451   8.9690 13.50951655 80510 | 2025/07/25-18:24:31  164.6734    0.1151    8.9700  106.5915     7446.8962     7446.5001     7447.2924  50.971823  72.949119   0.000037   0.000038
1 62255U 24232U   25207.87801828  .00000026  00000-0  21963-4 0  9994 | 2 62255  88.9927  54.9436 0000415 346.3093  13.8047 13.50951669 80662 | 2025/07/26-21:04:20  205.8376    0.1151   13.8058  106.5915     7446.8962     7446.5871     7447.2052  51.115850  72.848271   0.000031   0.000027
1 62255U 24232U   25208.91494099  .00000034  00000-0  33349-4 0  9998 | 2 62255  88.9927  54.8380 0000310 338.5877  21.5261 13.50951758 80805 | 2025/07/27-21:57:30  220.2576    0.1151   21.5274  106.5915     7446.8959     7446.6650     7447.1267  51.250027  72.753937   0.000026   0.000017
1 62255U 24232U   25210.54439100  .00000011  00000-0 -17496-5 0  9994 | 2 62255  88.9927  54.6721 0000165 311.9962  48.1176 13.50951772 81021 | 2025/07/29-13:03:55   88.6316    0.1152   48.1190  106.5915     7446.8958     7446.7729     7447.0187  51.460471  72.605238   0.000016   0.000002
1 62255U 24232U   25211.58131374  .00000021  00000-0  14422-4 0  9996 | 2 62255  88.9926  54.5665 0000116 257.8683 102.2456 13.50951835 81168 | 2025/07/30-13:57:05  103.0513    0.1152  102.2469  106.5915     7446.8956     7446.8092     7446.9820  51.594142  72.510188   0.000008  -0.000009
1 62255U 24232U   25212.61823650  .00000018  00000-0  91834-5 0  9995 | 2 62255  88.9926  54.4608 0000180 214.7962 145.3177 13.50951848 81305 | 2025/07/31-14:50:15  117.4713    0.1151  145.3189  106.5915     7446.8955     7446.7615     7447.0296  51.727822  72.414883  -0.000000  -0.000018
1 62255U 24232U   25213.87735703  .00000036  00000-0  37007-4 0  9996 | 2 62255  88.9926  54.3326 0000300 195.5115 164.6027 13.50951908 81474 | 2025/08/01-21:03:23  212.1236    0.1151  164.6036  106.5915     7446.8953     7446.6719     7447.1187  51.889722  72.298960  -0.000010  -0.000028
1 62255U 24232U   25215.21054339  .00000046  00000-0  51993-4 0  9996 | 2 62255  88.9925  54.1968 0000438 186.6321 173.4824 13.50951990 81659 | 2025/08/03-05:03:10  333.5202    0.1151  173.4830  106.5915     7446.8950     7446.5688     7447.2212  52.060877  72.175689  -0.000021  -0.000038
1 62255U 24232U   25216.54372965  .00000052  00000-0  62162-4 0  9998 | 2 62255  88.9924  54.0611 0000582 181.1940 178.9210 13.50952105 81837 | 2025/08/04-13:02:58   94.9166    0.1151  178.9211  106.5915     7446.8946     7446.4612     7447.3280  52.231614  72.052105  -0.000033  -0.000048
1 62255U 24232U   25217.58065225  .00000065  00000-0  81497-4 0  9997 | 2 62255  88.9924  53.9554 0000694 177.7720 182.3434 13.50952204 81974 | 2025/08/05-13:56:08  109.3360    0.1151  182.3431  106.5915     7446.8942     7446.3774     7447.4110  52.364448  71.955624  -0.000043  -0.000054
1 62255U 24232U   25218.91383830  .00000055  00000-0  65973-4 0  9990 | 2 62255  88.9923  53.8196 0000830 174.2936 185.8225 13.50952298 82157 | 2025/08/06-21:55:55  230.7322    0.1151  185.8215  106.5915     7446.8939     7446.2758     7447.5120  52.534787  71.831230  -0.000055  -0.000062
1 62255U 24232U   25219.95076072  .00000057  00000-0  70185-4 0  9995 | 2 62255  88.9923  53.7140 0000938 172.0046 188.1120 13.50952394 82294 | 2025/08/07-22:49:05  245.1514    0.1151  188.1105  106.5915     7446.8935     7446.1950     7447.5920  52.667088  71.734283  -0.000065  -0.000067
1 62255U 24232U   25221.13581476  .00000050  00000-0  58181-4 0  9992 | 2 62255  88.9923  53.5933 0001073 169.5997 190.5177 13.50952507 82452 | 2025/08/09-03:15:34  313.0588    0.1152  190.5155  106.5915     7446.8931     7446.0941     7447.6922  52.818087  71.623174  -0.000078  -0.000073
1 62255U 24232U   25222.17273708  .00000034  00000-0  34859-4 0  9991 | 2 62255  88.9924  53.4877 0001177 167.6314 192.4867 13.50952531 82595 | 2025/08/10-04:08:44  327.4777    0.1152  192.4838  106.5915     7446.8930     7446.0165     7447.7695  52.950063  71.525786  -0.000089  -0.000077
1 62255U 24232U   25223.20965934  .00000029  00000-0  26981-4 0  9996 | 2 62255  88.9924  53.3821 0001285 165.5250 194.5938 13.50952586 82737 | 2025/08/11-05:01:54  341.8967    0.1151  194.5901  106.5915     7446.8928     7445.9359     7447.8497  53.081800  71.428074  -0.000100  -0.000081
1 62255U 24232U   25224.39471336  .00000036  00000-0  36771-4 0  9991 | 2 62255  88.9925  53.2614 0001407 163.5452 196.5745 13.50952672 82896 | 2025/08/12-09:28:23   49.8040    0.1151  196.5699  106.5914     7446.8925     7445.8447     7447.9403  53.232213  71.316173  -0.000113  -0.000084
1 62255U 24232U   25225.50570146  .00000030  00000-0  27923-4 0  9997 | 2 62255  88.9925  53.1482 0001519 161.7956 198.3250 13.50952716 83049 | 2025/08/13-12:08:12   90.9671    0.1151  198.3195  106.5914     7446.8923     7445.7612     7448.0235  53.373010  71.210862  -0.000125  -0.000087
1 62255U 24232U   25226.69075548  .00000034  00000-0  34674-4 0  9999 | 2 62255  88.9926  53.0275 0001642 159.9049 200.2167 13.50952760 83205 | 2025/08/14-16:34:41  158.8742    0.1151  200.2102  106.5914     7446.8922     7445.6694     7448.1150  53.522965  71.098348  -0.000138  -0.000089
1 62255U 24232U   25227.87580946  .00000043  00000-0  47406-4 0  9990 | 2 62255  88.9927  52.9068 0001754 157.8924 202.2303 13.50952824 83369 | 2025/08/15-21:01:09  226.7813    0.1151  202.2227  106.5914     7446.8919     7445.5858     7448.1981  53.672683  70.985518  -0.000151  -0.000090
1 62255U 24232U   25229.50525852  .00000058  00000-0  71650-4 0  9991 | 2 62255  88.9927  52.7409 0001918 155.5531 204.5712 13.50952976 83588 | 2025/08/17-12:07:34   95.1533    0.1152  204.5621  106.5914     7446.8914     7445.4631     7448.3197  53.877997  70.829811  -0.000169  -0.000091
1 62255U 24232U   25230.54218061  .00000057  00000-0  70079-4 0  9991 | 2 62255  88.9927  52.6353 0002021 154.1162 206.0091 13.50953035 83726 | 2025/08/18-13:00:44  109.5719    0.1151  205.9989  106.5914     7446.8912     7445.3862     7448.3962  54.008449  70.730390  -0.000180  -0.000091
1 62255U 24232U   25231.57910257  .00000066  00000-0  83595-4 0  9998 | 2 62255  88.9928  52.5298 0002117 152.4450 207.6813 13.50953153 83866 | 2025/08/19-13:53:54  123.9904    0.1150  207.6700  106.5914     7446.8907     7445.3142     7448.4672  54.138656  70.630903  -0.000192  -0.000089
1 62255U 24232U   25232.91228784  .00000056  00000-0  67828-4 0  9994 | 2 62255  88.9929  52.3941 0002240 150.6996 209.4281 13.50953251 84041 | 2025/08/20-21:53:41  245.3854    0.1151  209.4155  106.5914     7446.8904     7445.2223     7448.5585  54.305848  70.502561  -0.000206  -0.000088
1 62255U 24232U   25234.91206540  .00000062  00000-0  77263-4 0  9993 | 2 62255  88.9931  52.1905 0002420 148.2241 211.9056 13.50953498 84319 | 2025/08/22-21:53:22  247.4780    0.1150  211.8909  106.5914     7446.8895     7445.0873     7448.6916  54.556157  70.309299  -0.000227  -0.000084
1 62255U 24232U   25235.94898210  .00000064  00000-0  80072-4 0  9992 | 2 62255  88.9932  52.0849 0002505 146.5885 213.5424 13.50967311 84456 | 2025/08/23-22:46:32  261.8945    0.1150  213.5265  106.5903     7446.8387     7444.9733     7448.7041  54.685711  70.208708  -0.000237  -0.000080
1 62255U 24232U   25237.57841340  .00000064  00000-0  80740-4 0  9997 | 2 62255  88.9934  51.9191 0002647 144.3917 215.7411 13.50967716 84678 | 2025/08/25-13:52:54  130.2597    0.1151  215.7234  106.5903     7446.8372     7444.8660     7448.8084  54.888772  70.050325  -0.000254  -0.000074
1 62255U 24232U   25238.91158455  .00000047  00000-0  53991-4 0  9993 | 2 62255  88.9936  51.7835 0002760 142.1359 217.9987 13.50967747 84851 | 2025/08/26-21:52:40  251.6491    0.1151  217.9792  106.5903     7446.8371     7444.7818     7448.8924  55.054527  69.920382  -0.000268  -0.000066
1 62255U 24232U   25240.54101578  .00000044  00000-0  50152-4 0  9992 | 2 62255  88.9938  51.6178 0002885 139.9192 220.2172 13.50967827 85076 | 2025/08/28-12:59:03  120.0143    0.1151  220.1959  106.5903     7446.8368     7444.6884     7448.9852  55.256631  69.761029  -0.000283  -0.000058
1 62255U 24232U   25241.94825182  .00000050  00000-0  58908-4 0  9995 | 2 62255  88.9940  51.4747 0002989 138.0187 222.1194 13.50967889 85262 | 2025/08/29-22:45:28  268.1477    0.1151  222.0964  106.5902     7446.8366     7444.6107     7449.0624  55.430816  69.622961  -0.000295  -0.000049
1 62255U 24232U   25243.28142260  .00000075  00000-0  97266-4 0  9990 | 2 62255  88.9941  51.3392 0003087 135.9973 224.1424 13.50968086 85445 | 2025/08/31-06:45:14   29.5372    0.1151  224.1178  106.5902     7446.8359     7444.5370     7449.1347  55.595376  69.491755  -0.000306  -0.000039
1 62255U 24232U   25244.54052815  .00000081  00000-0  10656-3 0  9990 | 2 62255  88.9942  51.2112 0003167 134.1438 225.9974 13.50968276 85610 | 2025/09/01-12:58:21  124.1827    0.1151  225.9713  106.5902     7446.8352     7444.4768     7449.1936  55.750546  69.367458  -0.000315  -0.000030
1 62255U 24232U   25245.57743856  .00000087  00000-0  11581-3 0  9990 | 2 62255  88.9943  51.1058 0003235 132.4495 227.6930 13.50968393 85755 | 2025/09/02-13:51:30  138.5966    0.1151  227.6656  106.5902     7446.8347     7444.4257     7449.2438  55.878121  69.264861  -0.000323  -0.000020
1 62255U 24232U   25246.76247885  .00000063  00000-0  78435-4 0  9999 | 2 62255  88.9945  50.9854 0003311 130.6471 229.4969 13.50968451 85912 | 2025/09/03-18:17:58  206.4980    0.1152  229.4681  106.5902     7446.8345     7444.3689     7449.3002  56.023675  69.147443  -0.000331  -0.000009
1 62255U 24232U   25247.87345395  .00000064  00000-0  81319-4 0  9993 | 2 62255  88.9947  50.8725 0003365 129.2849 230.8601 13.50968577 86067 | 2025/09/04-20:57:46  247.6560    0.1151  230.8302  106.5902     7446.8341     7444.3282     7449.3399  56.159946  69.037070  -0.000336  -0.000001
1 62255U 24232U   25248.91036398  .00000041  00000-0  44867-4 0  9991 | 2 62255  88.9948  50.7672 0003411 127.9309 232.2151 13.50968613 86209 | 2025/09/05-21:50:55  262.0699    0.1151  232.1842  106.5902     7446.8339     7444.2938     7449.3740  56.286793  68.933819  -0.000341   0.000008
1 62255U 24232U   25250.24353402  .00000054  00000-0  65742-4 0  9997 | 2 62255  88.9951  50.6318 0003506 125.7747 234.3731 13.50968756 86380 | 2025/09/07-05:50:41   23.4588    0.1152  234.3405  106.5902     7446.8334     7444.2225     7449.4443  56.449729  68.800843  -0.000350   0.000022
1 62255U 24232U   25251.57670392  .00000032  00000-0  31380-4 0  9991 | 2 62255  88.9953  50.4964 0003570 123.9073 236.2418 13.50968796 86567 | 2025/09/08-13:50:27  144.8481    0.1151  236.2078  106.5902     7446.8333     7444.1747     7449.4918  56.612287  68.667404  -0.000355   0.000035
1 62255U 24232U   25252.90987382  .00000028  00000-0  24360-4 0  9994 | 2 62255  88.9956  50.3610 0003624 122.1539 237.9964 13.50968834 86742 | 2025/09/09-21:50:13  266.2375    0.1151  237.9612  106.5902     7446.8331     7444.1344     7449.5318  56.774593  68.533659  -0.000359   0.000047
1 62255U 24232U   25254.24304374  .00000030  00000-0  28429-4 0  9990 | 2 62255  88.9958  50.2257 0003696 120.1385 240.0133 13.50968873 86922 | 2025/09/11-05:49:58   27.6265    0.1151  239.9766  106.5902     7446.8330     7444.0806     7449.5853  56.936400  68.399552  -0.000364   0.000062
1 62255U 24232U   25255.57621348  .00000040  00000-0  43931-4 0  9996 | 2 62255  88.9960  50.0904 0003745 118.2657 241.8873 13.50968970 87106 | 2025/09/12-13:49:44  149.0157    0.1152  241.8495  106.5902     7446.8326     7444.0438     7449.6215  57.097890  68.265064  -0.000367   0.000076
1 62255U 24232U   25256.90938319  .00000055  00000-0  67326-4 0  9993 | 2 62255  88.9962  49.9551 0003792 116.3401 243.8140 13.50969085 87287 | 2025/09/13-21:49:30  270.4050    0.1151  243.7750  106.5902     7446.8322     7444.0084     7449.6560  57.259063  68.130194  -0.000368   0.000090
1 62255U 24232U   25258.24255253  .00000081  00000-0  10712-3 0  9996 | 2 62255  88.9964  49.8199 0003823 114.4548 245.7003 13.50969345 87460 | 2025/09/15-05:49:16   31.7942    0.1152  245.6604  106.5901     7446.8312     7443.9843     7449.6782  57.419798  67.995044  -0.000368   0.000104
1 62255U 24232U   25259.50165680  .00000079  00000-0  10428-3 0  9991 | 2 62255  88.9966  49.6923 0003850 112.6515 247.5043 13.50969497 87630 | 2025/09/16-12:02:23  126.4397    0.1150  247.4635  106.5901     7446.8307     7443.9636     7449.6977  57.571213  67.867152  -0.000367   0.000117
1 62255U 24232U   25260.90889081  .00000072  00000-0  92751-4 0  9998 | 2 62255  88.9969  49.5497 0003884 110.6860 249.4708 13.50969649 87825 | 2025/09/17-21:48:48  274.5726    0.1151  249.4291  106.5901     7446.8301     7443.9378     7449.7225  57.740139  67.723885  -0.000366   0.000131
1 62255U 24232U   25261.94579986  .00000061  00000-0  75591-4 0  9994 | 2 62255  88.9973  49.4446 0003896 109.2291 250.9282 13.50969771 87963 | 2025/09/18-22:41:57  288.9865    0.1151  250.8860  106.5901     7446.8297     7443.9284     7449.7310  57.864531  67.618160  -0.000363   0.000142
1 62255U 24232U   25262.98270883  .00000074  00000-0  96499-4 0  9997 | 2 62255  88.9974  49.3395 0003913 107.8591 252.2988 13.50969950 88107 | 2025/09/19-23:35:06  303.4002    0.1152  252.2561  106.5901     7446.8290     7443.9151     7449.7430  57.988533  67.511978  -0.000361   0.000152
1 62255U 24232U   25264.31587730  .00000088  00000-0  11823-3 0  9990 | 2 62255  88.9977  49.2045 0003930 106.0456 254.1128 13.50970221 88280 | 2025/09/21-07:34:51   64.7894    0.1151  254.0695  106.5901     7446.8280     7443.9014     7449.7546  58.147639  67.375386  -0.000357   0.000165
1 62255U 24232U   25265.35278600  .00000098  00000-0  13351-3 0  9997 | 2 62255  88.9978  49.0995 0003943 104.6144 255.5444 13.50970415 88422 | 2025/09/22-08:28:00   79.2032    0.1151  255.5007  106.5900     7446.8273     7443.8910     7449.7636  58.271079  67.268787  -0.000354   0.000175
1 62255U 24232U   25266.38969442  .00000126  00000-0  17632-3 0  9990 | 2 62255  88.9980  48.9945 0003946 103.1559 257.0033 13.50970731 88562 | 2025/09/23-09:21:09   93.6168    0.1151  256.9592  106.5900     7446.8261     7443.8876     7449.7647  58.394389  67.162038  -0.000349   0.000184
1 62255U 24232U   25267.94505684  .00000131  00000-0  18383-3 0  9997 | 2 62255  88.9983  48.8371 0003943 101.0166 259.1429 13.50971017 88778 | 2025/09/24-22:40:52  295.2374    0.1151  259.0985  106.5900     7446.8251     7443.8888     7449.7614  58.578870  67.001593  -0.000341   0.000198
1 62255U 24232U   25269.35228910  .00000131  00000-0  18360-3 0  9993 | 2 62255  88.9986  48.6948 0003936  99.0164 261.1433 13.50971332 88964 | 2025/09/26-08:27:17   83.3702    0.1151  261.0987  106.5900     7446.8239     7443.8929     7449.7550  58.745292  66.856125  -0.000333   0.000210
1 62255U 24232U   25270.61139130  .00000143  00000-0  20246-3 0  9998 | 2 62255  88.9988  48.5674 0003932  97.1778 262.9820 13.50971661 89131 | 2025/09/27-14:40:24  178.0153    0.1151  262.9373  106.5899     7446.8227     7443.8946     7449.7508  58.893937  66.725487  -0.000325   0.000221
1 62255U 24232U   25271.94455800  .00000122  00000-0  17041-3 0  9996 | 2 62255  88.9990  48.4326 0003938  95.2198 264.9402 13.50971952 89319 | 2025/09/28-22:40:09  299.4039    0.1151  264.8953  106.5899     7446.8217     7443.8891     7449.7542  59.050892  66.586892  -0.000317   0.000233
1 62255U 24232U   25273.20365926  .00000165  00000-0  23749-3 0  9995 | 2 62255  88.9992  48.3053 0003923  93.4167 266.7433 13.50972497 89484 | 2025/09/30-04:53:16   34.0487    0.1151  266.6984  106.5899     7446.8197     7443.8983     7449.7410  59.198822  66.455677  -0.000308   0.000243
1 62255U 24232U   25274.31463065  .00000187  00000-0  27168-3 0  9994 | 2 62255  88.9994  48.1930 0003897  91.7523 268.4074 13.50972956 89632 | 2025/10/01-07:33:04   75.2061    0.1151  268.3628  106.5898     7446.8180     7443.9159     7449.7200  59.329095  66.339669  -0.000298   0.000251
1 62255U 24232U   25275.57373118  .00000190  00000-0  27576-3 0  9999 | 2 62255  88.9995  48.0657 0003873  89.9504 270.2091 13.50973377 89807 | 2025/10/02-13:46:10  169.8508    0.1151  270.1647  106.5898     7446.8164     7443.9323     7449.7006  59.476409  66.207762  -0.000288   0.000259
1 62255U 24232U   25276.61063723  .00000172  00000-0  24741-3 0  9994 | 2 62255  88.9997  47.9609 0003853  88.4484 271.7108 13.50973677 89946 | 2025/10/03-14:39:19  184.2641    0.1151  271.6667  106.5898     7446.8153     7443.9461     7449.6846  59.597545  66.099011  -0.000279   0.000266
1 62255U 24232U   25277.79567235  .00000154  00000-0  21948-3 0  9997 | 2 62255  88.9999  47.8412 0003823  86.7514 273.4074 13.50973994 90104 | 2025/10/04-19:05:46  252.1648    0.1151  273.3637  106.5898     7446.8142     7443.9672     7449.6611  59.735640  65.974506  -0.000268   0.000272
1 62255U 24232U   25279.20290128  .00000133  00000-0  18810-3 0  9990 | 2 62255  89.0002  47.6991 0003787  84.8204 275.3379 13.50974285 90298 | 2025/10/06-04:52:10   40.2969    0.1151  275.2947  106.5897     7446.8131     7443.9930     7449.6332  59.899282  65.826374  -0.000256   0.000279
1 62255U 24232U   25280.31387123  .00000123  00000-0  17162-3 0  9994 | 2 62255  89.0004  47.5869 0003748  83.1552 277.0025 13.50974545 90441 | 2025/10/07-07:31:58   81.4539    0.1151  276.9599  106.5897     7446.8121     7444.0211     7449.6032  60.028207  65.709098  -0.000245   0.000284
1 62255U 24232U   25281.35077624  .00000138  00000-0  19537-3 0  9995 | 2 62255  89.0006  47.4821 0003714  81.7712 278.3860 13.50974866 90587 | 2025/10/08-08:25:07   95.8670    0.1151  278.3439  106.5897     7446.8109     7444.0452     7449.5767  60.148431  65.599337  -0.000235   0.000288
1 62255U 24232U   25282.60987509  .00000130  00000-0  18252-3 0  9991 | 2 62255  89.0009  47.3550 0003671  79.9087 280.2479 13.50975088 90758 | 2025/10/09-14:38:13  190.5113    0.1152  280.2065  106.5897     7446.8101     7444.0764     7449.5439  60.294006  65.465969  -0.000222   0.000292
1 62255U 24232U   25283.79490894  .00000133  00000-0  18780-3 0  9997 | 2 62255  89.0010  47.2353 0003615  78.0883 282.0674 13.50975396 90919 | 2025/10/10-19:04:40  258.4121    0.1152  282.0269  106.5897     7446.8090     7444.1170     7449.5010  60.430711  65.339936  -0.000209   0.000295
1 62255U 24232U   25284.90587794  .00000138  00000-0  19451-3 0  9998 | 2 62255  89.0011  47.1232 0003571  76.4139 283.7410 13.50975701 91065 | 2025/10/11-21:44:27  299.5689    0.1151  283.7012  106.5896     7446.8079     7444.1486     7449.4671  60.558502  65.221650  -0.000197   0.000298
1 62255U 24232U   25285.94278208  .00000129  00000-0  18195-3 0  9994 | 2 62255  89.0012  47.0185 0003528  74.9570 285.1971 13.50975940 91205 | 2025/10/12-22:37:36  313.9819    0.1151  285.1581  106.5896     7446.8070     7444.1798     7449.4342  60.677652  65.110952  -0.000187   0.000299
1 62255U 24232U   25287.35000869  .00000155  00000-0  22132-3 0  9992 | 2 62255  89.0016  46.8766 0003460  72.8954 287.2576 13.50976436 91394 | 2025/10/14-08:24:00  102.1135    0.1151  287.2197  106.5896     7446.8052     7444.2286     7449.3818  60.838995  64.960769  -0.000172   0.000300
1 62255U 24232U   25288.60910586  .00000149  00000-0  21150-3 0  9999 | 2 62255  89.0018  46.7496 0003389  71.0148 289.1370 13.50976759 91561 | 2025/10/15-14:37:06  196.7577    0.1151  289.1003  106.5895     7446.8040     7444.2803     7449.3277  60.982972  64.825902  -0.000158   0.000300
1 62255U 24232U   25289.94226719  .00000136  00000-0  19282-3 0  9994 | 2 62255  89.0020  46.6152 0003314  68.9281 291.2224 13.50977126 91744 | 2025/10/16-22:36:51  318.1455    0.1151  291.1870  106.5895     7446.8026     7444.3348     7449.2705  61.135005  64.682820  -0.000143   0.000299
1 62255U 24232U   25290.97917017  .00000169  00000-0  24317-3 0  9998 | 2 62255  89.0022  46.5107 0003256  67.4872 292.6624 13.50977512 91883 | 2025/10/17-23:30:00  332.5580    0.1152  292.6280  106.5895     7446.8012     7444.3765     7449.2259  61.253014  64.571355  -0.000132   0.000297
1 62255U 24232U   25292.31233074  .00000179  00000-0  25861-3 0  9998 | 2 62255  89.0024  46.3764 0003169  65.5986 294.5495 13.50977997 92065 | 2025/10/19-07:29:45   93.9457    0.1151  294.5165  106.5894     7446.7994     7444.4395     7449.1593  61.404337  64.427747  -0.000119   0.000294
1 62255U 24232U   25293.34923318  .00000184  00000-0  26617-3 0  9995 | 2 62255  89.0025  46.2719 0003108  64.2072 295.9399 13.50978306 92209 | 2025/10/20-08:22:53  108.3581    0.1151  295.9079  106.5894     7446.7983     7444.4838     7449.1128  61.521812  64.315719  -0.000109   0.000291
1 62255U 24232U   25294.60832858  .00000176  00000-0  25450-3 0  9998 | 2 62255  89.0027  46.1450 0003023  62.3111 297.8346 13.50978672 92378 | 2025/10/21-14:35:59  203.0017    0.1151  297.8040  106.5894     7446.7970     7444.5458     7449.0481  61.664248  64.179445  -0.000096   0.000287
1 62255U 24232U   25295.79335933  .00000166  00000-0  23873-3 0  9997 | 2 62255  89.0027  46.0256 0002943  60.5177 299.6268 13.50978955 92538 | 2025/10/22-19:02:26  270.9014    0.1152  299.5975  106.5894     7446.7959     7444.6043     7448.9875  61.797859  64.050802  -0.000084   0.000282
1 62255U 24232U   25296.90432516  .00000179  00000-0  25896-3 0  9997 | 2 62255  89.0029  45.9138 0002872  58.7378 301.4054 13.50979394 92689 | 2025/10/23-21:42:13  312.0573    0.1151  301.3773  106.5893     7446.7943     7444.6556     7448.9330  61.922861  63.930239  -0.000073   0.000278
1 62255U 24232U   25297.94122634  .00000197  00000-0  28709-3 0  9995 | 2 62255  89.0030  45.8093 0002794  56.9837 303.1583 13.50979798 92823 | 2025/10/24-22:35:21  326.4694    0.1152  303.1315  106.5893     7446.7928     7444.7122     7448.8735  62.039428  63.817266  -0.000062   0.000272
1 62255U 24232U   25299.20032028  .00000208  00000-0  30372-3 0  9995 | 2 62255  89.0031  45.6826 0002710  55.1785 304.9621 13.50980308 92996 | 2025/10/26-04:48:27   61.1123    0.1151  304.9366  106.5893     7446.7909     7444.7729     7448.8090  62.180467  63.679991  -0.000051   0.000266
1 62255U 24232U   25300.31128516  .00000201  00000-0  29335-3 0  9998 | 2 62255  89.0031  45.5707 0002627  53.4668 306.6724 13.50980705 93143 | 2025/10/27-07:28:15  102.2680    0.1151  306.6483  106.5892     7446.7895     7444.8332     7448.7458  62.304717  63.558430  -0.000041   0.000259
1 62255U 24232U   25301.57037821  .00000217  00000-0  31736-3 0  9990 | 2 62255  89.0032  45.4438 0002524  51.4066 308.7310 13.50981191 93313 | 2025/10/28-13:41:20  196.9110    0.1150  308.7084  106.5892     7446.7877     7444.9081     7448.6673  62.445405  63.420352  -0.000030   0.000251
1 62255U 24232U   25303.79230606  .00000192  00000-0  27848-3 0  9993 | 2 62255  89.0034  45.2202 0002345  48.2038 311.9313 13.50981965 93617 | 2025/10/30-19:00:55  279.2212    0.1151  311.9113  106.5891     7446.7849     7445.0386     7448.5311  62.692571  63.176315  -0.000014   0.000234
1 62255U 24232U   25304.82920523  .00000190  00000-0  27654-3 0  9995 | 2 62255  89.0035  45.1158 0002260  46.6084 313.5255 13.50982336 93757 | 2025/10/31-19:54:03  293.6325    0.1151  313.5067  106.5891     7446.7835     7445.1005     7448.4665  62.807653  63.062047  -0.000007   0.000226
1 62255U 24232U   25306.31048946  .00000169  00000-0  24314-3 0  9997 | 2 62255  89.0037  44.9667 0002141  44.2700 315.8622 13.50982748 93950 | 2025/11/02-07:27:06  108.5057    0.1151  315.8451  106.5891     7446.7820     7445.1876     7448.3763  62.971687  62.898532   0.000003   0.000214
1 62255U 24232U   25307.71770883  .00000169  00000-0  24380-3 0  9997 | 2 62255  89.0038  44.8250 0002022  42.0438 318.0868 13.50983264 94143 | 2025/11/03-17:13:30  256.6350    0.1151  318.0713  106.5890     7446.7801     7445.2743     7448.2858  63.127121  62.742673   0.000011   0.000202
1 62255U 24232U   25308.82867125  .00000158  00000-0  22601-3 0  9998 | 2 62255  89.0038  44.7132 0001926  40.2328 319.8965 13.50983595 94291 | 2025/11/04-19:53:17  297.7895    0.1151  319.8823  106.5890     7446.7789     7445.3446     7448.2131  63.249429  62.619375   0.000017   0.000192
1 62255U 24232U   25309.93963322  .00000203  00000-0  29652-3 0  9991 | 2 62255  89.0039  44.6013 0001831  38.0982 322.0299 13.50984171 94449 | 2025/11/05-22:33:04  338.9440    0.1152  322.0170  106.5890     7446.7768     7445.4132     7448.1403  63.371677  62.495798   0.000023   0.000182
1 62255U 24232U   25311.12465911  .00000185  00000-0  26838-3 0  9998 | 2 62255  89.0038  44.4820 0001723  36.0569 324.0698 13.50984492 94600 | 2025/11/07-02:59:30   46.8420    0.1151  324.0582  106.5889     7446.7756     7445.4925     7448.0587  63.501596  62.363641   0.000028   0.000170
1 62255U 24232U   25312.45781846  .00000164  00000-0  23524-3 0  9999 | 2 62255  89.0041  44.3481 0001607  33.1167 327.0084 13.50971555 94786 | 2025/11/08-10:59:15  168.2289    0.1151  326.9984  106.5900     7446.8231     7445.6264     7448.0198  63.647380  62.215278   0.000035   0.000157
1 62255U 24232U   25314.90195579  .00000241  00000-0  35522-3 0  9990 | 2 62255  89.0039  44.1019 0001375  28.5704 331.5522 13.50972905 95110 | 2025/11/10-21:38:48  330.7761    0.1151  331.5447  106.5899     7446.8182     7445.7942     7447.8421  63.913987  61.941072   0.000041   0.000131
1 62255U 24232U   25316.30918528  .00000281  00000-0  41692-3 0  9992 | 2 62255  89.0039  43.9602 0001240  25.5279 334.5933 13.50973874 95306 | 2025/11/12-07:25:13  118.9088    0.1151  334.5872  106.5898     7446.8146     7445.8912     7447.7380  64.066980  61.782815   0.000043   0.000116
1 62255U 24232U   25317.56828465  .00000289  00000-0  42898-3 0  9998 | 2 62255  89.0040  43.8335 0001118  23.3410 336.7792 13.50974568 95473 | 2025/11/13-13:38:19  213.5533    0.1151  336.7741  106.5897     7446.8120     7445.9795     7447.6446  64.203518  61.641060   0.000043   0.000103
1 62255U 24232U   25318.75331898  .00000234  00000-0  34480-3 0  9997 | 2 62255  89.0041  43.7142 0001005  21.4887 338.6306 13.50974929 95632 | 2025/11/14-18:04:46  281.4539    0.1151  338.6264  106.5897     7446.8107     7446.0623     7447.5591  64.331798  61.507313   0.000042   0.000091
1 62255U 24232U   25319.79022361  .00000210  00000-0  30688-3 0  9994 | 2 62255  89.0041  43.6099 0000908  18.8584 341.2601 13.50975364 95774 | 2025/11/15-18:57:55  295.8667    0.1152  341.2568  106.5897     7446.8091     7446.1329     7447.4853  64.443658  61.390103   0.000042   0.000081
1 62255U 24232U   25321.27151863  .00000000  00000-0 -18262-4 0  9993 | 2 62255  89.0041  43.4607 0000770  14.4083 345.7090 13.50971351 95975 | 2025/11/17-06:30:59  110.7434    0.1151  345.7068  106.5900     7446.8239     7446.2505     7447.3973  64.603301  61.222082   0.000041   0.000065
1 62255U 24232U   25322.45655566 -.00000014  00000-0 -39841-4 0  9995 | 2 62255  89.0041  43.3415 0000668  10.5619 349.5546 13.50971579 96138 | 2025/11/18-10:57:26  178.6447    0.1151  349.5532  106.5900     7446.8230     7446.3256     7447.3205  64.730530  61.087546   0.000039   0.000054
1 62255U 24232U   25323.56752775  .00000007  00000-0 -81501-5 0  9990 | 2 62255  89.0041  43.2297 0000563   6.7897 353.3261 13.50971706 96289 | 2025/11/19-13:37:14  219.8022    0.1151  353.3254  106.5899     7446.8226     7446.4033     7447.2418  64.849605  60.961123   0.000036   0.000043
1 62255U 24232U   25324.67849925  .00000171  00000-0  24618-3 0  9992 | 2 62255  89.0039  43.1180 0000451   1.1260 358.9892 13.50972470 96432 | 2025/11/20-16:17:02  260.9593    0.1151  358.9891  106.5899     7446.8198     7446.4839     7447.1556  64.968182  60.834444   0.000032   0.000031
1 62255U 24232U   25325.78947060  .00000186  00000-0  27010-3 0  9999 | 2 62255  89.0038  43.0061 0000351 353.5482   6.5665 13.50972896 96589 | 2025/11/21-18:56:50  302.1164    0.1152    6.5670  106.5899     7446.8182     7446.5568     7447.0796  65.086796  60.707375   0.000028   0.000021
1 62255U 24232U   25327.12263594  .00000169  00000-0  24290-3 0  9990 | 2 62255  89.0037  42.8719 0000239 338.9510  21.1632 13.50973288 96762 | 2025/11/23-02:56:35   63.5046    0.1152   21.1642  106.5898     7446.8167     7446.6388     7446.9947  65.228735  60.554693   0.000022   0.000009
1 62255U 24232U   25328.23360666  .00000178  00000-0  25720-3 0  9990 | 2 62255  89.0036  42.7600 0000166 314.0155  46.0983 13.50973719 96919 | 2025/11/24-05:36:23  104.6614    0.1152   46.0997  106.5898     7446.8152     7446.6915     7446.9388  65.346801  60.427116   0.000017  -0.000001
1 62255U 24232U   25329.27051230  .00000186  00000-0  26948-3 0  9991 | 2 62255  89.0035  42.6556 0000146 273.8028  86.3106 13.50974150 97056 | 2025/11/25-06:29:32  119.0743    0.1151   86.3123  106.5898     7446.8136     7446.7049     7446.9223  65.456725  60.307878   0.000011  -0.000010
1 62255U 24232U   25330.30741775  .00000177  00000-0  25579-3 0  9996 | 2 62255  89.0035  42.5512 0000194 240.7847 119.3285 13.50974460 97196 | 2025/11/26-07:22:40  133.4869    0.1151  119.3304  106.5897     7446.8124     7446.6680     7446.9569  65.566505  60.188508   0.000004  -0.000019
1 62255U 24232U   25331.93684001  .00000170  00000-0  24430-3 0  9992 | 2 62255  89.0034  42.3871 0000319 216.5512 143.5617 13.50974994 97415 | 2025/11/27-22:29:02    1.8493    0.1151  143.5639  106.5897     7446.8105     7446.5729     7447.0480  65.738547  60.000406  -0.000006  -0.000031
1 62255U 24232U   25333.19593861  .00000136  00000-0  19291-3 0  9996 | 2 62255  89.0034  42.2603 0000427 207.8122 152.3006 13.50975328 97587 | 2025/11/29-04:42:09   96.4927    0.1151  152.3029  106.5897     7446.8092     7446.4913     7447.1272  65.871171  59.854774  -0.000015  -0.000040
1 62255U 24232U   25334.45503698  .00000138  00000-0  19469-3 0  9994 | 2 62255  89.0033  42.1334 0000541 201.8343 158.2785 13.50975680 97751 | 2025/11/30-10:55:15  191.1361    0.1151  158.2808  106.5896     7446.8080     7446.4051     7447.2108  66.003503  59.708668  -0.000024  -0.000049
1 62255U 24232U   25335.49194130  .00000141  00000-0  19955-3 0  9990 | 2 62255  89.0032  42.0289 0000636 198.0007 162.1121 13.50975986 97899 | 2025/12/01-11:48:23  205.5481    0.1150  162.1143  106.5896     7446.8068     7446.3332     7447.2804  66.112220  59.588120  -0.000032  -0.000055
1 62255U 24232U   25336.60291001  .00000158  00000-0  22573-3 0  9997 | 2 62255  89.0031  41.9170 0000748 194.3035 165.8095 13.50976372 98047 | 2025/12/02-14:28:11  246.7036    0.1151  165.8116  106.5896     7446.8054     7446.2484     7447.3624  66.228396  59.458821  -0.000042  -0.000062
1 62255U 24232U   25337.78794303  .00000160  00000-0  23015-3 0  9995 | 2 62255  89.0029  41.7975 0000856 191.3677 168.7455 13.50976702 98201 | 2025/12/03-18:54:38  314.6028    0.1151  168.7474  106.5896     7446.8042     7446.1668     7447.4416  66.352114  59.320428  -0.000051  -0.000069
1 62255U 24232U   25338.89891116  .00000183  00000-0  26503-3 0  9998 | 2 62255  89.0028  41.6855 0000960 188.4815 171.6320 13.50977140 98350 | 2025/12/04-21:34:25  355.7581    0.1151  171.6336  106.5895     7446.8026     7446.0877     7447.5175  66.467870  59.190545  -0.000061  -0.000074
1 62255U 24232U   25339.93581448  .00000188  00000-0  27262-3 0  9996 | 2 62255  89.0027  41.5809 0001056 185.8927 174.2212 13.50977471 98490 | 2025/12/05-22:27:34   10.1695    0.1151  174.2224  106.5895     7446.8014     7446.0150     7447.5878  66.575744  59.069035  -0.000071  -0.000078
1 62255U 24232U   25341.26897553  .00000197  00000-0  28609-3 0  9998 | 2 62255  89.0026  41.4465 0001184 183.0197 177.0947 13.50977921 98673 | 2025/12/07-06:27:19  131.5554    0.1151  177.0954  106.5895     7446.7997     7445.9180     7447.6814  66.714045  58.912638  -0.000084  -0.000083
1 62255U 24232U   25342.60213616  .00000181  00000-0  26145-3 0  9995 | 2 62255  89.0025  41.3121 0001302 180.4712 179.6439 13.50978323 98857 | 2025/12/08-14:27:04  252.9409    0.1152  179.6440  106.5894     7446.7982     7445.8287     7447.7678  66.851979  58.755918  -0.000097  -0.000087
1 62255U 24232U   25343.63903857  .00000162  00000-0  23299-3 0  9998 | 2 62255  89.0024  41.2076 0001392 178.5378 181.5778 13.50978599 98997 | 2025/12/09-15:20:12  267.3518    0.1152  181.5774  106.5894     7446.7972     7445.7606     7447.8338  66.958956  58.633825  -0.000107  -0.000089
1 62255U 24232U   25344.75000521  .00000148  00000-0  21012-3 0  9993 | 2 62255  89.0023  41.0956 0001486 176.2642 183.8520 13.50978872 99146 | 2025/12/10-18:00:00  308.5062    0.1151  183.8509  106.5894     7446.7962     7445.6896     7447.9028  67.073368  58.502758  -0.000118  -0.000090
1 62255U 24232U   25345.93503601  .00000134  00000-0  18866-3 0  9999 | 2 62255  89.0022  40.9760 0001595 174.0606 186.0565 13.50979176 99303 | 2025/12/11-22:26:27   16.4040    0.1152  186.0546  106.5894     7446.7951     7445.6073     7447.9829  67.195266  58.362555  -0.000131  -0.000092
1 62255U 24232U   25346.97193778  .00000126  00000-0  17596-3 0  9994 | 2 62255  89.0022  40.8715 0001686 172.0938 188.0240 13.50979422 99440 | 2025/12/12-23:19:35   30.8145    0.1151  188.0213  106.5893     7446.7942     7445.5387     7448.0497  67.301600  58.239903  -0.000141  -0.000092
1 62255U 24232U   25348.30509700  .00000101  00000-0  13791-3 0  9995 | 2 62255  89.0021  40.7369 0001801 169.7660 190.3528 13.50979641 99625 | 2025/12/14-07:19:20  152.1994    0.1151  190.3491  106.5893     7446.7934     7445.4522     7448.1346  67.438156  58.081571  -0.000155  -0.000091
1 62255U 24232U   25349.34199854  .00000088  00000-0  11823-3 0  9993 | 2 62255  89.0020  40.6323 0001882 167.9656 192.1540 13.50979770 99769 | 2025/12/15-08:12:28  166.6098    0.1151  192.1495  106.5893     7446.7929     7445.3914     7448.1944  67.544002  57.958293  -0.000165  -0.000090
1 62255U 24232U   25350.89735056  .00000088  00000-0  11809-3 0  9999 | 2 62255  89.0018  40.4753 0002013 165.1530 194.9681 13.50980051 99972 | 2025/12/16-21:32:11    8.2251    0.1151  194.9621  106.5893     7446.7919     7445.2929     7448.2909  67.702412  57.772864  -0.000181  -0.000087
1 62255U 24232U   25352.23050924  .00000095  00000-0  12804-3 0  9997 | 2 62255  89.0016  40.3408 0002115 162.9698 197.1524 13.50980297100155 | 2025/12/18-05:31:55  129.6096    0.1151  197.1453  106.5893     7446.7910     7445.2160     7448.3660  67.837692  57.613647  -0.000194  -0.000084
1 62255U 24232U   25353.26741033  .00000094  00000-0  12754-3 0  9992 | 2 62255  89.0014  40.2362 0002200 161.1818 198.9415 13.50980448100292 | 2025/12/19-06:25:04  144.0195    0.1151  198.9333  106.5893     7446.7904     7445.1521     7448.4287  67.942607  57.489576  -0.000205  -0.000080
1 62255U 24232U   25354.45244001  .00000100  00000-0  13687-3 0  9991 | 2 62255  89.0013  40.1165 0002296 159.0911 201.0334 13.50980639100452 | 2025/12/20-10:51:30  211.9167    0.1151  201.0240  106.5892     7446.7897     7445.0799     7448.4995  68.062487  57.347443  -0.000217  -0.000076
1 62255U 24232U   25355.48934080  .00000105  00000-0  14412-3 0  9990 | 2 62255  89.0011  40.0118 0002372 157.3326 202.7931 13.50980847100590 | 2025/12/21-11:44:39  226.3265    0.1152  202.7826  106.5892     7446.7890     7445.0226     7448.5553  68.167015  57.222844  -0.000226  -0.000071
1 62255U 24232U   25356.52624146  .00000101  00000-0  13729-3 0  9991 | 2 62255  89.0010  39.9071 0002448 155.5534 204.5734 13.50981014100733 | 2025/12/22-12:37:47  240.7364    0.1151  204.5617  106.5892     7446.7884     7444.9654     7448.6113  68.271391  57.098119  -0.000236  -0.000065
1 62255U 24232U   25357.78533490  .00000088  00000-0  11756-3 0  9993 | 2 62255  89.0009  39.7799 0002535 153.4113 206.7169 13.50981187100909 | 2025/12/23-18:50:52  335.3769    0.1151  206.7038  106.5892     7446.7877     7444.9000     7448.6755  68.397907  56.946348  -0.000247  -0.000058
1 62255U 24232U   25358.82223521  .00000083  00000-0  10965-3 0  9996 | 2 62255  89.0008  39.6752 0002614 151.7432 208.3862 13.50981352101047 | 2025/12/24-19:44:01  349.7865    0.1152  208.3720  106.5892     7446.7871     7444.8405     7448.7337  68.501777  56.821202  -0.000256  -0.000052
1 62255U 24232U   25359.93319971  .00000076  00000-0  98747-4 0  9991 | 2 62255  89.0008  39.5629 0002686 149.8815 210.2491 13.50981518101191 | 2025/12/25-22:23:48   30.9398    0.1151  210.2336  106.5892     7446.7865     7444.7863     7448.7867  68.613015  56.686829  -0.000265  -0.000044
1 62255U 24232U   25361.11822839  .00000068  00000-0  87158-4 0  9991 | 2 62255  89.0007  39.4431 0002768 147.8847 212.2473 13.50981706101353 | 2025/12/27-02:50:14   98.8366    0.1151  212.2304  106.5892     7446.7858     7444.7245     7448.8471  68.731315  56.543178  -0.000275  -0.000035
1 62255U 24232U   25362.15512838  .00000077  00000-0  10133-3 0  9999 | 2 62255  89.0006  39.3383 0002833 146.1432 213.9901 13.50981901101498 | 2025/12/28-03:43:23  113.2461    0.1152  213.9720  106.5891     7446.7851     7444.6754     7448.8948  68.834546  56.417304  -0.000282  -0.000027
1 62255U 24232U   25363.19202829  .00000082  00000-0  10787-3 0  9991 | 2 62255  89.0005  39.2335 0002901 144.4448 215.6897 13.50982054101636 | 2025/12/29-04:36:31  127.6557    0.1151  215.6703  106.5891     7446.7845     7444.6242     7448.9448  68.937546  56.291240  -0.000290  -0.000019
1 62255U 24232U   25364.22892808  .00000098  00000-0  13264-3 0  9998 | 2 62255  89.0004  39.1287 0002972 142.7605 217.3753 13.50982266101774 | 2025/12/30-05:29:39  142.0651    0.1151  217.3546  106.5891     7446.7838     7444.5706     7448.9969  69.040316  56.164989  -0.000297  -0.000010
1 62255U 24232U   25365.26582773  .00000112  00000-0  15515-3 0  9998 | 2 62255  89.0003  39.0238 0003029 141.0926 219.0444 13.50982472101911 | 2025/12/31-06:22:47  156.4747    0.1151  219.0225  106.5891     7446.7830     7444.5274     7449.0386  69.142952  56.038430  -0.000303  -0.000001
1 62255U 24232U   26001.59898420  .00000129  00000-0  18166-3 0  9994 | 2 62255  89.0002  38.8890 0003104 138.9364 221.2021 13.50982747102097 | 2026/01/01-14:22:32  277.8584    0.1151  221.1787  106.5891     7446.7820     7444.4705     7449.0935  69.274524  55.875539  -0.000310   0.000012
1 62255U 24232U   26002.63588349  .00000109  00000-0  15022-3 0  9992 | 2 62255  89.0001  38.7841 0003167 137.2855 222.8543 13.50982873102239 | 2026/01/02-15:15:40  292.2677    0.1151  222.8296  106.5891     7446.7815     7444.4231     7449.1399  69.376630  55.748551  -0.000316   0.000022
1 62255U 24232U   26003.89497525  .00000112  00000-0  15418-3 0  9999 | 2 62255  89.0000  38.6568 0003239 135.2324 224.9089 13.50983089102409 | 2026/01/03-21:28:45   26.9076    0.1151  224.8827  106.5890     7446.7807     7444.3687     7449.1927  69.500243  55.594210  -0.000322   0.000034
1 62255U 24232U   26004.93187416  .00000093  00000-0  12570-3 0  9994 | 2 62255  88.9999  38.5520 0003296 133.5517 226.5908 13.50983223102542 | 2026/01/04-22:21:53   41.3168    0.1151  226.5634  106.5890     7446.7802     7444.3258     7449.2347  69.601736  55.466932  -0.000326   0.000045
1 62255U 24232U   26006.11690134  .00000081  00000-0  10612-3 0  9994 | 2 62255  88.9998  38.4322 0003352 131.5288 228.6152 13.50983393102706 | 2026/01/06-02:48:20  109.2129    0.1152  228.5864  106.5890     7446.7796     7444.2835     7449.2758  69.717482  55.321218  -0.000330   0.000058
1 62255U 24232U   26007.15379999  .00000061  00000-0  75302-4 0  9998 | 2 62255  88.9998  38.3273 0003401 129.8147 230.3304 13.50983490102841 | 2026/01/07-03:41:28  123.6222    0.1151  230.3004  106.5890     7446.7793     7444.2466     7449.3119  69.818650  55.193483  -0.000333   0.000070
1 62255U 24232U   26008.33882701  .00000041  00000-0  45604-4 0  9999 | 2 62255  88.9998  38.2074 0003456 127.8338 232.3126 13.50983561103001 | 2026/01/08-08:07:54  191.5186    0.1151  232.2813  106.5890     7446.7790     7444.2054     7449.3526  69.933997  55.047256  -0.000335   0.000083
1 62255U 24232U   26009.59791808  .00000030  00000-0  27131-4 0  9998 | 2 62255  88.9998  38.0800 0003519 125.8822 234.2656 13.50983647103174 | 2026/01/09-14:21:00  286.1584    0.1151  234.2329  106.5890     7446.7787     7444.1582     7449.3992  70.056225  54.891619  -0.000338   0.000097
1 62255U 24232U   26010.93107340  .00000033  00000-0  32298-4 0  9993 | 2 62255  88.9997  37.9452 0003586 123.7984 236.3509 13.50983705103359 | 2026/01/10-22:20:44   47.5416    0.1151  236.3167  106.5890     7446.7785     7444.1080     7449.4489  70.185095  54.726584  -0.000341   0.000112
1 62255U 24232U   26011.96797192  .00000038  00000-0  40494-4 0  9999 | 2 62255  88.9997  37.8402 0003631 122.1109 238.0395 13.50983758103491 | 2026/01/11-23:13:52   61.9510    0.1151  238.0042  106.5890     7446.7783     7444.0743     7449.4822  70.285269  54.597871  -0.000341   0.000124
1 62255U 24232U   26013.15299880  .00000040  00000-0  44064-4 0  9993 | 2 62255  88.9996  37.7203 0003679 120.1305 240.0211 13.50983794103654 | 2026/01/13-03:40:19  129.8474    0.1151  239.9846  106.5890     7446.7781     7444.0385     7449.5178  70.399290  54.450608  -0.000341   0.000139
1 62255U 24232U   26014.56021811  .00000052  00000-0  61803-4 0  9999 | 2 62255  88.9995  37.5780 0003739 117.9195 242.2336 13.50983901103842 | 2026/01/14-13:26:42  277.9742    0.1152  242.1957  106.5890     7446.7777     7443.9934     7449.5621  70.534228  54.275535  -0.000340   0.000155
1 62255U 24232U   26015.59711646  .00000048  00000-0  56183-4 0  9995 | 2 62255  88.9994  37.4730 0003777 116.1846 243.9694 13.50983956103981 | 2026/01/15-14:19:50  292.3837    0.1151  243.9305  106.5890     7446.7775     7443.9649     7449.5902  70.633495  54.146123  -0.000338   0.000168
1 62255U 24232U   26016.93027140  .00000061  00000-0  76530-4 0  9996 | 2 62255  88.9994  37.3381 0003817 113.8319 246.3233 13.50984059104168 | 2026/01/16-22:19:35   53.7672    0.1151  246.2832  106.5890     7446.7772     7443.9347     7449.6196  70.760783  53.979670  -0.000334   0.000184
1 62255U 24232U   26018.55968268  .00000052  00000-0  61726-4 0  9992 | 2 62255  88.9993  37.1732 0003868 111.3020 248.8545 13.50984200104388 | 2026/01/18-13:25:56  282.1249    0.1152  248.8132  106.5890     7446.7766     7443.8962     7449.6571  70.915766  53.775733  -0.000330   0.000202
1 62255U 24232U   26019.59658068  .00000042  00000-0  46129-4 0  9990 | 2 62255  88.9994  37.0683 0003900 109.6981 250.4591 13.50984259104526 | 2026/01/19-14:19:04  296.5344    0.1151  250.4170  106.5890     7446.7764     7443.8722     7449.6807  71.014183  53.645867  -0.000326   0.000214
1 62255U 24232U   26021.00379911  .00000066  00000-0  83204-4 0  9997 | 2 62255  88.9994  36.9259 0003936 107.3486 252.8096 13.50984537104713 | 2026/01/21-00:05:28   84.6614    0.1151  252.7665  106.5889     7446.7754     7443.8444     7449.7065  71.147292  53.469207  -0.000320   0.000230
1 62255U 24232U   26022.26288923  .00000043  00000-0  47657-4 0  9995 | 2 62255  88.9995  36.7985 0003966 105.3598 254.7991 13.50984575104888 | 2026/01/22-06:18:33  179.3016    0.1150  254.7552  106.5889     7446.7753     7443.8219     7449.7287  71.266087  53.310935  -0.000313   0.000243
1 62255U 24232U   26023.59604347  .00000034  00000-0  34103-4 0  9996 | 2 62255  88.9996  36.6636 0003996 103.0427 257.1171 13.50984636105066 | 2026/01/23-14:18:18  300.6851    0.1152  257.0725  106.5889     7446.7750     7443.7993     7449.7508  71.391488  53.143055  -0.000305   0.000258
1 62255U 24232U   26024.92919753  .00000051  00000-0  60041-4 0  9993 | 2 62255  88.9996  36.5287 0004019 100.9465 259.2139 13.50984794105244 | 2026/01/24-22:18:02   62.0689    0.1152  259.1687  106.5889     7446.7745     7443.7816     7449.7673  71.516412  52.974820  -0.000296   0.000272
1 62255U 24232U   26025.96609510  .00000059  00000-0  72667-4 0  9990 | 2 62255  88.9996  36.4238 0004030  99.4259 260.7348 13.50984895105381 | 2026/01/25-23:11:10   76.4787    0.1151  260.6892  106.5889     7446.7741     7443.7730     7449.7751  71.613281  52.843795  -0.000289   0.000281
1 62255U 24232U   26027.22518496  .00000055  00000-0  66016-4 0  9990 | 2 62255  88.9997  36.2964 0004047  97.3316 262.8296 13.50984932105551 | 2026/01/27-05:24:15  171.1189    0.1152  262.7836  106.5889     7446.7740     7443.7602     7449.7877  71.730686  52.684488  -0.000279   0.000293
1 62255U 24232U   26028.92865924  .00000070  00000-0  90019-4 0  9996 | 2 62255  88.9997  36.1240 0004070  94.6920 265.4696 13.50985097105785 | 2026/01/28-22:17:16   66.2207    0.1151  265.4231  106.5889     7446.7733     7443.7425     7449.8042  71.888886  52.468416  -0.000266   0.000308
1 62255U 24232U   26030.11368467  .00000081  00000-0  10693-3 0  9991 | 2 62255  88.9998  36.0041 0004086  92.7074 267.4544 13.50985232105943 | 2026/01/30-02:43:42  134.1176    0.1150  267.4076  106.5889     7446.7729     7443.7301     7449.8156  71.998607  52.317922  -0.000256   0.000319
1 62255U 24232U   26031.15058176  .00000056  00000-0  67973-4 0  9995 | 2 62255  88.9999  35.8993 0004097  90.9929 269.1692 13.50985272106081 | 2026/01/31-03:36:50  148.5270    0.1152  269.1223  106.5889     7446.7727     7443.7218     7449.8236  72.094263  52.186200  -0.000246   0.000328
1 62255U 24232U   26032.48373502  .00000043  00000-0  48292-4 0  9994 | 2 62255  89.0000  35.7645 0004097  89.0110 271.1510 13.50985375106266 | 2026/02/01-11:36:34  269.9111    0.1151  271.1041  106.5889     7446.7723     7443.7214     7449.8233  72.216923  52.016498  -0.000234   0.000337
1 62255U 24232U   26033.59469589  .00000034  00000-0  33647-4 0  9996 | 2 62255  89.0001  35.6522 0004090  87.3622 272.7997 13.50985479106410 | 2026/02/02-14:16:21  311.0645    0.1151  272.7529  106.5889     7446.7719     7443.7262     7449.8177  72.318818  51.874911  -0.000223   0.000343
1 62255U 24232U   26035.15004109  .00000022  00000-0  15022-4 0  9997 | 2 62255  89.0003  35.4949 0004078  84.8578 275.3039 13.50985559106629 | 2026/02/04-03:36:03  152.6793    0.1152  275.2574  106.5889     7446.7717     7443.7349     7449.8084  72.461125  51.676288  -0.000206   0.000352
1 62255U 24232U   26036.18693788  .00000028  00000-0  24195-4 0  9995 | 2 62255  89.0005  35.3901 0004077  83.1811 276.9804 13.50985623106763 | 2026/02/05-04:29:11  167.0891    0.1151  276.9340  106.5888     7446.7714     7443.7354     7449.8075  72.555689  51.543778  -0.000195   0.000358
1 62255U 24232U   26037.22383467  .00000030  00000-0  27769-4 0  9994 | 2 62255  89.0007  35.2852 0004083  81.4658 278.6956 13.50985674106905 | 2026/02/06-05:22:19  181.4990    0.1151  278.6493  106.5888     7446.7712     7443.7307     7449.8117  72.650099  51.410969  -0.000184   0.000365
1 62255U 24232U   26038.26073143  .00000035  00000-0  36347-4 0  9993 | 2 62255  89.0008  35.1805 0004076  79.7007 280.4603 13.50985726107047 | 2026/02/07-06:15:27  195.9089    0.1151  280.4144  106.5888     7446.7710     7443.7357     7449.8063  72.744006  51.278183  -0.000171   0.000370
1 62255U 24232U   26039.44575618  .00000040  00000-0  43496-4 0  9997 | 2 62255  89.0010  35.0607 0004058  77.9102 282.2504 13.50985804107200 | 2026/02/08-10:41:53  263.8060    0.1152  282.2050  106.5888     7446.7708     7443.7489     7449.7927  72.851228  51.126085  -0.000158   0.000374
1 62255U 24232U   26040.48264328  .00000076  00000-0  99093-4 0  9999 | 2 62255  89.0011  34.9560 0004067  77.5130 282.6476 13.50999782107341 | 2026/02/09-11:35:00  278.2121    0.1151  282.6021  106.5877     7446.7194     7443.6908     7449.7480  72.944614  50.992931  -0.000155   0.000376
1 62255U 24232U   26041.51952849  .00000090  00000-0  12024-3 0  9990 | 2 62255  89.0012  34.8513 0004029  74.6786 285.4810 13.51000655107483 | 2026/02/10-12:28:07  292.6185    0.1151  285.4365  106.5877     7446.7162     7443.7159     7449.7165  73.037757  50.859607  -0.000135   0.000380
1 62255U 24232U   26042.55641370  .00000075  00000-0  98112-4 0  9995 | 2 62255  89.0013  34.7466 0004017  72.9852 287.1739 13.51000737107628 | 2026/02/11-13:21:14  307.0244    0.1151  287.1299  106.5877     7446.7159     7443.7245     7449.7072  73.130656  50.726113  -0.000122   0.000383
1 62255U 24232U   26043.74142520  .00000069  00000-0  87680-4 0  9991 | 2 62255  89.0014  34.6269 0003987  71.0885 289.0698 13.51000834107780 | 2026/02/12-17:47:39   14.9170    0.1151  289.0266  106.5876     7446.7155     7443.7465     7449.6845  73.236553  50.573278  -0.000108   0.000384
1 62255U 24232U   26044.92643661  .00000055  00000-0  66029-4 0  9993 | 2 62255  89.0016  34.5072 0003962  69.2343 290.9233 13.51000912107945 | 2026/02/13-22:14:04   82.8095    0.1152  290.8809  106.5876     7446.7152     7443.7648     7449.6656  73.342214  50.420278  -0.000094   0.000385
1 62255U 24232U   26046.18551107  .00000045  00000-0  51662-4 0  9992 | 2 62255  89.0018  34.3802 0003940  67.2575 292.8992 13.51000997108113 | 2026/02/15-04:27:08  177.4452    0.1151  292.8576  106.5876     7446.7149     7443.7809     7449.6489  73.453959  50.257699  -0.000079   0.000386
1 62255U 24232U   26047.22239583  .00000041  00000-0  45143-4 0  9992 | 2 62255  89.0020  34.2756 0003900  65.7164 294.4394 13.51001068108255 | 2026/02/16-05:20:14  191.8512    0.1151  294.3987  106.5876     7446.7147     7443.8104     7449.6189  73.545753  50.123630  -0.000068   0.000384
1 62255U 24232U   26048.25928050  .00000025  00000-0  19976-4 0  9997 | 2 62255  89.0022  34.1709 0003868  64.0909 296.0641 13.51001124108397 | 2026/02/17-06:13:21  206.2572    0.1152  296.0243  106.5876     7446.7145     7443.8341     7449.5948  73.637389  49.989264  -0.000056   0.000383
1 62255U 24232U   26049.59241797  .00000024  00000-0  18757-4 0  9996 | 2 62255  89.0024  34.0364 0003829  62.0417 298.1121 13.51001190108573 | 2026/02/18-14:13:04  327.6364    0.1151  298.0734  106.5876     7446.7142     7443.8629     7449.5656  73.754700  49.816377  -0.000041   0.000381
1 62255U 24232U   26050.77742902  .00000025  00000-0  19682-4 0  9991 | 2 62255  89.0027  33.9169 0003790  60.1752 299.9776 13.51001235108738 | 2026/02/19-18:39:29   35.5289    0.1152  299.9400  106.5876     7446.7140     7443.8917     7449.5364  73.858689  49.662608  -0.000027   0.000378
1 62255U 24232U   26051.81431367  .00000046  00000-0  51890-4 0  9997 | 2 62255  89.0028  33.8124 0003753  58.5502 301.6016 13.51001337108878 | 2026/02/20-19:32:36   49.9349    0.1152  301.5650  106.5876     7446.7137     7443.9189     7449.5084  73.949227  49.527873  -0.000015   0.000375
1 62255U 24232U   26052.92526145  .00000051  00000-0  60445-4 0  9991 | 2 62255  89.0030  33.7004 0003711  56.8358 303.3149 13.51001417109024 | 2026/02/21-22:12:22   91.0842    0.1152  303.2794  106.5876     7446.7134     7443.9499     7449.4769  74.046068  49.383336  -0.000003   0.000371
1 62255U 24232U   26053.96214593  .00000071  00000-0  90822-4 0  9991 | 2 62255  89.0032  33.5959 0003664  55.2007 304.9489 13.51001566109168 | 2026/02/22-23:05:29  105.4902    0.1152  304.9145  106.5876     7446.7128     7443.9844     7449.4413  74.136180  49.248314   0.000008   0.000366
1 62255U 24232U   26055.22121988  .00000085  00000-0  11359-3 0  9999 | 2 62255  89.0035  33.4690 0003623  53.4488 306.6997 13.51001699109339 | 2026/02/24-05:18:33  200.1258    0.1152  306.6664  106.5876     7446.7123     7444.0144     7449.4103  74.245325  49.084160   0.000019   0.000362
1 62255U 24232U   26056.25810420  .00000079  00000-0  10364-3 0  9997 | 2 62255  89.0036  33.3645 0003577  51.8078 308.3394 13.51001773109472 | 2026/02/25-06:11:40  214.5320    0.1150  308.3072  106.5876     7446.7121     7444.0484     7449.3758  74.334808  48.948720   0.000030   0.000356
1 62255U 24232U   26057.29498833  .00000075  00000-0  98329-4 0  9996 | 2 62255  89.0038  33.2601 0003528  50.2078 309.9384 13.51001897109613 | 2026/02/26-07:04:46  228.9377    0.1152  309.9074  106.5876     7446.7116     7444.0844     7449.3388  74.424042  48.813301   0.000040   0.000351
1 62255U 24232U   26058.62812483  .00000088  00000-0  11716-3 0  9993 | 2 62255  89.0040  33.1258 0003461  48.1948 311.9498 13.51002132109792 | 2026/02/27-15:04:29  350.3167    0.1151  311.9203  106.5875     7446.7108     7444.1334     7449.2881  74.538422  48.638828   0.000052   0.000342
1 62255U 24232U   26059.81313492  .00000069  00000-0  88139-4 0  9994 | 2 62255  89.0042  33.0066 0003400  46.4187 313.7246 13.51002255109954 | 2026/02/28-19:30:54   58.2088    0.1151  313.6964  106.5875     7446.7103     7444.1784     7449.2422  74.639619  48.483760   0.000062   0.000334
1 62255U 24232U   26060.85001860  .00000059  00000-0  72091-4 0  9992 | 2 62255  89.0044  32.9022 0003345  44.8944 315.2477 13.51002391110098 | 2026/03/01-20:24:01   72.6146    0.1151  315.2207  106.5875     7446.7098     7444.2189     7449.2007  74.728006  48.347785   0.000071   0.000327
1 62255U 24232U   26061.96096530  .00000065  00000-0  82614-4 0  9992 | 2 62255  89.0047  32.7904 0003281  43.1775 316.9633 13.51002566110244 | 2026/03/02-23:03:47  113.7635    0.1151  316.9376  106.5875     7446.7092     7444.2659     7449.1524  74.822456  48.202041   0.000080   0.000318
1 62255U 24232U   26063.14597501  .00000070  00000-0  90555-4 0  9997 | 2 62255  89.0050  32.6712 0003205  41.4576 318.6817 13.51002729110402 | 2026/03/04-03:30:12  181.6557    0.1150  318.6574  106.5875     7446.7086     7444.3219     7449.0952  74.922827  48.046435   0.000088   0.000308
1 62255U 24232U   26064.18285843  .00000072  00000-0  93581-4 0  9999 | 2 62255  89.0052  32.5669 0003141  39.9730 320.1652 13.51002863110546 | 2026/03/05-04:23:18  196.0611    0.1151  320.1421  106.5875     7446.7081     7444.3691     7449.0471  75.010334  47.910076   0.000094   0.000300
1 62255U 24232U   26065.21974179  .00000088  00000-0  11820-3 0  9993 | 2 62255  89.0054  32.4626 0003072  38.5074 321.6295 13.51003033110683 | 2026/03/06-05:16:25  210.4667    0.1150  321.6076  106.5875     7446.7074     7444.4198     7448.9951  75.097593  47.773557   0.000100   0.000290
1 62255U 24232U   26066.25662493  .00000112  00000-0  15506-3 0  9994 | 2 62255  89.0057  32.3584 0002995  36.7270 323.4085 13.51003278110823 | 2026/03/07-06:09:32  224.8723    0.1150  323.3880  106.5875     7446.7065     7444.4763     7448.9368  75.184605  47.637063   0.000107   0.000280
1 62255U 24232U   26067.44163421  .00000105  00000-0  14400-3 0  9997 | 2 62255  89.0058  32.2393 0002923  35.1780 324.9564 13.51003418110982 | 2026/03/08-10:35:57  292.7638    0.1152  324.9372  106.5874     7446.7060     7444.5294     7448.8827  75.283550  47.480728   0.000112   0.000270
1 62255U 24232U   26068.47851718  .00000099  00000-0  13435-3 0  9993 | 2 62255  89.0060  32.1351 0002854  33.8473 326.2860 13.51003554111127 | 2026/03/09-11:29:03  307.1690    0.1151  326.2678  106.5874     7446.7055     7444.5802     7448.8308  75.369945  47.343843   0.000116   0.000261
1 62255U 24232U   26069.51539991  .00000117  00000-0  16221-3 0  9992 | 2 62255  89.0061  32.0310 0002782  32.0401 328.0918 13.51003789111263 | 2026/03/10-12:22:10  321.5743    0.1150  328.0749  106.5874     7446.7047     7444.6330     7448.7763  75.455923  47.206880   0.000122   0.000250
1 62255U 24232U   26070.84853466  .00000112  00000-0  15459-3 0  9993 | 2 62255  89.0063  31.8971 0002687  30.1706 329.9599 13.51004025111445 | 2026/03/11-20:21:53   82.9521    0.1151  329.9445  106.5874     7446.7038     7444.7029     7448.7047  75.566209  47.030516   0.000126   0.000237
1 62255U 24232U   26071.88541698  .00000097  00000-0  13178-3 0  9997 | 2 62255  89.0064  31.7930 0002609  28.6905 331.4389 13.51004226111580 | 2026/03/12-21:15:00   97.3569    0.1151  331.4246  106.5874     7446.7031     7444.7602     7448.6459  75.651619  46.893196   0.000129   0.000227
1 62255U 24232U   26072.92229916  .00000101  00000-0  13776-3 0  9999 | 2 62255  89.0066  31.6889 0002530  27.1628 332.9655 13.51004444111723 | 2026/03/13-22:08:06  111.7617    0.1151  332.9523  106.5874     7446.7023     7444.8182     7448.5863  75.736864  46.755773   0.000131   0.000217
1 62255U 24232U   26074.25543321  .00000090  00000-0  12024-3 0  9998 | 2 62255  89.0069  31.5551 0002431  25.5293 334.5978 13.51004670111908 | 2026/03/15-06:07:49  233.1389    0.1151  334.5858  106.5873     7446.7014     7444.8911     7448.5117  75.846099  46.578938   0.000132   0.000204
1 62255U 24232U   26075.88481905  .00000082  00000-0  10893-3 0  9990 | 2 62255  89.0072  31.3917 0002297  23.0077 337.1177 13.51004892112120 | 2026/03/16-21:14:08  101.4889    0.1152  337.1075  106.5873     7446.7006     7444.9901     7448.4111  75.978884  46.362603   0.000134   0.000187
1 62255U 24232U   26076.92170085  .00000079  00000-0  10432-3 0  9995 | 2 62255  89.0075  31.2877 0002206  21.6004 338.5240 13.51005034112261 | 2026/03/17-22:07:14  115.8934    0.1151  338.5147  106.5873     7446.7001     7445.0573     7448.3428  76.063169  46.224770   0.000133   0.000176
